Date,Region,Total_State_Infections,SW.2,XFG.1.1,XFG.6,RW.1.1,XFG.14.1,RK.1,RF.5.4,RV.1,LF.7.9,XFG,XFZ,NB.1.8.1,BA.3.2,XFG.2.5.1,LF.7,XFG.23.1.3,PQ.2.8.1,XFJ,PQ.17,XFV,Other,XFY,XFG.10.4,XFC,XEC,PQ.2.1.6,KP.3,JN.1.7,XFG.1,NW.1,KP.3.1.1,JN.1,XEC.4,LP.8.1,JN.1.16.1,PA.1,LF.7.7.2,LF.7.7.1,JN.1.16,XDV.1,MC.10.1,LF.7.2.1,HV.1,XEK,MC.28.1,LB.1.3.1,BA.2,XEQ,MC.1,LF.3.1,KS.1,KP.1.1.3,KP.1.1,MC.19,KP.2.3,KP.2,LP.1,LB.1,JN.1.13,JN.1.11.1,HF.1,JN.1.18.6,JN.1.18,CH.1.1,BA.4.6,JN.1.32,KP.4.1,KP.2.15,KW.1.1,XDP,KP.1.2,JN.1.13.1,EG.5,BA.2.12.1,B.1.1.529,KV.2,KQ.1,JN.1.8.1,JN.1.4.3,BQ.1.1,BA.2.86,BA.1.1,GE.1,XBB.1.16.11,HK.3,XBB.1.16.6,XBB.1.16,JG.3,JD.1.1,FL.1.5.1,XBB.2.3,XBB.1.9.1,XBB.1.5.70,XBB.1.5,XBB.1.16.15,XBB.1.16.1,XBB,JF.1,GK.1.1,XBB.1.42.2,GK.2,EG.6.1,EG.5.1.8,XBB.1.9.2,XBB.1.5.72,XBB.1.5.68,XBB.1.5.1,XBB.1.16.17,BQ.1,XBB.2.3.8,BA.2.75,XBB.1.5.59,XBB.1.5.10,FD.1.1,EU.1.1,BA.4,FE.1.1,FD.2,BF.7,BN.1,BA.5,BA.2.75.2,BF.11,BA.5.2.6,B.1.617.2,PQ.17.11
2020-03-07,NV,23,0,0,0,0,0,0,0,0,0,0,0,0,0,0,0,0,0,0,0,0,0,0,0,0,0,0,0,0,0,0,0,0,0,0,0,0,0,0,0,0,0,0,0,0,0,0,0,0,0,0,0,0,0,0,0,0,0,0,0,0,0,0,0,0,0,0,0,0,0,0,0,0,0,0,0,0,0,0,0,0,0,0,0,0,0,0,0,0,0,0,0,0,0,0,0,0,0,0,0,0,0,0,0,0,0,0,0,0,0,0,0,0,0,0,0,0,0,0,0,0,0,0,0,0,0,0
2020-03-08,NV,50,0,0,0,0,0,0,0,0,0,0,0,0,0,0,0,0,0,0,0,0,0,0,0,0,0,0,0,0,0,0,0,0,0,0,0,0,0,0,0,0,0,0,0,0,0,0,0,0,0,0,0,0,0,0,0,0,0,0,0,0,0,0,0,0,0,0,0,0,0,0,0,0,0,0,0,0,0,0,0,0,0,0,0,0,0,0,0,0,0,0,0,0,0,0,0,0,0,0,0,0,0,0,0,0,0,0,0,0,0,0,0,0,0,0,0,0,0,0,0,0,0,0,0,0,0,0
2020-03-09,NV,76,0,0,0,0,0,0,0,0,0,0,0,0,0,0,0,0,0,0,0,0,0,0,0,0,0,0,0,0,0,0,0,0,0,0,0,0,0,0,0,0,0,0,0,0,0,0,0,0,0,0,0,0,0,0,0,0,0,0,0,0,0,0,0,0,0,0,0,0,0,0,0,0,0,0,0,0,0,0,0,0,0,0,0,0,0,0,0,0,0,0,0,0,0,0,0,0,0,0,0,0,0,0,0,0,0,0,0,0,0,0,0,0,0,0,0,0,0,0,0,0,0,0,0,0,0,0
2020-03-10,NV,102,0,0,0,0,0,0,0,0,0,0,0,0,0,0,0,0,0,0,0,0,0,0,0,0,0,0,0,0,0,0,0,0,0,0,0,0,0,0,0,0,0,0,0,0,0,0,0,0,0,0,0,0,0,0,0,0,0,0,0,0,0,0,0,0,0,0,0,0,0,0,0,0,0,0,0,0,0,0,0,0,0,0,0,0,0,0,0,0,0,0,0,0,0,0,0,0,0,0,0,0,0,0,0,0,0,0,0,0,0,0,0,0,0,0,0,0,0,0,0,0,0,0,0,0,0,0
2020-03-11,NV,129,0,0,0,0,0,0,0,0,0,0,0,0,0,0,0,0,0,0,0,0,0,0,0,0,0,0,0,0,0,0,0,0,0,0,0,0,0,0,0,0,0,0,0,0,0,0,0,0,0,0,0,0,0,0,0,0,0,0,0,0,0,0,0,0,0,0,0,0,0,0,0,0,0,0,0,0,0,0,0,0,0,0,0,0,0,0,0,0,0,0,0,0,0,0,0,0,0,0,0,0,0,0,0,0,0,0,0,0,0,0,0,0,0,0,0,0,0,0,0,0,0,0,0,0,0,0
2020-03-12,NV,155,0,0,0,0,0,0,0,0,0,0,0,0,0,0,0,0,0,0,0,0,0,0,0,0,0,0,0,0,0,0,0,0,0,0,0,0,0,0,0,0,0,0,0,0,0,0,0,0,0,0,0,0,0,0,0,0,0,0,0,0,0,0,0,0,0,0,0,0,0,0,0,0,0,0,0,0,0,0,0,0,0,0,0,0,0,0,0,0,0,0,0,0,0,0,0,0,0,0,0,0,0,0,0,0,0,0,0,0,0,0,0,0,0,0,0,0,0,0,0,0,0,0,0,0,0,0
2020-03-13,NV,181,0,0,0,0,0,0,0,0,0,0,0,0,0,0,0,0,0,0,0,0,0,0,0,0,0,0,0,0,0,0,0,0,0,0,0,0,0,0,0,0,0,0,0,0,0,0,0,0,0,0,0,0,0,0,0,0,0,0,0,0,0,0,0,0,0,0,0,0,0,0,0,0,0,0,0,0,0,0,0,0,0,0,0,0,0,0,0,0,0,0,0,0,0,0,0,0,0,0,0,0,0,0,0,0,0,0,0,0,0,0,0,0,0,0,0,0,0,0,0,0,0,0,0,0,0,0
2020-03-14,NV,207,0,0,0,0,0,0,0,0,0,0,0,0,0,0,0,0,0,0,0,0,0,0,0,0,0,0,0,0,0,0,0,0,0,0,0,0,0,0,0,0,0,0,0,0,0,0,0,0,0,0,0,0,0,0,0,0,0,0,0,0,0,0,0,0,0,0,0,0,0,0,0,0,0,0,0,0,0,0,0,0,0,0,0,0,0,0,0,0,0,0,0,0,0,0,0,0,0,0,0,0,0,0,0,0,0,0,0,0,0,0,0,0,0,0,0,0,0,0,0,0,0,0,0,0,0,0
2020-03-15,NV,373,0,0,0,0,0,0,0,0,0,0,0,0,0,0,0,0,0,0,0,0,0,0,0,0,0,0,0,0,0,0,0,0,0,0,0,0,0,0,0,0,0,0,0,0,0,0,0,0,0,0,0,0,0,0,0,0,0,0,0,0,0,0,0,0,0,0,0,0,0,0,0,0,0,0,0,0,0,0,0,0,0,0,0,0,0,0,0,0,0,0,0,0,0,0,0,0,0,0,0,0,0,0,0,0,0,0,0,0,0,0,0,0,0,0,0,0,0,0,0,0,0,0,0,0,0,0
2020-03-16,NV,539,0,0,0,0,0,0,0,0,0,0,0,0,0,0,0,0,0,0,0,0,0,0,0,0,0,0,0,0,0,0,0,0,0,0,0,0,0,0,0,0,0,0,0,0,0,0,0,0,0,0,0,0,0,0,0,0,0,0,0,0,0,0,0,0,0,0,0,0,0,0,0,0,0,0,0,0,0,0,0,0,0,0,0,0,0,0,0,0,0,0,0,0,0,0,0,0,0,0,0,0,0,0,0,0,0,0,0,0,0,0,0,0,0,0,0,0,0,0,0,0,0,0,0,0,0,0
2020-03-17,NV,704,0,0,0,0,0,0,0,0,0,0,0,0,0,0,0,0,0,0,0,0,0,0,0,0,0,0,0,0,0,0,0,0,0,0,0,0,0,0,0,0,0,0,0,0,0,0,0,0,0,0,0,0,0,0,0,0,0,0,0,0,0,0,0,0,0,0,0,0,0,0,0,0,0,0,0,0,0,0,0,0,0,0,0,0,0,0,0,0,0,0,0,0,0,0,0,0,0,0,0,0,0,0,0,0,0,0,0,0,0,0,0,0,0,0,0,0,0,0,0,0,0,0,0,0,0,0
2020-03-18,NV,870,0,0,0,0,0,0,0,0,0,0,0,0,0,0,0,0,0,0,0,0,0,0,0,0,0,0,0,0,0,0,0,0,0,0,0,0,0,0,0,0,0,0,0,0,0,0,0,0,0,0,0,0,0,0,0,0,0,0,0,0,0,0,0,0,0,0,0,0,0,0,0,0,0,0,0,0,0,0,0,0,0,0,0,0,0,0,0,0,0,0,0,0,0,0,0,0,0,0,0,0,0,0,0,0,0,0,0,0,0,0,0,0,0,0,0,0,0,0,0,0,0,0,0,0,0,0
2020-03-19,NV,1035,0,0,0,0,0,0,0,0,0,0,0,0,0,0,0,0,0,0,0,0,0,0,0,0,0,0,0,0,0,0,0,0,0,0,0,0,0,0,0,0,0,0,0,0,0,0,0,0,0,0,0,0,0,0,0,0,0,0,0,0,0,0,0,0,0,0,0,0,0,0,0,0,0,0,0,0,0,0,0,0,0,0,0,0,0,0,0,0,0,0,0,0,0,0,0,0,0,0,0,0,0,0,0,0,0,0,0,0,0,0,0,0,0,0,0,0,0,0,0,0,0,0,0,0,0,0
2020-03-20,NV,1201,0,0,0,0,0,0,0,0,0,0,0,0,0,0,0,0,0,0,0,0,0,0,0,0,0,0,0,0,0,0,0,0,0,0,0,0,0,0,0,0,0,0,0,0,0,0,0,0,0,0,0,0,0,0,0,0,0,0,0,0,0,0,0,0,0,0,0,0,0,0,0,0,0,0,0,0,0,0,0,0,0,0,0,0,0,0,0,0,0,0,0,0,0,0,0,0,0,0,0,0,0,0,0,0,0,0,0,0,0,0,0,0,0,0,0,0,0,0,0,0,0,0,0,0,0,0
2020-03-21,NV,1367,0,0,0,0,0,0,0,0,0,0,0,0,0,0,0,0,0,0,0,0,0,0,0,0,0,0,0,0,0,0,0,0,0,0,0,0,0,0,0,0,0,0,0,0,0,0,0,0,0,0,0,0,0,0,0,0,0,0,0,0,0,0,0,0,0,0,0,0,0,0,0,0,0,0,0,0,0,0,0,0,0,0,0,0,0,0,0,0,0,0,0,0,0,0,0,0,0,0,0,0,0,0,0,0,0,0,0,0,0,0,0,0,0,0,0,0,0,0,0,0,0,0,0,0,0,0
2020-03-22,NV,1677,0,0,0,0,0,0,0,0,0,0,0,0,0,0,0,0,0,0,0,0,0,0,0,0,0,0,0,0,0,0,0,0,0,0,0,0,0,0,0,0,0,0,0,0,0,0,0,0,0,0,0,0,0,0,0,0,0,0,0,0,0,0,0,0,0,0,0,0,0,0,0,0,0,0,0,0,0,0,0,0,0,0,0,0,0,0,0,0,0,0,0,0,0,0,0,0,0,0,0,0,0,0,0,0,0,0,0,0,0,0,0,0,0,0,0,0,0,0,0,0,0,0,0,0,0,0
2020-03-23,NV,1987,0,0,0,0,0,0,0,0,0,0,0,0,0,0,0,0,0,0,0,0,0,0,0,0,0,0,0,0,0,0,0,0,0,0,0,0,0,0,0,0,0,0,0,0,0,0,0,0,0,0,0,0,0,0,0,0,0,0,0,0,0,0,0,0,0,0,0,0,0,0,0,0,0,0,0,0,0,0,0,0,0,0,0,0,0,0,0,0,0,0,0,0,0,0,0,0,0,0,0,0,0,0,0,0,0,0,0,0,0,0,0,0,0,0,0,0,0,0,0,0,0,0,0,0,0,0
2020-03-24,NV,2297,0,0,0,0,0,0,0,0,0,0,0,0,0,0,0,0,0,0,0,0,0,0,0,0,0,0,0,0,0,0,0,0,0,0,0,0,0,0,0,0,0,0,0,0,0,0,0,0,0,0,0,0,0,0,0,0,0,0,0,0,0,0,0,0,0,0,0,0,0,0,0,0,0,0,0,0,0,0,0,0,0,0,0,0,0,0,0,0,0,0,0,0,0,0,0,0,0,0,0,0,0,0,0,0,0,0,0,0,0,0,0,0,0,0,0,0,0,0,0,0,0,0,0,0,0,0
2020-03-25,NV,2607,0,0,0,0,0,0,0,0,0,0,0,0,0,0,0,0,0,0,0,0,0,0,0,0,0,0,0,0,0,0,0,0,0,0,0,0,0,0,0,0,0,0,0,0,0,0,0,0,0,0,0,0,0,0,0,0,0,0,0,0,0,0,0,0,0,0,0,0,0,0,0,0,0,0,0,0,0,0,0,0,0,0,0,0,0,0,0,0,0,0,0,0,0,0,0,0,0,0,0,0,0,0,0,0,0,0,0,0,0,0,0,0,0,0,0,0,0,0,0,0,0,0,0,0,0,0
2020-03-26,NV,2917,0,0,0,0,0,0,0,0,0,0,0,0,0,0,0,0,0,0,0,0,0,0,0,0,0,0,0,0,0,0,0,0,0,0,0,0,0,0,0,0,0,0,0,0,0,0,0,0,0,0,0,0,0,0,0,0,0,0,0,0,0,0,0,0,0,0,0,0,0,0,0,0,0,0,0,0,0,0,0,0,0,0,0,0,0,0,0,0,0,0,0,0,0,0,0,0,0,0,0,0,0,0,0,0,0,0,0,0,0,0,0,0,0,0,0,0,0,0,0,0,0,0,0,0,0,0
2020-03-27,NV,3227,0,0,0,0,0,0,0,0,0,0,0,0,0,0,0,0,0,0,0,0,0,0,0,0,0,0,0,0,0,0,0,0,0,0,0,0,0,0,0,0,0,0,0,0,0,0,0,0,0,0,0,0,0,0,0,0,0,0,0,0,0,0,0,0,0,0,0,0,0,0,0,0,0,0,0,0,0,0,0,0,0,0,0,0,0,0,0,0,0,0,0,0,0,0,0,0,0,0,0,0,0,0,0,0,0,0,0,0,0,0,0,0,0,0,0,0,0,0,0,0,0,0,0,0,0,0
2020-03-28,NV,3537,0,0,0,0,0,0,0,0,0,0,0,0,0,0,0,0,0,0,0,0,0,0,0,0,0,0,0,0,0,0,0,0,0,0,0,0,0,0,0,0,0,0,0,0,0,0,0,0,0,0,0,0,0,0,0,0,0,0,0,0,0,0,0,0,0,0,0,0,0,0,0,0,0,0,0,0,0,0,0,0,0,0,0,0,0,0,0,0,0,0,0,0,0,0,0,0,0,0,0,0,0,0,0,0,0,0,0,0,0,0,0,0,0,0,0,0,0,0,0,0,0,0,0,0,0,0
2020-03-29,NV,3409,0,0,0,0,0,0,0,0,0,0,0,0,0,0,0,0,0,0,0,0,0,0,0,0,0,0,0,0,0,0,0,0,0,0,0,0,0,0,0,0,0,0,0,0,0,0,0,0,0,0,0,0,0,0,0,0,0,0,0,0,0,0,0,0,0,0,0,0,0,0,0,0,0,0,0,0,0,0,0,0,0,0,0,0,0,0,0,0,0,0,0,0,0,0,0,0,0,0,0,0,0,0,0,0,0,0,0,0,0,0,0,0,0,0,0,0,0,0,0,0,0,0,0,0,0,0
2020-03-30,NV,3280,0,0,0,0,0,0,0,0,0,0,0,0,0,0,0,0,0,0,0,0,0,0,0,0,0,0,0,0,0,0,0,0,0,0,0,0,0,0,0,0,0,0,0,0,0,0,0,0,0,0,0,0,0,0,0,0,0,0,0,0,0,0,0,0,0,0,0,0,0,0,0,0,0,0,0,0,0,0,0,0,0,0,0,0,0,0,0,0,0,0,0,0,0,0,0,0,0,0,0,0,0,0,0,0,0,0,0,0,0,0,0,0,0,0,0,0,0,0,0,0,0,0,0,0,0,0
2020-03-31,NV,3152,0,0,0,0,0,0,0,0,0,0,0,0,0,0,0,0,0,0,0,0,0,0,0,0,0,0,0,0,0,0,0,0,0,0,0,0,0,0,0,0,0,0,0,0,0,0,0,0,0,0,0,0,0,0,0,0,0,0,0,0,0,0,0,0,0,0,0,0,0,0,0,0,0,0,0,0,0,0,0,0,0,0,0,0,0,0,0,0,0,0,0,0,0,0,0,0,0,0,0,0,0,0,0,0,0,0,0,0,0,0,0,0,0,0,0,0,0,0,0,0,0,0,0,0,0,0
2020-04-01,NV,3024,0,0,0,0,0,0,0,0,0,0,0,0,0,0,0,0,0,0,0,0,0,0,0,0,0,0,0,0,0,0,0,0,0,0,0,0,0,0,0,0,0,0,0,0,0,0,0,0,0,0,0,0,0,0,0,0,0,0,0,0,0,0,0,0,0,0,0,0,0,0,0,0,0,0,0,0,0,0,0,0,0,0,0,0,0,0,0,0,0,0,0,0,0,0,0,0,0,0,0,0,0,0,0,0,0,0,0,0,0,0,0,0,0,0,0,0,0,0,0,0,0,0,0,0,0,0
2020-04-02,NV,2895,0,0,0,0,0,0,0,0,0,0,0,0,0,0,0,0,0,0,0,0,0,0,0,0,0,0,0,0,0,0,0,0,0,0,0,0,0,0,0,0,0,0,0,0,0,0,0,0,0,0,0,0,0,0,0,0,0,0,0,0,0,0,0,0,0,0,0,0,0,0,0,0,0,0,0,0,0,0,0,0,0,0,0,0,0,0,0,0,0,0,0,0,0,0,0,0,0,0,0,0,0,0,0,0,0,0,0,0,0,0,0,0,0,0,0,0,0,0,0,0,0,0,0,0,0,0
2020-04-03,NV,2767,0,0,0,0,0,0,0,0,0,0,0,0,0,0,0,0,0,0,0,0,0,0,0,0,0,0,0,0,0,0,0,0,0,0,0,0,0,0,0,0,0,0,0,0,0,0,0,0,0,0,0,0,0,0,0,0,0,0,0,0,0,0,0,0,0,0,0,0,0,0,0,0,0,0,0,0,0,0,0,0,0,0,0,0,0,0,0,0,0,0,0,0,0,0,0,0,0,0,0,0,0,0,0,0,0,0,0,0,0,0,0,0,0,0,0,0,0,0,0,0,0,0,0,0,0,0
2020-04-04,NV,2639,0,0,0,0,0,0,0,0,0,0,0,0,0,0,0,0,0,0,0,0,0,0,0,0,0,0,0,0,0,0,0,0,0,0,0,0,0,0,0,0,0,0,0,0,0,0,0,0,0,0,0,0,0,0,0,0,0,0,0,0,0,0,0,0,0,0,0,0,0,0,0,0,0,0,0,0,0,0,0,0,0,0,0,0,0,0,0,0,0,0,0,0,0,0,0,0,0,0,0,0,0,0,0,0,0,0,0,0,0,0,0,0,0,0,0,0,0,0,0,0,0,0,0,0,0,0
2020-04-05,NV,2834,0,0,0,0,0,0,0,0,0,0,0,0,0,0,0,0,0,0,0,0,0,0,0,0,0,0,0,0,0,0,0,0,0,0,0,0,0,0,0,0,0,0,0,0,0,0,0,0,0,0,0,0,0,0,0,0,0,0,0,0,0,0,0,0,0,0,0,0,0,0,0,0,0,0,0,0,0,0,0,0,0,0,0,0,0,0,0,0,0,0,0,0,0,0,0,0,0,0,0,0,0,0,0,0,0,0,0,0,0,0,0,0,0,0,0,0,0,0,0,0,0,0,0,0,0,0
2020-04-06,NV,3029,0,0,0,0,0,0,0,0,0,0,0,0,0,0,0,0,0,0,0,0,0,0,0,0,0,0,0,0,0,0,0,0,0,0,0,0,0,0,0,0,0,0,0,0,0,0,0,0,0,0,0,0,0,0,0,0,0,0,0,0,0,0,0,0,0,0,0,0,0,0,0,0,0,0,0,0,0,0,0,0,0,0,0,0,0,0,0,0,0,0,0,0,0,0,0,0,0,0,0,0,0,0,0,0,0,0,0,0,0,0,0,0,0,0,0,0,0,0,0,0,0,0,0,0,0,0
2020-04-07,NV,3224,0,0,0,0,0,0,0,0,0,0,0,0,0,0,0,0,0,0,0,0,0,0,0,0,0,0,0,0,0,0,0,0,0,0,0,0,0,0,0,0,0,0,0,0,0,0,0,0,0,0,0,0,0,0,0,0,0,0,0,0,0,0,0,0,0,0,0,0,0,0,0,0,0,0,0,0,0,0,0,0,0,0,0,0,0,0,0,0,0,0,0,0,0,0,0,0,0,0,0,0,0,0,0,0,0,0,0,0,0,0,0,0,0,0,0,0,0,0,0,0,0,0,0,0,0,0
2020-04-08,NV,3419,0,0,0,0,0,0,0,0,0,0,0,0,0,0,0,0,0,0,0,0,0,0,0,0,0,0,0,0,0,0,0,0,0,0,0,0,0,0,0,0,0,0,0,0,0,0,0,0,0,0,0,0,0,0,0,0,0,0,0,0,0,0,0,0,0,0,0,0,0,0,0,0,0,0,0,0,0,0,0,0,0,0,0,0,0,0,0,0,0,0,0,0,0,0,0,0,0,0,0,0,0,0,0,0,0,0,0,0,0,0,0,0,0,0,0,0,0,0,0,0,0,0,0,0,0,0
2020-04-09,NV,3614,0,0,0,0,0,0,0,0,0,0,0,0,0,0,0,0,0,0,0,0,0,0,0,0,0,0,0,0,0,0,0,0,0,0,0,0,0,0,0,0,0,0,0,0,0,0,0,0,0,0,0,0,0,0,0,0,0,0,0,0,0,0,0,0,0,0,0,0,0,0,0,0,0,0,0,0,0,0,0,0,0,0,0,0,0,0,0,0,0,0,0,0,0,0,0,0,0,0,0,0,0,0,0,0,0,0,0,0,0,0,0,0,0,0,0,0,0,0,0,0,0,0,0,0,0,0
2020-04-10,NV,3809,0,0,0,0,0,0,0,0,0,0,0,0,0,0,0,0,0,0,0,0,0,0,0,0,0,0,0,0,0,0,0,0,0,0,0,0,0,0,0,0,0,0,0,0,0,0,0,0,0,0,0,0,0,0,0,0,0,0,0,0,0,0,0,0,0,0,0,0,0,0,0,0,0,0,0,0,0,0,0,0,0,0,0,0,0,0,0,0,0,0,0,0,0,0,0,0,0,0,0,0,0,0,0,0,0,0,0,0,0,0,0,0,0,0,0,0,0,0,0,0,0,0,0,0,0,0
2020-04-11,NV,4004,0,0,0,0,0,0,0,0,0,0,0,0,0,0,0,0,0,0,0,0,0,0,0,0,0,0,0,0,0,0,0,0,0,0,0,0,0,0,0,0,0,0,0,0,0,0,0,0,0,0,0,0,0,0,0,0,0,0,0,0,0,0,0,0,0,0,0,0,0,0,0,0,0,0,0,0,0,0,0,0,0,0,0,0,0,0,0,0,0,0,0,0,0,0,0,0,0,0,0,0,0,0,0,0,0,0,0,0,0,0,0,0,0,0,0,0,0,0,0,0,0,0,0,0,0,0
2020-04-12,NV,4147,0,0,0,0,0,0,0,0,0,0,0,0,0,0,0,0,0,0,0,0,0,0,0,0,0,0,0,0,0,0,0,0,0,0,0,0,0,0,0,0,0,0,0,0,0,0,0,0,0,0,0,0,0,0,0,0,0,0,0,0,0,0,0,0,0,0,0,0,0,0,0,0,0,0,0,0,0,0,0,0,0,0,0,0,0,0,0,0,0,0,0,0,0,0,0,0,0,0,0,0,0,0,0,0,0,0,0,0,0,0,0,0,0,0,0,0,0,0,0,0,0,0,0,0,0,0
2020-04-13,NV,4290,0,0,0,0,0,0,0,0,0,0,0,0,0,0,0,0,0,0,0,0,0,0,0,0,0,0,0,0,0,0,0,0,0,0,0,0,0,0,0,0,0,0,0,0,0,0,0,0,0,0,0,0,0,0,0,0,0,0,0,0,0,0,0,0,0,0,0,0,0,0,0,0,0,0,0,0,0,0,0,0,0,0,0,0,0,0,0,0,0,0,0,0,0,0,0,0,0,0,0,0,0,0,0,0,0,0,0,0,0,0,0,0,0,0,0,0,0,0,0,0,0,0,0,0,0,0
2020-04-14,NV,4432,0,0,0,0,0,0,0,0,0,0,0,0,0,0,0,0,0,0,0,0,0,0,0,0,0,0,0,0,0,0,0,0,0,0,0,0,0,0,0,0,0,0,0,0,0,0,0,0,0,0,0,0,0,0,0,0,0,0,0,0,0,0,0,0,0,0,0,0,0,0,0,0,0,0,0,0,0,0,0,0,0,0,0,0,0,0,0,0,0,0,0,0,0,0,0,0,0,0,0,0,0,0,0,0,0,0,0,0,0,0,0,0,0,0,0,0,0,0,0,0,0,0,0,0,0,0
2020-04-15,NV,4575,0,0,0,0,0,0,0,0,0,0,0,0,0,0,0,0,0,0,0,0,0,0,0,0,0,0,0,0,0,0,0,0,0,0,0,0,0,0,0,0,0,0,0,0,0,0,0,0,0,0,0,0,0,0,0,0,0,0,0,0,0,0,0,0,0,0,0,0,0,0,0,0,0,0,0,0,0,0,0,0,0,0,0,0,0,0,0,0,0,0,0,0,0,0,0,0,0,0,0,0,0,0,0,0,0,0,0,0,0,0,0,0,0,0,0,0,0,0,0,0,0,0,0,0,0,0
2020-04-16,NV,4718,0,0,0,0,0,0,0,0,0,0,0,0,0,0,0,0,0,0,0,0,0,0,0,0,0,0,0,0,0,0,0,0,0,0,0,0,0,0,0,0,0,0,0,0,0,0,0,0,0,0,0,0,0,0,0,0,0,0,0,0,0,0,0,0,0,0,0,0,0,0,0,0,0,0,0,0,0,0,0,0,0,0,0,0,0,0,0,0,0,0,0,0,0,0,0,0,0,0,0,0,0,0,0,0,0,0,0,0,0,0,0,0,0,0,0,0,0,0,0,0,0,0,0,0,0,0
2020-04-17,NV,4861,0,0,0,0,0,0,0,0,0,0,0,0,0,0,0,0,0,0,0,0,0,0,0,0,0,0,0,0,0,0,0,0,0,0,0,0,0,0,0,0,0,0,0,0,0,0,0,0,0,0,0,0,0,0,0,0,0,0,0,0,0,0,0,0,0,0,0,0,0,0,0,0,0,0,0,0,0,0,0,0,0,0,0,0,0,0,0,0,0,0,0,0,0,0,0,0,0,0,0,0,0,0,0,0,0,0,0,0,0,0,0,0,0,0,0,0,0,0,0,0,0,0,0,0,0,0
2020-04-18,NV,5004,0,0,0,0,0,0,0,0,0,0,0,0,0,0,0,0,0,0,0,0,0,0,0,0,0,0,0,0,0,0,0,0,0,0,0,0,0,0,0,0,0,0,0,0,0,0,0,0,0,0,0,0,0,0,0,0,0,0,0,0,0,0,0,0,0,0,0,0,0,0,0,0,0,0,0,0,0,0,0,0,0,0,0,0,0,0,0,0,0,0,0,0,0,0,0,0,0,0,0,0,0,0,0,0,0,0,0,0,0,0,0,0,0,0,0,0,0,0,0,0,0,0,0,0,0,0
2020-04-19,NV,5293,0,0,0,0,0,0,0,0,0,0,0,0,0,0,0,0,0,0,0,0,0,0,0,0,0,0,0,0,0,0,0,0,0,0,0,0,0,0,0,0,0,0,0,0,0,0,0,0,0,0,0,0,0,0,0,0,0,0,0,0,0,0,0,0,0,0,0,0,0,0,0,0,0,0,0,0,0,0,0,0,0,0,0,0,0,0,0,0,0,0,0,0,0,0,0,0,0,0,0,0,0,0,0,0,0,0,0,0,0,0,0,0,0,0,0,0,0,0,0,0,0,0,0,0,0,0
2020-04-20,NV,5582,0,0,0,0,0,0,0,0,0,0,0,0,0,0,0,0,0,0,0,0,0,0,0,0,0,0,0,0,0,0,0,0,0,0,0,0,0,0,0,0,0,0,0,0,0,0,0,0,0,0,0,0,0,0,0,0,0,0,0,0,0,0,0,0,0,0,0,0,0,0,0,0,0,0,0,0,0,0,0,0,0,0,0,0,0,0,0,0,0,0,0,0,0,0,0,0,0,0,0,0,0,0,0,0,0,0,0,0,0,0,0,0,0,0,0,0,0,0,0,0,0,0,0,0,0,0
2020-04-21,NV,5871,0,0,0,0,0,0,0,0,0,0,0,0,0,0,0,0,0,0,0,0,0,0,0,0,0,0,0,0,0,0,0,0,0,0,0,0,0,0,0,0,0,0,0,0,0,0,0,0,0,0,0,0,0,0,0,0,0,0,0,0,0,0,0,0,0,0,0,0,0,0,0,0,0,0,0,0,0,0,0,0,0,0,0,0,0,0,0,0,0,0,0,0,0,0,0,0,0,0,0,0,0,0,0,0,0,0,0,0,0,0,0,0,0,0,0,0,0,0,0,0,0,0,0,0,0,0
2020-04-22,NV,6159,0,0,0,0,0,0,0,0,0,0,0,0,0,0,0,0,0,0,0,0,0,0,0,0,0,0,0,0,0,0,0,0,0,0,0,0,0,0,0,0,0,0,0,0,0,0,0,0,0,0,0,0,0,0,0,0,0,0,0,0,0,0,0,0,0,0,0,0,0,0,0,0,0,0,0,0,0,0,0,0,0,0,0,0,0,0,0,0,0,0,0,0,0,0,0,0,0,0,0,0,0,0,0,0,0,0,0,0,0,0,0,0,0,0,0,0,0,0,0,0,0,0,0,0,0,0
2020-04-23,NV,6448,0,0,0,0,0,0,0,0,0,0,0,0,0,0,0,0,0,0,0,0,0,0,0,0,0,0,0,0,0,0,0,0,0,0,0,0,0,0,0,0,0,0,0,0,0,0,0,0,0,0,0,0,0,0,0,0,0,0,0,0,0,0,0,0,0,0,0,0,0,0,0,0,0,0,0,0,0,0,0,0,0,0,0,0,0,0,0,0,0,0,0,0,0,0,0,0,0,0,0,0,0,0,0,0,0,0,0,0,0,0,0,0,0,0,0,0,0,0,0,0,0,0,0,0,0,0
2020-04-24,NV,6737,0,0,0,0,0,0,0,0,0,0,0,0,0,0,0,0,0,0,0,0,0,0,0,0,0,0,0,0,0,0,0,0,0,0,0,0,0,0,0,0,0,0,0,0,0,0,0,0,0,0,0,0,0,0,0,0,0,0,0,0,0,0,0,0,0,0,0,0,0,0,0,0,0,0,0,0,0,0,0,0,0,0,0,0,0,0,0,0,0,0,0,0,0,0,0,0,0,0,0,0,0,0,0,0,0,0,0,0,0,0,0,0,0,0,0,0,0,0,0,0,0,0,0,0,0,0
2020-04-25,NV,7026,0,0,0,0,0,0,0,0,0,0,0,0,0,0,0,0,0,0,0,0,0,0,0,0,0,0,0,0,0,0,0,0,0,0,0,0,0,0,0,0,0,0,0,0,0,0,0,0,0,0,0,0,0,0,0,0,0,0,0,0,0,0,0,0,0,0,0,0,0,0,0,0,0,0,0,0,0,0,0,0,0,0,0,0,0,0,0,0,0,0,0,0,0,0,0,0,0,0,0,0,0,0,0,0,0,0,0,0,0,0,0,0,0,0,0,0,0,0,0,0,0,0,0,0,0,0
2020-04-26,NV,6472,0,0,0,0,0,0,0,0,0,0,0,0,0,0,0,0,0,0,0,0,0,0,0,0,0,0,0,0,0,0,0,0,0,0,0,0,0,0,0,0,0,0,0,0,0,0,0,0,0,0,0,0,0,0,0,0,0,0,0,0,0,0,0,0,0,0,0,0,0,0,0,0,0,0,0,0,0,0,0,0,0,0,0,0,0,0,0,0,0,0,0,0,0,0,0,0,0,0,0,0,0,0,0,0,0,0,0,0,0,0,0,0,0,0,0,0,0,0,0,0,0,0,0,0,0,0
2020-04-27,NV,5919,0,0,0,0,0,0,0,0,0,0,0,0,0,0,0,0,0,0,0,0,0,0,0,0,0,0,0,0,0,0,0,0,0,0,0,0,0,0,0,0,0,0,0,0,0,0,0,0,0,0,0,0,0,0,0,0,0,0,0,0,0,0,0,0,0,0,0,0,0,0,0,0,0,0,0,0,0,0,0,0,0,0,0,0,0,0,0,0,0,0,0,0,0,0,0,0,0,0,0,0,0,0,0,0,0,0,0,0,0,0,0,0,0,0,0,0,0,0,0,0,0,0,0,0,0,0
2020-04-28,NV,5366,0,0,0,0,0,0,0,0,0,0,0,0,0,0,0,0,0,0,0,0,0,0,0,0,0,0,0,0,0,0,0,0,0,0,0,0,0,0,0,0,0,0,0,0,0,0,0,0,0,0,0,0,0,0,0,0,0,0,0,0,0,0,0,0,0,0,0,0,0,0,0,0,0,0,0,0,0,0,0,0,0,0,0,0,0,0,0,0,0,0,0,0,0,0,0,0,0,0,0,0,0,0,0,0,0,0,0,0,0,0,0,0,0,0,0,0,0,0,0,0,0,0,0,0,0,0
2020-04-29,NV,4813,0,0,0,0,0,0,0,0,0,0,0,0,0,0,0,0,0,0,0,0,0,0,0,0,0,0,0,0,0,0,0,0,0,0,0,0,0,0,0,0,0,0,0,0,0,0,0,0,0,0,0,0,0,0,0,0,0,0,0,0,0,0,0,0,0,0,0,0,0,0,0,0,0,0,0,0,0,0,0,0,0,0,0,0,0,0,0,0,0,0,0,0,0,0,0,0,0,0,0,0,0,0,0,0,0,0,0,0,0,0,0,0,0,0,0,0,0,0,0,0,0,0,0,0,0,0
2020-04-30,NV,4259,0,0,0,0,0,0,0,0,0,0,0,0,0,0,0,0,0,0,0,0,0,0,0,0,0,0,0,0,0,0,0,0,0,0,0,0,0,0,0,0,0,0,0,0,0,0,0,0,0,0,0,0,0,0,0,0,0,0,0,0,0,0,0,0,0,0,0,0,0,0,0,0,0,0,0,0,0,0,0,0,0,0,0,0,0,0,0,0,0,0,0,0,0,0,0,0,0,0,0,0,0,0,0,0,0,0,0,0,0,0,0,0,0,0,0,0,0,0,0,0,0,0,0,0,0,0
2020-05-01,NV,3706,0,0,0,0,0,0,0,0,0,0,0,0,0,0,0,0,0,0,0,0,0,0,0,0,0,0,0,0,0,0,0,0,0,0,0,0,0,0,0,0,0,0,0,0,0,0,0,0,0,0,0,0,0,0,0,0,0,0,0,0,0,0,0,0,0,0,0,0,0,0,0,0,0,0,0,0,0,0,0,0,0,0,0,0,0,0,0,0,0,0,0,0,0,0,0,0,0,0,0,0,0,0,0,0,0,0,0,0,0,0,0,0,0,0,0,0,0,0,0,0,0,0,0,0,0,0
2020-05-02,NV,3153,0,0,0,0,0,0,0,0,0,0,0,0,0,0,0,0,0,0,0,0,0,0,0,0,0,0,0,0,0,0,0,0,0,0,0,0,0,0,0,0,0,0,0,0,0,0,0,0,0,0,0,0,0,0,0,0,0,0,0,0,0,0,0,0,0,0,0,0,0,0,0,0,0,0,0,0,0,0,0,0,0,0,0,0,0,0,0,0,0,0,0,0,0,0,0,0,0,0,0,0,0,0,0,0,0,0,0,0,0,0,0,0,0,0,0,0,0,0,0,0,0,0,0,0,0,0
2020-05-03,NV,2931,0,0,0,0,0,0,0,0,0,0,0,0,0,0,0,0,0,0,0,0,0,0,0,0,0,0,0,0,0,0,0,0,0,0,0,0,0,0,0,0,0,0,0,0,0,0,0,0,0,0,0,0,0,0,0,0,0,0,0,0,0,0,0,0,0,0,0,0,0,0,0,0,0,0,0,0,0,0,0,0,0,0,0,0,0,0,0,0,0,0,0,0,0,0,0,0,0,0,0,0,0,0,0,0,0,0,0,0,0,0,0,0,0,0,0,0,0,0,0,0,0,0,0,0,0,0
2020-05-04,NV,2710,0,0,0,0,0,0,0,0,0,0,0,0,0,0,0,0,0,0,0,0,0,0,0,0,0,0,0,0,0,0,0,0,0,0,0,0,0,0,0,0,0,0,0,0,0,0,0,0,0,0,0,0,0,0,0,0,0,0,0,0,0,0,0,0,0,0,0,0,0,0,0,0,0,0,0,0,0,0,0,0,0,0,0,0,0,0,0,0,0,0,0,0,0,0,0,0,0,0,0,0,0,0,0,0,0,0,0,0,0,0,0,0,0,0,0,0,0,0,0,0,0,0,0,0,0,0
2020-05-05,NV,2488,0,0,0,0,0,0,0,0,0,0,0,0,0,0,0,0,0,0,0,0,0,0,0,0,0,0,0,0,0,0,0,0,0,0,0,0,0,0,0,0,0,0,0,0,0,0,0,0,0,0,0,0,0,0,0,0,0,0,0,0,0,0,0,0,0,0,0,0,0,0,0,0,0,0,0,0,0,0,0,0,0,0,0,0,0,0,0,0,0,0,0,0,0,0,0,0,0,0,0,0,0,0,0,0,0,0,0,0,0,0,0,0,0,0,0,0,0,0,0,0,0,0,0,0,0,0
2020-05-06,NV,2266,0,0,0,0,0,0,0,0,0,0,0,0,0,0,0,0,0,0,0,0,0,0,0,0,0,0,0,0,0,0,0,0,0,0,0,0,0,0,0,0,0,0,0,0,0,0,0,0,0,0,0,0,0,0,0,0,0,0,0,0,0,0,0,0,0,0,0,0,0,0,0,0,0,0,0,0,0,0,0,0,0,0,0,0,0,0,0,0,0,0,0,0,0,0,0,0,0,0,0,0,0,0,0,0,0,0,0,0,0,0,0,0,0,0,0,0,0,0,0,0,0,0,0,0,0,0
2020-05-07,NV,2045,0,0,0,0,0,0,0,0,0,0,0,0,0,0,0,0,0,0,0,0,0,0,0,0,0,0,0,0,0,0,0,0,0,0,0,0,0,0,0,0,0,0,0,0,0,0,0,0,0,0,0,0,0,0,0,0,0,0,0,0,0,0,0,0,0,0,0,0,0,0,0,0,0,0,0,0,0,0,0,0,0,0,0,0,0,0,0,0,0,0,0,0,0,0,0,0,0,0,0,0,0,0,0,0,0,0,0,0,0,0,0,0,0,0,0,0,0,0,0,0,0,0,0,0,0,0
2020-05-08,NV,1823,0,0,0,0,0,0,0,0,0,0,0,0,0,0,0,0,0,0,0,0,0,0,0,0,0,0,0,0,0,0,0,0,0,0,0,0,0,0,0,0,0,0,0,0,0,0,0,0,0,0,0,0,0,0,0,0,0,0,0,0,0,0,0,0,0,0,0,0,0,0,0,0,0,0,0,0,0,0,0,0,0,0,0,0,0,0,0,0,0,0,0,0,0,0,0,0,0,0,0,0,0,0,0,0,0,0,0,0,0,0,0,0,0,0,0,0,0,0,0,0,0,0,0,0,0,0
2020-05-09,NV,1601,0,0,0,0,0,0,0,0,0,0,0,0,0,0,0,0,0,0,0,0,0,0,0,0,0,0,0,0,0,0,0,0,0,0,0,0,0,0,0,0,0,0,0,0,0,0,0,0,0,0,0,0,0,0,0,0,0,0,0,0,0,0,0,0,0,0,0,0,0,0,0,0,0,0,0,0,0,0,0,0,0,0,0,0,0,0,0,0,0,0,0,0,0,0,0,0,0,0,0,0,0,0,0,0,0,0,0,0,0,0,0,0,0,0,0,0,0,0,0,0,0,0,0,0,0,0
2020-05-10,NV,1510,0,0,0,0,0,0,0,0,0,0,0,0,0,0,0,0,0,0,0,0,0,0,0,0,0,0,0,0,0,0,0,0,0,0,0,0,0,0,0,0,0,0,0,0,0,0,0,0,0,0,0,0,0,0,0,0,0,0,0,0,0,0,0,0,0,0,0,0,0,0,0,0,0,0,0,0,0,0,0,0,0,0,0,0,0,0,0,0,0,0,0,0,0,0,0,0,0,0,0,0,0,0,0,0,0,0,0,0,0,0,0,0,0,0,0,0,0,0,0,0,0,0,0,0,0,0
2020-05-11,NV,1419,0,0,0,0,0,0,0,0,0,0,0,0,0,0,0,0,0,0,0,0,0,0,0,0,0,0,0,0,0,0,0,0,0,0,0,0,0,0,0,0,0,0,0,0,0,0,0,0,0,0,0,0,0,0,0,0,0,0,0,0,0,0,0,0,0,0,0,0,0,0,0,0,0,0,0,0,0,0,0,0,0,0,0,0,0,0,0,0,0,0,0,0,0,0,0,0,0,0,0,0,0,0,0,0,0,0,0,0,0,0,0,0,0,0,0,0,0,0,0,0,0,0,0,0,0,0
2020-05-12,NV,1328,0,0,0,0,0,0,0,0,0,0,0,0,0,0,0,0,0,0,0,0,0,0,0,0,0,0,0,0,0,0,0,0,0,0,0,0,0,0,0,0,0,0,0,0,0,0,0,0,0,0,0,0,0,0,0,0,0,0,0,0,0,0,0,0,0,0,0,0,0,0,0,0,0,0,0,0,0,0,0,0,0,0,0,0,0,0,0,0,0,0,0,0,0,0,0,0,0,0,0,0,0,0,0,0,0,0,0,0,0,0,0,0,0,0,0,0,0,0,0,0,0,0,0,0,0,0
2020-05-13,NV,1237,0,0,0,0,0,0,0,0,0,0,0,0,0,0,0,0,0,0,0,0,0,0,0,0,0,0,0,0,0,0,0,0,0,0,0,0,0,0,0,0,0,0,0,0,0,0,0,0,0,0,0,0,0,0,0,0,0,0,0,0,0,0,0,0,0,0,0,0,0,0,0,0,0,0,0,0,0,0,0,0,0,0,0,0,0,0,0,0,0,0,0,0,0,0,0,0,0,0,0,0,0,0,0,0,0,0,0,0,0,0,0,0,0,0,0,0,0,0,0,0,0,0,0,0,0,0
2020-05-14,NV,1146,0,0,0,0,0,0,0,0,0,0,0,0,0,0,0,0,0,0,0,0,0,0,0,0,0,0,0,0,0,0,0,0,0,0,0,0,0,0,0,0,0,0,0,0,0,0,0,0,0,0,0,0,0,0,0,0,0,0,0,0,0,0,0,0,0,0,0,0,0,0,0,0,0,0,0,0,0,0,0,0,0,0,0,0,0,0,0,0,0,0,0,0,0,0,0,0,0,0,0,0,0,0,0,0,0,0,0,0,0,0,0,0,0,0,0,0,0,0,0,0,0,0,0,0,0,0
2020-05-15,NV,1055,0,0,0,0,0,0,0,0,0,0,0,0,0,0,0,0,0,0,0,0,0,0,0,0,0,0,0,0,0,0,0,0,0,0,0,0,0,0,0,0,0,0,0,0,0,0,0,0,0,0,0,0,0,0,0,0,0,0,0,0,0,0,0,0,0,0,0,0,0,0,0,0,0,0,0,0,0,0,0,0,0,0,0,0,0,0,0,0,0,0,0,0,0,0,0,0,0,0,0,0,0,0,0,0,0,0,0,0,0,0,0,0,0,0,0,0,0,0,0,0,0,0,0,0,0,0
2020-05-16,NV,964,0,0,0,0,0,0,0,0,0,0,0,0,0,0,0,0,0,0,0,0,0,0,0,0,0,0,0,0,0,0,0,0,0,0,0,0,0,0,0,0,0,0,0,0,0,0,0,0,0,0,0,0,0,0,0,0,0,0,0,0,0,0,0,0,0,0,0,0,0,0,0,0,0,0,0,0,0,0,0,0,0,0,0,0,0,0,0,0,0,0,0,0,0,0,0,0,0,0,0,0,0,0,0,0,0,0,0,0,0,0,0,0,0,0,0,0,0,0,0,0,0,0,0,0,0,0
2020-05-17,NV,908,0,0,0,0,0,0,0,0,0,0,0,0,0,0,0,0,0,0,0,0,0,0,0,0,0,0,0,0,0,0,0,0,0,0,0,0,0,0,0,0,0,0,0,0,0,0,0,0,0,0,0,0,0,0,0,0,0,0,0,0,0,0,0,0,0,0,0,0,0,0,0,0,0,0,0,0,0,0,0,0,0,0,0,0,0,0,0,0,0,0,0,0,0,0,0,0,0,0,0,0,0,0,0,0,0,0,0,0,0,0,0,0,0,0,0,0,0,0,0,0,0,0,0,0,0,0
2020-05-18,NV,852,0,0,0,0,0,0,0,0,0,0,0,0,0,0,0,0,0,0,0,0,0,0,0,0,0,0,0,0,0,0,0,0,0,0,0,0,0,0,0,0,0,0,0,0,0,0,0,0,0,0,0,0,0,0,0,0,0,0,0,0,0,0,0,0,0,0,0,0,0,0,0,0,0,0,0,0,0,0,0,0,0,0,0,0,0,0,0,0,0,0,0,0,0,0,0,0,0,0,0,0,0,0,0,0,0,0,0,0,0,0,0,0,0,0,0,0,0,0,0,0,0,0,0,0,0,0
2020-05-19,NV,795,0,0,0,0,0,0,0,0,0,0,0,0,0,0,0,0,0,0,0,0,0,0,0,0,0,0,0,0,0,0,0,0,0,0,0,0,0,0,0,0,0,0,0,0,0,0,0,0,0,0,0,0,0,0,0,0,0,0,0,0,0,0,0,0,0,0,0,0,0,0,0,0,0,0,0,0,0,0,0,0,0,0,0,0,0,0,0,0,0,0,0,0,0,0,0,0,0,0,0,0,0,0,0,0,0,0,0,0,0,0,0,0,0,0,0,0,0,0,0,0,0,0,0,0,0,0
2020-05-20,NV,739,0,0,0,0,0,0,0,0,0,0,0,0,0,0,0,0,0,0,0,0,0,0,0,0,0,0,0,0,0,0,0,0,0,0,0,0,0,0,0,0,0,0,0,0,0,0,0,0,0,0,0,0,0,0,0,0,0,0,0,0,0,0,0,0,0,0,0,0,0,0,0,0,0,0,0,0,0,0,0,0,0,0,0,0,0,0,0,0,0,0,0,0,0,0,0,0,0,0,0,0,0,0,0,0,0,0,0,0,0,0,0,0,0,0,0,0,0,0,0,0,0,0,0,0,0,0
2020-05-21,NV,683,0,0,0,0,0,0,0,0,0,0,0,0,0,0,0,0,0,0,0,0,0,0,0,0,0,0,0,0,0,0,0,0,0,0,0,0,0,0,0,0,0,0,0,0,0,0,0,0,0,0,0,0,0,0,0,0,0,0,0,0,0,0,0,0,0,0,0,0,0,0,0,0,0,0,0,0,0,0,0,0,0,0,0,0,0,0,0,0,0,0,0,0,0,0,0,0,0,0,0,0,0,0,0,0,0,0,0,0,0,0,0,0,0,0,0,0,0,0,0,0,0,0,0,0,0,0
2020-05-22,NV,626,0,0,0,0,0,0,0,0,0,0,0,0,0,0,0,0,0,0,0,0,0,0,0,0,0,0,0,0,0,0,0,0,0,0,0,0,0,0,0,0,0,0,0,0,0,0,0,0,0,0,0,0,0,0,0,0,0,0,0,0,0,0,0,0,0,0,0,0,0,0,0,0,0,0,0,0,0,0,0,0,0,0,0,0,0,0,0,0,0,0,0,0,0,0,0,0,0,0,0,0,0,0,0,0,0,0,0,0,0,0,0,0,0,0,0,0,0,0,0,0,0,0,0,0,0,0
2020-05-23,NV,570,0,0,0,0,0,0,0,0,0,0,0,0,0,0,0,0,0,0,0,0,0,0,0,0,0,0,0,0,0,0,0,0,0,0,0,0,0,0,0,0,0,0,0,0,0,0,0,0,0,0,0,0,0,0,0,0,0,0,0,0,0,0,0,0,0,0,0,0,0,0,0,0,0,0,0,0,0,0,0,0,0,0,0,0,0,0,0,0,0,0,0,0,0,0,0,0,0,0,0,0,0,0,0,0,0,0,0,0,0,0,0,0,0,0,0,0,0,0,0,0,0,0,0,0,0,0
2020-05-24,NV,569,0,0,0,0,0,0,0,0,0,0,0,0,0,0,0,0,0,0,0,0,0,0,0,0,0,0,0,0,0,0,0,0,0,0,0,0,0,0,0,0,0,0,0,0,0,0,0,0,0,0,0,0,0,0,0,0,0,0,0,0,0,0,0,0,0,0,0,0,0,0,0,0,0,0,0,0,0,0,0,0,0,0,0,0,0,0,0,0,0,0,0,0,0,0,0,0,0,0,0,0,0,0,0,0,0,0,0,0,0,0,0,0,0,0,0,0,0,0,0,0,0,0,0,0,0,0
2020-05-25,NV,568,0,0,0,0,0,0,0,0,0,0,0,0,0,0,0,0,0,0,0,0,0,0,0,0,0,0,0,0,0,0,0,0,0,0,0,0,0,0,0,0,0,0,0,0,0,0,0,0,0,0,0,0,0,0,0,0,0,0,0,0,0,0,0,0,0,0,0,0,0,0,0,0,0,0,0,0,0,0,0,0,0,0,0,0,0,0,0,0,0,0,0,0,0,0,0,0,0,0,0,0,0,0,0,0,0,0,0,0,0,0,0,0,0,0,0,0,0,0,0,0,0,0,0,0,0,0
2020-05-26,NV,567,0,0,0,0,0,0,0,0,0,0,0,0,0,0,0,0,0,0,0,0,0,0,0,0,0,0,0,0,0,0,0,0,0,0,0,0,0,0,0,0,0,0,0,0,0,0,0,0,0,0,0,0,0,0,0,0,0,0,0,0,0,0,0,0,0,0,0,0,0,0,0,0,0,0,0,0,0,0,0,0,0,0,0,0,0,0,0,0,0,0,0,0,0,0,0,0,0,0,0,0,0,0,0,0,0,0,0,0,0,0,0,0,0,0,0,0,0,0,0,0,0,0,0,0,0,0
2020-05-27,NV,566,0,0,0,0,0,0,0,0,0,0,0,0,0,0,0,0,0,0,0,0,0,0,0,0,0,0,0,0,0,0,0,0,0,0,0,0,0,0,0,0,0,0,0,0,0,0,0,0,0,0,0,0,0,0,0,0,0,0,0,0,0,0,0,0,0,0,0,0,0,0,0,0,0,0,0,0,0,0,0,0,0,0,0,0,0,0,0,0,0,0,0,0,0,0,0,0,0,0,0,0,0,0,0,0,0,0,0,0,0,0,0,0,0,0,0,0,0,0,0,0,0,0,0,0,0,0
2020-05-28,NV,565,0,0,0,0,0,0,0,0,0,0,0,0,0,0,0,0,0,0,0,0,0,0,0,0,0,0,0,0,0,0,0,0,0,0,0,0,0,0,0,0,0,0,0,0,0,0,0,0,0,0,0,0,0,0,0,0,0,0,0,0,0,0,0,0,0,0,0,0,0,0,0,0,0,0,0,0,0,0,0,0,0,0,0,0,0,0,0,0,0,0,0,0,0,0,0,0,0,0,0,0,0,0,0,0,0,0,0,0,0,0,0,0,0,0,0,0,0,0,0,0,0,0,0,0,0,0
2020-05-29,NV,564,0,0,0,0,0,0,0,0,0,0,0,0,0,0,0,0,0,0,0,0,0,0,0,0,0,0,0,0,0,0,0,0,0,0,0,0,0,0,0,0,0,0,0,0,0,0,0,0,0,0,0,0,0,0,0,0,0,0,0,0,0,0,0,0,0,0,0,0,0,0,0,0,0,0,0,0,0,0,0,0,0,0,0,0,0,0,0,0,0,0,0,0,0,0,0,0,0,0,0,0,0,0,0,0,0,0,0,0,0,0,0,0,0,0,0,0,0,0,0,0,0,0,0,0,0,0
2020-05-30,NV,563,0,0,0,0,0,0,0,0,0,0,0,0,0,0,0,0,0,0,0,0,0,0,0,0,0,0,0,0,0,0,0,0,0,0,0,0,0,0,0,0,0,0,0,0,0,0,0,0,0,0,0,0,0,0,0,0,0,0,0,0,0,0,0,0,0,0,0,0,0,0,0,0,0,0,0,0,0,0,0,0,0,0,0,0,0,0,0,0,0,0,0,0,0,0,0,0,0,0,0,0,0,0,0,0,0,0,0,0,0,0,0,0,0,0,0,0,0,0,0,0,0,0,0,0,0,0
2020-05-31,NV,573,0,0,0,0,0,0,0,0,0,0,0,0,0,0,0,0,0,0,0,0,0,0,0,0,0,0,0,0,0,0,0,0,0,0,0,0,0,0,0,0,0,0,0,0,0,0,0,0,0,0,0,0,0,0,0,0,0,0,0,0,0,0,0,0,0,0,0,0,0,0,0,0,0,0,0,0,0,0,0,0,0,0,0,0,0,0,0,0,0,0,0,0,0,0,0,0,0,0,0,0,0,0,0,0,0,0,0,0,0,0,0,0,0,0,0,0,0,0,0,0,0,0,0,0,0,0
2020-06-01,NV,583,0,0,0,0,0,0,0,0,0,0,0,0,0,0,0,0,0,0,0,0,0,0,0,0,0,0,0,0,0,0,0,0,0,0,0,0,0,0,0,0,0,0,0,0,0,0,0,0,0,0,0,0,0,0,0,0,0,0,0,0,0,0,0,0,0,0,0,0,0,0,0,0,0,0,0,0,0,0,0,0,0,0,0,0,0,0,0,0,0,0,0,0,0,0,0,0,0,0,0,0,0,0,0,0,0,0,0,0,0,0,0,0,0,0,0,0,0,0,0,0,0,0,0,0,0,0
2020-06-02,NV,593,0,0,0,0,0,0,0,0,0,0,0,0,0,0,0,0,0,0,0,0,0,0,0,0,0,0,0,0,0,0,0,0,0,0,0,0,0,0,0,0,0,0,0,0,0,0,0,0,0,0,0,0,0,0,0,0,0,0,0,0,0,0,0,0,0,0,0,0,0,0,0,0,0,0,0,0,0,0,0,0,0,0,0,0,0,0,0,0,0,0,0,0,0,0,0,0,0,0,0,0,0,0,0,0,0,0,0,0,0,0,0,0,0,0,0,0,0,0,0,0,0,0,0,0,0,0
2020-06-03,NV,603,0,0,0,0,0,0,0,0,0,0,0,0,0,0,0,0,0,0,0,0,0,0,0,0,0,0,0,0,0,0,0,0,0,0,0,0,0,0,0,0,0,0,0,0,0,0,0,0,0,0,0,0,0,0,0,0,0,0,0,0,0,0,0,0,0,0,0,0,0,0,0,0,0,0,0,0,0,0,0,0,0,0,0,0,0,0,0,0,0,0,0,0,0,0,0,0,0,0,0,0,0,0,0,0,0,0,0,0,0,0,0,0,0,0,0,0,0,0,0,0,0,0,0,0,0,0
2020-06-04,NV,613,0,0,0,0,0,0,0,0,0,0,0,0,0,0,0,0,0,0,0,0,0,0,0,0,0,0,0,0,0,0,0,0,0,0,0,0,0,0,0,0,0,0,0,0,0,0,0,0,0,0,0,0,0,0,0,0,0,0,0,0,0,0,0,0,0,0,0,0,0,0,0,0,0,0,0,0,0,0,0,0,0,0,0,0,0,0,0,0,0,0,0,0,0,0,0,0,0,0,0,0,0,0,0,0,0,0,0,0,0,0,0,0,0,0,0,0,0,0,0,0,0,0,0,0,0,0
2020-06-05,NV,623,0,0,0,0,0,0,0,0,0,0,0,0,0,0,0,0,0,0,0,0,0,0,0,0,0,0,0,0,0,0,0,0,0,0,0,0,0,0,0,0,0,0,0,0,0,0,0,0,0,0,0,0,0,0,0,0,0,0,0,0,0,0,0,0,0,0,0,0,0,0,0,0,0,0,0,0,0,0,0,0,0,0,0,0,0,0,0,0,0,0,0,0,0,0,0,0,0,0,0,0,0,0,0,0,0,0,0,0,0,0,0,0,0,0,0,0,0,0,0,0,0,0,0,0,0,0
2020-06-06,NV,632,0,0,0,0,0,0,0,0,0,0,0,0,0,0,0,0,0,0,0,0,0,0,0,0,0,0,0,0,0,0,0,0,0,0,0,0,0,0,0,0,0,0,0,0,0,0,0,0,0,0,0,0,0,0,0,0,0,0,0,0,0,0,0,0,0,0,0,0,0,0,0,0,0,0,0,0,0,0,0,0,0,0,0,0,0,0,0,0,0,0,0,0,0,0,0,0,0,0,0,0,0,0,0,0,0,0,0,0,0,0,0,0,0,0,0,0,0,0,0,0,0,0,0,0,0,0
2020-06-07,NV,678,0,0,0,0,0,0,0,0,0,0,0,0,0,0,0,0,0,0,0,0,0,0,0,0,0,0,0,0,0,0,0,0,0,0,0,0,0,0,0,0,0,0,0,0,0,0,0,0,0,0,0,0,0,0,0,0,0,0,0,0,0,0,0,0,0,0,0,0,0,0,0,0,0,0,0,0,0,0,0,0,0,0,0,0,0,0,0,0,0,0,0,0,0,0,0,0,0,0,0,0,0,0,0,0,0,0,0,0,0,0,0,0,0,0,0,0,0,0,0,0,0,0,0,0,0,0
2020-06-08,NV,724,0,0,0,0,0,0,0,0,0,0,0,0,0,0,0,0,0,0,0,0,0,0,0,0,0,0,0,0,0,0,0,0,0,0,0,0,0,0,0,0,0,0,0,0,0,0,0,0,0,0,0,0,0,0,0,0,0,0,0,0,0,0,0,0,0,0,0,0,0,0,0,0,0,0,0,0,0,0,0,0,0,0,0,0,0,0,0,0,0,0,0,0,0,0,0,0,0,0,0,0,0,0,0,0,0,0,0,0,0,0,0,0,0,0,0,0,0,0,0,0,0,0,0,0,0,0
2020-06-09,NV,770,0,0,0,0,0,0,0,0,0,0,0,0,0,0,0,0,0,0,0,0,0,0,0,0,0,0,0,0,0,0,0,0,0,0,0,0,0,0,0,0,0,0,0,0,0,0,0,0,0,0,0,0,0,0,0,0,0,0,0,0,0,0,0,0,0,0,0,0,0,0,0,0,0,0,0,0,0,0,0,0,0,0,0,0,0,0,0,0,0,0,0,0,0,0,0,0,0,0,0,0,0,0,0,0,0,0,0,0,0,0,0,0,0,0,0,0,0,0,0,0,0,0,0,0,0,0
2020-06-10,NV,816,0,0,0,0,0,0,0,0,0,0,0,0,0,0,0,0,0,0,0,0,0,0,0,0,0,0,0,0,0,0,0,0,0,0,0,0,0,0,0,0,0,0,0,0,0,0,0,0,0,0,0,0,0,0,0,0,0,0,0,0,0,0,0,0,0,0,0,0,0,0,0,0,0,0,0,0,0,0,0,0,0,0,0,0,0,0,0,0,0,0,0,0,0,0,0,0,0,0,0,0,0,0,0,0,0,0,0,0,0,0,0,0,0,0,0,0,0,0,0,0,0,0,0,0,0,0
2020-06-11,NV,862,0,0,0,0,0,0,0,0,0,0,0,0,0,0,0,0,0,0,0,0,0,0,0,0,0,0,0,0,0,0,0,0,0,0,0,0,0,0,0,0,0,0,0,0,0,0,0,0,0,0,0,0,0,0,0,0,0,0,0,0,0,0,0,0,0,0,0,0,0,0,0,0,0,0,0,0,0,0,0,0,0,0,0,0,0,0,0,0,0,0,0,0,0,0,0,0,0,0,0,0,0,0,0,0,0,0,0,0,0,0,0,0,0,0,0,0,0,0,0,0,0,0,0,0,0,0
2020-06-12,NV,908,0,0,0,0,0,0,0,0,0,0,0,0,0,0,0,0,0,0,0,0,0,0,0,0,0,0,0,0,0,0,0,0,0,0,0,0,0,0,0,0,0,0,0,0,0,0,0,0,0,0,0,0,0,0,0,0,0,0,0,0,0,0,0,0,0,0,0,0,0,0,0,0,0,0,0,0,0,0,0,0,0,0,0,0,0,0,0,0,0,0,0,0,0,0,0,0,0,0,0,0,0,0,0,0,0,0,0,0,0,0,0,0,0,0,0,0,0,0,0,0,0,0,0,0,0,0
2020-06-13,NV,954,0,0,0,0,0,0,0,0,0,0,0,0,0,0,0,0,0,0,0,0,0,0,0,0,0,0,0,0,0,0,0,0,0,0,0,0,0,0,0,0,0,0,0,0,0,0,0,0,0,0,0,0,0,0,0,0,0,0,0,0,0,0,0,0,0,0,0,0,0,0,0,0,0,0,0,0,0,0,0,0,0,0,0,0,0,0,0,0,0,0,0,0,0,0,0,0,0,0,0,0,0,0,0,0,0,0,0,0,0,0,0,0,0,0,0,0,0,0,0,0,0,0,0,0,0,0
2020-06-14,NV,945,0,0,0,0,0,0,0,0,0,0,0,0,0,0,0,0,0,0,0,0,0,0,0,0,0,0,0,0,0,0,0,0,0,0,0,0,0,0,0,0,0,0,0,0,0,0,0,0,0,0,0,0,0,0,0,0,0,0,0,0,0,0,0,0,0,0,0,0,0,0,0,0,0,0,0,0,0,0,0,0,0,0,0,0,0,0,0,0,0,0,0,0,0,0,0,0,0,0,0,0,0,0,0,0,0,0,0,0,0,0,0,0,0,0,0,0,0,0,0,0,0,0,0,0,0,0
2020-06-15,NV,935,0,0,0,0,0,0,0,0,0,0,0,0,0,0,0,0,0,0,0,0,0,0,0,0,0,0,0,0,0,0,0,0,0,0,0,0,0,0,0,0,0,0,0,0,0,0,0,0,0,0,0,0,0,0,0,0,0,0,0,0,0,0,0,0,0,0,0,0,0,0,0,0,0,0,0,0,0,0,0,0,0,0,0,0,0,0,0,0,0,0,0,0,0,0,0,0,0,0,0,0,0,0,0,0,0,0,0,0,0,0,0,0,0,0,0,0,0,0,0,0,0,0,0,0,0,0
2020-06-16,NV,926,0,0,0,0,0,0,0,0,0,0,0,0,0,0,0,0,0,0,0,0,0,0,0,0,0,0,0,0,0,0,0,0,0,0,0,0,0,0,0,0,0,0,0,0,0,0,0,0,0,0,0,0,0,0,0,0,0,0,0,0,0,0,0,0,0,0,0,0,0,0,0,0,0,0,0,0,0,0,0,0,0,0,0,0,0,0,0,0,0,0,0,0,0,0,0,0,0,0,0,0,0,0,0,0,0,0,0,0,0,0,0,0,0,0,0,0,0,0,0,0,0,0,0,0,0,0
2020-06-17,NV,917,0,0,0,0,0,0,0,0,0,0,0,0,0,0,0,0,0,0,0,0,0,0,0,0,0,0,0,0,0,0,0,0,0,0,0,0,0,0,0,0,0,0,0,0,0,0,0,0,0,0,0,0,0,0,0,0,0,0,0,0,0,0,0,0,0,0,0,0,0,0,0,0,0,0,0,0,0,0,0,0,0,0,0,0,0,0,0,0,0,0,0,0,0,0,0,0,0,0,0,0,0,0,0,0,0,0,0,0,0,0,0,0,0,0,0,0,0,0,0,0,0,0,0,0,0,0
2020-06-18,NV,908,0,0,0,0,0,0,0,0,0,0,0,0,0,0,0,0,0,0,0,0,0,0,0,0,0,0,0,0,0,0,0,0,0,0,0,0,0,0,0,0,0,0,0,0,0,0,0,0,0,0,0,0,0,0,0,0,0,0,0,0,0,0,0,0,0,0,0,0,0,0,0,0,0,0,0,0,0,0,0,0,0,0,0,0,0,0,0,0,0,0,0,0,0,0,0,0,0,0,0,0,0,0,0,0,0,0,0,0,0,0,0,0,0,0,0,0,0,0,0,0,0,0,0,0,0,0
2020-06-19,NV,898,0,0,0,0,0,0,0,0,0,0,0,0,0,0,0,0,0,0,0,0,0,0,0,0,0,0,0,0,0,0,0,0,0,0,0,0,0,0,0,0,0,0,0,0,0,0,0,0,0,0,0,0,0,0,0,0,0,0,0,0,0,0,0,0,0,0,0,0,0,0,0,0,0,0,0,0,0,0,0,0,0,0,0,0,0,0,0,0,0,0,0,0,0,0,0,0,0,0,0,0,0,0,0,0,0,0,0,0,0,0,0,0,0,0,0,0,0,0,0,0,0,0,0,0,0,0
2020-06-20,NV,889,0,0,0,0,0,0,0,0,0,0,0,0,0,0,0,0,0,0,0,0,0,0,0,0,0,0,0,0,0,0,0,0,0,0,0,0,0,0,0,0,0,0,0,0,0,0,0,0,0,0,0,0,0,0,0,0,0,0,0,0,0,0,0,0,0,0,0,0,0,0,0,0,0,0,0,0,0,0,0,0,0,0,0,0,0,0,0,0,0,0,0,0,0,0,0,0,0,0,0,0,0,0,0,0,0,0,0,0,0,0,0,0,0,0,0,0,0,0,0,0,0,0,0,0,0,0
2020-06-21,NV,883,0,0,0,0,0,0,0,0,0,0,0,0,0,0,0,0,0,0,0,0,0,0,0,0,0,0,0,0,0,0,0,0,0,0,0,0,0,0,0,0,0,0,0,0,0,0,0,0,0,0,0,0,0,0,0,0,0,0,0,0,0,0,0,0,0,0,0,0,0,0,0,0,0,0,0,0,0,0,0,0,0,0,0,0,0,0,0,0,0,0,0,0,0,0,0,0,0,0,0,0,0,0,0,0,0,0,0,0,0,0,0,0,0,0,0,0,0,0,0,0,0,0,0,0,0,0
2020-06-22,NV,876,0,0,0,0,0,0,0,0,0,0,0,0,0,0,0,0,0,0,0,0,0,0,0,0,0,0,0,0,0,0,0,0,0,0,0,0,0,0,0,0,0,0,0,0,0,0,0,0,0,0,0,0,0,0,0,0,0,0,0,0,0,0,0,0,0,0,0,0,0,0,0,0,0,0,0,0,0,0,0,0,0,0,0,0,0,0,0,0,0,0,0,0,0,0,0,0,0,0,0,0,0,0,0,0,0,0,0,0,0,0,0,0,0,0,0,0,0,0,0,0,0,0,0,0,0,0
2020-06-23,NV,869,0,0,0,0,0,0,0,0,0,0,0,0,0,0,0,0,0,0,0,0,0,0,0,0,0,0,0,0,0,0,0,0,0,0,0,0,0,0,0,0,0,0,0,0,0,0,0,0,0,0,0,0,0,0,0,0,0,0,0,0,0,0,0,0,0,0,0,0,0,0,0,0,0,0,0,0,0,0,0,0,0,0,0,0,0,0,0,0,0,0,0,0,0,0,0,0,0,0,0,0,0,0,0,0,0,0,0,0,0,0,0,0,0,0,0,0,0,0,0,0,0,0,0,0,0,0
2020-06-24,NV,863,0,0,0,0,0,0,0,0,0,0,0,0,0,0,0,0,0,0,0,0,0,0,0,0,0,0,0,0,0,0,0,0,0,0,0,0,0,0,0,0,0,0,0,0,0,0,0,0,0,0,0,0,0,0,0,0,0,0,0,0,0,0,0,0,0,0,0,0,0,0,0,0,0,0,0,0,0,0,0,0,0,0,0,0,0,0,0,0,0,0,0,0,0,0,0,0,0,0,0,0,0,0,0,0,0,0,0,0,0,0,0,0,0,0,0,0,0,0,0,0,0,0,0,0,0,0
2020-06-25,NV,856,0,0,0,0,0,0,0,0,0,0,0,0,0,0,0,0,0,0,0,0,0,0,0,0,0,0,0,0,0,0,0,0,0,0,0,0,0,0,0,0,0,0,0,0,0,0,0,0,0,0,0,0,0,0,0,0,0,0,0,0,0,0,0,0,0,0,0,0,0,0,0,0,0,0,0,0,0,0,0,0,0,0,0,0,0,0,0,0,0,0,0,0,0,0,0,0,0,0,0,0,0,0,0,0,0,0,0,0,0,0,0,0,0,0,0,0,0,0,0,0,0,0,0,0,0,0
2020-06-26,NV,850,0,0,0,0,0,0,0,0,0,0,0,0,0,0,0,0,0,0,0,0,0,0,0,0,0,0,0,0,0,0,0,0,0,0,0,0,0,0,0,0,0,0,0,0,0,0,0,0,0,0,0,0,0,0,0,0,0,0,0,0,0,0,0,0,0,0,0,0,0,0,0,0,0,0,0,0,0,0,0,0,0,0,0,0,0,0,0,0,0,0,0,0,0,0,0,0,0,0,0,0,0,0,0,0,0,0,0,0,0,0,0,0,0,0,0,0,0,0,0,0,0,0,0,0,0,0
2020-06-27,NV,843,0,0,0,0,0,0,0,0,0,0,0,0,0,0,0,0,0,0,0,0,0,0,0,0,0,0,0,0,0,0,0,0,0,0,0,0,0,0,0,0,0,0,0,0,0,0,0,0,0,0,0,0,0,0,0,0,0,0,0,0,0,0,0,0,0,0,0,0,0,0,0,0,0,0,0,0,0,0,0,0,0,0,0,0,0,0,0,0,0,0,0,0,0,0,0,0,0,0,0,0,0,0,0,0,0,0,0,0,0,0,0,0,0,0,0,0,0,0,0,0,0,0,0,0,0,0
2020-06-28,NV,911,0,0,0,0,0,0,0,0,0,0,0,0,0,0,0,0,0,0,0,0,0,0,0,0,0,0,0,0,0,0,0,0,0,0,0,0,0,0,0,0,0,0,0,0,0,0,0,0,0,0,0,0,0,0,0,0,0,0,0,0,0,0,0,0,0,0,0,0,0,0,0,0,0,0,0,0,0,0,0,0,0,0,0,0,0,0,0,0,0,0,0,0,0,0,0,0,0,0,0,0,0,0,0,0,0,0,0,0,0,0,0,0,0,0,0,0,0,0,0,0,0,0,0,0,0,0
2020-06-29,NV,979,0,0,0,0,0,0,0,0,0,0,0,0,0,0,0,0,0,0,0,0,0,0,0,0,0,0,0,0,0,0,0,0,0,0,0,0,0,0,0,0,0,0,0,0,0,0,0,0,0,0,0,0,0,0,0,0,0,0,0,0,0,0,0,0,0,0,0,0,0,0,0,0,0,0,0,0,0,0,0,0,0,0,0,0,0,0,0,0,0,0,0,0,0,0,0,0,0,0,0,0,0,0,0,0,0,0,0,0,0,0,0,0,0,0,0,0,0,0,0,0,0,0,0,0,0,0
2020-06-30,NV,1047,0,0,0,0,0,0,0,0,0,0,0,0,0,0,0,0,0,0,0,0,0,0,0,0,0,0,0,0,0,0,0,0,0,0,0,0,0,0,0,0,0,0,0,0,0,0,0,0,0,0,0,0,0,0,0,0,0,0,0,0,0,0,0,0,0,0,0,0,0,0,0,0,0,0,0,0,0,0,0,0,0,0,0,0,0,0,0,0,0,0,0,0,0,0,0,0,0,0,0,0,0,0,0,0,0,0,0,0,0,0,0,0,0,0,0,0,0,0,0,0,0,0,0,0,0,0
2020-07-01,NV,1115,0,0,0,0,0,0,0,0,0,0,0,0,0,0,0,0,0,0,0,0,0,0,0,0,0,0,0,0,0,0,0,0,0,0,0,0,0,0,0,0,0,0,0,0,0,0,0,0,0,0,0,0,0,0,0,0,0,0,0,0,0,0,0,0,0,0,0,0,0,0,0,0,0,0,0,0,0,0,0,0,0,0,0,0,0,0,0,0,0,0,0,0,0,0,0,0,0,0,0,0,0,0,0,0,0,0,0,0,0,0,0,0,0,0,0,0,0,0,0,0,0,0,0,0,0,0
2020-07-02,NV,1183,0,0,0,0,0,0,0,0,0,0,0,0,0,0,0,0,0,0,0,0,0,0,0,0,0,0,0,0,0,0,0,0,0,0,0,0,0,0,0,0,0,0,0,0,0,0,0,0,0,0,0,0,0,0,0,0,0,0,0,0,0,0,0,0,0,0,0,0,0,0,0,0,0,0,0,0,0,0,0,0,0,0,0,0,0,0,0,0,0,0,0,0,0,0,0,0,0,0,0,0,0,0,0,0,0,0,0,0,0,0,0,0,0,0,0,0,0,0,0,0,0,0,0,0,0,0
2020-07-03,NV,1251,0,0,0,0,0,0,0,0,0,0,0,0,0,0,0,0,0,0,0,0,0,0,0,0,0,0,0,0,0,0,0,0,0,0,0,0,0,0,0,0,0,0,0,0,0,0,0,0,0,0,0,0,0,0,0,0,0,0,0,0,0,0,0,0,0,0,0,0,0,0,0,0,0,0,0,0,0,0,0,0,0,0,0,0,0,0,0,0,0,0,0,0,0,0,0,0,0,0,0,0,0,0,0,0,0,0,0,0,0,0,0,0,0,0,0,0,0,0,0,0,0,0,0,0,0,0
2020-07-04,NV,1319,0,0,0,0,0,0,0,0,0,0,0,0,0,0,0,0,0,0,0,0,0,0,0,0,0,0,0,0,0,0,0,0,0,0,0,0,0,0,0,0,0,0,0,0,0,0,0,0,0,0,0,0,0,0,0,0,0,0,0,0,0,0,0,0,0,0,0,0,0,0,0,0,0,0,0,0,0,0,0,0,0,0,0,0,0,0,0,0,0,0,0,0,0,0,0,0,0,0,0,0,0,0,0,0,0,0,0,0,0,0,0,0,0,0,0,0,0,0,0,0,0,0,0,0,0,0
2020-07-05,NV,1348,0,0,0,0,0,0,0,0,0,0,0,0,0,0,0,0,0,0,0,0,0,0,0,0,0,0,0,0,0,0,0,0,0,0,0,0,0,0,0,0,0,0,0,0,0,0,0,0,0,0,0,0,0,0,0,0,0,0,0,0,0,0,0,0,0,0,0,0,0,0,0,0,0,0,0,0,0,0,0,0,0,0,0,0,0,0,0,0,0,0,0,0,0,0,0,0,0,0,0,0,0,0,0,0,0,0,0,0,0,0,0,0,0,0,0,0,0,0,0,0,0,0,0,0,0,0
2020-07-06,NV,1377,0,0,0,0,0,0,0,0,0,0,0,0,0,0,0,0,0,0,0,0,0,0,0,0,0,0,0,0,0,0,0,0,0,0,0,0,0,0,0,0,0,0,0,0,0,0,0,0,0,0,0,0,0,0,0,0,0,0,0,0,0,0,0,0,0,0,0,0,0,0,0,0,0,0,0,0,0,0,0,0,0,0,0,0,0,0,0,0,0,0,0,0,0,0,0,0,0,0,0,0,0,0,0,0,0,0,0,0,0,0,0,0,0,0,0,0,0,0,0,0,0,0,0,0,0,0
2020-07-07,NV,1406,0,0,0,0,0,0,0,0,0,0,0,0,0,0,0,0,0,0,0,0,0,0,0,0,0,0,0,0,0,0,0,0,0,0,0,0,0,0,0,0,0,0,0,0,0,0,0,0,0,0,0,0,0,0,0,0,0,0,0,0,0,0,0,0,0,0,0,0,0,0,0,0,0,0,0,0,0,0,0,0,0,0,0,0,0,0,0,0,0,0,0,0,0,0,0,0,0,0,0,0,0,0,0,0,0,0,0,0,0,0,0,0,0,0,0,0,0,0,0,0,0,0,0,0,0,0
2020-07-08,NV,1435,0,0,0,0,0,0,0,0,0,0,0,0,0,0,0,0,0,0,0,0,0,0,0,0,0,0,0,0,0,0,0,0,0,0,0,0,0,0,0,0,0,0,0,0,0,0,0,0,0,0,0,0,0,0,0,0,0,0,0,0,0,0,0,0,0,0,0,0,0,0,0,0,0,0,0,0,0,0,0,0,0,0,0,0,0,0,0,0,0,0,0,0,0,0,0,0,0,0,0,0,0,0,0,0,0,0,0,0,0,0,0,0,0,0,0,0,0,0,0,0,0,0,0,0,0,0
2020-07-09,NV,1465,0,0,0,0,0,0,0,0,0,0,0,0,0,0,0,0,0,0,0,0,0,0,0,0,0,0,0,0,0,0,0,0,0,0,0,0,0,0,0,0,0,0,0,0,0,0,0,0,0,0,0,0,0,0,0,0,0,0,0,0,0,0,0,0,0,0,0,0,0,0,0,0,0,0,0,0,0,0,0,0,0,0,0,0,0,0,0,0,0,0,0,0,0,0,0,0,0,0,0,0,0,0,0,0,0,0,0,0,0,0,0,0,0,0,0,0,0,0,0,0,0,0,0,0,0,0
2020-07-10,NV,1494,0,0,0,0,0,0,0,0,0,0,0,0,0,0,0,0,0,0,0,0,0,0,0,0,0,0,0,0,0,0,0,0,0,0,0,0,0,0,0,0,0,0,0,0,0,0,0,0,0,0,0,0,0,0,0,0,0,0,0,0,0,0,0,0,0,0,0,0,0,0,0,0,0,0,0,0,0,0,0,0,0,0,0,0,0,0,0,0,0,0,0,0,0,0,0,0,0,0,0,0,0,0,0,0,0,0,0,0,0,0,0,0,0,0,0,0,0,0,0,0,0,0,0,0,0,0
2020-07-11,NV,1523,0,0,0,0,0,0,0,0,0,0,0,0,0,0,0,0,0,0,0,0,0,0,0,0,0,0,0,0,0,0,0,0,0,0,0,0,0,0,0,0,0,0,0,0,0,0,0,0,0,0,0,0,0,0,0,0,0,0,0,0,0,0,0,0,0,0,0,0,0,0,0,0,0,0,0,0,0,0,0,0,0,0,0,0,0,0,0,0,0,0,0,0,0,0,0,0,0,0,0,0,0,0,0,0,0,0,0,0,0,0,0,0,0,0,0,0,0,0,0,0,0,0,0,0,0,0
2020-07-12,NV,1585,0,0,0,0,0,0,0,0,0,0,0,0,0,0,0,0,0,0,0,0,0,0,0,0,0,0,0,0,0,0,0,0,0,0,0,0,0,0,0,0,0,0,0,0,0,0,0,0,0,0,0,0,0,0,0,0,0,0,0,0,0,0,0,0,0,0,0,0,0,0,0,0,0,0,0,0,0,0,0,0,0,0,0,0,0,0,0,0,0,0,0,0,0,0,0,0,0,0,0,0,0,0,0,0,0,0,0,0,0,0,0,0,0,0,0,0,0,0,0,0,0,0,0,0,0,0
2020-07-13,NV,1648,0,0,0,0,0,0,0,0,0,0,0,0,0,0,0,0,0,0,0,0,0,0,0,0,0,0,0,0,0,0,0,0,0,0,0,0,0,0,0,0,0,0,0,0,0,0,0,0,0,0,0,0,0,0,0,0,0,0,0,0,0,0,0,0,0,0,0,0,0,0,0,0,0,0,0,0,0,0,0,0,0,0,0,0,0,0,0,0,0,0,0,0,0,0,0,0,0,0,0,0,0,0,0,0,0,0,0,0,0,0,0,0,0,0,0,0,0,0,0,0,0,0,0,0,0,0
2020-07-14,NV,1710,0,0,0,0,0,0,0,0,0,0,0,0,0,0,0,0,0,0,0,0,0,0,0,0,0,0,0,0,0,0,0,0,0,0,0,0,0,0,0,0,0,0,0,0,0,0,0,0,0,0,0,0,0,0,0,0,0,0,0,0,0,0,0,0,0,0,0,0,0,0,0,0,0,0,0,0,0,0,0,0,0,0,0,0,0,0,0,0,0,0,0,0,0,0,0,0,0,0,0,0,0,0,0,0,0,0,0,0,0,0,0,0,0,0,0,0,0,0,0,0,0,0,0,0,0,0
2020-07-15,NV,1772,0,0,0,0,0,0,0,0,0,0,0,0,0,0,0,0,0,0,0,0,0,0,0,0,0,0,0,0,0,0,0,0,0,0,0,0,0,0,0,0,0,0,0,0,0,0,0,0,0,0,0,0,0,0,0,0,0,0,0,0,0,0,0,0,0,0,0,0,0,0,0,0,0,0,0,0,0,0,0,0,0,0,0,0,0,0,0,0,0,0,0,0,0,0,0,0,0,0,0,0,0,0,0,0,0,0,0,0,0,0,0,0,0,0,0,0,0,0,0,0,0,0,0,0,0,0
2020-07-16,NV,1835,0,0,0,0,0,0,0,0,0,0,0,0,0,0,0,0,0,0,0,0,0,0,0,0,0,0,0,0,0,0,0,0,0,0,0,0,0,0,0,0,0,0,0,0,0,0,0,0,0,0,0,0,0,0,0,0,0,0,0,0,0,0,0,0,0,0,0,0,0,0,0,0,0,0,0,0,0,0,0,0,0,0,0,0,0,0,0,0,0,0,0,0,0,0,0,0,0,0,0,0,0,0,0,0,0,0,0,0,0,0,0,0,0,0,0,0,0,0,0,0,0,0,0,0,0,0
2020-07-17,NV,1897,0,0,0,0,0,0,0,0,0,0,0,0,0,0,0,0,0,0,0,0,0,0,0,0,0,0,0,0,0,0,0,0,0,0,0,0,0,0,0,0,0,0,0,0,0,0,0,0,0,0,0,0,0,0,0,0,0,0,0,0,0,0,0,0,0,0,0,0,0,0,0,0,0,0,0,0,0,0,0,0,0,0,0,0,0,0,0,0,0,0,0,0,0,0,0,0,0,0,0,0,0,0,0,0,0,0,0,0,0,0,0,0,0,0,0,0,0,0,0,0,0,0,0,0,0,0
2020-07-18,NV,1959,0,0,0,0,0,0,0,0,0,0,0,0,0,0,0,0,0,0,0,0,0,0,0,0,0,0,0,0,0,0,0,0,0,0,0,0,0,0,0,0,0,0,0,0,0,0,0,0,0,0,0,0,0,0,0,0,0,0,0,0,0,0,0,0,0,0,0,0,0,0,0,0,0,0,0,0,0,0,0,0,0,0,0,0,0,0,0,0,0,0,0,0,0,0,0,0,0,0,0,0,0,0,0,0,0,0,0,0,0,0,0,0,0,0,0,0,0,0,0,0,0,0,0,0,0,0
2020-07-19,NV,1878,0,0,0,0,0,0,0,0,0,0,0,0,0,0,0,0,0,0,0,0,0,0,0,0,0,0,0,0,0,0,0,0,0,0,0,0,0,0,0,0,0,0,0,0,0,0,0,0,0,0,0,0,0,0,0,0,0,0,0,0,0,0,0,0,0,0,0,0,0,0,0,0,0,0,0,0,0,0,0,0,0,0,0,0,0,0,0,0,0,0,0,0,0,0,0,0,0,0,0,0,0,0,0,0,0,0,0,0,0,0,0,0,0,0,0,0,0,0,0,0,0,0,0,0,0,0
2020-07-20,NV,1797,0,0,0,0,0,0,0,0,0,0,0,0,0,0,0,0,0,0,0,0,0,0,0,0,0,0,0,0,0,0,0,0,0,0,0,0,0,0,0,0,0,0,0,0,0,0,0,0,0,0,0,0,0,0,0,0,0,0,0,0,0,0,0,0,0,0,0,0,0,0,0,0,0,0,0,0,0,0,0,0,0,0,0,0,0,0,0,0,0,0,0,0,0,0,0,0,0,0,0,0,0,0,0,0,0,0,0,0,0,0,0,0,0,0,0,0,0,0,0,0,0,0,0,0,0,0
2020-07-21,NV,1716,0,0,0,0,0,0,0,0,0,0,0,0,0,0,0,0,0,0,0,0,0,0,0,0,0,0,0,0,0,0,0,0,0,0,0,0,0,0,0,0,0,0,0,0,0,0,0,0,0,0,0,0,0,0,0,0,0,0,0,0,0,0,0,0,0,0,0,0,0,0,0,0,0,0,0,0,0,0,0,0,0,0,0,0,0,0,0,0,0,0,0,0,0,0,0,0,0,0,0,0,0,0,0,0,0,0,0,0,0,0,0,0,0,0,0,0,0,0,0,0,0,0,0,0,0,0
2020-07-22,NV,1634,0,0,0,0,0,0,0,0,0,0,0,0,0,0,0,0,0,0,0,0,0,0,0,0,0,0,0,0,0,0,0,0,0,0,0,0,0,0,0,0,0,0,0,0,0,0,0,0,0,0,0,0,0,0,0,0,0,0,0,0,0,0,0,0,0,0,0,0,0,0,0,0,0,0,0,0,0,0,0,0,0,0,0,0,0,0,0,0,0,0,0,0,0,0,0,0,0,0,0,0,0,0,0,0,0,0,0,0,0,0,0,0,0,0,0,0,0,0,0,0,0,0,0,0,0,0
2020-07-23,NV,1553,0,0,0,0,0,0,0,0,0,0,0,0,0,0,0,0,0,0,0,0,0,0,0,0,0,0,0,0,0,0,0,0,0,0,0,0,0,0,0,0,0,0,0,0,0,0,0,0,0,0,0,0,0,0,0,0,0,0,0,0,0,0,0,0,0,0,0,0,0,0,0,0,0,0,0,0,0,0,0,0,0,0,0,0,0,0,0,0,0,0,0,0,0,0,0,0,0,0,0,0,0,0,0,0,0,0,0,0,0,0,0,0,0,0,0,0,0,0,0,0,0,0,0,0,0,0
2020-07-24,NV,1472,0,0,0,0,0,0,0,0,0,0,0,0,0,0,0,0,0,0,0,0,0,0,0,0,0,0,0,0,0,0,0,0,0,0,0,0,0,0,0,0,0,0,0,0,0,0,0,0,0,0,0,0,0,0,0,0,0,0,0,0,0,0,0,0,0,0,0,0,0,0,0,0,0,0,0,0,0,0,0,0,0,0,0,0,0,0,0,0,0,0,0,0,0,0,0,0,0,0,0,0,0,0,0,0,0,0,0,0,0,0,0,0,0,0,0,0,0,0,0,0,0,0,0,0,0,0
2020-07-25,NV,1391,0,0,0,0,0,0,0,0,0,0,0,0,0,0,0,0,0,0,0,0,0,0,0,0,0,0,0,0,0,0,0,0,0,0,0,0,0,0,0,0,0,0,0,0,0,0,0,0,0,0,0,0,0,0,0,0,0,0,0,0,0,0,0,0,0,0,0,0,0,0,0,0,0,0,0,0,0,0,0,0,0,0,0,0,0,0,0,0,0,0,0,0,0,0,0,0,0,0,0,0,0,0,0,0,0,0,0,0,0,0,0,0,0,0,0,0,0,0,0,0,0,0,0,0,0,0
2020-07-26,NV,1390,0,0,0,0,0,0,0,0,0,0,0,0,0,0,0,0,0,0,0,0,0,0,0,0,0,0,0,0,0,0,0,0,0,0,0,0,0,0,0,0,0,0,0,0,0,0,0,0,0,0,0,0,0,0,0,0,0,0,0,0,0,0,0,0,0,0,0,0,0,0,0,0,0,0,0,0,0,0,0,0,0,0,0,0,0,0,0,0,0,0,0,0,0,0,0,0,0,0,0,0,0,0,0,0,0,0,0,0,0,0,0,0,0,0,0,0,0,0,0,0,0,0,0,0,0,0
2020-07-27,NV,1389,0,0,0,0,0,0,0,0,0,0,0,0,0,0,0,0,0,0,0,0,0,0,0,0,0,0,0,0,0,0,0,0,0,0,0,0,0,0,0,0,0,0,0,0,0,0,0,0,0,0,0,0,0,0,0,0,0,0,0,0,0,0,0,0,0,0,0,0,0,0,0,0,0,0,0,0,0,0,0,0,0,0,0,0,0,0,0,0,0,0,0,0,0,0,0,0,0,0,0,0,0,0,0,0,0,0,0,0,0,0,0,0,0,0,0,0,0,0,0,0,0,0,0,0,0,0
2020-07-28,NV,1388,0,0,0,0,0,0,0,0,0,0,0,0,0,0,0,0,0,0,0,0,0,0,0,0,0,0,0,0,0,0,0,0,0,0,0,0,0,0,0,0,0,0,0,0,0,0,0,0,0,0,0,0,0,0,0,0,0,0,0,0,0,0,0,0,0,0,0,0,0,0,0,0,0,0,0,0,0,0,0,0,0,0,0,0,0,0,0,0,0,0,0,0,0,0,0,0,0,0,0,0,0,0,0,0,0,0,0,0,0,0,0,0,0,0,0,0,0,0,0,0,0,0,0,0,0,0
2020-07-29,NV,1388,0,0,0,0,0,0,0,0,0,0,0,0,0,0,0,0,0,0,0,0,0,0,0,0,0,0,0,0,0,0,0,0,0,0,0,0,0,0,0,0,0,0,0,0,0,0,0,0,0,0,0,0,0,0,0,0,0,0,0,0,0,0,0,0,0,0,0,0,0,0,0,0,0,0,0,0,0,0,0,0,0,0,0,0,0,0,0,0,0,0,0,0,0,0,0,0,0,0,0,0,0,0,0,0,0,0,0,0,0,0,0,0,0,0,0,0,0,0,0,0,0,0,0,0,0,0
2020-07-30,NV,1387,0,0,0,0,0,0,0,0,0,0,0,0,0,0,0,0,0,0,0,0,0,0,0,0,0,0,0,0,0,0,0,0,0,0,0,0,0,0,0,0,0,0,0,0,0,0,0,0,0,0,0,0,0,0,0,0,0,0,0,0,0,0,0,0,0,0,0,0,0,0,0,0,0,0,0,0,0,0,0,0,0,0,0,0,0,0,0,0,0,0,0,0,0,0,0,0,0,0,0,0,0,0,0,0,0,0,0,0,0,0,0,0,0,0,0,0,0,0,0,0,0,0,0,0,0,0
2020-07-31,NV,1386,0,0,0,0,0,0,0,0,0,0,0,0,0,0,0,0,0,0,0,0,0,0,0,0,0,0,0,0,0,0,0,0,0,0,0,0,0,0,0,0,0,0,0,0,0,0,0,0,0,0,0,0,0,0,0,0,0,0,0,0,0,0,0,0,0,0,0,0,0,0,0,0,0,0,0,0,0,0,0,0,0,0,0,0,0,0,0,0,0,0,0,0,0,0,0,0,0,0,0,0,0,0,0,0,0,0,0,0,0,0,0,0,0,0,0,0,0,0,0,0,0,0,0,0,0,0
2020-08-01,NV,1386,0,0,0,0,0,0,0,0,0,0,0,0,0,0,0,0,0,0,0,0,0,0,0,0,0,0,0,0,0,0,0,0,0,0,0,0,0,0,0,0,0,0,0,0,0,0,0,0,0,0,0,0,0,0,0,0,0,0,0,0,0,0,0,0,0,0,0,0,0,0,0,0,0,0,0,0,0,0,0,0,0,0,0,0,0,0,0,0,0,0,0,0,0,0,0,0,0,0,0,0,0,0,0,0,0,0,0,0,0,0,0,0,0,0,0,0,0,0,0,0,0,0,0,0,0,0
2020-08-02,NV,1388,0,0,0,0,0,0,0,0,0,0,0,0,0,0,0,0,0,0,0,0,0,0,0,0,0,0,0,0,0,0,0,0,0,0,0,0,0,0,0,0,0,0,0,0,0,0,0,0,0,0,0,0,0,0,0,0,0,0,0,0,0,0,0,0,0,0,0,0,0,0,0,0,0,0,0,0,0,0,0,0,0,0,0,0,0,0,0,0,0,0,0,0,0,0,0,0,0,0,0,0,0,0,0,0,0,0,0,0,0,0,0,0,0,0,0,0,0,0,0,0,0,0,0,0,0,0
2020-08-03,NV,1389,0,0,0,0,0,0,0,0,0,0,0,0,0,0,0,0,0,0,0,0,0,0,0,0,0,0,0,0,0,0,0,0,0,0,0,0,0,0,0,0,0,0,0,0,0,0,0,0,0,0,0,0,0,0,0,0,0,0,0,0,0,0,0,0,0,0,0,0,0,0,0,0,0,0,0,0,0,0,0,0,0,0,0,0,0,0,0,0,0,0,0,0,0,0,0,0,0,0,0,0,0,0,0,0,0,0,0,0,0,0,0,0,0,0,0,0,0,0,0,0,0,0,0,0,0,0
2020-08-04,NV,1391,0,0,0,0,0,0,0,0,0,0,0,0,0,0,0,0,0,0,0,0,0,0,0,0,0,0,0,0,0,0,0,0,0,0,0,0,0,0,0,0,0,0,0,0,0,0,0,0,0,0,0,0,0,0,0,0,0,0,0,0,0,0,0,0,0,0,0,0,0,0,0,0,0,0,0,0,0,0,0,0,0,0,0,0,0,0,0,0,0,0,0,0,0,0,0,0,0,0,0,0,0,0,0,0,0,0,0,0,0,0,0,0,0,0,0,0,0,0,0,0,0,0,0,0,0,0
2020-08-05,NV,1393,0,0,0,0,0,0,0,0,0,0,0,0,0,0,0,0,0,0,0,0,0,0,0,0,0,0,0,0,0,0,0,0,0,0,0,0,0,0,0,0,0,0,0,0,0,0,0,0,0,0,0,0,0,0,0,0,0,0,0,0,0,0,0,0,0,0,0,0,0,0,0,0,0,0,0,0,0,0,0,0,0,0,0,0,0,0,0,0,0,0,0,0,0,0,0,0,0,0,0,0,0,0,0,0,0,0,0,0,0,0,0,0,0,0,0,0,0,0,0,0,0,0,0,0,0,0
2020-08-06,NV,1395,0,0,0,0,0,0,0,0,0,0,0,0,0,0,0,0,0,0,0,0,0,0,0,0,0,0,0,0,0,0,0,0,0,0,0,0,0,0,0,0,0,0,0,0,0,0,0,0,0,0,0,0,0,0,0,0,0,0,0,0,0,0,0,0,0,0,0,0,0,0,0,0,0,0,0,0,0,0,0,0,0,0,0,0,0,0,0,0,0,0,0,0,0,0,0,0,0,0,0,0,0,0,0,0,0,0,0,0,0,0,0,0,0,0,0,0,0,0,0,0,0,0,0,0,0,0
2020-08-07,NV,1397,0,0,0,0,0,0,0,0,0,0,0,0,0,0,0,0,0,0,0,0,0,0,0,0,0,0,0,0,0,0,0,0,0,0,0,0,0,0,0,0,0,0,0,0,0,0,0,0,0,0,0,0,0,0,0,0,0,0,0,0,0,0,0,0,0,0,0,0,0,0,0,0,0,0,0,0,0,0,0,0,0,0,0,0,0,0,0,0,0,0,0,0,0,0,0,0,0,0,0,0,0,0,0,0,0,0,0,0,0,0,0,0,0,0,0,0,0,0,0,0,0,0,0,0,0,0
2020-08-08,NV,1399,0,0,0,0,0,0,0,0,0,0,0,0,0,0,0,0,0,0,0,0,0,0,0,0,0,0,0,0,0,0,0,0,0,0,0,0,0,0,0,0,0,0,0,0,0,0,0,0,0,0,0,0,0,0,0,0,0,0,0,0,0,0,0,0,0,0,0,0,0,0,0,0,0,0,0,0,0,0,0,0,0,0,0,0,0,0,0,0,0,0,0,0,0,0,0,0,0,0,0,0,0,0,0,0,0,0,0,0,0,0,0,0,0,0,0,0,0,0,0,0,0,0,0,0,0,0
2020-08-09,NV,1355,0,0,0,0,0,0,0,0,0,0,0,0,0,0,0,0,0,0,0,0,0,0,0,0,0,0,0,0,0,0,0,0,0,0,0,0,0,0,0,0,0,0,0,0,0,0,0,0,0,0,0,0,0,0,0,0,0,0,0,0,0,0,0,0,0,0,0,0,0,0,0,0,0,0,0,0,0,0,0,0,0,0,0,0,0,0,0,0,0,0,0,0,0,0,0,0,0,0,0,0,0,0,0,0,0,0,0,0,0,0,0,0,0,0,0,0,0,0,0,0,0,0,0,0,0,0
2020-08-10,NV,1312,0,0,0,0,0,0,0,0,0,0,0,0,0,0,0,0,0,0,0,0,0,0,0,0,0,0,0,0,0,0,0,0,0,0,0,0,0,0,0,0,0,0,0,0,0,0,0,0,0,0,0,0,0,0,0,0,0,0,0,0,0,0,0,0,0,0,0,0,0,0,0,0,0,0,0,0,0,0,0,0,0,0,0,0,0,0,0,0,0,0,0,0,0,0,0,0,0,0,0,0,0,0,0,0,0,0,0,0,0,0,0,0,0,0,0,0,0,0,0,0,0,0,0,0,0,0
2020-08-11,NV,1268,0,0,0,0,0,0,0,0,0,0,0,0,0,0,0,0,0,0,0,0,0,0,0,0,0,0,0,0,0,0,0,0,0,0,0,0,0,0,0,0,0,0,0,0,0,0,0,0,0,0,0,0,0,0,0,0,0,0,0,0,0,0,0,0,0,0,0,0,0,0,0,0,0,0,0,0,0,0,0,0,0,0,0,0,0,0,0,0,0,0,0,0,0,0,0,0,0,0,0,0,0,0,0,0,0,0,0,0,0,0,0,0,0,0,0,0,0,0,0,0,0,0,0,0,0,0
2020-08-12,NV,1224,0,0,0,0,0,0,0,0,0,0,0,0,0,0,0,0,0,0,0,0,0,0,0,0,0,0,0,0,0,0,0,0,0,0,0,0,0,0,0,0,0,0,0,0,0,0,0,0,0,0,0,0,0,0,0,0,0,0,0,0,0,0,0,0,0,0,0,0,0,0,0,0,0,0,0,0,0,0,0,0,0,0,0,0,0,0,0,0,0,0,0,0,0,0,0,0,0,0,0,0,0,0,0,0,0,0,0,0,0,0,0,0,0,0,0,0,0,0,0,0,0,0,0,0,0,0
2020-08-13,NV,1181,0,0,0,0,0,0,0,0,0,0,0,0,0,0,0,0,0,0,0,0,0,0,0,0,0,0,0,0,0,0,0,0,0,0,0,0,0,0,0,0,0,0,0,0,0,0,0,0,0,0,0,0,0,0,0,0,0,0,0,0,0,0,0,0,0,0,0,0,0,0,0,0,0,0,0,0,0,0,0,0,0,0,0,0,0,0,0,0,0,0,0,0,0,0,0,0,0,0,0,0,0,0,0,0,0,0,0,0,0,0,0,0,0,0,0,0,0,0,0,0,0,0,0,0,0,0
2020-08-14,NV,1137,0,0,0,0,0,0,0,0,0,0,0,0,0,0,0,0,0,0,0,0,0,0,0,0,0,0,0,0,0,0,0,0,0,0,0,0,0,0,0,0,0,0,0,0,0,0,0,0,0,0,0,0,0,0,0,0,0,0,0,0,0,0,0,0,0,0,0,0,0,0,0,0,0,0,0,0,0,0,0,0,0,0,0,0,0,0,0,0,0,0,0,0,0,0,0,0,0,0,0,0,0,0,0,0,0,0,0,0,0,0,0,0,0,0,0,0,0,0,0,0,0,0,0,0,0,0
2020-08-15,NV,1094,0,0,0,0,0,0,0,0,0,0,0,0,0,0,0,0,0,0,0,0,0,0,0,0,0,0,0,0,0,0,0,0,0,0,0,0,0,0,0,0,0,0,0,0,0,0,0,0,0,0,0,0,0,0,0,0,0,0,0,0,0,0,0,0,0,0,0,0,0,0,0,0,0,0,0,0,0,0,0,0,0,0,0,0,0,0,0,0,0,0,0,0,0,0,0,0,0,0,0,0,0,0,0,0,0,0,0,0,0,0,0,0,0,0,0,0,0,0,0,0,0,0,0,0,0,0
2020-08-16,NV,1067,0,0,0,0,0,0,0,0,0,0,0,0,0,0,0,0,0,0,0,0,0,0,0,0,0,0,0,0,0,0,0,0,0,0,0,0,0,0,0,0,0,0,0,0,0,0,0,0,0,0,0,0,0,0,0,0,0,0,0,0,0,0,0,0,0,0,0,0,0,0,0,0,0,0,0,0,0,0,0,0,0,0,0,0,0,0,0,0,0,0,0,0,0,0,0,0,0,0,0,0,0,0,0,0,0,0,0,0,0,0,0,0,0,0,0,0,0,0,0,0,0,0,0,0,0,0
2020-08-17,NV,1040,0,0,0,0,0,0,0,0,0,0,0,0,0,0,0,0,0,0,0,0,0,0,0,0,0,0,0,0,0,0,0,0,0,0,0,0,0,0,0,0,0,0,0,0,0,0,0,0,0,0,0,0,0,0,0,0,0,0,0,0,0,0,0,0,0,0,0,0,0,0,0,0,0,0,0,0,0,0,0,0,0,0,0,0,0,0,0,0,0,0,0,0,0,0,0,0,0,0,0,0,0,0,0,0,0,0,0,0,0,0,0,0,0,0,0,0,0,0,0,0,0,0,0,0,0,0
2020-08-18,NV,1013,0,0,0,0,0,0,0,0,0,0,0,0,0,0,0,0,0,0,0,0,0,0,0,0,0,0,0,0,0,0,0,0,0,0,0,0,0,0,0,0,0,0,0,0,0,0,0,0,0,0,0,0,0,0,0,0,0,0,0,0,0,0,0,0,0,0,0,0,0,0,0,0,0,0,0,0,0,0,0,0,0,0,0,0,0,0,0,0,0,0,0,0,0,0,0,0,0,0,0,0,0,0,0,0,0,0,0,0,0,0,0,0,0,0,0,0,0,0,0,0,0,0,0,0,0,0
2020-08-19,NV,987,0,0,0,0,0,0,0,0,0,0,0,0,0,0,0,0,0,0,0,0,0,0,0,0,0,0,0,0,0,0,0,0,0,0,0,0,0,0,0,0,0,0,0,0,0,0,0,0,0,0,0,0,0,0,0,0,0,0,0,0,0,0,0,0,0,0,0,0,0,0,0,0,0,0,0,0,0,0,0,0,0,0,0,0,0,0,0,0,0,0,0,0,0,0,0,0,0,0,0,0,0,0,0,0,0,0,0,0,0,0,0,0,0,0,0,0,0,0,0,0,0,0,0,0,0,0
2020-08-20,NV,960,0,0,0,0,0,0,0,0,0,0,0,0,0,0,0,0,0,0,0,0,0,0,0,0,0,0,0,0,0,0,0,0,0,0,0,0,0,0,0,0,0,0,0,0,0,0,0,0,0,0,0,0,0,0,0,0,0,0,0,0,0,0,0,0,0,0,0,0,0,0,0,0,0,0,0,0,0,0,0,0,0,0,0,0,0,0,0,0,0,0,0,0,0,0,0,0,0,0,0,0,0,0,0,0,0,0,0,0,0,0,0,0,0,0,0,0,0,0,0,0,0,0,0,0,0,0
2020-08-21,NV,933,0,0,0,0,0,0,0,0,0,0,0,0,0,0,0,0,0,0,0,0,0,0,0,0,0,0,0,0,0,0,0,0,0,0,0,0,0,0,0,0,0,0,0,0,0,0,0,0,0,0,0,0,0,0,0,0,0,0,0,0,0,0,0,0,0,0,0,0,0,0,0,0,0,0,0,0,0,0,0,0,0,0,0,0,0,0,0,0,0,0,0,0,0,0,0,0,0,0,0,0,0,0,0,0,0,0,0,0,0,0,0,0,0,0,0,0,0,0,0,0,0,0,0,0,0,0
2020-08-22,NV,906,0,0,0,0,0,0,0,0,0,0,0,0,0,0,0,0,0,0,0,0,0,0,0,0,0,0,0,0,0,0,0,0,0,0,0,0,0,0,0,0,0,0,0,0,0,0,0,0,0,0,0,0,0,0,0,0,0,0,0,0,0,0,0,0,0,0,0,0,0,0,0,0,0,0,0,0,0,0,0,0,0,0,0,0,0,0,0,0,0,0,0,0,0,0,0,0,0,0,0,0,0,0,0,0,0,0,0,0,0,0,0,0,0,0,0,0,0,0,0,0,0,0,0,0,0,0
2020-08-23,NV,897,0,0,0,0,0,0,0,0,0,0,0,0,0,0,0,0,0,0,0,0,0,0,0,0,0,0,0,0,0,0,0,0,0,0,0,0,0,0,0,0,0,0,0,0,0,0,0,0,0,0,0,0,0,0,0,0,0,0,0,0,0,0,0,0,0,0,0,0,0,0,0,0,0,0,0,0,0,0,0,0,0,0,0,0,0,0,0,0,0,0,0,0,0,0,0,0,0,0,0,0,0,0,0,0,0,0,0,0,0,0,0,0,0,0,0,0,0,0,0,0,0,0,0,0,0,0
2020-08-24,NV,887,0,0,0,0,0,0,0,0,0,0,0,0,0,0,0,0,0,0,0,0,0,0,0,0,0,0,0,0,0,0,0,0,0,0,0,0,0,0,0,0,0,0,0,0,0,0,0,0,0,0,0,0,0,0,0,0,0,0,0,0,0,0,0,0,0,0,0,0,0,0,0,0,0,0,0,0,0,0,0,0,0,0,0,0,0,0,0,0,0,0,0,0,0,0,0,0,0,0,0,0,0,0,0,0,0,0,0,0,0,0,0,0,0,0,0,0,0,0,0,0,0,0,0,0,0,0
2020-08-25,NV,878,0,0,0,0,0,0,0,0,0,0,0,0,0,0,0,0,0,0,0,0,0,0,0,0,0,0,0,0,0,0,0,0,0,0,0,0,0,0,0,0,0,0,0,0,0,0,0,0,0,0,0,0,0,0,0,0,0,0,0,0,0,0,0,0,0,0,0,0,0,0,0,0,0,0,0,0,0,0,0,0,0,0,0,0,0,0,0,0,0,0,0,0,0,0,0,0,0,0,0,0,0,0,0,0,0,0,0,0,0,0,0,0,0,0,0,0,0,0,0,0,0,0,0,0,0,0
2020-08-26,NV,868,0,0,0,0,0,0,0,0,0,0,0,0,0,0,0,0,0,0,0,0,0,0,0,0,0,0,0,0,0,0,0,0,0,0,0,0,0,0,0,0,0,0,0,0,0,0,0,0,0,0,0,0,0,0,0,0,0,0,0,0,0,0,0,0,0,0,0,0,0,0,0,0,0,0,0,0,0,0,0,0,0,0,0,0,0,0,0,0,0,0,0,0,0,0,0,0,0,0,0,0,0,0,0,0,0,0,0,0,0,0,0,0,0,0,0,0,0,0,0,0,0,0,0,0,0,0
2020-08-27,NV,858,0,0,0,0,0,0,0,0,0,0,0,0,0,0,0,0,0,0,0,0,0,0,0,0,0,0,0,0,0,0,0,0,0,0,0,0,0,0,0,0,0,0,0,0,0,0,0,0,0,0,0,0,0,0,0,0,0,0,0,0,0,0,0,0,0,0,0,0,0,0,0,0,0,0,0,0,0,0,0,0,0,0,0,0,0,0,0,0,0,0,0,0,0,0,0,0,0,0,0,0,0,0,0,0,0,0,0,0,0,0,0,0,0,0,0,0,0,0,0,0,0,0,0,0,0,0
2020-08-28,NV,849,0,0,0,0,0,0,0,0,0,0,0,0,0,0,0,0,0,0,0,0,0,0,0,0,0,0,0,0,0,0,0,0,0,0,0,0,0,0,0,0,0,0,0,0,0,0,0,0,0,0,0,0,0,0,0,0,0,0,0,0,0,0,0,0,0,0,0,0,0,0,0,0,0,0,0,0,0,0,0,0,0,0,0,0,0,0,0,0,0,0,0,0,0,0,0,0,0,0,0,0,0,0,0,0,0,0,0,0,0,0,0,0,0,0,0,0,0,0,0,0,0,0,0,0,0,0
2020-08-29,NV,839,0,0,0,0,0,0,0,0,0,0,0,0,0,0,0,0,0,0,0,0,0,0,0,0,0,0,0,0,0,0,0,0,0,0,0,0,0,0,0,0,0,0,0,0,0,0,0,0,0,0,0,0,0,0,0,0,0,0,0,0,0,0,0,0,0,0,0,0,0,0,0,0,0,0,0,0,0,0,0,0,0,0,0,0,0,0,0,0,0,0,0,0,0,0,0,0,0,0,0,0,0,0,0,0,0,0,0,0,0,0,0,0,0,0,0,0,0,0,0,0,0,0,0,0,0,0
2020-08-30,NV,837,0,0,0,0,0,0,0,0,0,0,0,0,0,0,0,0,0,0,0,0,0,0,0,0,0,0,0,0,0,0,0,0,0,0,0,0,0,0,0,0,0,0,0,0,0,0,0,0,0,0,0,0,0,0,0,0,0,0,0,0,0,0,0,0,0,0,0,0,0,0,0,0,0,0,0,0,0,0,0,0,0,0,0,0,0,0,0,0,0,0,0,0,0,0,0,0,0,0,0,0,0,0,0,0,0,0,0,0,0,0,0,0,0,0,0,0,0,0,0,0,0,0,0,0,0,0
2020-08-31,NV,836,0,0,0,0,0,0,0,0,0,0,0,0,0,0,0,0,0,0,0,0,0,0,0,0,0,0,0,0,0,0,0,0,0,0,0,0,0,0,0,0,0,0,0,0,0,0,0,0,0,0,0,0,0,0,0,0,0,0,0,0,0,0,0,0,0,0,0,0,0,0,0,0,0,0,0,0,0,0,0,0,0,0,0,0,0,0,0,0,0,0,0,0,0,0,0,0,0,0,0,0,0,0,0,0,0,0,0,0,0,0,0,0,0,0,0,0,0,0,0,0,0,0,0,0,0,0
2020-09-01,NV,834,0,0,0,0,0,0,0,0,0,0,0,0,0,0,0,0,0,0,0,0,0,0,0,0,0,0,0,0,0,0,0,0,0,0,0,0,0,0,0,0,0,0,0,0,0,0,0,0,0,0,0,0,0,0,0,0,0,0,0,0,0,0,0,0,0,0,0,0,0,0,0,0,0,0,0,0,0,0,0,0,0,0,0,0,0,0,0,0,0,0,0,0,0,0,0,0,0,0,0,0,0,0,0,0,0,0,0,0,0,0,0,0,0,0,0,0,0,0,0,0,0,0,0,0,0,0
2020-09-02,NV,832,0,0,0,0,0,0,0,0,0,0,0,0,0,0,0,0,0,0,0,0,0,0,0,0,0,0,0,0,0,0,0,0,0,0,0,0,0,0,0,0,0,0,0,0,0,0,0,0,0,0,0,0,0,0,0,0,0,0,0,0,0,0,0,0,0,0,0,0,0,0,0,0,0,0,0,0,0,0,0,0,0,0,0,0,0,0,0,0,0,0,0,0,0,0,0,0,0,0,0,0,0,0,0,0,0,0,0,0,0,0,0,0,0,0,0,0,0,0,0,0,0,0,0,0,0,0
2020-09-03,NV,830,0,0,0,0,0,0,0,0,0,0,0,0,0,0,0,0,0,0,0,0,0,0,0,0,0,0,0,0,0,0,0,0,0,0,0,0,0,0,0,0,0,0,0,0,0,0,0,0,0,0,0,0,0,0,0,0,0,0,0,0,0,0,0,0,0,0,0,0,0,0,0,0,0,0,0,0,0,0,0,0,0,0,0,0,0,0,0,0,0,0,0,0,0,0,0,0,0,0,0,0,0,0,0,0,0,0,0,0,0,0,0,0,0,0,0,0,0,0,0,0,0,0,0,0,0,0
2020-09-04,NV,828,0,0,0,0,0,0,0,0,0,0,0,0,0,0,0,0,0,0,0,0,0,0,0,0,0,0,0,0,0,0,0,0,0,0,0,0,0,0,0,0,0,0,0,0,0,0,0,0,0,0,0,0,0,0,0,0,0,0,0,0,0,0,0,0,0,0,0,0,0,0,0,0,0,0,0,0,0,0,0,0,0,0,0,0,0,0,0,0,0,0,0,0,0,0,0,0,0,0,0,0,0,0,0,0,0,0,0,0,0,0,0,0,0,0,0,0,0,0,0,0,0,0,0,0,0,0
2020-09-05,NV,827,0,0,0,0,0,0,0,0,0,0,0,0,0,0,0,0,0,0,0,0,0,0,0,0,0,0,0,0,0,0,0,0,0,0,0,0,0,0,0,0,0,0,0,0,0,0,0,0,0,0,0,0,0,0,0,0,0,0,0,0,0,0,0,0,0,0,0,0,0,0,0,0,0,0,0,0,0,0,0,0,0,0,0,0,0,0,0,0,0,0,0,0,0,0,0,0,0,0,0,0,0,0,0,0,0,0,0,0,0,0,0,0,0,0,0,0,0,0,0,0,0,0,0,0,0,0
2020-09-06,NV,802,0,0,0,0,0,0,0,0,0,0,0,0,0,0,0,0,0,0,0,0,0,0,0,0,0,0,0,0,0,0,0,0,0,0,0,0,0,0,0,0,0,0,0,0,0,0,0,0,0,0,0,0,0,0,0,0,0,0,0,0,0,0,0,0,0,0,0,0,0,0,0,0,0,0,0,0,0,0,0,0,0,0,0,0,0,0,0,0,0,0,0,0,0,0,0,0,0,0,0,0,0,0,0,0,0,0,0,0,0,0,0,0,0,0,0,0,0,0,0,0,0,0,0,0,0,0
2020-09-07,NV,777,0,0,0,0,0,0,0,0,0,0,0,0,0,0,0,0,0,0,0,0,0,0,0,0,0,0,0,0,0,0,0,0,0,0,0,0,0,0,0,0,0,0,0,0,0,0,0,0,0,0,0,0,0,0,0,0,0,0,0,0,0,0,0,0,0,0,0,0,0,0,0,0,0,0,0,0,0,0,0,0,0,0,0,0,0,0,0,0,0,0,0,0,0,0,0,0,0,0,0,0,0,0,0,0,0,0,0,0,0,0,0,0,0,0,0,0,0,0,0,0,0,0,0,0,0,0
2020-09-08,NV,752,0,0,0,0,0,0,0,0,0,0,0,0,0,0,0,0,0,0,0,0,0,0,0,0,0,0,0,0,0,0,0,0,0,0,0,0,0,0,0,0,0,0,0,0,0,0,0,0,0,0,0,0,0,0,0,0,0,0,0,0,0,0,0,0,0,0,0,0,0,0,0,0,0,0,0,0,0,0,0,0,0,0,0,0,0,0,0,0,0,0,0,0,0,0,0,0,0,0,0,0,0,0,0,0,0,0,0,0,0,0,0,0,0,0,0,0,0,0,0,0,0,0,0,0,0,0
2020-09-09,NV,728,0,0,0,0,0,0,0,0,0,0,0,0,0,0,0,0,0,0,0,0,0,0,0,0,0,0,0,0,0,0,0,0,0,0,0,0,0,0,0,0,0,0,0,0,0,0,0,0,0,0,0,0,0,0,0,0,0,0,0,0,0,0,0,0,0,0,0,0,0,0,0,0,0,0,0,0,0,0,0,0,0,0,0,0,0,0,0,0,0,0,0,0,0,0,0,0,0,0,0,0,0,0,0,0,0,0,0,0,0,0,0,0,0,0,0,0,0,0,0,0,0,0,0,0,0,0
2020-09-10,NV,703,0,0,0,0,0,0,0,0,0,0,0,0,0,0,0,0,0,0,0,0,0,0,0,0,0,0,0,0,0,0,0,0,0,0,0,0,0,0,0,0,0,0,0,0,0,0,0,0,0,0,0,0,0,0,0,0,0,0,0,0,0,0,0,0,0,0,0,0,0,0,0,0,0,0,0,0,0,0,0,0,0,0,0,0,0,0,0,0,0,0,0,0,0,0,0,0,0,0,0,0,0,0,0,0,0,0,0,0,0,0,0,0,0,0,0,0,0,0,0,0,0,0,0,0,0,0
2020-09-11,NV,678,0,0,0,0,0,0,0,0,0,0,0,0,0,0,0,0,0,0,0,0,0,0,0,0,0,0,0,0,0,0,0,0,0,0,0,0,0,0,0,0,0,0,0,0,0,0,0,0,0,0,0,0,0,0,0,0,0,0,0,0,0,0,0,0,0,0,0,0,0,0,0,0,0,0,0,0,0,0,0,0,0,0,0,0,0,0,0,0,0,0,0,0,0,0,0,0,0,0,0,0,0,0,0,0,0,0,0,0,0,0,0,0,0,0,0,0,0,0,0,0,0,0,0,0,0,0
2020-09-12,NV,654,0,0,0,0,0,0,0,0,0,0,0,0,0,0,0,0,0,0,0,0,0,0,0,0,0,0,0,0,0,0,0,0,0,0,0,0,0,0,0,0,0,0,0,0,0,0,0,0,0,0,0,0,0,0,0,0,0,0,0,0,0,0,0,0,0,0,0,0,0,0,0,0,0,0,0,0,0,0,0,0,0,0,0,0,0,0,0,0,0,0,0,0,0,0,0,0,0,0,0,0,0,0,0,0,0,0,0,0,0,0,0,0,0,0,0,0,0,0,0,0,0,0,0,0,0,0
2020-09-13,NV,640,0,0,0,0,0,0,0,0,0,0,0,0,0,0,0,0,0,0,0,0,0,0,0,0,0,0,0,0,0,0,0,0,0,0,0,0,0,0,0,0,0,0,0,0,0,0,0,0,0,0,0,0,0,0,0,0,0,0,0,0,0,0,0,0,0,0,0,0,0,0,0,0,0,0,0,0,0,0,0,0,0,0,0,0,0,0,0,0,0,0,0,0,0,0,0,0,0,0,0,0,0,0,0,0,0,0,0,0,0,0,0,0,0,0,0,0,0,0,0,0,0,0,0,0,0,0
2020-09-14,NV,627,0,0,0,0,0,0,0,0,0,0,0,0,0,0,0,0,0,0,0,0,0,0,0,0,0,0,0,0,0,0,0,0,0,0,0,0,0,0,0,0,0,0,0,0,0,0,0,0,0,0,0,0,0,0,0,0,0,0,0,0,0,0,0,0,0,0,0,0,0,0,0,0,0,0,0,0,0,0,0,0,0,0,0,0,0,0,0,0,0,0,0,0,0,0,0,0,0,0,0,0,0,0,0,0,0,0,0,0,0,0,0,0,0,0,0,0,0,0,0,0,0,0,0,0,0,0
2020-09-15,NV,614,0,0,0,0,0,0,0,0,0,0,0,0,0,0,0,0,0,0,0,0,0,0,0,0,0,0,0,0,0,0,0,0,0,0,0,0,0,0,0,0,0,0,0,0,0,0,0,0,0,0,0,0,0,0,0,0,0,0,0,0,0,0,0,0,0,0,0,0,0,0,0,0,0,0,0,0,0,0,0,0,0,0,0,0,0,0,0,0,0,0,0,0,0,0,0,0,0,0,0,0,0,0,0,0,0,0,0,0,0,0,0,0,0,0,0,0,0,0,0,0,0,0,0,0,0,0
2020-09-16,NV,601,0,0,0,0,0,0,0,0,0,0,0,0,0,0,0,0,0,0,0,0,0,0,0,0,0,0,0,0,0,0,0,0,0,0,0,0,0,0,0,0,0,0,0,0,0,0,0,0,0,0,0,0,0,0,0,0,0,0,0,0,0,0,0,0,0,0,0,0,0,0,0,0,0,0,0,0,0,0,0,0,0,0,0,0,0,0,0,0,0,0,0,0,0,0,0,0,0,0,0,0,0,0,0,0,0,0,0,0,0,0,0,0,0,0,0,0,0,0,0,0,0,0,0,0,0,0
2020-09-17,NV,588,0,0,0,0,0,0,0,0,0,0,0,0,0,0,0,0,0,0,0,0,0,0,0,0,0,0,0,0,0,0,0,0,0,0,0,0,0,0,0,0,0,0,0,0,0,0,0,0,0,0,0,0,0,0,0,0,0,0,0,0,0,0,0,0,0,0,0,0,0,0,0,0,0,0,0,0,0,0,0,0,0,0,0,0,0,0,0,0,0,0,0,0,0,0,0,0,0,0,0,0,0,0,0,0,0,0,0,0,0,0,0,0,0,0,0,0,0,0,0,0,0,0,0,0,0,0
2020-09-18,NV,574,0,0,0,0,0,0,0,0,0,0,0,0,0,0,0,0,0,0,0,0,0,0,0,0,0,0,0,0,0,0,0,0,0,0,0,0,0,0,0,0,0,0,0,0,0,0,0,0,0,0,0,0,0,0,0,0,0,0,0,0,0,0,0,0,0,0,0,0,0,0,0,0,0,0,0,0,0,0,0,0,0,0,0,0,0,0,0,0,0,0,0,0,0,0,0,0,0,0,0,0,0,0,0,0,0,0,0,0,0,0,0,0,0,0,0,0,0,0,0,0,0,0,0,0,0,0
2020-09-19,NV,561,0,0,0,0,0,0,0,0,0,0,0,0,0,0,0,0,0,0,0,0,0,0,0,0,0,0,0,0,0,0,0,0,0,0,0,0,0,0,0,0,0,0,0,0,0,0,0,0,0,0,0,0,0,0,0,0,0,0,0,0,0,0,0,0,0,0,0,0,0,0,0,0,0,0,0,0,0,0,0,0,0,0,0,0,0,0,0,0,0,0,0,0,0,0,0,0,0,0,0,0,0,0,0,0,0,0,0,0,0,0,0,0,0,0,0,0,0,0,0,0,0,0,0,0,0,0
2020-09-20,NV,562,0,0,0,0,0,0,0,0,0,0,0,0,0,0,0,0,0,0,0,0,0,0,0,0,0,0,0,0,0,0,0,0,0,0,0,0,0,0,0,0,0,0,0,0,0,0,0,0,0,0,0,0,0,0,0,0,0,0,0,0,0,0,0,0,0,0,0,0,0,0,0,0,0,0,0,0,0,0,0,0,0,0,0,0,0,0,0,0,0,0,0,0,0,0,0,0,0,0,0,0,0,0,0,0,0,0,0,0,0,0,0,0,0,0,0,0,0,0,0,0,0,0,0,0,0,0
2020-09-21,NV,562,0,0,0,0,0,0,0,0,0,0,0,0,0,0,0,0,0,0,0,0,0,0,0,0,0,0,0,0,0,0,0,0,0,0,0,0,0,0,0,0,0,0,0,0,0,0,0,0,0,0,0,0,0,0,0,0,0,0,0,0,0,0,0,0,0,0,0,0,0,0,0,0,0,0,0,0,0,0,0,0,0,0,0,0,0,0,0,0,0,0,0,0,0,0,0,0,0,0,0,0,0,0,0,0,0,0,0,0,0,0,0,0,0,0,0,0,0,0,0,0,0,0,0,0,0,0
2020-09-22,NV,562,0,0,0,0,0,0,0,0,0,0,0,0,0,0,0,0,0,0,0,0,0,0,0,0,0,0,0,0,0,0,0,0,0,0,0,0,0,0,0,0,0,0,0,0,0,0,0,0,0,0,0,0,0,0,0,0,0,0,0,0,0,0,0,0,0,0,0,0,0,0,0,0,0,0,0,0,0,0,0,0,0,0,0,0,0,0,0,0,0,0,0,0,0,0,0,0,0,0,0,0,0,0,0,0,0,0,0,0,0,0,0,0,0,0,0,0,0,0,0,0,0,0,0,0,0,0
2020-09-23,NV,562,0,0,0,0,0,0,0,0,0,0,0,0,0,0,0,0,0,0,0,0,0,0,0,0,0,0,0,0,0,0,0,0,0,0,0,0,0,0,0,0,0,0,0,0,0,0,0,0,0,0,0,0,0,0,0,0,0,0,0,0,0,0,0,0,0,0,0,0,0,0,0,0,0,0,0,0,0,0,0,0,0,0,0,0,0,0,0,0,0,0,0,0,0,0,0,0,0,0,0,0,0,0,0,0,0,0,0,0,0,0,0,0,0,0,0,0,0,0,0,0,0,0,0,0,0,0
2020-09-24,NV,563,0,0,0,0,0,0,0,0,0,0,0,0,0,0,0,0,0,0,0,0,0,0,0,0,0,0,0,0,0,0,0,0,0,0,0,0,0,0,0,0,0,0,0,0,0,0,0,0,0,0,0,0,0,0,0,0,0,0,0,0,0,0,0,0,0,0,0,0,0,0,0,0,0,0,0,0,0,0,0,0,0,0,0,0,0,0,0,0,0,0,0,0,0,0,0,0,0,0,0,0,0,0,0,0,0,0,0,0,0,0,0,0,0,0,0,0,0,0,0,0,0,0,0,0,0,0
2020-09-25,NV,563,0,0,0,0,0,0,0,0,0,0,0,0,0,0,0,0,0,0,0,0,0,0,0,0,0,0,0,0,0,0,0,0,0,0,0,0,0,0,0,0,0,0,0,0,0,0,0,0,0,0,0,0,0,0,0,0,0,0,0,0,0,0,0,0,0,0,0,0,0,0,0,0,0,0,0,0,0,0,0,0,0,0,0,0,0,0,0,0,0,0,0,0,0,0,0,0,0,0,0,0,0,0,0,0,0,0,0,0,0,0,0,0,0,0,0,0,0,0,0,0,0,0,0,0,0,0
2020-09-26,NV,563,0,0,0,0,0,0,0,0,0,0,0,0,0,0,0,0,0,0,0,0,0,0,0,0,0,0,0,0,0,0,0,0,0,0,0,0,0,0,0,0,0,0,0,0,0,0,0,0,0,0,0,0,0,0,0,0,0,0,0,0,0,0,0,0,0,0,0,0,0,0,0,0,0,0,0,0,0,0,0,0,0,0,0,0,0,0,0,0,0,0,0,0,0,0,0,0,0,0,0,0,0,0,0,0,0,0,0,0,0,0,0,0,0,0,0,0,0,0,0,0,0,0,0,0,0,0
2020-09-27,NV,569,0,0,0,0,0,0,0,0,0,0,0,0,0,0,0,0,0,0,0,0,0,0,0,0,0,0,0,0,0,0,0,0,0,0,0,0,0,0,0,0,0,0,0,0,0,0,0,0,0,0,0,0,0,0,0,0,0,0,0,0,0,0,0,0,0,0,0,0,0,0,0,0,0,0,0,0,0,0,0,0,0,0,0,0,0,0,0,0,0,0,0,0,0,0,0,0,0,0,0,0,0,0,0,0,0,0,0,0,0,0,0,0,0,0,0,0,0,0,0,0,0,0,0,0,0,0
2020-09-28,NV,576,0,0,0,0,0,0,0,0,0,0,0,0,0,0,0,0,0,0,0,0,0,0,0,0,0,0,0,0,0,0,0,0,0,0,0,0,0,0,0,0,0,0,0,0,0,0,0,0,0,0,0,0,0,0,0,0,0,0,0,0,0,0,0,0,0,0,0,0,0,0,0,0,0,0,0,0,0,0,0,0,0,0,0,0,0,0,0,0,0,0,0,0,0,0,0,0,0,0,0,0,0,0,0,0,0,0,0,0,0,0,0,0,0,0,0,0,0,0,0,0,0,0,0,0,0,0
2020-09-29,NV,582,0,0,0,0,0,0,0,0,0,0,0,0,0,0,0,0,0,0,0,0,0,0,0,0,0,0,0,0,0,0,0,0,0,0,0,0,0,0,0,0,0,0,0,0,0,0,0,0,0,0,0,0,0,0,0,0,0,0,0,0,0,0,0,0,0,0,0,0,0,0,0,0,0,0,0,0,0,0,0,0,0,0,0,0,0,0,0,0,0,0,0,0,0,0,0,0,0,0,0,0,0,0,0,0,0,0,0,0,0,0,0,0,0,0,0,0,0,0,0,0,0,0,0,0,0,0
2020-09-30,NV,589,0,0,0,0,0,0,0,0,0,0,0,0,0,0,0,0,0,0,0,0,0,0,0,0,0,0,0,0,0,0,0,0,0,0,0,0,0,0,0,0,0,0,0,0,0,0,0,0,0,0,0,0,0,0,0,0,0,0,0,0,0,0,0,0,0,0,0,0,0,0,0,0,0,0,0,0,0,0,0,0,0,0,0,0,0,0,0,0,0,0,0,0,0,0,0,0,0,0,0,0,0,0,0,0,0,0,0,0,0,0,0,0,0,0,0,0,0,0,0,0,0,0,0,0,0,0
2020-10-01,NV,595,0,0,0,0,0,0,0,0,0,0,0,0,0,0,0,0,0,0,0,0,0,0,0,0,0,0,0,0,0,0,0,0,0,0,0,0,0,0,0,0,0,0,0,0,0,0,0,0,0,0,0,0,0,0,0,0,0,0,0,0,0,0,0,0,0,0,0,0,0,0,0,0,0,0,0,0,0,0,0,0,0,0,0,0,0,0,0,0,0,0,0,0,0,0,0,0,0,0,0,0,0,0,0,0,0,0,0,0,0,0,0,0,0,0,0,0,0,0,0,0,0,0,0,0,0,0
2020-10-02,NV,602,0,0,0,0,0,0,0,0,0,0,0,0,0,0,0,0,0,0,0,0,0,0,0,0,0,0,0,0,0,0,0,0,0,0,0,0,0,0,0,0,0,0,0,0,0,0,0,0,0,0,0,0,0,0,0,0,0,0,0,0,0,0,0,0,0,0,0,0,0,0,0,0,0,0,0,0,0,0,0,0,0,0,0,0,0,0,0,0,0,0,0,0,0,0,0,0,0,0,0,0,0,0,0,0,0,0,0,0,0,0,0,0,0,0,0,0,0,0,0,0,0,0,0,0,0,0
2020-10-03,NV,608,0,0,0,0,0,0,0,0,0,0,0,0,0,0,0,0,0,0,0,0,0,0,0,0,0,0,0,0,0,0,0,0,0,0,0,0,0,0,0,0,0,0,0,0,0,0,0,0,0,0,0,0,0,0,0,0,0,0,0,0,0,0,0,0,0,0,0,0,0,0,0,0,0,0,0,0,0,0,0,0,0,0,0,0,0,0,0,0,0,0,0,0,0,0,0,0,0,0,0,0,0,0,0,0,0,0,0,0,0,0,0,0,0,0,0,0,0,0,0,0,0,0,0,0,0,0
2020-10-04,NV,635,0,0,0,0,0,0,0,0,0,0,0,0,0,0,0,0,0,0,0,0,0,0,0,0,0,0,0,0,0,0,0,0,0,0,0,0,0,0,0,0,0,0,0,0,0,0,0,0,0,0,0,0,0,0,0,0,0,0,0,0,0,0,0,0,0,0,0,0,0,0,0,0,0,0,0,0,0,0,0,0,0,0,0,0,0,0,0,0,0,0,0,0,0,0,0,0,0,0,0,0,0,0,0,0,0,0,0,0,0,0,0,0,0,0,0,0,0,0,0,0,0,0,0,0,0,0
2020-10-05,NV,661,0,0,0,0,0,0,0,0,0,0,0,0,0,0,0,0,0,0,0,0,0,0,0,0,0,0,0,0,0,0,0,0,0,0,0,0,0,0,0,0,0,0,0,0,0,0,0,0,0,0,0,0,0,0,0,0,0,0,0,0,0,0,0,0,0,0,0,0,0,0,0,0,0,0,0,0,0,0,0,0,0,0,0,0,0,0,0,0,0,0,0,0,0,0,0,0,0,0,0,0,0,0,0,0,0,0,0,0,0,0,0,0,0,0,0,0,0,0,0,0,0,0,0,0,0,0
2020-10-06,NV,688,0,0,0,0,0,0,0,0,0,0,0,0,0,0,0,0,0,0,0,0,0,0,0,0,0,0,0,0,0,0,0,0,0,0,0,0,0,0,0,0,0,0,0,0,0,0,0,0,0,0,0,0,0,0,0,0,0,0,0,0,0,0,0,0,0,0,0,0,0,0,0,0,0,0,0,0,0,0,0,0,0,0,0,0,0,0,0,0,0,0,0,0,0,0,0,0,0,0,0,0,0,0,0,0,0,0,0,0,0,0,0,0,0,0,0,0,0,0,0,0,0,0,0,0,0,0
2020-10-07,NV,714,0,0,0,0,0,0,0,0,0,0,0,0,0,0,0,0,0,0,0,0,0,0,0,0,0,0,0,0,0,0,0,0,0,0,0,0,0,0,0,0,0,0,0,0,0,0,0,0,0,0,0,0,0,0,0,0,0,0,0,0,0,0,0,0,0,0,0,0,0,0,0,0,0,0,0,0,0,0,0,0,0,0,0,0,0,0,0,0,0,0,0,0,0,0,0,0,0,0,0,0,0,0,0,0,0,0,0,0,0,0,0,0,0,0,0,0,0,0,0,0,0,0,0,0,0,0
2020-10-08,NV,740,0,0,0,0,0,0,0,0,0,0,0,0,0,0,0,0,0,0,0,0,0,0,0,0,0,0,0,0,0,0,0,0,0,0,0,0,0,0,0,0,0,0,0,0,0,0,0,0,0,0,0,0,0,0,0,0,0,0,0,0,0,0,0,0,0,0,0,0,0,0,0,0,0,0,0,0,0,0,0,0,0,0,0,0,0,0,0,0,0,0,0,0,0,0,0,0,0,0,0,0,0,0,0,0,0,0,0,0,0,0,0,0,0,0,0,0,0,0,0,0,0,0,0,0,0,0
2020-10-09,NV,767,0,0,0,0,0,0,0,0,0,0,0,0,0,0,0,0,0,0,0,0,0,0,0,0,0,0,0,0,0,0,0,0,0,0,0,0,0,0,0,0,0,0,0,0,0,0,0,0,0,0,0,0,0,0,0,0,0,0,0,0,0,0,0,0,0,0,0,0,0,0,0,0,0,0,0,0,0,0,0,0,0,0,0,0,0,0,0,0,0,0,0,0,0,0,0,0,0,0,0,0,0,0,0,0,0,0,0,0,0,0,0,0,0,0,0,0,0,0,0,0,0,0,0,0,0,0
2020-10-10,NV,793,0,0,0,0,0,0,0,0,0,0,0,0,0,0,0,0,0,0,0,0,0,0,0,0,0,0,0,0,0,0,0,0,0,0,0,0,0,0,0,0,0,0,0,0,0,0,0,0,0,0,0,0,0,0,0,0,0,0,0,0,0,0,0,0,0,0,0,0,0,0,0,0,0,0,0,0,0,0,0,0,0,0,0,0,0,0,0,0,0,0,0,0,0,0,0,0,0,0,0,0,0,0,0,0,0,0,0,0,0,0,0,0,0,0,0,0,0,0,0,0,0,0,0,0,0,0
2020-10-11,NV,846,0,0,0,0,0,0,0,0,0,0,0,0,0,0,0,0,0,0,0,0,0,0,0,0,0,0,0,0,0,0,0,0,0,0,0,0,0,0,0,0,0,0,0,0,0,0,0,0,0,0,0,0,0,0,0,0,0,0,0,0,0,0,0,0,0,0,0,0,0,0,0,0,0,0,0,0,0,0,0,0,0,0,0,0,0,0,0,0,0,0,0,0,0,0,0,0,0,0,0,0,0,0,0,0,0,0,0,0,0,0,0,0,0,0,0,0,0,0,0,0,0,0,0,0,0,0
2020-10-12,NV,898,0,0,0,0,0,0,0,0,0,0,0,0,0,0,0,0,0,0,0,0,0,0,0,0,0,0,0,0,0,0,0,0,0,0,0,0,0,0,0,0,0,0,0,0,0,0,0,0,0,0,0,0,0,0,0,0,0,0,0,0,0,0,0,0,0,0,0,0,0,0,0,0,0,0,0,0,0,0,0,0,0,0,0,0,0,0,0,0,0,0,0,0,0,0,0,0,0,0,0,0,0,0,0,0,0,0,0,0,0,0,0,0,0,0,0,0,0,0,0,0,0,0,0,0,0,0
2020-10-13,NV,951,0,0,0,0,0,0,0,0,0,0,0,0,0,0,0,0,0,0,0,0,0,0,0,0,0,0,0,0,0,0,0,0,0,0,0,0,0,0,0,0,0,0,0,0,0,0,0,0,0,0,0,0,0,0,0,0,0,0,0,0,0,0,0,0,0,0,0,0,0,0,0,0,0,0,0,0,0,0,0,0,0,0,0,0,0,0,0,0,0,0,0,0,0,0,0,0,0,0,0,0,0,0,0,0,0,0,0,0,0,0,0,0,0,0,0,0,0,0,0,0,0,0,0,0,0,0
2020-10-14,NV,1003,0,0,0,0,0,0,0,0,0,0,0,0,0,0,0,0,0,0,0,0,0,0,0,0,0,0,0,0,0,0,0,0,0,0,0,0,0,0,0,0,0,0,0,0,0,0,0,0,0,0,0,0,0,0,0,0,0,0,0,0,0,0,0,0,0,0,0,0,0,0,0,0,0,0,0,0,0,0,0,0,0,0,0,0,0,0,0,0,0,0,0,0,0,0,0,0,0,0,0,0,0,0,0,0,0,0,0,0,0,0,0,0,0,0,0,0,0,0,0,0,0,0,0,0,0,0
2020-10-15,NV,1056,0,0,0,0,0,0,0,0,0,0,0,0,0,0,0,0,0,0,0,0,0,0,0,0,0,0,0,0,0,0,0,0,0,0,0,0,0,0,0,0,0,0,0,0,0,0,0,0,0,0,0,0,0,0,0,0,0,0,0,0,0,0,0,0,0,0,0,0,0,0,0,0,0,0,0,0,0,0,0,0,0,0,0,0,0,0,0,0,0,0,0,0,0,0,0,0,0,0,0,0,0,0,0,0,0,0,0,0,0,0,0,0,0,0,0,0,0,0,0,0,0,0,0,0,0,0
2020-10-16,NV,1108,0,0,0,0,0,0,0,0,0,0,0,0,0,0,0,0,0,0,0,0,0,0,0,0,0,0,0,0,0,0,0,0,0,0,0,0,0,0,0,0,0,0,0,0,0,0,0,0,0,0,0,0,0,0,0,0,0,0,0,0,0,0,0,0,0,0,0,0,0,0,0,0,0,0,0,0,0,0,0,0,0,0,0,0,0,0,0,0,0,0,0,0,0,0,0,0,0,0,0,0,0,0,0,0,0,0,0,0,0,0,0,0,0,0,0,0,0,0,0,0,0,0,0,0,0,0
2020-10-17,NV,1161,0,0,0,0,0,0,0,0,0,0,0,0,0,0,0,0,0,0,0,0,0,0,0,0,0,0,0,0,0,0,0,0,0,0,0,0,0,0,0,0,0,0,0,0,0,0,0,0,0,0,0,0,0,0,0,0,0,0,0,0,0,0,0,0,0,0,0,0,0,0,0,0,0,0,0,0,0,0,0,0,0,0,0,0,0,0,0,0,0,0,0,0,0,0,0,0,0,0,0,0,0,0,0,0,0,0,0,0,0,0,0,0,0,0,0,0,0,0,0,0,0,0,0,0,0,0
2020-10-18,NV,1209,0,0,0,0,0,0,0,0,0,0,0,0,0,0,0,0,0,0,0,0,0,0,0,0,0,0,0,0,0,0,0,0,0,0,0,0,0,0,0,0,0,0,0,0,0,0,0,0,0,0,0,0,0,0,0,0,0,0,0,0,0,0,0,0,0,0,0,0,0,0,0,0,0,0,0,0,0,0,0,0,0,0,0,0,0,0,0,0,0,0,0,0,0,0,0,0,0,0,0,0,0,0,0,0,0,0,0,0,0,0,0,0,0,0,0,0,0,0,0,0,0,0,0,0,0,0
2020-10-19,NV,1257,0,0,0,0,0,0,0,0,0,0,0,0,0,0,0,0,0,0,0,0,0,0,0,0,0,0,0,0,0,0,0,0,0,0,0,0,0,0,0,0,0,0,0,0,0,0,0,0,0,0,0,0,0,0,0,0,0,0,0,0,0,0,0,0,0,0,0,0,0,0,0,0,0,0,0,0,0,0,0,0,0,0,0,0,0,0,0,0,0,0,0,0,0,0,0,0,0,0,0,0,0,0,0,0,0,0,0,0,0,0,0,0,0,0,0,0,0,0,0,0,0,0,0,0,0,0
2020-10-20,NV,1304,0,0,0,0,0,0,0,0,0,0,0,0,0,0,0,0,0,0,0,0,0,0,0,0,0,0,0,0,0,0,0,0,0,0,0,0,0,0,0,0,0,0,0,0,0,0,0,0,0,0,0,0,0,0,0,0,0,0,0,0,0,0,0,0,0,0,0,0,0,0,0,0,0,0,0,0,0,0,0,0,0,0,0,0,0,0,0,0,0,0,0,0,0,0,0,0,0,0,0,0,0,0,0,0,0,0,0,0,0,0,0,0,0,0,0,0,0,0,0,0,0,0,0,0,0,0
2020-10-21,NV,1352,0,0,0,0,0,0,0,0,0,0,0,0,0,0,0,0,0,0,0,0,0,0,0,0,0,0,0,0,0,0,0,0,0,0,0,0,0,0,0,0,0,0,0,0,0,0,0,0,0,0,0,0,0,0,0,0,0,0,0,0,0,0,0,0,0,0,0,0,0,0,0,0,0,0,0,0,0,0,0,0,0,0,0,0,0,0,0,0,0,0,0,0,0,0,0,0,0,0,0,0,0,0,0,0,0,0,0,0,0,0,0,0,0,0,0,0,0,0,0,0,0,0,0,0,0,0
2020-10-22,NV,1400,0,0,0,0,0,0,0,0,0,0,0,0,0,0,0,0,0,0,0,0,0,0,0,0,0,0,0,0,0,0,0,0,0,0,0,0,0,0,0,0,0,0,0,0,0,0,0,0,0,0,0,0,0,0,0,0,0,0,0,0,0,0,0,0,0,0,0,0,0,0,0,0,0,0,0,0,0,0,0,0,0,0,0,0,0,0,0,0,0,0,0,0,0,0,0,0,0,0,0,0,0,0,0,0,0,0,0,0,0,0,0,0,0,0,0,0,0,0,0,0,0,0,0,0,0,0
2020-10-23,NV,1448,0,0,0,0,0,0,0,0,0,0,0,0,0,0,0,0,0,0,0,0,0,0,0,0,0,0,0,0,0,0,0,0,0,0,0,0,0,0,0,0,0,0,0,0,0,0,0,0,0,0,0,0,0,0,0,0,0,0,0,0,0,0,0,0,0,0,0,0,0,0,0,0,0,0,0,0,0,0,0,0,0,0,0,0,0,0,0,0,0,0,0,0,0,0,0,0,0,0,0,0,0,0,0,0,0,0,0,0,0,0,0,0,0,0,0,0,0,0,0,0,0,0,0,0,0,0
2020-10-24,NV,1496,0,0,0,0,0,0,0,0,0,0,0,0,0,0,0,0,0,0,0,0,0,0,0,0,0,0,0,0,0,0,0,0,0,0,0,0,0,0,0,0,0,0,0,0,0,0,0,0,0,0,0,0,0,0,0,0,0,0,0,0,0,0,0,0,0,0,0,0,0,0,0,0,0,0,0,0,0,0,0,0,0,0,0,0,0,0,0,0,0,0,0,0,0,0,0,0,0,0,0,0,0,0,0,0,0,0,0,0,0,0,0,0,0,0,0,0,0,0,0,0,0,0,0,0,0,0
2020-10-25,NV,1537,0,0,0,0,0,0,0,0,0,0,0,0,0,0,0,0,0,0,0,0,0,0,0,0,0,0,0,0,0,0,0,0,0,0,0,0,0,0,0,0,0,0,0,0,0,0,0,0,0,0,0,0,0,0,0,0,0,0,0,0,0,0,0,0,0,0,0,0,0,0,0,0,0,0,0,0,0,0,0,0,0,0,0,0,0,0,0,0,0,0,0,0,0,0,0,0,0,0,0,0,0,0,0,0,0,0,0,0,0,0,0,0,0,0,0,0,0,0,0,0,0,0,0,0,0,0
2020-10-26,NV,1578,0,0,0,0,0,0,0,0,0,0,0,0,0,0,0,0,0,0,0,0,0,0,0,0,0,0,0,0,0,0,0,0,0,0,0,0,0,0,0,0,0,0,0,0,0,0,0,0,0,0,0,0,0,0,0,0,0,0,0,0,0,0,0,0,0,0,0,0,0,0,0,0,0,0,0,0,0,0,0,0,0,0,0,0,0,0,0,0,0,0,0,0,0,0,0,0,0,0,0,0,0,0,0,0,0,0,0,0,0,0,0,0,0,0,0,0,0,0,0,0,0,0,0,0,0,0
2020-10-27,NV,1619,0,0,0,0,0,0,0,0,0,0,0,0,0,0,0,0,0,0,0,0,0,0,0,0,0,0,0,0,0,0,0,0,0,0,0,0,0,0,0,0,0,0,0,0,0,0,0,0,0,0,0,0,0,0,0,0,0,0,0,0,0,0,0,0,0,0,0,0,0,0,0,0,0,0,0,0,0,0,0,0,0,0,0,0,0,0,0,0,0,0,0,0,0,0,0,0,0,0,0,0,0,0,0,0,0,0,0,0,0,0,0,0,0,0,0,0,0,0,0,0,0,0,0,0,0,0
2020-10-28,NV,1660,0,0,0,0,0,0,0,0,0,0,0,0,0,0,0,0,0,0,0,0,0,0,0,0,0,0,0,0,0,0,0,0,0,0,0,0,0,0,0,0,0,0,0,0,0,0,0,0,0,0,0,0,0,0,0,0,0,0,0,0,0,0,0,0,0,0,0,0,0,0,0,0,0,0,0,0,0,0,0,0,0,0,0,0,0,0,0,0,0,0,0,0,0,0,0,0,0,0,0,0,0,0,0,0,0,0,0,0,0,0,0,0,0,0,0,0,0,0,0,0,0,0,0,0,0,0
2020-10-29,NV,1701,0,0,0,0,0,0,0,0,0,0,0,0,0,0,0,0,0,0,0,0,0,0,0,0,0,0,0,0,0,0,0,0,0,0,0,0,0,0,0,0,0,0,0,0,0,0,0,0,0,0,0,0,0,0,0,0,0,0,0,0,0,0,0,0,0,0,0,0,0,0,0,0,0,0,0,0,0,0,0,0,0,0,0,0,0,0,0,0,0,0,0,0,0,0,0,0,0,0,0,0,0,0,0,0,0,0,0,0,0,0,0,0,0,0,0,0,0,0,0,0,0,0,0,0,0,0
2020-10-30,NV,1742,0,0,0,0,0,0,0,0,0,0,0,0,0,0,0,0,0,0,0,0,0,0,0,0,0,0,0,0,0,0,0,0,0,0,0,0,0,0,0,0,0,0,0,0,0,0,0,0,0,0,0,0,0,0,0,0,0,0,0,0,0,0,0,0,0,0,0,0,0,0,0,0,0,0,0,0,0,0,0,0,0,0,0,0,0,0,0,0,0,0,0,0,0,0,0,0,0,0,0,0,0,0,0,0,0,0,0,0,0,0,0,0,0,0,0,0,0,0,0,0,0,0,0,0,0,0
2020-10-31,NV,1783,0,0,0,0,0,0,0,0,0,0,0,0,0,0,0,0,0,0,0,0,0,0,0,0,0,0,0,0,0,0,0,0,0,0,0,0,0,0,0,0,0,0,0,0,0,0,0,0,0,0,0,0,0,0,0,0,0,0,0,0,0,0,0,0,0,0,0,0,0,0,0,0,0,0,0,0,0,0,0,0,0,0,0,0,0,0,0,0,0,0,0,0,0,0,0,0,0,0,0,0,0,0,0,0,0,0,0,0,0,0,0,0,0,0,0,0,0,0,0,0,0,0,0,0,0,0
2020-11-01,NV,1896,0,0,0,0,0,0,0,0,0,0,0,0,0,0,0,0,0,0,0,0,0,0,0,0,0,0,0,0,0,0,0,0,0,0,0,0,0,0,0,0,0,0,0,0,0,0,0,0,0,0,0,0,0,0,0,0,0,0,0,0,0,0,0,0,0,0,0,0,0,0,0,0,0,0,0,0,0,0,0,0,0,0,0,0,0,0,0,0,0,0,0,0,0,0,0,0,0,0,0,0,0,0,0,0,0,0,0,0,0,0,0,0,0,0,0,0,0,0,0,0,0,0,0,0,0,0
2020-11-02,NV,2010,0,0,0,0,0,0,0,0,0,0,0,0,0,0,0,0,0,0,0,0,0,0,0,0,0,0,0,0,0,0,0,0,0,0,0,0,0,0,0,0,0,0,0,0,0,0,0,0,0,0,0,0,0,0,0,0,0,0,0,0,0,0,0,0,0,0,0,0,0,0,0,0,0,0,0,0,0,0,0,0,0,0,0,0,0,0,0,0,0,0,0,0,0,0,0,0,0,0,0,0,0,0,0,0,0,0,0,0,0,0,0,0,0,0,0,0,0,0,0,0,0,0,0,0,0,0
2020-11-03,NV,2124,0,0,0,0,0,0,0,0,0,0,0,0,0,0,0,0,0,0,0,0,0,0,0,0,0,0,0,0,0,0,0,0,0,0,0,0,0,0,0,0,0,0,0,0,0,0,0,0,0,0,0,0,0,0,0,0,0,0,0,0,0,0,0,0,0,0,0,0,0,0,0,0,0,0,0,0,0,0,0,0,0,0,0,0,0,0,0,0,0,0,0,0,0,0,0,0,0,0,0,0,0,0,0,0,0,0,0,0,0,0,0,0,0,0,0,0,0,0,0,0,0,0,0,0,0,0
2020-11-04,NV,2238,0,0,0,0,0,0,0,0,0,0,0,0,0,0,0,0,0,0,0,0,0,0,0,0,0,0,0,0,0,0,0,0,0,0,0,0,0,0,0,0,0,0,0,0,0,0,0,0,0,0,0,0,0,0,0,0,0,0,0,0,0,0,0,0,0,0,0,0,0,0,0,0,0,0,0,0,0,0,0,0,0,0,0,0,0,0,0,0,0,0,0,0,0,0,0,0,0,0,0,0,0,0,0,0,0,0,0,0,0,0,0,0,0,0,0,0,0,0,0,0,0,0,0,0,0,0
2020-11-05,NV,2351,0,0,0,0,0,0,0,0,0,0,0,0,0,0,0,0,0,0,0,0,0,0,0,0,0,0,0,0,0,0,0,0,0,0,0,0,0,0,0,0,0,0,0,0,0,0,0,0,0,0,0,0,0,0,0,0,0,0,0,0,0,0,0,0,0,0,0,0,0,0,0,0,0,0,0,0,0,0,0,0,0,0,0,0,0,0,0,0,0,0,0,0,0,0,0,0,0,0,0,0,0,0,0,0,0,0,0,0,0,0,0,0,0,0,0,0,0,0,0,0,0,0,0,0,0,0
2020-11-06,NV,2465,0,0,0,0,0,0,0,0,0,0,0,0,0,0,0,0,0,0,0,0,0,0,0,0,0,0,0,0,0,0,0,0,0,0,0,0,0,0,0,0,0,0,0,0,0,0,0,0,0,0,0,0,0,0,0,0,0,0,0,0,0,0,0,0,0,0,0,0,0,0,0,0,0,0,0,0,0,0,0,0,0,0,0,0,0,0,0,0,0,0,0,0,0,0,0,0,0,0,0,0,0,0,0,0,0,0,0,0,0,0,0,0,0,0,0,0,0,0,0,0,0,0,0,0,0,0
2020-11-07,NV,2579,0,0,0,0,0,0,0,0,0,0,0,0,0,0,0,0,0,0,0,0,0,0,0,0,0,0,0,0,0,0,0,0,0,0,0,0,0,0,0,0,0,0,0,0,0,0,0,0,0,0,0,0,0,0,0,0,0,0,0,0,0,0,0,0,0,0,0,0,0,0,0,0,0,0,0,0,0,0,0,0,0,0,0,0,0,0,0,0,0,0,0,0,0,0,0,0,0,0,0,0,0,0,0,0,0,0,0,0,0,0,0,0,0,0,0,0,0,0,0,0,0,0,0,0,0,0
2020-11-08,NV,2798,0,0,0,0,0,0,0,0,0,0,0,0,0,0,0,0,0,0,0,0,0,0,0,0,0,0,0,0,0,0,0,0,0,0,0,0,0,0,0,0,0,0,0,0,0,0,0,0,0,0,0,0,0,0,0,0,0,0,0,0,0,0,0,0,0,0,0,0,0,0,0,0,0,0,0,0,0,0,0,0,0,0,0,0,0,0,0,0,0,0,0,0,0,0,0,0,0,0,0,0,0,0,0,0,0,0,0,0,0,0,0,0,0,0,0,0,0,0,0,0,0,0,0,0,0,0
2020-11-09,NV,3017,0,0,0,0,0,0,0,0,0,0,0,0,0,0,0,0,0,0,0,0,0,0,0,0,0,0,0,0,0,0,0,0,0,0,0,0,0,0,0,0,0,0,0,0,0,0,0,0,0,0,0,0,0,0,0,0,0,0,0,0,0,0,0,0,0,0,0,0,0,0,0,0,0,0,0,0,0,0,0,0,0,0,0,0,0,0,0,0,0,0,0,0,0,0,0,0,0,0,0,0,0,0,0,0,0,0,0,0,0,0,0,0,0,0,0,0,0,0,0,0,0,0,0,0,0,0
2020-11-10,NV,3235,0,0,0,0,0,0,0,0,0,0,0,0,0,0,0,0,0,0,0,0,0,0,0,0,0,0,0,0,0,0,0,0,0,0,0,0,0,0,0,0,0,0,0,0,0,0,0,0,0,0,0,0,0,0,0,0,0,0,0,0,0,0,0,0,0,0,0,0,0,0,0,0,0,0,0,0,0,0,0,0,0,0,0,0,0,0,0,0,0,0,0,0,0,0,0,0,0,0,0,0,0,0,0,0,0,0,0,0,0,0,0,0,0,0,0,0,0,0,0,0,0,0,0,0,0,0
2020-11-11,NV,3454,0,0,0,0,0,0,0,0,0,0,0,0,0,0,0,0,0,0,0,0,0,0,0,0,0,0,0,0,0,0,0,0,0,0,0,0,0,0,0,0,0,0,0,0,0,0,0,0,0,0,0,0,0,0,0,0,0,0,0,0,0,0,0,0,0,0,0,0,0,0,0,0,0,0,0,0,0,0,0,0,0,0,0,0,0,0,0,0,0,0,0,0,0,0,0,0,0,0,0,0,0,0,0,0,0,0,0,0,0,0,0,0,0,0,0,0,0,0,0,0,0,0,0,0,0,0
2020-11-12,NV,3673,0,0,0,0,0,0,0,0,0,0,0,0,0,0,0,0,0,0,0,0,0,0,0,0,0,0,0,0,0,0,0,0,0,0,0,0,0,0,0,0,0,0,0,0,0,0,0,0,0,0,0,0,0,0,0,0,0,0,0,0,0,0,0,0,0,0,0,0,0,0,0,0,0,0,0,0,0,0,0,0,0,0,0,0,0,0,0,0,0,0,0,0,0,0,0,0,0,0,0,0,0,0,0,0,0,0,0,0,0,0,0,0,0,0,0,0,0,0,0,0,0,0,0,0,0,0
2020-11-13,NV,3891,0,0,0,0,0,0,0,0,0,0,0,0,0,0,0,0,0,0,0,0,0,0,0,0,0,0,0,0,0,0,0,0,0,0,0,0,0,0,0,0,0,0,0,0,0,0,0,0,0,0,0,0,0,0,0,0,0,0,0,0,0,0,0,0,0,0,0,0,0,0,0,0,0,0,0,0,0,0,0,0,0,0,0,0,0,0,0,0,0,0,0,0,0,0,0,0,0,0,0,0,0,0,0,0,0,0,0,0,0,0,0,0,0,0,0,0,0,0,0,0,0,0,0,0,0,0
2020-11-14,NV,4110,0,0,0,0,0,0,0,0,0,0,0,0,0,0,0,0,0,0,0,0,0,0,0,0,0,0,0,0,0,0,0,0,0,0,0,0,0,0,0,0,0,0,0,0,0,0,0,0,0,0,0,0,0,0,0,0,0,0,0,0,0,0,0,0,0,0,0,0,0,0,0,0,0,0,0,0,0,0,0,0,0,0,0,0,0,0,0,0,0,0,0,0,0,0,0,0,0,0,0,0,0,0,0,0,0,0,0,0,0,0,0,0,0,0,0,0,0,0,0,0,0,0,0,0,0,0
2020-11-15,NV,4208,0,0,0,0,0,0,0,0,0,0,0,0,0,0,0,0,0,0,0,0,0,0,0,0,0,0,0,0,0,0,0,0,0,0,0,0,0,0,0,0,0,0,0,0,0,0,0,0,0,0,0,0,0,0,0,0,0,0,0,0,0,0,0,0,0,0,0,0,0,0,0,0,0,0,0,0,0,0,0,0,0,0,0,0,0,0,0,0,0,0,0,0,0,0,0,0,0,0,0,0,0,0,0,0,0,0,0,0,0,0,0,0,0,0,0,0,0,0,0,0,0,0,0,0,0,0
2020-11-16,NV,4306,0,0,0,0,0,0,0,0,0,0,0,0,0,0,0,0,0,0,0,0,0,0,0,0,0,0,0,0,0,0,0,0,0,0,0,0,0,0,0,0,0,0,0,0,0,0,0,0,0,0,0,0,0,0,0,0,0,0,0,0,0,0,0,0,0,0,0,0,0,0,0,0,0,0,0,0,0,0,0,0,0,0,0,0,0,0,0,0,0,0,0,0,0,0,0,0,0,0,0,0,0,0,0,0,0,0,0,0,0,0,0,0,0,0,0,0,0,0,0,0,0,0,0,0,0,0
2020-11-17,NV,4404,0,0,0,0,0,0,0,0,0,0,0,0,0,0,0,0,0,0,0,0,0,0,0,0,0,0,0,0,0,0,0,0,0,0,0,0,0,0,0,0,0,0,0,0,0,0,0,0,0,0,0,0,0,0,0,0,0,0,0,0,0,0,0,0,0,0,0,0,0,0,0,0,0,0,0,0,0,0,0,0,0,0,0,0,0,0,0,0,0,0,0,0,0,0,0,0,0,0,0,0,0,0,0,0,0,0,0,0,0,0,0,0,0,0,0,0,0,0,0,0,0,0,0,0,0,0
2020-11-18,NV,4502,0,0,0,0,0,0,0,0,0,0,0,0,0,0,0,0,0,0,0,0,0,0,0,0,0,0,0,0,0,0,0,0,0,0,0,0,0,0,0,0,0,0,0,0,0,0,0,0,0,0,0,0,0,0,0,0,0,0,0,0,0,0,0,0,0,0,0,0,0,0,0,0,0,0,0,0,0,0,0,0,0,0,0,0,0,0,0,0,0,0,0,0,0,0,0,0,0,0,0,0,0,0,0,0,0,0,0,0,0,0,0,0,0,0,0,0,0,0,0,0,0,0,0,0,0,0
2020-11-19,NV,4600,0,0,0,0,0,0,0,0,0,0,0,0,0,0,0,0,0,0,0,0,0,0,0,0,0,0,0,0,0,0,0,0,0,0,0,0,0,0,0,0,0,0,0,0,0,0,0,0,0,0,0,0,0,0,0,0,0,0,0,0,0,0,0,0,0,0,0,0,0,0,0,0,0,0,0,0,0,0,0,0,0,0,0,0,0,0,0,0,0,0,0,0,0,0,0,0,0,0,0,0,0,0,0,0,0,0,0,0,0,0,0,0,0,0,0,0,0,0,0,0,0,0,0,0,0,0
2020-11-20,NV,4698,0,0,0,0,0,0,0,0,0,0,0,0,0,0,0,0,0,0,0,0,0,0,0,0,0,0,0,0,0,0,0,0,0,0,0,0,0,0,0,0,0,0,0,0,0,0,0,0,0,0,0,0,0,0,0,0,0,0,0,0,0,0,0,0,0,0,0,0,0,0,0,0,0,0,0,0,0,0,0,0,0,0,0,0,0,0,0,0,0,0,0,0,0,0,0,0,0,0,0,0,0,0,0,0,0,0,0,0,0,0,0,0,0,0,0,0,0,0,0,0,0,0,0,0,0,0
2020-11-21,NV,4797,0,0,0,0,0,0,0,0,0,0,0,0,0,0,0,0,0,0,0,0,0,0,0,0,0,0,0,0,0,0,0,0,0,0,0,0,0,0,0,0,0,0,0,0,0,0,0,0,0,0,0,0,0,0,0,0,0,0,0,0,0,0,0,0,0,0,0,0,0,0,0,0,0,0,0,0,0,0,0,0,0,0,0,0,0,0,0,0,0,0,0,0,0,0,0,0,0,0,0,0,0,0,0,0,0,0,0,0,0,0,0,0,0,0,0,0,0,0,0,0,0,0,0,0,0,0
2020-11-22,NV,4879,0,0,0,0,0,0,0,0,0,0,0,0,0,0,0,0,0,0,0,0,0,0,0,0,0,0,0,0,0,0,0,0,0,0,0,0,0,0,0,0,0,0,0,0,0,0,0,0,0,0,0,0,0,0,0,0,0,0,0,0,0,0,0,0,0,0,0,0,0,0,0,0,0,0,0,0,0,0,0,0,0,0,0,0,0,0,0,0,0,0,0,0,0,0,0,0,0,0,0,0,0,0,0,0,0,0,0,0,0,0,0,0,0,0,0,0,0,0,0,0,0,0,0,0,0,0
2020-11-23,NV,4961,0,0,0,0,0,0,0,0,0,0,0,0,0,0,0,0,0,0,0,0,0,0,0,0,0,0,0,0,0,0,0,0,0,0,0,0,0,0,0,0,0,0,0,0,0,0,0,0,0,0,0,0,0,0,0,0,0,0,0,0,0,0,0,0,0,0,0,0,0,0,0,0,0,0,0,0,0,0,0,0,0,0,0,0,0,0,0,0,0,0,0,0,0,0,0,0,0,0,0,0,0,0,0,0,0,0,0,0,0,0,0,0,0,0,0,0,0,0,0,0,0,0,0,0,0,0
2020-11-24,NV,5044,0,0,0,0,0,0,0,0,0,0,0,0,0,0,0,0,0,0,0,0,0,0,0,0,0,0,0,0,0,0,0,0,0,0,0,0,0,0,0,0,0,0,0,0,0,0,0,0,0,0,0,0,0,0,0,0,0,0,0,0,0,0,0,0,0,0,0,0,0,0,0,0,0,0,0,0,0,0,0,0,0,0,0,0,0,0,0,0,0,0,0,0,0,0,0,0,0,0,0,0,0,0,0,0,0,0,0,0,0,0,0,0,0,0,0,0,0,0,0,0,0,0,0,0,0,0
2020-11-25,NV,5126,0,0,0,0,0,0,0,0,0,0,0,0,0,0,0,0,0,0,0,0,0,0,0,0,0,0,0,0,0,0,0,0,0,0,0,0,0,0,0,0,0,0,0,0,0,0,0,0,0,0,0,0,0,0,0,0,0,0,0,0,0,0,0,0,0,0,0,0,0,0,0,0,0,0,0,0,0,0,0,0,0,0,0,0,0,0,0,0,0,0,0,0,0,0,0,0,0,0,0,0,0,0,0,0,0,0,0,0,0,0,0,0,0,0,0,0,0,0,0,0,0,0,0,0,0,0
2020-11-26,NV,5208,0,0,0,0,0,0,0,0,0,0,0,0,0,0,0,0,0,0,0,0,0,0,0,0,0,0,0,0,0,0,0,0,0,0,0,0,0,0,0,0,0,0,0,0,0,0,0,0,0,0,0,0,0,0,0,0,0,0,0,0,0,0,0,0,0,0,0,0,0,0,0,0,0,0,0,0,0,0,0,0,0,0,0,0,0,0,0,0,0,0,0,0,0,0,0,0,0,0,0,0,0,0,0,0,0,0,0,0,0,0,0,0,0,0,0,0,0,0,0,0,0,0,0,0,0,0
2020-11-27,NV,5291,0,0,0,0,0,0,0,0,0,0,0,0,0,0,0,0,0,0,0,0,0,0,0,0,0,0,0,0,0,0,0,0,0,0,0,0,0,0,0,0,0,0,0,0,0,0,0,0,0,0,0,0,0,0,0,0,0,0,0,0,0,0,0,0,0,0,0,0,0,0,0,0,0,0,0,0,0,0,0,0,0,0,0,0,0,0,0,0,0,0,0,0,0,0,0,0,0,0,0,0,0,0,0,0,0,0,0,0,0,0,0,0,0,0,0,0,0,0,0,0,0,0,0,0,0,0
2020-11-28,NV,5373,0,0,0,0,0,0,0,0,0,0,0,0,0,0,0,0,0,0,0,0,0,0,0,0,0,0,0,0,0,0,0,0,0,0,0,0,0,0,0,0,0,0,0,0,0,0,0,0,0,0,0,0,0,0,0,0,0,0,0,0,0,0,0,0,0,0,0,0,0,0,0,0,0,0,0,0,0,0,0,0,0,0,0,0,0,0,0,0,0,0,0,0,0,0,0,0,0,0,0,0,0,0,0,0,0,0,0,0,0,0,0,0,0,0,0,0,0,0,0,0,0,0,0,0,0,0
2020-11-29,NV,5368,0,0,0,0,0,0,0,0,0,0,0,0,0,0,0,0,0,0,0,0,0,0,0,0,0,0,0,0,0,0,0,0,0,0,0,0,0,0,0,0,0,0,0,0,0,0,0,0,0,0,0,0,0,0,0,0,0,0,0,0,0,0,0,0,0,0,0,0,0,0,0,0,0,0,0,0,0,0,0,0,0,0,0,0,0,0,0,0,0,0,0,0,0,0,0,0,0,0,0,0,0,0,0,0,0,0,0,0,0,0,0,0,0,0,0,0,0,0,0,0,0,0,0,0,0,0
2020-11-30,NV,5364,0,0,0,0,0,0,0,0,0,0,0,0,0,0,0,0,0,0,0,0,0,0,0,0,0,0,0,0,0,0,0,0,0,0,0,0,0,0,0,0,0,0,0,0,0,0,0,0,0,0,0,0,0,0,0,0,0,0,0,0,0,0,0,0,0,0,0,0,0,0,0,0,0,0,0,0,0,0,0,0,0,0,0,0,0,0,0,0,0,0,0,0,0,0,0,0,0,0,0,0,0,0,0,0,0,0,0,0,0,0,0,0,0,0,0,0,0,0,0,0,0,0,0,0,0,0
2020-12-01,NV,5359,0,0,0,0,0,0,0,0,0,0,0,0,0,0,0,0,0,0,0,0,0,0,0,0,0,0,0,0,0,0,0,0,0,0,0,0,0,0,0,0,0,0,0,0,0,0,0,0,0,0,0,0,0,0,0,0,0,0,0,0,0,0,0,0,0,0,0,0,0,0,0,0,0,0,0,0,0,0,0,0,0,0,0,0,0,0,0,0,0,0,0,0,0,0,0,0,0,0,0,0,0,0,0,0,0,0,0,0,0,0,0,0,0,0,0,0,0,0,0,0,0,0,0,0,0,0
2020-12-02,NV,5355,0,0,0,0,0,0,0,0,0,0,0,0,0,0,0,0,0,0,0,0,0,0,0,0,0,0,0,0,0,0,0,0,0,0,0,0,0,0,0,0,0,0,0,0,0,0,0,0,0,0,0,0,0,0,0,0,0,0,0,0,0,0,0,0,0,0,0,0,0,0,0,0,0,0,0,0,0,0,0,0,0,0,0,0,0,0,0,0,0,0,0,0,0,0,0,0,0,0,0,0,0,0,0,0,0,0,0,0,0,0,0,0,0,0,0,0,0,0,0,0,0,0,0,0,0,0
2020-12-03,NV,5350,0,0,0,0,0,0,0,0,0,0,0,0,0,0,0,0,0,0,0,0,0,0,0,0,0,0,0,0,0,0,0,0,0,0,0,0,0,0,0,0,0,0,0,0,0,0,0,0,0,0,0,0,0,0,0,0,0,0,0,0,0,0,0,0,0,0,0,0,0,0,0,0,0,0,0,0,0,0,0,0,0,0,0,0,0,0,0,0,0,0,0,0,0,0,0,0,0,0,0,0,0,0,0,0,0,0,0,0,0,0,0,0,0,0,0,0,0,0,0,0,0,0,0,0,0,0
2020-12-04,NV,5345,0,0,0,0,0,0,0,0,0,0,0,0,0,0,0,0,0,0,0,0,0,0,0,0,0,0,0,0,0,0,0,0,0,0,0,0,0,0,0,0,0,0,0,0,0,0,0,0,0,0,0,0,0,0,0,0,0,0,0,0,0,0,0,0,0,0,0,0,0,0,0,0,0,0,0,0,0,0,0,0,0,0,0,0,0,0,0,0,0,0,0,0,0,0,0,0,0,0,0,0,0,0,0,0,0,0,0,0,0,0,0,0,0,0,0,0,0,0,0,0,0,0,0,0,0,0
2020-12-05,NV,5341,0,0,0,0,0,0,0,0,0,0,0,0,0,0,0,0,0,0,0,0,0,0,0,0,0,0,0,0,0,0,0,0,0,0,0,0,0,0,0,0,0,0,0,0,0,0,0,0,0,0,0,0,0,0,0,0,0,0,0,0,0,0,0,0,0,0,0,0,0,0,0,0,0,0,0,0,0,0,0,0,0,0,0,0,0,0,0,0,0,0,0,0,0,0,0,0,0,0,0,0,0,0,0,0,0,0,0,0,0,0,0,0,0,0,0,0,0,0,0,0,0,0,0,0,0,0
2020-12-06,NV,5427,0,0,0,0,0,0,0,0,0,0,0,0,0,0,0,0,0,0,0,0,0,0,0,0,0,0,0,0,0,0,0,0,0,0,0,0,0,0,0,0,0,0,0,0,0,0,0,0,0,0,0,0,0,0,0,0,0,0,0,0,0,0,0,0,0,0,0,0,0,0,0,0,0,0,0,0,0,0,0,0,0,0,0,0,0,0,0,0,0,0,0,0,0,0,0,0,0,0,0,0,0,0,0,0,0,0,0,0,0,0,0,0,0,0,0,0,0,0,0,0,0,0,0,0,0,0
2020-12-07,NV,5513,0,0,0,0,0,0,0,0,0,0,0,0,0,0,0,0,0,0,0,0,0,0,0,0,0,0,0,0,0,0,0,0,0,0,0,0,0,0,0,0,0,0,0,0,0,0,0,0,0,0,0,0,0,0,0,0,0,0,0,0,0,0,0,0,0,0,0,0,0,0,0,0,0,0,0,0,0,0,0,0,0,0,0,0,0,0,0,0,0,0,0,0,0,0,0,0,0,0,0,0,0,0,0,0,0,0,0,0,0,0,0,0,0,0,0,0,0,0,0,0,0,0,0,0,0,0
2020-12-08,NV,5599,0,0,0,0,0,0,0,0,0,0,0,0,0,0,0,0,0,0,0,0,0,0,0,0,0,0,0,0,0,0,0,0,0,0,0,0,0,0,0,0,0,0,0,0,0,0,0,0,0,0,0,0,0,0,0,0,0,0,0,0,0,0,0,0,0,0,0,0,0,0,0,0,0,0,0,0,0,0,0,0,0,0,0,0,0,0,0,0,0,0,0,0,0,0,0,0,0,0,0,0,0,0,0,0,0,0,0,0,0,0,0,0,0,0,0,0,0,0,0,0,0,0,0,0,0,0
2020-12-09,NV,5685,0,0,0,0,0,0,0,0,0,0,0,0,0,0,0,0,0,0,0,0,0,0,0,0,0,0,0,0,0,0,0,0,0,0,0,0,0,0,0,0,0,0,0,0,0,0,0,0,0,0,0,0,0,0,0,0,0,0,0,0,0,0,0,0,0,0,0,0,0,0,0,0,0,0,0,0,0,0,0,0,0,0,0,0,0,0,0,0,0,0,0,0,0,0,0,0,0,0,0,0,0,0,0,0,0,0,0,0,0,0,0,0,0,0,0,0,0,0,0,0,0,0,0,0,0,0
2020-12-10,NV,5771,0,0,0,0,0,0,0,0,0,0,0,0,0,0,0,0,0,0,0,0,0,0,0,0,0,0,0,0,0,0,0,0,0,0,0,0,0,0,0,0,0,0,0,0,0,0,0,0,0,0,0,0,0,0,0,0,0,0,0,0,0,0,0,0,0,0,0,0,0,0,0,0,0,0,0,0,0,0,0,0,0,0,0,0,0,0,0,0,0,0,0,0,0,0,0,0,0,0,0,0,0,0,0,0,0,0,0,0,0,0,0,0,0,0,0,0,0,0,0,0,0,0,0,0,0,0
2020-12-11,NV,5858,0,0,0,0,0,0,0,0,0,0,0,0,0,0,0,0,0,0,0,0,0,0,0,0,0,0,0,0,0,0,0,0,0,0,0,0,0,0,0,0,0,0,0,0,0,0,0,0,0,0,0,0,0,0,0,0,0,0,0,0,0,0,0,0,0,0,0,0,0,0,0,0,0,0,0,0,0,0,0,0,0,0,0,0,0,0,0,0,0,0,0,0,0,0,0,0,0,0,0,0,0,0,0,0,0,0,0,0,0,0,0,0,0,0,0,0,0,0,0,0,0,0,0,0,0,0
2020-12-12,NV,5944,0,0,0,0,0,0,0,0,0,0,0,0,0,0,0,0,0,0,0,0,0,0,0,0,0,0,0,0,0,0,0,0,0,0,0,0,0,0,0,0,0,0,0,0,0,0,0,0,0,0,0,0,0,0,0,0,0,0,0,0,0,0,0,0,0,0,0,0,0,0,0,0,0,0,0,0,0,0,0,0,0,0,0,0,0,0,0,0,0,0,0,0,0,0,0,0,0,0,0,0,0,0,0,0,0,0,0,0,0,0,0,0,0,0,0,0,0,0,0,0,0,0,0,0,0,0
2020-12-13,NV,6003,0,0,0,0,0,0,0,0,0,0,0,0,0,0,0,0,0,0,0,0,0,0,0,0,0,0,0,0,0,0,0,0,0,0,0,0,0,0,0,0,0,0,0,0,0,0,0,0,0,0,0,0,0,0,0,0,0,0,0,0,0,0,0,0,0,0,0,0,0,0,0,0,0,0,0,0,0,0,0,0,0,0,0,0,0,0,0,0,0,0,0,0,0,0,0,0,0,0,0,0,0,0,0,0,0,0,0,0,0,0,0,0,0,0,0,0,0,0,0,0,0,0,0,0,0,0
2020-12-14,NV,6062,0,0,0,0,0,0,0,0,0,0,0,0,0,0,0,0,0,0,0,0,0,0,0,0,0,0,0,0,0,0,0,0,0,0,0,0,0,0,0,0,0,0,0,0,0,0,0,0,0,0,0,0,0,0,0,0,0,0,0,0,0,0,0,0,0,0,0,0,0,0,0,0,0,0,0,0,0,0,0,0,0,0,0,0,0,0,0,0,0,0,0,0,0,0,0,0,0,0,0,0,0,0,0,0,0,0,0,0,0,0,0,0,0,0,0,0,0,0,0,0,0,0,0,0,0,0
2020-12-15,NV,6122,0,0,0,0,0,0,0,0,0,0,0,0,0,0,0,0,0,0,0,0,0,0,0,0,0,0,0,0,0,0,0,0,0,0,0,0,0,0,0,0,0,0,0,0,0,0,0,0,0,0,0,0,0,0,0,0,0,0,0,0,0,0,0,0,0,0,0,0,0,0,0,0,0,0,0,0,0,0,0,0,0,0,0,0,0,0,0,0,0,0,0,0,0,0,0,0,0,0,0,0,0,0,0,0,0,0,0,0,0,0,0,0,0,0,0,0,0,0,0,0,0,0,0,0,0,0
2020-12-16,NV,6181,0,0,0,0,0,0,0,0,0,0,0,0,0,0,0,0,0,0,0,0,0,0,0,0,0,0,0,0,0,0,0,0,0,0,0,0,0,0,0,0,0,0,0,0,0,0,0,0,0,0,0,0,0,0,0,0,0,0,0,0,0,0,0,0,0,0,0,0,0,0,0,0,0,0,0,0,0,0,0,0,0,0,0,0,0,0,0,0,0,0,0,0,0,0,0,0,0,0,0,0,0,0,0,0,0,0,0,0,0,0,0,0,0,0,0,0,0,0,0,0,0,0,0,0,0,0
2020-12-17,NV,6240,0,0,0,0,0,0,0,0,0,0,0,0,0,0,0,0,0,0,0,0,0,0,0,0,0,0,0,0,0,0,0,0,0,0,0,0,0,0,0,0,0,0,0,0,0,0,0,0,0,0,0,0,0,0,0,0,0,0,0,0,0,0,0,0,0,0,0,0,0,0,0,0,0,0,0,0,0,0,0,0,0,0,0,0,0,0,0,0,0,0,0,0,0,0,0,0,0,0,0,0,0,0,0,0,0,0,0,0,0,0,0,0,0,0,0,0,0,0,0,0,0,0,0,0,0,0
2020-12-18,NV,6300,0,0,0,0,0,0,0,0,0,0,0,0,0,0,0,0,0,0,0,0,0,0,0,0,0,0,0,0,0,0,0,0,0,0,0,0,0,0,0,0,0,0,0,0,0,0,0,0,0,0,0,0,0,0,0,0,0,0,0,0,0,0,0,0,0,0,0,0,0,0,0,0,0,0,0,0,0,0,0,0,0,0,0,0,0,0,0,0,0,0,0,0,0,0,0,0,0,0,0,0,0,0,0,0,0,0,0,0,0,0,0,0,0,0,0,0,0,0,0,0,0,0,0,0,0,0
2020-12-19,NV,6359,0,0,0,0,0,0,0,0,0,0,0,0,0,0,0,0,0,0,0,0,0,0,0,0,0,0,0,0,0,0,0,0,0,0,0,0,0,0,0,0,0,0,0,0,0,0,0,0,0,0,0,0,0,0,0,0,0,0,0,0,0,0,0,0,0,0,0,0,0,0,0,0,0,0,0,0,0,0,0,0,0,0,0,0,0,0,0,0,0,0,0,0,0,0,0,0,0,0,0,0,0,0,0,0,0,0,0,0,0,0,0,0,0,0,0,0,0,0,0,0,0,0,0,0,0,0
2020-12-20,NV,6328,0,0,0,0,0,0,0,0,0,0,0,0,0,0,0,0,0,0,0,0,0,0,0,0,0,0,0,0,0,0,0,0,0,0,0,0,0,0,0,0,0,0,0,0,0,0,0,0,0,0,0,0,0,0,0,0,0,0,0,0,0,0,0,0,0,0,0,0,0,0,0,0,0,0,0,0,0,0,0,0,0,0,0,0,0,0,0,0,0,0,0,0,0,0,0,0,0,0,0,0,0,0,0,0,0,0,0,0,0,0,0,0,0,0,0,0,0,0,0,0,0,0,0,0,0,0
2020-12-21,NV,6298,0,0,0,0,0,0,0,0,0,0,0,0,0,0,0,0,0,0,0,0,0,0,0,0,0,0,0,0,0,0,0,0,0,0,0,0,0,0,0,0,0,0,0,0,0,0,0,0,0,0,0,0,0,0,0,0,0,0,0,0,0,0,0,0,0,0,0,0,0,0,0,0,0,0,0,0,0,0,0,0,0,0,0,0,0,0,0,0,0,0,0,0,0,0,0,0,0,0,0,0,0,0,0,0,0,0,0,0,0,0,0,0,0,0,0,0,0,0,0,0,0,0,0,0,0,0
2020-12-22,NV,6267,0,0,0,0,0,0,0,0,0,0,0,0,0,0,0,0,0,0,0,0,0,0,0,0,0,0,0,0,0,0,0,0,0,0,0,0,0,0,0,0,0,0,0,0,0,0,0,0,0,0,0,0,0,0,0,0,0,0,0,0,0,0,0,0,0,0,0,0,0,0,0,0,0,0,0,0,0,0,0,0,0,0,0,0,0,0,0,0,0,0,0,0,0,0,0,0,0,0,0,0,0,0,0,0,0,0,0,0,0,0,0,0,0,0,0,0,0,0,0,0,0,0,0,0,0,0
2020-12-23,NV,6236,0,0,0,0,0,0,0,0,0,0,0,0,0,0,0,0,0,0,0,0,0,0,0,0,0,0,0,0,0,0,0,0,0,0,0,0,0,0,0,0,0,0,0,0,0,0,0,0,0,0,0,0,0,0,0,0,0,0,0,0,0,0,0,0,0,0,0,0,0,0,0,0,0,0,0,0,0,0,0,0,0,0,0,0,0,0,0,0,0,0,0,0,0,0,0,0,0,0,0,0,0,0,0,0,0,0,0,0,0,0,0,0,0,0,0,0,0,0,0,0,0,0,0,0,0,0
2020-12-24,NV,6205,0,0,0,0,0,0,0,0,0,0,0,0,0,0,0,0,0,0,0,0,0,0,0,0,0,0,0,0,0,0,0,0,0,0,0,0,0,0,0,0,0,0,0,0,0,0,0,0,0,0,0,0,0,0,0,0,0,0,0,0,0,0,0,0,0,0,0,0,0,0,0,0,0,0,0,0,0,0,0,0,0,0,0,0,0,0,0,0,0,0,0,0,0,0,0,0,0,0,0,0,0,0,0,0,0,0,0,0,0,0,0,0,0,0,0,0,0,0,0,0,0,0,0,0,0,0
2020-12-25,NV,6175,0,0,0,0,0,0,0,0,0,0,0,0,0,0,0,0,0,0,0,0,0,0,0,0,0,0,0,0,0,0,0,0,0,0,0,0,0,0,0,0,0,0,0,0,0,0,0,0,0,0,0,0,0,0,0,0,0,0,0,0,0,0,0,0,0,0,0,0,0,0,0,0,0,0,0,0,0,0,0,0,0,0,0,0,0,0,0,0,0,0,0,0,0,0,0,0,0,0,0,0,0,0,0,0,0,0,0,0,0,0,0,0,0,0,0,0,0,0,0,0,0,0,0,0,0,0
2020-12-26,NV,6144,0,0,0,0,0,0,0,0,0,0,0,0,0,0,0,0,0,0,0,0,0,0,0,0,0,0,0,0,0,0,0,0,0,0,0,0,0,0,0,0,0,0,0,0,0,0,0,0,0,0,0,0,0,0,0,0,0,0,0,0,0,0,0,0,0,0,0,0,0,0,0,0,0,0,0,0,0,0,0,0,0,0,0,0,0,0,0,0,0,0,0,0,0,0,0,0,0,0,0,0,0,0,0,0,0,0,0,0,0,0,0,0,0,0,0,0,0,0,0,0,0,0,0,0,0,0
2020-12-27,NV,6139,0,0,0,0,0,0,0,0,0,0,0,0,0,0,0,0,0,0,0,0,0,0,0,0,0,0,0,0,0,0,0,0,0,0,0,0,0,0,0,0,0,0,0,0,0,0,0,0,0,0,0,0,0,0,0,0,0,0,0,0,0,0,0,0,0,0,0,0,0,0,0,0,0,0,0,0,0,0,0,0,0,0,0,0,0,0,0,0,0,0,0,0,0,0,0,0,0,0,0,0,0,0,0,0,0,0,0,0,0,0,0,0,0,0,0,0,0,0,0,0,0,0,0,0,0,0
2020-12-28,NV,6133,0,0,0,0,0,0,0,0,0,0,0,0,0,0,0,0,0,0,0,0,0,0,0,0,0,0,0,0,0,0,0,0,0,0,0,0,0,0,0,0,0,0,0,0,0,0,0,0,0,0,0,0,0,0,0,0,0,0,0,0,0,0,0,0,0,0,0,0,0,0,0,0,0,0,0,0,0,0,0,0,0,0,0,0,0,0,0,0,0,0,0,0,0,0,0,0,0,0,0,0,0,0,0,0,0,0,0,0,0,0,0,0,0,0,0,0,0,0,0,0,0,0,0,0,0,0
2020-12-29,NV,6128,0,0,0,0,0,0,0,0,0,0,0,0,0,0,0,0,0,0,0,0,0,0,0,0,0,0,0,0,0,0,0,0,0,0,0,0,0,0,0,0,0,0,0,0,0,0,0,0,0,0,0,0,0,0,0,0,0,0,0,0,0,0,0,0,0,0,0,0,0,0,0,0,0,0,0,0,0,0,0,0,0,0,0,0,0,0,0,0,0,0,0,0,0,0,0,0,0,0,0,0,0,0,0,0,0,0,0,0,0,0,0,0,0,0,0,0,0,0,0,0,0,0,0,0,0,0
2020-12-30,NV,6122,0,0,0,0,0,0,0,0,0,0,0,0,0,0,0,0,0,0,0,0,0,0,0,0,0,0,0,0,0,0,0,0,0,0,0,0,0,0,0,0,0,0,0,0,0,0,0,0,0,0,0,0,0,0,0,0,0,0,0,0,0,0,0,0,0,0,0,0,0,0,0,0,0,0,0,0,0,0,0,0,0,0,0,0,0,0,0,0,0,0,0,0,0,0,0,0,0,0,0,0,0,0,0,0,0,0,0,0,0,0,0,0,0,0,0,0,0,0,0,0,0,0,0,0,0,0
2020-12-31,NV,6117,0,0,0,0,0,0,0,0,0,0,0,0,0,0,0,0,0,0,0,0,0,0,0,0,0,0,0,0,0,0,0,0,0,0,0,0,0,0,0,0,0,0,0,0,0,0,0,0,0,0,0,0,0,0,0,0,0,0,0,0,0,0,0,0,0,0,0,0,0,0,0,0,0,0,0,0,0,0,0,0,0,0,0,0,0,0,0,0,0,0,0,0,0,0,0,0,0,0,0,0,0,0,0,0,0,0,0,0,0,0,0,0,0,0,0,0,0,0,0,0,0,0,0,0,0,0
2021-01-01,NV,6111,0,0,0,0,0,0,0,0,0,0,0,0,0,0,0,0,0,0,0,0,0,0,0,0,0,0,0,0,0,0,0,0,0,0,0,0,0,0,0,0,0,0,0,0,0,0,0,0,0,0,0,0,0,0,0,0,0,0,0,0,0,0,0,0,0,0,0,0,0,0,0,0,0,0,0,0,0,0,0,0,0,0,0,0,0,0,0,0,0,0,0,0,0,0,0,0,0,0,0,0,0,0,0,0,0,0,0,0,0,0,0,0,0,0,0,0,0,0,0,0,0,0,0,0,0,0
2021-01-02,NV,6106,0,0,0,0,0,0,0,0,0,0,0,0,0,0,0,0,0,0,0,0,0,0,0,0,0,0,0,0,0,0,0,0,0,0,0,0,0,0,0,0,0,0,0,0,0,0,0,0,0,0,0,0,0,0,0,0,0,0,0,0,0,0,0,0,0,0,0,0,0,0,0,0,0,0,0,0,0,0,0,0,0,0,0,0,0,0,0,0,0,0,0,0,0,0,0,0,0,0,0,0,0,0,0,0,0,0,0,0,0,0,0,0,0,0,0,0,0,0,0,0,0,0,0,0,0,0
2021-01-03,NV,6231,0,0,0,0,0,0,0,0,0,0,0,0,0,0,0,0,0,0,0,0,0,0,0,0,0,0,0,0,0,0,0,0,0,0,0,0,0,0,0,0,0,0,0,0,0,0,0,0,0,0,0,0,0,0,0,0,0,0,0,0,0,0,0,0,0,0,0,0,0,0,0,0,0,0,0,0,0,0,0,0,0,0,0,0,0,0,0,0,0,0,0,0,0,0,0,0,0,0,0,0,0,0,0,0,0,0,0,0,0,0,0,0,0,0,0,0,0,0,0,0,0,0,0,0,0,0
2021-01-04,NV,6357,0,0,0,0,0,0,0,0,0,0,0,0,0,0,0,0,0,0,0,0,0,0,0,0,0,0,0,0,0,0,0,0,0,0,0,0,0,0,0,0,0,0,0,0,0,0,0,0,0,0,0,0,0,0,0,0,0,0,0,0,0,0,0,0,0,0,0,0,0,0,0,0,0,0,0,0,0,0,0,0,0,0,0,0,0,0,0,0,0,0,0,0,0,0,0,0,0,0,0,0,0,0,0,0,0,0,0,0,0,0,0,0,0,0,0,0,0,0,0,0,0,0,0,0,0,0
2021-01-05,NV,6482,0,0,0,0,0,0,0,0,0,0,0,0,0,0,0,0,0,0,0,0,0,0,0,0,0,0,0,0,0,0,0,0,0,0,0,0,0,0,0,0,0,0,0,0,0,0,0,0,0,0,0,0,0,0,0,0,0,0,0,0,0,0,0,0,0,0,0,0,0,0,0,0,0,0,0,0,0,0,0,0,0,0,0,0,0,0,0,0,0,0,0,0,0,0,0,0,0,0,0,0,0,0,0,0,0,0,0,0,0,0,0,0,0,0,0,0,0,0,0,0,0,0,0,0,0,0
2021-01-06,NV,6608,0,0,0,0,0,0,0,0,0,0,0,0,0,0,0,0,0,0,0,0,0,0,0,0,0,0,0,0,0,0,0,0,0,0,0,0,0,0,0,0,0,0,0,0,0,0,0,0,0,0,0,0,0,0,0,0,0,0,0,0,0,0,0,0,0,0,0,0,0,0,0,0,0,0,0,0,0,0,0,0,0,0,0,0,0,0,0,0,0,0,0,0,0,0,0,0,0,0,0,0,0,0,0,0,0,0,0,0,0,0,0,0,0,0,0,0,0,0,0,0,0,0,0,0,0,0
2021-01-07,NV,6733,0,0,0,0,0,0,0,0,0,0,0,0,0,0,0,0,0,0,0,0,0,0,0,0,0,0,0,0,0,0,0,0,0,0,0,0,0,0,0,0,0,0,0,0,0,0,0,0,0,0,0,0,0,0,0,0,0,0,0,0,0,0,0,0,0,0,0,0,0,0,0,0,0,0,0,0,0,0,0,0,0,0,0,0,0,0,0,0,0,0,0,0,0,0,0,0,0,0,0,0,0,0,0,0,0,0,0,0,0,0,0,0,0,0,0,0,0,0,0,0,0,0,0,0,0,0
2021-01-08,NV,6859,0,0,0,0,0,0,0,0,0,0,0,0,0,0,0,0,0,0,0,0,0,0,0,0,0,0,0,0,0,0,0,0,0,0,0,0,0,0,0,0,0,0,0,0,0,0,0,0,0,0,0,0,0,0,0,0,0,0,0,0,0,0,0,0,0,0,0,0,0,0,0,0,0,0,0,0,0,0,0,0,0,0,0,0,0,0,0,0,0,0,0,0,0,0,0,0,0,0,0,0,0,0,0,0,0,0,0,0,0,0,0,0,0,0,0,0,0,0,0,0,0,0,0,0,0,0
2021-01-09,NV,6984,0,0,0,0,0,0,0,0,0,0,0,0,0,0,0,0,0,0,0,0,0,0,0,0,0,0,0,0,0,0,0,0,0,0,0,0,0,0,0,0,0,0,0,0,0,0,0,0,0,0,0,0,0,0,0,0,0,0,0,0,0,0,0,0,0,0,0,0,0,0,0,0,0,0,0,0,0,0,0,0,0,0,0,0,0,0,0,0,0,0,0,0,0,0,0,0,0,0,0,0,0,0,0,0,0,0,0,0,0,0,0,0,0,0,0,0,0,0,0,0,0,0,0,0,0,0
2021-01-10,NV,6795,0,0,0,0,0,0,0,0,0,0,0,0,0,0,0,0,0,0,0,0,0,0,0,0,0,0,0,0,0,0,0,0,0,0,0,0,0,0,0,0,0,0,0,0,0,0,0,0,0,0,0,0,0,0,0,0,0,0,0,0,0,0,0,0,0,0,0,0,0,0,0,0,0,0,0,0,0,0,0,0,0,0,0,0,0,0,0,0,0,0,0,0,0,0,0,0,0,0,0,0,0,0,0,0,0,0,0,0,0,0,0,0,0,0,0,0,0,0,0,0,0,0,0,0,0,0
2021-01-11,NV,6607,0,0,0,0,0,0,0,0,0,0,0,0,0,0,0,0,0,0,0,0,0,0,0,0,0,0,0,0,0,0,0,0,0,0,0,0,0,0,0,0,0,0,0,0,0,0,0,0,0,0,0,0,0,0,0,0,0,0,0,0,0,0,0,0,0,0,0,0,0,0,0,0,0,0,0,0,0,0,0,0,0,0,0,0,0,0,0,0,0,0,0,0,0,0,0,0,0,0,0,0,0,0,0,0,0,0,0,0,0,0,0,0,0,0,0,0,0,0,0,0,0,0,0,0,0,0
2021-01-12,NV,6418,0,0,0,0,0,0,0,0,0,0,0,0,0,0,0,0,0,0,0,0,0,0,0,0,0,0,0,0,0,0,0,0,0,0,0,0,0,0,0,0,0,0,0,0,0,0,0,0,0,0,0,0,0,0,0,0,0,0,0,0,0,0,0,0,0,0,0,0,0,0,0,0,0,0,0,0,0,0,0,0,0,0,0,0,0,0,0,0,0,0,0,0,0,0,0,0,0,0,0,0,0,0,0,0,0,0,0,0,0,0,0,0,0,0,0,0,0,0,0,0,0,0,0,0,0,0
2021-01-13,NV,6229,0,0,0,0,0,0,0,0,0,0,0,0,0,0,0,0,0,0,0,0,0,0,0,0,0,0,0,0,0,0,0,0,0,0,0,0,0,0,0,0,0,0,0,0,0,0,0,0,0,0,0,0,0,0,0,0,0,0,0,0,0,0,0,0,0,0,0,0,0,0,0,0,0,0,0,0,0,0,0,0,0,0,0,0,0,0,0,0,0,0,0,0,0,0,0,0,0,0,0,0,0,0,0,0,0,0,0,0,0,0,0,0,0,0,0,0,0,0,0,0,0,0,0,0,0,0
2021-01-14,NV,6040,0,0,0,0,0,0,0,0,0,0,0,0,0,0,0,0,0,0,0,0,0,0,0,0,0,0,0,0,0,0,0,0,0,0,0,0,0,0,0,0,0,0,0,0,0,0,0,0,0,0,0,0,0,0,0,0,0,0,0,0,0,0,0,0,0,0,0,0,0,0,0,0,0,0,0,0,0,0,0,0,0,0,0,0,0,0,0,0,0,0,0,0,0,0,0,0,0,0,0,0,0,0,0,0,0,0,0,0,0,0,0,0,0,0,0,0,0,0,0,0,0,0,0,0,0,0
2021-01-15,NV,5851,0,0,0,0,0,0,0,0,0,0,0,0,0,0,0,0,0,0,0,0,0,0,0,0,0,0,0,0,0,0,0,0,0,0,0,0,0,0,0,0,0,0,0,0,0,0,0,0,0,0,0,0,0,0,0,0,0,0,0,0,0,0,0,0,0,0,0,0,0,0,0,0,0,0,0,0,0,0,0,0,0,0,0,0,0,0,0,0,0,0,0,0,0,0,0,0,0,0,0,0,0,0,0,0,0,0,0,0,0,0,0,0,0,0,0,0,0,0,0,0,0,0,0,0,0,0
2021-01-16,NV,5663,0,0,0,0,0,0,0,0,0,0,0,0,0,0,0,0,0,0,0,0,0,0,0,0,0,0,0,0,0,0,0,0,0,0,0,0,0,0,0,0,0,0,0,0,0,0,0,0,0,0,0,0,0,0,0,0,0,0,0,0,0,0,0,0,0,0,0,0,0,0,0,0,0,0,0,0,0,0,0,0,0,0,0,0,0,0,0,0,0,0,0,0,0,0,0,0,0,0,0,0,0,0,0,0,0,0,0,0,0,0,0,0,0,0,0,0,0,0,0,0,0,0,0,0,0,0
2021-01-17,NV,5471,0,0,0,0,0,0,0,0,0,0,0,0,0,0,0,0,0,0,0,0,0,0,0,0,0,0,0,0,0,0,0,0,0,0,0,0,0,0,0,0,0,0,0,0,0,0,0,0,0,0,0,0,0,0,0,0,0,0,0,0,0,0,0,0,0,0,0,0,0,0,0,0,0,0,0,0,0,0,0,0,0,0,0,0,0,0,0,0,0,0,0,0,0,0,0,0,0,0,0,0,0,0,0,0,0,0,0,0,0,0,0,0,0,0,0,0,0,0,0,0,0,0,0,0,0,0
2021-01-18,NV,5280,0,0,0,0,0,0,0,0,0,0,0,0,0,0,0,0,0,0,0,0,0,0,0,0,0,0,0,0,0,0,0,0,0,0,0,0,0,0,0,0,0,0,0,0,0,0,0,0,0,0,0,0,0,0,0,0,0,0,0,0,0,0,0,0,0,0,0,0,0,0,0,0,0,0,0,0,0,0,0,0,0,0,0,0,0,0,0,0,0,0,0,0,0,0,0,0,0,0,0,0,0,0,0,0,0,0,0,0,0,0,0,0,0,0,0,0,0,0,0,0,0,0,0,0,0,0
2021-01-19,NV,5089,0,0,0,0,0,0,0,0,0,0,0,0,0,0,0,0,0,0,0,0,0,0,0,0,0,0,0,0,0,0,0,0,0,0,0,0,0,0,0,0,0,0,0,0,0,0,0,0,0,0,0,0,0,0,0,0,0,0,0,0,0,0,0,0,0,0,0,0,0,0,0,0,0,0,0,0,0,0,0,0,0,0,0,0,0,0,0,0,0,0,0,0,0,0,0,0,0,0,0,0,0,0,0,0,0,0,0,0,0,0,0,0,0,0,0,0,0,0,0,0,0,0,0,0,0,0
2021-01-20,NV,4897,0,0,0,0,0,0,0,0,0,0,0,0,0,0,0,0,0,0,0,0,0,0,0,0,0,0,0,0,0,0,0,0,0,0,0,0,0,0,0,0,0,0,0,0,0,0,0,0,0,0,0,0,0,0,0,0,0,0,0,0,0,0,0,0,0,0,0,0,0,0,0,0,0,0,0,0,0,0,0,0,0,0,0,0,0,0,0,0,0,0,0,0,0,0,0,0,0,0,0,0,0,0,0,0,0,0,0,0,0,0,0,0,0,0,0,0,0,0,0,0,0,0,0,0,0,0
2021-01-21,NV,4706,0,0,0,0,0,0,0,0,0,0,0,0,0,0,0,0,0,0,0,0,0,0,0,0,0,0,0,0,0,0,0,0,0,0,0,0,0,0,0,0,0,0,0,0,0,0,0,0,0,0,0,0,0,0,0,0,0,0,0,0,0,0,0,0,0,0,0,0,0,0,0,0,0,0,0,0,0,0,0,0,0,0,0,0,0,0,0,0,0,0,0,0,0,0,0,0,0,0,0,0,0,0,0,0,0,0,0,0,0,0,0,0,0,0,0,0,0,0,0,0,0,0,0,0,0,0
2021-01-22,NV,4515,0,0,0,0,0,0,0,0,0,0,0,0,0,0,0,0,0,0,0,0,0,0,0,0,0,0,0,0,0,0,0,0,0,0,0,0,0,0,0,0,0,0,0,0,0,0,0,0,0,0,0,0,0,0,0,0,0,0,0,0,0,0,0,0,0,0,0,0,0,0,0,0,0,0,0,0,0,0,0,0,0,0,0,0,0,0,0,0,0,0,0,0,0,0,0,0,0,0,0,0,0,0,0,0,0,0,0,0,0,0,0,0,0,0,0,0,0,0,0,0,0,0,0,0,0,0
2021-01-23,NV,4323,0,0,0,0,0,0,0,0,0,0,0,0,0,0,0,0,0,0,0,0,0,0,0,0,0,0,0,0,0,0,0,0,0,0,0,0,0,0,0,0,0,0,0,0,0,0,0,0,0,0,0,0,0,0,0,0,0,0,0,0,0,0,0,0,0,0,0,0,0,0,0,0,0,0,0,0,0,0,0,0,0,0,0,0,0,0,0,0,0,0,0,0,0,0,0,0,0,0,0,0,0,0,0,0,0,0,0,0,0,0,0,0,0,0,0,0,0,0,0,0,0,0,0,0,0,0
2021-01-24,NV,4199,0,0,0,0,0,0,0,0,0,0,0,0,0,0,0,0,0,0,0,0,0,0,0,0,0,0,0,0,0,0,0,0,0,0,0,0,0,0,0,0,0,0,0,0,0,0,0,0,0,0,0,0,0,0,0,0,0,0,0,0,0,0,0,0,0,0,0,0,0,0,0,0,0,0,0,0,0,0,0,0,0,0,0,0,0,0,0,0,0,0,0,0,0,0,0,0,0,0,0,0,0,0,0,0,0,0,0,0,0,0,0,0,0,0,0,0,0,0,0,0,0,0,0,0,0,0
2021-01-25,NV,4075,0,0,0,0,0,0,0,0,0,0,0,0,0,0,0,0,0,0,0,0,0,0,0,0,0,0,0,0,0,0,0,0,0,0,0,0,0,0,0,0,0,0,0,0,0,0,0,0,0,0,0,0,0,0,0,0,0,0,0,0,0,0,0,0,0,0,0,0,0,0,0,0,0,0,0,0,0,0,0,0,0,0,0,0,0,0,0,0,0,0,0,0,0,0,0,0,0,0,0,0,0,0,0,0,0,0,0,0,0,0,0,0,0,0,0,0,0,0,0,0,0,0,0,0,0,0
2021-01-26,NV,3950,0,0,0,0,0,0,0,0,0,0,0,0,0,0,0,0,0,0,0,0,0,0,0,0,0,0,0,0,0,0,0,0,0,0,0,0,0,0,0,0,0,0,0,0,0,0,0,0,0,0,0,0,0,0,0,0,0,0,0,0,0,0,0,0,0,0,0,0,0,0,0,0,0,0,0,0,0,0,0,0,0,0,0,0,0,0,0,0,0,0,0,0,0,0,0,0,0,0,0,0,0,0,0,0,0,0,0,0,0,0,0,0,0,0,0,0,0,0,0,0,0,0,0,0,0,0
2021-01-27,NV,3826,0,0,0,0,0,0,0,0,0,0,0,0,0,0,0,0,0,0,0,0,0,0,0,0,0,0,0,0,0,0,0,0,0,0,0,0,0,0,0,0,0,0,0,0,0,0,0,0,0,0,0,0,0,0,0,0,0,0,0,0,0,0,0,0,0,0,0,0,0,0,0,0,0,0,0,0,0,0,0,0,0,0,0,0,0,0,0,0,0,0,0,0,0,0,0,0,0,0,0,0,0,0,0,0,0,0,0,0,0,0,0,0,0,0,0,0,0,0,0,0,0,0,0,0,0,0
2021-01-28,NV,3702,0,0,0,0,0,0,0,0,0,0,0,0,0,0,0,0,0,0,0,0,0,0,0,0,0,0,0,0,0,0,0,0,0,0,0,0,0,0,0,0,0,0,0,0,0,0,0,0,0,0,0,0,0,0,0,0,0,0,0,0,0,0,0,0,0,0,0,0,0,0,0,0,0,0,0,0,0,0,0,0,0,0,0,0,0,0,0,0,0,0,0,0,0,0,0,0,0,0,0,0,0,0,0,0,0,0,0,0,0,0,0,0,0,0,0,0,0,0,0,0,0,0,0,0,0,0
2021-01-29,NV,3577,0,0,0,0,0,0,0,0,0,0,0,0,0,0,0,0,0,0,0,0,0,0,0,0,0,0,0,0,0,0,0,0,0,0,0,0,0,0,0,0,0,0,0,0,0,0,0,0,0,0,0,0,0,0,0,0,0,0,0,0,0,0,0,0,0,0,0,0,0,0,0,0,0,0,0,0,0,0,0,0,0,0,0,0,0,0,0,0,0,0,0,0,0,0,0,0,0,0,0,0,0,0,0,0,0,0,0,0,0,0,0,0,0,0,0,0,0,0,0,0,0,0,0,0,0,0
2021-01-30,NV,3453,0,0,0,0,0,0,0,0,0,0,0,0,0,0,0,0,0,0,0,0,0,0,0,0,0,0,0,0,0,0,0,0,0,0,0,0,0,0,0,0,0,0,0,0,0,0,0,0,0,0,0,0,0,0,0,0,0,0,0,0,0,0,0,0,0,0,0,0,0,0,0,0,0,0,0,0,0,0,0,0,0,0,0,0,0,0,0,0,0,0,0,0,0,0,0,0,0,0,0,0,0,0,0,0,0,0,0,0,0,0,0,0,0,0,0,0,0,0,0,0,0,0,0,0,0,0
2021-01-31,NV,3333,0,0,0,0,0,0,0,0,0,0,0,0,0,0,0,0,0,0,0,0,0,0,0,0,0,0,0,0,0,0,0,0,0,0,0,0,0,0,0,0,0,0,0,0,0,0,0,0,0,0,0,0,0,0,0,0,0,0,0,0,0,0,0,0,0,0,0,0,0,0,0,0,0,0,0,0,0,0,0,0,0,0,0,0,0,0,0,0,0,0,0,0,0,0,0,0,0,0,0,0,0,0,0,0,0,0,0,0,0,0,0,0,0,0,0,0,0,0,0,0,0,0,0,0,0,0
2021-02-01,NV,3214,0,0,0,0,0,0,0,0,0,0,0,0,0,0,0,0,0,0,0,0,0,0,0,0,0,0,0,0,0,0,0,0,0,0,0,0,0,0,0,0,0,0,0,0,0,0,0,0,0,0,0,0,0,0,0,0,0,0,0,0,0,0,0,0,0,0,0,0,0,0,0,0,0,0,0,0,0,0,0,0,0,0,0,0,0,0,0,0,0,0,0,0,0,0,0,0,0,0,0,0,0,0,0,0,0,0,0,0,0,0,0,0,0,0,0,0,0,0,0,0,0,0,0,0,0,0
2021-02-02,NV,3094,0,0,0,0,0,0,0,0,0,0,0,0,0,0,0,0,0,0,0,0,0,0,0,0,0,0,0,0,0,0,0,0,0,0,0,0,0,0,0,0,0,0,0,0,0,0,0,0,0,0,0,0,0,0,0,0,0,0,0,0,0,0,0,0,0,0,0,0,0,0,0,0,0,0,0,0,0,0,0,0,0,0,0,0,0,0,0,0,0,0,0,0,0,0,0,0,0,0,0,0,0,0,0,0,0,0,0,0,0,0,0,0,0,0,0,0,0,0,0,0,0,0,0,0,0,0
2021-02-03,NV,2975,0,0,0,0,0,0,0,0,0,0,0,0,0,0,0,0,0,0,0,0,0,0,0,0,0,0,0,0,0,0,0,0,0,0,0,0,0,0,0,0,0,0,0,0,0,0,0,0,0,0,0,0,0,0,0,0,0,0,0,0,0,0,0,0,0,0,0,0,0,0,0,0,0,0,0,0,0,0,0,0,0,0,0,0,0,0,0,0,0,0,0,0,0,0,0,0,0,0,0,0,0,0,0,0,0,0,0,0,0,0,0,0,0,0,0,0,0,0,0,0,0,0,0,0,0,0
2021-02-04,NV,2856,0,0,0,0,0,0,0,0,0,0,0,0,0,0,0,0,0,0,0,0,0,0,0,0,0,0,0,0,0,0,0,0,0,0,0,0,0,0,0,0,0,0,0,0,0,0,0,0,0,0,0,0,0,0,0,0,0,0,0,0,0,0,0,0,0,0,0,0,0,0,0,0,0,0,0,0,0,0,0,0,0,0,0,0,0,0,0,0,0,0,0,0,0,0,0,0,0,0,0,0,0,0,0,0,0,0,0,0,0,0,0,0,0,0,0,0,0,0,0,0,0,0,0,0,0,0
2021-02-05,NV,2736,0,0,0,0,0,0,0,0,0,0,0,0,0,0,0,0,0,0,0,0,0,0,0,0,0,0,0,0,0,0,0,0,0,0,0,0,0,0,0,0,0,0,0,0,0,0,0,0,0,0,0,0,0,0,0,0,0,0,0,0,0,0,0,0,0,0,0,0,0,0,0,0,0,0,0,0,0,0,0,0,0,0,0,0,0,0,0,0,0,0,0,0,0,0,0,0,0,0,0,0,0,0,0,0,0,0,0,0,0,0,0,0,0,0,0,0,0,0,0,0,0,0,0,0,0,0
2021-02-06,NV,2617,0,0,0,0,0,0,0,0,0,0,0,0,0,0,0,0,0,0,0,0,0,0,0,0,0,0,0,0,0,0,0,0,0,0,0,0,0,0,0,0,0,0,0,0,0,0,0,0,0,0,0,0,0,0,0,0,0,0,0,0,0,0,0,0,0,0,0,0,0,0,0,0,0,0,0,0,0,0,0,0,0,0,0,0,0,0,0,0,0,0,0,0,0,0,0,0,0,0,0,0,0,0,0,0,0,0,0,0,0,0,0,0,0,0,0,0,0,0,0,0,0,0,0,0,0,0
2021-02-07,NV,2513,0,0,0,0,0,0,0,0,0,0,0,0,0,0,0,0,0,0,0,0,0,0,0,0,0,0,0,0,0,0,0,0,0,0,0,0,0,0,0,0,0,0,0,0,0,0,0,0,0,0,0,0,0,0,0,0,0,0,0,0,0,0,0,0,0,0,0,0,0,0,0,0,0,0,0,0,0,0,0,0,0,0,0,0,0,0,0,0,0,0,0,0,0,0,0,0,0,0,0,0,0,0,0,0,0,0,0,0,0,0,0,0,0,0,0,0,0,0,0,0,0,0,0,0,0,0
2021-02-08,NV,2410,0,0,0,0,0,0,0,0,0,0,0,0,0,0,0,0,0,0,0,0,0,0,0,0,0,0,0,0,0,0,0,0,0,0,0,0,0,0,0,0,0,0,0,0,0,0,0,0,0,0,0,0,0,0,0,0,0,0,0,0,0,0,0,0,0,0,0,0,0,0,0,0,0,0,0,0,0,0,0,0,0,0,0,0,0,0,0,0,0,0,0,0,0,0,0,0,0,0,0,0,0,0,0,0,0,0,0,0,0,0,0,0,0,0,0,0,0,0,0,0,0,0,0,0,0,0
2021-02-09,NV,2307,0,0,0,0,0,0,0,0,0,0,0,0,0,0,0,0,0,0,0,0,0,0,0,0,0,0,0,0,0,0,0,0,0,0,0,0,0,0,0,0,0,0,0,0,0,0,0,0,0,0,0,0,0,0,0,0,0,0,0,0,0,0,0,0,0,0,0,0,0,0,0,0,0,0,0,0,0,0,0,0,0,0,0,0,0,0,0,0,0,0,0,0,0,0,0,0,0,0,0,0,0,0,0,0,0,0,0,0,0,0,0,0,0,0,0,0,0,0,0,0,0,0,0,0,0,0
2021-02-10,NV,2203,0,0,0,0,0,0,0,0,0,0,0,0,0,0,0,0,0,0,0,0,0,0,0,0,0,0,0,0,0,0,0,0,0,0,0,0,0,0,0,0,0,0,0,0,0,0,0,0,0,0,0,0,0,0,0,0,0,0,0,0,0,0,0,0,0,0,0,0,0,0,0,0,0,0,0,0,0,0,0,0,0,0,0,0,0,0,0,0,0,0,0,0,0,0,0,0,0,0,0,0,0,0,0,0,0,0,0,0,0,0,0,0,0,0,0,0,0,0,0,0,0,0,0,0,0,0
2021-02-11,NV,2100,0,0,0,0,0,0,0,0,0,0,0,0,0,0,0,0,0,0,0,0,0,0,0,0,0,0,0,0,0,0,0,0,0,0,0,0,0,0,0,0,0,0,0,0,0,0,0,0,0,0,0,0,0,0,0,0,0,0,0,0,0,0,0,0,0,0,0,0,0,0,0,0,0,0,0,0,0,0,0,0,0,0,0,0,0,0,0,0,0,0,0,0,0,0,0,0,0,0,0,0,0,0,0,0,0,0,0,0,0,0,0,0,0,0,0,0,0,0,0,0,0,0,0,0,0,0
2021-02-12,NV,1996,0,0,0,0,0,0,0,0,0,0,0,0,0,0,0,0,0,0,0,0,0,0,0,0,0,0,0,0,0,0,0,0,0,0,0,0,0,0,0,0,0,0,0,0,0,0,0,0,0,0,0,0,0,0,0,0,0,0,0,0,0,0,0,0,0,0,0,0,0,0,0,0,0,0,0,0,0,0,0,0,0,0,0,0,0,0,0,0,0,0,0,0,0,0,0,0,0,0,0,0,0,0,0,0,0,0,0,0,0,0,0,0,0,0,0,0,0,0,0,0,0,0,0,0,0,0
2021-02-13,NV,1893,0,0,0,0,0,0,0,0,0,0,0,0,0,0,0,0,0,0,0,0,0,0,0,0,0,0,0,0,0,0,0,0,0,0,0,0,0,0,0,0,0,0,0,0,0,0,0,0,0,0,0,0,0,0,0,0,0,0,0,0,0,0,0,0,0,0,0,0,0,0,0,0,0,0,0,0,0,0,0,0,0,0,0,0,0,0,0,0,0,0,0,0,0,0,0,0,0,0,0,0,0,0,0,0,0,0,0,0,0,0,0,0,0,0,0,0,0,0,0,0,0,0,0,0,0,0
2021-02-14,NV,1848,0,0,0,0,0,0,0,0,0,0,0,0,0,0,0,0,0,0,0,0,0,0,0,0,0,0,0,0,0,0,0,0,0,0,0,0,0,0,0,0,0,0,0,0,0,0,0,0,0,0,0,0,0,0,0,0,0,0,0,0,0,0,0,0,0,0,0,0,0,0,0,0,0,0,0,0,0,0,0,0,0,0,0,0,0,0,0,0,0,0,0,0,0,0,0,0,0,0,0,0,0,0,0,0,0,0,0,0,0,0,0,0,0,0,0,0,0,0,0,0,0,0,0,0,0,0
2021-02-15,NV,1803,0,0,0,0,0,0,0,0,0,0,0,0,0,0,0,0,0,0,0,0,0,0,0,0,0,0,0,0,0,0,0,0,0,0,0,0,0,0,0,0,0,0,0,0,0,0,0,0,0,0,0,0,0,0,0,0,0,0,0,0,0,0,0,0,0,0,0,0,0,0,0,0,0,0,0,0,0,0,0,0,0,0,0,0,0,0,0,0,0,0,0,0,0,0,0,0,0,0,0,0,0,0,0,0,0,0,0,0,0,0,0,0,0,0,0,0,0,0,0,0,0,0,0,0,0,0
2021-02-16,NV,1758,0,0,0,0,0,0,0,0,0,0,0,0,0,0,0,0,0,0,0,0,0,0,0,0,0,0,0,0,0,0,0,0,0,0,0,0,0,0,0,0,0,0,0,0,0,0,0,0,0,0,0,0,0,0,0,0,0,0,0,0,0,0,0,0,0,0,0,0,0,0,0,0,0,0,0,0,0,0,0,0,0,0,0,0,0,0,0,0,0,0,0,0,0,0,0,0,0,0,0,0,0,0,0,0,0,0,0,0,0,0,0,0,0,0,0,0,0,0,0,0,0,0,0,0,0,0
2021-02-17,NV,1713,0,0,0,0,0,0,0,0,0,0,0,0,0,0,0,0,0,0,0,0,0,0,0,0,0,0,0,0,0,0,0,0,0,0,0,0,0,0,0,0,0,0,0,0,0,0,0,0,0,0,0,0,0,0,0,0,0,0,0,0,0,0,0,0,0,0,0,0,0,0,0,0,0,0,0,0,0,0,0,0,0,0,0,0,0,0,0,0,0,0,0,0,0,0,0,0,0,0,0,0,0,0,0,0,0,0,0,0,0,0,0,0,0,0,0,0,0,0,0,0,0,0,0,0,0,0
2021-02-18,NV,1668,0,0,0,0,0,0,0,0,0,0,0,0,0,0,0,0,0,0,0,0,0,0,0,0,0,0,0,0,0,0,0,0,0,0,0,0,0,0,0,0,0,0,0,0,0,0,0,0,0,0,0,0,0,0,0,0,0,0,0,0,0,0,0,0,0,0,0,0,0,0,0,0,0,0,0,0,0,0,0,0,0,0,0,0,0,0,0,0,0,0,0,0,0,0,0,0,0,0,0,0,0,0,0,0,0,0,0,0,0,0,0,0,0,0,0,0,0,0,0,0,0,0,0,0,0,0
2021-02-19,NV,1622,0,0,0,0,0,0,0,0,0,0,0,0,0,0,0,0,0,0,0,0,0,0,0,0,0,0,0,0,0,0,0,0,0,0,0,0,0,0,0,0,0,0,0,0,0,0,0,0,0,0,0,0,0,0,0,0,0,0,0,0,0,0,0,0,0,0,0,0,0,0,0,0,0,0,0,0,0,0,0,0,0,0,0,0,0,0,0,0,0,0,0,0,0,0,0,0,0,0,0,0,0,0,0,0,0,0,0,0,0,0,0,0,0,0,0,0,0,0,0,0,0,0,0,0,0,0
2021-02-20,NV,1577,0,0,0,0,0,0,0,0,0,0,0,0,0,0,0,0,0,0,0,0,0,0,0,0,0,0,0,0,0,0,0,0,0,0,0,0,0,0,0,0,0,0,0,0,0,0,0,0,0,0,0,0,0,0,0,0,0,0,0,0,0,0,0,0,0,0,0,0,0,0,0,0,0,0,0,0,0,0,0,0,0,0,0,0,0,0,0,0,0,0,0,0,0,0,0,0,0,0,0,0,0,0,0,0,0,0,0,0,0,0,0,0,0,0,0,0,0,0,0,0,0,0,0,0,0,0
2021-02-21,NV,1576,0,0,0,0,0,0,0,0,0,0,0,0,0,0,0,0,0,0,0,0,0,0,0,0,0,0,0,0,0,0,0,0,0,0,0,0,0,0,0,0,0,0,0,0,0,0,0,0,0,0,0,0,0,0,0,0,0,0,0,0,0,0,0,0,0,0,0,0,0,0,0,0,0,0,0,0,0,0,0,0,0,0,0,0,0,0,0,0,0,0,0,0,0,0,0,0,0,0,0,0,0,0,0,0,0,0,0,0,0,0,0,0,0,0,0,0,0,0,0,0,0,0,0,0,0,0
2021-02-22,NV,1574,0,0,0,0,0,0,0,0,0,0,0,0,0,0,0,0,0,0,0,0,0,0,0,0,0,0,0,0,0,0,0,0,0,0,0,0,0,0,0,0,0,0,0,0,0,0,0,0,0,0,0,0,0,0,0,0,0,0,0,0,0,0,0,0,0,0,0,0,0,0,0,0,0,0,0,0,0,0,0,0,0,0,0,0,0,0,0,0,0,0,0,0,0,0,0,0,0,0,0,0,0,0,0,0,0,0,0,0,0,0,0,0,0,0,0,0,0,0,0,0,0,0,0,0,0,0
2021-02-23,NV,1572,0,0,0,0,0,0,0,0,0,0,0,0,0,0,0,0,0,0,0,0,0,0,0,0,0,0,0,0,0,0,0,0,0,0,0,0,0,0,0,0,0,0,0,0,0,0,0,0,0,0,0,0,0,0,0,0,0,0,0,0,0,0,0,0,0,0,0,0,0,0,0,0,0,0,0,0,0,0,0,0,0,0,0,0,0,0,0,0,0,0,0,0,0,0,0,0,0,0,0,0,0,0,0,0,0,0,0,0,0,0,0,0,0,0,0,0,0,0,0,0,0,0,0,0,0,0
2021-02-24,NV,1570,0,0,0,0,0,0,0,0,0,0,0,0,0,0,0,0,0,0,0,0,0,0,0,0,0,0,0,0,0,0,0,0,0,0,0,0,0,0,0,0,0,0,0,0,0,0,0,0,0,0,0,0,0,0,0,0,0,0,0,0,0,0,0,0,0,0,0,0,0,0,0,0,0,0,0,0,0,0,0,0,0,0,0,0,0,0,0,0,0,0,0,0,0,0,0,0,0,0,0,0,0,0,0,0,0,0,0,0,0,0,0,0,0,0,0,0,0,0,0,0,0,0,0,0,0,0
2021-02-25,NV,1568,0,0,0,0,0,0,0,0,0,0,0,0,0,0,0,0,0,0,0,0,0,0,0,0,0,0,0,0,0,0,0,0,0,0,0,0,0,0,0,0,0,0,0,0,0,0,0,0,0,0,0,0,0,0,0,0,0,0,0,0,0,0,0,0,0,0,0,0,0,0,0,0,0,0,0,0,0,0,0,0,0,0,0,0,0,0,0,0,0,0,0,0,0,0,0,0,0,0,0,0,0,0,0,0,0,0,0,0,0,0,0,0,0,0,0,0,0,0,0,0,0,0,0,0,0,0
2021-02-26,NV,1566,0,0,0,0,0,0,0,0,0,0,0,0,0,0,0,0,0,0,0,0,0,0,0,0,0,0,0,0,0,0,0,0,0,0,0,0,0,0,0,0,0,0,0,0,0,0,0,0,0,0,0,0,0,0,0,0,0,0,0,0,0,0,0,0,0,0,0,0,0,0,0,0,0,0,0,0,0,0,0,0,0,0,0,0,0,0,0,0,0,0,0,0,0,0,0,0,0,0,0,0,0,0,0,0,0,0,0,0,0,0,0,0,0,0,0,0,0,0,0,0,0,0,0,0,0,0
2021-02-27,NV,1564,0,0,0,0,0,0,0,0,0,0,0,0,0,0,0,0,0,0,0,0,0,0,0,0,0,0,0,0,0,0,0,0,0,0,0,0,0,0,0,0,0,0,0,0,0,0,0,0,0,0,0,0,0,0,0,0,0,0,0,0,0,0,0,0,0,0,0,0,0,0,0,0,0,0,0,0,0,0,0,0,0,0,0,0,0,0,0,0,0,0,0,0,0,0,0,0,0,0,0,0,0,0,0,0,0,0,0,0,0,0,0,0,0,0,0,0,0,0,0,0,0,0,0,0,0,0
2021-02-28,NV,1583,0,0,0,0,0,0,0,0,0,0,0,0,0,0,0,0,0,0,0,0,0,0,0,0,0,0,0,0,0,0,0,0,0,0,0,0,0,0,0,0,0,0,0,0,0,0,0,0,0,0,0,0,0,0,0,0,0,0,0,0,0,0,0,0,0,0,0,0,0,0,0,0,0,0,0,0,0,0,0,0,0,0,0,0,0,0,0,0,0,0,0,0,0,0,0,0,0,0,0,0,0,0,0,0,0,0,0,0,0,0,0,0,0,0,0,0,0,0,0,0,0,0,0,0,0,0
2021-03-01,NV,1602,0,0,0,0,0,0,0,0,0,0,0,0,0,0,0,0,0,0,0,0,0,0,0,0,0,0,0,0,0,0,0,0,0,0,0,0,0,0,0,0,0,0,0,0,0,0,0,0,0,0,0,0,0,0,0,0,0,0,0,0,0,0,0,0,0,0,0,0,0,0,0,0,0,0,0,0,0,0,0,0,0,0,0,0,0,0,0,0,0,0,0,0,0,0,0,0,0,0,0,0,0,0,0,0,0,0,0,0,0,0,0,0,0,0,0,0,0,0,0,0,0,0,0,0,0,0
2021-03-02,NV,1621,0,0,0,0,0,0,0,0,0,0,0,0,0,0,0,0,0,0,0,0,0,0,0,0,0,0,0,0,0,0,0,0,0,0,0,0,0,0,0,0,0,0,0,0,0,0,0,0,0,0,0,0,0,0,0,0,0,0,0,0,0,0,0,0,0,0,0,0,0,0,0,0,0,0,0,0,0,0,0,0,0,0,0,0,0,0,0,0,0,0,0,0,0,0,0,0,0,0,0,0,0,0,0,0,0,0,0,0,0,0,0,0,0,0,0,0,0,0,0,0,0,0,0,0,0,0
2021-03-03,NV,1640,0,0,0,0,0,0,0,0,0,0,0,0,0,0,0,0,0,0,0,0,0,0,0,0,0,0,0,0,0,0,0,0,0,0,0,0,0,0,0,0,0,0,0,0,0,0,0,0,0,0,0,0,0,0,0,0,0,0,0,0,0,0,0,0,0,0,0,0,0,0,0,0,0,0,0,0,0,0,0,0,0,0,0,0,0,0,0,0,0,0,0,0,0,0,0,0,0,0,0,0,0,0,0,0,0,0,0,0,0,0,0,0,0,0,0,0,0,0,0,0,0,0,0,0,0,0
2021-03-04,NV,1659,0,0,0,0,0,0,0,0,0,0,0,0,0,0,0,0,0,0,0,0,0,0,0,0,0,0,0,0,0,0,0,0,0,0,0,0,0,0,0,0,0,0,0,0,0,0,0,0,0,0,0,0,0,0,0,0,0,0,0,0,0,0,0,0,0,0,0,0,0,0,0,0,0,0,0,0,0,0,0,0,0,0,0,0,0,0,0,0,0,0,0,0,0,0,0,0,0,0,0,0,0,0,0,0,0,0,0,0,0,0,0,0,0,0,0,0,0,0,0,0,0,0,0,0,0,0
2021-03-05,NV,1677,0,0,0,0,0,0,0,0,0,0,0,0,0,0,0,0,0,0,0,0,0,0,0,0,0,0,0,0,0,0,0,0,0,0,0,0,0,0,0,0,0,0,0,0,0,0,0,0,0,0,0,0,0,0,0,0,0,0,0,0,0,0,0,0,0,0,0,0,0,0,0,0,0,0,0,0,0,0,0,0,0,0,0,0,0,0,0,0,0,0,0,0,0,0,0,0,0,0,0,0,0,0,0,0,0,0,0,0,0,0,0,0,0,0,0,0,0,0,0,0,0,0,0,0,0,0
2021-03-06,NV,1696,0,0,0,0,0,0,0,0,0,0,0,0,0,0,0,0,0,0,0,0,0,0,0,0,0,0,0,0,0,0,0,0,0,0,0,0,0,0,0,0,0,0,0,0,0,0,0,0,0,0,0,0,0,0,0,0,0,0,0,0,0,0,0,0,0,0,0,0,0,0,0,0,0,0,0,0,0,0,0,0,0,0,0,0,0,0,0,0,0,0,0,0,0,0,0,0,0,0,0,0,0,0,0,0,0,0,0,0,0,0,0,0,0,0,0,0,0,0,0,0,0,0,0,0,0,0
2021-03-07,NV,1685,0,0,0,0,0,0,0,0,0,0,0,0,0,0,0,0,0,0,0,0,0,0,0,0,0,0,0,0,0,0,0,0,0,0,0,0,0,0,0,0,0,0,0,0,0,0,0,0,0,0,0,0,0,0,0,0,0,0,0,0,0,0,0,0,0,0,0,0,0,0,0,0,0,0,0,0,0,0,0,0,0,0,0,0,0,0,0,0,0,0,0,0,0,0,0,0,0,0,0,0,0,0,0,0,0,0,0,0,0,0,0,0,0,0,0,0,0,0,0,0,0,0,0,0,0,0
2021-03-08,NV,1674,0,0,0,0,0,0,0,0,0,0,0,0,0,0,0,0,0,0,0,0,0,0,0,0,0,0,0,0,0,0,0,0,0,0,0,0,0,0,0,0,0,0,0,0,0,0,0,0,0,0,0,0,0,0,0,0,0,0,0,0,0,0,0,0,0,0,0,0,0,0,0,0,0,0,0,0,0,0,0,0,0,0,0,0,0,0,0,0,0,0,0,0,0,0,0,0,0,0,0,0,0,0,0,0,0,0,0,0,0,0,0,0,0,0,0,0,0,0,0,0,0,0,0,0,0,0
2021-03-09,NV,1663,0,0,0,0,0,0,0,0,0,0,0,0,0,0,0,0,0,0,0,0,0,0,0,0,0,0,0,0,0,0,0,0,0,0,0,0,0,0,0,0,0,0,0,0,0,0,0,0,0,0,0,0,0,0,0,0,0,0,0,0,0,0,0,0,0,0,0,0,0,0,0,0,0,0,0,0,0,0,0,0,0,0,0,0,0,0,0,0,0,0,0,0,0,0,0,0,0,0,0,0,0,0,0,0,0,0,0,0,0,0,0,0,0,0,0,0,0,0,0,0,0,0,0,0,0,0
2021-03-10,NV,1652,0,0,0,0,0,0,0,0,0,0,0,0,0,0,0,0,0,0,0,0,0,0,0,0,0,0,0,0,0,0,0,0,0,0,0,0,0,0,0,0,0,0,0,0,0,0,0,0,0,0,0,0,0,0,0,0,0,0,0,0,0,0,0,0,0,0,0,0,0,0,0,0,0,0,0,0,0,0,0,0,0,0,0,0,0,0,0,0,0,0,0,0,0,0,0,0,0,0,0,0,0,0,0,0,0,0,0,0,0,0,0,0,0,0,0,0,0,0,0,0,0,0,0,0,0,0
2021-03-11,NV,1641,0,0,0,0,0,0,0,0,0,0,0,0,0,0,0,0,0,0,0,0,0,0,0,0,0,0,0,0,0,0,0,0,0,0,0,0,0,0,0,0,0,0,0,0,0,0,0,0,0,0,0,0,0,0,0,0,0,0,0,0,0,0,0,0,0,0,0,0,0,0,0,0,0,0,0,0,0,0,0,0,0,0,0,0,0,0,0,0,0,0,0,0,0,0,0,0,0,0,0,0,0,0,0,0,0,0,0,0,0,0,0,0,0,0,0,0,0,0,0,0,0,0,0,0,0,0
2021-03-12,NV,1630,0,0,0,0,0,0,0,0,0,0,0,0,0,0,0,0,0,0,0,0,0,0,0,0,0,0,0,0,0,0,0,0,0,0,0,0,0,0,0,0,0,0,0,0,0,0,0,0,0,0,0,0,0,0,0,0,0,0,0,0,0,0,0,0,0,0,0,0,0,0,0,0,0,0,0,0,0,0,0,0,0,0,0,0,0,0,0,0,0,0,0,0,0,0,0,0,0,0,0,0,0,0,0,0,0,0,0,0,0,0,0,0,0,0,0,0,0,0,0,0,0,0,0,0,0,0
2021-03-13,NV,1619,0,0,0,0,0,0,0,0,0,0,0,0,0,0,0,0,0,0,0,0,0,0,0,0,0,0,0,0,0,0,0,0,0,0,0,0,0,0,0,0,0,0,0,0,0,0,0,0,0,0,0,0,0,0,0,0,0,0,0,0,0,0,0,0,0,0,0,0,0,0,0,0,0,0,0,0,0,0,0,0,0,0,0,0,0,0,0,0,0,0,0,0,0,0,0,0,0,0,0,0,0,0,0,0,0,0,0,0,0,0,0,0,0,0,0,0,0,0,0,0,0,0,0,0,0,0
2021-03-14,NV,1598,0,0,0,0,0,0,0,0,0,0,0,0,0,0,0,0,0,0,0,0,0,0,0,0,0,0,0,0,0,0,0,0,0,0,0,0,0,0,0,0,0,0,0,0,0,0,0,0,0,0,0,0,0,0,0,0,0,0,0,0,0,0,0,0,0,0,0,0,0,0,0,0,0,0,0,0,0,0,0,0,0,0,0,0,0,0,0,0,0,0,0,0,0,0,0,0,0,0,0,0,0,0,0,0,0,0,0,0,0,0,0,0,0,0,0,0,0,0,0,0,0,0,0,0,0,0
2021-03-15,NV,1577,0,0,0,0,0,0,0,0,0,0,0,0,0,0,0,0,0,0,0,0,0,0,0,0,0,0,0,0,0,0,0,0,0,0,0,0,0,0,0,0,0,0,0,0,0,0,0,0,0,0,0,0,0,0,0,0,0,0,0,0,0,0,0,0,0,0,0,0,0,0,0,0,0,0,0,0,0,0,0,0,0,0,0,0,0,0,0,0,0,0,0,0,0,0,0,0,0,0,0,0,0,0,0,0,0,0,0,0,0,0,0,0,0,0,0,0,0,0,0,0,0,0,0,0,0,0
2021-03-16,NV,1556,0,0,0,0,0,0,0,0,0,0,0,0,0,0,0,0,0,0,0,0,0,0,0,0,0,0,0,0,0,0,0,0,0,0,0,0,0,0,0,0,0,0,0,0,0,0,0,0,0,0,0,0,0,0,0,0,0,0,0,0,0,0,0,0,0,0,0,0,0,0,0,0,0,0,0,0,0,0,0,0,0,0,0,0,0,0,0,0,0,0,0,0,0,0,0,0,0,0,0,0,0,0,0,0,0,0,0,0,0,0,0,0,0,0,0,0,0,0,0,0,0,0,0,0,0,0
2021-03-17,NV,1535,0,0,0,0,0,0,0,0,0,0,0,0,0,0,0,0,0,0,0,0,0,0,0,0,0,0,0,0,0,0,0,0,0,0,0,0,0,0,0,0,0,0,0,0,0,0,0,0,0,0,0,0,0,0,0,0,0,0,0,0,0,0,0,0,0,0,0,0,0,0,0,0,0,0,0,0,0,0,0,0,0,0,0,0,0,0,0,0,0,0,0,0,0,0,0,0,0,0,0,0,0,0,0,0,0,0,0,0,0,0,0,0,0,0,0,0,0,0,0,0,0,0,0,0,0,0
2021-03-18,NV,1514,0,0,0,0,0,0,0,0,0,0,0,0,0,0,0,0,0,0,0,0,0,0,0,0,0,0,0,0,0,0,0,0,0,0,0,0,0,0,0,0,0,0,0,0,0,0,0,0,0,0,0,0,0,0,0,0,0,0,0,0,0,0,0,0,0,0,0,0,0,0,0,0,0,0,0,0,0,0,0,0,0,0,0,0,0,0,0,0,0,0,0,0,0,0,0,0,0,0,0,0,0,0,0,0,0,0,0,0,0,0,0,0,0,0,0,0,0,0,0,0,0,0,0,0,0,0
2021-03-19,NV,1492,0,0,0,0,0,0,0,0,0,0,0,0,0,0,0,0,0,0,0,0,0,0,0,0,0,0,0,0,0,0,0,0,0,0,0,0,0,0,0,0,0,0,0,0,0,0,0,0,0,0,0,0,0,0,0,0,0,0,0,0,0,0,0,0,0,0,0,0,0,0,0,0,0,0,0,0,0,0,0,0,0,0,0,0,0,0,0,0,0,0,0,0,0,0,0,0,0,0,0,0,0,0,0,0,0,0,0,0,0,0,0,0,0,0,0,0,0,0,0,0,0,0,0,0,0,0
2021-03-20,NV,1471,0,0,0,0,0,0,0,0,0,0,0,0,0,0,0,0,0,0,0,0,0,0,0,0,0,0,0,0,0,0,0,0,0,0,0,0,0,0,0,0,0,0,0,0,0,0,0,0,0,0,0,0,0,0,0,0,0,0,0,0,0,0,0,0,0,0,0,0,0,0,0,0,0,0,0,0,0,0,0,0,0,0,0,0,0,0,0,0,0,0,0,0,0,0,0,0,0,0,0,0,0,0,0,0,0,0,0,0,0,0,0,0,0,0,0,0,0,0,0,0,0,0,0,0,0,0
2021-03-21,NV,1486,0,0,0,0,0,0,0,0,0,0,0,0,0,0,0,0,0,0,0,0,0,0,0,0,0,0,0,0,0,0,0,0,0,0,0,0,0,0,0,0,0,0,0,0,0,0,0,0,0,0,0,0,0,0,0,0,0,0,0,0,0,0,0,0,0,0,0,0,0,0,0,0,0,0,0,0,0,0,0,0,0,0,0,0,0,0,0,0,0,0,0,0,0,0,0,0,0,0,0,0,0,0,0,0,0,0,0,0,0,0,0,0,0,0,0,0,0,0,0,0,0,0,0,0,0,0
2021-03-22,NV,1501,0,0,0,0,0,0,0,0,0,0,0,0,0,0,0,0,0,0,0,0,0,0,0,0,0,0,0,0,0,0,0,0,0,0,0,0,0,0,0,0,0,0,0,0,0,0,0,0,0,0,0,0,0,0,0,0,0,0,0,0,0,0,0,0,0,0,0,0,0,0,0,0,0,0,0,0,0,0,0,0,0,0,0,0,0,0,0,0,0,0,0,0,0,0,0,0,0,0,0,0,0,0,0,0,0,0,0,0,0,0,0,0,0,0,0,0,0,0,0,0,0,0,0,0,0,0
2021-03-23,NV,1515,0,0,0,0,0,0,0,0,0,0,0,0,0,0,0,0,0,0,0,0,0,0,0,0,0,0,0,0,0,0,0,0,0,0,0,0,0,0,0,0,0,0,0,0,0,0,0,0,0,0,0,0,0,0,0,0,0,0,0,0,0,0,0,0,0,0,0,0,0,0,0,0,0,0,0,0,0,0,0,0,0,0,0,0,0,0,0,0,0,0,0,0,0,0,0,0,0,0,0,0,0,0,0,0,0,0,0,0,0,0,0,0,0,0,0,0,0,0,0,0,0,0,0,0,0,0
2021-03-24,NV,1530,0,0,0,0,0,0,0,0,0,0,0,0,0,0,0,0,0,0,0,0,0,0,0,0,0,0,0,0,0,0,0,0,0,0,0,0,0,0,0,0,0,0,0,0,0,0,0,0,0,0,0,0,0,0,0,0,0,0,0,0,0,0,0,0,0,0,0,0,0,0,0,0,0,0,0,0,0,0,0,0,0,0,0,0,0,0,0,0,0,0,0,0,0,0,0,0,0,0,0,0,0,0,0,0,0,0,0,0,0,0,0,0,0,0,0,0,0,0,0,0,0,0,0,0,0,0
2021-03-25,NV,1544,0,0,0,0,0,0,0,0,0,0,0,0,0,0,0,0,0,0,0,0,0,0,0,0,0,0,0,0,0,0,0,0,0,0,0,0,0,0,0,0,0,0,0,0,0,0,0,0,0,0,0,0,0,0,0,0,0,0,0,0,0,0,0,0,0,0,0,0,0,0,0,0,0,0,0,0,0,0,0,0,0,0,0,0,0,0,0,0,0,0,0,0,0,0,0,0,0,0,0,0,0,0,0,0,0,0,0,0,0,0,0,0,0,0,0,0,0,0,0,0,0,0,0,0,0,0
2021-03-26,NV,1559,0,0,0,0,0,0,0,0,0,0,0,0,0,0,0,0,0,0,0,0,0,0,0,0,0,0,0,0,0,0,0,0,0,0,0,0,0,0,0,0,0,0,0,0,0,0,0,0,0,0,0,0,0,0,0,0,0,0,0,0,0,0,0,0,0,0,0,0,0,0,0,0,0,0,0,0,0,0,0,0,0,0,0,0,0,0,0,0,0,0,0,0,0,0,0,0,0,0,0,0,0,0,0,0,0,0,0,0,0,0,0,0,0,0,0,0,0,0,0,0,0,0,0,0,0,0
2021-03-27,NV,1573,0,0,0,0,0,0,0,0,0,0,0,0,0,0,0,0,0,0,0,0,0,0,0,0,0,0,0,0,0,0,0,0,0,0,0,0,0,0,0,0,0,0,0,0,0,0,0,0,0,0,0,0,0,0,0,0,0,0,0,0,0,0,0,0,0,0,0,0,0,0,0,0,0,0,0,0,0,0,0,0,0,0,0,0,0,0,0,0,0,0,0,0,0,0,0,0,0,0,0,0,0,0,0,0,0,0,0,0,0,0,0,0,0,0,0,0,0,0,0,0,0,0,0,0,0,0
2021-03-28,NV,1595,0,0,0,0,0,0,0,0,0,0,0,0,0,0,0,0,0,0,0,0,0,0,0,0,0,0,0,0,0,0,0,0,0,0,0,0,0,0,0,0,0,0,0,0,0,0,0,0,0,0,0,0,0,0,0,0,0,0,0,0,0,0,0,0,0,0,0,0,0,0,0,0,0,0,0,0,0,0,0,0,0,0,0,0,0,0,0,0,0,0,0,0,0,0,0,0,0,0,0,0,0,0,0,0,0,0,0,0,0,0,0,0,0,0,0,0,0,0,0,0,0,0,0,0,0,0
2021-03-29,NV,1617,0,0,0,0,0,0,0,0,0,0,0,0,0,0,0,0,0,0,0,0,0,0,0,0,0,0,0,0,0,0,0,0,0,0,0,0,0,0,0,0,0,0,0,0,0,0,0,0,0,0,0,0,0,0,0,0,0,0,0,0,0,0,0,0,0,0,0,0,0,0,0,0,0,0,0,0,0,0,0,0,0,0,0,0,0,0,0,0,0,0,0,0,0,0,0,0,0,0,0,0,0,0,0,0,0,0,0,0,0,0,0,0,0,0,0,0,0,0,0,0,0,0,0,0,0,0
2021-03-30,NV,1638,0,0,0,0,0,0,0,0,0,0,0,0,0,0,0,0,0,0,0,0,0,0,0,0,0,0,0,0,0,0,0,0,0,0,0,0,0,0,0,0,0,0,0,0,0,0,0,0,0,0,0,0,0,0,0,0,0,0,0,0,0,0,0,0,0,0,0,0,0,0,0,0,0,0,0,0,0,0,0,0,0,0,0,0,0,0,0,0,0,0,0,0,0,0,0,0,0,0,0,0,0,0,0,0,0,0,0,0,0,0,0,0,0,0,0,0,0,0,0,0,0,0,0,0,0,0
2021-03-31,NV,1660,0,0,0,0,0,0,0,0,0,0,0,0,0,0,0,0,0,0,0,0,0,0,0,0,0,0,0,0,0,0,0,0,0,0,0,0,0,0,0,0,0,0,0,0,0,0,0,0,0,0,0,0,0,0,0,0,0,0,0,0,0,0,0,0,0,0,0,0,0,0,0,0,0,0,0,0,0,0,0,0,0,0,0,0,0,0,0,0,0,0,0,0,0,0,0,0,0,0,0,0,0,0,0,0,0,0,0,0,0,0,0,0,0,0,0,0,0,0,0,0,0,0,0,0,0,0
2021-04-01,NV,1681,0,0,0,0,0,0,0,0,0,0,0,0,0,0,0,0,0,0,0,0,0,0,0,0,0,0,0,0,0,0,0,0,0,0,0,0,0,0,0,0,0,0,0,0,0,0,0,0,0,0,0,0,0,0,0,0,0,0,0,0,0,0,0,0,0,0,0,0,0,0,0,0,0,0,0,0,0,0,0,0,0,0,0,0,0,0,0,0,0,0,0,0,0,0,0,0,0,0,0,0,0,0,0,0,0,0,0,0,0,0,0,0,0,0,0,0,0,0,0,0,0,0,0,0,0,0
2021-04-02,NV,1703,0,0,0,0,0,0,0,0,0,0,0,0,0,0,0,0,0,0,0,0,0,0,0,0,0,0,0,0,0,0,0,0,0,0,0,0,0,0,0,0,0,0,0,0,0,0,0,0,0,0,0,0,0,0,0,0,0,0,0,0,0,0,0,0,0,0,0,0,0,0,0,0,0,0,0,0,0,0,0,0,0,0,0,0,0,0,0,0,0,0,0,0,0,0,0,0,0,0,0,0,0,0,0,0,0,0,0,0,0,0,0,0,0,0,0,0,0,0,0,0,0,0,0,0,0,0
2021-04-03,NV,1724,0,0,0,0,0,0,0,0,0,0,0,0,0,0,0,0,0,0,0,0,0,0,0,0,0,0,0,0,0,0,0,0,0,0,0,0,0,0,0,0,0,0,0,0,0,0,0,0,0,0,0,0,0,0,0,0,0,0,0,0,0,0,0,0,0,0,0,0,0,0,0,0,0,0,0,0,0,0,0,0,0,0,0,0,0,0,0,0,0,0,0,0,0,0,0,0,0,0,0,0,0,0,0,0,0,0,0,0,0,0,0,0,0,0,0,0,0,0,0,0,0,0,0,0,0,0
2021-04-04,NV,1727,0,0,0,0,0,0,0,0,0,0,0,0,0,0,0,0,0,0,0,0,0,0,0,0,0,0,0,0,0,0,0,0,0,0,0,0,0,0,0,0,0,0,0,0,0,0,0,0,0,0,0,0,0,0,0,0,0,0,0,0,0,0,0,0,0,0,0,0,0,0,0,0,0,0,0,0,0,0,0,0,0,0,0,0,0,0,0,0,0,0,0,0,0,0,0,0,0,0,0,0,0,0,0,0,0,0,0,0,0,0,0,0,0,0,0,0,0,0,0,0,0,0,0,0,0,0
2021-04-05,NV,1731,0,0,0,0,0,0,0,0,0,0,0,0,0,0,0,0,0,0,0,0,0,0,0,0,0,0,0,0,0,0,0,0,0,0,0,0,0,0,0,0,0,0,0,0,0,0,0,0,0,0,0,0,0,0,0,0,0,0,0,0,0,0,0,0,0,0,0,0,0,0,0,0,0,0,0,0,0,0,0,0,0,0,0,0,0,0,0,0,0,0,0,0,0,0,0,0,0,0,0,0,0,0,0,0,0,0,0,0,0,0,0,0,0,0,0,0,0,0,0,0,0,0,0,0,0,0
2021-04-06,NV,1734,0,0,0,0,0,0,0,0,0,0,0,0,0,0,0,0,0,0,0,0,0,0,0,0,0,0,0,0,0,0,0,0,0,0,0,0,0,0,0,0,0,0,0,0,0,0,0,0,0,0,0,0,0,0,0,0,0,0,0,0,0,0,0,0,0,0,0,0,0,0,0,0,0,0,0,0,0,0,0,0,0,0,0,0,0,0,0,0,0,0,0,0,0,0,0,0,0,0,0,0,0,0,0,0,0,0,0,0,0,0,0,0,0,0,0,0,0,0,0,0,0,0,0,0,0,0
2021-04-07,NV,1737,0,0,0,0,0,0,0,0,0,0,0,0,0,0,0,0,0,0,0,0,0,0,0,0,0,0,0,0,0,0,0,0,0,0,0,0,0,0,0,0,0,0,0,0,0,0,0,0,0,0,0,0,0,0,0,0,0,0,0,0,0,0,0,0,0,0,0,0,0,0,0,0,0,0,0,0,0,0,0,0,0,0,0,0,0,0,0,0,0,0,0,0,0,0,0,0,0,0,0,0,0,0,0,0,0,0,0,0,0,0,0,0,0,0,0,0,0,0,0,0,0,0,0,0,0,0
2021-04-08,NV,1740,0,0,0,0,0,0,0,0,0,0,0,0,0,0,0,0,0,0,0,0,0,0,0,0,0,0,0,0,0,0,0,0,0,0,0,0,0,0,0,0,0,0,0,0,0,0,0,0,0,0,0,0,0,0,0,0,0,0,0,0,0,0,0,0,0,0,0,0,0,0,0,0,0,0,0,0,0,0,0,0,0,0,0,0,0,0,0,0,0,0,0,0,0,0,0,0,0,0,0,0,0,0,0,0,0,0,0,0,0,0,0,0,0,0,0,0,0,0,0,0,0,0,0,0,0,0
2021-04-09,NV,1743,0,0,0,0,0,0,0,0,0,0,0,0,0,0,0,0,0,0,0,0,0,0,0,0,0,0,0,0,0,0,0,0,0,0,0,0,0,0,0,0,0,0,0,0,0,0,0,0,0,0,0,0,0,0,0,0,0,0,0,0,0,0,0,0,0,0,0,0,0,0,0,0,0,0,0,0,0,0,0,0,0,0,0,0,0,0,0,0,0,0,0,0,0,0,0,0,0,0,0,0,0,0,0,0,0,0,0,0,0,0,0,0,0,0,0,0,0,0,0,0,0,0,0,0,0,0
2021-04-10,NV,1747,0,0,0,0,0,0,0,0,0,0,0,0,0,0,0,0,0,0,0,0,0,0,0,0,0,0,0,0,0,0,0,0,0,0,0,0,0,0,0,0,0,0,0,0,0,0,0,0,0,0,0,0,0,0,0,0,0,0,0,0,0,0,0,0,0,0,0,0,0,0,0,0,0,0,0,0,0,0,0,0,0,0,0,0,0,0,0,0,0,0,0,0,0,0,0,0,0,0,0,0,0,0,0,0,0,0,0,0,0,0,0,0,0,0,0,0,0,0,0,0,0,0,0,0,0,0
2021-04-11,NV,1713,0,0,0,0,0,0,0,0,0,0,0,0,0,0,0,0,0,0,0,0,0,0,0,0,0,0,0,0,0,0,0,0,0,0,0,0,0,0,0,0,0,0,0,0,0,0,0,0,0,0,0,0,0,0,0,0,0,0,0,0,0,0,0,0,0,0,0,0,0,0,0,0,0,0,0,0,0,0,0,0,0,0,0,0,0,0,0,0,0,0,0,0,0,0,0,0,0,0,0,0,0,0,0,0,0,0,0,0,0,0,0,0,0,0,0,0,0,0,0,0,0,0,0,0,0,0
2021-04-12,NV,1680,0,0,0,0,0,0,0,0,0,0,0,0,0,0,0,0,0,0,0,0,0,0,0,0,0,0,0,0,0,0,0,0,0,0,0,0,0,0,0,0,0,0,0,0,0,0,0,0,0,0,0,0,0,0,0,0,0,0,0,0,0,0,0,0,0,0,0,0,0,0,0,0,0,0,0,0,0,0,0,0,0,0,0,0,0,0,0,0,0,0,0,0,0,0,0,0,0,0,0,0,0,0,0,0,0,0,0,0,0,0,0,0,0,0,0,0,0,0,0,0,0,0,0,0,0,0
2021-04-13,NV,1647,0,0,0,0,0,0,0,0,0,0,0,0,0,0,0,0,0,0,0,0,0,0,0,0,0,0,0,0,0,0,0,0,0,0,0,0,0,0,0,0,0,0,0,0,0,0,0,0,0,0,0,0,0,0,0,0,0,0,0,0,0,0,0,0,0,0,0,0,0,0,0,0,0,0,0,0,0,0,0,0,0,0,0,0,0,0,0,0,0,0,0,0,0,0,0,0,0,0,0,0,0,0,0,0,0,0,0,0,0,0,0,0,0,0,0,0,0,0,0,0,0,0,0,0,0,0
2021-04-14,NV,1613,0,0,0,0,0,0,0,0,0,0,0,0,0,0,0,0,0,0,0,0,0,0,0,0,0,0,0,0,0,0,0,0,0,0,0,0,0,0,0,0,0,0,0,0,0,0,0,0,0,0,0,0,0,0,0,0,0,0,0,0,0,0,0,0,0,0,0,0,0,0,0,0,0,0,0,0,0,0,0,0,0,0,0,0,0,0,0,0,0,0,0,0,0,0,0,0,0,0,0,0,0,0,0,0,0,0,0,0,0,0,0,0,0,0,0,0,0,0,0,0,0,0,0,0,0,0
2021-04-15,NV,1580,0,0,0,0,0,0,0,0,0,0,0,0,0,0,0,0,0,0,0,0,0,0,0,0,0,0,0,0,0,0,0,0,0,0,0,0,0,0,0,0,0,0,0,0,0,0,0,0,0,0,0,0,0,0,0,0,0,0,0,0,0,0,0,0,0,0,0,0,0,0,0,0,0,0,0,0,0,0,0,0,0,0,0,0,0,0,0,0,0,0,0,0,0,0,0,0,0,0,0,0,0,0,0,0,0,0,0,0,0,0,0,0,0,0,0,0,0,0,0,0,0,0,0,0,0,0
2021-04-16,NV,1547,0,0,0,0,0,0,0,0,0,0,0,0,0,0,0,0,0,0,0,0,0,0,0,0,0,0,0,0,0,0,0,0,0,0,0,0,0,0,0,0,0,0,0,0,0,0,0,0,0,0,0,0,0,0,0,0,0,0,0,0,0,0,0,0,0,0,0,0,0,0,0,0,0,0,0,0,0,0,0,0,0,0,0,0,0,0,0,0,0,0,0,0,0,0,0,0,0,0,0,0,0,0,0,0,0,0,0,0,0,0,0,0,0,0,0,0,0,0,0,0,0,0,0,0,0,0
2021-04-17,NV,1513,0,0,0,0,0,0,0,0,0,0,0,0,0,0,0,0,0,0,0,0,0,0,0,0,0,0,0,0,0,0,0,0,0,0,0,0,0,0,0,0,0,0,0,0,0,0,0,0,0,0,0,0,0,0,0,0,0,0,0,0,0,0,0,0,0,0,0,0,0,0,0,0,0,0,0,0,0,0,0,0,0,0,0,0,0,0,0,0,0,0,0,0,0,0,0,0,0,0,0,0,0,0,0,0,0,0,0,0,0,0,0,0,0,0,0,0,0,0,0,0,0,0,0,0,0,0
2021-04-18,NV,1472,0,0,0,0,0,0,0,0,0,0,0,0,0,0,0,0,0,0,0,0,0,0,0,0,0,0,0,0,0,0,0,0,0,0,0,0,0,0,0,0,0,0,0,0,0,0,0,0,0,0,0,0,0,0,0,0,0,0,0,0,0,0,0,0,0,0,0,0,0,0,0,0,0,0,0,0,0,0,0,0,0,0,0,0,0,0,0,0,0,0,0,0,0,0,0,0,0,0,0,0,0,0,0,0,0,0,0,0,0,0,0,0,0,0,0,0,0,0,0,0,0,0,0,0,0,0
2021-04-19,NV,1431,0,0,0,0,0,0,0,0,0,0,0,0,0,0,0,0,0,0,0,0,0,0,0,0,0,0,0,0,0,0,0,0,0,0,0,0,0,0,0,0,0,0,0,0,0,0,0,0,0,0,0,0,0,0,0,0,0,0,0,0,0,0,0,0,0,0,0,0,0,0,0,0,0,0,0,0,0,0,0,0,0,0,0,0,0,0,0,0,0,0,0,0,0,0,0,0,0,0,0,0,0,0,0,0,0,0,0,0,0,0,0,0,0,0,0,0,0,0,0,0,0,0,0,0,0,0
2021-04-20,NV,1390,0,0,0,0,0,0,0,0,0,0,0,0,0,0,0,0,0,0,0,0,0,0,0,0,0,0,0,0,0,0,0,0,0,0,0,0,0,0,0,0,0,0,0,0,0,0,0,0,0,0,0,0,0,0,0,0,0,0,0,0,0,0,0,0,0,0,0,0,0,0,0,0,0,0,0,0,0,0,0,0,0,0,0,0,0,0,0,0,0,0,0,0,0,0,0,0,0,0,0,0,0,0,0,0,0,0,0,0,0,0,0,0,0,0,0,0,0,0,0,0,0,0,0,0,0,0
2021-04-21,NV,1349,0,0,0,0,0,0,0,0,0,0,0,0,0,0,0,0,0,0,0,0,0,0,0,0,0,0,0,0,0,0,0,0,0,0,0,0,0,0,0,0,0,0,0,0,0,0,0,0,0,0,0,0,0,0,0,0,0,0,0,0,0,0,0,0,0,0,0,0,0,0,0,0,0,0,0,0,0,0,0,0,0,0,0,0,0,0,0,0,0,0,0,0,0,0,0,0,0,0,0,0,0,0,0,0,0,0,0,0,0,0,0,0,0,0,0,0,0,0,0,0,0,0,0,0,0,0
2021-04-22,NV,1308,0,0,0,0,0,0,0,0,0,0,0,0,0,0,0,0,0,0,0,0,0,0,0,0,0,0,0,0,0,0,0,0,0,0,0,0,0,0,0,0,0,0,0,0,0,0,0,0,0,0,0,0,0,0,0,0,0,0,0,0,0,0,0,0,0,0,0,0,0,0,0,0,0,0,0,0,0,0,0,0,0,0,0,0,0,0,0,0,0,0,0,0,0,0,0,0,0,0,0,0,0,0,0,0,0,0,0,0,0,0,0,0,0,0,0,0,0,0,0,0,0,0,0,0,0,0
2021-04-23,NV,1266,0,0,0,0,0,0,0,0,0,0,0,0,0,0,0,0,0,0,0,0,0,0,0,0,0,0,0,0,0,0,0,0,0,0,0,0,0,0,0,0,0,0,0,0,0,0,0,0,0,0,0,0,0,0,0,0,0,0,0,0,0,0,0,0,0,0,0,0,0,0,0,0,0,0,0,0,0,0,0,0,0,0,0,0,0,0,0,0,0,0,0,0,0,0,0,0,0,0,0,0,0,0,0,0,0,0,0,0,0,0,0,0,0,0,0,0,0,0,0,0,0,0,0,0,0,0
2021-04-24,NV,1225,0,0,0,0,0,0,0,0,0,0,0,0,0,0,0,0,0,0,0,0,0,0,0,0,0,0,0,0,0,0,0,0,0,0,0,0,0,0,0,0,0,0,0,0,0,0,0,0,0,0,0,0,0,0,0,0,0,0,0,0,0,0,0,0,0,0,0,0,0,0,0,0,0,0,0,0,0,0,0,0,0,0,0,0,0,0,0,0,0,0,0,0,0,0,0,0,0,0,0,0,0,0,0,0,0,0,0,0,0,0,0,0,0,0,0,0,0,0,0,0,0,0,0,0,0,0
2021-04-25,NV,1190,0,0,0,0,0,0,0,0,0,0,0,0,0,0,0,0,0,0,0,0,0,0,0,0,0,0,0,0,0,0,0,0,0,0,0,0,0,0,0,0,0,0,0,0,0,0,0,0,0,0,0,0,0,0,0,0,0,0,0,0,0,0,0,0,0,0,0,0,0,0,0,0,0,0,0,0,0,0,0,0,0,0,0,0,0,0,0,0,0,0,0,0,0,0,0,0,0,0,0,0,0,0,0,0,0,0,0,0,0,0,0,0,0,0,0,0,0,0,0,0,0,0,0,0,0,0
2021-04-26,NV,1155,0,0,0,0,0,0,0,0,0,0,0,0,0,0,0,0,0,0,0,0,0,0,0,0,0,0,0,0,0,0,0,0,0,0,0,0,0,0,0,0,0,0,0,0,0,0,0,0,0,0,0,0,0,0,0,0,0,0,0,0,0,0,0,0,0,0,0,0,0,0,0,0,0,0,0,0,0,0,0,0,0,0,0,0,0,0,0,0,0,0,0,0,0,0,0,0,0,0,0,0,0,0,0,0,0,0,0,0,0,0,0,0,0,0,0,0,0,0,0,0,0,0,0,0,0,0
2021-04-27,NV,1120,0,0,0,0,0,0,0,0,0,0,0,0,0,0,0,0,0,0,0,0,0,0,0,0,0,0,0,0,0,0,0,0,0,0,0,0,0,0,0,0,0,0,0,0,0,0,0,0,0,0,0,0,0,0,0,0,0,0,0,0,0,0,0,0,0,0,0,0,0,0,0,0,0,0,0,0,0,0,0,0,0,0,0,0,0,0,0,0,0,0,0,0,0,0,0,0,0,0,0,0,0,0,0,0,0,0,0,0,0,0,0,0,0,0,0,0,0,0,0,0,0,0,0,0,0,0
2021-04-28,NV,1085,0,0,0,0,0,0,0,0,0,0,0,0,0,0,0,0,0,0,0,0,0,0,0,0,0,0,0,0,0,0,0,0,0,0,0,0,0,0,0,0,0,0,0,0,0,0,0,0,0,0,0,0,0,0,0,0,0,0,0,0,0,0,0,0,0,0,0,0,0,0,0,0,0,0,0,0,0,0,0,0,0,0,0,0,0,0,0,0,0,0,0,0,0,0,0,0,0,0,0,0,0,0,0,0,0,0,0,0,0,0,0,0,0,0,0,0,0,0,0,0,0,0,0,0,0,0
2021-04-29,NV,1050,0,0,0,0,0,0,0,0,0,0,0,0,0,0,0,0,0,0,0,0,0,0,0,0,0,0,0,0,0,0,0,0,0,0,0,0,0,0,0,0,0,0,0,0,0,0,0,0,0,0,0,0,0,0,0,0,0,0,0,0,0,0,0,0,0,0,0,0,0,0,0,0,0,0,0,0,0,0,0,0,0,0,0,0,0,0,0,0,0,0,0,0,0,0,0,0,0,0,0,0,0,0,0,0,0,0,0,0,0,0,0,0,0,0,0,0,0,0,0,0,0,0,0,0,0,0
2021-04-30,NV,1015,0,0,0,0,0,0,0,0,0,0,0,0,0,0,0,0,0,0,0,0,0,0,0,0,0,0,0,0,0,0,0,0,0,0,0,0,0,0,0,0,0,0,0,0,0,0,0,0,0,0,0,0,0,0,0,0,0,0,0,0,0,0,0,0,0,0,0,0,0,0,0,0,0,0,0,0,0,0,0,0,0,0,0,0,0,0,0,0,0,0,0,0,0,0,0,0,0,0,0,0,0,0,0,0,0,0,0,0,0,0,0,0,0,0,0,0,0,0,0,0,0,0,0,0,0,0
2021-05-01,NV,980,0,0,0,0,0,0,0,0,0,0,0,0,0,0,0,0,0,0,0,0,0,0,0,0,0,0,0,0,0,0,0,0,0,0,0,0,0,0,0,0,0,0,0,0,0,0,0,0,0,0,0,0,0,0,0,0,0,0,0,0,0,0,0,0,0,0,0,0,0,0,0,0,0,0,0,0,0,0,0,0,0,0,0,0,0,0,0,0,0,0,0,0,0,0,0,0,0,0,0,0,0,0,0,0,0,0,0,0,0,0,0,0,0,0,0,0,0,0,0,0,0,0,0,0,0,0
2021-05-02,NV,940,0,0,0,0,0,0,0,0,0,0,0,0,0,0,0,0,0,0,0,0,0,0,0,0,0,0,0,0,0,0,0,0,0,0,0,0,0,0,0,0,0,0,0,0,0,0,0,0,0,0,0,0,0,0,0,0,0,0,0,0,0,0,0,0,0,0,0,0,0,0,0,0,0,0,0,0,0,0,0,0,0,0,0,0,0,0,0,0,0,0,0,0,0,0,0,0,0,0,0,0,0,0,0,0,0,0,0,0,0,0,0,0,0,0,0,0,0,0,0,0,0,0,0,0,0,0
2021-05-03,NV,901,0,0,0,0,0,0,0,0,0,0,0,0,0,0,0,0,0,0,0,0,0,0,0,0,0,0,0,0,0,0,0,0,0,0,0,0,0,0,0,0,0,0,0,0,0,0,0,0,0,0,0,0,0,0,0,0,0,0,0,0,0,0,0,0,0,0,0,0,0,0,0,0,0,0,0,0,0,0,0,0,0,0,0,0,0,0,0,0,0,0,0,0,0,0,0,0,0,0,0,0,0,0,0,0,0,0,0,0,0,0,0,0,0,0,0,0,0,0,0,0,0,0,0,0,0,0
2021-05-04,NV,862,0,0,0,0,0,0,0,0,0,0,0,0,0,0,0,0,0,0,0,0,0,0,0,0,0,0,0,0,0,0,0,0,0,0,0,0,0,0,0,0,0,0,0,0,0,0,0,0,0,0,0,0,0,0,0,0,0,0,0,0,0,0,0,0,0,0,0,0,0,0,0,0,0,0,0,0,0,0,0,0,0,0,0,0,0,0,0,0,0,0,0,0,0,0,0,0,0,0,0,0,0,0,0,0,0,0,0,0,0,0,0,0,0,0,0,0,0,0,0,0,0,0,0,0,0,0
2021-05-05,NV,823,0,0,0,0,0,0,0,0,0,0,0,0,0,0,0,0,0,0,0,0,0,0,0,0,0,0,0,0,0,0,0,0,0,0,0,0,0,0,0,0,0,0,0,0,0,0,0,0,0,0,0,0,0,0,0,0,0,0,0,0,0,0,0,0,0,0,0,0,0,0,0,0,0,0,0,0,0,0,0,0,0,0,0,0,0,0,0,0,0,0,0,0,0,0,0,0,0,0,0,0,0,0,0,0,0,0,0,0,0,0,0,0,0,0,0,0,0,0,0,0,0,0,0,0,0,0
2021-05-06,NV,784,0,0,0,0,0,0,0,0,0,0,0,0,0,0,0,0,0,0,0,0,0,0,0,0,0,0,0,0,0,0,0,0,0,0,0,0,0,0,0,0,0,0,0,0,0,0,0,0,0,0,0,0,0,0,0,0,0,0,0,0,0,0,0,0,0,0,0,0,0,0,0,0,0,0,0,0,0,0,0,0,0,0,0,0,0,0,0,0,0,0,0,0,0,0,0,0,0,0,0,0,0,0,0,0,0,0,0,0,0,0,0,0,0,0,0,0,0,0,0,0,0,0,0,0,0,0
2021-05-07,NV,744,0,0,0,0,0,0,0,0,0,0,0,0,0,0,0,0,0,0,0,0,0,0,0,0,0,0,0,0,0,0,0,0,0,0,0,0,0,0,0,0,0,0,0,0,0,0,0,0,0,0,0,0,0,0,0,0,0,0,0,0,0,0,0,0,0,0,0,0,0,0,0,0,0,0,0,0,0,0,0,0,0,0,0,0,0,0,0,0,0,0,0,0,0,0,0,0,0,0,0,0,0,0,0,0,0,0,0,0,0,0,0,0,0,0,0,0,0,0,0,0,0,0,0,0,0,0
2021-05-08,NV,705,0,0,0,0,0,0,0,0,0,0,0,0,0,0,0,0,0,0,0,0,0,0,0,0,0,0,0,0,0,0,0,0,0,0,0,0,0,0,0,0,0,0,0,0,0,0,0,0,0,0,0,0,0,0,0,0,0,0,0,0,0,0,0,0,0,0,0,0,0,0,0,0,0,0,0,0,0,0,0,0,0,0,0,0,0,0,0,0,0,0,0,0,0,0,0,0,0,0,0,0,0,0,0,0,0,0,0,0,0,0,0,0,0,0,0,0,0,0,0,0,0,0,0,0,0,0
2021-05-09,NV,692,0,0,0,0,0,0,0,0,0,0,0,0,0,0,0,0,0,0,0,0,0,0,0,0,0,0,0,0,0,0,0,0,0,0,0,0,0,0,0,0,0,0,0,0,0,0,0,0,0,0,0,0,0,0,0,0,0,0,0,0,0,0,0,0,0,0,0,0,0,0,0,0,0,0,0,0,0,0,0,0,0,0,0,0,0,0,0,0,0,0,0,0,0,0,0,0,0,0,0,0,0,0,0,0,0,0,0,0,0,0,0,0,0,0,0,0,0,0,0,0,0,0,0,0,0,0
2021-05-10,NV,678,0,0,0,0,0,0,0,0,0,0,0,0,0,0,0,0,0,0,0,0,0,0,0,0,0,0,0,0,0,0,0,0,0,0,0,0,0,0,0,0,0,0,0,0,0,0,0,0,0,0,0,0,0,0,0,0,0,0,0,0,0,0,0,0,0,0,0,0,0,0,0,0,0,0,0,0,0,0,0,0,0,0,0,0,0,0,0,0,0,0,0,0,0,0,0,0,0,0,0,0,0,0,0,0,0,0,0,0,0,0,0,0,0,0,0,0,0,0,0,0,0,0,0,0,0,0
2021-05-11,NV,664,0,0,0,0,0,0,0,0,0,0,0,0,0,0,0,0,0,0,0,0,0,0,0,0,0,0,0,0,0,0,0,0,0,0,0,0,0,0,0,0,0,0,0,0,0,0,0,0,0,0,0,0,0,0,0,0,0,0,0,0,0,0,0,0,0,0,0,0,0,0,0,0,0,0,0,0,0,0,0,0,0,0,0,0,0,0,0,0,0,0,0,0,0,0,0,0,0,0,0,0,0,0,0,0,0,0,0,0,0,0,0,0,0,0,0,0,0,0,0,0,0,0,0,0,0,0
2021-05-12,NV,651,0,0,0,0,0,0,0,0,0,0,0,0,0,0,0,0,0,0,0,0,0,0,0,0,0,0,0,0,0,0,0,0,0,0,0,0,0,0,0,0,0,0,0,0,0,0,0,0,0,0,0,0,0,0,0,0,0,0,0,0,0,0,0,0,0,0,0,0,0,0,0,0,0,0,0,0,0,0,0,0,0,0,0,0,0,0,0,0,0,0,0,0,0,0,0,0,0,0,0,0,0,0,0,0,0,0,0,0,0,0,0,0,0,0,0,0,0,0,0,0,0,0,0,0,0,0
2021-05-13,NV,637,0,0,0,0,0,0,0,0,0,0,0,0,0,0,0,0,0,0,0,0,0,0,0,0,0,0,0,0,0,0,0,0,0,0,0,0,0,0,0,0,0,0,0,0,0,0,0,0,0,0,0,0,0,0,0,0,0,0,0,0,0,0,0,0,0,0,0,0,0,0,0,0,0,0,0,0,0,0,0,0,0,0,0,0,0,0,0,0,0,0,0,0,0,0,0,0,0,0,0,0,0,0,0,0,0,0,0,0,0,0,0,0,0,0,0,0,0,0,0,0,0,0,0,0,0,0
2021-05-14,NV,624,0,0,0,0,0,0,0,0,0,0,0,0,0,0,0,0,0,0,0,0,0,0,0,0,0,0,0,0,0,0,0,0,0,0,0,0,0,0,0,0,0,0,0,0,0,0,0,0,0,0,0,0,0,0,0,0,0,0,0,0,0,0,0,0,0,0,0,0,0,0,0,0,0,0,0,0,0,0,0,0,0,0,0,0,0,0,0,0,0,0,0,0,0,0,0,0,0,0,0,0,0,0,0,0,0,0,0,0,0,0,0,0,0,0,0,0,0,0,0,0,0,0,0,0,0,0
2021-05-15,NV,610,0,0,0,0,0,0,0,0,0,0,0,0,0,0,0,0,0,0,0,0,590,0,0,0,0,0,0,0,0,0,0,0,0,0,0,0,0,0,0,0,0,0,0,0,0,0,0,0,0,0,0,0,0,0,0,0,0,0,0,0,0,0,0,0,0,0,0,0,0,0,0,0,0,0,0,0,0,0,0,0,0,1,0,0,0,0,0,0,0,0,0,0,0,0,0,0,0,0,0,0,0,0,0,0,0,0,0,0,0,0,0,0,0,0,0,0,0,0,0,0,0,0,0,0,20,0
2021-05-16,NV,594,0,0,0,0,0,0,0,0,0,0,0,0,0,0,0,0,0,0,0,0,572,0,0,0,0,0,0,0,0,0,0,0,0,0,0,0,0,0,0,0,0,0,0,0,0,0,0,0,0,0,0,0,0,0,0,0,0,0,0,0,0,0,0,0,0,0,0,0,0,0,0,0,0,0,0,0,0,0,0,0,0,1,0,0,0,0,0,0,0,0,0,0,0,0,0,0,0,0,0,0,0,0,0,0,0,0,0,0,0,0,0,0,0,0,0,0,0,0,0,0,0,0,0,0,22,0
2021-05-17,NV,579,0,0,0,0,0,0,0,0,0,0,0,0,0,0,0,0,0,0,0,0,554,0,0,0,0,0,0,0,0,0,0,0,0,0,0,0,0,0,0,0,0,0,0,0,0,0,0,0,0,0,0,0,0,0,0,0,0,0,0,0,0,0,0,0,0,0,0,0,0,0,0,0,0,0,0,0,0,0,0,0,0,1,0,0,0,0,0,0,0,0,0,0,0,0,0,0,0,0,0,0,0,0,0,0,0,0,0,0,0,0,0,0,0,0,0,0,0,0,0,0,0,0,0,0,24,0
2021-05-18,NV,563,0,0,0,0,0,0,0,0,0,0,0,0,0,0,0,0,0,0,0,0,536,0,0,0,0,0,0,0,0,0,0,0,0,0,0,0,0,0,0,0,0,0,0,0,0,0,0,0,0,0,0,0,0,0,0,0,0,0,0,0,0,0,0,0,0,0,0,0,0,0,0,0,0,0,0,0,0,0,0,0,0,1,0,0,0,0,0,0,0,0,0,0,0,0,0,0,0,0,0,0,0,0,0,0,0,0,0,0,0,0,0,0,0,0,0,0,0,0,0,0,0,0,0,0,26,0
2021-05-19,NV,547,0,0,0,0,0,0,0,0,0,0,0,0,0,0,0,0,0,0,0,0,518,0,0,0,0,0,0,0,0,0,0,0,0,0,0,0,0,0,0,0,0,0,0,0,0,0,0,0,0,0,0,0,0,0,0,0,0,0,0,0,0,0,0,0,0,0,0,0,0,0,0,0,0,0,0,0,0,0,0,0,0,1,0,0,0,0,0,0,0,0,0,0,0,0,0,0,0,0,0,0,0,0,0,0,0,0,0,0,0,0,0,0,0,0,0,0,0,0,0,0,0,0,0,0,28,0
2021-05-20,NV,531,0,0,0,0,0,0,0,0,0,0,0,0,0,0,0,0,0,0,0,0,501,0,0,0,0,0,0,0,0,0,0,0,0,0,0,0,0,0,0,0,0,0,0,0,0,0,0,0,0,0,0,0,0,0,0,0,0,0,0,0,0,0,0,0,0,0,0,0,0,0,0,0,0,0,0,0,0,0,0,0,0,1,0,0,0,0,0,0,0,0,0,0,0,0,0,0,0,0,0,0,0,0,0,0,0,0,0,0,0,0,0,0,0,0,0,0,0,0,0,0,0,0,0,0,30,0
2021-05-21,NV,515,0,0,0,0,0,0,0,0,0,0,0,0,0,0,0,0,0,0,0,0,483,0,0,0,0,0,0,0,0,0,0,0,0,0,0,0,0,0,0,0,0,0,0,0,0,0,0,0,0,0,0,0,0,0,0,0,0,0,0,0,0,0,0,0,0,0,0,0,0,0,0,0,0,0,0,0,0,0,0,0,0,1,0,0,0,0,0,0,0,0,0,0,0,0,0,0,0,0,0,0,0,0,0,0,0,0,0,0,0,0,0,0,0,0,0,0,0,0,0,0,0,0,0,0,31,0
2021-05-22,NV,499,0,0,0,0,0,0,0,0,0,0,0,0,0,0,0,0,0,0,0,0,466,0,0,0,0,0,0,0,0,0,0,0,0,0,0,0,0,0,0,0,0,0,0,0,0,0,0,0,0,0,0,0,0,0,0,0,0,0,0,0,0,0,0,0,0,0,0,0,0,0,0,0,0,0,0,0,0,0,0,0,0,1,0,0,0,0,0,0,0,0,0,0,0,0,0,0,0,0,0,0,0,0,0,0,0,0,0,0,0,0,0,0,0,0,0,0,0,0,0,0,0,0,0,0,33,0
2021-05-23,NV,476,0,0,0,0,0,0,0,0,0,0,0,0,0,0,0,0,0,0,0,0,442,0,0,0,0,0,0,0,0,0,0,0,0,0,0,0,0,0,0,0,0,0,0,0,0,0,0,0,0,0,0,0,0,0,0,0,0,0,0,0,0,0,0,0,0,0,0,0,0,0,0,0,0,0,0,0,0,0,0,0,0,1,0,0,0,0,0,0,0,0,0,0,0,0,0,0,0,0,0,0,0,0,0,0,0,0,0,0,0,0,0,0,0,0,0,0,0,0,0,0,0,0,0,0,33,0
2021-05-24,NV,454,0,0,0,0,0,0,0,0,0,0,0,0,0,0,0,0,0,0,0,0,419,0,0,0,0,0,0,0,0,0,0,0,0,0,0,0,0,0,0,0,0,0,0,0,0,0,0,0,0,0,0,0,0,0,0,0,0,0,0,0,0,0,0,0,0,0,0,0,0,0,0,0,0,0,0,0,0,0,0,0,0,0,0,0,0,0,0,0,0,0,0,0,0,0,0,0,0,0,0,0,0,0,0,0,0,0,0,0,0,0,0,0,0,0,0,0,0,0,0,0,0,0,0,0,34,0
2021-05-25,NV,431,0,0,0,0,0,0,0,0,0,0,0,0,0,0,0,0,0,0,0,0,396,0,0,0,0,0,0,0,0,0,0,0,0,0,0,0,0,0,0,0,0,0,0,0,0,0,0,0,0,0,0,0,0,0,0,0,0,0,0,0,0,0,0,0,0,0,0,0,0,0,0,0,0,0,0,0,0,0,0,0,0,0,0,0,0,0,0,0,0,0,0,0,0,0,0,0,0,0,0,0,0,0,0,0,0,0,0,0,0,0,0,0,0,0,0,0,0,0,0,0,0,0,0,0,34,0
2021-05-26,NV,408,0,0,0,0,0,0,0,0,0,0,0,0,0,0,0,0,0,0,0,0,373,0,0,0,0,0,0,0,0,0,0,0,0,0,0,0,0,0,0,0,0,0,0,0,0,0,0,0,0,0,0,0,0,0,0,0,0,0,0,0,0,0,0,0,0,0,0,0,0,0,0,0,0,0,0,0,0,0,0,0,0,0,0,0,0,0,0,0,0,0,0,0,0,0,0,0,0,0,0,0,0,0,0,0,0,0,0,0,0,0,0,0,0,0,0,0,0,0,0,0,0,0,0,0,34,0
2021-05-27,NV,385,0,0,0,0,0,0,0,0,0,0,0,0,0,0,0,0,0,0,0,0,351,0,0,0,0,0,0,0,0,0,0,0,0,0,0,0,0,0,0,0,0,0,0,0,0,0,0,0,0,0,0,0,0,0,0,0,0,0,0,0,0,0,0,0,0,0,0,0,0,0,0,0,0,0,0,0,0,0,0,0,0,0,0,0,0,0,0,0,0,0,0,0,0,0,0,0,0,0,0,0,0,0,0,0,0,0,0,0,0,0,0,0,0,0,0,0,0,0,0,0,0,0,0,0,34,0
2021-05-28,NV,363,0,0,0,0,0,0,0,0,0,0,0,0,0,0,0,0,0,0,0,0,328,0,0,0,0,0,0,0,0,0,0,0,0,0,0,0,0,0,0,0,0,0,0,0,0,0,0,0,0,0,0,0,0,0,0,0,0,0,0,0,0,0,0,0,0,0,0,0,0,0,0,0,0,0,0,0,0,0,0,0,0,0,0,0,0,0,0,0,0,0,0,0,0,0,0,0,0,0,0,0,0,0,0,0,0,0,0,0,0,0,0,0,0,0,0,0,0,0,0,0,0,0,0,0,34,0
2021-05-29,NV,340,0,0,0,0,0,0,0,0,0,0,0,0,0,0,0,0,0,0,0,0,306,0,0,0,0,0,0,0,0,0,0,0,0,0,0,0,0,0,0,0,0,0,0,0,0,0,0,0,0,0,0,0,0,0,0,0,0,0,0,0,0,0,0,0,0,0,0,0,0,0,0,0,0,0,0,0,0,0,0,0,0,0,0,0,0,0,0,0,0,0,0,0,0,0,0,0,0,0,0,0,0,0,0,0,0,0,0,0,0,0,0,0,0,0,0,0,0,0,0,0,0,0,0,0,33,0
2021-05-30,NV,343,0,0,0,0,0,0,0,0,0,0,0,0,0,0,0,0,0,0,0,0,307,0,0,0,0,0,0,0,0,0,0,0,0,0,0,0,0,0,0,0,0,0,0,0,0,0,0,0,0,0,0,0,0,0,0,0,0,0,0,0,0,0,0,0,0,0,0,0,0,0,0,0,0,0,0,0,0,0,0,0,0,0,0,0,0,0,0,0,0,0,0,0,0,0,0,0,0,0,0,0,0,0,0,0,0,0,0,0,0,0,0,0,0,0,0,0,0,0,0,0,0,0,0,0,35,0
2021-05-31,NV,345,0,0,0,0,0,0,0,0,0,0,0,0,0,0,0,0,0,0,0,0,308,0,0,0,0,0,0,0,0,0,0,0,0,0,0,0,0,0,0,0,0,0,0,0,0,0,0,0,0,0,0,0,0,0,0,0,0,0,0,0,0,0,0,0,0,0,0,0,0,0,0,0,0,0,0,0,0,0,0,0,0,0,0,0,0,0,0,0,0,0,0,0,0,0,0,0,0,0,0,0,0,0,0,0,0,0,0,0,0,0,0,0,0,0,0,0,0,0,0,0,0,0,0,0,37,0
2021-06-01,NV,348,0,0,0,0,0,0,0,0,0,0,0,0,0,0,0,0,0,0,0,0,309,0,0,0,0,0,0,0,0,0,0,0,0,0,0,0,0,0,0,0,0,0,0,0,0,0,0,0,0,0,0,0,0,0,0,0,0,0,0,0,0,0,0,0,0,0,0,0,0,0,0,0,0,0,0,0,0,0,0,0,0,0,0,0,0,0,0,0,0,0,0,0,0,0,0,0,0,0,0,0,0,0,0,0,0,0,0,0,0,0,0,0,0,0,0,0,0,0,0,0,0,0,0,0,39,0
2021-06-02,NV,351,0,0,0,0,0,0,0,0,0,0,0,0,0,0,0,0,0,0,0,0,309,0,0,0,0,0,0,0,0,0,0,0,0,0,0,0,0,0,0,0,0,0,0,0,0,0,0,0,0,0,0,0,0,0,0,0,0,0,0,0,0,0,0,0,0,0,0,0,0,0,0,0,0,0,0,0,0,0,0,0,0,0,0,0,0,0,0,0,0,0,0,0,0,0,0,0,0,0,0,0,0,0,0,0,0,0,0,0,0,0,0,0,0,0,0,0,0,0,0,0,0,0,0,0,41,0
2021-06-03,NV,353,0,0,0,0,0,0,0,0,0,0,0,0,0,0,0,0,0,0,0,0,310,0,0,0,0,0,0,0,0,0,0,0,0,0,0,0,0,0,0,0,0,0,0,0,0,0,0,0,0,0,0,0,0,0,0,0,0,0,0,0,0,0,0,0,0,0,0,0,0,0,0,0,0,0,0,0,0,0,0,0,0,0,0,0,0,0,0,0,0,0,0,0,0,0,0,0,0,0,0,0,0,0,0,0,0,0,0,0,0,0,0,0,0,0,0,0,0,0,0,0,0,0,0,0,43,0
2021-06-04,NV,356,0,0,0,0,0,0,0,0,0,0,0,0,0,0,0,0,0,0,0,0,311,0,0,0,0,0,0,0,0,0,0,0,0,0,0,0,0,0,0,0,0,0,0,0,0,0,0,0,0,0,0,0,0,0,0,0,0,0,0,0,0,0,0,0,0,0,0,0,0,0,0,0,0,0,0,0,0,0,0,0,0,0,0,0,0,0,0,0,0,0,0,0,0,0,0,0,0,0,0,0,0,0,0,0,0,0,0,0,0,0,0,0,0,0,0,0,0,0,0,0,0,0,0,0,45,0
2021-06-05,NV,359,0,0,0,0,0,0,0,0,0,0,0,0,0,0,0,0,0,0,0,0,311,0,0,0,0,0,0,0,0,0,0,0,0,0,0,0,0,0,0,0,0,0,0,0,0,0,0,0,0,0,0,0,0,0,0,0,0,0,0,0,0,0,0,0,0,0,0,0,0,0,0,0,0,0,0,0,0,0,0,0,0,0,0,0,0,0,0,0,0,0,0,0,0,0,0,0,0,0,0,0,0,0,0,0,0,0,0,0,0,0,0,0,0,0,0,0,0,0,0,0,0,0,0,0,47,0
2021-06-06,NV,373,0,0,0,0,0,0,0,0,0,0,0,0,0,0,0,0,0,0,0,0,322,0,0,0,0,0,0,0,0,0,0,0,0,0,0,0,0,0,0,0,0,0,0,0,0,0,0,0,0,0,0,0,0,0,0,0,0,0,0,0,0,0,0,0,0,0,0,0,0,0,0,0,0,0,0,0,0,0,0,0,0,0,0,0,0,0,0,0,0,0,0,0,0,0,0,0,0,0,0,0,0,0,0,0,0,0,0,0,0,0,0,0,0,0,0,0,0,0,0,0,0,0,0,0,51,0
2021-06-07,NV,388,0,0,0,0,0,0,0,0,0,0,0,0,0,0,0,0,0,0,0,0,333,0,0,0,0,0,0,0,0,0,0,0,0,0,0,0,0,0,0,0,0,0,0,0,0,0,0,0,0,0,0,0,0,0,0,0,0,0,0,0,0,0,0,0,0,0,0,0,0,0,0,0,0,0,0,0,0,0,0,0,0,0,0,0,0,0,0,0,0,0,0,0,0,0,0,0,0,0,0,0,0,0,0,0,0,0,0,0,0,0,0,0,0,0,0,0,0,0,0,0,0,0,0,0,55,0
2021-06-08,NV,403,0,0,0,0,0,0,0,0,0,0,0,0,0,0,0,0,0,0,0,0,344,0,0,0,0,0,0,0,0,0,0,0,0,0,0,0,0,0,0,0,0,0,0,0,0,0,0,0,0,0,0,0,0,0,0,0,0,0,0,0,0,0,0,0,0,0,0,0,0,0,0,0,0,0,0,0,0,0,0,0,0,0,0,0,0,0,0,0,0,0,0,0,0,0,0,0,0,0,0,0,0,0,0,0,0,0,0,0,0,0,0,0,0,0,0,0,0,0,0,0,0,0,0,0,59,0
2021-06-09,NV,418,0,0,0,0,0,0,0,0,0,0,0,0,0,0,0,0,0,0,0,0,355,0,0,0,0,0,0,0,0,0,0,0,0,0,0,0,0,0,0,0,0,0,0,0,0,0,0,0,0,0,0,0,0,0,0,0,0,0,0,0,0,0,0,0,0,0,0,0,0,0,0,0,0,0,0,0,0,0,0,0,0,0,0,0,0,0,0,0,0,0,0,0,0,0,0,0,0,0,0,0,0,0,0,0,0,0,0,0,0,0,0,0,0,0,0,0,0,0,0,0,0,0,0,0,63,0
2021-06-10,NV,433,0,0,0,0,0,0,0,0,0,0,0,0,0,0,0,0,0,0,0,0,365,0,0,0,0,0,0,0,0,0,0,0,0,0,0,0,0,0,0,0,0,0,0,0,0,0,0,0,0,0,0,0,0,0,0,0,0,0,0,0,0,0,0,0,0,0,0,0,0,0,0,0,0,0,0,0,0,0,0,0,0,0,0,0,0,0,0,0,0,0,0,0,0,0,0,0,0,0,0,0,0,0,0,0,0,0,0,0,0,0,0,0,0,0,0,0,0,0,0,0,0,0,0,0,67,0
2021-06-11,NV,448,0,0,0,0,0,0,0,0,0,0,0,0,0,0,0,0,0,0,0,0,376,0,0,0,0,0,0,0,0,0,0,0,0,0,0,0,0,0,0,0,0,0,0,0,0,0,0,0,0,0,0,0,0,0,0,0,0,0,0,0,0,0,0,0,0,0,0,0,0,0,0,0,0,0,0,0,0,0,0,0,0,0,0,0,0,0,0,0,0,0,0,0,0,0,0,0,0,0,0,0,0,0,0,0,0,0,0,0,0,0,0,0,0,0,0,0,0,0,0,0,0,0,0,0,71,0
2021-06-12,NV,462,0,0,0,0,0,0,0,0,0,0,0,0,0,0,0,0,0,0,0,0,386,0,0,0,0,0,0,0,0,0,0,0,0,0,0,0,0,0,0,0,0,0,0,0,0,0,0,0,0,0,0,0,0,0,0,0,0,0,0,0,0,0,0,0,0,0,0,0,0,0,0,0,0,0,0,0,0,0,0,0,0,0,0,0,0,0,0,0,0,0,0,0,0,0,0,0,0,0,0,0,0,0,0,0,0,0,0,0,0,0,0,0,0,0,0,0,0,0,0,0,0,0,0,0,76,0
2021-06-13,NV,468,0,0,0,0,0,0,0,0,0,0,0,0,0,0,0,0,0,0,0,0,382,0,0,0,0,0,0,0,0,0,0,0,0,0,0,0,0,0,0,0,0,0,0,0,0,0,0,0,0,0,0,0,0,0,0,0,0,0,0,0,0,0,0,0,0,0,0,0,0,0,0,0,0,0,0,0,0,0,0,0,0,0,0,0,0,0,0,0,0,0,0,0,0,0,0,0,0,0,0,0,0,0,0,0,0,0,0,0,0,0,0,0,0,0,0,0,0,0,0,0,0,0,0,0,86,0
2021-06-14,NV,475,0,0,0,0,0,0,0,0,0,0,0,0,0,0,0,0,0,0,0,0,377,0,0,0,0,0,0,0,0,0,0,0,0,0,0,0,0,0,0,0,0,0,0,0,0,0,0,0,0,0,0,0,0,0,0,0,0,0,0,0,0,0,0,0,0,0,0,0,0,0,0,0,0,0,0,0,0,0,0,0,0,0,0,0,0,0,0,0,0,0,0,0,0,0,0,0,0,0,0,0,0,0,0,0,0,0,0,0,0,0,0,0,0,0,0,0,0,0,0,0,0,0,0,0,97,0
2021-06-15,NV,481,0,0,0,0,0,0,0,0,0,0,0,0,0,0,0,0,0,0,0,0,373,0,0,0,0,0,0,0,0,0,0,0,0,0,0,0,0,0,0,0,0,0,0,0,0,0,0,0,0,0,0,0,0,0,0,0,0,0,0,0,0,0,0,0,0,0,0,0,0,0,0,0,0,0,0,0,0,0,0,0,0,0,0,0,0,0,0,0,0,0,0,0,0,0,0,0,0,0,0,0,0,0,0,0,0,0,0,0,0,0,0,0,0,0,0,0,0,0,0,0,0,0,0,0,107,0
2021-06-16,NV,487,0,0,0,0,0,0,0,0,0,0,0,0,0,0,0,0,0,0,0,0,368,0,0,0,0,0,0,0,0,0,0,0,0,0,0,0,0,0,0,0,0,0,0,0,0,0,0,0,0,0,0,0,0,0,0,0,0,0,0,0,0,0,0,0,0,0,0,0,0,0,0,0,0,0,0,0,0,0,0,0,0,0,0,0,0,0,0,0,0,0,0,0,0,0,0,0,0,0,0,0,0,0,0,0,0,0,0,0,0,0,0,0,0,0,0,0,0,0,0,0,0,0,0,0,118,0
2021-06-17,NV,493,0,0,0,0,0,0,0,0,0,0,0,0,0,0,0,0,0,0,0,0,363,0,0,0,0,0,0,0,0,0,0,0,0,0,0,0,0,0,0,0,0,0,0,0,0,0,0,0,0,0,0,0,0,0,0,0,0,0,0,0,0,0,0,0,0,0,0,0,0,0,0,0,0,0,0,0,0,0,0,0,0,0,0,0,0,0,0,0,0,0,0,0,0,0,0,0,0,0,0,0,0,0,0,0,0,0,0,0,0,0,0,0,0,0,0,0,0,0,0,0,0,0,0,0,130,0
2021-06-18,NV,499,0,0,0,0,0,0,0,0,0,0,0,0,0,0,0,0,0,0,0,0,357,0,0,0,0,0,0,0,0,0,0,0,0,0,0,0,0,0,0,0,0,0,0,0,0,0,0,0,0,0,0,0,0,0,0,0,0,0,0,0,0,0,0,0,0,0,0,0,0,0,0,0,0,0,0,0,0,0,0,0,0,0,0,0,0,0,0,0,0,0,0,0,0,0,0,0,0,0,0,0,0,0,0,0,0,0,0,0,0,0,0,0,0,0,0,0,0,0,0,0,0,0,0,0,141,0
2021-06-19,NV,505,0,0,0,0,0,0,0,0,0,0,0,0,0,0,0,0,0,0,0,0,352,0,0,0,0,0,0,0,0,0,0,0,0,0,0,0,0,0,0,0,0,0,0,0,0,0,0,0,0,0,0,0,0,0,0,0,0,0,0,0,0,0,0,0,0,0,0,0,0,0,0,0,0,0,0,0,0,0,0,0,0,0,0,0,0,0,0,0,0,0,0,0,0,0,0,0,0,0,0,0,0,0,0,0,0,0,0,0,0,0,0,0,0,0,0,0,0,0,0,0,0,0,0,0,153,0
2021-06-20,NV,512,0,0,0,0,0,0,0,0,0,0,0,0,0,0,0,0,0,0,0,0,346,0,0,0,0,0,0,0,0,0,0,0,0,0,0,0,0,0,0,0,0,0,0,0,0,0,0,0,0,0,0,0,0,0,0,0,0,0,0,0,0,0,0,0,0,0,0,0,0,0,0,0,0,0,0,0,0,0,0,0,0,0,0,0,0,0,0,0,0,0,0,0,0,0,0,0,0,0,0,0,0,0,0,0,0,0,0,0,0,0,0,0,0,0,0,0,0,0,0,0,0,0,0,0,165,0
2021-06-21,NV,518,0,0,0,0,0,0,0,0,0,0,0,0,0,0,0,0,0,0,0,0,340,0,0,0,0,0,0,0,0,0,0,0,0,0,0,0,0,0,0,0,0,0,0,0,0,0,0,0,0,0,0,0,0,0,0,0,0,0,0,0,0,0,0,0,0,0,0,0,0,0,0,0,0,0,0,0,0,0,0,0,0,0,0,0,0,0,0,0,0,0,0,0,0,0,0,0,0,0,0,0,0,0,0,0,0,0,0,0,0,0,0,0,0,0,0,0,0,0,0,0,0,0,0,0,178,0
2021-06-22,NV,525,0,0,0,0,0,0,0,0,0,0,0,0,0,0,0,0,0,0,0,0,334,0,0,0,0,0,0,0,0,0,0,0,0,0,0,0,0,0,0,0,0,0,0,0,0,0,0,0,0,0,0,0,0,0,0,0,0,0,0,0,0,0,0,0,0,0,0,0,0,0,0,0,0,0,0,0,0,0,0,0,0,0,0,0,0,0,0,0,0,0,0,0,0,0,0,0,0,0,0,0,0,0,0,0,0,0,0,0,0,0,0,0,0,0,0,0,0,0,0,0,0,0,0,0,190,0
2021-06-23,NV,532,0,0,0,0,0,0,0,0,0,0,0,0,0,0,0,0,0,0,0,0,328,0,0,0,0,0,0,0,0,0,0,0,0,0,0,0,0,0,0,0,0,0,0,0,0,0,0,0,0,0,0,0,0,0,0,0,0,0,0,0,0,0,0,0,0,0,0,0,0,0,0,0,0,0,0,0,0,0,0,0,0,0,0,0,0,0,0,0,0,0,0,0,0,0,0,0,0,0,0,0,0,0,0,0,0,0,0,0,0,0,0,0,0,0,0,0,0,0,0,0,0,0,0,0,203,0
2021-06-24,NV,538,0,0,0,0,0,0,0,0,0,0,0,0,0,0,0,0,0,0,0,0,321,0,0,0,0,0,0,0,0,0,0,0,0,0,0,0,0,0,0,0,0,0,0,0,0,0,0,0,0,0,0,0,0,0,0,0,0,0,0,0,0,0,0,0,0,0,0,0,0,0,0,0,0,0,0,0,0,0,0,0,0,0,0,0,0,0,0,0,0,0,0,0,0,0,0,0,0,0,0,0,0,0,0,0,0,0,0,0,0,0,0,0,0,0,0,0,0,0,0,0,0,0,0,0,216,0
2021-06-25,NV,545,0,0,0,0,0,0,0,0,0,0,0,0,0,0,0,0,0,0,0,0,314,0,0,0,0,0,0,0,0,0,0,0,0,0,0,0,0,0,0,0,0,0,0,0,0,0,0,0,0,0,0,0,0,0,0,0,0,0,0,0,0,0,0,0,0,0,0,0,0,0,0,0,0,0,0,0,0,0,0,0,0,0,0,0,0,0,0,0,0,0,0,0,0,0,0,0,0,0,0,0,0,0,0,0,0,0,0,0,0,0,0,0,0,0,0,0,0,0,0,0,0,0,0,0,230,0
2021-06-26,NV,551,0,0,0,0,0,0,0,0,0,0,0,0,0,0,0,0,0,0,0,0,307,0,0,0,0,0,0,0,0,0,0,0,0,0,0,0,0,0,0,0,0,0,0,0,0,0,0,0,0,0,0,0,0,0,0,0,0,0,0,0,0,0,0,0,0,0,0,0,0,0,0,0,0,0,0,0,0,0,0,0,0,0,0,0,0,0,0,0,0,0,0,0,0,0,0,0,0,0,0,0,0,0,0,0,0,0,0,0,0,0,0,0,0,0,0,0,0,0,0,0,0,0,0,0,244,0
2021-06-27,NV,555,0,0,0,0,0,0,0,0,0,0,0,0,0,0,0,0,0,0,0,0,299,0,0,0,0,0,0,0,0,0,0,0,0,0,0,0,0,0,0,0,0,0,0,0,0,0,0,0,0,0,0,0,0,0,0,0,0,0,0,0,0,0,0,0,0,0,0,0,0,0,0,0,0,0,0,0,0,0,0,0,0,0,0,0,0,0,0,0,0,0,0,0,0,0,0,0,0,0,0,0,0,0,0,0,0,0,0,0,0,0,0,0,0,0,0,0,0,0,0,0,0,0,0,0,256,0
2021-06-28,NV,559,0,0,0,0,0,0,0,0,0,0,0,0,0,0,0,0,0,0,0,0,290,0,0,0,0,0,0,0,0,0,0,0,0,0,0,0,0,0,0,0,0,0,0,0,0,0,0,0,0,0,0,0,0,0,0,0,0,0,0,0,0,0,0,0,0,0,0,0,0,0,0,0,0,0,0,0,0,0,0,0,0,0,0,0,0,0,0,0,0,0,0,0,0,0,0,0,0,0,0,0,0,0,0,0,0,0,0,0,0,0,0,0,0,0,0,0,0,0,0,0,0,0,0,0,269,0
2021-06-29,NV,563,0,0,0,0,0,0,0,0,0,0,0,0,0,0,0,0,0,0,0,0,280,0,0,0,0,0,0,0,0,0,0,0,0,0,0,0,0,0,0,0,0,0,0,0,0,0,0,0,0,0,0,0,0,0,0,0,0,0,0,0,0,0,0,0,0,0,0,0,0,0,0,0,0,0,0,0,0,0,0,0,0,0,0,0,0,0,0,0,0,0,0,0,0,0,0,0,0,0,0,0,0,0,0,0,0,0,0,0,0,0,0,0,0,0,0,0,0,0,0,0,0,0,0,0,283,0
2021-06-30,NV,567,0,0,0,0,0,0,0,0,0,0,0,0,0,0,0,0,0,0,0,0,271,0,0,0,0,0,0,0,0,0,0,0,0,0,0,0,0,0,0,0,0,0,0,0,0,0,0,0,0,0,0,0,0,0,0,0,0,0,0,0,0,0,0,0,0,0,0,0,0,0,0,0,0,0,0,0,0,0,0,0,0,0,0,0,0,0,0,0,0,0,0,0,0,0,0,0,0,0,0,0,0,0,0,0,0,0,0,0,0,0,0,0,0,0,0,0,0,0,0,0,0,0,0,0,296,0
2021-07-01,NV,571,0,0,0,0,0,0,0,0,0,0,0,0,0,0,0,0,0,0,0,0,262,0,0,0,0,0,0,0,0,0,0,0,0,0,0,0,0,0,0,0,0,0,0,0,0,0,0,0,0,0,0,0,0,0,0,0,0,0,0,0,0,0,0,0,0,0,0,0,0,0,0,0,0,0,0,0,0,0,0,0,0,0,0,0,0,0,0,0,0,0,0,0,0,0,0,0,0,0,0,0,0,0,0,0,0,0,0,0,0,0,0,0,0,0,0,0,0,0,0,0,0,0,0,0,309,0
2021-07-02,NV,575,0,0,0,0,0,0,0,0,0,0,0,0,0,0,0,0,0,0,0,0,252,0,0,0,0,0,0,0,0,0,0,0,0,0,0,0,0,0,0,0,0,0,0,0,0,0,0,0,0,0,0,0,0,0,0,0,0,0,0,0,0,0,0,0,0,0,0,0,0,0,0,0,0,0,0,0,0,0,0,0,0,0,0,0,0,0,0,0,0,0,0,0,0,0,0,0,0,0,0,0,0,0,0,0,0,0,0,0,0,0,0,0,0,0,0,0,0,0,0,0,0,0,0,0,323,0
2021-07-03,NV,579,0,0,0,0,0,0,0,0,0,0,0,0,0,0,0,0,0,0,0,0,242,0,0,0,0,0,0,0,0,0,0,0,0,0,0,0,0,0,0,0,0,0,0,0,0,0,0,0,0,0,0,0,0,0,0,0,0,0,0,0,0,0,0,0,0,0,0,0,0,0,0,0,0,0,0,0,0,0,0,0,0,0,0,0,0,0,0,0,0,0,0,0,0,0,0,0,0,0,0,0,0,0,0,0,0,0,0,0,0,0,0,0,0,0,0,0,0,0,0,0,0,0,0,0,336,0
2021-07-04,NV,600,0,0,0,0,0,0,0,0,0,0,0,0,0,0,0,0,0,0,0,0,239,0,0,0,0,0,0,0,0,0,0,0,0,0,0,0,0,0,0,0,0,0,0,0,0,0,0,0,0,0,0,0,0,0,0,0,0,0,0,0,0,0,0,0,0,0,0,0,0,0,0,0,0,0,0,0,0,0,0,0,0,0,0,0,0,0,0,0,0,0,0,0,0,0,0,0,0,0,0,0,0,0,0,0,0,0,0,0,0,0,0,0,0,0,0,0,0,0,0,0,0,0,0,0,360,0
2021-07-05,NV,620,0,0,0,0,0,0,0,0,0,0,0,0,0,0,0,0,0,0,0,0,235,0,0,0,0,0,0,0,0,0,0,0,0,0,0,0,0,0,0,0,0,0,0,0,0,0,0,0,0,0,0,0,0,0,0,0,0,0,0,0,0,0,0,0,0,0,0,0,0,0,0,0,0,0,0,0,0,0,0,0,0,0,0,0,0,0,0,0,0,0,0,0,0,0,0,0,0,0,0,0,0,0,0,0,0,0,0,0,0,0,0,0,0,0,0,0,0,0,0,0,0,0,0,0,385,0
2021-07-06,NV,641,0,0,0,0,0,0,0,0,0,0,0,0,0,0,0,0,0,0,0,0,230,0,0,0,0,0,0,0,0,0,0,0,0,0,0,0,0,0,0,0,0,0,0,0,0,0,0,0,0,0,0,0,0,0,0,0,0,0,0,0,0,0,0,0,0,0,0,0,0,0,0,0,0,0,0,0,0,0,0,0,0,0,0,0,0,0,0,0,0,0,0,0,0,0,0,0,0,0,0,0,0,0,0,0,0,0,0,0,0,0,0,0,0,0,0,0,0,0,0,0,0,0,0,0,411,0
2021-07-07,NV,662,0,0,0,0,0,0,0,0,0,0,0,0,0,0,0,0,0,0,0,0,224,0,0,0,0,0,0,0,0,0,0,0,0,0,0,0,0,0,0,0,0,0,0,0,0,0,0,0,0,0,0,0,0,0,0,0,0,0,0,0,0,0,0,0,0,0,0,0,0,0,0,0,0,0,0,0,0,0,0,0,0,0,0,0,0,0,0,0,0,0,0,0,0,0,0,0,0,0,0,0,0,0,0,0,0,0,0,0,0,0,0,0,0,0,0,0,0,0,0,0,0,0,0,0,437,0
2021-07-08,NV,682,0,0,0,0,0,0,0,0,0,0,0,0,0,0,0,0,0,0,0,0,218,0,0,0,0,0,0,0,0,0,0,0,0,0,0,0,0,0,0,0,0,0,0,0,0,0,0,0,0,0,0,0,0,0,0,0,0,0,0,0,0,0,0,0,0,0,0,0,0,0,0,0,0,0,0,0,0,0,0,0,0,0,0,0,0,0,0,0,0,0,0,0,0,0,0,0,0,0,0,0,0,0,0,0,0,0,0,0,0,0,0,0,0,0,0,0,0,0,0,0,0,0,0,0,464,0
2021-07-09,NV,703,0,0,0,0,0,0,0,0,0,0,0,0,0,0,0,0,0,0,0,0,211,0,0,0,0,0,0,0,0,0,0,0,0,0,0,0,0,0,0,0,0,0,0,0,0,0,0,0,0,0,0,0,0,0,0,0,0,0,0,0,0,0,0,0,0,0,0,0,0,0,0,0,0,0,0,0,0,0,0,0,0,0,0,0,0,0,0,0,0,0,0,0,0,0,0,0,0,0,0,0,0,0,0,0,0,0,0,0,0,0,0,0,0,0,0,0,0,0,0,0,0,0,0,0,492,0
2021-07-10,NV,724,0,0,0,0,0,0,0,0,0,0,0,0,0,0,0,0,0,0,0,0,202,0,0,0,0,0,0,0,0,0,0,0,0,0,0,0,0,0,0,0,0,0,0,0,0,0,0,0,0,0,0,0,0,0,0,0,0,0,0,0,0,0,0,0,0,0,0,0,0,0,0,0,0,0,0,0,0,0,0,0,0,0,0,0,0,0,0,0,0,0,0,0,0,0,0,0,0,0,0,0,0,0,0,0,0,0,0,0,0,0,0,0,0,0,0,0,0,0,0,0,0,0,0,0,521,0
2021-07-11,NV,769,0,0,0,0,0,0,0,0,0,0,0,0,0,0,0,0,0,0,0,0,208,0,0,0,0,0,0,0,0,0,0,0,0,0,0,0,0,0,0,0,0,0,0,0,0,0,0,0,0,0,0,0,0,0,0,0,0,0,0,0,0,0,0,0,0,0,0,0,0,0,0,0,0,0,0,0,0,0,0,0,0,0,0,0,0,0,0,0,0,0,0,0,0,0,0,0,0,0,0,0,0,0,0,0,0,0,0,0,0,0,0,0,0,0,0,0,0,0,0,0,0,0,0,0,560,0
2021-07-12,NV,814,0,0,0,0,0,0,0,0,0,0,0,0,0,0,0,0,0,0,0,0,214,0,0,0,0,0,0,0,0,0,0,0,0,0,0,0,0,0,0,0,0,0,0,0,0,0,0,0,0,0,0,0,0,0,0,0,0,0,0,0,0,0,0,0,0,0,0,0,0,0,0,0,0,0,0,0,0,0,0,0,0,0,0,0,0,0,0,0,0,0,0,0,0,0,0,0,0,0,0,0,0,0,0,0,0,0,0,0,0,0,0,0,0,0,0,0,0,0,0,0,0,0,0,0,599,0
2021-07-13,NV,859,0,0,0,0,0,0,0,0,0,0,0,0,0,0,0,0,0,0,0,0,218,0,0,0,0,0,0,0,0,0,0,0,0,0,0,0,0,0,0,0,0,0,0,0,0,0,0,0,0,0,0,0,0,0,0,0,0,0,0,0,0,0,0,0,0,0,0,0,0,0,0,0,0,0,0,0,0,0,0,0,0,0,0,0,0,0,0,0,0,0,0,0,0,0,0,0,0,0,0,0,0,0,0,0,0,0,0,0,0,0,0,0,0,0,0,0,0,0,0,0,0,0,0,0,640,0
2021-07-14,NV,904,0,0,0,0,0,0,0,0,0,0,0,0,0,0,0,0,0,0,0,0,222,0,0,0,0,0,0,0,0,0,0,0,0,0,0,0,0,0,0,0,0,0,0,0,0,0,0,0,0,0,0,0,0,0,0,0,0,0,0,0,0,0,0,0,0,0,0,0,0,0,0,0,0,0,0,0,0,0,0,0,0,0,0,0,0,0,0,0,0,0,0,0,0,0,0,0,0,0,0,0,0,0,0,0,0,0,0,0,0,0,0,0,0,0,0,0,0,0,0,0,0,0,0,0,681,0
2021-07-15,NV,948,0,0,0,0,0,0,0,0,0,0,0,0,0,0,0,0,0,0,0,0,225,0,0,0,0,0,0,0,0,0,0,0,0,0,0,0,0,0,0,0,0,0,0,0,0,0,0,0,0,0,0,0,0,0,0,0,0,0,0,0,0,0,0,0,0,0,0,0,0,0,0,0,0,0,0,0,0,0,0,0,0,0,0,0,0,0,0,0,0,0,0,0,0,0,0,0,0,0,0,0,0,0,0,0,0,0,0,0,0,0,0,0,0,0,0,0,0,0,0,0,0,0,0,0,723,0
2021-07-16,NV,993,0,0,0,0,0,0,0,0,0,0,0,0,0,0,0,0,0,0,0,0,228,0,0,0,0,0,0,0,0,0,0,0,0,0,0,0,0,0,0,0,0,0,0,0,0,0,0,0,0,0,0,0,0,0,0,0,0,0,0,0,0,0,0,0,0,0,0,0,0,0,0,0,0,0,0,0,0,0,0,0,0,0,0,0,0,0,0,0,0,0,0,0,0,0,0,0,0,0,0,0,0,0,0,0,0,0,0,0,0,0,0,0,0,0,0,0,0,0,0,0,0,0,0,0,766,0
2021-07-17,NV,1038,0,0,0,0,0,0,0,0,0,0,0,0,0,0,0,0,0,0,0,0,229,0,0,0,0,0,0,0,0,0,0,0,0,0,0,0,0,0,0,0,0,0,0,0,0,0,0,0,0,0,0,0,0,0,0,0,0,0,0,0,0,0,0,0,0,0,0,0,0,0,0,0,0,0,0,0,0,0,0,0,0,0,0,0,0,0,0,0,0,0,0,0,0,0,0,0,0,0,0,0,0,0,0,0,0,0,0,0,0,0,0,0,0,0,0,0,0,0,0,0,0,0,0,0,809,0
2021-07-18,NV,1141,0,0,0,0,0,0,0,0,0,0,0,0,0,0,0,0,0,0,0,0,242,0,0,0,0,0,0,0,0,0,0,0,0,0,0,0,0,0,0,0,0,0,0,0,0,0,0,0,0,0,0,0,0,0,0,0,0,0,0,0,0,0,0,0,0,0,0,0,0,0,0,0,0,0,0,0,0,0,0,0,0,0,0,0,0,0,0,0,0,0,0,0,0,0,0,0,0,0,0,0,0,0,0,0,0,0,0,0,0,0,0,0,0,0,0,0,0,0,0,0,0,0,0,0,899,0
2021-07-19,NV,1244,0,0,0,0,0,0,0,0,0,0,0,0,0,0,0,0,0,0,0,0,253,0,0,0,0,0,0,0,0,0,0,0,0,0,0,0,0,0,0,0,0,0,0,0,0,0,0,0,0,0,0,0,0,0,0,0,0,0,0,0,0,0,0,0,0,0,0,0,0,0,0,0,0,0,0,0,0,0,0,0,0,0,0,0,0,0,0,0,0,0,0,0,0,0,0,0,0,0,0,0,0,0,0,0,0,0,0,0,0,0,0,0,0,0,0,0,0,0,0,0,0,0,0,0,990,0
2021-07-20,NV,1347,0,0,0,0,0,0,0,0,0,0,0,0,0,0,0,0,0,0,0,0,263,0,0,0,0,0,0,0,0,0,0,0,0,0,0,0,0,0,0,0,0,0,0,0,0,0,0,0,0,0,0,0,0,0,0,0,0,0,0,0,0,0,0,0,0,0,0,0,0,0,0,0,0,0,0,0,0,0,0,0,0,0,0,0,0,0,0,0,0,0,0,0,0,0,0,0,0,0,0,0,0,0,0,0,0,0,0,0,0,0,0,0,0,0,0,0,0,0,0,0,0,0,0,0,1083,0
2021-07-21,NV,1449,0,0,0,0,0,0,0,0,0,0,0,0,0,0,0,0,0,0,0,0,271,0,0,0,0,0,0,0,0,0,0,0,0,0,0,0,0,0,0,0,0,0,0,0,0,0,0,0,0,0,0,0,0,0,0,0,0,0,0,0,0,0,0,0,0,0,0,0,0,0,0,0,0,0,0,0,0,0,0,0,0,0,0,0,0,0,0,0,0,0,0,0,0,0,0,0,0,0,0,0,0,0,0,0,0,0,0,0,0,0,0,0,0,0,0,0,0,0,0,0,0,0,0,0,1178,0
2021-07-22,NV,1552,0,0,0,0,0,0,0,0,0,0,0,0,0,0,0,0,0,0,0,0,277,0,0,0,0,0,0,0,0,0,0,0,0,0,0,0,0,0,0,0,0,0,0,0,0,0,0,0,0,0,0,0,0,0,0,0,0,0,0,0,0,0,0,0,0,0,0,0,0,0,0,0,0,0,0,0,0,0,0,0,0,0,0,0,0,0,0,0,0,0,0,0,0,0,0,0,0,0,0,0,0,0,0,0,0,0,0,0,0,0,0,0,0,0,0,0,0,0,0,0,0,0,0,0,1275,0
2021-07-23,NV,1655,0,0,0,0,0,0,0,0,0,0,0,0,0,0,0,0,0,0,0,0,281,0,0,0,0,0,0,0,0,0,0,0,0,0,0,0,0,0,0,0,0,0,0,0,0,0,0,0,0,0,0,0,0,0,0,0,0,0,0,0,0,0,0,0,0,0,0,0,0,0,0,0,0,0,0,0,0,0,0,0,0,0,0,0,0,0,0,0,0,0,0,0,0,0,0,0,0,0,0,0,0,0,0,0,0,0,0,0,0,0,0,0,0,0,0,0,0,0,0,0,0,0,0,0,1373,0
2021-07-24,NV,1758,0,0,0,0,0,0,0,0,0,0,0,0,0,0,0,0,0,0,0,0,284,0,0,0,0,0,0,0,0,0,0,0,0,0,0,0,0,0,0,0,0,0,0,0,0,0,0,0,0,0,0,0,0,0,0,0,0,0,0,0,0,0,0,0,0,0,0,0,0,0,0,0,0,0,0,0,0,0,0,0,0,0,0,0,0,0,0,0,0,0,0,0,0,0,0,0,0,0,0,0,0,0,0,0,0,0,0,0,0,0,0,0,0,0,0,0,0,0,0,0,0,0,0,0,1473,0
2021-07-25,NV,1893,0,0,0,0,0,0,0,0,0,0,0,0,0,0,0,0,0,0,0,0,290,0,0,0,0,0,0,0,0,0,0,0,0,0,0,0,0,0,0,0,0,0,0,0,0,0,0,0,0,0,0,0,0,0,0,0,0,0,0,0,0,0,0,0,0,0,0,0,0,0,0,0,0,0,0,0,0,0,0,0,0,1,0,0,0,0,0,0,0,0,0,0,0,0,0,0,0,0,0,0,0,0,0,0,0,0,0,0,0,0,0,0,0,0,0,0,0,0,0,0,0,0,0,0,1603,0
2021-07-26,NV,2029,0,0,0,0,0,0,0,0,0,0,0,0,0,0,0,0,0,0,0,0,294,0,0,0,0,0,0,0,0,0,0,0,0,0,0,0,0,0,0,0,0,0,0,0,0,0,0,0,0,0,0,0,0,0,0,0,0,0,0,0,0,0,0,0,0,0,0,0,0,0,0,0,0,0,0,0,0,0,0,0,0,1,0,0,0,0,0,0,0,0,0,0,0,0,0,0,0,0,0,0,0,0,0,0,0,0,0,0,0,0,0,0,0,0,0,0,0,0,0,0,0,0,0,0,1735,0
2021-07-27,NV,2165,0,0,0,0,0,0,0,0,0,0,0,0,0,0,0,0,0,0,0,0,295,0,0,0,0,0,0,0,0,0,0,0,0,0,0,0,0,0,0,0,0,0,0,0,0,0,0,0,0,0,0,0,0,0,0,0,0,0,0,0,0,0,0,0,0,0,0,0,0,0,0,0,0,0,0,0,0,0,0,0,0,1,0,0,0,0,0,0,0,0,0,0,0,0,0,0,0,0,0,0,0,0,0,0,0,0,0,0,0,0,0,0,0,0,0,0,0,0,0,0,0,0,0,0,1869,0
2021-07-28,NV,2301,0,0,0,0,0,0,0,0,0,0,0,0,0,0,0,0,0,0,0,0,294,0,0,0,0,0,0,0,0,0,0,0,0,0,0,0,0,0,0,0,0,0,0,0,0,0,0,0,0,0,0,0,0,0,0,0,0,0,0,0,0,0,0,0,0,0,0,0,0,0,0,0,0,0,0,0,0,0,0,0,0,1,0,0,0,0,0,0,0,0,0,0,0,0,0,0,0,0,0,0,0,0,0,0,0,0,0,0,0,0,0,0,0,0,0,0,0,0,0,0,0,0,0,0,2006,0
2021-07-29,NV,2437,0,0,0,0,0,0,0,0,0,0,0,0,0,0,0,0,0,0,0,0,291,0,0,0,0,0,0,0,0,0,0,0,0,0,0,0,0,0,0,0,0,0,0,0,0,0,0,0,0,0,0,0,0,0,0,0,0,0,0,0,0,0,0,0,0,0,0,0,0,0,0,0,0,0,0,0,0,0,0,0,0,1,0,0,0,0,0,0,0,0,0,0,0,0,0,0,0,0,0,0,0,0,0,0,0,0,0,0,0,0,0,0,0,0,0,0,0,0,0,0,0,0,0,0,2145,0
2021-07-30,NV,2573,0,0,0,0,0,0,0,0,0,0,0,0,0,0,0,0,0,0,0,0,286,0,0,0,0,0,0,0,0,0,0,0,0,0,0,0,0,0,0,0,0,0,0,0,0,0,0,0,0,0,0,0,0,0,0,0,0,0,0,0,0,0,0,0,0,0,0,0,0,0,0,0,0,0,0,0,0,0,0,0,0,1,0,0,0,0,0,0,0,0,0,0,0,0,0,0,0,0,0,0,0,0,0,0,0,0,0,0,0,0,0,0,0,0,0,0,0,0,0,0,0,0,0,0,2286,0
2021-07-31,NV,2709,0,0,0,0,0,0,0,0,0,0,0,0,0,0,0,0,0,0,0,0,278,0,0,0,0,0,0,0,0,0,0,0,0,0,0,0,0,0,0,0,0,0,0,0,0,0,0,0,0,0,0,0,0,0,0,0,0,0,0,0,0,0,0,0,0,0,0,0,0,0,0,0,0,0,0,0,0,0,0,0,0,1,0,0,0,0,0,0,0,0,0,0,0,0,0,0,0,0,0,0,0,0,0,0,0,0,0,0,0,0,0,0,0,0,0,0,0,0,0,0,0,0,0,0,2430,0
2021-08-01,NV,2823,0,0,0,0,0,0,0,0,0,0,0,0,0,0,0,0,0,0,0,0,266,0,0,0,0,0,0,0,0,0,0,0,0,0,0,0,0,0,0,0,0,0,0,0,0,0,0,0,0,0,0,0,0,0,0,0,0,0,0,0,0,0,0,0,0,0,0,0,0,0,0,0,0,0,0,0,0,0,0,0,0,1,0,0,0,0,0,0,0,0,0,0,0,0,0,0,0,0,0,0,0,0,0,0,0,0,0,0,0,0,0,0,0,0,0,0,0,0,0,0,0,0,0,0,2557,0
2021-08-02,NV,2938,0,0,0,0,0,0,0,0,0,0,0,0,0,0,0,0,0,0,0,0,252,0,0,0,0,0,0,0,0,0,0,0,0,0,0,0,0,0,0,0,0,0,0,0,0,0,0,0,0,0,0,0,0,0,0,0,0,0,0,0,0,0,0,0,0,0,0,0,0,0,0,0,0,0,0,0,0,0,0,0,0,1,0,0,0,0,0,0,0,0,0,0,0,0,0,0,0,0,0,0,0,0,0,0,0,0,0,0,0,0,0,0,0,0,0,0,0,0,0,0,0,0,0,0,2685,0
2021-08-03,NV,3053,0,0,0,0,0,0,0,0,0,0,0,0,0,0,0,0,0,0,0,0,236,0,0,0,0,0,0,0,0,0,0,0,0,0,0,0,0,0,0,0,0,0,0,0,0,0,0,0,0,0,0,0,0,0,0,0,0,0,0,0,0,0,0,0,0,0,0,0,0,0,0,0,0,0,0,0,0,0,0,0,0,1,0,0,0,0,0,0,0,0,0,0,0,0,0,0,0,0,0,0,0,0,0,0,0,0,0,0,0,0,0,0,0,0,0,0,0,0,0,0,0,0,0,0,2816,0
2021-08-04,NV,3167,0,0,0,0,0,0,0,0,0,0,0,0,0,0,0,0,0,0,0,0,218,0,0,0,0,0,0,0,0,0,0,0,0,0,0,0,0,0,0,0,0,0,0,0,0,0,0,0,0,0,0,0,0,0,0,0,0,0,0,0,0,0,0,0,0,0,0,0,0,0,0,0,0,0,0,0,0,0,0,0,0,1,0,0,0,0,0,0,0,0,0,0,0,0,0,0,0,0,0,0,0,0,0,0,0,0,0,0,0,0,0,0,0,0,0,0,0,0,0,0,0,0,0,0,2948,0
2021-08-05,NV,3282,0,0,0,0,0,0,0,0,0,0,0,0,0,0,0,0,0,0,0,0,199,0,0,0,0,0,0,0,0,0,0,0,0,0,0,0,0,0,0,0,0,0,0,0,0,0,0,0,0,0,0,0,0,0,0,0,0,0,0,0,0,0,0,0,0,0,0,0,0,0,0,0,0,0,0,0,0,0,0,0,0,1,0,0,0,0,0,0,0,0,0,0,0,0,0,0,0,0,0,0,0,0,0,0,0,0,0,0,0,0,0,0,0,0,0,0,0,0,0,0,0,0,0,0,3083,0
2021-08-06,NV,3397,0,0,0,0,0,0,0,0,0,0,0,0,0,0,0,0,0,0,0,0,177,0,0,0,0,0,0,0,0,0,0,0,0,0,0,0,0,0,0,0,0,0,0,0,0,0,0,0,0,0,0,0,0,0,0,0,0,0,0,0,0,0,0,0,0,0,0,0,0,0,0,0,0,0,0,0,0,0,0,0,0,1,0,0,0,0,0,0,0,0,0,0,0,0,0,0,0,0,0,0,0,0,0,0,0,0,0,0,0,0,0,0,0,0,0,0,0,0,0,0,0,0,0,0,3219,0
2021-08-07,NV,3512,0,0,0,0,0,0,0,0,0,0,0,0,0,0,0,0,0,0,0,0,153,0,0,0,0,0,0,0,0,0,0,0,0,0,0,0,0,0,0,0,0,0,0,0,0,0,0,0,0,0,0,0,0,0,0,0,0,0,0,0,0,0,0,0,0,0,0,0,0,0,0,0,0,0,0,0,0,0,0,0,0,1,0,0,0,0,0,0,0,0,0,0,0,0,0,0,0,0,0,0,0,0,0,0,0,0,0,0,0,0,0,0,0,0,0,0,0,0,0,0,0,0,0,0,3357,0
2021-08-08,NV,3564,0,0,0,0,0,0,0,0,0,0,0,0,0,0,0,0,0,0,0,0,151,0,0,0,0,0,0,0,0,0,0,0,0,0,0,0,0,0,0,0,0,0,0,0,0,0,0,0,0,0,0,0,0,0,0,0,0,0,0,0,0,0,0,0,0,0,0,0,0,0,0,0,0,0,0,0,0,0,0,0,0,1,0,0,0,0,0,0,0,0,0,0,0,0,0,0,0,0,0,0,0,0,0,0,0,0,0,0,0,0,0,0,0,0,0,0,0,0,0,0,0,0,0,0,3412,0
2021-08-09,NV,3616,0,0,0,0,0,0,0,0,0,0,0,0,0,0,0,0,0,0,0,0,149,0,0,0,0,0,0,0,0,0,0,0,0,0,0,0,0,0,0,0,0,0,0,0,0,0,0,0,0,0,0,0,0,0,0,0,0,0,0,0,0,0,0,0,0,0,0,0,0,0,0,0,0,0,0,0,0,0,0,0,0,1,0,0,0,0,0,0,0,0,0,0,0,0,0,0,0,0,0,0,0,0,0,0,0,0,0,0,0,0,0,0,0,0,0,0,0,0,0,0,0,0,0,0,3466,0
2021-08-10,NV,3669,0,0,0,0,0,0,0,0,0,0,0,0,0,0,0,0,0,0,0,0,147,0,0,0,0,0,0,0,0,0,0,0,0,0,0,0,0,0,0,0,0,0,0,0,0,0,0,0,0,0,0,0,0,0,0,0,0,0,0,0,0,0,0,0,0,0,0,0,0,0,0,0,0,0,0,0,0,0,0,0,0,1,0,0,0,0,0,0,0,0,0,0,0,0,0,0,0,0,0,0,0,0,0,0,0,0,0,0,0,0,0,0,0,0,0,0,0,0,0,0,0,0,0,0,3520,0
2021-08-11,NV,3721,0,0,0,0,0,0,0,0,0,0,0,0,0,0,0,0,0,0,0,0,145,0,0,0,0,0,0,0,0,0,0,0,0,0,0,0,0,0,0,0,0,0,0,0,0,0,0,0,0,0,0,0,0,0,0,0,0,0,0,0,0,0,0,0,0,0,0,0,0,0,0,0,0,0,0,0,0,0,0,0,0,1,0,0,0,0,0,0,0,0,0,0,0,0,0,0,0,0,0,0,0,0,0,0,0,0,0,0,0,0,0,0,0,0,0,0,0,0,0,0,0,0,0,0,3575,0
2021-08-12,NV,3774,0,0,0,0,0,0,0,0,0,0,0,0,0,0,0,0,0,0,0,0,143,0,0,0,0,0,0,0,0,0,0,0,0,0,0,0,0,0,0,0,0,0,0,0,0,0,0,0,0,0,0,0,0,0,0,0,0,0,0,0,0,0,0,0,0,0,0,0,0,0,0,0,0,0,0,0,0,0,0,0,0,1,0,0,0,0,0,0,0,0,0,0,0,0,0,0,0,0,0,0,0,0,0,0,0,0,0,0,0,0,0,0,0,0,0,0,0,0,0,0,0,0,0,0,3630,0
2021-08-13,NV,3826,0,0,0,0,0,0,0,0,0,0,0,0,0,0,0,0,0,0,0,0,141,0,0,0,0,0,0,0,0,0,0,0,0,0,0,0,0,0,0,0,0,0,0,0,0,0,0,0,0,0,0,0,0,0,0,0,0,0,0,0,0,0,0,0,0,0,0,0,0,0,0,0,0,0,0,0,0,0,0,0,0,1,0,0,0,0,0,0,0,0,0,0,0,0,0,0,0,0,0,0,0,0,0,0,0,0,0,0,0,0,0,0,0,0,0,0,0,0,0,0,0,0,0,0,3684,0
2021-08-14,NV,3878,0,0,0,0,0,0,0,0,0,0,0,0,0,0,0,0,0,0,0,0,138,0,0,0,0,0,0,0,0,0,0,0,0,0,0,0,0,0,0,0,0,0,0,0,0,0,0,0,0,0,0,0,0,0,0,0,0,0,0,0,0,0,0,0,0,0,0,0,0,0,0,0,0,0,0,0,0,0,0,0,0,1,0,0,0,0,0,0,0,0,0,0,0,0,0,0,0,0,0,0,0,0,0,0,0,0,0,0,0,0,0,0,0,0,0,0,0,0,0,0,0,0,0,0,3739,0
2021-08-15,NV,3931,0,0,0,0,0,0,0,0,0,0,0,0,0,0,0,0,0,0,0,0,136,0,0,0,0,0,0,0,0,0,0,0,0,0,0,0,0,0,0,0,0,0,0,0,0,0,0,0,0,0,0,0,0,0,0,0,0,0,0,0,0,0,0,0,0,0,0,0,0,0,0,0,0,0,0,0,0,0,0,0,0,1,0,0,0,0,0,0,0,0,0,0,0,0,0,0,0,0,0,0,0,0,0,0,0,0,0,0,0,0,0,0,0,0,0,0,0,0,0,0,0,0,0,0,3795,0
2021-08-16,NV,3984,0,0,0,0,0,0,0,0,0,0,0,0,0,0,0,0,0,0,0,0,133,0,0,0,0,0,0,0,0,0,0,0,0,0,0,0,0,0,0,0,0,0,0,0,0,0,0,0,0,0,0,0,0,0,0,0,0,0,0,0,0,0,0,0,0,0,0,0,0,0,0,0,0,0,0,0,0,0,0,0,0,1,0,0,0,0,0,0,0,0,0,0,0,0,0,0,0,0,0,0,0,0,0,0,0,0,0,0,0,0,0,0,0,0,0,0,0,0,0,0,0,0,0,0,3850,0
2021-08-17,NV,4037,0,0,0,0,0,0,0,0,0,0,0,0,0,0,0,0,0,0,0,0,130,0,0,0,0,0,0,0,0,0,0,0,0,0,0,0,0,0,0,0,0,0,0,0,0,0,0,0,0,0,0,0,0,0,0,0,0,0,0,0,0,0,0,0,0,0,0,0,0,0,0,0,0,0,0,0,0,0,0,0,0,1,0,0,0,0,0,0,0,0,0,0,0,0,0,0,0,0,0,0,0,0,0,0,0,0,0,0,0,0,0,0,0,0,0,0,0,0,0,0,0,0,0,0,3906,0
2021-08-18,NV,4090,0,0,0,0,0,0,0,0,0,0,0,0,0,0,0,0,0,0,0,0,127,0,0,0,0,0,0,0,0,0,0,0,0,0,0,0,0,0,0,0,0,0,0,0,0,0,0,0,0,0,0,0,0,0,0,0,0,0,0,0,0,0,0,0,0,0,0,0,0,0,0,0,0,0,0,0,0,0,0,0,0,1,0,0,0,0,0,0,0,0,0,0,0,0,0,0,0,0,0,0,0,0,0,0,0,0,0,0,0,0,0,0,0,0,0,0,0,0,0,0,0,0,0,0,3962,0
2021-08-19,NV,4142,0,0,0,0,0,0,0,0,0,0,0,0,0,0,0,0,0,0,0,0,124,0,0,0,0,0,0,0,0,0,0,0,0,0,0,0,0,0,0,0,0,0,0,0,0,0,0,0,0,0,0,0,0,0,0,0,0,0,0,0,0,0,0,0,0,0,0,0,0,0,0,0,0,0,0,0,0,0,0,0,0,1,0,0,0,0,0,0,0,0,0,0,0,0,0,0,0,0,0,0,0,0,0,0,0,0,0,0,0,0,0,0,0,0,0,0,0,0,0,0,0,0,0,0,4018,0
2021-08-20,NV,4195,0,0,0,0,0,0,0,0,0,0,0,0,0,0,0,0,0,0,0,0,121,0,0,0,0,0,0,0,0,0,0,0,0,0,0,0,0,0,0,0,0,0,0,0,0,0,0,0,0,0,0,0,0,0,0,0,0,0,0,0,0,0,0,0,0,0,0,0,0,0,0,0,0,0,0,0,0,0,0,0,0,1,0,0,0,0,0,0,0,0,0,0,0,0,0,0,0,0,0,0,0,0,0,0,0,0,0,0,0,0,0,0,0,0,0,0,0,0,0,0,0,0,0,0,4074,0
2021-08-21,NV,4248,0,0,0,0,0,0,0,0,0,0,0,0,0,0,0,0,0,0,0,0,117,0,0,0,0,0,0,0,0,0,0,0,0,0,0,0,0,0,0,0,0,0,0,0,0,0,0,0,0,0,0,0,0,0,0,0,0,0,0,0,0,0,0,0,0,0,0,0,0,0,0,0,0,0,0,0,0,0,0,0,0,1,0,0,0,0,0,0,0,0,0,0,0,0,0,0,0,0,0,0,0,0,0,0,0,0,0,0,0,0,0,0,0,0,0,0,0,0,0,0,0,0,0,0,4130,0
2021-08-22,NV,4441,0,0,0,0,0,0,0,0,0,0,0,0,0,0,0,0,0,0,0,0,118,0,0,0,0,0,0,0,0,0,0,0,0,0,0,0,0,0,0,0,0,0,0,0,0,0,0,0,0,0,0,0,0,0,0,0,0,0,0,0,0,0,0,0,0,0,0,0,0,0,0,0,0,0,0,0,0,0,0,0,0,1,0,0,0,0,0,0,0,0,0,0,0,0,0,0,0,0,0,0,0,0,0,0,0,0,0,0,0,0,0,0,0,0,0,0,0,0,0,0,0,0,0,0,4322,0
2021-08-23,NV,4633,0,0,0,0,0,0,0,0,0,0,0,0,0,0,0,0,0,0,0,0,117,0,0,0,0,0,0,0,0,0,0,0,0,0,0,0,0,0,0,0,0,0,0,0,0,0,0,0,0,0,0,0,0,0,0,0,0,0,0,0,0,0,0,0,0,0,0,0,0,0,0,0,0,0,0,0,0,0,0,0,0,0,0,0,0,0,0,0,0,0,0,0,0,0,0,0,0,0,0,0,0,0,0,0,0,0,0,0,0,0,0,0,0,0,0,0,0,0,0,0,0,0,0,0,4515,0
2021-08-24,NV,4826,0,0,0,0,0,0,0,0,0,0,0,0,0,0,0,0,0,0,0,0,117,0,0,0,0,0,0,0,0,0,0,0,0,0,0,0,0,0,0,0,0,0,0,0,0,0,0,0,0,0,0,0,0,0,0,0,0,0,0,0,0,0,0,0,0,0,0,0,0,0,0,0,0,0,0,0,0,0,0,0,0,0,0,0,0,0,0,0,0,0,0,0,0,0,0,0,0,0,0,0,0,0,0,0,0,0,0,0,0,0,0,0,0,0,0,0,0,0,0,0,0,0,0,0,4708,0
2021-08-25,NV,5019,0,0,0,0,0,0,0,0,0,0,0,0,0,0,0,0,0,0,0,0,116,0,0,0,0,0,0,0,0,0,0,0,0,0,0,0,0,0,0,0,0,0,0,0,0,0,0,0,0,0,0,0,0,0,0,0,0,0,0,0,0,0,0,0,0,0,0,0,0,0,0,0,0,0,0,0,0,0,0,0,0,0,0,0,0,0,0,0,0,0,0,0,0,0,0,0,0,0,0,0,0,0,0,0,0,0,0,0,0,0,0,0,0,0,0,0,0,0,0,0,0,0,0,0,4902,0
2021-08-26,NV,5211,0,0,0,0,0,0,0,0,0,0,0,0,0,0,0,0,0,0,0,0,114,0,0,0,0,0,0,0,0,0,0,0,0,0,0,0,0,0,0,0,0,0,0,0,0,0,0,0,0,0,0,0,0,0,0,0,0,0,0,0,0,0,0,0,0,0,0,0,0,0,0,0,0,0,0,0,0,0,0,0,0,0,0,0,0,0,0,0,0,0,0,0,0,0,0,0,0,0,0,0,0,0,0,0,0,0,0,0,0,0,0,0,0,0,0,0,0,0,0,0,0,0,0,0,5096,0
2021-08-27,NV,5404,0,0,0,0,0,0,0,0,0,0,0,0,0,0,0,0,0,0,0,0,112,0,0,0,0,0,0,0,0,0,0,0,0,0,0,0,0,0,0,0,0,0,0,0,0,0,0,0,0,0,0,0,0,0,0,0,0,0,0,0,0,0,0,0,0,0,0,0,0,0,0,0,0,0,0,0,0,0,0,0,0,0,0,0,0,0,0,0,0,0,0,0,0,0,0,0,0,0,0,0,0,0,0,0,0,0,0,0,0,0,0,0,0,0,0,0,0,0,0,0,0,0,0,0,5291,0
2021-08-28,NV,5596,0,0,0,0,0,0,0,0,0,0,0,0,0,0,0,0,0,0,0,0,110,0,0,0,0,0,0,0,0,0,0,0,0,0,0,0,0,0,0,0,0,0,0,0,0,0,0,0,0,0,0,0,0,0,0,0,0,0,0,0,0,0,0,0,0,0,0,0,0,0,0,0,0,0,0,0,0,0,0,0,0,0,0,0,0,0,0,0,0,0,0,0,0,0,0,0,0,0,0,0,0,0,0,0,0,0,0,0,0,0,0,0,0,0,0,0,0,0,0,0,0,0,0,0,5486,0
2021-08-29,NV,5731,0,0,0,0,0,0,0,0,0,0,0,0,0,0,0,0,0,0,0,0,106,0,0,0,0,0,0,0,0,0,0,0,0,0,0,0,0,0,0,0,0,0,0,0,0,0,0,0,0,0,0,0,0,0,0,0,0,0,0,0,0,0,0,0,0,0,0,0,0,0,0,0,0,0,0,0,0,0,0,0,0,0,0,0,0,0,0,0,0,0,0,0,0,0,0,0,0,0,0,0,0,0,0,0,0,0,0,0,0,0,0,0,0,0,0,0,0,0,0,0,0,0,0,0,5624,0
2021-08-30,NV,5865,0,0,0,0,0,0,0,0,0,0,0,0,0,0,0,0,0,0,0,0,102,0,0,0,0,0,0,0,0,0,0,0,0,0,0,0,0,0,0,0,0,0,0,0,0,0,0,0,0,0,0,0,0,0,0,0,0,0,0,0,0,0,0,0,0,0,0,0,0,0,0,0,0,0,0,0,0,0,0,0,0,0,0,0,0,0,0,0,0,0,0,0,0,0,0,0,0,0,0,0,0,0,0,0,0,0,0,0,0,0,0,0,0,0,0,0,0,0,0,0,0,0,0,0,5763,0
2021-08-31,NV,5999,0,0,0,0,0,0,0,0,0,0,0,0,0,0,0,0,0,0,0,0,97,0,0,0,0,0,0,0,0,0,0,0,0,0,0,0,0,0,0,0,0,0,0,0,0,0,0,0,0,0,0,0,0,0,0,0,0,0,0,0,0,0,0,0,0,0,0,0,0,0,0,0,0,0,0,0,0,0,0,0,0,0,0,0,0,0,0,0,0,0,0,0,0,0,0,0,0,0,0,0,0,0,0,0,0,0,0,0,0,0,0,0,0,0,0,0,0,0,0,0,0,0,0,0,5901,0
2021-09-01,NV,6134,0,0,0,0,0,0,0,0,0,0,0,0,0,0,0,0,0,0,0,0,92,0,0,0,0,0,0,0,0,0,0,0,0,0,0,0,0,0,0,0,0,0,0,0,0,0,0,0,0,0,0,0,0,0,0,0,0,0,0,0,0,0,0,0,0,0,0,0,0,0,0,0,0,0,0,0,0,0,0,0,0,0,0,0,0,0,0,0,0,0,0,0,0,0,0,0,0,0,0,0,0,0,0,0,0,0,0,0,0,0,0,0,0,0,0,0,0,0,0,0,0,0,0,0,6041,0
2021-09-02,NV,6268,0,0,0,0,0,0,0,0,0,0,0,0,0,0,0,0,0,0,0,0,87,0,0,0,0,0,0,0,0,0,0,0,0,0,0,0,0,0,0,0,0,0,0,0,0,0,0,0,0,0,0,0,0,0,0,0,0,0,0,0,0,0,0,0,0,0,0,0,0,0,0,0,0,0,0,0,0,0,0,0,0,0,0,0,0,0,0,0,0,0,0,0,0,0,0,0,0,0,0,0,0,0,0,0,0,0,0,0,0,0,0,0,0,0,0,0,0,0,0,0,0,0,0,0,6180,0
2021-09-03,NV,6402,0,0,0,0,0,0,0,0,0,0,0,0,0,0,0,0,0,0,0,0,82,0,0,0,0,0,0,0,0,0,0,0,0,0,0,0,0,0,0,0,0,0,0,0,0,0,0,0,0,0,0,0,0,0,0,0,0,0,0,0,0,0,0,0,0,0,0,0,0,0,0,0,0,0,0,0,0,0,0,0,0,0,0,0,0,0,0,0,0,0,0,0,0,0,0,0,0,0,0,0,0,0,0,0,0,0,0,0,0,0,0,0,0,0,0,0,0,0,0,0,0,0,0,0,6320,0
2021-09-04,NV,6536,0,0,0,0,0,0,0,0,0,0,0,0,0,0,0,0,0,0,0,0,76,0,0,0,0,0,0,0,0,0,0,0,0,0,0,0,0,0,0,0,0,0,0,0,0,0,0,0,0,0,0,0,0,0,0,0,0,0,0,0,0,0,0,0,0,0,0,0,0,0,0,0,0,0,0,0,0,0,0,0,0,0,0,0,0,0,0,0,0,0,0,0,0,0,0,0,0,0,0,0,0,0,0,0,0,0,0,0,0,0,0,0,0,0,0,0,0,0,0,0,0,0,0,0,6460,0
2021-09-05,NV,6454,0,0,0,0,0,0,0,0,0,0,0,0,0,0,0,0,0,0,0,0,76,0,0,0,0,0,0,0,0,0,0,0,0,0,0,0,0,0,0,0,0,0,0,0,0,0,0,0,0,0,0,0,0,0,0,0,0,0,0,0,0,0,0,0,0,0,0,0,0,0,0,0,0,0,0,0,0,0,0,0,0,0,0,0,0,0,0,0,0,0,0,0,0,0,0,0,0,0,0,0,0,0,0,0,0,0,0,0,0,0,0,0,0,0,0,0,0,0,0,0,0,0,0,0,6378,0
2021-09-06,NV,6372,0,0,0,0,0,0,0,0,0,0,0,0,0,0,0,0,0,0,0,0,75,0,0,0,0,0,0,0,0,0,0,0,0,0,0,0,0,0,0,0,0,0,0,0,0,0,0,0,0,0,0,0,0,0,0,0,0,0,0,0,0,0,0,0,0,0,0,0,0,0,0,0,0,0,0,0,0,0,0,0,0,0,0,0,0,0,0,0,0,0,0,0,0,0,0,0,0,0,0,0,0,0,0,0,0,0,0,0,0,0,0,0,0,0,0,0,0,0,0,0,0,0,0,0,6297,0
2021-09-07,NV,6290,0,0,0,0,0,0,0,0,0,0,0,0,0,0,0,0,0,0,0,0,75,0,0,0,0,0,0,0,0,0,0,0,0,0,0,0,0,0,0,0,0,0,0,0,0,0,0,0,0,0,0,0,0,0,0,0,0,0,0,0,0,0,0,0,0,0,0,0,0,0,0,0,0,0,0,0,0,0,0,0,0,0,0,0,0,0,0,0,0,0,0,0,0,0,0,0,0,0,0,0,0,0,0,0,0,0,0,0,0,0,0,0,0,0,0,0,0,0,0,0,0,0,0,0,6215,0
2021-09-08,NV,6208,0,0,0,0,0,0,0,0,0,0,0,0,0,0,0,0,0,0,0,0,74,0,0,0,0,0,0,0,0,0,0,0,0,0,0,0,0,0,0,0,0,0,0,0,0,0,0,0,0,0,0,0,0,0,0,0,0,0,0,0,0,0,0,0,0,0,0,0,0,0,0,0,0,0,0,0,0,0,0,0,0,0,0,0,0,0,0,0,0,0,0,0,0,0,0,0,0,0,0,0,0,0,0,0,0,0,0,0,0,0,0,0,0,0,0,0,0,0,0,0,0,0,0,0,6134,0
2021-09-09,NV,6126,0,0,0,0,0,0,0,0,0,0,0,0,0,0,0,0,0,0,0,0,74,0,0,0,0,0,0,0,0,0,0,0,0,0,0,0,0,0,0,0,0,0,0,0,0,0,0,0,0,0,0,0,0,0,0,0,0,0,0,0,0,0,0,0,0,0,0,0,0,0,0,0,0,0,0,0,0,0,0,0,0,0,0,0,0,0,0,0,0,0,0,0,0,0,0,0,0,0,0,0,0,0,0,0,0,0,0,0,0,0,0,0,0,0,0,0,0,0,0,0,0,0,0,0,6052,0
2021-09-10,NV,6044,0,0,0,0,0,0,0,0,0,0,0,0,0,0,0,0,0,0,0,0,73,0,0,0,0,0,0,0,0,0,0,0,0,0,0,0,0,0,0,0,0,0,0,0,0,0,0,0,0,0,0,0,0,0,0,0,0,0,0,0,0,0,0,0,0,0,0,0,0,0,0,0,0,0,0,0,0,0,0,0,0,0,0,0,0,0,0,0,0,0,0,0,0,0,0,0,0,0,0,0,0,0,0,0,0,0,0,0,0,0,0,0,0,0,0,0,0,0,0,0,0,0,0,0,5971,0
2021-09-11,NV,5962,0,0,0,0,0,0,0,0,0,0,0,0,0,0,0,0,0,0,0,0,73,0,0,0,0,0,0,0,0,0,0,0,0,0,0,0,0,0,0,0,0,0,0,0,0,0,0,0,0,0,0,0,0,0,0,0,0,0,0,0,0,0,0,0,0,0,0,0,0,0,0,0,0,0,0,0,0,0,0,0,0,0,0,0,0,0,0,0,0,0,0,0,0,0,0,0,0,0,0,0,0,0,0,0,0,0,0,0,0,0,0,0,0,0,0,0,0,0,0,0,0,0,0,0,5889,0
2021-09-12,NV,5845,0,0,0,0,0,0,0,0,0,0,0,0,0,0,0,0,0,0,0,0,72,0,0,0,0,0,0,0,0,0,0,0,0,0,0,0,0,0,0,0,0,0,0,0,0,0,0,0,0,0,0,0,0,0,0,0,0,0,0,0,0,0,0,0,0,0,0,0,0,0,0,0,0,0,0,0,0,0,0,0,0,0,0,0,0,0,0,0,0,0,0,0,0,0,0,0,0,0,0,0,0,0,0,0,0,0,0,0,0,0,0,0,0,0,0,0,0,0,0,0,0,0,0,0,5773,0
2021-09-13,NV,5727,0,0,0,0,0,0,0,0,0,0,0,0,0,0,0,0,0,0,0,0,71,0,0,0,0,0,0,0,0,0,0,0,0,0,0,0,0,0,0,0,0,0,0,0,0,0,0,0,0,0,0,0,0,0,0,0,0,0,0,0,0,0,0,0,0,0,0,0,0,0,0,0,0,0,0,0,0,0,0,0,0,0,0,0,0,0,0,0,0,0,0,0,0,0,0,0,0,0,0,0,0,0,0,0,0,0,0,0,0,0,0,0,0,0,0,0,0,0,0,0,0,0,0,0,5656,0
2021-09-14,NV,5610,0,0,0,0,0,0,0,0,0,0,0,0,0,0,0,0,0,0,0,0,70,0,0,0,0,0,0,0,0,0,0,0,0,0,0,0,0,0,0,0,0,0,0,0,0,0,0,0,0,0,0,0,0,0,0,0,0,0,0,0,0,0,0,0,0,0,0,0,0,0,0,0,0,0,0,0,0,0,0,0,0,0,0,0,0,0,0,0,0,0,0,0,0,0,0,0,0,0,0,0,0,0,0,0,0,0,0,0,0,0,0,0,0,0,0,0,0,0,0,0,0,0,0,0,5540,0
2021-09-15,NV,5493,0,0,0,0,0,0,0,0,0,0,0,0,0,0,0,0,0,0,0,0,69,0,0,0,0,0,0,0,0,0,0,0,0,0,0,0,0,0,0,0,0,0,0,0,0,0,0,0,0,0,0,0,0,0,0,0,0,0,0,0,0,0,0,0,0,0,0,0,0,0,0,0,0,0,0,0,0,0,0,0,0,0,0,0,0,0,0,0,0,0,0,0,0,0,0,0,0,0,0,0,0,0,0,0,0,0,0,0,0,0,0,0,0,0,0,0,0,0,0,0,0,0,0,0,5423,0
2021-09-16,NV,5375,0,0,0,0,0,0,0,0,0,0,0,0,0,0,0,0,0,0,0,0,68,0,0,0,0,0,0,0,0,0,0,0,0,0,0,0,0,0,0,0,0,0,0,0,0,0,0,0,0,0,0,0,0,0,0,0,0,0,0,0,0,0,0,0,0,0,0,0,0,0,0,0,0,0,0,0,0,0,0,0,0,0,0,0,0,0,0,0,0,0,0,0,0,0,0,0,0,0,0,0,0,0,0,0,0,0,0,0,0,0,0,0,0,0,0,0,0,0,0,0,0,0,0,0,5307,0
2021-09-17,NV,5258,0,0,0,0,0,0,0,0,0,0,0,0,0,0,0,0,0,0,0,0,67,0,0,0,0,0,0,0,0,0,0,0,0,0,0,0,0,0,0,0,0,0,0,0,0,0,0,0,0,0,0,0,0,0,0,0,0,0,0,0,0,0,0,0,0,0,0,0,0,0,0,0,0,0,0,0,0,0,0,0,0,0,0,0,0,0,0,0,0,0,0,0,0,0,0,0,0,0,0,0,0,0,0,0,0,0,0,0,0,0,0,0,0,0,0,0,0,0,0,0,0,0,0,0,5190,0
2021-09-18,NV,5140,0,0,0,0,0,0,0,0,0,0,0,0,0,0,0,0,0,0,0,0,66,0,0,0,0,0,0,0,0,0,0,0,0,0,0,0,0,0,0,0,0,0,0,0,0,0,0,0,0,0,0,0,0,0,0,0,0,0,0,0,0,0,0,0,0,0,0,0,0,0,0,0,0,0,0,0,0,0,0,0,0,0,0,0,0,0,0,0,0,0,0,0,0,0,0,0,0,0,0,0,0,0,0,0,0,0,0,0,0,0,0,0,0,0,0,0,0,0,0,0,0,0,0,0,5074,0
2021-09-19,NV,5004,0,0,0,0,0,0,0,0,0,0,0,0,0,0,0,0,0,0,0,0,64,0,0,0,0,0,0,0,0,0,0,0,0,0,0,0,0,0,0,0,0,0,0,0,0,0,0,0,0,0,0,0,0,0,0,0,0,0,0,0,0,0,0,0,0,0,0,0,0,0,0,0,0,0,0,0,0,0,0,0,0,0,0,0,0,0,0,0,0,0,0,0,0,0,0,0,0,0,0,0,0,0,0,0,0,0,0,0,0,0,0,0,0,0,0,0,0,0,0,0,0,0,0,0,4939,0
2021-09-20,NV,4868,0,0,0,0,0,0,0,0,0,0,0,0,0,0,0,0,0,0,0,0,63,0,0,0,0,0,0,0,0,0,0,0,0,0,0,0,0,0,0,0,0,0,0,0,0,0,0,0,0,0,0,0,0,0,0,0,0,0,0,0,0,0,0,0,0,0,0,0,0,0,0,0,0,0,0,0,0,0,0,0,0,0,0,0,0,0,0,0,0,0,0,0,0,0,0,0,0,0,0,0,0,0,0,0,0,0,0,0,0,0,0,0,0,0,0,0,0,0,0,0,0,0,0,0,4804,0
2021-09-21,NV,4731,0,0,0,0,0,0,0,0,0,0,0,0,0,0,0,0,0,0,0,0,62,0,0,0,0,0,0,0,0,0,0,0,0,0,0,0,0,0,0,0,0,0,0,0,0,0,0,0,0,0,0,0,0,0,0,0,0,0,0,0,0,0,0,0,0,0,0,0,0,0,0,0,0,0,0,0,0,0,0,0,0,0,0,0,0,0,0,0,0,0,0,0,0,0,0,0,0,0,0,0,0,0,0,0,0,0,0,0,0,0,0,0,0,0,0,0,0,0,0,0,0,0,0,0,4669,0
2021-09-22,NV,4595,0,0,0,0,0,0,0,0,0,0,0,0,0,0,0,0,0,0,0,0,60,0,0,0,0,0,0,0,0,0,0,0,0,0,0,0,0,0,0,0,0,0,0,0,0,0,0,0,0,0,0,0,0,0,0,0,0,0,0,0,0,0,0,0,0,0,0,0,0,0,0,0,0,0,0,0,0,0,0,0,0,0,0,0,0,0,0,0,0,0,0,0,0,0,0,0,0,0,0,0,0,0,0,0,0,0,0,0,0,0,0,0,0,0,0,0,0,0,0,0,0,0,0,0,4534,0
2021-09-23,NV,4459,0,0,0,0,0,0,0,0,0,0,0,0,0,0,0,0,0,0,0,0,59,0,0,0,0,0,0,0,0,0,0,0,0,0,0,0,0,0,0,0,0,0,0,0,0,0,0,0,0,0,0,0,0,0,0,0,0,0,0,0,0,0,0,0,0,0,0,0,0,0,0,0,0,0,0,0,0,0,0,0,0,0,0,0,0,0,0,0,0,0,0,0,0,0,0,0,0,0,0,0,0,0,0,0,0,0,0,0,0,0,0,0,0,0,0,0,0,0,0,0,0,0,0,0,4399,0
2021-09-24,NV,4322,0,0,0,0,0,0,0,0,0,0,0,0,0,0,0,0,0,0,0,0,57,0,0,0,0,0,0,0,0,0,0,0,0,0,0,0,0,0,0,0,0,0,0,0,0,0,0,0,0,0,0,0,0,0,0,0,0,0,0,0,0,0,0,0,0,0,0,0,0,0,0,0,0,0,0,0,0,0,0,0,0,0,0,0,0,0,0,0,0,0,0,0,0,0,0,0,0,0,0,0,0,0,0,0,0,0,0,0,0,0,0,0,0,0,0,0,0,0,0,0,0,0,0,0,4264,0
2021-09-25,NV,4186,0,0,0,0,0,0,0,0,0,0,0,0,0,0,0,0,0,0,0,0,56,0,0,0,0,0,0,0,0,0,0,0,0,0,0,0,0,0,0,0,0,0,0,0,0,0,0,0,0,0,0,0,0,0,0,0,0,0,0,0,0,0,0,0,0,0,0,0,0,0,0,0,0,0,0,0,0,0,0,0,0,0,0,0,0,0,0,0,0,0,0,0,0,0,0,0,0,0,0,0,0,0,0,0,0,0,0,0,0,0,0,0,0,0,0,0,0,0,0,0,0,0,0,0,4130,0
2021-09-26,NV,4188,0,0,0,0,0,0,0,0,0,0,0,0,0,0,0,0,0,0,0,0,56,0,0,0,0,0,0,0,0,0,0,0,0,0,0,0,0,0,0,0,0,0,0,0,0,0,0,0,0,0,0,0,0,0,0,0,0,0,0,0,0,0,0,0,0,0,0,0,0,0,0,0,0,0,0,0,0,0,0,0,0,0,0,0,0,0,0,0,0,0,0,0,0,0,0,0,0,0,0,0,0,0,0,0,0,0,0,0,0,0,0,0,0,0,0,0,0,0,0,0,0,0,0,0,4132,0
2021-09-27,NV,4191,0,0,0,0,0,0,0,0,0,0,0,0,0,0,0,0,0,0,0,0,57,0,0,0,0,0,0,0,0,0,0,0,0,0,0,0,0,0,0,0,0,0,0,0,0,0,0,0,0,0,0,0,0,0,0,0,0,0,0,0,0,0,0,0,0,0,0,0,0,0,0,0,0,0,0,0,0,0,0,0,0,0,0,0,0,0,0,0,0,0,0,0,0,0,0,0,0,0,0,0,0,0,0,0,0,0,0,0,0,0,0,0,0,0,0,0,0,0,0,0,0,0,0,0,4134,0
2021-09-28,NV,4194,0,0,0,0,0,0,0,0,0,0,0,0,0,0,0,0,0,0,0,0,57,0,0,0,0,0,0,0,0,0,0,0,0,0,0,0,0,0,0,0,0,0,0,0,0,0,0,0,0,0,0,0,0,0,0,0,0,0,0,0,0,0,0,0,0,0,0,0,0,0,0,0,0,0,0,0,0,0,0,0,0,0,0,0,0,0,0,0,0,0,0,0,0,0,0,0,0,0,0,0,0,0,0,0,0,0,0,0,0,0,0,0,0,0,0,0,0,0,0,0,0,0,0,0,4136,0
2021-09-29,NV,4196,0,0,0,0,0,0,0,0,0,0,0,0,0,0,0,0,0,0,0,0,58,0,0,0,0,0,0,0,0,0,0,0,0,0,0,0,0,0,0,0,0,0,0,0,0,0,0,0,0,0,0,0,0,0,0,0,0,0,0,0,0,0,0,0,0,0,0,0,0,0,0,0,0,0,0,0,0,0,0,0,0,0,0,0,0,0,0,0,0,0,0,0,0,0,0,0,0,0,0,0,0,0,0,0,0,0,0,0,0,0,0,0,0,0,0,0,0,0,0,0,0,0,0,0,4138,0
2021-09-30,NV,4199,0,0,0,0,0,0,0,0,0,0,0,0,0,0,0,0,0,0,0,0,58,0,0,0,0,0,0,0,0,0,0,0,0,0,0,0,0,0,0,0,0,0,0,0,0,0,0,0,0,0,0,0,0,0,0,0,0,0,0,0,0,0,0,0,0,0,0,0,0,0,0,0,0,0,0,0,0,0,0,0,0,0,0,0,0,0,0,0,0,0,0,0,0,0,0,0,0,0,0,0,0,0,0,0,0,0,0,0,0,0,0,0,0,0,0,0,0,0,0,0,0,0,0,0,4140,0
2021-10-01,NV,4201,0,0,0,0,0,0,0,0,0,0,0,0,0,0,0,0,0,0,0,0,58,0,0,0,0,0,0,0,0,0,0,0,0,0,0,0,0,0,0,0,0,0,0,0,0,0,0,0,0,0,0,0,0,0,0,0,0,0,0,0,0,0,0,0,0,0,0,0,0,0,0,0,0,0,0,0,0,0,0,0,0,0,0,0,0,0,0,0,0,0,0,0,0,0,0,0,0,0,0,0,0,0,0,0,0,0,0,0,0,0,0,0,0,0,0,0,0,0,0,0,0,0,0,0,4143,0
2021-10-02,NV,4204,0,0,0,0,0,0,0,0,0,0,0,0,0,0,0,0,0,0,0,0,59,0,0,0,0,0,0,0,0,0,0,0,0,0,0,0,0,0,0,0,0,0,0,0,0,0,0,0,0,0,0,0,0,0,0,0,0,0,0,0,0,0,0,0,0,0,0,0,0,0,0,0,0,0,0,0,0,0,0,0,0,0,0,0,0,0,0,0,0,0,0,0,0,0,0,0,0,0,0,0,0,0,0,0,0,0,0,0,0,0,0,0,0,0,0,0,0,0,0,0,0,0,0,0,4145,0
2021-10-03,NV,4189,0,0,0,0,0,0,0,0,0,0,0,0,0,0,0,0,0,0,0,0,58,0,0,0,0,0,0,0,0,0,0,0,0,0,0,0,0,0,0,0,0,0,0,0,0,0,0,0,0,0,0,0,0,0,0,0,0,0,0,0,0,0,0,0,0,0,0,0,0,0,0,0,0,0,0,0,0,0,0,0,0,0,0,0,0,0,0,0,0,0,0,0,0,0,0,0,0,0,0,0,0,0,0,0,0,0,0,0,0,0,0,0,0,0,0,0,0,0,0,0,0,0,0,0,4131,0
2021-10-04,NV,4173,0,0,0,0,0,0,0,0,0,0,0,0,0,0,0,0,0,0,0,0,56,0,0,0,0,0,0,0,0,0,0,0,0,0,0,0,0,0,0,0,0,0,0,0,0,0,0,0,0,0,0,0,0,0,0,0,0,0,0,0,0,0,0,0,0,0,0,0,0,0,0,0,0,0,0,0,0,0,0,0,0,0,0,0,0,0,0,0,0,0,0,0,0,0,0,0,0,0,0,0,0,0,0,0,0,0,0,0,0,0,0,0,0,0,0,0,0,0,0,0,0,0,0,0,4117,0
2021-10-05,NV,4158,0,0,0,0,0,0,0,0,0,0,0,0,0,0,0,0,0,0,0,0,55,0,0,0,0,0,0,0,0,0,0,0,0,0,0,0,0,0,0,0,0,0,0,0,0,0,0,0,0,0,0,0,0,0,0,0,0,0,0,0,0,0,0,0,0,0,0,0,0,0,0,0,0,0,0,0,0,0,0,0,0,0,0,0,0,0,0,0,0,0,0,0,0,0,0,0,0,0,0,0,0,0,0,0,0,0,0,0,0,0,0,0,0,0,0,0,0,0,0,0,0,0,0,0,4103,0
2021-10-06,NV,4143,0,0,0,0,0,0,0,0,0,0,0,0,0,0,0,0,0,0,0,0,54,0,0,0,0,0,0,0,0,0,0,0,0,0,0,0,0,0,0,0,0,0,0,0,0,0,0,0,0,0,0,0,0,0,0,0,0,0,0,0,0,0,0,0,0,0,0,0,0,0,0,0,0,0,0,0,0,0,0,0,0,0,0,0,0,0,0,0,0,0,0,0,0,0,0,0,0,0,0,0,0,0,0,0,0,0,0,0,0,0,0,0,0,0,0,0,0,0,0,0,0,0,0,0,4089,0
2021-10-07,NV,4128,0,0,0,0,0,0,0,0,0,0,0,0,0,0,0,0,0,0,0,0,53,0,0,0,0,0,0,0,0,0,0,0,0,0,0,0,0,0,0,0,0,0,0,0,0,0,0,0,0,0,0,0,0,0,0,0,0,0,0,0,0,0,0,0,0,0,0,0,0,0,0,0,0,0,0,0,0,0,0,0,0,0,0,0,0,0,0,0,0,0,0,0,0,0,0,0,0,0,0,0,0,0,0,0,0,0,0,0,0,0,0,0,0,0,0,0,0,0,0,0,0,0,0,0,4075,0
2021-10-08,NV,4113,0,0,0,0,0,0,0,0,0,0,0,0,0,0,0,0,0,0,0,0,52,0,0,0,0,0,0,0,0,0,0,0,0,0,0,0,0,0,0,0,0,0,0,0,0,0,0,0,0,0,0,0,0,0,0,0,0,0,0,0,0,0,0,0,0,0,0,0,0,0,0,0,0,0,0,0,0,0,0,0,0,0,0,0,0,0,0,0,0,0,0,0,0,0,0,0,0,0,0,0,0,0,0,0,0,0,0,0,0,0,0,0,0,0,0,0,0,0,0,0,0,0,0,0,4061,0
2021-10-09,NV,4098,0,0,0,0,0,0,0,0,0,0,0,0,0,0,0,0,0,0,0,0,51,0,0,0,0,0,0,0,0,0,0,0,0,0,0,0,0,0,0,0,0,0,0,0,0,0,0,0,0,0,0,0,0,0,0,0,0,0,0,0,0,0,0,0,0,0,0,0,0,0,0,0,0,0,0,0,0,0,0,0,0,0,0,0,0,0,0,0,0,0,0,0,0,0,0,0,0,0,0,0,0,0,0,0,0,0,0,0,0,0,0,0,0,0,0,0,0,0,0,0,0,0,0,0,4047,0
2021-10-10,NV,4015,0,0,0,0,0,0,0,0,0,0,0,0,0,0,0,0,0,0,0,0,49,0,0,0,0,0,0,0,0,0,0,0,0,0,0,0,0,0,0,0,0,0,0,0,0,0,0,0,0,0,0,0,0,0,0,0,0,0,0,0,0,0,0,0,0,0,0,0,0,0,0,0,0,0,0,0,0,0,0,0,0,0,0,0,0,0,0,0,0,0,0,0,0,0,0,0,0,0,0,0,0,0,0,0,0,0,0,0,0,0,0,0,0,0,0,0,0,0,0,0,0,0,0,0,3966,0
2021-10-11,NV,3932,0,0,0,0,0,0,0,0,0,0,0,0,0,0,0,0,0,0,0,0,47,0,0,0,0,0,0,0,0,0,0,0,0,0,0,0,0,0,0,0,0,0,0,0,0,0,0,0,0,0,0,0,0,0,0,0,0,0,0,0,0,0,0,0,0,0,0,0,0,0,0,0,0,0,0,0,0,0,0,0,0,0,0,0,0,0,0,0,0,0,0,0,0,0,0,0,0,0,0,0,0,0,0,0,0,0,0,0,0,0,0,0,0,0,0,0,0,0,0,0,0,0,0,0,3885,0
2021-10-12,NV,3849,0,0,0,0,0,0,0,0,0,0,0,0,0,0,0,0,0,0,0,0,45,0,0,0,0,0,0,0,0,0,0,0,0,0,0,0,0,0,0,0,0,0,0,0,0,0,0,0,0,0,0,0,0,0,0,0,0,0,0,0,0,0,0,0,0,0,0,0,0,0,0,0,0,0,0,0,0,0,0,0,0,0,0,0,0,0,0,0,0,0,0,0,0,0,0,0,0,0,0,0,0,0,0,0,0,0,0,0,0,0,0,0,0,0,0,0,0,0,0,0,0,0,0,0,3804,0
2021-10-13,NV,3766,0,0,0,0,0,0,0,0,0,0,0,0,0,0,0,0,0,0,0,0,43,0,0,0,0,0,0,0,0,0,0,0,0,0,0,0,0,0,0,0,0,0,0,0,0,0,0,0,0,0,0,0,0,0,0,0,0,0,0,0,0,0,0,0,0,0,0,0,0,0,0,0,0,0,0,0,0,0,0,0,0,0,0,0,0,0,0,0,0,0,0,0,0,0,0,0,0,0,0,0,0,0,0,0,0,0,0,0,0,0,0,0,0,0,0,0,0,0,0,0,0,0,0,0,3722,0
2021-10-14,NV,3683,0,0,0,0,0,0,0,0,0,0,0,0,0,0,0,0,0,0,0,0,41,0,0,0,0,0,0,0,0,0,0,0,0,0,0,0,0,0,0,0,0,0,0,0,0,0,0,0,0,0,0,0,0,0,0,0,0,0,0,0,0,0,0,0,0,0,0,0,0,0,0,0,0,0,0,0,0,0,0,0,0,0,0,0,0,0,0,0,0,0,0,0,0,0,0,0,0,0,0,0,0,0,0,0,0,0,0,0,0,0,0,0,0,0,0,0,0,0,0,0,0,0,0,0,3641,0
2021-10-15,NV,3600,0,0,0,0,0,0,0,0,0,0,0,0,0,0,0,0,0,0,0,0,40,0,0,0,0,0,0,0,0,0,0,0,0,0,0,0,0,0,0,0,0,0,0,0,0,0,0,0,0,0,0,0,0,0,0,0,0,0,0,0,0,0,0,0,0,0,0,0,0,0,0,0,0,0,0,0,0,0,0,0,0,0,0,0,0,0,0,0,0,0,0,0,0,0,0,0,0,0,0,0,0,0,0,0,0,0,0,0,0,0,0,0,0,0,0,0,0,0,0,0,0,0,0,0,3560,0
2021-10-16,NV,3517,0,0,0,0,0,0,0,0,0,0,0,0,0,0,0,0,0,0,0,0,38,0,0,0,0,0,0,0,0,0,0,0,0,0,0,0,0,0,0,0,0,0,0,0,0,0,0,0,0,0,0,0,0,0,0,0,0,0,0,0,0,0,0,0,0,0,0,0,0,0,0,0,0,0,0,0,0,0,0,0,0,0,0,0,0,0,0,0,0,0,0,0,0,0,0,0,0,0,0,0,0,0,0,0,0,0,0,0,0,0,0,0,0,0,0,0,0,0,0,0,0,0,0,0,3479,0
2021-10-17,NV,3510,0,0,0,0,0,0,0,0,0,0,0,0,0,0,0,0,0,0,0,0,37,0,0,0,0,0,0,0,0,0,0,0,0,0,0,0,0,0,0,0,0,0,0,0,0,0,0,0,0,0,0,0,0,0,0,0,0,0,0,0,0,0,0,0,0,0,0,0,0,0,0,0,0,0,0,0,0,0,0,0,0,0,0,0,0,0,0,0,0,0,0,0,0,0,0,0,0,0,0,0,0,0,0,0,0,0,0,0,0,0,0,0,0,0,0,0,0,0,0,0,0,0,0,0,3473,0
2021-10-18,NV,3504,0,0,0,0,0,0,0,0,0,0,0,0,0,0,0,0,0,0,0,0,36,0,0,0,0,0,0,0,0,0,0,0,0,0,0,0,0,0,0,0,0,0,0,0,0,0,0,0,0,0,0,0,0,0,0,0,0,0,0,0,0,0,0,0,0,0,0,0,0,0,0,0,0,0,0,0,0,0,0,0,0,0,0,0,0,0,0,0,0,0,0,0,0,0,0,0,0,0,0,0,0,0,0,0,0,0,0,0,0,0,0,0,0,0,0,0,0,0,0,0,0,0,0,0,3467,0
2021-10-19,NV,3497,0,0,0,0,0,0,0,0,0,0,0,0,0,0,0,0,0,0,0,0,35,0,0,0,0,0,0,0,0,0,0,0,0,0,0,0,0,0,0,0,0,0,0,0,0,0,0,0,0,0,0,0,0,0,0,0,0,0,0,0,0,0,0,0,0,0,0,0,0,0,0,0,0,0,0,0,0,0,0,0,0,0,0,0,0,0,0,0,0,0,0,0,0,0,0,0,0,0,0,0,0,0,0,0,0,0,0,0,0,0,0,0,0,0,0,0,0,0,0,0,0,0,0,0,3461,0
2021-10-20,NV,3490,0,0,0,0,0,0,0,0,0,0,0,0,0,0,0,0,0,0,0,0,34,0,0,0,0,0,0,0,0,0,0,0,0,0,0,0,0,0,0,0,0,0,0,0,0,0,0,0,0,0,0,0,0,0,0,0,0,0,0,0,0,0,0,0,0,0,0,0,0,0,0,0,0,0,0,0,0,0,0,0,0,0,0,0,0,0,0,0,0,0,0,0,0,0,0,0,0,0,0,0,0,0,0,0,0,0,0,0,0,0,0,0,0,0,0,0,0,0,0,0,0,0,0,0,3455,0
2021-10-21,NV,3483,0,0,0,0,0,0,0,0,0,0,0,0,0,0,0,0,0,0,0,0,33,0,0,0,0,0,0,0,0,0,0,0,0,0,0,0,0,0,0,0,0,0,0,0,0,0,0,0,0,0,0,0,0,0,0,0,0,0,0,0,0,0,0,0,0,0,0,0,0,0,0,0,0,0,0,0,0,0,0,0,0,0,0,0,0,0,0,0,0,0,0,0,0,0,0,0,0,0,0,0,0,0,0,0,0,0,0,0,0,0,0,0,0,0,0,0,0,0,0,0,0,0,0,0,3449,0
2021-10-22,NV,3477,0,0,0,0,0,0,0,0,0,0,0,0,0,0,0,0,0,0,0,0,33,0,0,0,0,0,0,0,0,0,0,0,0,0,0,0,0,0,0,0,0,0,0,0,0,0,0,0,0,0,0,0,0,0,0,0,0,0,0,0,0,0,0,0,0,0,0,0,0,0,0,0,0,0,0,0,0,0,0,0,0,0,0,0,0,0,0,0,0,0,0,0,0,0,0,0,0,0,0,0,0,0,0,0,0,0,0,0,0,0,0,0,0,0,0,0,0,0,0,0,0,0,0,0,3443,0
2021-10-23,NV,3470,0,0,0,0,0,0,0,0,0,0,0,0,0,0,0,0,0,0,0,0,32,0,0,0,0,0,0,0,0,0,0,0,0,0,0,0,0,0,0,0,0,0,0,0,0,0,0,0,0,0,0,0,0,0,0,0,0,0,0,0,0,0,0,0,0,0,0,0,0,0,0,0,0,0,0,0,0,0,0,0,0,0,0,0,0,0,0,0,0,0,0,0,0,0,0,0,0,0,0,0,0,0,0,0,0,0,0,0,0,0,0,0,0,0,0,0,0,0,0,0,0,0,0,0,3438,0
2021-10-24,NV,3570,0,0,0,0,0,0,0,0,0,0,0,0,0,0,0,0,0,0,0,0,32,0,0,0,0,0,0,0,0,0,0,0,0,0,0,0,0,0,0,0,0,0,0,0,0,0,0,0,0,0,0,0,0,0,0,0,0,0,0,0,0,0,0,0,0,0,0,0,0,0,0,0,0,0,0,0,0,0,0,0,0,0,0,0,0,0,0,0,0,0,0,0,0,0,0,0,0,0,0,0,0,0,0,0,0,0,0,0,0,0,0,0,0,0,0,0,0,0,0,0,0,0,0,0,3538,0
2021-10-25,NV,3670,0,0,0,0,0,0,0,0,0,0,0,0,0,0,0,0,0,0,0,0,32,0,0,0,0,0,0,0,0,0,0,0,0,0,0,0,0,0,0,0,0,0,0,0,0,0,0,0,0,0,0,0,0,0,0,0,0,0,0,0,0,0,0,0,0,0,0,0,0,0,0,0,0,0,0,0,0,0,0,0,0,0,0,0,0,0,0,0,0,0,0,0,0,0,0,0,0,0,0,0,0,0,0,0,0,0,0,0,0,0,0,0,0,0,0,0,0,0,0,0,0,0,0,0,3638,0
2021-10-26,NV,3770,0,0,0,0,0,0,0,0,0,0,0,0,0,0,0,0,0,0,0,0,32,0,0,0,0,0,0,0,0,0,0,0,0,0,0,0,0,0,0,0,0,0,0,0,0,0,0,0,0,0,0,0,0,0,0,0,0,0,0,0,0,0,0,0,0,0,0,0,0,0,0,0,0,0,0,0,0,0,0,0,0,0,0,0,0,0,0,0,0,0,0,0,0,0,0,0,0,0,0,0,0,0,0,0,0,0,0,0,0,0,0,0,0,0,0,0,0,0,0,0,0,0,0,0,3738,0
2021-10-27,NV,3871,0,0,0,0,0,0,0,0,0,0,0,0,0,0,0,0,0,0,0,0,32,0,0,0,0,0,0,0,0,0,0,0,0,0,0,0,0,0,0,0,0,0,0,0,0,0,0,0,0,0,0,0,0,0,0,0,0,0,0,0,0,0,0,0,0,0,0,0,0,0,0,0,0,0,0,0,0,0,0,0,0,0,0,0,0,0,0,0,0,0,0,0,0,0,0,0,0,0,0,0,0,0,0,0,0,0,0,0,0,0,0,0,0,0,0,0,0,0,0,0,0,0,0,0,3838,0
2021-10-28,NV,3971,0,0,0,0,0,0,0,0,0,0,0,0,0,0,0,0,0,0,0,0,32,0,0,0,0,0,0,0,0,0,0,0,0,0,0,0,0,0,0,0,0,0,0,0,0,0,0,0,0,0,0,0,0,0,0,0,0,0,0,0,0,0,0,0,0,0,0,0,0,0,0,0,0,0,0,0,0,0,0,0,0,0,0,0,0,0,0,0,0,0,0,0,0,0,0,0,0,0,0,0,0,0,0,0,0,0,0,0,0,0,0,0,0,0,0,0,0,0,0,0,0,0,0,0,3938,0
2021-10-29,NV,4071,0,0,0,0,0,0,0,0,0,0,0,0,0,0,0,0,0,0,0,0,32,0,0,0,0,0,0,0,0,0,0,0,0,0,0,0,0,0,0,0,0,0,0,0,0,0,0,0,0,0,0,0,0,0,0,0,0,0,0,0,0,0,0,0,0,0,0,0,0,0,0,0,0,0,0,0,0,0,0,0,0,0,0,0,0,0,0,0,0,0,0,0,0,0,0,0,0,0,0,0,0,0,0,0,0,0,0,0,0,0,0,0,0,0,0,0,0,0,0,0,0,0,0,0,4039,0
2021-10-30,NV,4171,0,0,0,0,0,0,0,0,0,0,0,0,0,0,0,0,0,0,0,0,32,0,0,0,0,0,0,0,0,0,0,0,0,0,0,0,0,0,0,0,0,0,0,0,0,0,0,0,0,0,0,0,0,0,0,0,0,0,0,0,0,0,0,0,0,0,0,0,0,0,0,0,0,0,0,0,0,0,0,0,0,0,0,0,0,0,0,0,0,0,0,0,0,0,0,0,0,0,0,0,0,0,0,0,0,0,0,0,0,0,0,0,0,0,0,0,0,0,0,0,0,0,0,0,4139,0
2021-10-31,NV,4196,0,0,0,0,0,0,0,0,0,0,0,0,0,0,0,0,0,0,0,0,32,0,0,0,0,0,0,0,0,0,0,0,0,0,0,0,0,0,0,0,0,0,0,0,0,0,0,0,0,0,0,0,0,0,0,0,0,0,0,0,0,0,0,0,0,0,0,0,0,0,0,0,0,0,0,0,0,0,0,0,0,14,0,0,0,0,0,0,0,0,0,0,0,0,0,0,0,0,0,0,0,0,0,0,0,0,0,0,0,0,0,0,0,0,0,0,0,0,0,0,0,0,0,0,4150,0
2021-11-01,NV,4222,0,0,0,0,0,0,0,0,0,0,0,0,0,0,0,0,0,0,0,0,32,0,0,0,0,0,0,0,0,0,0,0,0,0,0,0,0,0,0,0,0,0,0,0,0,0,0,0,0,0,0,0,0,0,0,0,0,0,0,0,0,0,0,0,0,0,0,0,0,0,0,0,0,0,0,0,0,0,0,0,0,28,0,0,0,0,0,0,0,0,0,0,0,0,0,0,0,0,0,0,0,0,0,0,0,0,0,0,0,0,0,0,0,0,0,0,0,0,0,0,0,0,0,0,4161,0
2021-11-02,NV,4247,0,0,0,0,0,0,0,0,0,0,0,0,0,0,0,0,0,0,0,0,33,0,0,0,0,0,0,0,0,0,0,0,0,0,0,0,0,0,0,0,0,0,0,0,0,0,0,0,0,0,0,0,0,0,0,0,0,0,0,0,0,0,0,0,0,0,0,0,0,0,0,0,0,0,0,0,0,0,0,0,0,42,0,0,0,0,0,0,0,0,0,0,0,0,0,0,0,0,0,0,0,0,0,0,0,0,0,0,0,0,0,0,0,0,0,0,0,0,0,0,0,0,0,0,4172,0
2021-11-03,NV,4272,0,0,0,0,0,0,0,0,0,0,0,0,0,0,0,0,0,0,0,0,33,0,0,0,0,0,0,0,0,0,0,0,0,0,0,0,0,0,0,0,0,0,0,0,0,0,0,0,0,0,0,0,0,0,0,0,0,0,0,0,0,0,0,0,0,0,0,0,0,0,0,0,0,0,0,0,0,0,0,0,0,55,0,0,0,0,0,0,0,0,0,0,0,0,0,0,0,0,0,0,0,0,0,0,0,0,0,0,0,0,0,0,0,0,0,0,0,0,0,0,0,0,0,0,4183,0
2021-11-04,NV,4298,0,0,0,0,0,0,0,0,0,0,0,0,0,0,0,0,0,0,0,0,33,0,0,0,0,0,0,0,0,0,0,0,0,0,0,0,0,0,0,0,0,0,0,0,0,0,0,0,0,0,0,0,0,0,0,0,0,0,0,0,0,0,0,0,0,0,0,0,0,0,0,0,0,0,0,0,0,0,0,0,0,69,0,0,0,0,0,0,0,0,0,0,0,0,0,0,0,0,0,0,0,0,0,0,0,0,0,0,0,0,0,0,0,0,0,0,0,0,0,0,0,0,0,0,4194,0
2021-11-05,NV,4323,0,0,0,0,0,0,0,0,0,0,0,0,0,0,0,0,0,0,0,0,34,0,0,0,0,0,0,0,0,0,0,0,0,0,0,0,0,0,0,0,0,0,0,0,0,0,0,0,0,0,0,0,0,0,0,0,0,0,0,0,0,0,0,0,0,0,0,0,0,0,0,0,0,0,0,0,0,0,0,0,0,84,0,0,0,0,0,0,0,0,0,0,0,0,0,0,0,0,0,0,0,0,0,0,0,0,0,0,0,0,0,0,0,0,0,0,0,0,0,0,0,0,0,0,4205,0
2021-11-06,NV,4348,0,0,0,0,0,0,0,0,0,0,0,0,0,0,0,0,0,0,0,0,34,0,0,0,0,0,0,0,0,0,0,0,0,0,0,0,0,0,0,0,0,0,0,0,0,0,0,0,0,0,0,0,0,0,0,0,0,0,0,0,0,0,0,0,0,0,0,0,0,0,0,0,0,0,0,0,0,0,0,0,0,98,0,0,0,0,0,0,0,0,0,0,0,0,0,0,0,0,0,0,0,0,0,0,0,0,0,0,0,0,0,0,0,0,0,0,0,0,0,0,0,0,0,0,4216,0
2021-11-07,NV,4419,0,0,0,0,0,0,0,0,0,0,0,0,0,0,0,0,0,0,0,0,35,0,0,0,0,0,0,0,0,0,0,0,0,0,0,0,0,0,0,0,0,0,0,0,0,0,0,0,0,0,0,0,0,0,0,0,0,0,0,0,0,0,0,0,0,0,0,0,0,0,0,0,0,0,0,0,0,0,0,0,0,113,0,0,0,0,0,0,0,0,0,0,0,0,0,0,0,0,0,0,0,0,0,0,0,0,0,0,0,0,0,0,0,0,0,0,0,0,0,0,0,0,0,0,4271,0
2021-11-08,NV,4490,0,0,0,0,0,0,0,0,0,0,0,0,0,0,0,0,0,0,0,0,35,0,0,0,0,0,0,0,0,0,0,0,0,0,0,0,0,0,0,0,0,0,0,0,0,0,0,0,0,0,0,0,0,0,0,0,0,0,0,0,0,0,0,0,0,0,0,0,0,0,0,0,0,0,0,0,0,0,0,0,0,129,0,0,0,0,0,0,0,0,0,0,0,0,0,0,0,0,0,0,0,0,0,0,0,0,0,0,0,0,0,0,0,0,0,0,0,0,0,0,0,0,0,0,4325,0
2021-11-09,NV,4561,0,0,0,0,0,0,0,0,0,0,0,0,0,0,0,0,0,0,0,0,36,0,0,0,0,0,0,0,0,0,0,0,0,0,0,0,0,0,0,0,0,0,0,0,0,0,0,0,0,0,0,0,0,0,0,0,0,0,0,0,0,0,0,0,0,0,0,0,0,0,0,0,0,0,1,0,0,0,0,0,0,145,0,0,0,0,0,0,0,0,0,0,0,0,0,0,0,0,0,0,0,0,0,0,0,0,0,0,0,0,0,0,0,0,0,0,0,0,0,0,0,0,0,0,4379,0
2021-11-10,NV,4632,0,0,0,0,0,0,0,0,0,0,0,0,0,0,0,0,0,0,0,0,37,0,0,0,0,0,0,0,0,0,0,0,0,0,0,0,0,0,0,0,0,0,0,0,0,0,0,0,0,0,0,0,0,0,0,0,0,0,0,0,0,0,0,0,0,0,0,0,0,0,0,0,0,0,1,0,0,0,0,0,0,161,0,0,0,0,0,0,0,0,0,0,0,0,0,0,0,0,0,0,0,0,0,0,0,0,0,0,0,0,0,0,0,0,0,0,0,0,0,0,0,0,0,0,4433,0
2021-11-11,NV,4703,0,0,0,0,0,0,0,0,0,0,0,0,0,0,0,0,0,0,0,0,37,0,0,0,0,0,0,0,0,0,0,0,0,0,0,0,0,0,0,0,0,0,0,0,0,0,0,0,0,0,0,0,0,0,0,0,0,0,0,0,0,0,0,0,0,0,0,0,0,0,0,0,0,0,1,0,0,0,0,0,0,178,0,0,0,0,0,0,0,0,0,0,0,0,0,0,0,0,0,0,0,0,0,0,0,0,0,0,0,0,0,0,0,0,0,0,0,0,0,0,0,0,0,0,4487,0
2021-11-12,NV,4774,0,0,0,0,0,0,0,0,0,0,0,0,0,0,0,0,0,0,0,0,38,0,0,0,0,0,0,0,0,0,0,0,0,0,0,0,0,0,0,0,0,0,0,0,0,0,0,0,0,0,0,0,0,0,0,0,0,0,0,0,0,0,0,0,0,0,0,0,0,0,0,0,0,0,1,0,0,0,0,0,0,195,0,0,0,0,0,0,0,0,0,0,0,0,0,0,0,0,0,0,0,0,0,0,0,0,0,0,0,0,0,0,0,0,0,0,0,0,0,0,1,0,0,0,4540,0
2021-11-13,NV,4845,0,0,0,0,0,0,0,0,0,0,0,0,0,0,0,0,0,0,0,0,39,0,0,0,0,0,0,0,0,0,0,0,0,0,0,0,0,0,0,0,0,0,0,0,0,0,0,0,0,0,0,0,0,0,0,0,0,0,0,0,0,0,0,0,0,0,0,0,0,0,0,0,0,0,1,0,0,0,0,0,0,213,0,0,0,0,0,0,0,0,0,0,0,0,0,0,0,0,0,0,0,0,0,0,0,0,0,0,0,0,0,0,0,0,0,0,0,0,0,0,1,0,0,0,4593,0
2021-11-14,NV,4996,0,0,0,0,0,0,0,0,0,0,0,0,0,0,0,0,0,0,0,0,40,0,0,0,0,0,0,0,0,0,0,0,0,0,0,0,0,0,0,0,0,0,0,0,0,0,0,0,0,0,0,0,0,0,0,0,0,0,0,0,0,0,0,0,0,0,0,0,0,0,0,0,0,0,1,0,0,0,0,0,0,234,0,0,0,0,0,0,0,0,0,0,0,0,0,0,0,0,0,0,0,0,0,0,0,0,0,0,0,0,0,0,0,0,0,0,0,0,0,0,1,0,0,0,4720,0
2021-11-15,NV,5146,0,0,0,0,0,0,0,0,0,0,0,0,0,0,0,0,0,0,0,0,42,0,0,0,0,0,0,0,0,0,0,0,0,0,0,0,0,0,0,0,0,0,0,0,0,0,0,0,0,0,0,0,0,0,0,0,0,0,0,0,0,0,0,0,0,0,0,0,0,0,0,0,0,0,1,0,0,0,0,0,0,257,0,0,0,0,0,0,0,0,0,0,0,0,0,0,0,0,0,0,0,0,0,0,0,0,0,0,0,0,0,0,0,0,0,0,0,0,0,0,1,0,0,0,4846,0
2021-11-16,NV,5296,0,0,0,0,0,0,0,0,0,0,0,0,0,0,0,0,0,0,0,0,43,0,0,0,0,0,0,0,0,0,0,0,0,0,0,0,0,0,0,0,0,0,0,0,0,0,0,0,0,0,0,0,0,0,0,0,0,0,0,0,0,0,0,0,0,0,0,0,0,0,0,0,0,0,1,0,0,0,0,0,0,280,0,0,0,0,0,0,0,0,0,0,0,0,0,0,0,0,0,0,0,0,0,0,0,0,0,0,0,0,0,0,0,0,0,0,0,0,0,0,1,0,0,0,4972,0
2021-11-17,NV,5446,0,0,0,0,0,0,0,0,0,0,0,0,0,0,0,0,0,0,0,0,44,0,0,0,0,0,0,0,0,0,0,0,0,0,0,0,0,0,0,0,0,0,0,0,0,0,0,0,0,0,0,0,0,0,0,0,0,0,0,0,0,0,0,0,0,0,0,0,0,0,0,0,0,0,1,0,0,0,0,0,0,304,0,0,0,0,0,0,0,0,0,0,0,0,0,0,0,0,0,0,0,0,0,0,0,0,0,0,0,0,0,0,0,0,0,0,0,0,0,0,1,0,0,0,5097,0
2021-11-18,NV,5597,0,0,0,0,0,0,0,0,0,0,0,0,0,0,0,0,0,0,0,0,46,0,0,0,0,0,0,0,0,0,0,0,0,0,0,0,0,0,0,0,0,0,0,0,0,0,0,0,0,0,0,0,0,0,0,0,0,0,0,0,0,0,0,0,0,0,0,0,0,0,0,0,0,0,1,0,0,0,0,0,0,329,0,0,0,0,0,0,0,0,0,0,0,0,0,0,0,0,0,0,0,0,0,0,0,0,0,0,0,0,0,0,0,0,0,0,0,0,0,0,1,0,0,0,5221,0
2021-11-19,NV,5747,0,0,0,0,0,0,0,0,0,0,0,0,0,0,0,0,0,0,0,0,47,0,0,0,0,0,0,0,0,0,0,0,0,0,0,0,0,0,0,0,0,0,0,0,0,0,0,0,0,0,0,0,0,0,0,0,0,0,0,0,0,0,0,0,0,0,0,0,0,0,0,0,0,0,1,0,0,0,0,0,0,354,0,0,0,0,0,0,0,0,0,0,0,0,0,0,0,0,0,0,0,0,0,0,0,0,0,0,0,0,0,0,0,0,0,0,0,0,0,0,1,0,0,0,5344,0
2021-11-20,NV,5897,0,0,0,0,0,0,0,0,0,0,0,0,0,0,0,0,0,0,0,0,48,0,0,0,0,0,0,0,0,0,0,0,0,0,0,0,0,0,0,0,0,0,0,0,0,0,0,0,0,0,0,0,0,0,0,0,0,0,0,0,0,0,0,0,0,0,0,0,0,0,0,0,0,0,1,0,0,0,0,0,0,380,0,0,0,0,0,0,0,0,0,0,0,0,0,0,0,0,0,0,0,0,0,0,0,0,0,0,0,0,0,0,0,0,0,0,0,0,0,0,1,0,0,0,5467,0
2021-11-21,NV,6183,0,0,0,0,0,0,0,0,0,0,0,0,0,0,0,0,0,0,0,0,51,0,0,0,0,0,0,0,0,0,0,0,0,0,0,0,0,0,0,0,0,0,0,0,0,0,0,0,0,0,0,0,0,0,0,0,0,0,0,0,0,0,0,0,0,0,0,0,0,0,0,0,0,0,1,0,0,0,0,0,0,416,0,0,0,0,0,0,0,0,0,0,0,0,0,0,0,0,0,0,0,0,0,0,0,0,0,0,0,0,0,0,0,0,0,0,0,0,0,0,1,0,0,0,5714,0
2021-11-22,NV,6468,0,0,0,0,0,0,0,0,0,0,0,0,0,0,0,0,0,0,0,0,54,0,0,0,0,0,0,0,0,0,0,0,0,0,0,0,0,0,0,0,0,0,0,0,0,0,0,0,0,0,0,0,0,0,0,0,0,0,0,0,0,0,0,0,0,0,0,0,0,0,0,0,0,0,1,0,0,0,0,0,0,454,0,0,0,0,0,0,0,0,0,0,0,0,0,0,0,0,0,0,0,0,0,0,0,0,0,0,0,0,0,0,0,0,0,0,0,0,0,0,1,0,0,0,5959,0
2021-11-23,NV,6754,0,0,0,0,0,0,0,0,0,0,0,0,0,0,0,0,0,0,0,0,56,0,0,0,0,0,0,0,0,0,0,0,0,0,0,0,0,0,0,0,0,0,0,0,0,0,0,0,0,0,0,0,0,0,0,0,0,0,0,0,0,0,0,0,0,0,0,0,0,0,0,0,0,0,1,0,0,0,0,0,0,493,0,0,0,0,0,0,0,0,0,0,0,0,0,0,0,0,0,0,0,0,0,0,0,0,0,0,0,0,0,0,0,0,0,0,0,0,0,0,1,0,0,0,6203,0
2021-11-24,NV,7039,0,0,0,0,0,0,0,0,0,0,0,0,0,0,0,0,0,0,0,0,59,0,0,0,0,0,0,0,0,0,0,0,0,0,0,0,0,0,0,0,0,0,0,0,0,0,0,0,0,0,0,0,0,0,0,0,0,0,0,0,0,0,0,0,0,0,0,0,0,0,0,0,0,0,1,0,0,0,0,0,0,534,0,0,0,0,0,0,0,0,0,0,0,0,0,0,0,0,0,0,0,0,0,0,0,0,0,0,0,0,0,0,0,0,0,0,0,0,0,0,1,0,0,0,6445,0
2021-11-25,NV,7325,0,0,0,0,0,0,0,0,0,0,0,0,0,0,0,0,0,0,0,0,61,0,0,0,0,0,0,0,0,0,0,0,0,0,0,0,0,0,0,0,0,0,0,0,0,0,0,0,0,0,0,0,0,0,0,0,0,0,0,0,0,0,0,0,0,0,0,0,0,0,0,0,0,0,1,0,0,0,0,0,0,576,0,0,0,0,0,0,0,0,0,0,0,0,0,0,0,0,0,0,0,0,0,0,0,0,0,0,0,0,0,0,0,0,0,0,0,0,0,0,1,0,0,0,6686,0
2021-11-26,NV,7611,0,0,0,0,0,0,0,0,0,0,0,0,0,0,0,0,0,0,0,0,64,0,0,0,0,0,0,0,0,0,0,0,0,0,0,0,0,0,0,0,0,0,0,0,0,0,0,0,0,0,0,0,0,0,0,0,0,0,0,0,0,0,0,0,0,0,0,0,0,0,0,0,0,0,1,0,0,0,0,0,0,620,0,0,0,0,0,0,0,0,0,0,0,0,0,0,0,0,0,0,0,0,0,0,0,0,0,0,0,0,0,0,0,0,0,0,0,0,0,0,1,0,0,0,6925,0
2021-11-27,NV,7896,0,0,0,0,0,0,0,0,0,0,0,0,0,0,0,0,0,0,0,0,66,0,0,0,0,0,0,0,0,0,0,0,0,0,0,0,0,0,0,0,0,0,0,0,0,0,0,0,0,0,0,0,0,0,0,0,0,0,0,0,0,0,0,0,0,0,0,0,0,0,0,0,0,0,1,0,0,0,0,0,0,664,0,0,0,0,0,0,0,0,0,0,0,0,0,0,0,0,0,0,0,0,0,0,0,0,0,0,0,0,0,0,0,0,0,0,0,0,0,0,1,0,0,0,7162,0
2021-11-28,NV,8226,0,0,0,0,0,0,0,0,0,0,0,0,0,0,0,0,0,0,0,0,67,0,0,0,0,0,0,0,0,0,0,0,0,0,0,0,0,0,0,0,0,0,0,0,0,0,0,0,0,0,0,0,0,0,0,0,0,0,0,0,0,0,0,0,0,0,0,0,0,0,0,0,0,0,56,0,0,0,0,0,0,719,0,0,0,0,0,0,0,0,0,0,0,0,0,0,0,0,0,0,0,0,0,0,0,0,0,0,0,0,0,0,0,0,0,0,0,0,0,0,2,0,0,0,7381,0
2021-11-29,NV,8556,0,0,0,0,0,0,0,0,0,0,0,0,0,0,0,0,0,0,0,0,68,0,0,0,0,0,0,0,0,0,0,0,0,0,0,0,0,0,0,0,0,0,0,0,0,0,0,0,0,0,0,0,0,0,0,0,0,0,0,0,0,0,0,0,0,0,0,0,0,0,0,0,0,0,115,0,0,0,0,0,0,776,0,0,0,0,0,0,0,0,0,0,0,0,0,0,0,0,0,0,0,0,0,0,0,0,0,0,0,0,0,0,0,0,0,0,0,0,0,0,2,0,0,0,7594,0
2021-11-30,NV,8885,0,0,0,0,0,0,0,0,0,0,0,0,0,0,0,0,0,0,0,0,68,0,0,0,0,0,0,0,0,0,0,0,0,0,0,0,0,0,0,0,0,0,0,0,0,0,0,0,0,0,0,0,0,0,0,0,0,0,0,0,0,0,0,0,0,0,0,0,0,0,0,0,0,0,179,0,0,0,0,0,0,835,0,0,0,0,0,0,0,0,0,0,0,0,0,0,0,0,0,0,0,0,0,0,0,0,0,0,0,0,0,0,0,0,0,0,0,0,0,0,2,0,0,0,7800,0
2021-12-01,NV,9215,0,0,0,0,0,0,0,0,0,0,0,0,0,0,0,0,0,0,0,0,68,0,0,0,0,0,0,0,0,0,0,0,0,0,0,0,0,0,0,0,0,0,0,0,0,0,0,0,0,0,0,0,0,0,0,0,0,0,0,0,0,0,0,0,0,0,0,0,0,0,0,0,0,0,247,0,0,0,0,0,0,897,0,0,0,0,0,0,0,0,0,0,0,0,0,0,0,0,0,0,0,0,0,0,0,0,0,0,0,0,0,0,0,0,0,0,0,0,0,0,2,0,0,0,8000,0
2021-12-02,NV,9545,0,0,0,0,0,0,0,0,0,0,0,0,0,0,0,0,0,0,0,0,68,0,0,0,0,0,0,0,0,0,0,0,0,0,0,0,0,0,0,0,0,0,0,0,0,0,0,0,0,0,0,0,0,0,0,0,0,0,0,0,0,0,0,0,0,0,0,0,0,0,0,0,0,0,321,0,0,0,0,0,0,961,0,0,0,0,0,0,0,0,0,0,0,0,0,0,0,0,0,0,0,0,0,0,0,0,0,0,0,0,0,0,0,0,0,0,0,0,0,0,2,0,0,0,8192,0
2021-12-03,NV,9874,0,0,0,0,0,0,0,0,0,0,0,0,0,0,0,0,0,0,0,0,68,0,0,0,0,0,0,0,0,0,0,0,0,0,0,0,0,0,0,0,0,0,0,0,0,0,0,0,0,0,0,0,0,0,0,0,0,0,0,0,0,0,0,0,0,0,0,0,0,0,0,0,0,0,399,0,0,0,0,0,0,1027,0,0,0,0,0,0,0,0,0,0,0,0,0,0,0,0,0,0,0,0,0,0,0,0,0,0,0,0,0,0,0,0,0,0,0,0,0,0,2,0,0,0,8377,0
2021-12-04,NV,10204,0,0,0,0,0,0,0,0,0,0,0,0,0,0,0,0,0,0,0,0,68,0,0,0,0,0,0,0,0,0,0,0,0,0,0,0,0,0,0,0,0,0,0,0,0,0,0,0,0,0,0,0,0,0,0,0,0,0,0,0,0,0,0,0,0,0,0,0,0,0,0,0,0,0,482,0,0,0,0,0,0,1096,0,0,0,0,0,0,0,0,0,0,0,0,0,0,0,0,0,0,0,0,0,0,0,0,0,0,0,0,0,0,0,0,0,0,0,0,0,0,2,0,0,0,8554,0
2021-12-05,NV,10224,0,0,0,0,0,0,0,0,0,0,0,0,0,0,0,0,0,0,0,0,65,0,0,0,0,0,0,0,0,0,0,0,0,0,0,0,0,0,0,0,0,0,0,0,0,0,0,0,0,0,0,0,0,0,0,0,0,0,0,0,0,0,0,0,0,0,0,0,0,0,0,0,0,0,554,0,0,0,0,0,0,1133,0,0,0,0,0,0,0,0,0,0,0,0,0,0,0,0,0,0,0,0,0,0,0,0,0,0,0,0,0,0,0,0,0,0,0,0,0,0,2,0,0,0,8469,0
2021-12-06,NV,10244,0,0,0,0,0,0,0,0,0,0,0,0,0,0,0,0,0,0,0,0,63,0,0,0,0,0,0,0,0,0,0,0,0,0,0,0,0,0,0,0,0,0,0,0,0,0,0,0,0,0,0,0,0,0,0,0,0,0,0,0,0,0,0,0,0,0,0,0,0,0,0,0,0,0,626,0,0,0,0,0,0,1171,0,0,0,0,0,0,0,0,0,0,0,0,0,0,0,0,0,0,0,0,0,0,0,0,0,0,0,0,0,0,0,0,0,0,0,0,0,0,1,0,0,0,8382,0
2021-12-07,NV,10264,0,0,0,0,0,0,0,0,0,0,0,0,0,0,0,0,0,0,0,0,60,0,0,0,0,0,0,0,0,0,0,0,0,0,0,0,0,0,0,0,0,0,0,0,0,0,0,0,0,0,0,0,0,0,0,0,0,0,0,0,0,0,0,0,0,0,0,0,0,0,0,0,0,0,699,0,0,0,0,0,0,1208,0,0,0,0,0,0,0,0,0,0,0,0,0,0,0,0,0,0,0,0,0,0,0,0,0,0,0,0,0,0,0,0,0,0,0,0,0,0,1,0,0,0,8294,0
2021-12-08,NV,10285,0,0,0,0,0,0,0,0,0,0,0,0,0,0,0,0,0,0,0,0,57,0,0,0,0,0,0,0,0,0,0,0,0,0,0,0,0,0,0,0,0,0,0,0,0,0,0,0,0,0,0,0,0,0,0,0,0,0,0,0,0,0,0,0,0,0,0,0,0,0,0,0,0,0,772,0,0,0,0,0,0,1247,0,0,0,0,0,0,0,0,0,0,0,0,0,0,0,0,0,0,0,0,0,0,0,0,0,0,0,0,0,0,0,0,0,0,0,0,0,0,1,0,0,0,8205,0
2021-12-09,NV,10305,0,0,0,0,0,0,0,0,0,0,0,0,0,0,0,0,0,0,0,0,55,0,0,0,0,0,0,0,0,0,0,0,0,0,0,0,0,0,0,0,0,0,0,0,0,0,0,0,0,0,0,0,0,0,0,0,0,0,0,0,0,0,0,0,0,0,0,0,0,0,0,0,0,0,847,0,0,0,0,0,0,1285,0,0,0,0,0,0,0,0,0,0,0,0,0,0,0,0,0,0,0,0,0,0,0,0,0,0,0,0,0,0,0,0,0,0,0,0,0,0,1,0,0,0,8115,0
2021-12-10,NV,10325,0,0,0,0,0,0,0,0,0,0,0,0,0,0,0,0,0,0,0,0,52,0,0,0,0,0,0,0,0,0,0,0,0,0,0,0,0,0,0,0,0,0,0,0,0,0,0,0,0,0,0,0,0,0,0,0,0,0,0,0,0,0,0,0,0,0,0,0,0,0,0,0,0,0,922,0,0,0,0,0,0,1324,0,0,0,0,0,0,0,0,0,0,0,0,0,0,0,0,0,0,0,0,0,0,0,0,0,0,0,0,0,0,0,0,0,0,0,0,0,0,1,0,0,0,8024,0
2021-12-11,NV,10345,0,0,0,0,0,0,0,0,0,0,0,0,0,0,0,0,0,0,0,0,49,0,0,0,0,0,0,0,0,0,0,0,0,0,0,0,0,0,0,0,0,0,0,0,0,0,0,0,0,0,0,0,0,0,0,0,0,0,0,0,0,0,0,0,0,0,0,0,0,0,0,0,0,0,998,0,0,0,0,0,0,1363,0,0,0,0,0,0,0,0,0,0,0,0,0,0,0,0,0,0,0,0,0,0,0,0,0,0,0,0,0,0,0,0,0,0,0,0,0,0,1,0,0,0,7932,0
2021-12-12,NV,10747,0,0,0,0,0,0,0,0,0,0,0,0,0,0,0,0,0,0,0,0,48,0,0,0,0,0,0,0,0,0,0,0,0,0,0,0,0,0,0,0,0,0,0,0,0,0,0,0,0,0,0,0,0,0,0,0,0,0,0,0,0,0,0,0,0,0,0,0,0,0,0,0,0,0,1114,0,0,0,0,0,0,1454,0,0,0,0,0,0,0,0,0,0,0,0,0,0,0,0,0,0,0,0,0,0,0,0,0,0,0,0,0,0,0,0,0,0,0,0,0,0,1,0,0,0,8128,0
2021-12-13,NV,11150,0,0,0,0,0,0,0,0,0,0,0,0,0,0,0,0,0,0,0,0,47,0,0,0,0,0,0,0,0,0,0,1,0,0,0,0,0,0,0,0,0,0,0,0,0,0,0,0,0,0,0,0,0,0,0,0,0,0,0,0,0,0,0,0,0,0,0,0,0,0,0,0,0,0,1236,0,0,0,0,0,0,1549,0,0,0,0,0,0,0,0,0,0,0,0,0,0,0,0,0,0,0,0,0,0,0,0,0,0,0,0,0,0,0,0,0,0,0,0,0,0,1,0,0,0,8314,0
2021-12-14,NV,11552,0,0,0,0,0,0,0,0,0,0,0,0,0,0,0,0,0,0,0,0,46,0,0,0,0,0,0,0,0,0,0,1,0,0,0,0,0,0,0,0,0,0,0,0,0,0,0,0,0,0,0,0,0,0,0,0,0,0,0,0,0,0,0,0,0,0,0,0,0,0,0,0,0,1,1365,0,0,0,0,0,0,1646,0,0,0,0,0,0,0,0,0,0,0,0,0,0,0,0,0,0,0,0,0,0,0,0,0,0,0,0,0,0,0,0,0,0,0,0,0,0,1,0,0,0,8492,0
2021-12-15,NV,11954,0,0,0,0,0,0,0,0,0,0,0,0,0,0,0,0,0,0,0,0,44,0,0,0,0,0,0,0,0,0,0,1,0,0,0,0,0,0,0,0,0,0,0,0,0,0,0,0,0,0,0,0,0,0,0,0,0,0,0,0,0,0,0,0,0,0,0,0,0,0,0,0,0,1,1501,0,0,0,0,0,0,1747,0,0,0,0,0,0,0,0,0,0,0,0,0,0,0,0,0,0,0,0,0,0,0,0,0,0,0,0,0,0,0,0,0,0,0,0,0,0,1,0,0,0,8659,0
2021-12-16,NV,12356,0,0,0,0,0,0,0,0,0,0,0,0,0,0,0,0,0,0,0,0,42,0,0,0,0,0,0,0,0,0,0,1,0,0,0,0,0,0,0,0,0,0,0,0,0,0,0,0,0,0,0,0,0,0,0,0,0,0,0,0,0,0,0,0,0,0,0,0,0,0,0,0,0,1,1642,0,0,0,0,0,0,1851,0,0,0,0,0,0,0,0,0,0,0,0,0,0,0,0,0,0,0,0,0,0,0,0,0,0,0,0,0,0,0,0,0,1,0,0,0,0,1,0,0,0,8818,0
2021-12-17,NV,12758,0,0,0,0,0,0,0,0,0,0,0,0,0,0,0,0,0,0,0,0,40,0,0,0,0,0,0,0,0,0,0,1,0,0,0,0,0,0,0,0,0,0,0,0,0,0,0,0,0,0,0,0,0,0,0,0,0,0,0,0,0,0,0,0,0,0,0,0,0,0,0,0,0,1,1791,0,0,0,0,0,0,1958,0,0,0,0,0,0,0,0,0,0,0,0,0,0,0,0,0,0,0,0,0,0,0,0,0,0,0,0,0,0,0,0,0,1,0,0,0,0,1,0,0,0,8967,0
2021-12-18,NV,13160,0,0,0,0,0,0,0,0,0,0,0,0,0,0,0,0,0,0,0,0,37,0,0,0,0,0,0,0,0,0,0,1,0,0,0,0,0,0,0,0,0,0,0,0,0,0,0,0,0,0,0,0,0,0,0,0,0,0,0,0,0,0,0,0,0,0,0,0,0,0,0,0,0,1,1946,0,0,0,0,0,0,2068,0,0,0,0,0,0,0,0,0,0,0,0,0,0,0,0,0,0,0,0,0,0,0,0,0,0,0,0,0,0,0,0,0,1,0,0,0,0,1,0,0,0,9106,0
2021-12-19,NV,14728,0,0,0,0,0,0,0,0,0,0,0,0,0,0,0,0,0,0,0,0,38,0,0,0,0,0,0,0,0,0,0,1,0,0,0,0,0,0,0,0,0,0,0,0,0,0,0,0,0,0,0,0,0,0,0,0,0,0,0,0,0,0,0,0,0,0,0,0,0,0,0,0,0,1,2288,0,0,0,0,0,0,2369,0,0,0,0,0,0,0,0,0,0,0,0,0,0,0,0,0,0,0,0,0,0,0,0,0,0,0,0,0,0,0,0,0,1,0,0,0,0,1,0,0,0,10029,0
2021-12-20,NV,16296,0,0,0,0,0,0,0,0,0,0,0,0,0,0,0,0,0,0,0,0,37,0,0,0,0,0,0,0,0,0,0,1,0,0,0,0,0,0,0,0,0,0,0,0,0,0,0,0,0,0,0,0,0,0,0,0,0,0,0,0,0,0,0,0,0,0,0,0,0,0,0,0,0,1,2655,0,0,0,0,0,0,2683,0,0,0,0,0,0,0,0,0,0,0,0,0,0,0,0,0,0,0,0,0,0,0,0,0,0,0,0,0,0,0,0,0,1,0,0,0,0,1,0,0,0,10917,0
2021-12-21,NV,17864,0,0,0,0,0,0,0,0,0,0,0,0,0,0,0,0,0,0,0,0,35,0,0,0,0,0,0,0,0,0,0,1,0,0,0,0,0,0,0,0,0,0,0,0,0,0,0,0,0,0,0,0,0,0,0,0,0,0,0,0,0,0,0,0,0,0,0,0,0,0,0,0,0,1,3047,0,0,0,0,0,0,3008,0,0,0,0,0,0,0,0,0,0,0,0,0,0,0,0,0,0,0,0,0,0,0,0,0,0,0,0,0,0,0,0,0,1,0,0,0,0,1,0,0,0,11769,0
2021-12-22,NV,19431,0,0,0,0,0,0,0,0,0,0,0,0,0,0,0,0,0,0,0,0,33,0,0,0,0,0,0,0,0,0,0,1,0,0,0,0,0,0,0,0,0,0,0,0,0,0,0,0,0,0,0,0,0,0,0,0,0,0,0,0,0,0,0,0,0,0,0,0,0,0,0,0,0,1,3464,0,0,0,0,0,0,3346,0,0,0,0,0,0,0,0,0,0,0,0,0,0,0,0,0,0,0,0,0,0,0,0,0,0,0,0,0,0,0,0,0,1,0,0,0,0,1,0,0,0,12584,0
2021-12-23,NV,20999,0,0,0,0,0,0,0,0,0,0,0,0,0,0,0,0,0,0,0,0,29,0,0,0,0,0,0,0,0,0,0,1,0,0,0,0,0,0,0,0,0,0,0,0,0,0,0,0,0,0,0,0,0,0,0,0,0,0,0,0,0,0,0,0,0,0,0,0,0,0,0,0,0,1,3906,0,0,0,0,0,0,3696,0,0,0,0,0,0,0,0,0,0,0,0,0,0,0,0,0,0,0,0,0,0,0,0,0,0,0,0,0,0,0,0,0,1,0,0,0,0,1,0,0,0,13364,0
2021-12-24,NV,22567,0,0,0,0,0,0,0,0,0,0,0,0,0,0,0,0,0,0,0,0,25,0,0,0,0,0,0,0,0,0,0,1,0,0,0,0,0,0,0,0,0,0,0,0,0,0,0,0,0,0,0,0,0,0,0,0,0,0,0,0,0,0,0,0,0,0,0,0,0,0,0,0,0,1,4373,0,0,0,0,0,0,4059,0,0,0,0,0,0,0,0,0,0,0,0,0,0,0,0,0,0,0,0,0,0,0,0,0,0,0,0,0,0,0,0,0,1,0,0,0,0,1,0,0,0,14106,0
2021-12-25,NV,24135,0,0,0,0,0,0,0,0,0,0,0,0,0,0,0,0,0,0,0,0,20,0,0,0,0,0,0,0,0,0,0,1,0,0,0,0,0,0,0,0,0,0,0,0,0,0,0,0,0,0,0,0,0,0,0,0,0,0,0,0,0,0,0,0,0,0,0,0,0,0,0,0,0,1,4865,0,0,0,0,0,0,4434,0,0,0,0,0,0,0,0,0,0,0,0,0,0,0,0,0,0,0,0,0,0,0,0,0,0,1,0,0,0,0,0,0,1,0,0,0,0,1,0,0,0,14810,0
2021-12-26,NV,26280,0,0,0,0,0,0,0,0,0,0,0,0,0,0,0,0,0,0,0,0,21,0,0,0,0,0,0,0,0,0,0,1,0,0,0,0,0,0,0,0,0,0,0,0,0,0,0,0,0,0,0,0,0,0,0,0,0,0,0,0,0,0,0,0,0,0,0,0,0,0,0,0,0,2,5439,0,0,0,0,1,0,5224,0,0,0,0,0,0,0,0,0,0,0,0,0,0,0,0,0,0,0,0,0,0,0,0,0,0,1,0,0,0,0,0,0,1,0,0,0,0,1,0,0,0,15589,0
2021-12-27,NV,28425,0,0,0,0,0,0,0,0,0,0,0,0,0,0,0,0,0,0,0,0,22,0,0,0,0,0,0,0,0,0,0,1,0,0,0,0,0,0,0,0,0,0,0,0,0,0,0,0,0,0,0,0,0,0,0,0,0,0,0,0,0,0,0,0,1,0,0,0,0,0,0,0,0,2,6037,0,0,0,0,1,0,6078,0,0,0,0,0,0,0,0,0,0,0,0,0,0,0,0,0,0,0,0,0,0,0,0,0,0,1,0,0,0,0,0,0,1,0,0,0,0,1,0,0,0,16281,0
2021-12-28,NV,30570,0,0,0,0,0,0,0,0,0,0,0,0,0,0,0,0,0,0,0,0,23,0,0,0,0,0,0,0,0,0,0,1,0,0,0,0,0,0,0,0,0,0,0,0,0,0,0,0,0,0,0,0,0,0,0,0,0,0,0,0,0,0,0,0,1,0,0,0,0,0,0,0,0,2,6657,0,0,0,0,1,0,6997,0,0,0,0,0,0,0,0,0,0,0,0,0,0,0,0,0,0,0,0,0,0,0,0,0,0,1,0,0,0,0,0,0,1,0,0,0,0,1,0,0,0,16885,0
2021-12-29,NV,32715,0,0,0,0,0,0,0,0,0,0,0,0,0,0,0,0,0,0,0,0,25,0,0,0,0,0,0,0,0,0,0,1,0,0,0,0,0,0,0,0,0,0,0,0,0,0,0,0,0,0,0,0,0,0,0,0,0,0,0,0,0,0,0,0,1,0,0,0,0,0,0,0,0,2,7301,0,0,0,0,1,0,7982,0,0,0,0,0,0,0,0,0,0,0,0,0,0,0,0,0,0,0,0,0,0,0,0,0,0,1,0,0,0,0,0,0,1,0,0,0,0,1,0,0,0,17401,0
2021-12-30,NV,34860,0,0,0,0,0,0,0,0,0,0,0,0,0,0,0,0,0,0,0,0,26,0,0,0,0,0,0,0,0,0,0,1,0,0,0,0,0,0,0,0,0,0,0,0,0,0,0,0,0,0,0,0,0,0,0,0,0,0,0,0,0,0,0,0,1,0,0,0,0,0,0,0,0,2,7968,0,0,0,0,1,0,9030,0,0,0,0,0,0,0,0,0,0,0,0,0,0,0,0,0,0,0,0,0,0,0,0,0,0,1,0,0,0,0,0,0,1,0,0,0,0,1,0,0,0,17828,0
2021-12-31,NV,37006,0,0,0,0,0,0,0,0,0,0,0,0,0,0,0,0,0,0,0,0,27,0,0,0,0,0,0,0,0,0,0,2,0,0,0,0,0,0,0,0,0,0,0,0,0,0,0,0,0,0,0,0,0,0,0,0,0,0,0,0,0,0,0,0,1,0,0,0,0,0,0,0,0,2,8658,0,0,0,0,1,0,10144,0,0,0,0,0,0,0,0,0,0,0,0,0,0,0,0,0,0,0,0,0,0,0,0,0,0,1,0,0,0,0,0,0,1,0,0,0,0,1,0,0,0,18168,0
2022-01-01,NV,39151,0,0,0,0,0,0,0,0,0,0,0,0,0,0,0,0,0,0,0,0,28,0,0,0,0,0,0,0,0,0,0,2,0,0,0,0,0,0,0,0,0,0,0,0,0,0,0,0,0,0,0,0,0,0,0,0,0,0,0,0,0,0,0,0,1,0,0,0,0,0,0,0,0,3,9371,0,0,0,0,1,0,11323,0,0,0,0,0,0,0,0,0,0,0,0,0,0,0,0,0,0,0,0,0,0,0,0,0,0,1,0,0,0,0,0,0,1,0,0,0,0,1,0,0,0,18420,0
2022-01-02,NV,39119,0,0,0,0,0,0,0,0,0,0,0,0,0,0,0,0,0,0,0,0,27,0,0,0,0,0,0,0,0,0,0,2,0,0,0,0,0,0,0,0,0,0,0,0,0,0,0,0,0,0,0,0,0,0,0,0,0,0,0,0,0,0,0,0,1,0,0,0,0,0,0,0,0,3,9575,0,0,0,0,1,0,11904,0,0,0,0,0,0,0,0,0,0,0,0,0,0,0,0,0,0,0,0,0,0,0,0,0,0,1,0,0,0,0,0,0,1,0,0,0,0,1,0,0,0,17604,0
2022-01-03,NV,39088,0,0,0,0,0,0,0,0,0,0,0,0,0,0,0,0,0,0,0,0,26,0,0,0,0,0,0,0,0,0,0,2,0,0,0,0,0,0,0,0,0,0,0,0,0,0,0,0,0,0,0,0,0,0,0,0,0,0,0,0,0,0,0,0,1,0,0,0,0,0,0,0,0,3,9779,0,0,0,0,1,0,12484,0,0,0,0,0,0,0,0,0,0,0,0,0,0,0,0,0,0,0,0,0,0,0,0,0,0,1,0,0,0,0,0,0,1,0,0,0,0,1,0,0,0,16789,0
2022-01-04,NV,39056,0,0,0,0,0,0,0,0,0,0,0,0,0,0,0,0,0,0,0,0,26,0,0,0,0,0,0,0,0,0,0,2,0,0,0,0,0,0,0,0,0,0,0,0,0,0,0,0,0,0,0,0,0,0,0,0,0,0,0,0,0,0,0,0,1,0,0,0,0,0,0,0,0,3,9982,0,0,0,0,1,0,13064,0,0,0,0,0,0,0,0,0,0,0,0,0,0,0,0,0,0,0,0,0,0,0,0,0,0,1,0,0,0,0,0,0,1,0,0,0,0,1,0,0,0,15975,0
2022-01-05,NV,39025,0,0,0,0,0,0,0,0,0,0,0,0,0,0,0,0,0,0,0,0,25,0,0,0,0,0,0,0,0,0,0,2,0,0,0,0,0,0,0,0,0,0,0,0,0,0,0,0,0,0,0,0,0,0,0,0,0,0,0,0,0,0,0,0,1,0,0,0,0,0,0,0,0,3,10185,0,0,0,0,1,0,13643,0,0,0,0,0,0,0,0,0,0,0,0,0,0,0,0,0,0,0,0,0,0,0,0,0,0,1,0,0,0,0,0,0,1,0,0,0,0,1,0,0,0,15162,0
2022-01-06,NV,38994,0,0,0,0,0,0,0,0,0,0,0,0,0,0,0,0,0,0,0,0,25,0,0,0,0,0,0,0,0,0,0,2,0,0,0,0,0,0,0,0,0,0,0,0,0,0,0,0,0,0,0,0,0,0,0,0,0,0,0,0,0,0,0,0,1,0,0,0,0,0,0,0,0,3,10388,0,0,0,0,1,0,14222,0,0,0,0,0,0,0,0,0,0,0,0,0,0,0,0,0,0,0,0,0,0,0,0,0,0,1,0,0,0,0,0,0,1,0,0,0,0,1,0,0,0,14350,0
2022-01-07,NV,38962,0,0,0,0,0,0,0,0,0,0,0,0,0,0,0,0,0,0,0,0,24,0,0,0,0,0,0,0,0,0,0,2,0,0,0,0,0,0,0,0,0,0,0,0,0,0,0,0,0,0,0,0,0,0,0,0,0,0,0,0,0,0,0,0,1,0,0,0,0,0,0,0,0,3,10590,0,0,0,0,1,0,14799,0,0,0,0,0,0,0,0,0,0,0,0,0,0,0,0,0,0,0,0,0,0,0,0,0,0,1,0,0,0,0,0,0,1,0,0,0,0,1,0,0,0,13539,0
2022-01-08,NV,38931,0,0,0,0,0,0,0,0,0,0,0,0,0,0,0,0,0,0,0,0,23,0,0,0,0,0,0,0,0,0,0,2,0,0,0,0,0,0,0,0,0,0,0,0,0,0,0,0,0,0,0,0,0,0,0,0,0,0,0,0,0,0,0,0,1,0,0,0,0,0,0,0,0,3,10793,0,0,0,0,1,0,15376,0,0,0,0,0,0,0,0,0,0,0,0,0,0,0,0,0,0,0,0,0,0,0,0,0,0,1,0,0,0,0,0,0,1,0,0,0,0,1,0,0,0,12729,0
2022-01-09,NV,37567,0,0,0,0,0,0,0,0,0,0,0,0,0,0,0,0,0,0,0,0,22,0,0,0,0,0,0,0,0,0,0,1,0,0,0,0,0,0,0,0,0,0,0,0,0,0,0,0,0,0,0,0,0,0,0,0,0,0,0,0,0,0,0,0,1,0,0,0,0,0,0,0,0,3,10618,0,0,0,0,1,0,15405,0,0,0,0,0,0,0,0,0,0,0,0,0,0,0,0,0,0,0,0,0,0,0,0,0,0,1,0,0,0,0,0,0,1,0,0,0,0,1,0,0,0,11512,0
2022-01-10,NV,36203,0,0,0,0,0,0,0,0,0,0,0,0,0,0,0,0,0,0,0,0,21,0,0,0,0,0,0,0,0,0,0,1,0,0,0,0,0,0,0,0,0,0,0,0,0,0,0,0,0,0,0,0,0,0,0,0,0,0,0,0,0,0,0,0,1,0,0,0,0,0,0,0,0,3,10429,0,0,0,0,1,0,15394,0,0,0,0,0,0,0,0,0,0,0,0,0,0,0,0,0,0,0,0,0,0,0,0,0,0,1,0,0,0,0,0,0,1,0,0,0,0,1,0,0,0,10351,0
2022-01-11,NV,34839,0,0,0,0,0,0,0,0,0,0,0,0,0,0,0,0,0,0,0,0,19,0,0,0,0,0,0,0,0,0,0,1,0,0,0,0,0,0,0,0,0,0,0,0,0,0,0,0,0,0,0,0,0,0,0,0,0,0,0,0,0,0,0,0,1,0,0,0,0,0,0,0,0,3,10225,0,0,0,0,1,0,15341,0,0,0,0,0,0,0,0,0,0,0,0,0,0,0,0,0,0,0,0,0,0,0,0,0,0,1,0,0,0,0,0,0,1,0,0,0,0,1,0,0,0,9245,0
2022-01-12,NV,33475,0,0,0,0,0,0,0,0,0,0,0,0,0,0,0,0,0,0,0,0,18,0,0,0,0,0,0,0,0,0,0,1,0,0,0,0,0,0,0,0,0,0,0,0,0,0,0,0,0,0,0,0,0,0,0,0,0,0,0,0,0,0,0,0,1,0,0,0,0,0,0,0,0,3,10006,0,0,0,0,1,0,15248,0,0,0,0,0,0,0,0,0,0,0,0,0,0,0,0,0,0,0,0,0,0,0,0,0,0,1,0,0,0,0,0,0,1,0,0,0,0,1,0,0,0,8195,0
2022-01-13,NV,32111,0,0,0,0,0,0,0,0,0,0,0,0,0,0,0,0,0,0,0,0,17,0,0,0,0,0,0,0,0,0,0,1,0,0,0,0,0,0,0,0,0,0,0,0,0,0,0,0,0,0,0,0,0,0,0,0,0,0,0,0,0,0,0,0,1,0,0,0,0,0,0,0,0,3,9773,0,0,0,0,1,0,15113,0,0,0,0,0,0,0,0,0,0,0,0,0,0,0,0,0,0,0,0,0,0,0,0,0,0,1,0,0,0,0,0,0,1,0,0,0,0,1,0,0,0,7201,0
2022-01-14,NV,30748,0,0,0,0,0,0,0,0,0,0,0,0,0,0,0,0,0,0,0,0,16,0,0,0,0,0,0,0,0,0,0,1,0,0,0,0,0,0,0,0,0,0,0,0,0,0,0,0,0,0,0,0,0,0,0,0,0,0,0,0,0,0,0,0,1,0,0,0,0,0,0,0,0,3,9524,0,0,0,0,1,0,14937,0,0,0,0,0,0,0,0,0,0,0,0,0,0,0,0,0,0,0,0,0,0,0,0,0,0,1,0,0,0,0,0,0,1,0,0,0,0,1,0,0,0,6263,0
2022-01-15,NV,29384,0,0,0,0,0,0,0,0,0,0,0,0,0,0,0,0,0,0,0,0,15,0,0,0,0,0,0,0,0,0,0,1,0,0,0,0,0,0,0,0,0,0,0,0,0,0,0,0,0,0,0,0,0,0,0,0,0,0,0,0,0,0,0,0,0,0,0,0,0,0,0,0,0,3,9261,0,0,0,0,1,0,14720,0,0,0,0,0,0,0,0,0,0,0,0,0,0,0,0,0,0,0,0,0,0,0,0,0,0,1,0,0,0,0,0,0,1,0,0,0,0,1,0,0,0,5381,0
2022-01-16,NV,27779,0,0,0,0,0,0,0,0,0,0,0,0,0,0,0,0,0,0,0,0,13,0,0,0,0,0,0,0,0,0,0,1,0,0,0,0,0,0,0,0,0,0,0,0,0,0,0,0,0,0,0,0,0,0,0,0,0,0,0,0,0,0,0,0,0,0,0,0,0,0,0,0,0,2,8906,0,0,0,0,1,0,14337,0,0,0,0,0,0,0,0,0,0,0,0,0,0,0,0,0,0,0,0,0,0,0,0,0,0,1,0,0,0,0,0,0,1,0,0,0,0,1,0,0,0,4515,0
2022-01-17,NV,26175,0,0,0,0,0,0,0,0,0,0,0,0,0,0,0,0,0,0,0,0,12,0,0,0,0,0,0,0,0,0,0,1,0,0,0,0,0,0,0,0,0,0,0,0,0,0,0,0,0,0,0,0,0,0,0,0,0,0,0,0,0,0,0,0,0,0,0,0,0,0,0,0,0,2,8534,0,0,0,0,1,0,13906,0,0,0,0,0,0,0,0,0,0,0,0,0,0,0,0,0,0,0,0,0,0,0,0,0,0,0,0,0,0,0,0,0,1,0,0,0,0,1,0,0,0,3716,0
2022-01-18,NV,24570,0,0,0,0,0,0,0,0,0,0,0,0,0,0,0,0,0,0,0,0,11,0,0,0,0,0,0,0,0,0,0,1,0,0,0,0,0,0,0,0,0,0,0,0,0,0,0,0,0,0,0,0,0,0,0,0,0,0,0,0,0,0,0,0,0,0,0,0,0,0,0,0,0,2,8144,0,0,0,0,1,0,13427,0,0,0,0,0,0,0,0,0,0,0,0,0,0,0,0,0,0,0,0,0,0,0,0,0,0,0,0,0,0,0,0,0,0,0,0,0,0,1,0,0,0,2982,0
2022-01-19,NV,22965,0,0,0,0,0,0,0,0,0,0,0,0,0,0,0,0,0,0,0,0,10,0,0,0,0,0,0,0,0,0,0,1,0,0,0,0,0,0,0,0,0,0,0,0,0,0,0,0,0,0,0,0,0,0,0,0,0,0,0,0,0,0,0,0,0,0,0,0,0,0,0,0,0,2,7737,0,0,0,0,1,0,12898,0,0,0,0,0,0,0,0,0,0,0,0,0,0,0,0,0,0,0,0,0,0,0,0,0,0,0,0,0,0,0,0,0,0,0,0,0,0,1,0,0,0,2314,0
2022-01-20,NV,21361,0,0,0,0,0,0,0,0,0,0,0,0,0,0,0,0,0,0,0,0,9,0,0,0,0,0,0,0,0,0,0,1,0,0,0,0,0,0,0,0,0,0,0,0,0,0,0,0,0,0,0,0,0,0,0,0,0,0,0,0,0,0,0,0,0,0,0,0,0,0,0,0,0,2,7313,0,0,0,0,1,0,12322,0,0,0,0,0,0,0,0,0,0,0,0,0,0,0,0,0,0,0,0,0,0,0,0,0,0,0,0,0,0,0,0,0,0,0,0,0,0,1,0,0,0,1712,0
2022-01-21,NV,19756,0,0,0,0,0,0,0,0,0,0,0,0,0,0,0,0,0,0,0,0,8,0,0,0,0,0,0,0,0,0,0,1,0,0,0,0,0,0,0,0,0,0,0,0,0,0,0,0,0,0,0,0,0,0,0,0,0,0,0,0,0,0,0,0,0,0,0,0,0,0,0,0,0,2,6871,0,0,0,0,1,0,11696,0,0,0,0,0,0,0,0,0,0,0,0,0,0,0,0,0,0,0,0,0,0,0,0,0,0,0,0,0,0,0,0,0,0,0,0,0,0,1,0,0,0,1176,0
2022-01-22,NV,18152,0,0,0,0,0,0,0,0,0,0,0,0,0,0,0,0,0,0,0,0,7,0,0,0,0,0,0,0,0,0,0,1,0,0,0,0,0,0,0,0,0,0,0,0,0,0,87,0,0,0,0,0,0,0,0,0,0,0,0,0,0,0,0,0,0,0,0,0,0,0,0,0,0,2,6381,0,0,0,0,1,0,10969,0,0,0,0,0,0,0,0,0,0,0,0,0,0,0,0,0,0,0,0,0,0,0,0,0,0,0,0,0,0,0,0,0,0,0,0,0,0,1,0,0,0,703,0
2022-01-23,NV,17293,0,0,0,0,0,0,0,0,0,0,0,0,0,0,0,0,0,0,0,0,7,0,0,0,0,0,0,0,0,0,0,1,0,0,0,0,0,0,0,0,0,0,0,0,0,0,94,0,0,0,0,0,0,0,0,0,0,0,0,0,0,0,0,0,0,0,0,0,0,0,0,0,0,2,6000,0,0,0,0,1,0,10541,0,0,0,0,0,0,0,0,0,0,0,0,0,0,0,0,0,0,0,0,0,0,0,0,0,0,0,0,0,0,0,0,0,0,0,0,0,0,1,0,0,0,647,0
2022-01-24,NV,16434,0,0,0,0,0,0,0,0,0,0,0,0,0,0,0,0,0,0,0,0,6,0,0,0,0,0,0,0,0,0,0,1,0,0,0,0,0,0,0,0,0,0,0,0,0,0,101,0,0,0,0,0,0,0,0,0,0,0,0,0,0,0,0,0,0,0,0,0,0,0,0,0,0,2,5626,0,0,0,0,0,0,10103,0,0,0,0,0,0,0,0,0,0,0,0,0,0,0,0,0,0,0,0,0,0,0,0,0,0,0,0,0,0,0,0,0,0,0,0,0,0,1,0,0,0,593,0
2022-01-25,NV,15575,0,0,0,0,0,0,0,0,0,0,0,0,0,0,0,0,0,0,0,0,6,0,0,0,0,0,0,0,0,0,0,1,0,0,0,0,0,0,0,0,0,0,0,0,0,0,106,0,0,0,0,0,0,0,0,0,0,0,0,0,0,0,0,0,0,0,0,0,0,0,0,0,0,2,5260,0,0,0,0,0,0,9657,0,0,0,0,0,0,0,0,0,0,0,0,0,0,0,0,0,0,0,0,0,0,0,0,0,0,0,0,0,0,0,0,0,0,0,0,0,0,0,0,0,0,541,0
2022-01-26,NV,14716,0,0,0,0,0,0,0,0,0,0,0,0,0,0,0,0,0,0,0,0,5,0,0,0,0,0,0,0,0,0,0,1,0,0,0,0,0,0,0,0,0,0,0,0,0,0,111,0,0,0,0,0,0,0,0,0,0,0,0,0,0,0,0,0,0,0,0,0,0,0,0,0,0,2,4902,0,0,0,0,0,0,9202,0,0,0,0,0,0,0,0,0,0,0,0,0,0,0,0,0,0,0,0,0,0,0,0,0,0,0,0,0,0,0,0,0,0,0,0,0,0,0,0,0,0,492,0
2022-01-27,NV,13857,0,0,0,0,0,0,0,0,0,0,0,0,0,0,0,0,0,0,0,0,5,0,0,0,0,0,0,0,0,0,0,0,0,0,0,0,0,0,0,0,0,0,0,0,0,0,114,0,0,0,0,0,0,0,0,0,0,0,0,0,0,0,0,0,0,0,0,0,0,0,0,0,0,2,4552,0,0,0,0,0,0,8737,0,0,0,0,0,0,0,0,0,0,0,0,0,0,0,0,0,0,0,0,0,0,0,0,0,0,0,0,0,0,0,0,0,0,0,0,0,0,0,0,0,0,445,0
2022-01-28,NV,12999,0,0,0,0,0,0,0,0,0,0,0,0,0,0,0,0,0,0,0,0,4,0,0,0,0,0,0,0,0,0,0,0,0,0,0,0,0,0,0,0,0,0,0,0,0,0,116,0,0,0,0,0,0,0,0,0,0,0,0,0,0,0,0,0,0,0,0,0,0,0,0,0,0,2,4210,0,0,0,0,0,0,8264,0,0,0,0,0,0,0,0,0,0,0,0,0,0,0,0,0,0,0,0,0,0,0,0,0,0,0,0,0,0,0,0,0,0,0,0,0,0,0,0,0,0,400,0
2022-01-29,NV,12140,0,0,0,0,0,0,0,0,0,0,0,0,0,0,0,0,0,0,0,0,4,0,0,0,0,0,0,0,0,0,0,0,0,0,0,0,0,0,0,0,0,0,0,0,0,0,116,0,0,0,0,0,0,0,0,0,0,0,0,0,0,0,0,0,1,0,0,0,0,0,0,0,0,2,3876,0,0,0,0,0,0,7781,0,0,0,0,0,0,0,0,0,0,0,0,0,0,0,0,0,0,0,0,0,0,0,0,0,0,0,0,0,0,0,0,0,0,0,0,0,0,0,0,0,0,358,0
2022-01-30,NV,11463,0,0,0,0,0,0,0,0,0,0,0,0,0,0,0,0,0,0,0,0,3,0,0,0,0,0,0,0,0,0,0,0,0,0,0,0,0,0,0,0,0,0,0,0,0,0,118,0,0,0,0,0,0,0,0,0,0,0,0,0,0,0,0,0,1,0,0,0,0,0,0,0,0,3,3607,0,0,0,0,0,0,7407,0,0,0,0,0,0,0,0,0,0,0,0,0,0,0,0,0,0,0,0,0,0,0,0,0,0,0,0,0,0,0,0,0,0,0,0,0,0,0,0,0,0,323,0
2022-01-31,NV,10786,0,0,0,0,0,0,0,0,0,0,0,0,0,0,0,0,0,0,0,0,3,0,0,0,0,0,0,0,0,0,0,0,0,0,0,0,0,0,0,0,0,0,0,0,0,0,118,0,0,0,0,0,0,0,0,0,0,0,0,0,0,0,0,0,1,0,0,0,0,0,0,0,0,3,3344,0,0,0,0,0,0,7026,0,0,0,0,0,0,0,0,0,0,0,0,0,0,0,0,0,0,0,0,0,0,0,0,0,0,0,0,0,0,0,0,0,0,0,0,0,0,0,0,0,0,289,0
2022-02-01,NV,10109,0,0,0,0,0,0,0,0,0,0,0,0,0,0,0,0,0,0,0,0,3,0,0,0,0,0,0,0,0,0,0,0,0,0,0,0,0,0,0,0,0,0,0,0,0,0,118,0,0,0,0,0,0,0,0,0,0,0,0,0,0,0,0,0,1,0,0,0,0,0,0,0,0,3,3088,0,0,0,0,0,0,6638,0,0,0,0,0,0,0,0,0,0,0,0,0,0,0,0,0,0,0,0,0,0,0,0,0,0,0,0,0,0,0,0,0,0,0,0,0,0,0,0,0,0,258,0
2022-02-02,NV,9432,0,0,0,0,0,0,0,0,0,0,0,0,0,0,0,0,0,0,0,0,2,0,0,0,0,0,0,0,0,0,0,0,0,0,0,0,0,0,0,0,0,0,0,0,0,0,116,0,0,0,0,0,0,0,0,0,0,0,0,0,0,0,0,0,1,0,0,0,0,0,0,0,0,3,2838,0,0,0,0,0,0,6243,0,0,0,0,0,0,0,0,0,0,0,0,0,0,0,0,0,0,0,0,0,0,0,0,0,0,0,0,0,0,0,0,0,0,0,0,0,0,0,0,0,0,228,0
2022-02-03,NV,8755,0,0,0,0,0,0,0,0,0,0,0,0,0,0,0,0,0,0,0,0,2,0,0,0,0,0,0,0,0,0,0,0,0,0,0,0,0,0,0,0,0,0,0,0,0,0,114,0,0,0,0,0,0,0,0,0,0,0,0,0,0,0,0,0,1,0,0,0,0,0,0,0,0,2,2594,0,0,0,0,0,0,5841,0,0,0,0,0,0,0,0,0,0,0,0,0,0,0,0,0,0,0,0,0,0,0,0,0,0,0,0,0,0,0,0,0,0,0,0,0,0,0,0,0,0,200,0
2022-02-04,NV,8078,0,0,0,0,0,0,0,0,0,0,0,0,0,0,0,0,0,0,0,0,2,0,0,0,0,0,0,0,0,0,0,0,0,0,0,0,0,0,0,0,0,0,0,0,0,0,111,0,0,0,0,0,0,0,0,0,0,0,0,0,0,0,0,0,1,0,0,0,0,0,0,0,0,2,2356,0,0,0,0,0,0,5431,0,0,0,0,0,0,0,0,0,0,0,0,0,0,0,0,0,0,0,0,0,0,0,0,0,0,0,0,0,0,0,0,0,0,0,0,0,0,0,0,0,0,174,0
2022-02-05,NV,7401,0,0,0,0,0,0,0,0,0,0,0,0,0,0,0,0,0,0,0,0,2,0,0,0,0,0,0,0,0,0,0,0,0,0,0,0,0,0,0,0,0,0,0,0,0,0,106,0,0,0,0,0,0,0,0,0,0,0,0,0,0,0,0,0,0,0,0,0,0,0,0,0,0,2,2124,0,0,0,0,0,0,5015,0,0,0,0,0,0,0,0,0,0,0,0,0,0,0,0,0,0,0,0,0,0,0,0,0,0,0,0,0,0,0,0,0,0,0,0,0,0,0,0,0,0,150,0
2022-02-06,NV,6857,0,0,0,0,0,0,0,0,0,0,0,0,0,0,0,0,0,0,0,0,1,0,0,0,0,0,0,0,0,0,0,0,0,0,0,0,0,0,0,0,0,0,0,0,0,0,103,0,0,0,0,0,0,0,0,0,0,0,0,0,0,0,0,0,0,0,0,0,0,0,0,0,0,2,1937,0,0,0,0,0,0,4682,0,0,0,0,0,0,0,0,0,0,0,0,0,0,0,0,0,0,0,0,0,0,0,0,0,0,0,0,0,0,0,0,0,0,0,0,0,0,0,0,0,0,130,0
2022-02-07,NV,6312,0,0,0,0,0,0,0,0,0,0,0,0,0,0,0,0,0,0,0,0,1,0,0,0,0,0,0,0,0,0,0,0,0,0,0,0,0,0,0,0,0,0,0,0,0,0,99,0,0,0,0,0,0,0,0,0,0,0,0,0,0,0,0,0,0,0,0,0,0,0,0,0,0,2,1754,0,0,0,0,0,0,4343,0,0,0,0,0,0,0,0,0,0,0,0,0,0,0,0,0,0,0,0,0,0,0,0,0,0,0,0,0,0,0,0,0,0,0,0,0,0,0,0,0,0,111,0
2022-02-08,NV,5768,0,0,0,0,0,0,0,0,0,0,0,0,0,0,0,0,0,0,0,0,1,0,0,0,0,0,0,0,0,0,0,0,0,0,0,0,0,0,0,0,0,0,0,0,0,0,95,0,0,0,0,0,0,0,0,0,0,0,0,0,0,0,0,0,0,0,0,0,0,0,0,0,0,2,1576,0,0,0,0,0,0,3999,0,0,0,0,0,0,0,0,0,0,0,0,0,0,0,0,0,0,0,0,0,0,0,0,0,0,0,0,0,0,0,0,0,0,0,0,0,0,0,0,0,0,94,0
2022-02-09,NV,5223,0,0,0,0,0,0,0,0,0,0,0,0,0,0,0,0,0,0,0,0,1,0,0,0,0,0,0,0,0,0,0,0,0,0,0,0,0,0,0,0,0,0,0,0,0,0,89,0,0,0,0,0,0,0,0,0,0,0,0,0,0,0,0,0,0,0,0,0,0,0,0,0,0,2,1403,0,0,0,0,0,0,3649,0,0,0,0,0,0,0,0,0,0,0,0,0,0,0,0,0,0,0,0,0,0,0,0,0,0,0,0,0,0,0,0,0,0,0,0,0,0,0,0,0,0,78,0
2022-02-10,NV,4679,0,0,0,0,0,0,0,0,0,0,0,0,0,0,0,0,0,0,0,0,1,0,0,0,0,0,0,0,0,0,0,0,0,0,0,0,0,0,0,0,0,0,0,0,0,0,83,0,0,0,0,0,0,0,0,0,0,0,0,0,0,0,0,0,0,0,0,0,0,0,0,0,0,2,1235,0,0,0,0,0,0,3293,0,0,0,0,0,0,0,0,0,0,0,0,0,0,0,0,0,0,0,0,0,0,0,0,0,0,0,0,0,0,0,0,0,0,0,0,0,0,0,0,0,0,64,0
2022-02-11,NV,4135,0,0,0,0,0,0,0,0,0,0,0,0,0,0,0,0,0,0,0,0,1,0,0,0,0,0,0,0,0,0,0,0,0,0,0,0,0,0,0,0,0,0,0,0,0,0,76,0,0,0,0,0,0,0,0,0,0,0,0,0,0,0,0,0,0,0,0,0,0,0,0,0,0,2,1073,0,0,0,0,0,0,2932,0,0,0,0,0,0,0,0,0,0,0,0,0,0,0,0,0,0,0,0,0,0,0,0,0,0,0,0,0,0,0,0,0,0,0,0,0,0,0,0,0,0,51,0
2022-02-12,NV,3590,0,0,0,0,0,0,0,0,0,0,0,0,0,0,0,0,0,0,0,0,0,0,0,0,0,0,0,0,0,0,0,0,0,0,0,0,0,0,0,0,0,0,0,0,0,0,69,0,0,0,0,0,0,0,0,0,0,0,0,0,0,0,0,0,0,0,0,0,0,0,0,0,0,2,915,0,0,0,0,0,0,2564,0,0,0,0,0,0,0,0,0,0,0,0,0,0,0,0,0,0,0,0,0,0,0,0,0,0,0,0,0,0,0,0,0,0,0,0,0,0,0,0,0,0,39,0
2022-02-13,NV,3364,0,0,0,0,0,0,0,0,0,0,0,0,0,0,0,0,0,0,0,0,0,0,0,0,0,0,0,0,0,0,0,0,0,0,0,0,0,0,0,0,0,0,0,0,0,0,67,0,0,0,0,0,0,0,0,0,0,0,0,0,0,0,0,0,0,0,0,0,0,0,0,0,0,1,842,0,0,0,0,0,0,2420,0,0,0,0,0,0,0,0,0,0,0,0,0,0,0,0,0,0,0,0,0,0,0,0,0,0,0,0,0,0,0,0,0,0,0,0,0,0,0,0,0,0,32,0
2022-02-14,NV,3137,0,0,0,0,0,0,0,0,0,0,0,0,0,0,0,0,0,0,0,0,0,0,0,0,0,0,0,0,0,0,0,0,0,0,0,0,0,0,0,0,0,0,0,0,0,0,64,0,0,0,0,0,0,0,0,0,0,0,0,0,0,0,0,0,0,0,0,0,0,0,0,0,0,1,770,0,0,0,0,0,0,2274,0,0,0,0,0,0,0,0,0,0,0,0,0,0,0,0,0,0,0,0,0,0,0,0,0,0,0,0,0,0,0,0,0,0,0,0,0,0,0,0,0,0,26,0
2022-02-15,NV,2910,0,0,0,0,0,0,0,0,0,0,0,0,0,0,0,0,0,0,0,0,0,0,0,0,0,0,0,0,0,0,0,0,0,0,0,0,0,0,0,0,0,0,0,0,0,0,62,0,0,0,0,0,0,0,0,0,0,0,0,0,0,0,0,0,0,0,0,0,0,0,0,0,0,1,701,0,0,0,0,0,0,2125,0,0,0,0,0,0,0,0,0,0,0,0,0,0,0,0,0,0,0,0,0,0,0,0,0,0,0,0,0,0,0,0,0,0,0,0,0,0,0,0,0,0,20,0
2022-02-16,NV,2684,0,0,0,0,0,0,0,0,0,0,0,0,0,0,0,0,0,0,0,0,0,0,0,0,0,0,0,0,0,0,0,0,0,0,0,0,0,0,0,0,0,0,0,0,0,0,59,0,0,0,0,0,0,0,0,0,0,0,0,0,0,0,0,0,0,0,0,0,0,0,0,0,0,1,634,0,0,0,0,0,0,1973,0,0,0,0,0,0,0,0,0,0,0,0,0,0,0,0,0,0,0,0,0,0,0,0,0,0,0,0,0,0,0,0,0,0,0,0,0,0,0,0,0,0,15,0
2022-02-17,NV,2457,0,0,0,0,0,0,0,0,0,0,0,0,0,0,0,0,0,0,0,0,0,0,0,0,0,0,0,0,0,0,0,0,0,0,0,0,0,0,0,0,0,0,0,0,0,0,56,0,0,0,0,0,0,0,0,0,0,0,0,0,0,0,0,0,0,0,0,0,0,0,0,0,0,1,570,0,0,0,0,0,0,1819,0,0,0,0,0,0,0,0,0,0,0,0,0,0,0,0,0,0,0,0,0,0,0,0,0,0,0,0,0,0,0,0,0,0,0,0,0,0,0,0,0,0,11,0
2022-02-18,NV,2231,0,0,0,0,0,0,0,0,0,0,0,0,0,0,0,0,0,0,0,0,0,0,0,0,0,0,0,0,0,0,0,0,0,0,0,0,0,0,0,0,0,0,0,0,0,0,52,0,0,0,0,0,0,0,0,0,0,0,0,0,0,0,0,0,0,0,0,0,0,0,0,0,0,1,507,0,0,0,0,0,0,1663,0,0,0,0,0,0,0,0,0,0,0,0,0,0,0,0,0,0,0,0,0,0,0,0,0,0,0,0,0,0,0,0,0,0,0,0,0,0,0,0,0,0,7,0
2022-02-19,NV,2004,0,0,0,0,0,0,0,0,0,0,0,0,0,0,0,0,0,0,0,0,0,0,0,0,0,0,0,0,0,0,0,0,0,0,0,0,0,0,0,0,0,0,0,0,0,0,48,0,0,0,0,0,0,0,0,0,0,0,0,0,0,0,0,0,0,0,0,0,0,0,0,0,0,1,446,0,0,0,0,0,0,1505,0,0,0,0,0,0,0,0,0,0,0,0,0,0,0,0,0,0,0,0,0,0,0,0,0,0,0,0,0,0,0,0,0,0,0,0,0,0,0,0,0,0,3,0
2022-02-20,NV,1911,0,0,0,0,0,0,0,0,0,0,0,0,0,0,0,0,0,0,0,0,0,0,0,0,0,0,0,0,0,0,0,0,0,0,0,0,0,0,0,0,0,0,0,0,0,0,59,0,0,0,0,0,0,0,0,0,0,0,0,0,0,0,0,0,0,0,0,0,0,0,0,0,0,1,418,0,0,0,0,0,0,1428,0,0,0,0,0,0,0,0,0,0,0,0,0,0,0,0,0,0,0,0,0,0,0,0,0,0,0,0,0,0,0,0,0,0,0,0,0,0,0,0,0,0,3,0
2022-02-21,NV,1817,0,0,0,0,0,0,0,0,0,0,0,0,0,0,0,0,0,0,0,0,0,0,0,0,0,0,0,0,0,0,0,0,0,0,0,0,0,0,0,0,0,0,0,0,0,0,69,0,0,0,0,0,0,0,0,0,0,0,0,0,0,0,0,0,0,0,0,0,0,0,0,0,0,1,391,0,0,0,0,0,0,1352,0,0,0,0,0,0,0,0,0,0,0,0,0,0,0,0,0,0,0,0,0,0,0,0,0,0,0,0,0,0,0,0,0,0,0,0,0,0,0,0,0,0,3,0
2022-02-22,NV,1724,0,0,0,0,0,0,0,0,0,0,0,0,0,0,0,0,0,0,0,0,0,0,0,0,0,0,0,0,0,0,0,0,0,0,0,0,0,0,0,0,0,0,0,0,0,0,78,0,0,0,0,0,0,0,0,0,0,0,0,0,0,0,0,0,0,0,0,0,0,0,0,0,0,1,365,0,0,0,0,0,0,1276,0,0,0,0,0,0,0,0,0,0,0,0,0,0,0,0,0,0,0,0,0,0,0,0,0,0,0,0,0,0,0,0,0,0,0,0,0,0,0,0,0,0,3,0
2022-02-23,NV,1630,0,0,0,0,0,0,0,0,0,0,0,0,0,0,0,0,0,0,0,0,0,0,0,0,0,0,0,0,0,0,0,0,0,0,0,0,0,0,0,0,0,0,0,0,0,0,85,0,0,0,0,0,0,0,0,0,0,0,0,0,0,0,0,0,0,0,0,0,0,0,0,0,0,1,339,0,0,0,0,0,0,1201,0,0,0,0,0,0,0,0,0,0,0,0,0,0,0,0,0,0,0,0,0,0,0,0,0,0,0,0,0,0,0,0,0,0,0,0,0,0,0,0,0,0,3,0
2022-02-24,NV,1537,0,0,0,0,0,0,0,0,0,0,0,0,0,0,0,0,0,0,0,0,0,0,0,0,0,0,0,0,0,0,0,0,0,0,0,0,0,0,0,0,0,0,0,0,0,0,91,0,0,0,0,0,0,0,0,0,0,0,0,0,0,0,0,0,0,0,0,0,0,0,0,0,0,1,314,0,0,0,0,0,0,1127,0,0,0,0,0,0,0,0,0,0,0,0,0,0,0,0,0,0,0,0,0,0,0,0,0,0,0,0,0,0,0,0,0,0,0,0,0,0,0,0,0,0,2,0
2022-02-25,NV,1444,0,0,0,0,0,0,0,0,0,0,0,0,0,0,0,0,0,0,0,0,0,0,0,0,0,0,0,0,0,0,0,0,0,0,0,0,0,0,0,0,0,0,0,0,0,0,96,0,0,0,0,0,0,0,0,0,0,0,0,0,0,0,0,0,0,0,0,0,0,0,0,0,0,1,290,0,0,0,0,0,0,1054,0,0,0,0,0,0,0,0,0,0,0,0,0,0,0,0,0,0,0,0,0,0,0,0,0,0,0,0,0,0,0,0,0,0,0,0,0,0,0,0,0,0,2,0
2022-02-26,NV,1350,0,0,0,0,0,0,0,0,0,0,0,0,0,0,0,0,0,0,0,0,0,0,0,0,0,0,0,0,0,0,0,0,0,0,0,0,0,0,0,0,0,0,0,0,0,0,99,0,0,0,0,0,0,0,0,0,0,0,0,0,0,0,0,0,0,0,0,0,0,0,0,0,0,1,266,0,0,0,0,0,0,981,0,0,0,0,0,0,0,0,0,0,0,0,0,0,0,0,0,0,0,0,0,0,0,0,0,0,0,0,0,0,0,0,0,0,0,0,0,0,0,0,0,0,2,0
2022-02-27,NV,1306,0,0,0,0,0,0,0,0,0,0,0,0,0,0,0,0,0,0,0,0,0,0,0,0,0,0,0,0,0,0,0,0,0,0,0,0,0,0,0,0,0,0,0,0,0,0,105,0,0,0,0,0,0,0,0,0,0,0,0,0,0,0,0,0,0,0,0,0,0,0,0,0,0,1,253,0,0,0,0,0,0,944,0,0,0,0,0,0,0,0,0,0,0,0,0,0,0,0,0,0,0,0,0,0,0,0,0,0,0,0,0,0,0,0,0,0,0,0,0,0,0,0,0,0,2,0
2022-02-28,NV,1263,0,0,0,0,0,0,0,0,0,0,0,0,0,0,0,0,0,0,0,0,0,0,0,0,0,0,0,0,0,0,0,0,0,0,0,0,0,0,0,0,0,0,0,0,0,0,111,0,0,0,0,0,0,0,0,0,0,0,0,0,0,0,0,0,0,0,0,0,0,0,0,0,0,1,240,0,0,0,0,0,0,908,0,0,0,0,0,0,0,0,0,0,0,0,0,0,0,0,0,0,0,0,0,0,0,0,0,0,0,0,0,0,0,0,0,0,0,0,0,0,0,0,0,0,2,0
2022-03-01,NV,1219,0,0,0,0,0,0,0,0,0,0,0,0,0,0,0,0,0,0,0,0,0,0,0,0,0,0,0,0,0,0,0,0,0,0,0,0,0,0,0,0,0,0,0,0,0,0,116,0,0,0,0,0,0,0,0,0,0,0,0,0,0,0,0,0,0,0,0,0,0,0,0,0,0,1,227,0,0,0,0,0,0,873,0,0,0,0,0,0,0,0,0,0,0,0,0,0,0,0,0,0,0,0,0,0,0,0,0,0,0,0,0,0,0,0,0,0,0,0,0,0,0,0,0,0,2,0
2022-03-02,NV,1176,0,0,0,0,0,0,0,0,0,0,0,0,0,0,0,0,0,0,0,0,0,0,0,0,0,0,0,0,0,0,0,0,0,0,0,0,0,0,0,0,0,0,0,0,0,0,120,0,0,0,0,0,0,0,0,0,0,0,0,0,0,0,0,0,0,0,0,0,0,0,0,0,0,1,215,0,0,0,0,0,0,837,0,0,0,0,0,0,0,0,0,0,0,0,0,0,0,0,0,0,0,0,0,0,0,0,0,0,0,0,0,0,0,0,0,0,0,0,0,0,0,0,0,0,2,0
2022-03-03,NV,1132,0,0,0,0,0,0,0,0,0,0,0,0,0,0,0,0,0,0,0,0,0,0,0,0,0,0,0,0,0,0,0,0,0,0,0,0,0,0,0,0,0,0,0,0,0,0,123,0,0,0,0,0,0,0,0,0,0,0,0,0,0,0,0,0,0,0,0,0,0,0,0,0,0,1,203,0,0,0,0,0,0,802,0,0,0,0,0,0,0,0,0,0,0,0,0,0,0,0,0,0,0,0,0,0,0,0,0,0,0,0,0,0,0,0,0,0,0,0,0,0,0,0,0,0,1,0
2022-03-04,NV,1088,0,0,0,0,0,0,0,0,0,0,0,0,0,0,0,0,0,0,0,0,0,0,0,0,0,0,0,0,0,0,0,0,0,0,0,0,0,0,0,0,0,0,0,0,0,0,126,0,0,0,0,0,0,0,0,0,0,0,0,0,0,0,0,0,0,0,0,0,0,0,0,0,0,1,191,0,0,0,0,0,0,768,0,0,0,0,0,0,0,0,0,0,0,0,0,0,0,0,0,0,0,0,0,0,0,0,0,0,0,0,0,0,0,0,0,0,0,0,0,0,0,0,0,0,1,0
2022-03-05,NV,1045,0,0,0,0,0,0,0,0,0,0,0,0,0,0,0,0,0,0,0,0,0,0,0,0,0,0,0,0,0,0,0,0,0,0,0,0,0,0,0,0,0,0,0,0,0,0,129,0,0,0,0,0,0,0,0,0,0,0,0,0,0,0,0,0,0,0,0,0,0,0,0,0,0,1,180,0,0,0,0,0,0,733,0,0,0,0,0,0,0,0,0,0,0,0,0,0,0,0,0,0,0,0,0,0,0,0,0,0,0,0,0,0,0,0,0,0,0,0,0,0,0,0,0,0,1,0
2022-03-06,NV,1031,0,0,0,0,0,0,0,0,0,0,0,0,0,0,0,0,0,0,0,0,0,0,0,0,0,0,0,0,0,0,0,0,0,0,0,0,0,0,0,0,0,0,0,0,0,0,134,0,0,0,0,0,0,0,0,0,0,0,0,0,0,0,0,0,0,0,0,0,0,0,0,0,0,1,174,0,0,0,0,0,0,720,0,0,0,0,0,0,0,0,0,0,0,0,0,0,0,0,0,0,0,0,0,0,0,0,0,0,0,0,0,0,0,0,0,0,0,0,0,0,0,0,0,0,1,0
2022-03-07,NV,1018,0,0,0,0,0,0,0,0,0,0,0,0,0,0,0,0,0,0,0,0,0,0,0,0,0,0,0,0,0,0,0,0,0,0,0,0,0,0,0,0,0,0,0,0,0,0,140,0,0,0,0,0,0,0,0,0,0,0,0,0,0,0,0,0,0,0,0,0,0,0,0,0,0,1,168,0,0,0,0,0,0,707,0,0,0,0,0,0,0,0,0,0,0,0,0,0,0,0,0,0,0,0,0,0,0,0,0,0,0,0,0,0,0,0,0,0,0,0,0,0,0,0,0,0,1,0
2022-03-08,NV,1005,0,0,0,0,0,0,0,0,0,0,0,0,0,0,0,0,0,0,0,0,0,0,0,0,0,0,0,0,0,0,0,0,0,0,0,0,0,0,0,0,0,0,0,0,0,0,145,0,0,0,0,0,0,0,0,0,0,0,0,0,0,0,0,0,0,0,0,0,0,0,0,0,0,1,162,0,0,0,0,0,0,694,0,0,0,0,0,0,0,0,0,0,0,0,0,0,0,0,0,0,0,0,0,0,0,0,0,0,0,0,0,0,0,0,0,0,0,0,0,0,0,0,0,0,1,0
2022-03-09,NV,991,0,0,0,0,0,0,0,0,0,0,0,0,0,0,0,0,0,0,0,0,0,0,0,0,0,0,0,0,0,0,0,0,0,0,0,0,0,0,0,0,0,0,0,0,0,0,150,0,0,0,0,0,0,0,0,0,0,0,0,0,0,0,0,0,0,0,0,0,0,0,0,0,0,1,156,0,0,0,0,0,0,682,0,0,0,0,0,0,0,0,0,0,0,0,0,0,0,0,0,0,0,0,0,0,0,0,0,0,0,0,0,0,0,0,0,0,0,0,0,0,0,0,0,0,1,0
2022-03-10,NV,978,0,0,0,0,0,0,0,0,0,0,0,0,0,0,0,0,0,0,0,0,0,0,0,0,0,0,0,0,0,0,0,0,0,0,0,0,0,0,0,0,0,0,0,0,0,0,155,0,0,0,0,0,0,0,0,0,0,0,0,0,0,0,0,0,0,0,0,0,0,0,0,0,0,1,151,0,0,0,0,0,0,669,0,0,0,0,0,0,0,0,0,0,0,0,0,0,0,0,0,0,0,0,0,0,0,0,0,0,0,0,0,0,0,0,0,0,0,0,0,0,0,0,0,0,1,0
2022-03-11,NV,965,0,0,0,0,0,0,0,0,0,0,0,0,0,0,0,0,0,0,0,0,0,0,0,0,0,0,0,0,0,0,0,0,0,0,0,0,0,0,0,0,0,0,0,0,0,0,160,0,0,0,0,0,0,0,0,0,0,0,0,0,0,0,0,0,0,0,0,0,0,0,0,0,0,1,145,0,0,0,0,0,0,657,0,0,0,0,0,0,0,0,0,0,0,0,0,0,0,0,0,0,0,0,0,0,0,0,0,0,0,0,0,0,0,0,0,0,0,0,0,0,0,0,0,0,1,0
2022-03-12,NV,951,0,0,0,0,0,0,0,0,0,0,0,0,0,0,0,0,0,0,0,0,0,0,0,0,0,0,0,0,0,0,0,0,0,0,0,0,0,0,0,0,0,0,0,0,0,0,164,0,0,0,0,0,0,0,0,0,0,0,0,0,0,0,0,0,0,0,0,0,0,0,0,0,0,1,140,0,0,0,0,0,0,644,0,0,0,0,0,0,0,0,0,0,0,0,0,0,0,0,0,0,0,0,0,0,0,0,0,0,0,0,0,0,0,0,0,0,0,0,0,0,0,0,0,0,1,0
2022-03-13,NV,960,0,0,0,0,0,0,0,0,0,0,0,0,0,0,0,0,0,0,0,0,0,0,0,0,0,0,0,0,0,0,0,0,0,0,0,0,0,0,0,0,0,0,0,0,0,0,173,0,0,0,0,0,0,0,0,0,0,0,0,0,0,0,0,0,0,0,0,0,0,0,0,0,0,1,137,0,0,0,0,0,0,647,0,0,0,0,0,0,0,0,0,0,0,0,0,0,0,0,0,0,0,0,0,0,0,0,0,0,0,0,0,0,0,0,0,0,0,0,0,0,1,0,0,0,1,0
2022-03-14,NV,968,0,0,0,0,0,0,0,0,0,0,0,0,0,0,0,0,0,0,0,0,0,0,0,0,0,0,0,0,0,0,0,0,0,0,0,0,0,0,0,0,0,0,0,0,0,0,181,0,0,0,0,0,0,0,0,0,0,0,0,0,0,0,0,0,0,0,0,0,0,0,0,0,0,1,135,0,0,0,0,0,0,649,0,0,0,0,0,0,0,0,0,0,0,0,0,0,0,0,0,0,0,0,0,0,0,0,0,0,0,0,0,0,0,0,0,0,0,0,0,0,1,0,0,0,1,0
2022-03-15,NV,976,0,0,0,0,0,0,0,0,0,0,0,0,0,0,0,0,0,0,0,0,0,0,0,0,0,0,0,0,0,0,0,0,0,0,0,0,0,0,0,0,0,0,0,0,0,0,190,0,0,0,0,0,0,0,0,0,0,0,0,0,0,0,0,0,0,0,0,0,0,0,0,0,0,1,133,0,0,0,0,0,0,651,0,0,0,0,0,0,0,0,0,0,0,0,0,0,0,0,0,0,0,0,0,0,0,0,0,0,0,0,0,0,0,0,0,0,0,0,0,0,1,0,0,0,1,0
2022-03-16,NV,985,0,0,0,0,0,0,0,0,0,0,0,0,0,0,0,0,0,0,0,0,0,0,0,0,0,0,0,0,0,0,0,0,0,0,0,0,0,0,0,0,0,0,0,0,0,0,198,0,0,0,0,0,0,0,0,0,0,0,0,0,0,0,0,0,0,0,0,0,0,0,0,0,0,1,130,0,0,0,0,0,0,653,0,0,0,0,0,0,0,0,0,0,0,0,0,0,0,0,0,0,0,0,0,0,0,0,0,0,0,0,0,0,0,0,0,0,0,0,0,0,1,0,0,0,1,0
2022-03-17,NV,993,0,0,0,0,0,0,0,0,0,0,0,0,0,0,0,0,0,0,0,0,0,0,0,0,0,0,0,0,0,0,0,0,0,0,0,0,0,0,0,0,0,0,0,0,0,0,207,0,0,0,0,0,0,0,0,0,0,0,0,0,0,0,0,0,0,0,0,0,0,0,0,0,0,1,128,0,0,0,0,0,0,655,0,0,0,0,0,0,0,0,0,0,0,0,0,0,0,0,0,0,0,0,0,0,0,0,0,0,0,0,0,0,0,0,0,0,0,0,0,0,1,0,0,0,1,0
2022-03-18,NV,1002,0,0,0,0,0,0,0,0,0,0,0,0,0,0,0,0,0,0,0,0,0,0,0,0,0,0,0,0,0,0,0,0,0,0,0,0,0,0,0,0,0,0,0,0,0,0,216,0,0,0,0,0,0,0,0,0,0,0,0,0,0,0,0,0,0,0,0,0,0,0,0,0,0,1,125,0,0,0,0,0,0,657,0,0,0,0,0,0,0,0,0,0,0,0,0,0,0,0,0,0,0,0,0,0,0,0,0,0,0,0,0,0,0,0,0,0,0,0,0,0,1,0,0,0,1,0
2022-03-19,NV,1010,0,0,0,0,0,0,0,0,0,0,0,0,0,0,0,0,0,0,0,0,0,0,0,0,0,0,0,0,0,0,0,0,0,0,0,0,0,0,0,0,0,0,0,0,0,0,225,0,0,0,0,0,0,0,0,0,0,0,0,0,0,0,0,0,0,0,0,0,0,0,0,0,0,1,123,0,0,0,0,0,0,659,0,0,0,0,0,0,0,0,0,0,0,0,0,0,0,0,0,0,0,0,0,0,0,0,0,0,0,0,0,0,0,0,0,0,0,0,0,0,1,0,0,0,1,0
2022-03-20,NV,1018,0,0,0,0,0,0,0,0,0,0,0,0,0,0,0,0,0,0,0,0,0,0,0,0,0,0,0,0,0,0,0,0,0,0,0,0,0,0,0,0,0,0,0,0,0,0,247,0,0,0,0,0,0,0,0,0,0,0,0,0,0,0,0,0,0,0,0,0,0,0,0,0,0,3,120,0,0,0,0,0,0,646,0,0,0,0,0,0,0,0,0,0,0,0,0,0,0,0,0,0,0,0,0,0,0,0,0,0,0,0,0,0,0,0,0,0,0,0,0,0,1,0,0,0,1,0
2022-03-21,NV,1026,0,0,0,0,0,0,0,0,0,0,0,0,0,0,0,0,0,0,0,0,1,0,0,0,0,0,0,0,0,0,0,0,0,0,0,0,0,0,0,0,0,0,0,0,0,0,269,0,0,0,0,0,0,0,0,0,0,0,0,0,0,0,0,0,0,0,0,0,0,0,0,0,0,4,117,0,0,0,0,0,0,633,0,0,0,0,0,0,0,0,0,0,0,0,0,0,0,0,0,0,0,0,0,0,0,0,0,0,0,0,0,0,0,0,0,0,0,0,0,0,1,0,0,0,1,0
2022-03-22,NV,1033,0,0,0,0,0,0,0,0,0,0,0,0,0,0,0,0,0,0,0,0,1,0,0,0,0,0,0,0,0,0,0,0,0,0,0,0,0,0,0,0,0,0,0,0,0,0,291,0,0,0,0,0,0,0,0,0,0,0,0,0,0,0,0,0,0,0,0,0,0,0,0,0,0,6,114,0,0,0,0,0,0,619,0,0,0,0,0,0,0,0,0,0,0,0,0,0,0,0,0,0,0,0,0,0,0,0,0,0,0,0,0,0,0,0,0,0,0,0,0,0,1,0,0,0,1,0
2022-03-23,NV,1041,0,0,0,0,0,0,0,0,0,0,0,0,0,0,0,0,0,0,0,0,1,0,0,0,0,0,0,0,0,0,0,0,0,0,0,0,0,0,0,0,0,0,0,0,0,0,314,0,0,0,0,0,0,0,0,0,0,0,0,0,0,0,0,0,0,0,0,0,0,0,0,0,0,8,111,0,0,0,0,0,0,605,0,0,0,0,0,0,0,0,0,0,0,0,0,0,0,0,0,0,0,0,0,0,0,0,0,0,0,0,0,0,0,0,0,0,0,0,0,0,1,0,0,0,1,0
2022-03-24,NV,1049,0,0,0,0,0,0,0,0,0,0,0,0,0,0,0,0,0,0,0,0,1,0,0,0,0,0,0,0,0,0,0,0,0,0,0,0,0,0,0,0,0,0,0,0,0,0,337,0,0,0,0,0,0,0,0,0,0,0,0,0,0,0,0,0,0,0,0,0,0,0,0,0,0,10,108,0,0,0,0,0,0,591,0,0,0,0,0,0,0,0,0,0,0,0,0,0,0,0,0,0,0,0,0,0,0,0,0,0,0,0,0,0,0,0,0,0,0,0,0,0,1,0,0,0,1,0
2022-03-25,NV,1057,0,0,0,0,0,0,0,0,0,0,0,0,0,0,0,0,0,0,0,0,1,0,0,0,0,0,0,0,0,0,0,0,0,0,0,0,0,0,0,0,0,0,0,0,0,0,360,0,0,0,0,0,0,0,0,0,0,0,0,0,0,0,0,0,0,0,0,0,0,0,0,0,0,12,105,0,0,0,0,0,0,577,0,0,0,0,0,0,0,0,0,0,0,0,0,0,0,0,0,0,0,0,0,0,0,0,0,0,0,0,0,0,0,0,0,0,0,0,0,0,1,0,0,0,1,0
2022-03-26,NV,1065,0,0,0,0,0,0,0,0,0,0,0,0,0,0,0,0,0,0,0,0,1,0,0,0,0,0,0,0,0,0,0,0,0,0,0,0,0,0,0,0,0,0,0,0,0,0,384,0,0,0,0,0,0,0,0,0,0,0,0,0,0,0,0,0,0,0,0,0,0,0,0,0,0,14,102,0,0,0,0,0,0,562,0,0,0,0,0,0,0,0,0,0,0,0,0,0,0,0,0,0,0,0,0,0,0,0,0,0,0,0,0,0,0,0,0,0,0,0,0,0,1,0,0,0,1,0
2022-03-27,NV,1124,0,0,0,0,0,0,0,0,0,0,0,0,0,0,0,0,0,0,0,0,2,0,0,0,0,0,0,0,0,0,0,0,0,0,0,0,0,0,0,0,0,0,0,0,0,0,427,0,0,0,0,0,0,0,0,0,0,0,0,0,0,0,0,0,0,0,0,0,0,0,0,0,0,16,104,0,0,0,0,0,0,573,0,0,0,0,0,0,0,0,0,0,0,0,0,0,0,0,0,0,0,0,0,0,0,0,0,0,0,0,0,0,0,0,0,0,0,0,0,0,1,0,0,0,1,0
2022-03-28,NV,1183,0,0,0,0,0,0,0,0,0,0,0,0,0,0,0,0,0,0,0,0,2,0,0,0,0,0,0,0,0,0,0,0,0,0,0,0,0,0,0,0,0,0,0,0,0,0,473,0,0,0,0,0,0,0,0,0,0,0,0,0,0,0,0,0,0,0,0,0,0,0,0,0,0,19,105,0,0,0,0,0,0,583,0,0,0,0,0,0,0,0,0,0,0,0,0,0,0,0,0,0,0,0,0,0,0,0,0,0,0,0,0,0,0,0,0,0,0,0,0,0,1,0,0,0,1,0
2022-03-29,NV,1243,0,0,0,0,0,0,0,0,0,0,0,0,0,0,0,0,0,0,0,0,2,0,0,0,0,0,0,0,0,0,0,0,0,0,0,0,0,0,0,0,0,0,0,0,0,0,521,0,0,0,0,0,0,0,0,0,0,0,0,0,0,0,0,0,0,0,0,0,0,0,0,0,0,22,106,0,0,0,0,0,0,590,0,0,0,0,0,0,0,0,0,0,0,0,0,0,0,0,0,0,0,0,0,0,0,0,0,0,0,0,0,0,0,0,0,0,0,0,0,0,1,0,0,0,1,0
2022-03-30,NV,1302,0,0,0,0,0,0,0,0,0,0,0,0,0,0,0,0,0,0,0,0,2,0,0,0,0,0,0,0,0,0,0,0,0,0,0,0,0,0,0,0,0,0,0,0,0,0,572,0,0,0,0,0,0,0,0,0,0,0,0,0,0,0,0,0,0,0,0,0,0,0,0,0,0,25,106,0,0,0,0,0,0,595,0,0,0,0,0,0,0,0,0,0,0,0,0,0,0,0,0,0,0,0,0,0,0,0,0,0,0,0,0,0,0,0,0,0,0,0,0,0,1,0,0,0,1,0
2022-03-31,NV,1362,0,0,0,0,0,0,0,0,0,0,0,0,0,0,0,0,0,0,0,0,3,0,0,0,0,0,0,0,0,0,0,0,0,0,0,0,0,0,0,0,0,0,0,0,0,0,625,0,0,0,0,0,0,0,0,0,0,0,0,0,0,0,0,0,0,0,0,0,0,0,0,0,0,29,106,0,0,0,0,0,0,597,0,0,0,0,0,0,0,0,0,0,0,0,0,0,0,0,0,0,0,0,0,0,0,0,0,0,0,0,0,0,0,0,0,0,0,0,0,0,1,0,0,0,1,0
2022-04-01,NV,1421,0,0,0,0,0,0,0,0,0,0,0,0,0,0,0,0,0,0,0,0,3,0,0,0,0,0,0,0,0,0,0,0,0,0,0,0,0,0,0,0,0,0,0,0,0,0,680,0,0,0,0,0,0,0,0,0,0,0,0,0,0,0,0,0,0,0,0,0,0,0,0,0,0,32,105,0,0,0,0,0,0,598,0,0,0,0,0,0,0,0,0,0,0,0,0,0,0,0,0,0,0,0,0,0,0,0,0,0,0,0,0,0,0,0,0,0,0,0,0,0,1,0,0,0,1,0
2022-04-02,NV,1481,0,0,0,0,0,0,0,0,0,0,0,0,0,0,0,0,0,0,0,0,3,0,0,0,0,0,0,0,0,0,0,0,0,0,0,0,0,0,0,0,0,0,0,0,0,0,737,0,0,0,0,0,0,0,0,0,0,0,0,0,0,0,0,0,0,0,0,0,0,0,0,0,0,36,104,0,0,0,0,0,0,597,0,0,0,0,0,0,0,0,0,0,0,0,0,0,0,0,0,0,0,0,0,0,0,0,0,0,0,0,0,0,0,0,0,0,0,0,0,0,1,0,0,0,1,0
2022-04-03,NV,1566,0,0,0,0,0,0,0,0,0,0,0,0,0,0,0,0,0,0,0,0,4,0,0,0,0,0,0,0,0,0,0,0,0,0,0,0,0,0,0,0,0,0,0,0,0,0,811,0,0,0,0,0,0,0,0,0,0,0,0,0,0,0,0,0,0,0,0,0,0,0,0,0,0,41,105,0,0,0,0,0,0,603,0,0,0,0,0,0,0,0,0,0,0,0,0,0,0,0,0,0,0,0,0,0,0,0,0,0,0,0,0,0,0,0,0,0,0,0,0,0,1,0,0,0,1,0
2022-04-04,NV,1652,0,0,0,0,0,0,0,0,0,0,0,0,0,0,0,0,0,0,0,0,4,0,0,0,0,0,0,0,0,0,0,0,0,0,0,0,0,0,0,0,0,0,0,0,0,0,888,0,0,0,0,0,0,0,0,0,0,0,0,0,0,0,0,0,0,0,0,0,0,0,0,0,0,46,104,0,0,0,0,0,0,607,0,0,0,0,0,0,0,0,0,0,0,0,0,0,0,0,0,0,0,0,0,0,0,0,0,0,0,0,0,0,0,0,0,0,0,0,0,0,1,0,0,0,1,0
2022-04-05,NV,1737,0,0,0,0,0,0,0,0,0,0,0,0,0,0,0,0,0,0,0,0,5,0,0,0,0,0,0,0,0,0,0,0,0,0,0,0,0,0,0,0,0,0,0,0,0,0,968,0,0,0,0,0,0,0,0,0,0,0,0,0,0,0,0,0,0,0,0,0,0,0,0,0,0,51,104,0,0,0,0,0,0,607,0,0,0,0,0,0,0,0,0,0,0,0,0,0,0,0,0,0,0,0,0,0,0,0,0,0,0,0,0,0,0,0,0,0,0,0,0,0,1,0,0,0,1,0
2022-04-06,NV,1823,0,0,0,0,0,0,0,0,0,0,0,0,0,0,0,0,0,0,0,0,5,0,0,0,0,0,0,0,0,0,0,0,0,0,0,0,0,0,0,0,0,0,0,0,0,0,1051,0,0,0,0,0,0,0,0,0,0,0,0,0,0,0,0,0,1,0,0,0,0,0,0,0,0,57,102,0,0,0,0,0,0,605,0,0,0,0,0,0,0,0,0,0,0,0,0,0,0,0,0,0,0,0,0,0,0,0,0,0,0,0,0,0,0,0,0,0,0,0,0,0,1,0,0,0,1,0
2022-04-07,NV,1909,0,0,0,0,0,0,0,0,0,0,0,0,0,0,0,0,0,0,0,0,6,0,0,0,0,0,0,0,0,0,0,0,0,0,0,0,0,0,0,0,0,0,0,0,0,0,1138,0,0,0,0,0,0,0,0,0,0,0,0,0,0,0,0,0,1,0,0,0,0,0,0,0,0,63,100,0,0,0,0,0,0,599,0,0,0,0,0,0,0,0,0,0,0,0,0,0,0,0,0,0,0,0,0,0,0,0,0,0,0,0,0,0,0,0,0,0,0,0,0,0,0,0,0,0,1,0
2022-04-08,NV,1994,0,0,0,0,0,0,0,0,0,0,0,0,0,0,0,0,0,0,0,0,6,0,0,0,0,0,0,0,0,0,0,0,0,0,0,0,0,0,0,0,0,0,0,0,0,0,1229,0,0,0,0,0,0,0,0,0,0,0,0,0,0,0,0,0,1,0,0,0,0,0,0,0,0,69,97,0,0,0,0,0,0,590,0,0,0,0,0,0,0,0,0,0,0,0,0,0,0,0,0,0,0,0,0,0,0,0,0,0,0,0,0,0,0,0,0,0,0,0,0,0,0,0,0,0,1,0
2022-04-09,NV,2080,0,0,0,0,0,0,0,0,0,0,0,0,0,0,0,0,0,0,0,0,7,0,0,0,0,0,0,0,0,0,0,1,0,0,0,0,0,0,0,0,0,0,0,0,0,0,1322,0,0,0,0,0,0,0,0,0,0,0,0,0,0,0,0,0,1,0,0,0,0,0,0,0,0,75,94,0,0,0,0,0,0,579,0,0,0,0,0,0,0,0,0,0,0,0,0,0,0,0,0,0,0,0,0,0,0,0,0,0,0,0,0,0,0,0,0,0,0,0,0,0,0,0,0,0,1,0
2022-04-10,NV,2150,0,0,0,0,0,0,0,0,0,0,0,0,0,0,0,0,0,0,0,0,7,0,0,0,0,0,0,0,0,0,0,1,0,0,0,0,0,0,0,0,0,0,0,0,0,0,1409,0,0,0,0,0,0,0,0,0,0,0,0,0,0,0,0,0,1,0,0,0,0,0,0,0,0,81,89,0,0,0,0,0,0,560,0,0,0,0,0,0,0,0,0,0,0,0,0,0,0,0,0,0,0,0,0,0,0,0,0,0,0,0,0,0,0,0,0,0,0,0,0,0,0,0,0,0,1,0
2022-04-11,NV,2219,0,0,0,0,0,0,0,0,0,0,0,0,0,0,0,0,0,0,0,0,8,0,0,0,0,0,0,0,0,0,0,1,0,0,0,0,0,0,0,0,0,0,0,0,0,0,1498,0,0,0,0,0,0,0,0,0,0,0,0,0,0,0,0,0,1,0,0,0,0,0,0,0,0,88,84,0,0,0,0,0,0,538,0,0,0,0,0,0,0,0,0,0,0,0,0,0,0,0,0,0,0,0,0,0,0,0,0,0,0,0,0,0,0,0,0,0,0,0,0,0,0,0,0,0,1,0
2022-04-12,NV,2289,0,0,0,0,0,0,0,0,0,0,0,0,0,0,0,0,0,0,0,0,8,0,0,0,0,0,0,0,0,0,0,1,0,0,0,0,0,0,0,0,0,0,0,0,0,0,1590,0,0,0,0,0,0,0,0,0,0,0,0,0,0,0,0,0,1,0,0,0,0,0,0,0,0,94,78,0,0,0,0,0,0,514,0,0,0,0,0,0,0,0,0,0,0,0,0,0,0,0,0,0,0,0,0,0,0,0,0,0,0,0,0,0,0,0,0,0,0,0,0,0,0,0,0,0,1,0
2022-04-13,NV,2359,0,0,0,0,0,0,0,0,0,0,0,0,0,0,0,0,0,0,0,0,9,0,0,0,0,0,0,0,0,0,0,1,0,0,0,0,0,0,0,0,0,0,0,0,0,0,1685,0,0,0,0,0,0,0,0,0,0,0,0,0,0,0,0,0,1,0,0,0,0,0,0,0,0,101,72,0,0,0,0,0,0,488,0,0,0,0,0,0,0,0,0,0,0,0,0,0,0,0,0,0,0,0,0,0,0,0,0,0,0,0,0,0,0,0,0,0,0,0,0,0,0,0,0,0,1,0
2022-04-14,NV,2429,0,0,0,0,0,0,0,0,0,0,0,0,0,0,0,0,0,0,0,0,10,0,0,0,0,0,0,0,0,0,0,1,0,0,0,0,0,0,0,0,0,0,0,0,0,0,1783,0,0,0,0,0,0,0,0,0,0,0,0,0,0,0,0,0,1,0,0,0,0,0,0,0,0,108,65,0,0,0,0,0,0,459,0,0,0,0,0,0,0,0,0,0,0,0,0,0,0,0,0,0,0,0,0,0,0,0,0,0,0,0,0,0,0,0,0,1,0,0,0,0,0,0,0,0,1,0
2022-04-15,NV,2499,0,0,0,0,0,0,0,0,0,0,0,0,0,0,0,0,0,0,0,0,10,0,0,0,0,0,0,0,0,0,0,1,0,0,0,0,0,0,0,0,0,0,0,0,0,0,1883,0,0,0,0,0,0,0,0,0,0,0,0,0,0,0,0,0,1,0,0,0,0,0,0,0,0,116,58,0,0,0,0,0,0,428,0,0,0,0,0,0,0,0,0,0,0,0,0,0,0,0,0,0,0,0,0,0,0,0,0,0,0,0,0,0,0,0,0,1,0,0,0,0,0,0,0,0,1,0
2022-04-16,NV,2568,0,0,0,0,0,0,0,0,0,0,0,0,0,0,0,0,0,0,0,0,11,0,0,0,0,0,0,0,0,0,0,1,0,0,0,0,0,0,0,0,0,0,0,0,0,0,1987,0,0,0,0,0,0,0,0,0,0,0,0,0,0,0,0,0,1,0,0,0,0,0,0,0,0,123,50,0,0,0,0,0,0,394,0,0,0,0,0,0,0,0,0,0,0,0,0,0,0,0,0,0,0,0,0,0,0,0,0,0,0,0,0,0,0,0,0,1,0,0,0,0,0,0,0,0,1,0
2022-04-17,NV,2625,0,0,0,0,0,0,0,0,0,0,0,0,0,0,0,0,0,0,0,0,11,0,0,0,0,0,0,0,0,0,0,1,0,0,0,0,0,0,0,0,0,0,0,0,0,0,2019,0,0,0,0,0,0,0,0,0,0,0,0,0,0,0,0,0,1,0,0,0,0,0,0,0,0,151,49,0,0,0,0,0,0,389,0,0,0,0,0,0,0,0,0,0,0,0,0,0,0,0,0,0,0,0,0,0,0,0,0,0,0,0,0,0,0,0,0,1,0,0,0,0,1,0,0,0,1,0
2022-04-18,NV,2681,0,0,0,0,0,0,0,0,0,0,0,0,0,0,0,0,0,0,0,0,12,0,0,0,0,0,0,0,0,0,0,1,0,0,0,0,0,0,0,0,0,0,0,0,0,0,2051,0,0,0,0,0,0,0,0,0,0,0,0,0,0,0,0,0,1,0,0,0,0,0,0,0,0,180,49,0,0,0,0,0,0,384,0,0,0,0,0,0,0,0,0,0,0,0,0,0,0,0,0,0,0,0,0,0,0,0,0,0,0,0,0,0,0,0,0,2,0,0,0,0,1,0,0,0,1,0
2022-04-19,NV,2738,0,0,0,0,0,0,0,0,0,0,0,0,0,0,0,0,0,0,0,0,12,0,0,0,0,0,0,0,0,0,0,1,0,0,0,0,0,0,0,0,0,0,0,0,0,0,2082,0,0,0,0,0,0,0,0,0,0,0,0,0,0,0,0,0,1,0,0,0,0,0,0,0,0,210,48,0,0,0,0,0,0,378,0,0,0,0,0,0,0,0,0,0,0,0,0,0,0,0,0,0,0,0,0,0,0,0,0,0,0,0,0,0,0,0,0,3,0,0,0,0,1,0,0,0,1,0
2022-04-20,NV,2794,0,0,0,0,0,0,0,0,0,0,0,0,0,0,0,0,0,0,0,0,13,0,0,0,0,0,0,0,0,0,0,1,0,0,0,0,0,0,0,0,0,0,0,0,0,0,2113,0,0,0,0,0,0,0,0,0,0,0,0,0,0,0,0,0,1,0,0,0,0,0,0,0,0,241,47,0,0,0,0,0,0,372,0,0,0,0,0,0,0,0,0,0,0,0,0,0,0,0,0,0,0,0,0,0,0,0,0,0,0,0,0,0,0,0,0,3,0,0,0,0,2,0,0,0,1,0
2022-04-21,NV,2851,0,0,0,0,0,0,0,0,0,0,0,0,0,0,0,0,0,0,0,0,14,0,0,0,0,0,0,0,0,0,0,1,0,0,0,0,0,0,0,0,0,0,0,0,0,0,2143,0,0,0,0,0,0,0,0,0,0,0,0,0,0,0,0,0,1,0,0,0,0,0,0,0,0,273,46,0,0,0,0,0,0,365,0,0,0,0,0,0,0,0,0,0,0,0,0,0,0,0,0,0,0,0,0,0,0,0,0,0,0,0,0,0,0,0,0,4,0,0,0,0,2,0,0,0,1,0
2022-04-22,NV,2907,0,0,0,0,0,0,0,0,0,0,0,0,0,0,0,0,0,0,0,0,14,0,0,0,0,0,0,0,0,0,0,1,0,0,0,0,0,0,0,0,0,0,0,0,0,0,2173,0,0,0,0,0,0,0,0,0,0,0,0,0,0,0,0,0,1,0,0,0,0,0,0,0,0,307,45,0,0,0,0,0,0,357,0,0,0,0,0,0,0,0,0,0,0,0,0,0,0,0,0,0,0,0,0,0,0,0,0,0,0,0,0,0,0,0,0,5,0,0,0,0,2,0,0,0,1,0
2022-04-23,NV,2963,0,0,0,0,0,0,0,0,0,0,0,0,0,0,0,0,0,0,0,0,15,0,0,0,0,0,0,0,0,0,0,1,0,0,0,0,0,0,0,0,0,0,0,0,0,0,2202,0,0,0,0,0,0,0,0,0,0,0,0,0,0,0,0,0,1,0,0,0,0,0,0,0,0,341,44,0,0,0,0,0,0,349,0,0,0,0,0,0,0,0,0,0,0,0,0,0,0,0,0,0,0,0,0,0,0,0,0,0,0,0,0,0,0,0,0,5,0,0,0,0,3,0,0,0,1,0
2022-04-24,NV,3062,0,0,0,0,0,0,0,0,0,0,0,0,0,0,0,0,0,0,0,0,16,0,0,0,0,0,0,0,0,0,0,1,0,0,0,0,0,0,0,0,0,0,0,0,0,0,2262,0,0,0,0,0,0,0,0,0,0,0,0,0,0,0,0,0,1,0,0,0,0,0,0,0,0,382,44,0,0,0,0,0,0,345,0,0,0,0,0,0,0,0,0,0,0,0,0,0,0,0,0,0,0,0,0,0,0,0,0,0,0,0,0,0,0,0,0,6,0,0,0,0,3,0,0,0,1,0
2022-04-25,NV,3160,0,0,0,0,0,0,0,0,0,0,0,0,0,0,0,0,0,0,0,0,17,0,0,0,0,0,0,0,0,0,0,1,0,0,0,0,0,0,0,0,0,0,0,0,0,0,2321,0,0,0,0,0,0,0,0,0,0,0,0,0,0,0,0,0,1,0,0,0,0,0,0,0,0,424,43,0,0,0,0,0,0,340,0,0,0,0,0,0,0,0,0,0,0,0,0,0,0,0,0,0,0,0,0,0,0,0,0,0,0,0,0,0,0,0,0,7,0,0,0,0,4,0,0,0,1,0
2022-04-26,NV,3258,0,0,0,0,0,0,0,0,0,0,0,0,0,0,0,0,0,0,0,0,17,0,0,0,0,0,0,0,0,0,0,1,0,0,0,0,0,0,0,0,0,0,0,0,0,0,2379,0,0,0,0,0,0,0,0,0,0,0,0,0,0,0,0,0,1,0,0,0,0,0,0,0,0,469,42,0,0,0,0,0,0,334,0,0,0,0,0,0,0,0,0,0,0,0,0,0,0,0,0,0,0,0,0,0,0,0,0,0,0,0,0,0,0,0,0,8,0,0,0,0,4,0,0,0,1,0
2022-04-27,NV,3356,0,0,0,0,0,0,0,0,0,0,0,0,0,0,0,0,0,0,0,0,18,0,0,0,0,0,0,0,0,0,0,1,0,0,0,0,0,0,0,0,0,0,0,0,0,0,2436,0,0,0,0,0,0,0,0,0,0,0,0,0,0,0,0,0,1,0,0,0,0,0,0,0,0,515,41,0,0,0,0,0,0,327,0,0,0,0,0,0,0,0,0,0,0,0,0,0,0,0,0,0,0,0,0,0,0,0,0,0,0,0,0,0,0,0,0,9,0,0,0,0,5,0,0,0,1,0
2022-04-28,NV,3454,0,0,0,0,0,0,0,0,0,0,0,0,0,0,0,0,0,0,0,0,19,0,0,0,0,0,0,0,0,0,0,1,0,0,0,0,0,0,0,0,0,0,0,0,0,0,2492,0,0,0,0,0,0,0,0,0,0,0,0,0,0,0,0,0,1,0,0,0,0,0,0,0,0,563,40,0,0,0,0,0,0,319,0,0,0,0,0,0,0,0,0,0,0,0,0,0,0,0,0,0,0,0,0,0,0,0,0,0,0,0,0,0,0,0,0,10,0,0,0,0,5,0,0,0,1,0
2022-04-29,NV,3552,0,0,0,0,0,0,0,0,0,0,0,0,0,0,0,0,0,0,0,0,20,0,0,0,0,0,0,0,0,0,0,1,0,0,0,0,0,0,0,0,0,0,0,0,0,0,2548,0,0,0,0,0,0,0,0,0,0,0,0,0,0,0,0,0,1,0,0,0,0,0,0,0,0,613,39,0,0,0,0,0,0,310,0,0,0,0,0,0,0,0,0,0,0,0,0,0,0,0,0,0,0,0,0,0,0,0,0,0,0,0,0,0,0,0,0,12,0,0,0,0,6,0,0,0,1,0
2022-04-30,NV,3650,0,0,0,0,0,0,0,0,0,0,0,0,0,0,0,0,0,0,0,0,21,0,0,0,0,0,0,0,0,0,0,1,0,0,0,0,0,0,0,0,0,0,0,0,0,0,2602,0,0,0,0,0,0,0,0,0,0,0,0,0,0,0,0,0,1,0,0,0,0,0,0,0,0,665,38,0,0,0,0,0,0,300,0,0,0,0,0,0,0,0,0,0,0,0,0,0,0,0,0,0,0,0,0,0,0,0,0,0,0,0,0,0,0,0,0,13,0,0,0,0,7,0,0,0,1,0
2022-05-01,NV,3738,0,0,0,0,0,0,0,0,0,0,0,0,0,0,0,0,0,0,0,0,22,0,0,0,0,0,0,0,0,0,0,1,0,0,0,0,0,0,0,0,0,0,0,0,0,0,2649,0,0,0,0,0,0,0,0,0,0,0,0,0,0,0,0,0,1,0,0,0,0,0,0,0,0,717,36,0,0,0,0,0,0,289,0,0,0,0,0,0,0,0,0,0,0,0,0,0,0,0,0,0,0,0,0,0,0,0,0,0,0,0,0,0,0,0,0,14,0,0,0,0,7,0,0,0,1,0
2022-05-02,NV,3827,0,0,0,0,0,0,0,0,0,0,0,0,0,0,0,0,0,0,0,0,23,0,0,0,0,0,0,0,0,0,0,1,0,0,0,0,0,0,0,0,0,0,0,0,0,0,2695,0,0,0,0,0,0,0,0,0,0,0,0,0,0,0,0,0,1,0,0,0,0,0,0,0,0,771,34,0,0,0,0,0,0,276,0,0,0,0,0,0,0,0,0,0,0,0,0,0,0,0,0,0,0,0,0,0,0,0,0,0,0,0,0,0,0,0,0,15,0,0,0,0,8,0,0,0,1,0
2022-05-03,NV,3915,0,0,0,0,0,0,0,0,0,0,0,0,0,0,0,0,0,0,0,0,24,0,0,0,0,0,0,0,0,0,0,1,0,0,0,0,0,0,0,0,0,0,0,0,0,0,2740,0,0,0,0,0,0,0,0,0,0,0,0,0,0,0,0,0,2,0,0,0,0,0,0,0,0,826,33,0,0,0,0,0,0,263,0,0,0,0,0,0,0,0,0,0,0,0,0,0,0,0,0,0,0,0,0,0,0,0,0,0,0,0,0,0,0,0,0,16,0,0,0,0,8,0,0,0,1,0
2022-05-04,NV,4003,0,0,0,0,0,0,0,0,0,0,0,0,0,0,0,0,0,0,0,0,25,0,0,0,0,0,0,0,0,0,0,1,0,0,0,0,0,0,0,0,0,0,0,0,0,0,2784,0,0,0,0,0,0,0,0,0,0,0,0,0,0,0,0,0,2,0,0,0,0,0,0,0,0,883,31,0,0,0,0,0,0,248,0,0,0,0,0,0,0,0,0,0,0,0,0,0,0,0,0,0,0,0,0,0,0,0,0,0,0,0,0,0,0,0,0,18,0,0,0,0,9,0,0,0,1,0
2022-05-05,NV,4091,0,0,0,0,0,0,0,0,0,0,0,0,0,0,0,0,0,0,0,0,26,0,0,0,0,0,0,0,0,0,0,1,0,0,0,0,0,0,0,0,0,0,0,0,0,0,2828,0,0,0,0,0,0,0,0,0,0,0,0,0,0,0,0,0,2,0,0,0,0,0,0,0,0,942,29,0,0,0,0,0,0,233,0,0,0,0,0,0,0,0,0,0,0,0,0,0,0,0,0,0,0,0,0,0,0,0,0,0,0,0,0,0,0,0,0,19,0,0,0,0,10,0,0,0,1,0
2022-05-06,NV,4179,0,0,0,0,0,0,0,0,0,0,0,0,0,0,0,0,0,0,0,0,27,0,0,0,0,0,0,0,0,0,0,0,0,0,0,0,0,0,0,0,0,0,0,0,0,0,2871,0,0,0,0,0,0,0,0,0,0,0,0,0,0,0,0,0,2,0,0,0,0,0,0,0,0,1002,27,0,0,0,0,0,0,217,0,0,0,0,0,0,0,0,0,0,0,0,0,0,0,0,0,0,0,0,0,0,0,0,0,0,0,0,0,0,0,0,0,20,0,0,0,0,11,0,0,0,1,0
2022-05-07,NV,4268,0,0,0,0,0,0,0,0,0,0,0,0,0,0,0,0,0,0,0,0,28,0,0,0,0,0,0,0,0,0,0,0,0,0,0,0,0,0,0,0,0,0,0,0,0,0,2913,0,0,0,0,0,0,0,0,0,0,0,0,0,0,0,0,0,2,0,0,0,0,0,0,0,0,1064,25,0,0,0,0,0,0,200,0,0,0,0,0,0,0,0,0,0,0,0,0,0,0,0,0,0,0,0,0,0,0,0,0,0,0,0,0,0,0,0,0,22,0,0,0,0,11,0,0,0,1,0
2022-05-08,NV,4455,0,0,0,0,0,0,0,0,0,0,0,0,0,0,0,0,0,0,0,0,30,0,0,0,0,0,0,0,0,0,0,0,0,0,0,0,0,0,0,0,0,0,0,0,0,0,3021,0,0,0,0,0,0,0,0,0,0,0,0,0,0,0,0,0,2,0,0,0,0,0,0,0,0,1154,23,0,0,0,0,0,0,186,0,0,0,0,0,0,0,0,0,0,0,0,0,0,0,0,0,0,0,0,0,0,0,0,0,0,0,0,0,0,0,0,0,24,0,0,0,0,12,0,0,0,1,0
2022-05-09,NV,4642,0,0,0,0,0,0,0,0,0,0,0,0,0,0,0,0,0,0,0,0,32,0,0,0,0,0,0,0,0,0,0,0,0,0,0,0,0,0,0,0,0,0,0,0,0,0,3128,0,0,0,0,0,0,0,0,0,0,0,0,0,0,0,0,0,2,0,0,0,0,0,0,0,0,1247,21,0,0,0,0,0,0,170,0,0,0,0,0,0,0,0,0,0,0,0,0,0,0,0,0,0,0,0,0,0,0,0,0,0,0,0,0,0,0,0,0,26,0,0,0,0,13,0,0,0,1,0
2022-05-10,NV,4829,0,0,0,0,0,0,0,0,0,0,0,0,0,0,0,0,0,0,0,0,34,0,0,0,0,0,0,0,0,0,0,0,0,0,0,0,0,0,0,0,0,0,0,0,0,0,3233,0,0,0,0,0,0,0,0,0,0,0,0,0,0,0,0,0,2,0,0,0,0,0,0,0,0,1343,18,0,0,0,0,0,0,152,0,0,0,0,0,0,0,0,0,0,0,0,0,0,0,0,0,0,0,0,0,0,0,0,0,0,0,0,0,0,0,0,0,28,0,0,0,0,15,0,0,0,1,0
2022-05-11,NV,5016,0,0,0,0,0,0,0,0,0,0,0,0,0,0,0,0,0,0,0,0,36,0,0,0,0,0,0,0,0,0,0,0,0,0,0,0,0,0,0,0,0,0,0,0,0,0,3337,0,0,0,0,0,0,0,0,0,0,0,0,0,0,0,0,0,2,0,0,0,0,0,0,0,0,1443,16,0,0,0,0,0,0,133,0,0,0,0,0,0,0,0,0,0,0,0,0,0,0,0,0,0,0,0,0,0,0,0,0,0,0,0,0,0,0,0,0,30,0,0,0,0,16,0,0,0,2,0
2022-05-12,NV,5203,0,0,0,0,0,0,0,0,0,0,0,0,0,0,0,0,0,0,0,0,38,0,0,0,0,0,0,0,0,0,0,0,0,0,0,0,0,0,0,0,0,0,0,0,0,0,3439,0,0,0,0,0,0,0,0,0,0,0,0,0,0,0,0,0,2,0,0,0,0,0,0,0,0,1547,13,0,0,0,0,0,0,111,0,0,0,0,0,0,0,0,0,0,0,0,0,0,0,0,0,0,0,0,0,0,0,0,0,0,1,0,0,0,0,0,0,33,0,0,0,0,17,0,0,0,2,0
2022-05-13,NV,5390,0,0,0,0,0,0,0,0,0,0,0,0,0,0,0,0,0,0,0,0,40,0,0,0,0,0,0,0,0,0,0,0,0,0,0,0,0,0,0,0,0,0,0,0,0,0,3539,0,0,0,0,0,0,0,0,0,0,0,0,0,0,0,0,0,2,0,0,0,0,0,0,0,0,1654,10,0,0,0,0,0,0,88,0,0,0,0,0,0,0,0,0,0,0,0,0,0,0,0,0,0,0,0,0,0,0,0,0,0,1,0,0,0,0,0,0,35,0,0,0,0,18,0,0,0,2,0
2022-05-14,NV,5578,0,0,0,0,0,0,0,0,0,0,0,0,0,0,0,0,0,0,0,0,42,0,0,0,0,0,0,0,0,0,0,0,0,0,0,0,0,0,0,0,0,0,0,0,0,0,3638,0,0,0,0,0,0,0,0,0,0,0,0,0,0,0,0,0,2,0,0,0,0,0,0,0,0,1765,7,0,0,0,0,0,0,63,0,0,0,0,0,0,0,0,0,0,0,1,0,0,0,0,0,0,0,0,0,0,0,0,0,0,1,0,0,0,0,0,0,38,0,0,0,0,20,0,0,0,2,0
2022-05-15,NV,5684,0,0,0,0,0,0,0,0,0,0,0,0,0,0,0,0,0,0,0,0,42,0,0,0,0,0,0,0,0,0,0,0,0,0,0,0,0,0,0,0,0,0,0,0,0,0,3635,0,0,0,0,0,0,0,0,0,0,0,0,0,0,0,0,0,2,0,0,0,0,0,0,0,0,1847,7,0,0,0,0,0,0,62,0,0,0,0,0,0,0,0,0,0,0,1,0,0,0,0,0,0,0,0,0,0,0,0,0,0,1,0,0,0,0,0,0,48,0,0,0,0,38,0,0,0,2,0
2022-05-16,NV,5791,0,0,0,0,0,0,0,0,0,0,0,0,0,0,0,0,0,0,0,0,42,0,0,0,0,0,0,0,0,0,0,0,0,0,0,0,0,0,0,0,0,0,0,0,0,0,3630,0,0,0,0,0,0,0,0,0,0,0,0,0,0,0,0,0,3,0,0,0,0,0,0,0,0,1930,6,0,0,0,0,0,0,61,0,0,0,0,0,0,0,0,0,0,0,1,0,0,0,0,0,0,0,0,0,0,0,0,0,0,1,0,0,0,0,0,0,59,0,0,0,0,56,0,0,0,2,0
2022-05-17,NV,5897,0,0,0,0,0,0,0,0,0,0,0,0,0,0,0,0,0,0,0,0,42,0,0,0,0,0,0,0,0,0,0,0,0,0,0,0,0,0,0,0,0,0,0,0,0,0,3621,0,0,0,0,0,0,0,0,0,0,0,0,0,0,0,0,0,3,0,0,0,0,0,0,0,0,2014,6,0,0,0,0,0,0,60,0,0,0,0,0,0,0,0,0,0,0,1,0,0,0,0,0,0,0,0,0,0,0,0,0,0,1,0,0,0,0,0,0,71,0,0,0,0,76,0,0,0,2,0
2022-05-18,NV,6004,0,0,0,0,0,0,0,0,0,0,0,0,0,0,0,0,0,0,0,0,42,0,0,0,0,0,0,0,0,0,0,0,0,0,0,0,0,0,0,0,0,0,0,0,0,0,3611,0,0,0,0,0,0,0,0,0,0,0,0,0,0,0,0,0,3,0,0,0,0,0,0,0,0,2101,6,0,0,0,0,0,0,58,0,0,0,0,0,0,0,0,0,0,0,1,0,0,0,0,0,0,0,0,0,0,0,0,0,0,1,0,0,0,0,0,0,82,0,0,0,0,96,0,0,0,2,0
2022-05-19,NV,6110,0,0,0,0,0,0,0,0,0,0,0,0,0,0,0,0,0,0,0,0,43,0,0,0,0,0,0,0,0,0,0,0,0,0,0,0,0,0,0,0,0,0,0,0,0,0,3597,0,0,0,0,0,0,0,0,0,0,0,0,0,0,0,0,0,3,0,0,0,0,0,0,0,0,2190,6,0,0,0,0,0,0,57,0,0,0,0,0,0,0,0,0,0,0,1,0,0,0,0,0,0,0,0,0,0,0,0,0,0,1,0,0,0,0,0,0,94,0,0,0,0,116,0,0,0,2,0
2022-05-20,NV,6217,0,0,0,0,0,0,0,0,0,0,0,0,0,0,0,0,0,0,0,0,43,0,0,0,0,0,0,0,0,0,0,0,0,0,0,0,0,0,0,0,0,0,0,0,0,0,3581,0,0,0,0,0,0,0,0,0,0,0,0,0,0,0,0,0,3,0,0,0,0,0,0,0,0,2280,6,0,0,0,0,0,0,56,0,0,0,0,0,0,0,0,0,0,0,1,0,0,0,0,0,0,0,0,0,0,0,0,0,0,1,0,0,0,0,0,0,107,0,0,0,0,138,0,0,0,2,0
2022-05-21,NV,6323,0,0,0,0,0,0,0,0,0,0,0,0,0,0,0,0,0,0,0,0,43,0,0,0,0,0,0,0,0,0,0,0,0,0,0,0,0,0,0,0,0,0,0,0,0,0,3562,0,0,0,0,0,0,0,0,0,0,0,0,0,0,0,0,0,3,0,0,0,0,0,0,0,0,2372,6,0,0,0,0,0,0,54,0,0,0,0,0,0,0,0,0,0,0,1,0,0,0,0,0,0,0,0,0,0,0,0,0,0,1,0,0,0,0,0,0,120,0,0,0,0,160,0,0,0,2,0
2022-05-22,NV,6337,0,0,0,0,0,0,0,0,0,0,0,0,0,0,0,0,0,0,0,0,42,0,0,0,0,0,0,0,0,0,0,0,0,0,0,0,0,0,0,0,0,0,0,0,0,0,3489,0,0,0,0,0,0,0,0,0,0,0,0,0,0,0,0,0,3,0,0,0,0,0,0,0,0,2430,6,0,0,0,0,0,0,52,0,0,0,0,1,0,0,0,0,0,0,1,0,0,0,0,0,0,0,0,0,0,0,0,0,0,1,0,0,0,0,0,0,131,0,0,0,0,180,0,0,0,2,0
2022-05-23,NV,6351,0,0,0,0,0,0,0,0,0,0,0,0,0,0,0,0,0,0,0,0,42,0,0,0,0,0,0,0,0,0,0,0,0,0,0,0,0,0,0,0,0,0,0,0,0,0,3416,0,0,0,0,0,0,0,0,0,0,0,0,0,0,0,0,0,3,0,0,0,0,0,0,0,0,2489,5,0,0,0,0,0,0,50,0,0,0,0,1,0,0,0,0,0,0,1,0,0,0,0,0,0,0,0,0,0,0,0,0,0,1,0,0,0,0,0,0,142,0,0,0,0,200,0,0,0,2,0
2022-05-24,NV,6366,0,0,0,0,0,0,0,0,0,0,0,0,0,0,0,0,0,0,0,0,41,0,0,0,0,0,0,0,0,0,0,0,0,0,0,0,0,0,0,0,0,0,0,0,0,0,3343,0,0,0,0,0,0,0,0,0,0,0,0,0,0,0,0,0,3,0,0,0,0,0,0,0,0,2547,5,0,0,0,0,0,0,48,0,0,0,0,1,0,0,0,0,0,0,1,0,0,0,0,0,0,0,0,0,0,0,0,0,0,1,0,0,0,0,0,0,153,0,0,0,0,220,0,0,0,2,0
2022-05-25,NV,6380,0,0,0,0,0,0,0,0,0,0,0,0,0,0,0,0,0,0,0,0,41,0,0,0,0,0,0,0,0,0,0,0,0,0,0,0,0,0,0,0,0,0,0,0,0,0,3269,0,0,0,0,0,0,0,0,0,0,0,0,0,0,0,0,0,3,0,0,0,0,0,0,0,0,2607,5,0,0,0,0,0,0,45,0,0,0,0,1,0,0,0,0,0,0,1,0,0,0,0,0,0,0,0,0,0,0,0,0,0,1,0,0,0,0,0,0,165,0,0,0,0,240,0,0,0,2,0
2022-05-26,NV,6394,0,0,0,0,0,0,0,0,0,0,0,0,0,0,0,0,0,0,0,0,40,0,0,0,0,0,0,0,0,0,0,0,0,0,0,0,0,0,0,0,0,0,0,0,0,0,3195,0,0,0,0,0,0,0,0,0,0,0,0,0,0,0,0,0,3,0,0,0,0,0,0,0,0,2666,5,0,0,0,0,0,0,43,0,0,0,0,1,0,0,0,0,0,0,1,0,0,0,0,0,0,0,0,0,0,0,0,0,0,1,0,0,0,0,0,0,176,0,0,0,0,261,0,0,0,2,0
2022-05-27,NV,6408,0,0,0,0,0,0,0,0,0,0,0,0,0,0,0,0,0,0,0,0,40,0,0,0,0,0,0,0,0,0,0,0,0,0,0,0,0,0,0,0,0,0,0,0,0,0,3121,0,0,0,0,0,0,0,0,0,0,0,0,0,0,0,0,0,3,0,0,0,0,0,0,0,0,2725,5,0,0,0,0,0,0,41,0,0,0,0,1,0,0,0,0,0,0,1,0,0,0,0,0,0,0,0,0,0,0,0,0,0,1,0,0,0,0,0,0,188,0,0,0,0,281,0,0,0,2,0
2022-05-28,NV,6422,0,0,0,0,0,0,0,0,0,0,0,0,0,0,0,0,0,0,0,0,39,0,0,0,0,0,0,0,0,0,0,0,0,0,0,0,0,0,0,0,0,0,0,0,0,0,3046,0,0,0,0,0,0,0,0,0,0,0,0,0,0,0,0,0,3,0,0,0,0,0,0,0,0,2785,4,0,0,0,0,0,0,39,0,0,0,0,1,0,0,0,0,0,0,1,0,0,0,0,0,0,0,0,0,0,0,0,0,0,1,0,0,0,0,0,0,199,0,0,0,0,302,0,0,0,2,0
2022-05-29,NV,6446,0,0,0,0,0,0,0,0,0,0,0,0,0,0,0,0,0,0,0,0,39,0,0,0,0,0,0,0,0,0,0,0,0,0,0,0,0,0,0,0,0,0,0,0,0,0,2975,0,0,0,0,0,0,0,0,0,0,0,0,0,0,0,0,0,3,0,0,0,0,0,0,0,0,2849,4,0,0,0,0,0,0,36,0,0,0,0,1,0,0,0,0,0,0,1,0,0,0,0,0,0,0,0,0,0,0,0,0,0,1,0,0,0,0,0,0,211,0,0,0,0,323,0,0,0,2,0
2022-05-30,NV,6469,0,0,0,0,0,0,0,0,0,0,0,0,0,0,0,0,0,0,0,0,38,0,0,0,0,0,0,0,0,0,0,0,0,0,0,0,0,0,0,0,0,0,0,0,0,0,2904,0,0,0,0,0,0,0,0,0,0,0,0,0,0,0,0,0,3,0,0,0,0,0,0,0,0,2914,4,0,0,0,0,0,0,34,0,0,0,0,1,0,0,0,0,0,0,1,0,0,0,0,0,0,0,0,0,0,0,0,0,0,1,0,0,0,0,0,0,223,0,0,0,0,344,0,0,0,2,0
2022-05-31,NV,6493,0,0,0,0,0,0,0,0,0,0,0,0,0,0,0,0,0,0,0,0,38,0,0,0,0,0,0,0,0,0,0,0,0,0,0,0,0,0,0,0,0,0,0,0,0,0,2832,0,0,0,0,0,0,0,0,0,0,0,0,0,0,0,0,0,3,0,0,0,0,0,0,0,0,2979,4,0,0,0,0,0,0,32,0,0,0,0,1,0,0,0,0,0,0,1,0,0,0,0,0,0,0,0,0,0,0,0,0,0,1,0,0,0,0,0,0,235,0,0,0,0,365,0,0,0,2,0
2022-06-01,NV,6516,0,0,0,0,0,0,0,0,0,0,0,0,0,0,0,0,0,0,0,0,37,0,0,0,0,0,0,0,0,0,0,0,0,0,0,0,0,0,0,0,0,0,0,0,0,0,2759,0,0,0,0,0,0,0,0,0,0,0,0,0,0,0,0,0,3,0,0,0,0,0,0,0,0,3044,3,0,0,0,0,0,0,29,0,0,0,0,1,0,0,0,0,0,0,1,0,0,0,0,0,0,0,0,0,0,0,0,0,0,1,0,0,0,0,0,0,247,0,0,0,0,387,0,0,0,2,0
2022-06-02,NV,6540,0,0,0,0,0,0,0,0,0,0,0,0,0,0,0,0,0,0,0,0,37,0,0,0,0,0,0,0,0,0,0,0,0,0,0,0,0,0,0,0,0,0,0,0,0,0,2686,0,0,0,0,0,0,0,0,0,0,0,0,0,0,0,0,0,3,0,0,0,0,0,0,0,0,3110,3,0,0,0,0,0,0,27,0,0,0,0,1,0,0,0,0,0,0,1,0,0,0,0,0,0,0,0,0,0,0,0,0,0,1,0,0,0,0,0,0,260,0,0,0,0,409,0,0,0,2,0
2022-06-03,NV,6563,0,0,0,0,0,0,0,0,0,0,0,0,0,0,0,0,0,0,0,0,36,0,0,0,0,0,0,0,0,0,0,0,0,0,0,0,0,0,0,0,0,0,0,0,0,0,2612,0,0,0,0,0,0,0,0,0,0,0,0,0,0,0,0,0,3,0,0,0,0,0,0,0,0,3176,3,0,0,0,0,0,0,25,0,0,0,0,1,0,0,0,0,0,0,1,0,0,0,0,0,0,0,0,0,0,0,0,0,0,1,0,0,0,0,0,0,272,0,0,0,0,430,0,0,0,2,0
2022-06-04,NV,6587,0,0,0,0,0,0,0,0,0,0,0,0,0,0,0,0,0,0,0,0,36,0,0,0,0,0,0,0,0,0,0,0,0,0,0,0,0,0,0,0,0,0,0,0,0,0,2538,0,0,0,0,0,0,0,0,0,0,0,0,0,0,0,0,0,3,0,0,0,0,0,0,0,0,3243,3,0,0,0,0,0,0,22,0,0,0,0,1,0,0,0,0,0,0,1,0,0,0,0,0,0,0,0,0,0,0,0,0,0,1,0,0,0,0,0,0,284,0,0,0,0,452,0,0,0,2,0
2022-06-05,NV,6619,0,0,0,0,0,0,0,0,0,0,0,0,0,0,0,0,0,0,0,0,35,0,0,0,0,0,0,0,0,0,0,0,0,0,0,0,0,0,0,0,0,0,0,0,0,0,2466,0,0,0,0,0,0,0,0,0,0,0,0,0,0,0,0,0,3,0,0,0,0,0,0,0,0,3314,3,0,0,0,0,0,0,20,0,0,0,0,1,0,0,0,0,0,0,1,0,0,0,0,0,0,0,0,0,0,0,0,0,0,1,0,0,0,0,0,0,297,0,0,0,0,475,0,0,0,2,0
2022-06-06,NV,6652,0,0,0,0,0,0,0,0,0,0,0,0,0,0,0,0,0,0,0,0,35,0,0,0,0,0,0,0,0,0,0,0,0,0,0,0,0,0,0,0,0,0,0,0,0,0,2394,0,0,0,0,0,0,0,0,0,0,0,0,0,0,0,0,0,3,0,0,0,0,0,0,0,0,3386,2,0,0,0,0,0,0,18,0,0,0,0,1,0,0,0,0,0,0,1,0,0,0,0,0,0,0,0,0,0,0,0,0,0,1,0,0,0,0,0,0,310,0,0,0,0,498,0,0,0,2,0
2022-06-07,NV,6685,0,0,0,0,0,0,0,0,0,0,0,0,0,0,0,0,0,0,0,0,34,0,0,0,0,0,0,0,0,0,0,0,0,0,0,0,0,0,0,0,0,0,0,0,0,0,2321,0,0,0,0,0,0,0,0,0,0,0,0,0,0,0,0,0,3,0,0,0,0,0,0,0,0,3459,2,0,0,0,0,0,0,15,0,0,0,0,1,0,0,0,0,0,0,1,0,0,0,0,0,0,0,0,0,0,0,0,0,0,1,0,0,0,0,0,0,323,0,0,0,0,521,0,0,0,2,0
2022-06-08,NV,6717,0,0,0,0,0,0,0,0,0,0,0,0,0,0,0,0,0,0,0,0,34,0,0,0,0,0,0,0,0,0,0,0,0,0,0,0,0,0,0,0,0,0,0,0,0,0,2246,0,0,0,0,0,0,0,0,0,0,0,0,0,0,0,0,0,3,0,0,0,0,0,0,0,0,3532,2,0,0,0,0,0,0,13,0,0,0,0,1,0,0,0,0,0,0,1,0,0,0,0,0,0,0,0,0,0,0,0,0,0,1,0,0,0,0,0,0,336,0,0,0,0,545,0,0,0,2,0
2022-06-09,NV,6750,0,0,0,0,0,0,0,0,0,0,0,0,0,0,0,0,0,0,0,0,34,0,0,0,0,0,0,0,0,0,0,0,0,0,0,0,0,0,0,0,0,0,0,0,0,0,2172,0,0,0,0,0,0,0,0,0,0,0,0,0,0,0,0,0,4,0,0,0,0,0,0,0,0,3605,2,0,0,0,0,0,0,10,0,0,0,0,1,0,0,0,0,0,0,1,0,0,0,0,0,0,0,0,0,0,0,0,0,0,1,0,0,0,0,0,0,350,0,0,0,0,568,0,0,0,2,0
2022-06-10,NV,6782,0,0,0,0,0,0,0,0,0,0,0,0,0,0,0,0,0,0,0,0,33,0,0,0,0,0,0,0,0,0,0,0,0,0,0,0,0,0,0,0,0,0,0,0,0,0,2096,0,0,0,0,0,0,0,0,0,0,0,0,0,0,0,0,0,4,0,0,0,0,0,0,0,0,3679,1,0,0,0,0,0,0,8,0,0,0,0,1,0,0,0,0,0,0,1,0,0,0,0,0,0,0,0,0,0,0,0,0,0,1,0,0,0,0,0,0,363,0,0,0,0,592,0,0,0,2,0
2022-06-11,NV,6815,0,0,0,0,0,0,0,0,0,0,0,0,0,0,0,0,0,0,0,0,33,0,0,0,0,0,0,0,0,0,0,0,0,0,0,0,0,0,0,0,0,0,0,0,0,0,2019,0,0,0,0,0,0,0,0,0,0,0,0,0,0,0,0,0,4,0,0,0,0,0,0,0,0,3754,1,0,0,0,0,0,0,5,0,0,0,0,1,0,0,0,0,0,0,1,0,0,0,0,0,0,0,0,0,0,0,0,0,0,1,0,0,0,0,0,0,377,0,0,0,0,616,0,0,0,2,0
2022-06-12,NV,6809,0,0,0,0,0,0,0,0,0,0,0,0,0,0,0,0,0,0,0,0,32,0,0,0,0,0,0,0,0,0,0,0,0,0,0,0,0,0,0,0,0,0,0,0,0,0,1962,0,0,0,0,0,0,0,0,0,0,0,0,0,0,0,0,0,5,0,0,0,0,0,0,0,0,3687,1,0,0,0,0,0,0,5,0,0,0,0,1,0,0,0,0,0,0,1,0,0,0,0,0,0,0,0,0,0,0,0,0,0,1,0,0,0,0,0,0,390,0,0,0,0,721,0,0,0,2,0
2022-06-13,NV,6804,0,0,0,0,0,0,0,0,0,0,0,0,0,0,0,0,0,0,0,0,31,0,0,0,0,0,0,0,0,0,0,0,0,0,0,0,0,0,0,0,0,0,0,0,0,0,1906,0,0,0,0,0,0,0,0,0,0,0,0,0,0,0,0,0,6,0,0,0,0,0,0,0,0,3620,1,0,0,0,0,0,0,5,0,0,0,0,1,0,0,0,0,0,0,1,0,0,0,0,0,0,0,0,0,0,0,0,0,0,1,0,0,0,0,0,0,404,0,0,0,0,825,0,0,0,2,0
2022-06-14,NV,6799,0,0,0,0,0,0,0,0,0,0,0,0,0,0,0,0,0,0,0,0,30,0,0,0,0,0,0,0,0,0,0,0,0,0,0,0,0,0,0,0,0,0,0,0,0,0,1849,0,0,0,0,0,0,0,0,0,0,0,0,0,0,0,0,0,7,0,0,0,0,0,0,0,0,3553,1,0,0,0,0,0,0,5,0,0,0,0,1,0,0,0,0,0,0,1,0,0,0,0,0,0,0,0,0,0,0,0,0,0,1,0,0,0,0,0,0,418,0,0,0,0,929,0,0,0,2,0
2022-06-15,NV,6794,0,0,0,0,0,0,0,0,0,0,0,0,0,0,0,0,0,0,0,0,29,0,0,0,0,0,0,0,0,0,0,0,0,0,0,0,0,0,0,0,0,0,0,0,0,0,1793,0,0,0,0,0,0,0,0,0,0,0,0,0,0,0,0,0,9,0,0,0,0,0,0,0,0,3486,1,0,0,0,0,0,0,5,0,0,0,0,1,0,0,0,0,0,0,1,0,0,0,0,0,0,0,0,0,0,0,0,0,0,1,0,0,0,0,0,0,432,0,0,0,0,1033,0,0,0,2,0
2022-06-16,NV,6789,0,0,0,0,0,0,0,0,0,0,0,0,0,0,0,0,0,0,0,0,29,0,0,0,0,0,0,0,0,0,0,0,0,0,0,0,0,0,0,0,0,0,0,0,0,0,1737,0,0,0,0,0,0,0,0,0,0,0,0,0,0,0,0,0,10,0,0,0,0,0,0,0,0,3419,1,0,0,0,0,0,0,5,0,0,0,0,1,0,0,0,0,0,0,1,0,0,0,0,0,0,0,0,0,0,0,0,0,0,1,0,0,0,0,0,0,445,0,0,0,0,1137,0,0,0,2,0
2022-06-17,NV,6784,0,0,0,0,0,0,0,0,0,0,0,0,0,0,0,0,0,0,0,0,28,0,0,0,0,0,0,0,0,0,0,0,0,0,0,0,0,0,0,0,0,0,0,0,0,0,1681,0,0,0,0,0,0,0,0,0,0,0,0,0,0,0,0,0,11,0,0,0,0,0,0,0,0,3352,1,0,0,0,0,0,0,5,0,0,0,0,1,0,0,0,0,0,0,1,0,0,0,0,0,0,0,0,0,0,0,0,0,0,1,0,0,0,0,0,0,459,0,0,0,0,1240,0,0,0,2,0
2022-06-18,NV,6778,0,0,0,0,0,0,0,0,0,0,0,0,0,0,0,0,0,0,0,0,27,0,0,0,0,0,0,0,0,0,0,0,0,0,0,0,0,0,0,0,0,0,0,0,0,0,1625,0,0,0,0,0,0,0,0,0,0,0,0,0,0,0,0,0,12,0,0,0,0,0,0,0,0,3286,1,0,0,0,0,0,0,5,0,0,0,0,1,0,0,0,0,0,0,1,0,0,0,0,0,0,0,0,0,0,0,0,0,0,1,0,0,0,0,0,0,473,0,0,0,0,1344,0,0,0,2,0
2022-06-19,NV,6825,0,0,0,0,0,0,0,0,0,0,0,0,0,0,0,0,0,0,0,0,26,0,0,0,0,0,0,0,0,0,0,0,0,0,0,0,0,0,0,0,0,0,0,0,0,0,1580,0,0,0,0,0,0,0,0,0,0,0,0,0,0,0,0,0,14,0,0,0,0,0,0,0,0,3244,1,0,0,0,0,0,0,5,0,0,0,0,1,0,0,0,0,0,0,1,0,0,0,0,0,0,0,0,0,0,0,0,0,0,1,0,0,0,0,0,0,490,0,0,0,0,1458,0,0,0,2,0
2022-06-20,NV,6872,0,0,0,0,0,0,0,0,0,0,0,0,0,0,0,0,0,0,0,0,26,0,0,0,0,0,0,0,0,0,0,0,0,0,0,0,0,0,0,0,0,0,0,0,0,0,1536,0,0,0,0,0,0,0,0,0,0,0,0,0,0,0,0,0,15,0,0,0,0,0,0,0,0,3201,1,0,0,0,0,0,0,5,0,0,0,0,2,0,0,0,0,0,0,1,0,0,0,0,0,0,0,0,0,0,0,0,0,0,1,0,0,0,0,0,0,507,0,0,0,0,1574,0,0,0,1,0
2022-06-21,NV,6919,0,0,0,0,0,0,0,0,0,0,0,0,0,0,0,0,0,0,0,0,25,0,0,0,0,0,0,0,0,0,0,0,0,0,0,0,0,0,0,0,0,0,0,0,0,0,1490,0,0,0,0,0,0,0,0,0,0,0,0,0,0,0,0,0,16,0,0,0,0,0,0,0,0,3158,1,0,0,0,0,0,0,5,0,0,0,0,2,0,0,0,0,0,0,1,0,0,0,0,0,0,0,0,0,0,0,0,0,0,1,0,0,0,0,0,0,525,0,0,0,0,1691,0,0,0,1,0
2022-06-22,NV,6965,0,0,0,0,0,0,0,0,0,0,0,0,0,0,0,0,0,0,0,0,24,0,0,0,0,0,0,0,0,0,0,0,0,0,0,0,0,0,0,0,0,0,0,0,0,0,1444,0,0,0,0,0,0,0,0,0,0,0,0,0,0,0,0,0,18,0,0,0,0,0,0,0,0,3113,1,0,0,0,0,0,0,4,0,0,0,0,2,0,0,0,0,0,0,1,0,0,0,0,0,0,0,0,0,0,0,0,0,0,1,0,0,0,0,0,0,543,0,0,0,0,1810,0,0,0,1,0
2022-06-23,NV,7012,0,0,0,0,0,0,0,0,0,0,0,0,0,0,0,0,0,0,0,0,24,0,0,0,0,0,0,0,0,0,0,0,0,0,0,0,0,0,0,0,0,0,0,0,0,0,1397,0,0,0,0,0,0,0,0,0,0,0,0,0,0,0,0,0,19,0,0,0,0,0,0,0,0,3068,1,0,0,0,0,0,0,4,0,0,0,0,2,0,0,0,0,0,0,1,0,0,0,0,0,0,0,0,0,0,0,0,0,0,1,0,0,0,0,0,0,561,0,0,0,0,1930,0,0,0,1,0
2022-06-24,NV,7059,0,0,0,0,0,0,0,0,0,0,0,0,0,0,0,0,0,0,0,0,23,0,0,0,0,0,0,0,0,0,0,0,0,0,0,0,0,0,0,0,0,0,0,0,0,0,1349,0,0,0,0,0,0,0,0,0,0,0,0,0,0,0,0,0,21,0,0,0,0,0,0,0,0,3022,1,0,0,0,0,0,0,4,0,0,0,0,2,0,0,0,0,0,0,1,0,0,0,0,0,0,0,0,0,0,0,0,0,0,1,0,0,0,0,0,0,579,0,0,0,0,2052,0,0,0,1,0
2022-06-25,NV,7105,0,0,0,0,0,0,0,0,0,0,0,0,0,0,0,0,0,0,0,0,23,0,0,0,0,0,0,0,0,0,0,0,0,0,0,0,0,0,0,0,0,0,0,0,0,0,1301,0,0,0,0,0,0,0,0,0,0,0,0,0,0,0,0,0,22,0,0,0,0,0,0,0,0,2975,1,0,0,0,0,0,0,4,0,0,0,0,2,0,0,0,0,0,0,1,0,0,0,0,0,0,0,0,0,0,0,0,0,0,1,0,0,0,0,0,0,598,0,0,0,0,2175,0,0,0,1,0
2022-06-26,NV,7139,0,0,0,0,0,0,0,0,0,0,0,0,0,0,0,0,0,0,0,0,22,0,0,0,0,0,0,0,0,0,0,0,0,0,0,0,0,0,0,0,0,0,0,0,0,0,1249,0,0,0,0,0,0,0,0,0,0,0,0,0,0,0,0,0,23,0,0,0,0,0,0,0,0,2922,1,0,0,0,0,0,0,4,0,0,0,0,2,0,0,0,0,0,0,1,0,0,0,0,0,0,0,0,0,0,0,0,0,0,1,0,0,0,0,0,0,615,0,0,0,0,2295,0,0,0,1,0
2022-06-27,NV,7173,0,0,0,0,0,0,0,0,0,0,0,0,0,0,0,0,0,0,0,0,21,0,0,0,0,0,0,0,0,0,0,0,0,0,0,0,0,0,0,0,0,0,0,0,0,0,1197,0,0,0,0,0,0,0,0,0,0,0,0,0,0,0,0,0,25,0,0,0,0,0,0,0,0,2868,1,0,0,0,0,0,0,4,0,0,0,0,2,0,0,0,0,0,0,1,0,0,0,0,0,0,0,0,0,0,0,0,0,0,1,0,0,0,0,0,0,633,0,0,0,0,2417,0,0,0,1,0
2022-06-28,NV,7206,0,0,0,0,0,0,0,0,0,0,0,0,0,0,0,0,0,0,0,0,20,0,0,0,0,0,0,0,0,0,0,0,0,0,0,0,0,0,0,0,0,0,0,0,0,0,1144,0,0,0,0,0,0,0,0,0,0,0,0,0,0,0,0,0,26,0,0,0,0,0,0,0,0,2813,1,0,0,0,0,0,0,4,0,0,0,0,2,0,0,0,0,0,0,1,0,0,0,0,0,0,0,0,0,0,0,0,0,0,1,0,0,0,0,0,0,651,0,0,0,0,2539,0,0,0,1,0
2022-06-29,NV,7240,0,0,0,0,0,0,0,0,0,0,0,0,0,0,0,0,0,0,0,0,20,0,0,0,0,0,0,0,0,0,0,0,0,0,0,0,0,0,0,0,0,0,0,0,0,0,1091,0,0,0,0,0,0,0,0,0,0,0,0,0,0,0,0,0,28,0,0,0,0,0,0,0,0,2758,1,0,0,0,0,0,0,4,0,0,0,0,2,0,0,0,0,0,0,1,0,0,0,0,0,0,0,0,0,1,0,1,0,0,1,0,0,0,0,0,0,669,0,0,0,0,2662,0,0,0,1,0
2022-06-30,NV,7274,0,0,0,0,0,0,0,0,0,0,0,0,0,0,0,0,0,0,0,0,19,0,0,0,0,0,0,0,0,0,0,0,0,0,0,0,0,0,0,0,0,0,0,0,0,0,1037,0,0,0,0,0,0,0,0,0,0,0,0,0,0,0,0,0,29,0,0,0,0,0,0,0,0,2702,1,0,0,0,0,0,0,4,0,0,0,0,2,0,0,0,0,0,0,1,0,0,0,0,0,0,0,0,0,1,0,1,0,0,1,0,0,0,0,0,0,687,0,0,0,0,2787,0,0,0,1,0
2022-07-01,NV,7307,0,0,0,0,0,0,0,0,0,0,0,0,0,0,0,0,0,0,0,0,18,0,0,0,0,0,0,0,0,0,0,0,0,0,0,0,0,0,0,0,0,0,0,0,0,0,983,0,0,0,0,0,0,0,0,0,0,0,0,0,0,0,0,0,31,0,0,0,0,0,0,0,0,2645,1,0,0,0,0,0,0,4,0,0,0,0,2,0,0,0,0,0,0,1,0,0,0,0,0,0,0,0,0,1,0,1,0,0,1,0,0,0,0,0,0,705,0,0,0,0,2912,0,0,0,1,0
2022-07-02,NV,7341,0,0,0,0,0,0,0,0,0,0,0,0,0,0,0,0,0,0,0,0,17,0,0,0,0,0,0,0,0,0,0,0,0,0,0,0,0,0,0,0,0,0,0,0,0,0,928,0,0,0,0,0,0,0,0,0,0,0,0,0,0,0,0,0,32,0,0,0,0,0,0,0,0,2588,1,0,0,0,0,0,0,4,0,0,0,0,2,0,0,0,0,0,0,1,0,0,0,0,0,0,0,0,0,1,0,1,0,0,1,0,0,0,0,0,0,723,0,0,0,0,3039,0,0,0,1,0
2022-07-03,NV,7526,0,0,0,0,0,0,0,0,0,0,0,0,0,0,0,0,0,0,0,0,17,0,0,0,0,0,0,0,0,0,0,0,0,0,0,0,0,0,0,0,0,0,0,0,0,0,890,0,0,0,0,0,0,0,0,0,0,0,0,0,0,0,0,0,34,0,0,0,0,0,0,0,0,2583,1,0,0,0,0,0,0,4,0,0,0,0,2,0,0,0,0,0,0,1,0,0,0,0,0,0,0,0,0,1,0,1,0,0,1,0,0,0,0,0,0,757,0,0,0,0,3231,0,0,0,1,0
2022-07-04,NV,7711,0,0,0,0,0,0,0,0,0,0,0,0,0,0,0,0,0,0,0,0,16,0,0,0,0,0,0,0,0,0,0,0,0,0,0,0,0,0,0,0,0,0,0,0,0,0,850,0,0,0,0,0,0,0,0,0,0,0,0,0,0,0,0,0,37,0,0,0,0,0,0,0,0,2573,1,0,0,0,0,1,0,4,0,0,0,0,2,0,0,0,0,0,0,1,0,0,1,0,0,0,0,0,0,1,0,1,0,0,1,0,0,0,0,0,0,792,0,0,0,0,3430,0,0,0,1,0
2022-07-05,NV,7896,0,0,0,0,0,0,0,0,0,0,0,0,0,0,0,0,0,0,0,0,16,0,0,0,0,0,0,0,0,0,0,0,0,0,0,0,0,0,0,0,0,0,0,0,0,0,806,0,0,0,0,0,0,0,0,0,0,0,0,0,0,0,0,0,39,0,0,0,0,0,0,0,0,2560,1,0,0,0,0,1,0,4,0,0,0,0,2,0,0,0,0,0,0,1,0,0,1,0,0,0,0,0,0,1,0,1,0,0,1,0,0,0,0,0,0,827,0,0,0,0,3634,0,0,0,1,0
2022-07-06,NV,8081,0,0,0,0,0,0,0,0,0,0,0,0,0,0,0,0,0,0,0,0,15,0,0,0,0,0,0,0,0,0,0,0,0,0,0,0,0,0,0,0,0,0,0,0,0,0,760,0,0,0,0,0,0,0,0,0,0,0,0,0,0,0,0,0,41,0,0,0,0,0,0,0,0,2544,1,0,0,0,0,1,0,4,0,0,0,0,2,0,0,0,0,0,0,1,0,0,1,0,0,0,0,0,0,1,0,1,0,0,1,0,0,0,0,0,0,863,0,0,0,0,3843,0,0,0,1,0
2022-07-07,NV,8266,0,0,0,0,0,0,0,0,0,0,0,0,0,0,0,0,0,0,0,0,15,0,0,0,0,0,0,0,0,0,0,0,0,0,0,0,0,0,0,0,0,0,0,0,0,0,710,0,0,0,0,0,0,0,0,0,0,0,0,0,0,0,0,0,44,0,0,0,0,0,0,0,0,2524,1,0,0,0,0,1,0,4,0,0,0,0,2,0,0,0,0,0,0,1,0,0,1,0,0,0,0,0,0,1,0,1,0,0,1,0,0,0,0,0,0,900,0,0,0,0,4059,0,0,0,2,0
2022-07-08,NV,8451,0,0,0,0,0,0,0,0,0,0,0,0,0,0,0,0,0,0,0,0,14,0,0,0,0,0,0,0,0,0,0,0,0,0,0,0,0,0,0,0,0,0,0,0,0,0,658,0,0,0,0,0,0,0,0,0,0,0,0,0,0,0,0,0,46,0,0,0,0,0,0,0,0,2501,1,0,0,0,0,1,0,4,0,0,0,0,3,0,0,0,0,0,0,1,0,0,1,0,0,0,0,0,0,1,0,1,0,0,1,0,0,0,0,0,0,937,0,0,0,0,4280,0,0,0,2,0
2022-07-09,NV,8636,0,0,0,0,0,0,0,0,0,0,0,0,0,0,0,0,0,0,0,0,14,0,0,0,0,0,0,0,0,0,0,0,0,0,0,0,0,0,0,0,0,0,0,0,0,0,602,0,0,0,0,0,0,0,0,0,0,0,0,0,0,0,0,0,49,0,0,0,0,0,0,0,0,2474,1,0,0,0,0,1,0,4,0,0,0,0,3,0,0,0,0,0,0,1,0,0,1,0,0,0,0,0,0,1,0,1,0,0,1,0,2,0,0,0,0,975,0,0,0,0,4505,0,0,1,2,0
2022-07-10,NV,8805,0,0,0,0,0,0,0,0,0,0,0,0,0,0,0,0,0,0,0,0,14,0,0,0,0,0,0,0,0,0,0,0,0,0,0,0,0,0,0,0,0,0,0,0,0,0,596,0,0,0,0,0,0,0,0,0,0,0,0,0,0,0,0,0,53,0,0,0,0,0,0,0,0,2450,1,0,0,0,0,1,0,4,0,0,0,0,3,0,0,0,0,0,0,1,0,0,1,0,0,0,0,0,0,1,0,1,0,0,1,0,2,0,0,0,0,986,0,0,0,0,4689,0,0,1,2,0
2022-07-11,NV,8974,0,0,0,0,0,0,0,0,0,0,0,0,0,0,0,0,0,0,0,0,14,0,0,0,0,0,0,0,0,0,0,0,0,0,0,0,0,0,0,0,0,0,0,0,0,0,589,0,0,0,0,0,0,0,0,0,0,0,0,0,0,0,0,0,57,0,0,0,0,0,0,0,0,2423,1,0,0,0,0,1,0,4,0,0,0,0,3,0,0,0,0,0,0,1,0,0,1,0,0,0,0,0,0,1,0,1,0,0,1,0,2,0,0,0,0,995,0,0,0,0,4876,0,0,1,2,0
2022-07-12,NV,9142,0,0,0,0,0,0,0,0,0,0,0,0,0,0,0,0,0,0,0,0,14,0,0,0,0,0,0,0,0,0,0,0,0,0,0,0,0,0,0,0,0,0,0,0,0,0,581,0,0,0,0,0,0,0,0,0,0,0,0,0,0,0,0,0,61,0,0,0,0,0,0,0,0,2394,1,0,0,0,0,1,0,4,0,0,0,0,3,0,0,0,0,0,0,1,0,0,1,0,0,0,0,0,0,1,0,1,0,0,2,0,3,0,0,0,0,1005,0,0,0,0,5067,0,0,1,2,0
2022-07-13,NV,9311,0,0,0,0,0,0,0,0,0,0,0,0,0,0,0,0,0,0,0,0,15,0,0,0,0,0,0,0,0,0,0,0,0,0,0,0,0,0,0,0,0,0,0,0,0,0,573,0,0,0,0,0,0,0,0,0,0,0,0,0,0,0,0,0,66,0,0,0,0,0,0,0,0,2362,1,0,0,0,0,1,0,4,0,0,0,0,3,0,0,0,0,0,0,1,0,0,1,0,0,0,0,0,0,1,0,1,0,0,2,0,3,0,0,0,0,1014,0,0,0,0,5262,0,0,1,2,0
2022-07-14,NV,9480,0,0,0,0,0,0,0,0,0,0,0,0,0,0,0,0,0,0,0,0,15,0,0,0,0,0,0,0,0,0,0,0,0,0,0,0,0,0,0,0,0,0,0,0,0,0,563,0,0,0,0,0,0,0,0,0,0,0,0,0,0,0,0,0,70,0,0,0,0,0,0,0,0,2328,1,0,0,0,0,1,0,4,0,0,0,0,3,0,0,0,0,0,0,1,0,0,1,0,0,0,0,0,0,1,0,1,0,0,2,0,3,0,0,0,0,1023,0,0,0,0,5460,0,0,1,2,0
2022-07-15,NV,9649,0,0,0,0,0,0,0,0,0,0,0,0,0,0,0,0,0,0,0,0,15,0,0,0,0,0,0,0,0,0,0,0,0,0,0,0,0,0,0,0,0,0,0,0,0,0,553,0,0,0,0,0,0,0,0,0,0,0,0,0,0,0,0,0,75,0,0,0,0,0,0,0,0,2290,1,0,0,0,0,1,0,4,0,0,0,0,3,0,0,0,0,0,0,1,0,0,1,0,0,0,0,0,0,1,0,1,0,0,2,0,3,0,0,0,0,1032,0,0,0,0,5662,0,0,1,2,0
2022-07-16,NV,9817,0,0,0,0,0,0,0,0,0,0,0,0,0,0,0,0,0,0,0,0,15,0,0,0,0,0,0,0,0,0,0,0,0,0,0,0,0,0,0,0,0,0,0,0,0,0,543,0,0,0,0,0,0,0,0,0,0,0,0,0,0,0,0,0,80,0,0,0,0,0,0,0,0,2250,1,0,0,0,0,1,0,4,0,0,0,0,3,0,0,0,0,0,0,1,0,0,1,0,0,0,0,0,0,1,0,1,0,0,2,0,4,0,0,0,0,1040,0,0,0,0,5868,0,0,1,2,0
2022-07-17,NV,9817,0,0,0,0,0,0,0,0,0,0,0,0,0,0,0,0,0,0,0,0,15,0,0,0,0,0,0,0,0,0,0,0,0,0,0,0,0,0,0,0,0,0,0,0,0,0,522,0,0,0,0,0,0,0,0,0,0,0,0,0,0,0,0,0,83,0,0,0,0,0,0,0,0,2169,1,0,0,0,0,1,0,4,0,0,0,0,3,0,0,0,0,0,0,1,0,0,1,0,0,0,0,0,0,1,0,1,0,0,2,0,4,0,0,0,0,1030,0,0,0,0,5974,0,0,1,2,0
2022-07-18,NV,9817,0,0,0,0,0,0,0,0,0,0,0,0,0,0,0,0,0,0,0,0,15,0,0,0,0,0,0,0,0,0,0,0,0,0,0,0,0,0,0,0,0,0,0,0,0,0,502,0,0,0,0,0,0,0,0,0,0,0,0,0,0,0,0,0,87,0,0,0,0,0,0,0,0,2089,1,0,0,0,0,1,0,4,0,0,0,0,3,0,0,0,0,0,0,1,0,0,1,0,0,0,0,0,0,1,0,1,0,0,2,0,4,0,0,0,0,1020,0,0,0,0,6081,0,0,1,2,0
2022-07-19,NV,9817,0,0,0,0,0,0,0,0,0,0,0,0,0,0,0,0,0,0,0,0,15,0,0,0,0,0,0,0,0,0,0,0,0,0,0,0,0,0,0,0,0,0,0,0,0,0,482,0,0,0,0,0,0,0,0,0,0,0,0,0,0,0,0,0,90,0,0,0,0,0,0,0,0,2009,1,0,0,0,0,1,0,4,0,0,0,0,4,0,0,0,0,0,0,1,0,0,1,0,0,0,0,0,0,1,0,1,0,0,2,0,4,0,0,0,0,1010,0,0,0,0,6187,0,0,1,2,0
2022-07-20,NV,9817,0,0,0,0,0,0,0,0,0,0,0,0,0,0,0,0,0,0,0,0,15,0,0,0,0,0,0,0,0,0,0,0,0,0,0,0,0,0,0,0,0,0,0,0,0,0,462,0,0,0,0,0,0,0,0,0,0,0,0,0,0,0,0,0,94,0,0,0,0,0,0,0,0,1928,1,0,0,0,0,1,0,4,0,0,0,0,4,0,0,0,0,0,0,1,0,0,1,0,0,0,0,0,0,1,0,1,0,0,2,0,5,0,0,0,0,1000,0,0,0,0,6294,0,0,1,2,0
2022-07-21,NV,9816,0,0,0,0,0,0,0,0,0,0,0,0,0,0,0,0,0,0,0,0,15,0,0,0,0,0,0,0,0,0,0,0,0,0,0,0,0,0,0,0,0,0,0,0,0,0,441,0,0,0,0,0,0,0,0,0,0,0,0,0,0,0,0,0,97,0,0,0,0,0,0,0,0,1848,1,0,0,0,0,1,0,3,0,0,0,0,4,0,0,0,0,0,0,1,0,0,1,0,0,0,0,0,0,1,0,1,0,0,2,0,5,0,0,0,0,991,0,0,0,0,6400,0,0,1,2,0
2022-07-22,NV,9816,0,0,0,0,0,0,0,0,0,0,0,0,0,0,0,0,0,0,0,0,15,0,0,0,0,0,0,0,0,0,0,0,0,0,0,0,0,0,0,0,0,0,0,0,0,0,421,0,0,0,0,0,0,0,0,0,0,0,0,0,0,0,0,0,101,0,0,0,0,0,0,0,0,1768,1,0,0,0,0,1,0,3,0,0,0,0,4,0,0,0,0,0,0,1,0,0,1,0,0,0,0,0,0,1,0,1,0,0,2,0,5,0,0,0,0,981,0,0,0,0,6507,0,0,1,2,0
2022-07-23,NV,9816,0,0,0,0,0,0,0,0,0,0,0,0,0,0,0,0,0,0,0,0,15,0,0,0,0,0,0,0,0,0,0,0,0,0,0,0,0,0,0,0,0,0,0,0,0,0,401,0,0,0,0,0,0,0,0,0,0,0,0,0,0,0,0,0,104,0,0,0,0,0,0,0,0,1687,1,0,0,0,0,1,0,3,0,0,0,0,4,0,0,0,0,0,0,1,0,0,1,0,0,0,0,0,0,1,0,1,0,0,2,0,5,0,0,0,0,971,0,0,0,0,6613,0,0,1,2,0
2022-07-24,NV,9690,0,0,0,0,0,0,0,0,0,0,0,0,0,0,0,0,0,0,0,0,15,0,0,0,0,0,0,0,0,0,0,0,0,0,0,0,0,0,0,0,0,0,0,0,0,0,375,0,0,0,0,0,0,0,0,0,0,0,0,0,0,0,0,0,106,0,0,0,0,0,0,0,0,1586,1,0,0,0,0,1,0,3,0,0,0,0,4,0,0,0,0,0,0,1,0,0,1,0,0,0,0,0,0,1,0,1,0,0,2,0,6,0,0,0,0,949,0,0,0,0,6633,0,0,1,2,0
2022-07-25,NV,9563,0,0,0,0,0,0,0,0,0,0,0,0,0,0,0,0,0,0,0,0,15,0,0,0,0,0,0,0,0,0,0,0,0,0,0,0,0,0,0,0,0,0,0,0,0,0,351,0,0,0,0,0,0,0,0,0,0,0,0,0,0,0,0,0,108,0,0,0,0,0,0,0,0,1487,1,0,0,0,0,1,0,3,0,0,0,0,4,0,0,0,0,0,0,1,0,0,1,0,0,0,0,0,0,1,0,1,0,0,2,0,6,0,0,0,0,927,0,0,0,0,6651,0,0,1,2,0
2022-07-26,NV,9436,0,0,0,0,0,0,0,0,0,0,0,0,0,0,0,0,0,0,0,0,15,0,0,0,0,0,0,0,0,0,0,0,0,0,0,0,0,0,0,0,0,0,0,0,0,0,327,0,0,0,0,0,0,0,0,0,0,0,0,0,0,0,0,0,110,0,0,0,0,0,0,0,0,1390,1,0,0,0,0,1,0,3,0,0,0,0,4,0,0,0,0,0,0,1,0,0,1,0,0,0,0,0,0,1,0,1,0,0,2,0,6,0,0,0,0,905,0,0,0,0,6665,0,0,1,2,0
2022-07-27,NV,9310,0,0,0,0,0,0,0,0,0,0,0,0,0,0,0,0,0,0,0,0,15,0,0,0,0,0,0,0,0,0,0,0,0,0,0,0,0,0,0,0,0,0,0,0,0,0,303,0,0,0,0,0,0,0,0,0,0,0,0,0,0,0,0,0,112,0,0,0,0,0,0,0,0,1295,1,0,0,0,0,1,0,3,0,0,0,0,4,0,0,0,0,0,0,1,0,0,1,0,0,0,0,0,0,1,0,1,0,0,2,0,6,0,0,0,0,883,0,0,0,0,6677,0,0,1,2,0
2022-07-28,NV,9183,0,0,0,0,0,0,0,0,0,0,0,0,0,0,0,0,0,0,0,0,14,0,0,0,0,0,0,0,0,0,0,0,0,0,0,0,0,0,0,0,0,0,0,0,0,0,280,0,0,0,0,0,0,0,0,0,0,0,0,0,0,0,0,0,114,0,0,0,0,0,0,0,0,1203,1,0,0,0,0,1,0,3,0,0,0,0,4,0,0,0,0,0,0,1,0,0,1,0,0,0,0,0,0,1,0,1,0,0,2,0,6,0,0,0,0,862,0,0,0,0,6686,0,0,1,2,0
2022-07-29,NV,9057,0,0,0,0,0,0,0,0,0,0,0,0,0,0,0,0,0,0,0,0,14,0,0,0,0,0,0,0,0,0,0,0,0,0,0,0,0,0,0,0,0,0,0,0,0,0,257,0,0,0,0,0,0,0,0,0,0,0,0,0,0,0,0,0,116,0,0,0,0,0,0,0,0,1112,1,0,0,0,0,1,0,3,0,0,0,0,4,0,0,0,0,0,0,1,0,0,1,0,0,0,0,0,0,1,0,1,0,0,2,0,6,0,0,0,0,841,0,0,0,0,6692,0,0,1,2,0
2022-07-30,NV,8930,0,0,0,0,0,0,0,0,0,0,0,0,0,0,0,0,0,0,0,0,14,0,0,0,0,0,0,0,0,0,0,0,0,0,0,0,0,0,0,0,0,0,0,0,0,0,235,0,0,0,0,0,0,0,0,0,0,0,0,0,0,0,0,0,117,0,0,0,0,0,0,0,0,1023,1,0,0,0,0,1,0,3,0,0,0,0,4,0,0,0,0,0,0,1,0,0,1,0,0,0,0,0,0,1,0,1,0,0,2,0,6,0,0,0,0,820,0,0,0,0,6696,0,0,1,2,0
2022-07-31,NV,8786,0,0,0,0,0,0,0,0,0,0,0,0,0,0,0,0,0,0,0,0,14,0,0,0,0,0,0,0,0,0,0,0,0,0,0,0,0,0,0,0,0,0,0,0,0,0,213,0,0,0,0,0,0,0,0,0,0,0,0,0,0,0,0,0,118,0,0,0,0,0,0,0,0,935,1,0,0,0,0,1,0,3,0,0,0,0,4,0,0,0,0,0,0,1,0,0,1,0,0,0,0,0,0,1,0,1,0,0,2,0,7,0,0,0,0,798,0,0,0,0,6683,0,0,1,2,0
2022-08-01,NV,8642,0,0,0,0,0,0,0,0,0,0,0,0,0,0,0,0,0,0,0,0,14,0,0,0,0,0,0,0,0,0,0,0,0,0,0,0,0,0,0,0,0,0,0,0,0,0,192,0,0,0,0,0,0,0,0,0,0,0,0,0,0,0,0,0,119,0,0,0,0,0,0,0,0,849,1,0,0,0,0,1,0,2,0,0,0,0,4,0,0,0,0,0,0,1,0,0,1,0,0,0,0,0,0,1,0,1,0,0,2,0,7,0,0,0,0,777,0,0,0,0,6667,0,0,1,2,0
2022-08-02,NV,8497,0,0,0,0,0,0,0,0,0,0,0,0,0,0,0,0,0,0,0,0,13,0,0,0,0,0,0,0,0,0,0,0,0,0,0,0,0,0,0,0,0,0,0,0,0,0,171,0,0,0,0,0,0,0,0,0,0,0,0,0,0,0,0,0,120,0,0,0,0,0,0,0,0,765,1,0,0,0,0,1,0,2,0,0,0,0,4,0,0,0,0,0,0,1,0,0,1,0,0,0,0,0,0,1,0,1,0,0,2,0,7,0,0,0,0,755,0,0,0,0,6648,0,0,1,2,0
2022-08-03,NV,8353,0,0,0,0,0,0,0,0,0,0,0,0,0,0,0,0,0,0,0,0,13,0,0,0,0,0,0,0,0,0,0,0,0,0,0,0,0,0,0,0,0,0,0,0,0,0,151,0,0,0,0,0,0,0,0,0,0,0,0,0,0,0,0,0,121,0,0,0,0,0,0,0,0,684,1,0,0,0,0,1,0,2,0,0,0,0,4,0,0,0,0,0,0,1,0,0,1,0,0,0,0,0,0,1,0,1,0,0,2,0,7,0,0,0,0,734,0,0,0,0,6626,0,0,1,2,0
2022-08-04,NV,8209,0,0,0,0,0,0,0,0,0,0,0,0,0,0,0,0,0,0,0,0,13,0,0,0,0,0,0,0,0,0,0,0,0,0,0,0,0,0,0,0,0,0,0,0,0,0,131,0,0,0,0,0,0,0,0,0,0,0,0,0,0,0,0,0,122,0,0,0,0,0,0,0,0,604,1,0,0,0,0,1,0,2,0,0,0,0,4,0,0,0,0,0,0,1,0,0,1,0,0,0,0,0,0,1,0,1,0,0,2,0,7,0,0,0,0,713,0,0,0,0,6601,0,0,1,2,0
2022-08-05,NV,8064,0,0,0,0,0,0,0,0,0,0,0,0,0,0,0,0,0,0,0,0,13,0,0,0,0,0,0,0,0,0,0,0,0,0,0,0,0,0,0,0,0,0,0,0,0,0,112,0,0,0,0,0,0,0,0,0,0,0,0,0,0,0,0,0,123,0,0,0,0,0,0,0,0,528,1,0,0,0,0,1,0,2,0,0,0,0,4,0,0,0,0,0,0,1,0,0,1,0,0,0,0,0,0,1,0,1,0,0,2,0,7,0,0,0,0,692,0,0,0,0,6572,0,0,1,2,0
2022-08-06,NV,7920,0,0,0,0,0,0,0,0,0,0,0,0,0,0,0,0,0,0,0,0,12,0,0,0,0,0,0,0,0,0,0,0,0,0,0,0,0,0,0,0,0,0,0,0,0,0,94,0,0,0,0,0,0,0,0,0,0,0,0,0,0,0,0,0,123,0,0,0,0,0,0,0,0,453,1,0,0,0,0,1,0,2,0,0,0,0,4,0,0,0,0,0,0,1,0,0,1,0,0,0,0,0,0,1,0,1,0,0,2,0,7,0,0,0,0,671,0,0,8,0,6533,0,1,1,2,0
2022-08-07,NV,7764,0,0,0,0,0,0,0,0,0,0,0,0,0,0,0,0,0,0,0,0,12,0,0,0,0,0,0,0,0,0,0,0,0,0,0,0,0,0,0,0,0,0,0,0,0,0,89,0,0,0,0,0,0,0,0,0,0,0,0,0,0,0,0,0,125,0,0,0,0,0,0,0,0,430,1,0,0,0,0,1,0,2,0,0,0,0,3,0,0,0,0,0,0,1,0,0,1,0,0,0,0,0,0,1,0,1,0,0,1,0,8,0,0,0,0,646,0,0,9,0,6427,0,1,1,2,0
2022-08-08,NV,7608,0,0,0,0,0,0,0,0,0,0,0,0,0,0,0,0,0,0,0,0,12,0,0,0,0,0,0,0,0,0,0,0,0,0,0,0,0,0,0,0,0,0,0,0,0,0,85,0,0,0,0,0,0,0,0,0,0,0,0,0,0,0,0,0,126,0,0,0,0,0,0,0,0,408,1,0,0,0,0,1,0,2,0,0,0,0,3,0,0,0,0,0,0,1,0,0,1,0,0,0,0,0,0,1,0,1,0,0,1,0,9,0,0,0,0,621,0,0,9,0,6319,0,2,2,2,0
2022-08-09,NV,7451,0,0,0,0,0,0,0,0,0,0,0,0,0,0,0,0,0,0,0,0,12,0,0,0,0,0,0,0,0,0,0,0,0,0,0,0,0,0,0,0,0,0,0,0,0,0,81,0,0,0,0,0,0,0,0,0,0,0,0,0,0,0,0,0,128,0,0,0,0,0,0,0,0,386,1,0,0,0,0,1,0,2,0,0,0,0,3,0,0,0,0,0,0,1,0,0,1,0,0,0,0,0,0,1,0,1,0,0,1,0,10,0,0,0,0,596,0,0,10,0,6210,0,2,2,2,0
2022-08-10,NV,7295,0,0,0,0,0,0,0,0,0,0,0,0,0,0,0,0,0,0,0,0,13,0,0,0,0,0,0,0,0,0,0,0,0,0,0,0,0,0,0,0,0,0,0,0,0,0,77,0,0,0,0,0,0,0,0,0,0,0,0,0,0,0,0,0,129,0,0,0,0,0,0,0,0,365,1,0,0,0,0,1,0,2,0,0,0,0,3,0,0,0,0,0,0,1,0,0,1,0,0,0,0,0,0,1,0,1,0,0,1,0,10,0,0,0,0,572,0,0,11,0,6101,0,2,2,2,0
2022-08-11,NV,7139,0,0,0,0,0,0,0,0,0,0,0,0,0,0,0,0,0,0,0,0,13,0,0,0,0,0,0,0,0,0,0,0,0,0,0,0,0,0,0,0,0,0,0,0,0,0,73,0,0,0,0,0,0,0,0,0,0,0,0,0,0,0,0,0,130,0,0,0,0,0,0,0,0,344,1,0,0,0,0,1,0,2,0,0,0,0,3,0,0,0,0,0,0,1,0,0,1,0,0,0,0,0,0,1,0,1,0,0,1,0,11,0,0,0,0,548,0,0,11,0,5991,0,2,2,2,0
2022-08-12,NV,6983,0,0,0,0,0,0,0,0,0,0,0,0,0,0,0,0,0,0,0,0,13,0,0,0,0,0,0,0,0,0,0,0,0,0,0,0,0,0,0,0,0,0,0,0,0,0,69,0,0,0,0,0,0,0,0,0,0,0,0,0,0,0,0,0,131,0,0,0,0,0,0,0,0,324,1,0,0,0,0,1,0,1,0,0,0,0,3,0,0,0,0,0,0,1,0,0,1,0,0,0,0,0,0,1,0,1,0,0,1,0,12,0,0,0,0,525,0,0,12,0,5879,0,3,2,2,0
2022-08-13,NV,6827,0,0,0,0,0,0,0,0,0,0,0,0,0,0,0,0,0,0,0,0,12,0,0,0,0,0,0,0,0,0,0,0,0,0,0,0,0,0,0,0,0,0,0,0,0,0,65,0,0,0,0,0,0,0,0,0,0,0,0,0,0,0,0,0,131,0,0,0,0,0,0,0,0,305,1,0,0,0,0,1,0,1,0,0,0,0,3,0,0,0,0,0,0,1,0,0,1,0,0,0,0,0,0,1,0,1,0,0,1,0,12,0,0,0,0,503,0,0,12,0,5767,0,3,2,2,0
2022-08-14,NV,6731,0,0,0,0,0,0,0,0,0,0,0,0,0,0,0,0,0,0,0,0,13,0,0,0,0,0,0,0,0,0,0,0,0,0,0,0,0,0,0,0,0,0,0,0,0,0,62,0,0,0,0,0,0,0,0,0,0,0,0,0,0,0,0,0,133,0,0,0,0,0,0,0,0,289,1,0,0,0,0,1,0,1,0,0,0,0,3,0,0,0,0,0,0,1,0,0,1,0,0,0,0,0,0,1,0,1,0,0,1,0,13,0,0,0,0,485,0,0,13,0,5705,0,3,3,2,0
2022-08-15,NV,6635,0,0,0,0,0,0,0,0,0,0,0,0,0,0,0,0,0,0,0,0,13,0,0,0,0,0,0,0,0,0,0,0,0,0,0,0,0,0,0,0,0,0,0,0,0,0,59,0,0,0,0,0,0,0,0,0,0,0,0,0,0,0,0,0,134,0,0,0,0,0,0,0,0,273,1,0,0,0,0,1,0,1,0,0,0,0,3,0,0,0,0,0,0,1,0,0,1,0,0,0,0,0,0,1,0,1,0,0,1,0,14,0,0,0,0,467,0,0,14,0,5643,0,3,3,2,0
2022-08-16,NV,6539,0,0,0,0,0,0,0,0,0,0,0,0,0,0,0,0,0,0,0,0,13,0,0,0,0,0,0,0,0,0,0,0,0,0,0,0,0,0,0,0,0,0,0,0,0,0,56,0,0,0,0,0,0,0,0,0,0,0,0,0,0,0,0,0,136,0,0,0,0,0,0,0,0,257,1,0,0,0,0,1,0,1,0,0,0,0,3,0,0,0,0,0,0,1,0,0,1,0,0,0,0,0,0,1,0,1,0,0,1,0,14,0,0,0,0,450,0,0,14,0,5580,0,4,3,2,0
2022-08-17,NV,6443,0,0,0,0,0,0,0,0,0,0,0,0,0,0,0,0,0,0,0,0,13,0,0,0,0,0,0,0,0,0,0,0,0,0,0,0,0,0,0,0,0,0,0,0,0,0,53,0,0,0,0,0,0,0,0,0,0,0,0,0,0,0,0,0,137,0,0,0,0,0,0,0,0,242,1,0,0,0,0,1,0,1,0,0,0,0,3,0,0,0,0,0,0,1,0,0,1,0,0,0,0,0,0,1,0,1,0,0,1,0,15,0,0,0,0,433,0,0,15,0,5516,0,4,3,2,0
2022-08-18,NV,6347,0,0,0,0,0,0,0,0,0,0,0,0,0,0,0,0,0,0,0,0,13,0,0,0,0,0,0,0,0,0,0,0,0,0,0,0,0,0,0,0,0,0,0,0,0,0,50,0,0,0,0,0,0,0,0,0,0,0,0,0,0,0,0,0,138,0,0,0,0,0,0,0,0,227,1,0,0,0,0,1,0,1,0,0,0,0,3,0,0,0,0,0,0,1,0,0,1,0,0,0,0,0,0,1,0,1,0,0,1,0,16,0,0,0,0,417,0,0,15,0,5452,0,4,3,2,0
2022-08-19,NV,6251,0,0,0,0,0,0,0,0,0,0,0,0,0,0,0,0,0,0,0,0,13,0,0,0,0,0,0,0,0,0,0,0,0,0,0,0,0,0,0,0,0,0,0,0,0,0,47,0,0,0,0,0,0,0,0,0,0,0,0,0,0,0,0,0,140,0,0,0,0,0,0,0,0,212,1,0,0,0,0,1,0,1,0,0,0,0,3,0,0,0,0,0,0,1,0,0,1,0,0,0,0,0,0,1,0,1,0,0,1,0,16,0,0,0,0,400,0,0,16,0,5387,0,4,3,2,0
2022-08-20,NV,6155,0,0,0,0,0,0,0,0,0,0,0,0,0,0,0,0,0,0,0,0,13,0,0,0,0,0,0,0,0,0,0,0,0,0,0,0,0,0,0,0,0,0,0,0,0,0,44,0,0,0,0,0,0,0,0,0,0,0,0,0,0,0,0,0,141,0,0,0,0,0,0,0,0,198,1,0,0,0,0,1,0,1,0,0,0,0,3,0,0,0,0,0,0,1,0,0,1,0,0,0,0,0,0,1,0,1,0,0,1,0,17,0,0,0,0,384,0,0,16,0,5322,0,4,3,2,0
2022-08-21,NV,6126,0,0,0,0,0,0,0,0,0,0,0,0,0,0,0,0,0,0,0,0,13,0,0,0,0,0,0,0,0,0,0,0,0,0,0,0,0,0,0,0,0,0,0,0,0,0,42,0,0,0,0,0,0,0,0,0,0,0,0,0,0,0,0,0,143,0,0,0,0,0,0,0,0,186,1,0,0,0,0,1,0,1,0,0,0,0,3,0,0,0,0,0,0,1,0,0,1,0,0,0,0,0,0,1,0,1,0,0,1,0,18,0,0,0,0,373,0,0,17,0,5314,0,5,4,2,0
2022-08-22,NV,6097,0,0,0,0,0,0,0,0,0,0,0,0,0,0,0,0,0,0,0,0,13,0,0,0,0,0,0,0,0,0,0,0,0,0,0,0,0,0,0,0,0,0,0,0,0,0,40,0,0,0,0,0,0,0,0,0,0,0,0,0,0,0,0,0,146,0,0,0,0,0,0,0,0,174,1,0,0,0,0,1,0,1,0,0,0,0,3,0,0,0,0,0,0,1,0,0,1,0,0,0,0,0,0,1,0,1,0,0,1,0,18,0,0,0,0,361,0,0,17,0,5307,0,5,4,2,0
2022-08-23,NV,6068,0,0,0,0,0,0,0,0,0,0,0,0,0,0,0,0,0,0,0,0,13,0,0,0,0,0,0,0,0,0,0,0,0,0,0,0,0,0,0,0,0,0,0,0,0,0,37,0,0,0,0,0,0,0,0,0,0,0,0,0,0,0,0,0,148,0,0,0,0,0,0,0,0,162,1,0,0,0,0,1,0,1,0,0,0,0,3,0,0,0,0,0,0,1,0,0,1,0,0,0,0,0,0,1,0,1,0,0,1,0,19,0,0,0,0,350,0,0,18,0,5299,0,5,4,2,0
2022-08-24,NV,6040,0,0,0,0,0,0,0,0,0,0,0,0,0,0,0,0,0,0,0,0,14,0,0,0,0,0,0,0,0,0,0,0,0,0,0,0,0,0,0,0,0,0,0,0,0,0,35,0,0,0,0,0,0,0,0,0,0,0,0,0,0,0,0,0,151,0,0,0,0,0,0,0,0,151,1,0,0,0,0,1,0,1,0,0,0,0,3,0,0,0,0,0,0,1,0,0,1,0,0,0,0,0,0,1,0,1,0,0,1,0,20,0,0,0,0,339,0,0,19,0,5291,0,5,4,2,0
2022-08-25,NV,6011,0,0,0,0,0,0,0,0,0,0,0,0,0,0,0,0,0,0,0,0,14,0,0,0,0,0,0,0,0,0,0,0,0,0,0,0,0,0,0,0,0,0,0,0,0,0,33,0,0,0,0,0,0,0,0,0,0,0,0,0,0,0,0,0,153,0,0,0,0,0,0,0,0,139,1,0,0,0,0,1,0,1,0,0,0,0,3,0,0,0,0,0,0,1,0,0,1,0,0,0,0,0,0,1,0,1,0,0,1,0,20,0,0,0,0,328,0,0,19,0,5283,0,6,4,2,0
2022-08-26,NV,5982,0,0,0,0,0,0,0,0,0,0,0,0,0,0,0,0,0,0,0,0,14,0,0,0,0,0,0,0,0,0,0,0,0,0,0,0,0,0,0,0,0,0,0,0,0,0,31,0,0,0,0,0,0,0,0,0,0,0,0,0,0,0,0,0,155,0,0,0,0,0,0,0,0,128,1,0,0,0,0,1,0,1,0,0,0,0,3,0,0,0,0,0,0,1,0,0,1,0,0,0,0,0,0,1,0,1,0,0,1,0,21,0,0,0,0,316,0,0,20,0,5274,0,6,4,2,0
2022-08-27,NV,5953,0,0,0,0,0,0,0,0,0,0,0,0,0,0,0,0,0,0,0,0,14,0,0,0,0,0,0,0,0,0,0,0,0,0,0,0,0,0,0,0,0,0,0,0,0,0,29,0,0,0,0,0,0,0,0,0,0,0,0,0,0,0,0,0,158,0,0,0,0,0,0,0,0,116,1,0,0,0,0,1,0,1,0,0,0,0,3,0,0,0,0,0,0,1,0,0,1,0,0,0,0,0,0,1,0,1,0,0,1,0,22,0,0,0,0,305,0,0,21,0,5266,0,6,4,2,0
2022-08-28,NV,6017,0,0,0,0,0,0,0,0,0,0,0,0,0,0,0,0,0,0,0,0,14,0,0,0,0,0,0,0,0,0,0,0,0,0,0,0,0,0,0,0,0,0,0,0,0,0,27,0,0,0,0,0,0,0,0,0,0,0,0,0,0,0,0,0,162,0,0,0,0,0,0,0,0,107,1,0,0,0,0,1,0,1,0,0,0,0,3,0,0,0,0,0,0,1,0,0,1,0,0,0,0,0,0,1,0,1,0,0,1,0,23,0,0,0,0,299,0,0,21,0,5339,0,6,5,2,0
2022-08-29,NV,6081,0,0,0,0,0,0,0,0,0,0,0,0,0,0,0,0,0,0,0,0,15,0,0,0,0,0,0,0,0,0,0,0,0,0,0,0,0,0,0,0,0,0,0,0,0,0,25,0,0,0,0,0,0,0,0,0,0,0,0,0,0,0,0,0,167,0,0,0,0,0,0,0,0,97,1,0,0,0,0,1,0,0,0,0,0,0,3,0,0,0,0,0,0,1,0,0,1,0,0,0,0,0,0,1,0,1,0,0,1,0,24,0,0,0,0,293,0,0,22,0,5413,0,7,5,2,0
2022-08-30,NV,6145,0,0,0,0,0,0,0,0,0,0,0,0,0,0,0,0,0,0,0,0,15,0,0,0,0,0,0,0,0,0,0,0,0,0,0,0,0,0,0,0,0,0,0,0,0,0,23,0,0,0,0,0,0,0,0,0,0,0,0,0,0,0,0,0,172,0,0,0,0,0,0,0,0,87,1,0,0,0,0,1,0,0,0,0,0,0,3,0,0,0,0,0,0,1,0,0,1,0,0,0,0,0,0,1,0,1,0,0,1,0,25,0,0,0,0,286,0,0,23,0,5488,0,7,5,2,0
2022-08-31,NV,6208,0,0,0,0,0,0,0,0,0,0,0,0,0,0,0,0,0,0,0,0,16,0,0,0,0,0,0,0,0,0,0,0,0,0,0,0,0,0,0,0,0,0,0,0,0,0,21,0,0,0,0,0,0,0,0,0,0,0,0,0,0,0,0,0,177,0,0,0,0,0,0,0,0,77,1,0,0,0,0,1,0,0,0,0,0,0,4,0,0,0,0,0,0,1,0,0,1,0,0,0,0,0,0,1,0,1,0,0,1,0,26,0,0,0,0,279,0,0,24,0,5562,0,7,5,2,0
2022-09-01,NV,6272,0,0,0,0,0,0,0,0,0,0,0,0,0,0,0,0,0,0,0,0,16,0,0,0,0,0,0,0,0,0,0,0,0,0,0,0,0,0,0,0,0,0,0,0,0,0,20,0,0,0,0,0,0,0,0,0,0,0,0,0,0,0,0,0,182,0,0,0,0,0,0,0,0,66,1,0,0,0,0,1,0,0,0,0,0,0,4,0,0,0,0,0,0,1,0,0,1,0,0,0,0,0,0,1,0,1,0,0,1,0,27,0,0,0,0,272,0,0,25,0,5637,0,8,6,2,0
2022-09-02,NV,6336,0,0,0,0,0,0,0,0,0,0,0,0,0,0,0,0,0,0,0,0,16,0,0,0,0,0,0,0,0,0,0,0,0,0,0,0,0,0,0,0,0,0,0,0,0,0,18,0,0,0,0,0,0,0,0,0,0,0,0,0,0,0,0,0,188,0,0,0,0,0,0,0,0,55,1,0,0,0,0,1,0,0,0,0,0,0,4,0,0,0,0,0,0,1,0,0,1,0,0,0,0,0,0,1,0,1,0,0,1,0,28,0,0,0,0,264,0,0,26,0,5713,0,8,6,2,0
2022-09-03,NV,6400,0,0,0,0,0,0,0,0,0,0,0,0,0,0,0,0,0,0,0,0,17,0,0,0,0,0,0,0,0,0,0,0,0,0,0,0,0,0,0,0,0,0,0,0,0,0,16,0,0,0,0,0,0,0,0,0,0,0,0,0,0,0,0,0,192,0,0,0,0,0,0,0,0,44,1,0,0,0,0,1,0,0,0,0,0,0,4,0,0,0,0,0,0,1,0,0,1,0,0,0,0,0,0,1,0,1,0,0,1,0,29,0,0,0,0,256,0,0,27,0,5778,12,9,6,2,0
2022-09-04,NV,6450,0,0,0,0,0,0,0,0,0,0,0,0,0,0,0,0,0,0,0,0,17,0,0,0,0,0,0,0,0,0,0,0,0,0,0,0,0,0,0,0,0,0,0,0,0,0,17,0,0,0,0,0,0,0,0,0,0,0,0,0,0,0,0,0,199,0,0,0,0,0,0,0,0,43,1,0,0,0,0,2,0,0,0,0,0,0,4,0,0,0,0,0,0,1,0,0,1,0,0,0,0,0,0,1,0,1,0,0,3,0,30,0,0,0,0,253,0,0,30,0,5816,13,9,6,2,0
2022-09-05,NV,6500,0,0,0,0,0,0,0,0,0,0,0,0,0,0,0,0,0,0,0,0,17,0,0,0,0,0,0,0,0,0,0,0,0,0,0,0,0,0,0,0,0,0,0,0,0,0,18,0,0,0,0,0,0,0,0,0,0,0,0,0,0,0,0,0,205,0,0,0,0,0,0,0,0,42,1,0,0,0,0,2,0,0,0,0,0,0,4,0,0,0,0,0,0,1,0,0,1,0,0,0,0,0,0,1,0,1,0,0,5,0,31,0,0,0,0,249,0,0,33,0,5855,13,10,7,2,0
2022-09-06,NV,6551,0,0,0,0,0,0,0,0,0,0,0,0,0,0,0,0,0,0,0,0,17,0,0,0,0,0,0,0,0,0,0,0,0,0,0,0,0,0,0,0,0,0,0,0,0,0,19,0,0,0,0,0,0,0,0,0,0,0,0,0,0,0,0,0,212,0,0,0,0,0,0,0,0,41,1,0,0,0,0,3,0,0,0,0,0,0,4,0,0,0,0,0,0,1,0,0,1,0,0,0,0,0,0,1,0,1,0,0,6,0,32,0,0,0,0,245,0,0,37,0,5893,14,11,7,2,0
2022-09-07,NV,6601,0,0,0,0,0,0,0,0,0,0,0,0,0,0,0,0,0,0,0,0,17,0,0,0,0,0,0,0,0,0,0,0,0,0,0,0,0,0,0,0,0,0,0,0,0,0,20,0,0,0,0,0,0,0,0,0,0,0,0,0,0,0,0,0,218,0,0,0,0,0,0,0,0,40,1,0,0,0,0,4,0,0,0,0,0,0,4,0,0,0,0,0,0,1,0,0,1,0,0,0,0,0,0,1,0,1,0,0,8,0,33,0,0,0,0,241,0,0,40,0,5932,15,12,7,2,0
2022-09-08,NV,6651,0,0,0,0,0,0,0,0,0,0,0,0,0,0,0,0,0,0,0,0,17,0,0,0,0,0,0,0,0,0,0,0,0,0,0,0,0,0,0,0,0,0,0,0,0,0,22,0,0,0,0,0,0,0,0,0,0,0,0,0,0,0,0,0,225,0,0,0,0,0,0,0,0,39,1,0,0,0,0,5,0,1,0,0,0,0,4,0,0,0,0,0,0,1,0,0,2,0,0,0,0,0,0,1,0,1,0,0,10,0,34,0,0,0,0,237,0,0,43,0,5970,15,13,7,2,0
2022-09-09,NV,6701,0,0,0,0,0,0,0,0,0,0,0,0,0,0,0,0,0,0,0,0,17,0,0,0,0,0,0,0,0,0,0,0,0,0,0,0,0,0,0,0,0,0,0,0,0,0,23,0,0,0,0,0,0,0,0,0,0,0,0,0,0,0,0,0,232,0,0,0,0,0,0,0,0,38,1,0,0,0,0,6,0,1,0,0,0,0,4,0,0,0,0,0,0,1,0,0,2,0,0,0,0,0,0,1,0,1,0,0,11,0,35,0,0,0,0,233,0,0,46,0,6008,16,14,8,2,0
2022-09-10,NV,6752,0,0,0,0,0,0,0,0,0,0,0,0,0,0,0,0,0,0,0,0,17,0,0,0,0,0,0,0,0,0,0,0,0,0,0,0,0,0,0,0,0,0,0,0,0,0,24,0,0,0,0,0,0,0,0,0,0,0,0,0,0,0,0,0,238,0,0,0,0,0,0,0,0,37,1,0,0,0,0,8,0,1,0,0,0,0,4,0,0,0,0,0,0,1,0,0,2,0,0,0,0,0,0,1,0,1,0,0,13,0,36,0,0,0,0,229,0,0,50,0,6046,17,15,8,2,0
2022-09-11,NV,6712,0,0,0,0,0,0,0,0,0,0,0,0,0,0,0,0,0,0,0,0,16,0,0,0,0,0,0,0,0,0,0,0,0,0,0,0,0,0,0,0,0,0,0,0,0,0,25,0,0,0,0,0,0,0,0,0,0,0,0,0,0,0,0,0,242,0,0,0,0,0,0,0,0,35,1,0,0,0,0,8,0,1,0,0,0,0,4,0,0,0,0,0,0,1,0,0,2,0,0,0,0,0,0,1,0,1,0,0,15,0,37,0,0,0,0,222,0,0,52,0,6003,17,16,8,2,0
2022-09-12,NV,6672,0,0,0,0,0,0,0,0,0,0,0,0,0,0,0,0,0,0,0,0,16,0,0,0,0,0,0,0,0,0,0,0,0,0,0,0,0,0,0,0,0,0,0,0,0,0,26,0,0,0,0,0,0,0,0,0,0,0,0,0,0,0,0,0,246,0,0,0,0,0,0,0,0,34,1,0,0,0,0,9,0,1,0,0,0,0,4,0,0,0,0,0,0,1,0,0,2,0,0,0,0,0,0,1,0,1,0,0,16,0,37,0,0,0,0,214,0,0,55,0,5961,17,16,8,2,0
2022-09-13,NV,6633,0,0,0,0,0,0,0,0,0,0,0,0,0,0,0,0,0,0,0,0,16,0,0,0,0,0,0,0,0,0,0,0,0,0,0,0,0,0,0,0,0,0,0,0,0,0,27,0,0,0,0,0,0,0,0,0,0,0,0,0,0,0,0,0,249,0,0,0,0,0,0,0,0,32,1,0,0,0,0,10,0,1,0,0,0,0,4,0,0,0,0,0,0,1,0,0,2,0,0,0,0,0,0,1,0,1,0,0,18,0,38,0,0,0,0,207,0,0,58,0,5919,18,17,9,2,0
2022-09-14,NV,6593,0,0,0,0,0,0,0,0,0,0,0,0,0,0,0,0,0,0,0,0,16,0,0,0,0,0,0,0,0,0,0,0,0,0,0,0,0,0,0,0,0,0,0,0,0,0,28,0,0,0,0,0,0,0,0,0,0,0,0,0,0,0,0,0,253,0,0,0,0,0,0,0,0,31,1,0,0,0,0,11,0,1,0,0,0,0,4,0,0,0,0,0,0,1,0,0,3,0,0,0,0,0,0,1,0,1,0,0,19,0,39,0,0,0,0,200,0,0,60,0,5876,18,18,9,2,0
2022-09-15,NV,6553,0,0,0,0,0,0,0,0,0,0,0,0,0,0,0,0,0,0,0,0,15,0,0,0,0,0,0,0,0,0,0,0,0,0,0,0,0,0,0,0,0,0,0,0,0,0,28,0,0,0,0,0,0,0,0,0,0,0,0,0,0,0,0,0,256,0,0,0,0,0,0,0,0,29,1,0,0,0,0,12,0,1,0,0,0,0,4,0,0,0,0,0,0,1,0,0,3,0,0,0,0,0,0,1,0,1,0,0,21,0,39,0,0,0,0,193,0,0,63,0,5834,19,19,9,2,0
2022-09-16,NV,6514,0,0,0,0,0,0,0,0,0,0,0,0,0,0,0,0,0,0,0,0,15,0,0,0,0,0,0,0,0,0,0,0,0,0,0,0,0,0,0,0,0,0,0,0,0,0,29,0,0,0,0,0,0,0,0,0,0,0,0,0,0,0,0,0,259,0,0,0,0,0,0,0,0,28,1,0,0,0,0,13,0,1,0,0,0,0,4,0,0,0,0,0,0,1,0,0,3,0,0,0,0,0,0,1,0,1,0,0,22,0,40,0,0,0,0,186,0,0,65,0,5792,19,19,9,2,0
2022-09-17,NV,6474,0,0,0,0,0,0,0,0,0,0,0,0,0,0,0,0,0,0,0,0,15,0,0,0,0,0,0,0,0,0,0,0,0,0,0,0,0,0,0,0,0,0,0,0,0,0,30,0,0,0,0,0,0,0,0,0,0,0,0,0,0,0,0,0,263,0,0,0,0,0,0,0,0,26,1,0,0,0,0,14,0,1,0,0,0,0,4,0,0,0,0,0,0,1,0,0,3,0,0,0,0,0,0,1,0,1,0,0,24,0,40,0,0,0,0,179,0,0,68,0,5750,20,20,9,2,0
2022-09-18,NV,6400,0,0,0,0,0,0,0,0,0,0,0,0,0,0,0,0,0,0,0,0,15,0,0,0,0,0,0,0,0,0,0,0,0,0,0,0,0,0,0,0,0,0,0,0,0,0,31,0,0,0,0,0,0,0,0,0,0,0,0,0,0,0,0,0,265,0,0,0,0,0,0,0,0,24,1,0,0,0,0,15,0,1,0,0,0,0,4,0,0,0,0,0,0,1,0,0,3,0,0,0,0,0,0,1,0,1,0,0,25,0,40,0,0,0,0,172,0,0,70,0,5677,20,21,10,2,0
2022-09-19,NV,6325,0,0,0,0,0,0,0,0,0,0,0,0,0,0,0,0,0,0,0,0,14,0,0,0,0,0,0,0,0,0,0,0,0,0,0,0,0,0,0,0,0,0,0,0,0,0,31,0,0,0,0,0,0,0,0,0,0,0,0,0,0,0,0,0,266,0,0,0,0,0,0,0,0,23,1,0,0,0,0,15,0,1,0,0,0,0,4,0,0,0,0,0,0,1,0,0,3,0,0,0,0,0,0,1,0,1,0,0,27,0,41,0,0,0,0,164,0,0,72,0,5605,20,21,10,2,0
2022-09-20,NV,6251,0,0,0,0,0,0,0,0,0,0,0,0,0,0,0,0,0,0,0,0,14,0,0,0,0,0,0,0,0,0,0,0,0,0,0,0,0,0,0,0,0,0,0,0,0,0,32,0,0,0,0,0,0,0,0,0,0,0,0,0,0,0,0,0,268,0,0,0,0,0,0,0,0,21,1,0,0,0,0,16,0,1,0,0,0,0,4,0,0,0,0,0,0,1,0,0,3,0,0,0,0,0,0,1,0,1,0,0,28,0,41,0,0,0,0,157,0,0,74,0,5532,21,22,10,2,0
2022-09-21,NV,6177,0,0,0,0,0,0,0,0,0,0,0,0,0,0,0,0,0,0,0,0,14,0,0,0,0,0,0,0,0,0,0,0,0,0,0,0,0,0,0,0,0,0,0,0,0,0,33,0,0,0,0,0,0,0,0,0,0,0,0,0,0,0,0,0,269,0,0,0,0,0,0,0,0,20,1,0,0,0,0,17,0,1,0,0,0,0,4,0,0,0,0,0,0,1,0,0,4,0,0,0,0,0,0,1,0,1,0,0,29,0,41,0,0,0,0,149,0,0,76,0,5460,21,22,10,2,0
2022-09-22,NV,6103,0,0,0,0,0,0,0,0,0,0,0,0,0,0,0,0,0,0,0,0,13,0,0,0,0,0,0,0,0,0,0,0,0,0,0,0,0,0,0,0,0,0,0,0,0,0,33,0,0,0,0,0,0,0,0,0,0,0,0,0,0,0,0,0,271,0,0,0,0,0,0,0,0,18,1,0,0,0,0,18,0,1,0,0,0,0,4,0,0,0,0,0,0,1,0,0,4,0,0,0,0,0,0,1,0,1,0,0,30,0,41,0,0,0,0,142,0,0,78,0,5388,21,23,10,2,0
2022-09-23,NV,6028,0,0,0,0,0,0,0,0,0,0,0,0,0,0,0,0,0,0,0,0,13,0,0,0,0,0,0,0,0,0,0,0,0,0,0,0,0,0,0,0,0,0,0,0,0,0,34,0,0,0,0,0,0,0,0,0,0,0,0,0,0,0,0,0,272,0,0,0,0,0,0,0,0,17,1,0,0,0,0,18,0,1,0,0,0,0,4,0,0,0,0,0,0,1,0,0,4,0,0,0,0,0,0,1,0,1,0,0,31,0,42,0,0,0,0,135,0,0,79,0,5316,21,23,10,2,0
2022-09-24,NV,5954,0,0,0,0,0,0,0,0,0,0,0,0,0,0,0,0,0,0,0,0,13,0,0,0,0,0,0,0,0,0,0,0,0,0,0,0,0,0,0,0,0,0,0,0,0,0,34,0,0,0,0,0,0,0,0,0,0,0,0,0,0,0,0,0,273,0,0,0,0,0,0,0,0,15,1,0,0,0,0,19,0,1,0,0,0,0,4,0,0,0,0,0,0,1,0,0,4,0,0,0,0,0,0,1,0,1,0,0,32,0,42,0,0,0,0,128,0,0,81,0,5245,22,24,10,2,0
2022-09-25,NV,5889,0,0,0,0,0,0,0,0,0,0,0,0,0,0,0,0,0,0,0,0,13,0,0,0,0,0,0,0,0,0,0,0,0,0,0,0,0,0,0,0,0,0,0,0,0,0,35,0,0,0,0,0,0,0,0,0,0,0,0,0,0,0,0,0,274,0,0,0,0,0,0,0,0,14,1,0,0,0,0,19,0,1,0,0,0,0,4,0,0,0,0,0,0,1,0,0,4,0,0,0,0,0,0,1,0,1,0,0,34,0,42,0,0,0,0,122,0,0,83,0,5181,22,24,10,2,0
2022-09-26,NV,5824,0,0,0,0,0,0,0,0,0,0,0,0,0,0,0,0,0,0,0,0,12,0,0,0,0,0,0,0,0,0,0,0,0,0,0,0,0,0,0,0,0,0,0,0,0,0,35,0,0,0,0,0,0,0,0,0,0,0,0,0,0,0,0,0,276,0,0,0,0,0,0,0,0,12,1,0,0,0,0,20,0,1,0,0,0,0,4,0,0,0,0,0,0,1,0,0,4,0,0,0,0,0,0,1,0,1,0,0,35,0,42,0,0,0,0,115,0,0,84,0,5118,22,25,10,2,0
2022-09-27,NV,5759,0,0,0,0,0,0,0,0,0,0,0,0,0,0,0,0,0,0,0,0,12,0,0,0,0,0,0,0,0,0,0,0,0,0,0,0,0,0,0,0,0,0,0,0,0,0,36,0,0,0,0,0,0,0,0,0,0,0,0,0,0,0,0,0,277,0,0,0,0,0,0,0,0,11,1,0,0,0,0,21,0,1,0,0,0,0,4,0,0,0,0,0,0,1,0,0,4,0,0,0,0,0,0,1,0,1,0,0,36,0,42,0,0,0,0,109,0,0,86,0,5055,22,25,11,2,0
2022-09-28,NV,5695,0,0,0,0,0,0,0,0,0,0,0,0,0,0,0,0,0,0,0,0,12,0,0,0,0,0,0,0,0,0,0,0,0,0,0,0,0,0,0,0,0,0,0,0,0,0,36,0,0,0,0,0,0,0,0,0,0,0,0,0,0,0,0,0,278,0,0,0,0,0,0,0,0,10,1,0,0,0,0,21,0,1,0,0,0,0,4,0,0,0,0,0,0,1,0,0,4,0,0,0,0,0,0,1,0,1,0,0,37,0,43,0,0,0,0,102,0,0,88,0,4992,23,25,11,2,0
2022-09-29,NV,5630,0,0,0,0,0,0,0,0,0,0,0,0,0,0,0,0,0,0,0,0,12,0,0,0,0,0,0,0,0,0,0,0,0,0,0,0,0,0,0,0,0,0,0,0,0,0,37,0,0,0,0,0,0,0,0,0,0,0,0,0,0,0,0,0,279,0,0,0,0,0,0,0,0,8,1,0,0,0,0,22,0,1,0,0,0,0,4,0,0,0,0,0,0,1,0,0,5,0,0,0,0,0,0,1,0,1,0,0,38,0,43,0,0,0,0,96,0,0,89,0,4930,23,26,11,2,0
2022-09-30,NV,5565,0,0,0,0,0,0,0,0,0,0,0,0,0,0,0,0,0,0,0,0,11,0,0,0,0,0,0,0,0,0,0,0,0,0,0,0,0,0,0,0,0,0,0,0,0,0,37,0,0,0,0,0,0,0,0,0,0,0,0,0,0,0,0,0,280,0,0,0,0,0,0,0,0,7,1,0,0,0,0,22,0,1,0,0,0,0,4,0,0,0,0,0,0,1,0,0,5,0,0,0,0,0,0,1,0,1,0,0,39,0,43,0,0,0,0,90,0,0,91,0,4867,23,26,11,2,0
2022-10-01,NV,5500,0,0,0,0,0,0,0,0,0,0,0,0,0,0,0,0,0,0,0,0,11,0,0,0,0,0,0,0,0,0,0,0,0,0,0,0,0,0,0,0,0,0,0,0,0,0,38,0,0,0,0,0,0,0,0,0,0,0,0,0,0,0,0,0,281,0,0,0,0,0,0,0,0,6,1,0,0,0,0,23,0,1,0,0,0,0,4,0,0,0,0,0,0,1,0,0,5,0,0,0,0,0,0,1,0,1,0,0,39,0,43,0,0,0,0,84,0,0,92,4,4801,23,27,11,2,0
2022-10-02,NV,5467,0,0,0,0,0,0,0,0,0,0,0,0,0,0,0,0,0,0,0,0,11,0,0,0,0,0,0,0,0,0,0,0,0,0,0,0,0,0,0,0,0,0,0,0,0,0,40,0,0,0,0,0,0,0,0,0,0,0,0,0,0,0,0,0,277,0,0,0,0,0,0,0,0,6,1,0,0,0,0,32,0,1,0,0,0,0,4,0,0,0,0,0,0,1,0,0,6,0,0,0,0,0,0,1,0,1,0,0,53,0,44,0,0,0,0,82,0,0,99,7,4737,23,27,12,2,0
2022-10-03,NV,5434,0,0,0,0,0,0,0,0,0,0,0,0,0,0,0,0,0,0,0,0,11,0,0,0,0,0,0,0,0,0,0,0,0,0,0,0,0,0,0,0,0,0,0,0,0,0,41,0,0,0,0,0,0,0,0,0,0,0,0,0,0,0,0,0,274,0,0,0,0,0,0,0,0,6,1,0,0,0,0,41,0,1,0,0,0,0,4,0,0,0,0,0,0,1,0,0,8,0,0,0,0,0,0,1,0,1,0,0,66,0,44,0,0,0,0,79,0,0,105,9,4673,23,28,13,2,0
2022-10-04,NV,5401,0,0,0,0,0,0,0,0,0,0,0,0,0,0,0,0,0,0,0,0,11,0,0,0,0,0,0,0,0,0,0,0,0,0,0,0,0,0,0,0,0,0,0,0,0,0,43,0,0,0,0,0,0,0,0,0,0,0,0,0,0,0,0,0,270,0,0,0,0,0,0,0,0,5,1,0,0,0,0,50,0,1,0,0,0,0,4,0,0,0,0,0,0,1,0,0,9,0,0,0,0,0,0,1,0,1,0,0,78,0,45,0,0,0,0,77,0,0,111,12,4610,24,29,15,2,0
2022-10-05,NV,5368,0,0,0,0,0,0,0,0,0,0,0,0,0,0,0,0,0,0,0,0,11,0,0,0,0,0,0,0,0,0,0,0,0,0,0,0,0,0,0,0,0,0,0,0,0,0,45,0,0,0,0,0,0,0,0,0,0,0,0,0,0,0,0,0,266,0,0,0,0,0,0,0,0,5,1,0,0,0,0,59,0,1,0,0,0,0,4,0,0,0,0,0,0,1,0,0,11,0,0,0,0,0,0,1,0,1,0,0,91,0,45,0,0,0,0,74,0,0,118,14,4548,24,29,16,2,0
2022-10-06,NV,5336,0,0,0,0,0,0,0,0,0,0,0,0,0,0,0,0,0,0,0,0,11,0,0,0,0,0,0,0,0,0,0,0,0,0,0,0,0,0,0,0,0,0,0,0,0,0,46,0,0,0,0,0,0,0,0,0,0,0,0,0,0,0,0,0,263,0,0,0,0,0,0,0,0,5,1,0,0,0,0,68,0,1,0,0,0,0,4,0,0,0,0,0,0,1,0,0,12,0,0,0,0,0,0,1,0,1,0,0,103,0,46,0,0,0,0,72,0,0,124,16,4486,24,30,17,2,0
2022-10-07,NV,5303,0,0,0,0,0,0,0,0,0,0,0,0,0,0,0,0,0,0,0,0,11,0,0,0,0,0,0,0,0,0,0,0,0,0,0,0,0,0,0,0,0,0,0,0,0,0,48,0,0,0,0,0,0,0,0,0,0,0,0,0,0,0,0,0,259,0,0,0,0,0,0,0,0,5,1,0,0,0,0,76,0,1,0,0,0,0,4,0,0,0,0,0,0,1,0,0,14,0,0,0,0,0,0,1,0,1,0,0,116,0,46,0,0,0,0,70,0,0,130,19,4424,24,31,18,2,0
2022-10-08,NV,5270,0,0,0,0,0,0,0,0,0,0,0,0,0,0,0,0,0,0,0,0,11,0,0,0,0,0,0,0,0,0,0,0,0,0,0,0,0,0,0,0,0,0,0,0,0,0,50,0,0,0,0,0,0,0,0,0,0,0,0,0,0,0,0,0,256,0,0,0,0,0,0,0,0,5,1,0,0,0,0,85,0,1,0,0,0,0,4,0,0,0,0,0,0,1,0,0,15,0,0,0,0,0,0,1,0,1,0,0,128,0,47,0,0,0,0,67,0,0,136,21,4363,24,31,19,2,0
2022-10-09,NV,5316,0,0,0,0,0,0,0,0,0,0,0,0,0,0,0,0,0,0,0,0,11,0,0,0,0,0,0,0,0,0,0,0,0,0,0,0,0,0,0,0,0,0,0,0,0,0,52,0,0,0,0,0,0,0,0,0,0,0,0,0,0,0,0,0,256,0,0,0,0,0,0,0,0,5,1,0,0,0,0,95,0,1,0,0,0,0,4,0,0,0,0,0,0,1,0,0,17,0,0,0,0,0,0,1,0,1,0,0,142,0,48,0,0,0,0,66,0,0,144,24,4367,25,32,21,2,0
2022-10-10,NV,5362,0,0,0,0,0,0,0,0,0,0,0,0,0,0,0,0,0,0,0,0,11,0,0,0,0,0,0,0,0,0,0,0,0,0,0,0,0,0,0,0,0,0,0,0,0,0,55,0,0,0,0,0,0,0,0,0,0,0,0,0,0,0,0,0,257,0,0,0,0,0,0,0,0,4,1,0,0,0,0,105,0,1,0,0,0,0,4,0,0,0,0,0,0,1,0,0,18,0,0,0,0,0,0,1,0,1,0,0,156,0,49,0,0,0,0,65,0,0,152,26,4370,25,33,22,2,0
2022-10-11,NV,5409,0,0,0,0,0,0,0,0,0,0,0,0,0,0,0,0,0,0,0,0,12,0,0,0,0,0,0,0,0,0,0,0,0,0,0,0,0,0,0,0,0,0,0,0,0,0,57,0,0,0,0,0,0,0,0,0,0,0,0,0,0,0,0,0,257,0,0,0,0,0,0,0,0,4,1,0,0,0,0,115,0,1,0,0,0,0,4,0,0,0,0,0,0,1,0,0,20,0,0,0,0,0,0,1,0,1,0,0,171,0,50,0,0,0,0,63,0,0,161,29,4373,26,35,24,2,0
2022-10-12,NV,5455,0,0,0,0,0,0,0,0,0,0,0,0,0,0,0,0,0,0,0,0,12,0,0,0,0,0,0,0,0,0,0,0,0,0,0,0,0,0,0,0,0,0,0,0,0,0,59,0,0,0,0,0,0,0,0,0,0,0,0,0,0,0,0,0,257,0,0,0,0,0,0,0,0,4,1,0,0,0,0,125,0,1,0,0,0,0,4,0,0,0,0,0,0,1,0,0,22,0,0,0,0,0,0,1,0,1,0,0,186,0,51,0,0,0,0,62,0,0,169,32,4376,26,36,25,2,0
2022-10-13,NV,5501,0,0,0,0,0,0,0,0,0,0,0,0,0,0,0,0,0,0,0,0,12,0,0,0,0,0,0,0,0,0,0,0,0,0,0,0,0,0,0,0,0,0,0,0,0,0,62,0,0,0,0,0,0,0,0,0,0,0,0,0,0,0,0,0,257,0,0,0,0,0,0,0,0,4,1,0,0,0,0,136,0,1,0,0,0,0,4,0,0,0,0,0,0,1,0,0,23,0,0,0,0,0,0,1,0,1,0,0,201,0,53,0,0,0,0,60,0,0,178,35,4377,27,37,27,2,0
2022-10-14,NV,5547,0,0,0,0,0,0,0,0,0,0,0,0,0,0,0,0,0,0,0,0,12,0,0,0,0,0,0,0,0,0,0,0,0,0,0,0,0,0,0,0,0,0,0,0,0,0,65,0,0,0,0,0,0,0,0,0,0,0,0,0,0,0,0,0,257,0,0,0,0,0,0,0,0,4,1,0,0,0,0,146,0,1,0,0,0,0,4,0,0,0,0,0,0,1,0,0,25,0,0,0,0,0,0,1,0,1,0,0,216,0,54,0,0,0,0,59,0,0,187,37,4379,28,38,28,2,0
2022-10-15,NV,5594,0,0,0,0,0,0,0,0,0,0,0,0,0,0,0,0,0,0,0,0,12,0,0,0,0,0,0,0,0,0,0,0,0,0,0,0,0,0,0,0,0,0,0,0,0,0,67,0,0,0,0,0,0,0,0,0,0,0,0,0,0,0,0,0,258,0,0,0,0,0,0,0,0,4,1,0,0,0,0,157,0,1,0,0,0,0,4,0,0,0,0,0,0,1,0,0,27,0,0,0,0,0,0,1,0,1,0,0,231,0,55,0,0,0,0,57,0,0,195,40,4379,28,39,30,2,0
2022-10-16,NV,5560,0,0,0,0,0,0,0,0,0,0,0,0,0,0,0,0,0,0,0,0,12,0,0,0,0,0,0,0,0,0,0,0,0,0,0,0,0,0,0,0,0,0,0,0,0,0,69,0,0,0,0,0,0,0,0,0,0,0,0,0,0,0,0,0,254,0,0,0,0,0,0,0,0,4,1,0,0,0,0,165,0,1,0,0,0,0,4,0,0,0,0,0,0,1,0,0,28,0,0,0,0,0,0,1,0,1,0,0,243,0,56,0,0,0,0,55,0,0,201,43,4317,28,40,31,2,0
2022-10-17,NV,5526,0,0,0,0,0,0,0,0,0,0,0,0,0,0,0,0,0,0,0,0,12,0,0,0,0,0,0,0,0,0,0,0,0,0,0,0,0,0,0,0,0,0,0,0,0,0,70,0,0,0,0,0,0,0,0,0,0,0,0,0,0,0,0,0,250,0,0,0,0,0,0,0,0,3,1,0,0,0,0,174,0,1,0,0,0,0,4,0,0,0,0,0,0,1,0,0,30,0,0,0,0,0,0,1,0,1,0,0,255,0,56,0,0,0,0,52,0,0,207,45,4255,28,41,32,2,0
2022-10-18,NV,5492,0,0,0,0,0,0,0,0,0,0,0,0,0,0,0,0,0,0,0,0,12,0,0,0,0,0,0,0,0,0,0,0,0,0,0,0,0,0,0,0,0,0,0,0,0,0,72,0,0,0,0,0,0,0,0,0,0,0,0,0,0,0,0,0,247,0,0,0,0,0,0,0,0,3,1,0,0,0,0,182,0,1,0,0,0,0,4,0,0,0,0,0,0,1,0,0,31,0,0,0,0,0,0,1,0,1,0,0,267,0,57,0,0,0,0,50,0,0,213,47,4193,29,41,33,2,0
2022-10-19,NV,5458,0,0,0,0,0,0,0,0,0,0,0,0,0,0,0,0,0,0,0,0,12,0,0,0,0,0,0,0,0,0,0,0,0,0,0,0,0,0,0,0,0,0,0,0,0,0,73,0,0,0,0,0,0,0,0,0,0,0,0,0,0,0,0,0,243,0,0,0,0,0,0,0,0,3,1,0,0,0,0,190,0,1,0,0,0,0,4,0,0,0,0,0,0,1,0,0,33,0,0,0,0,0,0,1,0,1,0,0,279,0,57,0,0,0,0,48,0,0,219,49,4132,29,42,34,2,0
2022-10-20,NV,5424,0,0,0,0,0,0,0,0,0,0,0,0,0,0,0,0,0,0,0,0,12,0,0,0,0,0,0,0,0,0,0,0,0,0,0,0,0,0,0,0,0,0,0,0,0,0,75,0,0,0,0,0,0,0,0,0,0,0,0,0,0,0,0,0,240,0,0,0,0,0,0,0,0,3,1,0,0,0,0,198,0,1,0,0,0,0,4,0,0,0,0,0,0,1,0,0,34,0,0,0,0,0,0,1,0,1,0,0,290,0,58,0,0,0,0,46,0,0,225,51,4072,29,42,36,2,0
2022-10-21,NV,5389,0,0,0,0,0,0,0,0,0,0,0,0,0,0,0,0,0,0,0,0,12,0,0,0,0,0,0,0,0,0,0,0,0,0,0,0,0,0,0,0,0,0,0,0,0,0,77,0,0,0,0,0,0,0,0,0,0,0,0,0,0,0,0,0,237,0,0,0,0,0,0,0,0,3,1,0,0,0,0,206,0,1,0,0,0,0,4,0,0,0,0,0,0,1,0,0,35,0,0,0,0,0,0,1,0,1,0,0,302,0,58,0,0,0,0,43,0,0,230,54,4011,29,43,37,2,0
2022-10-22,NV,5355,0,0,0,0,0,0,0,0,0,0,0,0,0,0,0,0,0,0,0,0,12,0,0,0,0,0,0,0,0,0,0,0,0,0,0,0,0,0,0,0,0,0,0,0,0,0,78,0,0,0,0,0,0,0,0,0,0,0,0,0,0,0,0,0,233,0,0,0,0,0,0,0,0,3,1,0,0,0,0,214,0,1,0,0,0,0,4,0,0,0,0,0,0,1,0,0,36,0,0,0,0,0,0,1,0,1,0,0,313,0,58,0,0,0,0,41,0,0,236,56,3952,29,43,38,2,0
2022-10-23,NV,5248,0,0,0,0,0,0,0,0,0,0,0,0,0,0,0,0,0,0,0,0,12,0,0,0,0,0,0,0,0,0,0,0,0,0,0,0,0,0,0,0,0,0,0,0,0,0,78,0,0,0,0,0,0,0,0,0,0,0,0,0,0,0,0,0,227,0,0,0,0,0,0,0,0,2,1,0,0,0,0,219,0,1,0,0,0,0,4,0,0,0,0,0,0,1,0,0,37,0,0,0,0,0,0,1,0,1,0,0,319,0,58,0,0,0,0,38,0,0,238,57,3839,29,43,38,2,0
2022-10-24,NV,5141,0,0,0,0,0,0,0,0,0,0,0,0,0,0,0,0,0,0,0,0,12,0,0,0,0,0,0,0,0,0,0,0,0,0,0,0,0,0,0,0,0,0,0,0,0,0,79,0,0,0,0,0,0,0,0,0,0,0,0,0,0,0,0,0,220,0,0,0,0,0,0,0,0,2,1,0,0,0,0,223,0,1,0,0,0,0,4,0,0,0,0,0,0,1,0,0,38,0,0,0,0,0,0,1,0,1,0,0,326,0,58,0,0,0,0,36,0,0,240,58,3728,28,43,39,2,0
2022-10-25,NV,5035,0,0,0,0,0,0,0,0,0,0,0,0,0,0,0,0,0,0,0,0,12,0,0,0,0,0,0,0,0,0,0,0,0,0,0,0,0,0,0,0,0,0,0,0,0,0,79,0,0,0,0,0,0,0,0,0,0,0,0,0,0,0,0,0,214,0,0,0,0,0,0,0,0,2,1,0,0,0,0,227,0,1,0,0,0,0,4,0,0,0,0,0,0,1,0,0,39,0,0,0,0,0,0,1,0,1,0,0,331,0,57,0,0,0,0,33,0,0,241,59,3618,28,43,39,2,0
2022-10-26,NV,4928,0,0,0,0,0,0,0,0,0,0,0,0,0,0,0,0,0,0,0,0,12,0,0,0,0,0,0,0,0,0,0,0,0,0,0,0,0,0,0,0,0,0,0,0,0,0,79,0,0,0,0,0,0,0,0,0,0,0,0,0,0,0,0,0,207,0,0,0,0,0,0,0,0,2,1,0,0,0,0,231,0,1,0,0,0,0,4,0,0,0,0,0,0,1,0,0,39,0,0,0,0,0,0,1,0,1,0,0,336,0,57,0,0,0,0,31,0,0,243,60,3509,28,43,39,2,0
2022-10-27,NV,4821,0,0,0,0,0,0,0,0,0,0,0,0,0,0,0,0,0,0,0,0,11,0,0,0,0,0,0,0,0,0,0,0,0,0,0,0,0,0,0,0,0,0,0,0,0,0,79,0,0,0,0,0,0,0,0,0,0,0,0,0,0,0,0,0,201,0,0,0,0,0,0,0,0,2,1,0,0,0,0,234,0,0,0,0,0,0,4,0,0,0,0,0,0,1,0,0,40,0,0,0,0,0,0,1,0,1,0,0,341,0,56,0,0,0,0,28,0,0,244,61,3402,28,43,40,2,0
2022-10-28,NV,4714,0,0,0,0,0,0,0,0,0,0,0,0,0,0,0,0,0,0,0,0,11,0,0,0,0,0,0,0,0,0,0,0,0,0,0,0,0,0,0,0,0,0,0,0,0,0,79,0,0,0,0,0,0,0,0,0,0,0,0,0,0,0,0,0,195,0,0,0,0,0,0,0,0,1,1,0,0,0,0,237,0,0,0,0,0,0,4,0,0,0,0,0,0,1,0,0,40,0,0,0,0,0,0,1,0,1,0,0,344,0,56,0,0,0,0,26,0,0,244,62,3296,27,43,40,2,0
2022-10-29,NV,4607,0,0,0,0,0,0,0,0,0,0,0,0,0,0,0,0,0,0,0,0,11,0,0,0,0,0,0,0,0,0,0,0,0,0,0,0,0,0,0,0,0,0,0,0,0,0,79,0,0,0,0,0,0,0,0,0,0,0,0,0,0,0,0,1,189,0,0,0,0,0,0,0,0,1,1,0,0,0,0,239,0,0,0,0,0,0,4,0,0,0,0,0,0,1,0,0,41,0,0,0,0,0,0,1,0,1,0,0,348,0,55,0,0,0,0,24,0,0,245,63,3191,27,42,40,2,0
2022-10-30,NV,4616,0,0,0,0,0,0,0,0,0,0,0,0,0,0,0,0,0,0,0,0,11,0,0,0,0,0,0,0,0,0,0,0,0,0,0,0,0,0,0,0,0,0,0,0,0,0,79,0,0,0,0,0,0,0,0,0,0,0,0,0,0,0,0,1,186,0,0,0,0,0,0,0,0,1,1,0,0,0,0,262,0,0,0,0,0,0,4,0,0,0,0,0,0,1,0,0,46,0,0,0,0,0,0,1,0,1,0,0,372,0,55,0,0,0,0,23,0,0,247,66,3145,27,43,42,0,0
2022-10-31,NV,4625,0,0,0,0,0,0,0,0,0,0,0,0,0,0,0,0,0,0,0,0,11,0,0,0,0,0,0,0,0,0,0,0,0,0,0,0,0,0,0,0,0,0,0,0,0,0,79,0,0,0,0,0,0,0,0,0,0,0,0,0,0,0,0,2,183,0,0,0,0,0,0,0,0,1,1,0,0,0,0,285,0,0,0,0,0,0,4,0,0,0,0,0,0,1,0,0,51,0,0,0,0,0,0,1,0,1,0,0,396,0,56,0,0,0,0,22,0,0,250,69,3098,27,43,43,0,0
2022-11-01,NV,4634,0,0,0,0,0,0,0,0,0,0,0,0,0,0,0,0,0,0,0,0,12,0,0,0,0,0,0,0,0,0,0,0,0,0,0,0,0,0,0,0,0,0,0,0,0,0,80,0,0,0,0,0,0,0,0,0,0,0,0,0,0,0,0,2,179,0,0,0,0,0,0,0,0,1,1,0,0,0,0,307,0,0,0,0,0,0,4,0,0,0,0,0,0,1,0,0,56,0,0,0,0,0,0,1,0,1,0,0,420,0,56,0,0,0,0,22,0,0,252,72,3050,28,44,45,0,0
2022-11-02,NV,4643,0,0,0,0,0,0,0,0,0,0,0,0,0,0,0,0,0,0,0,0,12,0,0,0,0,0,0,0,0,0,0,0,0,0,0,0,0,0,0,0,0,0,0,0,0,0,80,0,0,0,0,0,0,0,0,0,0,0,0,0,0,0,0,2,176,0,0,0,0,0,0,0,0,1,1,0,0,0,0,330,0,0,0,0,0,0,4,0,0,0,0,0,0,1,0,0,61,0,0,0,0,0,0,1,0,1,0,0,444,0,56,0,0,0,0,21,0,0,255,75,3002,28,44,46,0,0
2022-11-03,NV,4653,0,0,0,0,0,0,0,0,0,0,0,0,0,0,0,0,0,0,0,0,12,0,0,0,0,0,0,0,0,0,0,0,0,0,0,0,0,0,0,0,0,0,0,0,0,0,80,0,0,0,0,0,0,0,0,0,0,0,0,0,0,0,0,3,173,0,0,0,0,0,0,0,0,1,1,0,0,0,0,353,0,0,0,0,0,0,4,0,0,0,0,0,0,1,0,0,66,0,0,0,0,0,0,1,0,1,0,0,468,0,57,0,0,0,0,21,0,0,257,78,2954,28,45,48,0,0
2022-11-04,NV,4662,0,0,0,0,0,0,0,0,0,0,0,0,0,0,0,0,0,0,0,0,12,0,0,0,0,0,0,0,0,0,0,0,0,0,0,0,0,0,0,0,0,0,0,0,0,0,80,0,0,0,0,0,0,0,0,0,0,0,0,0,0,0,0,3,170,0,0,0,0,0,0,0,0,1,1,0,0,0,0,376,0,0,0,0,0,0,4,0,0,0,0,0,0,1,0,0,71,0,0,0,0,0,0,1,0,1,0,0,492,0,57,0,0,0,0,20,0,0,259,82,2905,28,45,50,0,0
2022-11-05,NV,4671,0,0,0,0,0,0,0,0,0,0,0,0,0,0,0,0,0,0,0,0,12,0,0,0,0,0,0,0,0,0,0,0,0,0,0,0,0,0,0,0,0,0,0,0,0,0,80,0,0,0,0,0,0,0,0,0,0,0,0,0,0,0,0,3,167,0,0,0,0,0,0,0,0,1,1,0,0,0,0,399,0,0,0,0,0,0,4,0,0,0,0,0,0,1,0,0,76,0,0,0,0,0,0,1,0,1,0,0,517,0,57,0,0,0,0,19,0,0,262,85,2857,29,46,51,0,0
2022-11-06,NV,4685,0,0,0,0,0,0,0,0,0,0,0,0,0,0,0,0,0,0,0,0,13,0,0,0,0,0,0,0,0,0,0,0,0,0,0,0,0,0,0,0,0,0,0,0,0,0,81,0,0,0,0,0,0,0,0,0,0,0,0,0,0,0,0,4,163,0,0,0,0,0,0,0,0,1,1,0,0,0,0,423,0,0,0,0,0,0,4,0,0,0,0,0,0,1,0,0,81,0,0,0,0,0,0,1,0,1,0,0,542,0,57,0,0,0,0,19,0,0,265,88,2811,29,47,53,0,0
2022-11-07,NV,4699,0,0,0,0,0,0,0,0,0,0,0,0,0,0,0,0,0,0,0,0,13,0,0,0,0,0,0,0,0,0,0,0,0,0,0,0,0,0,0,0,0,0,0,0,0,0,81,0,0,0,0,0,0,0,0,0,0,0,0,0,0,0,0,4,160,0,0,0,0,0,0,0,0,1,1,0,0,0,0,447,0,0,0,0,0,0,4,0,0,0,0,0,0,1,0,0,87,0,0,0,0,0,0,1,0,1,0,0,567,0,58,0,0,0,0,18,0,0,267,91,2764,29,47,55,0,0
2022-11-08,NV,4713,0,0,0,0,0,0,0,0,0,0,0,0,0,0,0,0,0,0,0,0,13,0,0,0,0,0,0,0,0,0,0,0,0,0,0,0,0,0,0,0,0,0,0,0,0,0,81,0,0,0,0,0,0,0,0,0,0,0,0,0,0,0,0,4,157,0,0,0,0,0,0,0,0,1,1,0,0,0,0,471,0,0,0,0,0,0,4,0,0,0,0,0,0,1,0,0,92,0,0,0,0,0,0,1,0,1,0,0,592,0,58,0,0,0,0,17,0,0,270,95,2718,29,48,56,0,0
2022-11-09,NV,4727,0,0,0,0,0,0,0,0,0,0,0,0,0,0,0,0,0,0,0,0,13,0,0,0,0,0,0,0,0,0,0,0,0,0,0,0,0,0,0,0,0,0,0,0,0,0,82,0,0,0,0,0,0,0,0,0,0,0,0,0,0,0,0,5,154,0,0,0,0,0,0,0,0,1,1,0,0,0,0,495,0,0,0,0,0,0,4,0,0,0,0,0,0,1,0,0,97,0,0,0,0,0,0,1,0,1,0,0,618,0,59,0,0,0,0,17,0,0,273,98,2671,30,48,58,0,0
2022-11-10,NV,4741,0,0,0,0,0,0,0,0,0,0,0,0,0,0,0,0,0,0,0,0,13,0,0,0,0,0,0,0,0,0,0,0,0,0,0,0,0,0,0,0,0,0,0,0,0,0,82,0,0,0,0,0,0,0,0,0,0,0,0,0,0,0,0,5,151,0,0,0,0,0,0,0,0,1,1,0,0,0,0,519,0,0,0,0,0,0,4,0,0,0,0,0,0,1,0,0,103,0,0,0,0,0,0,1,0,1,0,0,643,0,59,0,0,0,0,16,0,0,276,101,2624,30,49,60,0,0
2022-11-11,NV,4755,0,0,0,0,0,0,0,0,0,0,0,0,0,0,0,0,0,0,0,0,14,0,0,0,0,0,0,0,0,0,0,0,0,0,0,0,0,0,0,0,0,0,0,0,0,0,82,0,0,0,0,0,0,0,0,0,0,0,0,0,0,0,0,5,148,0,0,0,0,0,0,0,0,1,1,0,0,0,0,543,0,0,0,0,0,0,4,0,0,0,0,0,0,1,0,0,108,0,0,0,0,0,0,1,0,1,0,0,669,0,59,0,0,0,0,15,0,0,278,105,2576,30,49,61,0,0
2022-11-12,NV,4770,0,0,0,0,0,0,0,0,0,0,0,0,0,0,0,0,0,0,0,0,14,0,0,0,0,0,0,0,0,0,0,0,0,0,0,0,0,0,0,0,0,0,0,0,0,0,82,0,0,0,0,0,0,0,0,0,0,0,0,0,0,0,0,6,144,0,0,0,0,0,0,0,0,1,1,0,0,0,0,568,0,0,0,0,0,0,4,0,0,0,0,0,0,1,0,0,114,0,0,0,0,0,0,1,0,1,0,0,695,0,60,0,0,0,0,15,0,0,281,108,2528,31,50,63,0,0
2022-11-13,NV,4837,0,0,0,0,0,0,0,0,0,0,0,0,0,0,0,0,0,0,0,0,14,0,0,0,0,0,0,0,0,0,0,0,0,0,0,0,0,0,0,0,0,0,0,0,0,0,84,0,0,0,0,0,0,0,0,0,0,0,0,0,0,0,0,6,143,0,0,0,0,0,0,0,0,1,1,0,0,0,0,599,0,0,0,0,0,0,4,0,0,0,0,0,0,1,0,0,120,0,0,0,0,0,0,1,0,1,0,0,729,0,61,0,0,0,0,14,0,0,287,113,2508,31,51,65,0,0
2022-11-14,NV,4905,0,0,0,0,0,0,0,0,0,0,0,0,0,0,0,0,0,0,0,0,14,0,0,0,0,0,0,0,0,0,0,0,0,0,0,0,0,0,0,0,0,0,0,0,0,0,85,0,0,0,0,0,0,0,0,0,0,0,0,0,0,0,0,7,141,0,0,0,0,0,0,0,0,1,1,0,0,0,0,631,0,0,0,0,0,0,5,0,0,0,0,0,0,1,0,0,127,0,0,0,0,0,0,1,0,1,0,0,764,0,62,0,0,0,0,14,0,0,293,118,2486,32,52,68,0,0
2022-11-15,NV,4972,0,0,0,0,0,0,0,0,0,0,0,0,0,0,0,0,0,0,0,0,15,0,0,0,0,0,0,0,0,0,0,0,0,0,0,0,0,0,0,0,0,0,0,0,0,0,86,0,0,0,0,0,0,0,0,0,0,0,0,0,0,0,0,7,139,0,0,0,0,0,0,0,0,1,1,0,0,0,0,664,0,0,0,0,0,0,5,0,0,0,0,0,0,1,0,0,134,0,0,0,0,0,0,1,0,1,0,0,799,0,63,0,0,0,0,13,0,0,299,122,2463,32,53,70,0,0
2022-11-16,NV,5040,0,0,0,0,0,0,0,0,0,0,0,0,0,0,0,0,0,0,0,0,15,0,0,0,0,0,0,0,0,0,0,0,0,0,0,0,0,0,0,0,0,0,0,0,0,0,87,0,0,0,0,0,0,0,0,0,0,0,0,0,0,0,0,8,137,0,0,0,0,0,0,0,0,1,1,0,0,0,0,697,0,0,0,0,0,0,5,0,0,0,0,0,0,1,0,0,142,0,0,0,0,0,0,1,0,2,0,0,835,0,64,0,0,0,0,13,0,0,305,127,2437,33,55,73,0,0
2022-11-17,NV,5108,0,0,0,0,0,0,0,0,0,0,0,0,0,0,0,0,0,0,0,0,16,0,0,0,0,0,0,0,0,0,0,0,0,0,0,0,0,0,0,0,0,0,0,0,0,0,89,0,0,0,0,0,0,0,0,0,0,0,0,0,0,0,0,8,135,0,0,0,0,0,0,0,0,1,1,0,0,0,0,731,0,0,0,0,0,0,5,0,0,0,0,0,0,1,0,0,149,0,0,0,0,0,0,1,0,2,0,0,872,0,65,0,0,0,0,12,0,0,312,132,2411,34,56,75,0,0
2022-11-18,NV,5175,0,0,0,0,0,0,0,0,0,0,0,0,0,0,0,0,0,0,0,0,16,0,0,0,0,0,0,0,0,0,0,0,0,0,0,0,0,0,0,0,0,0,0,0,0,0,90,0,0,0,0,0,0,0,0,0,0,0,0,0,0,0,0,9,133,0,0,0,0,0,0,0,0,1,1,0,0,0,0,765,0,0,0,0,0,0,5,0,0,0,0,0,0,1,0,0,157,0,0,0,0,0,0,2,0,2,0,0,910,0,66,0,0,0,0,12,0,0,318,137,2382,34,57,78,0,0
2022-11-19,NV,5243,0,0,0,0,0,0,0,0,0,0,0,0,0,0,0,0,0,0,0,0,16,0,0,0,0,0,0,0,0,0,0,0,0,0,0,0,0,0,0,0,0,0,0,0,0,0,91,0,0,0,0,0,0,0,0,0,0,0,0,0,0,0,0,9,131,0,0,0,0,0,0,0,0,1,1,0,0,0,0,800,0,0,0,0,0,0,5,0,0,0,0,0,0,1,0,0,164,0,0,0,0,0,0,2,0,2,0,0,948,0,67,0,0,0,0,11,0,0,324,143,2353,35,58,81,0,0
2022-11-20,NV,5381,0,0,0,0,0,0,0,0,0,0,0,0,0,0,0,0,0,0,0,0,17,0,0,0,0,0,0,0,0,0,0,0,0,0,0,0,0,0,0,0,0,0,0,0,0,0,94,0,0,0,0,0,0,0,0,0,0,0,0,0,0,0,0,10,130,0,0,0,0,0,0,0,0,1,1,0,0,0,0,847,0,0,0,0,0,0,5,0,0,0,0,0,0,1,0,0,174,0,0,0,0,0,0,2,0,2,0,0,1000,0,69,0,0,0,0,10,0,0,335,150,2352,36,60,85,0,0
2022-11-21,NV,5519,0,0,0,0,0,0,0,0,0,0,0,0,0,0,0,0,0,0,0,0,18,0,0,0,0,0,0,0,0,0,0,0,0,0,0,0,0,0,0,0,0,0,0,0,0,0,96,0,0,0,0,0,0,0,0,0,0,0,0,0,0,0,0,10,129,0,0,0,0,0,0,0,0,1,1,0,0,0,0,895,0,0,0,0,0,0,5,0,0,0,0,0,0,1,0,0,185,0,0,0,0,0,0,2,0,2,0,0,1053,0,71,0,0,0,0,10,0,0,346,157,2348,37,62,89,0,0
2022-11-22,NV,5657,0,0,0,0,0,0,0,0,0,0,0,0,0,0,0,0,0,0,0,0,18,0,0,0,0,0,0,0,0,0,0,0,0,0,0,0,0,0,0,0,0,0,0,0,0,0,98,0,0,0,0,0,0,0,0,0,0,0,0,0,0,0,0,11,128,0,0,0,0,0,0,0,0,1,1,0,0,0,0,945,0,0,0,0,0,0,5,0,0,0,0,0,0,1,0,0,195,0,0,0,0,0,0,2,0,2,0,0,1108,0,73,0,0,0,0,9,0,0,357,165,2341,39,64,93,0,0
2022-11-23,NV,5795,0,0,0,0,0,0,0,0,0,0,0,0,0,0,0,0,0,0,0,0,19,0,0,0,0,0,0,0,0,0,0,0,0,0,0,0,0,0,0,0,0,0,0,0,0,0,101,0,0,0,0,0,0,0,0,0,0,0,0,0,0,0,0,12,127,0,0,0,0,0,0,0,0,1,1,0,0,0,0,996,0,0,0,0,0,0,6,0,0,0,0,0,0,1,0,0,206,0,0,0,0,0,0,2,0,2,0,0,1164,0,75,0,0,0,0,9,0,0,368,173,2331,40,66,97,0,0
2022-11-24,NV,5933,0,0,0,0,0,0,0,0,0,0,0,0,0,0,0,0,0,0,0,0,19,0,0,0,0,0,0,0,0,0,0,0,0,0,0,0,0,0,0,0,0,0,0,0,0,0,103,0,0,0,0,0,0,0,0,0,0,0,0,0,0,0,0,13,125,0,0,0,0,0,0,0,0,1,1,0,0,0,0,1048,0,0,0,0,0,0,6,0,0,0,0,0,0,1,0,0,218,0,0,0,0,0,0,2,0,2,0,0,1221,0,77,0,0,0,0,8,0,0,379,181,2317,41,68,101,0,0
2022-11-25,NV,6071,0,0,0,0,0,0,0,0,0,0,0,0,0,0,0,0,0,0,0,0,20,0,0,0,0,0,0,0,0,0,0,0,0,0,0,0,0,0,0,0,0,0,0,0,0,0,106,0,0,0,0,0,0,0,0,0,0,0,0,0,0,0,0,13,123,0,0,0,0,0,0,0,0,1,2,0,0,0,0,1101,0,0,0,0,0,0,6,0,0,0,0,0,0,2,0,0,229,0,0,0,0,0,0,2,0,2,0,0,1280,0,79,0,0,0,0,7,0,0,390,189,2301,42,71,105,0,0
2022-11-26,NV,6209,0,0,0,0,0,0,0,0,0,0,0,0,0,0,0,0,0,0,0,0,21,0,0,0,0,0,0,0,0,0,0,0,0,0,0,0,0,0,0,0,0,0,0,0,0,0,108,0,0,0,0,0,0,0,0,0,0,0,0,0,0,0,0,14,121,0,0,0,0,0,0,0,0,1,2,0,0,0,0,1156,0,0,0,0,0,0,6,0,0,0,0,0,0,2,0,0,241,0,0,0,0,0,0,2,0,2,0,0,1340,0,81,0,0,0,0,7,0,0,402,197,2281,43,73,110,0,0
2022-11-27,NV,6439,0,0,0,0,0,0,0,0,0,0,0,0,0,0,0,0,0,0,0,0,21,0,0,0,0,0,0,0,0,0,0,0,0,0,0,0,0,0,0,0,0,0,0,0,0,0,112,0,0,0,0,0,0,0,0,0,0,0,0,0,0,0,0,15,122,0,0,0,0,0,0,0,0,1,2,0,0,0,0,1228,0,0,0,0,0,0,6,0,0,0,0,0,0,5,0,0,254,0,0,0,0,0,0,2,0,2,0,0,1410,0,83,0,0,0,0,7,0,0,412,206,2318,44,75,112,0,0
2022-11-28,NV,6668,0,0,0,0,0,0,0,0,0,0,0,0,0,0,0,0,0,0,0,0,22,0,0,0,0,0,0,0,0,0,0,0,0,0,0,0,0,0,0,0,0,0,1,0,0,0,115,0,0,0,0,0,0,0,0,0,0,0,0,0,0,0,0,17,123,0,0,0,0,0,0,0,0,1,2,0,0,0,0,1301,0,0,0,0,0,0,7,0,0,0,1,0,0,8,0,0,267,0,0,0,0,0,0,2,0,2,0,0,1482,0,85,0,0,0,0,7,0,0,421,215,2352,46,76,114,0,0
2022-11-29,NV,6897,0,0,0,0,0,0,0,0,0,0,0,0,0,0,0,0,0,0,0,0,23,0,0,0,0,0,0,0,0,0,0,0,0,0,0,0,0,0,0,0,0,0,1,0,0,0,119,0,0,0,0,0,0,0,0,0,0,0,0,0,0,0,0,18,124,0,0,0,0,0,0,0,0,1,2,0,0,0,0,1377,0,0,0,0,0,0,7,0,0,0,1,0,0,12,0,0,281,0,0,0,0,0,0,2,0,2,0,0,1555,0,87,0,0,0,0,7,0,0,431,224,2383,47,78,117,0,0
2022-11-30,NV,7126,0,0,0,0,0,0,0,0,0,0,0,0,0,0,0,0,0,0,0,0,23,0,0,0,0,0,0,0,0,0,0,0,0,0,0,0,0,0,0,0,0,0,1,0,0,0,122,0,0,0,0,0,0,0,0,0,0,0,0,0,0,0,0,20,124,0,0,0,0,0,0,0,0,1,2,0,0,0,0,1455,0,0,0,0,0,0,7,0,0,0,1,0,0,15,0,0,294,0,0,0,0,0,0,2,0,2,0,0,1630,0,88,0,0,0,0,7,0,0,440,234,2411,48,80,119,0,0
2022-12-01,NV,7356,0,0,0,0,0,0,0,0,0,0,0,0,0,0,0,0,0,0,0,0,24,0,0,0,0,0,0,0,0,0,0,0,0,0,0,0,0,0,0,0,0,0,1,0,0,0,125,0,0,0,0,0,0,0,0,0,0,0,0,0,0,0,0,22,124,0,0,0,0,0,0,0,0,1,2,0,0,0,0,1535,0,0,0,0,0,0,7,0,0,0,1,0,0,19,0,0,308,0,0,0,0,0,0,2,0,2,0,0,1707,0,90,0,0,0,0,7,0,0,448,243,2435,49,81,121,0,0
2022-12-02,NV,7585,0,0,0,0,0,0,0,0,0,0,0,0,0,0,0,0,0,0,0,0,25,0,0,0,0,0,0,0,0,0,0,0,0,0,0,0,0,0,0,0,0,0,1,0,0,0,128,0,0,0,0,0,0,0,0,0,0,0,0,0,0,0,0,23,124,0,0,0,0,0,0,0,0,1,2,0,0,0,0,1616,0,1,0,0,0,0,8,0,0,0,1,0,0,23,0,0,323,0,0,0,0,0,0,2,0,2,0,0,1784,0,92,0,0,0,0,7,0,0,457,253,2456,50,83,123,0,0
2022-12-03,NV,7814,0,0,0,0,0,0,0,0,0,0,0,0,0,0,0,0,0,0,0,0,25,0,0,0,0,0,0,0,0,0,0,0,0,0,0,0,0,0,0,0,0,0,1,0,0,0,132,0,0,0,0,0,0,0,0,0,0,0,0,0,0,0,0,25,124,0,0,0,0,0,0,0,0,1,2,0,0,0,0,1700,0,1,0,0,0,0,8,0,0,0,1,0,0,28,0,0,337,0,0,0,0,0,0,2,0,3,0,0,1864,0,93,0,0,0,0,7,0,0,465,263,2473,51,84,125,0,0
2022-12-04,NV,7871,0,0,0,0,0,0,0,0,0,0,0,0,0,0,0,0,0,0,0,0,25,0,0,0,0,0,0,0,0,0,0,0,0,0,0,0,0,0,0,0,0,0,1,0,0,0,132,0,0,0,0,0,0,0,0,0,0,0,0,0,0,0,0,27,121,0,0,0,0,0,0,0,0,1,2,0,0,0,0,1748,0,1,0,0,0,0,8,0,0,0,1,0,0,32,0,0,345,0,0,0,0,0,0,3,0,3,0,0,1903,0,92,0,0,0,0,7,0,0,462,267,2434,50,84,124,0,0
2022-12-05,NV,7928,0,0,0,0,0,0,0,0,0,0,0,0,0,0,0,0,0,0,0,0,25,0,0,0,0,0,0,0,0,0,0,0,0,0,0,0,0,0,0,0,0,0,1,0,0,0,132,0,0,0,0,0,0,0,0,0,0,0,0,0,0,0,0,28,118,0,0,0,0,0,0,0,0,1,2,0,0,0,0,1796,0,1,0,0,0,0,8,0,0,0,1,0,0,36,0,0,352,0,0,0,0,0,0,3,0,3,0,0,1942,0,92,0,0,0,0,7,0,0,459,271,2395,50,83,123,0,0
2022-12-06,NV,7985,0,0,0,0,0,0,0,0,0,0,0,0,0,0,0,0,0,0,0,0,25,0,0,0,0,0,0,0,0,0,0,0,0,0,0,0,0,0,0,0,0,0,1,0,0,0,132,0,0,0,0,0,0,0,0,0,0,0,0,0,0,0,0,29,114,0,0,0,0,0,0,0,0,1,2,0,0,0,0,1845,0,1,0,0,0,0,8,0,0,0,1,0,0,40,0,0,360,0,0,0,0,0,0,3,0,3,0,0,1982,0,91,0,0,0,0,7,0,0,457,275,2354,50,83,122,0,0
2022-12-07,NV,8042,0,0,0,0,0,0,0,0,0,0,0,0,0,0,0,0,0,0,0,0,26,0,0,0,0,0,0,0,0,0,0,0,0,0,0,0,0,0,0,0,0,0,1,0,0,0,133,0,0,0,0,0,0,0,0,0,0,0,0,0,0,0,0,30,111,0,0,0,0,0,0,0,0,1,2,0,0,0,0,1894,0,1,0,0,0,0,8,0,0,0,1,0,0,44,0,0,367,0,0,0,0,0,0,3,0,3,0,0,2023,0,90,0,0,0,0,7,0,0,454,279,2312,50,82,121,0,0
2022-12-08,NV,8099,0,0,0,0,0,0,0,0,0,0,0,0,0,0,0,0,0,0,0,0,26,0,0,0,0,0,0,0,0,0,0,0,0,0,0,0,0,0,0,0,0,0,1,0,0,0,133,0,0,0,0,0,0,0,0,0,0,0,0,0,0,0,0,32,107,0,0,0,0,0,0,0,0,1,2,0,0,0,0,1944,0,1,0,0,0,0,8,0,0,0,1,0,0,48,0,0,375,0,0,0,0,0,0,3,0,3,0,0,2063,0,90,0,0,0,0,7,0,0,451,283,2270,50,82,120,0,0
2022-12-09,NV,8157,0,0,0,0,0,0,0,0,0,0,0,0,0,0,0,0,0,0,0,0,26,0,0,0,0,0,0,0,0,0,0,0,0,0,0,0,0,0,0,0,0,0,1,0,0,0,133,0,0,0,0,0,0,0,0,0,0,0,0,0,0,0,0,33,104,0,0,0,0,0,0,0,0,1,1,0,0,0,0,1995,0,1,0,0,0,0,8,0,0,0,1,0,0,52,0,0,383,0,0,0,0,0,0,3,0,3,0,0,2104,0,89,0,0,0,0,7,0,0,448,288,2227,49,81,119,0,0
2022-12-10,NV,8214,0,0,0,0,0,0,0,0,0,0,0,0,0,0,0,0,0,0,0,0,26,0,0,0,0,0,0,0,0,0,0,0,0,0,0,0,0,0,0,0,0,0,1,0,0,0,133,0,0,0,0,0,0,0,0,0,0,0,0,0,0,0,0,34,100,0,0,0,0,0,0,0,0,1,1,0,0,0,0,2046,0,1,0,0,0,0,9,0,0,0,1,0,0,57,0,0,390,0,0,0,0,0,0,3,0,3,0,0,2146,0,88,0,0,0,0,6,0,0,445,292,2183,49,81,118,0,0
2022-12-11,NV,8263,0,0,0,0,0,0,0,0,0,0,0,0,0,0,0,0,0,0,0,0,26,0,0,0,0,0,0,0,0,0,0,0,0,0,0,0,0,0,0,0,0,0,1,0,0,0,133,0,0,0,0,0,0,0,0,0,0,0,0,0,0,0,0,36,97,0,0,0,0,0,0,0,0,1,1,0,0,0,0,2095,0,1,0,0,0,0,9,0,0,0,1,0,0,61,0,0,398,0,0,0,0,0,0,3,0,3,0,0,2185,0,88,0,0,0,0,6,0,0,442,296,2136,49,80,116,0,0
2022-12-12,NV,8313,0,0,0,0,0,0,0,0,0,0,0,0,0,0,0,0,0,0,0,0,26,0,0,0,0,0,0,0,0,0,0,0,0,0,0,0,0,0,0,0,0,0,1,0,0,0,133,0,0,0,0,0,0,0,0,0,0,0,0,0,0,0,0,37,93,0,0,0,0,0,0,0,0,1,1,0,0,0,0,2145,0,1,0,0,0,0,9,0,0,0,1,0,0,65,0,0,406,0,0,0,0,0,0,3,0,3,0,0,2226,0,87,0,0,0,0,6,0,0,438,300,2089,49,80,115,0,0
2022-12-13,NV,8363,0,0,0,0,0,0,0,0,0,0,0,0,0,0,0,0,0,0,0,0,26,0,0,0,0,0,0,0,0,0,0,0,0,0,0,0,0,0,0,0,0,0,1,0,0,0,134,0,0,0,0,0,0,0,0,0,0,0,0,0,0,0,0,39,89,0,0,0,0,0,0,0,0,1,1,0,0,0,0,2195,0,1,0,0,0,0,9,0,0,0,2,0,0,70,0,0,413,0,0,0,0,0,0,3,0,3,0,0,2266,0,86,0,0,0,0,6,0,0,435,304,2040,48,79,114,0,0
2022-12-14,NV,8412,0,0,0,0,0,0,0,0,0,0,0,0,0,0,0,0,0,0,0,0,26,0,0,0,0,0,0,0,0,0,0,0,0,0,0,0,0,0,0,0,0,0,1,0,0,0,134,0,0,0,0,0,0,0,0,0,0,0,0,0,0,0,0,40,85,0,0,0,0,0,0,0,0,1,1,0,0,0,0,2246,0,1,0,0,0,0,9,0,0,0,2,0,0,74,0,0,421,0,0,0,0,0,0,3,0,3,0,0,2307,0,85,0,0,0,0,6,0,0,431,308,1991,48,78,113,0,0
2022-12-15,NV,8462,0,0,0,0,0,0,0,0,0,0,0,0,0,0,0,0,0,0,0,0,26,0,0,0,0,0,0,0,0,0,0,0,0,0,0,0,0,0,0,0,0,0,1,0,0,0,134,0,0,0,0,0,0,0,0,0,0,0,0,0,0,0,0,41,81,0,0,0,0,0,0,0,0,1,1,0,0,0,0,2298,0,1,0,0,0,0,9,0,0,0,2,0,0,78,0,0,429,0,0,0,0,0,0,3,0,3,0,0,2348,0,84,0,0,0,0,6,0,0,427,312,1942,48,78,111,0,0
2022-12-16,NV,8512,0,0,0,0,0,0,0,0,0,0,0,0,0,0,0,0,0,0,0,0,26,0,0,0,0,0,0,0,0,0,0,0,0,0,0,0,0,0,0,0,0,0,1,0,0,0,134,0,0,0,0,0,0,0,0,0,0,0,0,0,0,0,0,43,77,0,0,0,0,0,0,0,0,1,1,0,0,0,0,2349,0,1,0,0,0,0,9,0,0,0,2,0,0,83,0,0,436,0,0,0,0,0,0,3,0,3,0,0,2389,0,83,0,0,0,0,6,0,0,423,316,1891,47,77,110,0,0
2022-12-17,NV,8561,0,0,0,0,0,0,0,0,0,0,0,0,0,0,0,0,0,0,0,0,26,0,0,0,0,0,0,0,0,0,0,0,0,0,0,0,0,0,0,0,0,0,1,0,0,0,134,0,0,0,0,0,0,0,0,0,0,0,0,0,0,0,0,44,73,0,0,0,0,0,0,0,0,1,1,0,0,0,0,2402,0,1,0,0,0,0,9,0,0,0,2,0,0,87,0,0,444,0,0,0,0,0,0,3,0,3,0,0,2431,0,82,0,0,0,0,5,0,0,419,321,1840,47,76,108,0,0
2022-12-18,NV,8671,0,0,0,0,0,0,0,0,0,0,0,0,0,0,0,0,0,0,0,0,26,0,0,0,0,0,0,0,0,0,0,0,0,0,0,0,0,0,0,0,0,0,1,0,0,0,135,0,0,0,0,0,0,0,0,0,0,0,0,0,0,0,0,46,70,0,0,0,0,0,0,0,0,1,1,0,0,0,0,2471,0,1,0,0,0,0,9,0,0,0,2,0,0,93,0,0,455,0,0,0,0,0,0,3,0,3,0,0,2490,0,82,0,0,0,0,5,0,0,418,327,1801,47,76,108,0,0
2022-12-19,NV,8781,0,0,0,0,0,0,0,0,0,0,0,0,0,0,0,0,0,0,0,0,26,0,0,0,0,0,0,0,0,0,0,0,0,0,0,0,0,0,0,0,0,0,1,0,0,0,136,0,0,0,0,0,0,0,0,0,0,0,0,0,0,0,0,48,66,0,0,0,0,0,0,0,0,1,1,0,0,0,0,2542,0,1,0,0,0,0,10,0,0,0,2,0,0,98,0,0,467,0,0,0,0,0,0,3,0,3,0,0,2550,0,81,0,0,0,0,5,0,0,417,334,1760,47,76,107,0,0
2022-12-20,NV,8890,0,0,0,0,0,0,0,0,0,0,0,0,0,0,0,0,0,0,0,0,26,0,0,0,0,0,0,0,0,0,0,0,0,0,0,0,0,0,0,0,0,0,1,0,0,0,136,0,0,0,0,0,0,0,0,0,0,0,0,0,0,0,0,49,62,0,0,0,0,0,0,0,0,1,1,0,0,0,0,2614,0,1,0,0,0,0,10,0,0,0,2,0,0,104,0,0,478,0,0,0,0,0,0,3,0,3,0,0,2611,0,81,0,0,0,0,5,0,0,415,340,1717,47,76,106,0,0
2022-12-21,NV,9000,0,0,0,0,0,0,0,0,0,0,0,0,0,0,0,0,0,0,0,0,27,0,0,0,0,0,0,0,0,0,0,0,0,0,0,0,0,0,0,0,0,0,1,0,0,0,137,0,0,0,0,0,0,0,0,0,0,0,0,0,0,0,0,51,58,0,0,0,0,0,0,0,0,1,1,0,0,0,0,2686,0,1,0,0,0,0,10,0,0,0,2,0,0,109,0,0,490,0,0,0,0,0,0,3,0,3,0,0,2672,0,81,0,0,0,0,5,0,0,414,347,1673,47,75,106,0,0
2022-12-22,NV,9109,0,0,0,0,0,0,0,0,0,0,0,0,0,0,0,0,0,0,0,0,27,0,0,0,0,0,0,0,0,0,0,0,0,0,0,0,0,0,0,0,0,0,1,0,0,0,138,0,0,0,0,0,0,0,0,0,0,0,0,0,0,0,0,53,54,0,0,0,0,0,0,0,0,0,1,0,0,0,0,2760,0,1,0,0,0,0,10,0,0,0,2,0,0,115,0,0,501,0,0,0,0,0,0,3,0,3,0,0,2735,0,80,0,0,0,0,5,0,0,412,354,1627,47,75,105,0,0
2022-12-23,NV,9219,0,0,0,0,0,0,0,0,0,0,0,0,0,0,0,0,0,0,0,0,27,0,0,0,0,0,0,0,0,0,0,0,0,0,0,0,0,0,0,0,0,0,1,0,0,0,139,0,0,0,0,0,0,0,0,0,0,0,0,0,0,0,0,55,50,0,0,0,0,0,0,0,0,0,1,0,0,0,0,2835,0,1,0,0,0,0,10,0,0,0,2,0,0,120,0,0,513,0,0,0,0,0,0,3,0,3,0,0,2797,0,79,0,0,0,0,5,0,0,410,360,1580,47,75,104,0,0
2022-12-24,NV,9328,0,0,0,0,0,0,0,0,0,0,0,0,0,0,0,0,0,0,0,0,27,0,0,0,0,0,0,0,0,0,0,0,0,0,0,0,0,0,0,0,0,0,1,0,0,0,140,0,0,0,0,0,0,0,0,0,0,0,0,0,0,0,0,57,46,0,0,0,0,0,0,0,0,0,1,0,0,0,0,2905,0,1,0,0,0,0,10,0,0,0,2,0,0,126,0,0,524,0,0,0,0,0,0,3,0,3,0,0,2856,0,79,0,0,0,0,5,0,18,407,367,1528,47,74,103,0,0
2022-12-25,NV,9417,0,0,0,0,0,0,0,0,0,0,0,0,0,0,0,0,0,0,0,0,28,0,0,0,0,0,0,0,0,0,0,0,0,0,0,0,0,0,0,0,0,0,1,0,0,0,139,0,0,0,0,0,0,0,0,0,0,0,0,0,0,0,0,60,45,0,0,0,0,0,0,0,0,0,1,0,0,0,0,2953,0,1,0,0,0,0,10,0,0,0,3,0,0,164,0,0,527,0,0,0,0,0,0,3,0,3,1,0,2867,0,79,0,0,0,0,4,0,20,405,368,1512,47,73,102,0,0
2022-12-26,NV,9507,0,0,0,0,0,0,0,0,0,0,0,0,0,0,0,0,0,0,0,0,29,0,0,0,0,0,0,0,0,0,0,0,0,0,0,0,0,0,0,0,0,0,1,0,0,0,139,0,0,0,0,0,0,0,0,0,0,0,0,0,0,0,0,63,44,0,0,0,0,0,0,0,0,0,1,0,0,0,0,3001,0,1,0,0,0,0,11,0,0,0,3,0,0,203,0,0,529,0,0,0,0,0,0,3,0,3,1,0,2879,0,79,0,0,0,0,4,0,23,402,369,1496,47,73,101,0,0
2022-12-27,NV,9596,0,0,0,0,0,0,0,0,0,0,0,0,0,0,0,0,0,0,0,0,30,0,0,0,0,0,0,0,0,0,0,0,0,0,0,0,0,0,0,0,0,0,1,0,0,0,139,0,0,0,0,0,0,0,0,0,0,0,0,0,0,0,0,66,44,0,0,0,0,0,0,0,0,0,1,0,0,0,0,3050,0,1,0,0,0,0,11,0,0,0,3,0,0,243,0,0,532,0,0,0,0,0,0,3,0,4,1,0,2890,0,79,0,0,0,0,4,0,26,400,370,1479,48,72,100,0,0
2022-12-28,NV,9685,0,0,0,0,0,0,0,0,0,0,0,0,0,0,0,0,0,0,0,0,30,0,0,0,0,0,0,0,0,0,0,0,0,0,0,0,0,0,0,0,0,0,1,0,0,0,139,0,0,0,0,0,0,0,0,0,0,0,0,0,0,0,0,69,43,0,0,0,0,0,0,0,0,1,1,0,0,0,0,3100,0,1,0,0,0,0,11,0,0,0,3,0,0,284,0,0,535,0,0,0,0,0,0,3,0,4,1,0,2901,0,78,0,0,0,0,4,0,29,397,371,1462,48,72,98,0,0
2022-12-29,NV,9774,0,0,0,0,0,0,0,0,0,0,0,0,0,0,0,0,0,0,0,0,31,0,0,0,0,0,0,0,0,0,0,0,0,0,0,0,0,0,0,0,0,0,1,0,0,0,138,0,0,0,0,0,0,0,0,0,0,0,0,0,0,0,0,72,42,0,0,0,0,0,0,0,0,1,1,0,0,0,0,3149,0,1,0,0,0,0,11,0,0,0,3,0,0,325,0,0,537,0,0,0,0,0,0,4,0,4,1,0,2912,0,78,0,0,0,0,4,0,32,395,372,1444,48,71,97,0,0
2022-12-30,NV,9864,0,0,0,0,0,0,0,0,0,0,0,0,0,0,0,0,0,0,0,0,32,0,0,0,0,0,0,0,0,0,0,0,0,0,0,0,0,0,0,0,0,0,1,0,0,0,138,0,0,0,0,0,0,0,0,0,0,0,0,0,0,0,0,75,41,0,0,0,0,0,0,0,0,1,1,0,0,0,0,3199,0,1,0,0,0,0,11,0,0,0,3,0,0,367,0,0,540,0,0,0,0,0,0,4,0,4,1,0,2923,0,78,0,0,0,0,4,0,36,392,373,1425,48,70,96,0,0
2022-12-31,NV,9953,0,0,0,0,0,0,0,0,0,0,0,0,0,0,0,0,0,0,0,0,33,0,0,0,0,0,0,0,0,0,0,1,0,0,0,0,0,0,0,0,0,0,1,0,0,0,138,0,0,0,0,0,0,0,0,0,0,0,0,0,0,0,0,78,41,0,0,0,0,0,0,0,0,1,1,0,0,0,0,3250,0,1,0,0,0,0,11,0,0,0,3,0,0,409,0,0,542,0,0,0,0,0,0,4,0,4,1,0,2933,0,78,0,0,0,0,4,0,39,389,374,1406,49,69,95,0,0
2023-01-01,NV,9829,0,0,0,0,0,0,0,0,0,0,0,0,0,0,0,0,0,0,0,0,33,0,0,0,0,0,0,0,0,0,0,1,0,0,0,0,0,0,0,0,0,0,1,0,0,0,134,0,0,0,0,0,0,0,0,0,0,0,0,0,0,0,0,80,39,0,0,0,0,0,0,0,0,1,1,0,0,0,0,3231,0,1,0,0,0,0,11,0,0,0,3,0,0,443,0,0,533,0,0,0,0,0,0,4,0,4,1,0,2880,0,76,0,0,0,0,4,0,41,378,367,1357,48,67,92,0,0
2023-01-02,NV,9706,0,0,0,0,0,0,0,0,0,0,0,0,0,0,0,0,0,0,0,0,33,0,0,0,0,0,0,0,0,0,0,1,0,0,0,0,0,0,0,0,0,0,1,0,0,0,131,0,0,0,0,0,0,0,0,0,0,0,0,0,0,0,0,81,37,0,0,0,0,0,0,0,0,1,1,0,0,0,0,3211,0,1,0,0,0,0,11,0,0,0,3,0,0,475,0,0,524,0,0,0,0,0,0,4,0,4,1,0,2828,0,75,0,0,0,0,4,0,43,367,360,1309,47,65,89,0,0
2023-01-03,NV,9582,0,0,0,0,0,0,0,0,0,0,0,0,0,0,0,0,0,0,0,0,33,0,0,0,0,0,0,0,0,0,0,0,0,0,0,0,0,0,0,0,0,0,1,0,0,0,128,0,0,0,0,0,0,0,0,0,0,0,0,0,0,0,0,83,36,0,0,0,0,0,0,0,0,1,1,0,0,0,0,3191,0,1,0,0,0,0,11,0,0,0,3,0,0,507,0,0,515,0,0,0,0,0,0,4,0,4,1,0,2777,0,73,0,0,0,0,3,0,45,356,353,1261,47,63,85,0,0
2023-01-04,NV,9458,0,0,0,0,0,0,0,0,0,0,0,0,0,0,0,0,0,0,0,0,33,0,0,0,0,0,0,0,0,0,0,0,0,0,0,0,0,0,0,0,0,0,1,0,0,0,125,0,0,0,0,0,0,0,0,0,0,0,0,0,0,0,0,84,34,0,0,0,0,0,0,0,0,1,1,0,0,0,0,3170,0,1,0,0,0,0,11,0,0,0,3,0,0,538,0,0,506,0,0,0,0,0,0,3,0,4,1,0,2725,0,71,0,0,0,0,3,0,48,345,346,1214,46,61,82,0,0
2023-01-05,NV,9335,0,0,0,0,0,0,0,0,0,0,0,0,0,0,0,0,0,0,0,0,33,0,0,0,0,0,0,0,0,0,0,0,0,0,0,0,0,0,0,0,0,0,1,0,0,0,122,0,0,0,0,0,0,0,0,0,0,0,0,0,0,0,0,85,33,0,0,0,0,0,0,0,0,1,1,0,0,0,0,3149,0,1,0,0,0,0,11,0,0,0,3,0,0,568,0,0,498,0,0,0,0,0,0,3,0,4,2,0,2674,0,69,0,0,0,0,3,0,50,335,339,1168,45,59,79,0,0
2023-01-06,NV,9211,0,0,0,0,0,0,0,0,0,0,0,0,0,0,0,0,0,0,0,0,34,0,0,0,0,0,0,0,0,0,0,0,0,0,0,0,0,0,0,0,0,0,1,0,0,0,118,0,0,0,0,0,0,0,0,0,0,0,0,0,0,0,0,86,31,0,0,0,0,0,0,0,0,1,1,0,0,0,0,3127,0,1,0,0,0,0,11,0,0,0,3,0,0,596,0,0,489,0,0,0,0,0,0,3,0,4,2,0,2624,0,68,0,0,0,0,3,0,52,324,332,1123,44,56,76,0,0
2023-01-07,NV,9088,0,0,0,0,0,0,0,0,0,0,0,0,0,0,0,0,0,0,0,0,34,0,0,0,0,0,0,0,0,0,0,0,0,0,0,0,0,0,0,0,0,0,1,0,0,0,115,0,0,0,0,0,0,0,0,0,0,0,0,0,0,0,0,88,30,0,0,0,0,0,0,0,0,1,1,0,0,0,0,3104,0,1,0,0,0,0,11,0,0,0,3,0,0,624,0,0,480,0,0,0,0,0,0,3,0,4,2,0,2574,0,66,0,0,0,0,3,0,54,314,325,1079,44,54,73,0,0
2023-01-08,NV,8805,0,0,0,0,0,0,0,0,0,0,0,0,0,0,0,0,0,0,0,0,33,0,0,0,0,0,0,0,0,0,0,0,0,0,0,0,0,0,0,0,0,0,1,0,0,0,110,0,0,0,0,0,0,0,0,0,0,0,0,0,0,0,0,87,28,0,0,0,0,0,0,0,0,1,1,0,0,0,0,3027,0,1,0,0,0,0,10,0,0,0,3,0,0,640,0,0,463,0,0,0,0,0,0,3,0,3,2,0,2480,0,63,0,0,0,0,2,0,54,299,313,1017,42,52,69,0,0
2023-01-09,NV,8523,0,0,0,0,0,0,0,0,0,0,0,0,0,0,0,0,0,0,0,0,32,0,0,0,0,0,0,0,0,0,0,0,0,0,0,0,0,0,0,0,0,0,1,0,0,0,105,0,0,0,0,0,0,0,0,0,0,0,0,0,0,0,0,86,26,0,0,0,0,0,0,0,0,1,1,0,0,0,0,2948,0,1,0,0,0,0,10,0,0,0,3,0,0,653,0,0,446,0,0,0,0,0,0,3,0,3,2,0,2386,0,60,0,0,0,0,2,0,55,283,301,957,41,49,65,0,0
2023-01-10,NV,8241,0,0,0,0,0,0,0,0,0,0,0,0,0,0,0,0,0,0,0,0,32,0,0,0,0,0,0,0,0,0,0,0,0,0,0,0,0,0,0,0,0,0,1,0,0,0,101,0,0,0,0,0,0,0,0,0,0,0,0,0,0,0,0,86,24,0,0,0,0,0,0,0,0,1,1,0,0,0,0,2869,0,1,0,0,0,0,10,0,0,0,3,0,0,663,0,0,429,0,0,0,0,0,0,3,0,3,2,0,2294,0,58,0,0,0,0,2,0,56,269,289,899,39,46,62,0,0
2023-01-11,NV,7959,0,0,0,0,0,0,0,0,0,0,0,0,0,0,0,0,0,0,0,0,31,0,0,0,0,0,0,0,0,0,0,0,0,0,0,0,0,0,0,0,0,0,1,0,0,0,96,0,0,0,0,0,0,0,0,0,0,0,0,0,0,0,0,85,22,0,0,0,0,0,0,0,0,1,1,0,0,0,0,2787,0,1,0,0,0,0,10,0,0,0,3,0,0,672,0,0,413,0,0,0,0,0,0,3,0,3,2,0,2202,0,55,0,0,0,0,2,0,56,254,277,843,38,43,58,0,0
2023-01-12,NV,7676,0,0,0,0,0,0,0,0,0,0,0,0,0,0,0,0,0,0,0,0,31,0,0,0,0,0,0,0,0,0,0,0,0,0,0,0,0,0,0,0,0,0,1,0,0,0,91,0,0,0,0,0,0,0,0,0,0,0,0,0,0,0,0,84,21,0,0,0,0,0,0,0,0,1,1,0,0,0,0,2705,0,1,0,0,0,0,9,0,0,0,3,0,0,679,0,0,396,0,0,0,0,0,0,3,0,3,2,0,2112,0,53,0,0,0,0,2,0,56,240,265,788,36,41,54,0,0
2023-01-13,NV,7394,0,0,0,0,0,0,0,0,0,0,0,0,0,0,0,0,0,0,0,0,30,0,0,0,0,0,0,0,0,0,0,0,0,0,0,0,0,0,0,0,0,0,1,0,0,0,87,0,0,0,0,0,0,0,0,0,0,0,0,0,0,0,0,82,19,0,0,0,0,0,0,0,0,1,1,0,0,0,0,2622,0,1,0,0,0,0,9,0,0,0,3,0,0,683,0,0,380,0,0,0,0,0,0,3,0,3,2,0,2022,0,50,0,0,0,0,2,0,56,227,254,735,35,38,51,0,0
2023-01-14,NV,7112,0,0,0,0,0,0,0,0,0,0,0,0,0,0,0,0,0,0,0,0,29,0,0,0,0,0,0,0,0,0,0,0,0,0,0,0,0,0,0,0,0,0,1,0,0,0,82,0,0,0,0,0,0,0,0,0,0,0,0,0,0,0,0,81,18,0,0,0,0,0,0,0,0,1,1,0,0,0,0,2537,0,1,0,0,0,0,9,0,0,0,3,0,0,685,0,0,364,0,0,0,0,0,0,3,0,3,2,0,1933,0,47,0,0,0,0,1,0,56,213,242,684,34,36,47,0,0
2023-01-15,NV,7028,0,0,0,0,0,0,0,0,0,0,0,0,0,0,0,0,0,0,0,0,29,0,0,0,0,0,0,0,0,0,0,0,0,0,0,0,0,0,0,0,0,0,1,0,0,0,80,0,0,0,0,0,0,0,0,0,0,0,0,0,0,0,0,82,17,0,0,0,0,0,0,0,0,1,1,0,0,0,0,2522,0,1,0,0,0,0,9,0,0,0,3,0,0,704,0,0,358,0,0,0,0,0,0,3,0,3,2,0,1899,0,46,0,0,0,0,1,0,57,206,238,654,33,34,45,0,0
2023-01-16,NV,6945,0,0,0,0,0,0,0,0,0,0,0,0,0,0,0,0,0,0,0,0,29,0,0,0,0,0,0,0,0,0,0,0,0,0,0,0,0,0,0,0,0,0,1,0,0,0,78,0,0,0,0,0,0,0,0,0,0,0,0,0,0,0,0,83,16,0,0,0,0,0,0,0,0,1,1,0,0,0,0,2507,0,1,0,0,0,0,8,0,0,0,3,0,0,723,0,0,352,0,0,0,0,0,0,3,0,3,2,0,1865,0,45,0,0,0,0,1,0,59,199,233,624,33,33,43,0,0
2023-01-17,NV,6861,0,0,0,0,0,0,0,0,0,0,0,0,0,0,0,0,0,0,0,0,29,0,0,0,0,0,0,0,0,0,0,0,0,0,0,0,0,0,0,0,0,0,1,0,0,0,76,0,0,0,0,0,0,0,0,0,0,0,0,0,0,0,0,83,15,0,0,0,0,0,0,0,0,1,1,0,0,0,0,2492,0,1,0,0,0,0,8,0,0,0,3,0,0,742,0,0,346,0,0,0,0,0,0,3,0,3,2,0,1831,0,44,0,0,0,0,1,0,60,193,229,594,32,32,41,0,0
2023-01-18,NV,6778,0,0,0,0,0,0,0,0,0,0,0,0,0,0,0,0,0,0,0,0,29,0,0,0,0,0,0,0,0,0,0,0,0,0,0,0,0,0,0,0,0,0,1,0,0,0,74,0,0,0,0,0,0,0,0,0,0,0,0,0,0,0,0,84,14,0,0,0,0,0,0,0,0,1,1,0,0,0,0,2476,0,1,0,0,0,0,8,0,0,0,3,0,0,759,0,0,340,0,0,0,0,0,0,3,0,3,2,0,1798,0,43,0,0,0,0,1,0,61,186,224,565,32,30,39,0,0
2023-01-19,NV,6694,0,0,0,0,0,0,0,0,0,0,0,0,0,0,0,0,0,0,0,0,29,0,0,0,0,0,0,0,0,0,0,0,0,0,0,0,0,0,0,0,0,0,1,0,0,0,72,0,0,0,0,0,0,0,0,0,0,0,0,0,0,0,0,85,13,0,0,0,0,0,0,0,0,1,1,0,0,0,0,2460,0,1,0,0,0,0,8,0,0,0,3,0,0,776,0,0,334,0,0,0,0,0,0,3,0,3,2,0,1765,0,42,0,0,0,0,1,0,62,179,220,536,31,29,37,0,0
2023-01-20,NV,6611,0,0,0,0,0,0,0,0,0,0,0,0,0,0,0,0,0,0,0,0,29,0,0,0,0,0,0,0,0,0,0,0,0,0,0,0,0,0,0,0,0,0,1,0,0,0,70,0,0,0,0,0,0,0,0,0,0,0,0,0,0,0,0,85,12,0,0,0,0,0,0,0,0,1,1,0,0,0,0,2444,0,1,0,0,0,0,8,0,0,0,3,0,0,793,0,0,329,0,0,0,0,0,0,3,0,3,2,0,1732,0,41,0,0,0,0,1,0,63,173,215,508,31,28,36,0,0
2023-01-21,NV,6527,0,0,0,0,0,0,0,0,0,0,0,0,0,0,0,0,0,0,0,0,29,0,0,0,0,0,0,0,0,0,0,0,0,0,0,0,0,0,0,0,0,0,1,0,0,0,68,0,0,0,0,0,0,0,0,0,0,0,0,0,0,0,0,86,11,0,0,0,0,0,0,0,0,1,1,0,0,0,0,2427,0,1,0,0,0,0,8,0,0,0,3,1,0,808,0,0,323,0,0,0,0,0,0,3,0,3,2,0,1699,0,40,0,0,0,0,1,0,65,166,211,481,30,26,34,0,0
2023-01-22,NV,6478,0,0,0,0,0,0,0,0,0,0,0,0,0,0,0,0,0,0,0,0,29,0,0,0,0,0,0,0,0,0,0,0,0,0,0,0,0,0,0,0,0,0,1,0,0,0,66,0,0,0,0,0,0,0,0,0,0,0,0,0,0,0,0,85,11,0,0,0,0,0,0,0,0,1,1,0,0,0,0,2375,0,1,0,0,0,0,8,0,0,0,3,1,0,885,0,0,318,0,0,0,0,0,0,3,0,3,2,0,1653,0,39,0,0,0,0,1,0,71,160,205,469,30,26,33,0,0
2023-01-23,NV,6430,0,0,0,0,0,0,0,0,0,0,0,0,0,0,0,0,0,0,0,0,29,0,0,0,0,0,0,0,0,0,0,0,0,0,0,0,0,0,0,0,0,0,1,0,0,0,64,0,0,0,0,0,0,0,0,0,0,0,0,0,0,0,0,85,10,0,0,0,0,0,0,0,0,1,1,0,0,0,0,2325,0,1,0,0,0,0,8,0,0,0,3,2,0,961,0,0,312,0,0,0,0,0,0,3,0,3,3,0,1607,0,38,0,0,0,0,1,0,78,154,200,457,29,25,32,0,0
2023-01-24,NV,6381,0,0,0,0,0,0,0,0,0,0,0,0,0,0,0,0,0,0,0,0,29,0,0,0,0,0,0,0,0,0,0,0,0,0,0,0,0,0,0,0,0,0,1,0,0,0,63,0,0,0,0,0,0,0,0,0,0,0,0,0,0,0,0,84,10,0,0,0,0,0,0,0,0,1,1,0,0,0,0,2274,0,1,0,0,0,0,8,0,0,0,3,2,0,1035,0,0,307,0,0,0,0,0,0,3,0,3,3,0,1561,0,37,0,0,0,0,1,0,84,148,194,445,28,24,32,0,0
2023-01-25,NV,6332,0,0,0,0,0,0,0,0,0,0,0,0,0,0,0,0,0,0,0,0,29,0,0,0,0,0,0,0,0,0,0,0,0,0,0,0,0,0,0,0,0,0,1,0,0,0,61,0,0,0,0,0,0,0,0,0,0,0,0,0,0,0,0,84,10,0,0,0,0,0,0,0,0,1,1,0,0,0,0,2225,0,1,0,0,0,0,8,0,0,0,3,2,0,1109,0,0,301,0,0,0,0,0,0,3,0,3,4,0,1516,0,36,0,0,0,0,1,0,91,143,188,433,28,24,31,0,0
2023-01-26,NV,6284,0,0,0,0,0,0,0,0,0,0,0,0,0,0,0,0,0,0,0,0,29,0,0,0,0,0,0,0,0,0,0,0,0,0,0,0,0,0,0,0,0,0,1,0,0,0,59,0,0,0,0,0,0,0,0,0,0,0,0,0,0,0,0,83,10,0,0,0,0,0,0,0,0,1,1,0,0,0,0,2175,0,1,0,0,0,0,8,0,0,0,3,2,0,1181,0,0,296,0,0,0,0,0,0,3,0,3,4,0,1472,0,34,0,0,0,0,1,0,97,137,183,421,27,23,30,0,0
2023-01-27,NV,6235,0,0,0,0,0,0,0,0,0,0,0,0,0,0,0,0,0,0,0,0,28,0,0,0,0,0,0,0,0,0,0,0,0,0,0,0,0,0,0,0,0,0,1,0,0,0,57,0,0,0,0,0,0,0,0,0,0,0,0,0,0,0,0,83,10,0,0,0,0,0,0,0,0,1,1,0,0,0,0,2127,0,1,0,0,0,0,8,0,0,0,3,3,0,1251,0,0,291,0,0,0,0,0,0,3,0,3,4,0,1428,0,33,0,0,0,0,1,0,103,131,177,410,26,23,29,0,0
2023-01-28,NV,6186,0,0,0,0,0,0,0,0,0,0,0,0,0,0,0,0,0,0,0,0,28,0,0,0,0,0,0,0,0,0,0,0,0,0,0,0,0,0,0,0,0,0,1,0,0,0,56,0,0,0,0,0,0,0,0,0,0,0,0,0,0,0,0,82,9,0,0,0,0,0,0,0,0,1,1,0,0,0,0,2078,0,1,0,0,0,0,8,0,0,0,3,3,0,1321,0,0,286,0,0,0,0,0,0,3,0,3,5,0,1384,0,32,0,0,0,0,1,0,109,126,172,398,26,22,29,0,0
2023-01-29,NV,6146,0,0,0,0,0,0,0,0,0,0,0,0,0,0,0,0,0,0,0,0,28,0,0,0,0,0,0,0,0,0,0,0,0,0,0,0,0,0,0,0,0,0,1,0,0,0,54,0,0,0,0,0,0,0,0,0,0,0,0,0,0,0,0,82,9,0,0,0,0,0,0,0,0,1,1,0,0,0,0,2033,0,1,0,0,0,0,8,0,0,0,3,3,0,1391,0,0,281,0,0,0,0,0,0,3,0,3,5,0,1343,0,32,0,0,0,0,1,0,115,120,167,387,25,21,28,0,0
2023-01-30,NV,6105,0,0,0,0,0,0,0,0,0,0,0,0,0,0,0,0,0,0,0,0,28,0,0,0,0,0,0,0,0,0,0,0,0,0,0,0,0,0,0,0,0,0,1,0,0,0,52,0,0,0,0,0,0,0,0,0,0,0,0,0,0,0,0,82,9,0,0,0,0,0,0,0,0,1,1,0,0,0,0,1989,0,1,0,0,0,0,8,0,0,0,3,3,0,1460,0,0,276,0,0,0,0,0,0,3,0,3,5,0,1302,0,31,0,0,0,0,1,0,121,115,162,377,24,21,27,0,0
2023-01-31,NV,6065,0,0,0,0,0,0,0,0,0,0,0,0,0,0,0,0,0,0,0,0,28,0,0,0,0,0,0,0,0,0,0,0,0,0,0,0,0,0,0,0,0,0,1,0,0,0,51,0,0,0,0,0,0,0,0,0,0,0,0,0,0,0,0,81,9,0,0,0,0,0,0,0,0,1,2,0,0,0,0,1944,0,1,0,0,0,0,8,0,0,0,3,4,0,1528,0,0,272,0,0,0,0,0,0,2,0,3,6,0,1262,0,30,0,0,0,0,1,0,127,110,157,366,24,20,26,0,0
2023-02-01,NV,6024,0,0,0,0,0,0,0,0,0,0,0,0,0,0,0,0,0,0,0,0,28,0,0,0,0,0,0,0,0,0,0,0,0,0,0,0,0,0,0,0,0,0,1,0,0,0,49,0,0,0,0,0,0,0,0,0,0,0,0,0,0,0,0,81,9,0,0,0,0,0,0,0,0,1,2,0,0,0,0,1901,0,1,0,0,0,0,8,0,0,0,3,4,0,1595,0,0,267,0,0,0,0,0,0,2,0,3,6,0,1222,0,29,0,0,0,0,1,0,133,104,152,356,23,20,26,0,0
2023-02-02,NV,5984,0,0,0,0,0,0,0,0,0,0,0,0,0,0,0,0,0,0,0,0,28,0,0,0,0,0,0,0,0,0,0,0,0,0,0,0,0,0,0,0,0,0,1,0,0,0,48,0,0,0,0,0,0,0,0,0,0,0,0,0,0,0,0,81,9,0,0,0,0,0,0,0,0,1,2,0,0,0,0,1857,0,1,0,0,0,0,8,0,0,0,3,4,0,1661,0,0,262,0,0,0,0,0,0,2,0,3,6,0,1182,0,28,0,0,0,0,1,0,139,99,147,345,23,19,25,0,0
2023-02-03,NV,5943,0,0,0,0,0,0,0,0,0,0,0,0,0,0,0,0,0,0,0,0,28,0,0,0,0,0,0,0,0,0,0,0,0,0,0,0,0,0,0,0,0,0,1,0,0,0,46,0,0,0,0,0,0,0,0,0,0,0,0,0,0,0,0,80,8,0,0,0,0,0,0,0,0,1,2,0,0,0,0,1814,0,1,0,0,0,0,8,0,0,0,3,4,0,1726,0,0,258,0,0,0,0,0,0,2,0,3,6,0,1143,0,27,0,0,0,0,1,0,144,94,142,335,22,19,24,0,0
2023-02-04,NV,5903,0,0,0,0,0,0,0,0,0,0,0,0,0,0,0,0,0,0,0,0,28,0,0,0,0,0,0,0,0,0,0,0,0,0,0,0,0,0,0,0,0,0,1,0,0,0,45,0,0,0,0,0,0,0,0,0,0,0,0,0,0,0,0,80,8,0,0,0,0,0,0,0,0,1,2,0,0,0,0,1772,0,1,0,0,0,0,8,0,0,0,3,5,0,1790,0,0,253,0,0,0,0,0,0,2,0,3,7,0,1105,0,26,0,0,0,0,1,0,150,89,138,325,21,18,24,0,0
2023-02-05,NV,5879,0,0,0,0,0,0,0,0,0,0,0,0,0,0,0,0,0,0,0,0,27,0,0,0,0,0,0,0,0,0,0,0,0,0,0,0,0,0,0,0,0,0,1,0,0,0,43,0,0,0,0,0,0,0,0,0,0,0,0,0,0,0,0,80,8,0,0,0,0,0,0,0,0,1,2,0,0,0,0,1734,0,1,0,0,0,0,8,0,0,0,3,5,0,1858,0,0,249,0,0,0,0,0,0,2,0,3,7,0,1069,0,25,0,0,0,0,1,0,156,84,133,316,21,18,23,0,0
2023-02-06,NV,5855,0,0,0,0,0,0,0,0,0,0,0,0,0,0,0,0,0,0,0,0,27,0,0,0,0,0,0,0,0,0,0,0,0,0,0,0,0,0,0,0,0,0,1,0,0,0,42,0,0,0,0,0,0,0,0,0,0,0,0,0,0,0,0,79,8,0,0,0,0,0,0,0,0,1,2,0,0,0,0,1697,0,1,0,0,0,0,8,0,0,0,3,5,0,1926,0,0,246,0,0,0,0,0,0,2,0,3,7,0,1034,0,24,0,0,0,0,1,0,162,80,129,307,20,17,23,0,0
2023-02-07,NV,5831,0,0,0,0,0,0,0,0,0,0,0,0,0,0,0,0,0,0,0,0,27,0,0,0,0,0,0,0,0,0,0,0,0,0,0,0,0,0,0,0,0,0,1,0,0,0,41,0,0,0,0,0,0,0,0,0,0,0,0,0,0,0,0,79,8,0,0,0,0,0,0,0,0,1,2,0,0,0,0,1661,0,1,0,0,0,0,8,0,0,0,3,5,0,1993,0,0,242,0,0,0,0,0,0,2,0,3,8,0,1000,0,24,0,0,0,0,1,0,167,75,125,298,20,17,22,0,0
2023-02-08,NV,5807,0,0,0,0,0,0,0,0,0,0,0,0,0,0,0,0,0,0,0,0,27,0,0,0,0,0,0,0,0,0,0,0,0,0,0,0,0,0,0,0,0,0,1,0,0,0,39,0,0,0,0,0,0,0,0,0,0,0,0,0,0,0,0,79,8,0,0,0,0,0,0,0,0,1,2,0,0,0,0,1624,0,1,0,0,0,0,8,0,0,0,3,6,0,2059,0,0,238,0,0,0,0,0,0,2,0,3,8,0,965,0,23,0,0,0,0,1,0,173,71,120,289,19,16,22,0,0
2023-02-09,NV,5783,0,0,0,0,0,0,0,0,0,0,0,0,0,0,0,0,0,0,0,0,27,0,0,0,0,0,0,0,0,0,0,0,0,0,0,0,0,0,0,0,0,0,1,0,0,0,38,0,0,0,0,0,0,0,0,0,0,0,0,0,0,0,0,79,7,0,0,0,0,0,0,0,0,1,2,0,0,0,0,1588,0,1,0,0,0,0,8,0,0,0,3,6,0,2125,0,0,235,0,0,0,0,0,0,2,0,3,8,0,931,0,22,0,0,0,0,1,0,179,66,116,280,19,16,21,0,0
2023-02-10,NV,5759,0,0,0,0,0,0,0,0,0,0,0,0,0,0,0,0,0,0,0,0,27,0,0,0,0,0,0,0,0,0,0,0,0,0,0,0,0,0,0,0,0,0,1,0,0,0,37,0,0,0,0,0,0,0,0,0,0,0,0,0,0,0,0,79,7,0,0,0,0,0,0,0,0,1,2,0,0,0,0,1552,0,1,0,0,0,0,8,0,0,0,3,6,0,2190,0,0,231,0,0,0,0,0,0,2,0,3,9,0,897,0,21,0,0,0,0,1,0,184,61,112,271,18,15,20,0,0
2023-02-11,NV,5735,0,0,0,0,0,0,0,0,0,0,0,0,0,0,0,0,0,0,0,0,27,0,0,0,0,0,0,0,0,0,0,0,0,0,0,0,0,0,0,0,0,0,1,0,0,0,35,0,0,0,0,0,0,0,0,0,0,0,0,0,0,0,0,78,7,0,0,0,0,0,0,0,0,1,2,0,0,0,0,1516,0,1,0,0,0,0,8,0,0,0,3,6,0,2254,0,0,227,0,0,0,0,0,0,2,0,3,9,0,863,0,21,0,0,0,0,1,0,190,57,108,262,18,15,20,0,0
2023-02-12,NV,5676,0,0,0,0,0,0,0,0,0,0,0,0,0,0,0,0,0,0,0,0,27,0,0,0,0,0,0,0,0,0,0,0,0,0,0,0,0,0,0,0,0,0,1,0,0,0,34,0,0,0,0,0,0,0,0,0,0,0,0,0,0,0,0,78,7,0,0,0,0,0,0,0,0,1,2,0,0,0,0,1471,0,1,0,0,0,0,8,0,0,0,4,7,0,2304,0,0,222,0,0,0,0,0,0,2,0,3,9,0,825,0,20,0,0,0,0,1,0,194,52,103,252,17,14,19,0,0
2023-02-13,NV,5617,0,0,0,0,0,0,0,0,0,0,0,0,0,0,0,0,0,0,0,0,27,0,0,0,0,0,0,0,0,0,0,0,0,0,0,0,0,0,0,0,0,0,1,0,0,0,32,0,0,0,0,0,0,0,0,0,0,0,0,0,0,0,0,77,7,0,0,0,0,0,0,0,0,1,2,0,0,0,0,1427,0,1,0,0,0,0,8,0,0,0,4,7,0,2352,0,0,217,0,0,0,0,0,0,2,0,3,9,0,787,0,19,0,0,0,0,1,0,198,47,98,242,17,14,19,0,0
2023-02-14,NV,5558,0,0,0,0,0,0,0,0,0,0,0,0,0,0,0,0,0,0,0,0,27,0,0,0,0,0,0,0,0,0,0,0,0,0,0,0,0,0,0,0,0,0,1,0,0,0,31,0,0,0,0,0,0,0,0,0,0,0,0,0,0,0,0,76,7,0,0,0,0,0,0,0,0,1,2,0,0,0,0,1384,0,1,0,0,0,0,8,0,0,0,4,7,0,2399,0,0,212,0,0,0,0,0,0,2,0,3,10,0,749,0,18,0,0,0,0,1,0,203,43,94,232,16,13,18,0,0
2023-02-15,NV,5499,0,0,0,0,0,0,0,0,0,0,0,0,0,0,0,0,0,0,0,0,26,0,0,0,0,0,0,0,0,0,0,0,0,0,0,0,0,0,0,0,0,0,1,0,0,0,29,0,0,0,0,0,0,0,0,0,0,0,0,0,0,0,0,76,6,0,0,0,0,0,0,0,0,1,2,0,0,0,0,1341,0,1,0,0,0,0,7,0,0,0,4,7,0,2444,0,0,208,0,0,0,0,0,0,2,0,2,10,0,712,0,17,0,0,0,0,1,0,206,38,89,222,16,13,17,0,0
2023-02-16,NV,5440,0,0,0,0,0,0,0,0,0,0,0,0,0,0,0,0,0,0,0,0,26,0,0,0,0,0,0,0,0,0,0,0,0,0,0,0,0,0,0,0,0,0,1,0,0,0,28,0,0,0,0,0,0,0,0,0,0,0,0,0,0,0,0,75,6,0,0,0,0,0,0,0,0,1,2,0,0,0,0,1299,0,1,0,0,0,0,7,0,0,0,4,7,0,2487,0,0,203,0,0,0,0,0,0,2,0,2,10,0,676,0,16,0,0,0,0,1,0,210,34,85,213,15,12,17,0,0
2023-02-17,NV,5381,0,0,0,0,0,0,0,0,0,0,0,0,0,0,0,0,0,0,0,0,26,0,0,0,0,0,0,0,0,0,0,0,0,0,0,0,0,0,0,0,0,0,1,0,0,0,27,0,0,0,0,0,0,0,0,0,0,0,0,0,0,0,0,74,6,0,0,0,0,0,0,0,0,1,2,0,0,0,0,1257,0,1,0,0,0,0,7,0,0,0,4,7,0,2529,0,0,198,0,0,0,0,0,0,2,0,2,10,0,641,0,15,0,0,0,0,1,0,214,29,80,203,15,12,16,0,0
2023-02-18,NV,5322,0,0,0,0,0,0,0,0,0,0,0,0,0,0,0,0,0,0,0,0,26,0,0,0,0,0,0,0,0,0,0,0,0,0,0,0,0,0,0,0,0,0,1,0,0,0,25,0,0,0,0,0,0,0,0,0,0,0,0,0,0,0,0,74,6,0,0,0,0,0,0,0,0,1,2,0,0,0,0,1215,0,1,0,0,0,0,7,0,0,0,4,8,0,2569,0,0,193,0,0,0,0,0,0,2,0,2,11,0,606,0,15,1,1,0,0,1,0,217,25,76,194,14,11,15,0,0
2023-02-19,NV,5206,0,0,0,0,0,0,0,0,0,0,0,0,0,0,0,0,0,0,0,0,25,0,0,0,0,0,0,0,0,0,0,0,0,0,0,0,0,0,0,0,0,0,0,0,0,0,24,0,0,0,0,0,0,0,0,0,0,0,0,0,0,0,0,72,6,0,0,0,0,0,0,0,0,1,2,0,0,0,0,1168,0,1,0,0,0,0,7,0,0,0,4,9,0,2546,0,0,187,0,0,0,0,0,0,3,0,2,11,0,582,0,14,1,1,0,0,1,0,218,24,73,185,14,11,15,0,0
2023-02-20,NV,5089,0,0,0,0,0,0,0,0,0,0,0,0,0,0,0,0,0,0,0,0,24,0,0,0,0,0,0,0,0,0,0,0,0,0,0,0,0,0,0,0,0,0,0,0,0,0,24,0,0,0,0,0,0,0,0,0,0,0,0,0,0,0,0,70,5,0,0,0,0,0,0,0,0,1,2,0,0,0,0,1121,0,1,0,0,0,0,7,0,0,0,4,10,0,2522,0,0,181,0,0,0,0,0,0,4,0,2,11,0,558,0,14,1,2,0,0,1,0,219,24,70,176,13,10,14,0,0
2023-02-21,NV,4973,0,0,0,0,0,0,0,0,0,0,0,0,0,0,0,0,0,0,0,0,23,0,0,0,0,0,0,0,0,0,0,0,0,0,0,0,0,0,0,0,0,0,0,0,0,0,23,0,0,0,0,0,0,0,0,0,0,0,0,0,0,0,0,69,5,0,0,0,0,0,0,0,0,1,2,0,0,0,0,1075,0,1,0,0,0,0,7,0,0,0,4,12,0,2496,0,0,175,0,0,0,0,0,0,4,0,2,11,0,535,0,13,1,2,0,0,1,0,219,23,67,168,12,10,13,0,0
2023-02-22,NV,4856,0,0,0,0,0,0,0,0,0,0,0,0,0,0,0,0,0,0,0,0,22,0,0,0,0,0,0,0,0,0,0,0,0,0,0,0,0,0,0,0,0,0,0,0,0,0,22,0,0,0,0,0,0,0,0,0,0,0,0,0,0,0,0,67,5,0,0,0,0,0,0,0,0,1,2,0,0,0,0,1030,0,1,0,0,0,0,7,0,0,0,4,13,0,2469,0,0,169,0,0,0,0,0,0,5,0,2,11,0,512,0,13,1,2,0,0,1,0,219,22,64,160,12,9,13,0,0
2023-02-23,NV,4740,0,0,0,0,0,0,0,0,0,0,0,0,0,0,0,0,0,0,0,0,22,0,0,0,0,0,0,0,0,0,0,0,0,0,0,0,0,0,0,0,0,0,0,0,0,0,21,0,0,0,0,0,0,0,0,0,0,0,0,0,0,0,0,65,4,0,0,0,0,0,0,0,0,1,2,0,0,0,0,986,0,1,0,0,0,0,7,0,0,0,4,14,0,2440,0,0,163,0,0,0,0,0,0,5,0,2,12,0,490,0,13,1,2,0,0,1,0,219,21,61,152,11,9,12,0,0
2023-02-24,NV,4623,0,0,0,0,0,0,0,0,0,0,0,0,0,0,0,0,0,0,0,0,21,0,0,0,0,0,0,0,0,0,0,0,0,0,0,0,0,0,0,0,0,0,0,0,0,0,20,0,0,0,0,0,0,0,0,0,0,0,0,0,0,0,0,64,4,0,0,0,0,0,0,0,0,1,2,0,0,0,0,943,0,1,0,0,0,0,6,0,0,0,4,15,0,2409,0,0,157,0,0,0,0,0,0,6,0,2,12,0,468,0,12,1,2,0,0,1,0,218,21,59,144,11,8,11,0,0
2023-02-25,NV,4506,0,0,0,0,0,0,0,0,0,0,0,0,0,0,0,0,0,0,0,0,20,0,0,0,0,0,0,0,0,0,0,0,0,0,0,0,0,0,0,0,0,0,0,0,0,0,19,0,0,0,0,0,0,0,0,0,0,0,0,0,0,0,0,62,4,0,0,0,0,0,0,0,0,1,2,0,0,0,0,901,0,1,0,0,0,0,6,0,0,0,4,16,0,2378,0,0,151,0,0,0,0,0,0,6,0,2,12,0,447,0,12,1,2,0,0,1,0,217,20,56,136,11,8,11,0,0
2023-02-26,NV,4407,0,0,0,0,0,0,0,0,0,0,0,0,0,0,0,0,0,0,0,0,19,0,0,0,0,0,0,0,0,0,0,0,0,0,0,0,0,0,0,0,0,0,0,0,0,0,19,0,0,0,0,0,0,0,0,0,0,0,0,0,0,0,0,61,4,0,0,0,0,0,0,0,0,1,2,0,0,0,0,863,0,1,0,0,0,0,6,0,0,0,4,17,0,2353,0,0,146,0,0,0,0,0,0,7,0,2,12,0,427,0,11,1,2,0,0,0,0,217,19,53,129,10,8,10,0,0
2023-02-27,NV,4307,0,0,0,0,0,0,0,0,0,0,0,0,0,0,0,0,0,0,0,0,19,0,0,0,0,0,0,0,0,0,0,0,0,0,0,0,0,0,0,0,0,0,0,0,0,0,18,0,0,0,0,0,0,0,0,0,0,0,0,0,0,0,0,59,3,0,0,0,0,0,0,0,0,1,2,0,0,0,0,826,0,0,0,0,0,0,6,0,0,0,4,18,0,2328,0,0,141,0,0,0,0,0,0,7,0,2,12,0,409,0,11,1,3,0,0,0,0,217,19,51,122,10,7,9,0,0
2023-02-28,NV,4207,0,0,0,0,0,0,0,0,0,0,0,0,0,0,0,0,0,0,0,0,18,0,0,0,0,0,0,0,0,0,0,0,0,0,0,0,0,0,0,0,0,0,0,0,0,0,17,0,0,0,0,0,0,0,0,0,0,0,0,0,0,0,0,58,3,0,0,0,0,0,0,0,0,1,2,0,0,0,0,790,0,0,0,0,0,0,6,0,0,0,4,19,0,2301,0,0,136,0,0,0,0,0,0,8,0,2,12,0,390,0,11,1,3,0,0,0,0,216,18,49,116,9,7,9,0,0
2023-03-01,NV,4107,0,0,0,0,0,0,0,0,0,0,0,0,0,0,0,0,0,0,0,0,17,0,0,0,0,0,0,0,0,0,0,0,0,0,0,0,0,0,0,0,0,0,0,0,0,0,17,0,0,0,0,0,0,0,0,0,0,0,0,0,0,0,0,56,3,0,0,0,0,0,0,0,0,1,2,0,0,0,0,754,0,0,0,0,0,0,6,0,0,0,4,20,0,2273,0,0,131,0,0,0,0,0,0,8,0,2,12,0,373,0,10,1,3,0,0,0,0,215,17,46,110,9,7,8,0,0
2023-03-02,NV,4007,0,0,0,0,0,0,0,0,0,0,0,0,0,0,0,0,0,0,0,0,17,0,0,0,0,0,0,0,0,0,0,0,0,0,0,0,0,0,0,0,0,0,0,0,0,0,16,0,0,0,0,0,0,0,0,0,0,0,0,0,0,0,0,55,3,0,0,0,0,0,0,0,0,1,2,0,0,0,0,720,0,0,0,0,0,0,6,0,0,0,4,21,0,2243,0,0,126,0,0,0,0,0,0,8,0,2,12,0,355,0,10,1,3,0,0,0,0,214,17,44,103,8,6,8,0,0
2023-03-03,NV,3907,0,0,0,0,0,0,0,0,0,0,0,0,0,0,0,0,0,0,0,0,16,0,0,0,0,0,0,0,0,0,0,0,0,0,0,0,0,0,0,0,0,0,0,0,0,0,15,0,0,0,0,0,0,0,0,0,0,0,0,0,0,0,0,53,3,0,0,0,0,0,0,0,0,1,2,0,0,0,0,686,0,0,0,0,0,0,6,0,0,0,4,21,0,2212,0,0,122,0,0,0,0,0,0,9,0,2,12,0,338,0,10,1,3,0,0,0,0,213,16,42,97,8,6,7,0,0
2023-03-04,NV,3808,0,0,0,0,0,0,0,0,0,0,0,0,0,0,0,0,0,0,0,0,15,0,0,0,0,0,0,0,0,0,0,0,0,0,0,0,0,0,0,0,0,0,0,0,0,0,15,0,0,0,0,0,0,0,0,0,0,0,0,0,0,0,0,52,2,0,0,0,0,0,0,0,0,0,2,0,0,0,0,653,0,0,0,0,0,0,5,0,0,0,4,22,0,2180,0,0,117,0,0,0,0,0,0,9,0,2,12,0,321,0,10,1,3,0,0,0,0,212,16,40,91,8,6,7,0,0
2023-03-05,NV,3738,0,0,0,0,0,0,0,0,0,0,0,0,0,0,0,0,0,0,0,0,15,0,0,0,0,0,0,0,0,0,0,0,0,0,0,0,0,0,0,0,0,0,0,0,0,0,14,0,0,0,0,0,0,0,0,0,0,0,0,0,0,0,0,51,2,0,0,0,0,0,0,0,0,0,2,0,0,0,0,626,0,0,0,0,0,0,5,0,0,0,4,23,0,2165,0,0,113,0,0,0,0,0,0,9,0,2,13,0,308,0,9,1,3,0,0,0,0,212,15,38,86,7,5,7,0,0
2023-03-06,NV,3669,0,0,0,0,0,0,0,0,0,0,0,0,0,0,0,0,0,0,0,0,14,0,0,0,0,0,0,0,0,0,0,0,0,0,0,0,0,0,0,0,0,0,0,0,0,0,14,0,0,0,0,0,0,0,0,0,0,0,0,0,0,0,0,50,2,0,0,0,0,0,0,0,0,0,2,0,0,0,0,599,0,0,0,0,0,0,5,0,0,0,4,24,0,2149,0,0,110,0,0,0,0,0,0,10,0,2,13,0,294,0,9,1,3,0,0,0,0,212,15,36,82,7,5,6,0,0
2023-03-07,NV,3600,0,0,0,0,0,0,0,0,0,0,0,0,0,0,0,0,0,0,0,0,14,0,0,0,0,0,0,0,0,0,0,0,0,0,0,0,0,0,0,0,0,0,0,0,0,0,13,0,0,0,0,0,0,0,0,0,0,0,0,0,0,0,0,49,2,0,0,0,0,0,0,0,0,0,2,0,0,0,0,573,0,0,0,0,0,0,5,0,0,0,4,24,0,2131,0,0,106,0,0,0,0,0,0,10,0,2,13,0,281,0,9,1,3,0,0,0,0,212,14,35,77,7,5,6,0,0
2023-03-08,NV,3531,0,0,0,0,0,0,0,0,0,0,0,0,0,0,0,0,0,0,0,0,13,0,0,0,0,0,0,0,0,0,0,0,0,0,0,0,0,0,0,0,0,0,0,0,0,0,13,0,0,0,0,0,0,0,0,0,0,0,0,0,0,0,0,48,2,0,0,0,0,0,0,0,0,0,2,0,0,0,0,548,0,0,0,0,0,0,5,0,0,0,4,25,0,2113,0,0,103,0,0,0,0,0,0,10,0,2,13,0,268,0,9,1,3,0,0,0,0,211,14,33,72,7,4,5,0,0
2023-03-09,NV,3462,0,0,0,0,0,0,0,0,0,0,0,0,0,0,0,0,0,0,0,0,13,0,0,0,0,0,0,0,0,0,0,0,0,0,0,0,0,0,0,0,0,0,0,0,0,0,12,0,0,0,0,0,0,0,0,0,0,0,0,0,0,0,0,47,2,0,0,0,0,0,0,0,0,0,2,0,0,0,0,523,0,0,0,0,0,0,5,0,0,0,5,25,0,2094,0,0,99,0,0,0,0,0,0,11,0,2,13,0,256,0,8,1,4,0,0,0,0,211,13,32,68,6,4,5,0,0
2023-03-10,NV,3393,0,0,0,0,0,0,0,0,0,0,0,0,0,0,0,0,0,0,0,0,13,0,0,0,0,0,0,0,0,0,0,0,0,0,0,0,0,0,0,0,0,0,0,0,0,0,12,0,0,0,0,0,0,0,0,0,0,0,0,0,0,0,0,46,2,0,0,0,0,0,0,0,0,0,2,0,0,0,0,499,0,0,0,0,0,0,5,0,0,0,5,26,0,2074,0,0,96,0,0,0,0,0,0,11,0,2,13,0,244,0,8,1,4,0,0,0,0,210,13,30,63,6,4,5,0,0
2023-03-11,NV,3324,0,0,0,0,0,0,0,0,0,0,0,0,0,0,0,0,0,0,0,0,12,0,0,0,0,0,0,0,0,0,0,0,0,0,0,0,0,0,0,0,0,0,0,0,0,0,11,0,0,0,0,0,0,0,0,0,0,0,0,0,0,0,0,45,1,0,0,0,0,0,0,0,0,0,2,0,0,0,0,475,0,0,0,0,0,0,5,0,0,0,5,27,0,2053,0,0,93,0,0,0,0,0,0,11,0,2,13,0,232,0,8,1,4,0,0,0,0,209,12,28,59,6,4,4,0,0
2023-03-12,NV,3298,0,0,0,0,0,0,0,0,0,0,0,0,0,0,0,0,0,0,0,0,12,0,0,0,0,0,0,0,0,0,0,0,0,0,0,0,0,0,0,0,0,0,0,0,0,0,11,0,0,0,0,0,0,0,0,0,0,0,0,0,0,0,0,45,1,0,0,0,0,0,0,0,0,0,2,0,0,0,0,458,0,0,0,0,0,0,5,0,0,0,5,27,0,2059,0,0,91,0,0,0,0,0,0,11,0,2,13,0,223,0,8,1,4,0,0,0,0,211,12,27,56,6,4,4,0,0
2023-03-13,NV,3273,0,0,0,0,0,0,0,0,0,0,0,0,0,0,0,0,0,0,0,0,11,0,0,0,0,0,0,0,0,0,0,0,0,0,0,0,0,0,0,0,0,0,0,0,0,0,11,0,0,0,0,0,0,0,0,0,0,0,0,0,0,0,0,44,1,0,0,0,0,0,0,0,0,0,2,0,0,0,0,441,0,0,0,0,0,0,5,0,0,0,5,28,0,2064,0,0,89,0,0,0,0,0,0,12,0,2,13,0,214,0,8,1,4,0,0,0,0,213,12,26,52,5,3,4,0,0
2023-03-14,NV,3247,0,0,0,0,0,0,0,0,0,0,0,0,0,0,0,0,0,0,0,0,11,0,0,0,0,0,0,0,0,0,0,0,0,0,0,0,0,0,0,0,0,0,0,0,0,0,11,0,0,0,0,0,0,0,0,0,0,0,0,0,0,0,0,44,1,0,0,0,0,0,0,0,0,0,2,0,0,0,0,424,0,0,0,0,0,0,5,0,0,0,5,29,0,2069,0,0,87,0,0,0,0,0,0,12,0,2,14,0,206,0,8,1,4,0,0,0,0,215,12,25,49,5,3,3,0,0
2023-03-15,NV,3221,0,0,0,0,0,0,0,0,0,0,0,0,0,0,0,0,0,0,0,0,11,0,0,0,0,0,0,0,0,0,0,0,0,0,0,0,0,0,0,0,0,0,0,0,0,0,10,0,0,0,0,0,0,0,0,0,0,0,0,0,0,0,0,43,1,0,0,0,0,0,0,0,0,0,2,0,0,0,0,408,0,0,0,0,0,0,5,0,0,0,5,30,0,2073,0,0,85,0,0,0,0,0,0,12,0,2,14,0,197,0,7,1,4,0,0,0,0,217,11,24,46,5,3,3,0,0
2023-03-16,NV,3195,0,0,0,0,0,0,0,0,0,0,0,0,0,0,0,0,0,0,0,0,11,0,0,0,0,0,0,0,0,0,0,0,0,0,0,0,0,0,0,0,0,0,0,0,0,0,10,0,0,0,0,0,0,0,0,0,0,0,0,0,0,0,0,43,1,0,0,0,0,0,0,0,0,0,2,0,0,0,0,391,0,0,0,0,0,0,5,0,0,0,5,31,0,2077,0,0,83,0,0,0,0,0,0,13,0,2,14,0,189,0,7,1,4,0,0,0,0,218,11,23,43,5,3,3,0,0
2023-03-17,NV,3169,0,0,0,0,0,0,0,0,0,0,0,0,0,0,0,0,0,0,0,0,10,0,0,0,0,0,0,0,0,0,0,0,0,0,0,0,0,0,0,0,0,0,0,0,0,0,10,0,0,0,0,0,0,0,0,0,0,0,0,0,0,0,0,43,1,0,0,0,0,0,0,0,0,0,2,0,0,0,0,375,0,0,0,0,0,0,5,0,0,0,5,31,0,2081,0,0,81,0,0,0,0,0,0,13,0,2,14,0,181,0,7,1,4,0,0,0,0,220,11,22,39,5,3,3,0,0
2023-03-18,NV,3144,0,0,0,0,0,0,0,0,0,0,0,0,0,0,0,0,0,0,0,0,10,0,0,0,0,0,0,0,0,0,0,0,0,0,0,0,0,0,0,0,0,0,0,0,0,0,9,0,0,0,0,0,0,0,0,0,0,0,0,0,0,0,0,42,1,0,0,0,0,0,0,0,0,0,1,0,0,0,0,359,0,0,0,0,0,0,5,0,0,0,5,32,0,2082,0,1,79,0,0,0,0,0,0,13,0,2,14,0,172,0,7,1,4,1,1,0,0,221,11,21,36,4,3,2,0,0
2023-03-19,NV,3163,0,0,0,0,0,0,0,0,0,0,0,0,0,0,0,0,0,0,0,0,10,0,0,0,0,0,0,0,0,0,0,0,0,0,0,0,0,0,0,0,0,0,0,0,0,0,9,0,0,0,0,0,0,0,0,0,0,0,0,0,0,0,0,42,1,0,0,0,0,0,0,0,0,0,2,0,0,0,0,353,0,0,0,0,0,0,6,0,0,0,6,35,0,2105,0,2,78,0,0,0,0,0,0,15,0,2,15,0,169,0,7,1,5,1,1,0,0,221,10,21,36,4,2,2,0,0
2023-03-20,NV,3183,0,0,0,0,0,0,0,0,0,0,0,0,0,0,0,0,0,0,0,0,10,0,0,0,0,0,0,0,0,0,0,0,0,0,0,0,0,0,0,0,0,0,1,0,0,0,9,0,0,0,0,0,0,0,0,0,0,0,0,0,0,0,0,42,1,0,0,0,0,0,0,0,0,0,2,0,0,0,0,346,0,0,0,0,0,0,8,0,0,0,6,38,0,2128,0,2,78,0,0,0,0,0,0,16,0,2,16,0,166,0,7,1,5,1,1,0,0,220,10,20,35,4,2,2,0,0
2023-03-21,NV,3202,0,0,0,0,0,0,0,0,0,0,0,0,0,0,0,0,0,0,0,0,10,0,0,0,0,0,0,0,0,0,0,0,0,0,0,0,0,0,0,0,0,0,1,0,0,0,9,0,0,0,0,0,0,0,0,0,0,0,0,0,0,0,0,42,1,0,0,0,0,0,0,0,0,0,2,0,0,0,0,340,0,0,0,0,0,0,10,0,0,0,7,42,0,2151,0,3,77,0,0,0,0,0,0,18,0,2,17,0,162,0,7,1,5,1,1,0,0,220,10,20,34,4,2,2,0,0
2023-03-22,NV,3222,0,0,0,0,0,0,0,0,0,0,0,0,0,0,0,0,0,0,0,0,10,0,0,0,0,0,0,0,0,0,0,0,0,0,0,0,0,0,0,0,0,0,1,0,0,0,9,0,0,0,0,0,0,0,0,0,0,0,0,0,0,0,0,42,1,0,0,0,0,0,0,0,0,1,2,0,0,0,0,333,0,0,0,0,0,0,12,0,0,0,8,45,0,2175,0,4,77,0,0,0,0,0,0,19,0,3,18,0,159,0,6,1,5,1,1,0,0,220,10,19,33,4,2,2,0,0
2023-03-23,NV,3242,0,0,0,0,0,0,0,0,0,0,0,0,0,0,0,0,0,0,0,0,10,0,0,0,0,0,0,0,0,0,0,0,0,0,0,0,0,0,0,0,0,0,1,0,0,0,8,0,0,0,0,0,0,0,0,0,0,0,0,0,0,0,0,42,1,0,0,0,0,0,0,0,0,1,2,0,0,0,0,327,0,0,0,0,0,0,13,0,0,0,8,49,0,2198,0,4,76,0,0,0,0,0,0,21,0,3,19,0,155,0,6,1,5,1,1,0,0,219,9,19,33,4,2,2,0,0
2023-03-24,NV,3261,0,0,0,0,0,0,0,0,0,0,0,0,0,0,0,0,0,0,0,0,10,0,0,0,0,0,0,0,0,0,0,0,0,0,0,0,0,0,0,0,0,0,1,0,0,0,8,0,0,0,0,0,0,0,0,0,0,0,0,0,0,0,0,42,1,0,0,0,0,0,0,0,0,1,2,0,0,0,0,320,0,0,0,0,0,0,15,0,0,0,9,52,0,2222,0,5,76,0,0,0,0,0,0,22,0,3,19,0,151,0,6,1,5,1,2,0,0,219,9,19,32,4,2,2,0,0
2023-03-25,NV,3281,0,0,0,0,0,0,0,0,0,0,0,0,0,0,0,0,0,0,0,0,10,0,0,0,0,0,0,0,0,0,0,0,0,0,0,0,0,0,0,0,0,0,1,0,0,0,8,0,0,0,0,0,0,0,0,0,0,0,0,0,0,0,0,42,1,0,0,0,0,0,0,0,0,1,2,0,0,0,0,313,0,0,0,0,0,0,17,0,0,0,10,55,0,2246,0,5,75,0,0,0,0,0,0,23,0,3,20,0,148,0,6,1,6,1,2,0,0,218,9,18,31,4,2,2,0,0
2023-03-26,NV,3164,0,0,0,0,0,0,0,0,0,0,0,0,0,0,0,0,0,0,0,0,10,0,0,0,0,0,0,0,0,0,0,0,0,0,0,0,0,0,0,0,0,0,2,0,0,0,7,0,0,0,0,0,0,0,0,0,0,0,0,0,0,0,0,41,1,0,0,0,0,0,0,0,0,1,2,0,0,0,0,293,0,0,0,0,0,0,18,0,0,0,10,56,0,2176,0,6,72,0,0,0,0,0,0,24,0,3,20,0,138,0,5,1,6,1,2,0,0,209,8,17,29,3,2,2,0,0
2023-03-27,NV,3047,0,0,0,0,0,0,0,0,0,0,0,0,0,0,0,0,0,0,0,0,9,0,0,0,0,0,0,0,0,0,0,0,0,0,0,0,0,0,0,0,0,0,2,0,0,0,7,0,0,0,0,0,0,0,0,0,0,0,0,0,0,0,0,39,1,0,0,0,0,0,0,0,0,0,1,0,0,0,0,274,0,0,0,0,0,0,19,0,0,0,10,57,0,2105,0,6,68,0,0,0,0,0,0,24,0,4,20,0,129,0,5,1,5,1,2,0,0,199,7,16,27,3,2,2,0,0
2023-03-28,NV,2930,0,0,0,0,0,0,0,0,0,0,0,0,0,0,0,0,0,0,0,0,9,0,0,0,0,0,0,0,0,0,0,0,0,0,0,0,0,0,0,0,0,0,2,0,0,0,6,0,0,0,0,0,0,0,0,0,0,0,0,0,0,0,0,37,1,0,0,0,0,0,0,0,0,0,1,0,0,0,0,256,0,0,0,0,0,0,20,0,0,0,10,58,0,2034,0,6,65,0,0,0,0,0,0,25,0,4,20,0,120,0,5,1,5,1,2,0,0,190,7,15,25,3,2,2,0,0
2023-03-29,NV,2813,0,0,0,0,0,0,0,0,0,0,0,0,0,0,0,0,0,0,0,0,8,0,0,0,0,0,0,0,0,0,0,0,0,0,0,0,0,0,0,0,0,0,2,0,0,0,6,0,0,0,0,0,0,0,0,0,0,0,0,0,0,0,0,35,0,0,0,0,0,0,0,0,0,0,1,0,0,0,0,238,0,0,0,0,0,0,20,0,0,0,10,58,0,1962,0,7,61,0,0,0,0,0,0,25,0,4,20,0,111,0,4,1,5,1,2,0,0,181,6,14,23,3,2,1,0,0
2023-03-30,NV,2696,0,0,0,0,0,0,0,0,0,0,0,0,0,0,0,0,0,0,0,0,8,0,0,0,0,0,0,0,0,0,0,0,0,0,0,0,0,0,0,0,0,0,2,0,0,0,5,0,0,0,0,0,0,0,0,0,0,0,0,0,0,0,0,34,0,0,0,0,0,0,0,0,0,0,1,0,0,0,0,221,0,0,0,0,0,0,21,0,0,0,10,58,0,1889,0,7,58,0,0,0,0,0,0,25,0,4,20,0,102,0,4,1,5,1,2,0,0,172,6,13,21,2,1,1,0,0
2023-03-31,NV,2579,0,0,0,0,0,0,0,0,0,0,0,0,0,0,0,0,0,0,0,0,8,0,0,0,0,0,0,0,0,0,0,0,0,0,0,0,0,0,0,0,0,0,2,0,0,0,5,0,0,0,0,0,0,0,0,0,0,0,0,0,0,0,0,32,0,0,0,0,0,0,0,0,0,0,1,0,0,0,0,204,0,0,0,0,0,0,21,0,0,0,10,58,0,1815,0,7,55,0,0,0,0,0,0,25,0,4,19,0,94,0,4,1,5,1,2,0,0,163,5,12,20,2,1,1,0,0
2023-04-01,NV,2463,0,0,0,0,0,0,0,0,0,0,0,0,0,0,0,0,0,0,0,0,7,0,0,0,0,0,0,0,0,0,0,0,0,0,0,0,0,0,0,0,0,0,2,0,0,0,4,0,0,0,0,0,0,0,0,0,0,0,0,0,0,0,0,30,0,0,0,0,0,0,0,0,0,0,1,0,0,0,0,188,0,0,0,0,0,0,22,0,0,0,10,58,0,1741,0,7,51,0,0,0,0,0,0,25,0,4,19,0,87,0,3,1,5,1,2,0,0,154,5,11,18,2,1,1,0,0
2023-04-02,NV,2441,0,0,0,0,0,0,0,0,0,0,0,0,0,0,0,0,0,0,0,0,7,0,0,0,0,0,0,0,0,0,0,0,0,0,0,0,0,0,0,0,0,0,2,0,0,0,4,0,0,0,0,0,0,0,0,0,0,0,0,0,0,0,0,30,0,0,0,0,0,0,0,0,0,0,1,0,0,0,0,180,0,0,0,0,0,0,23,0,0,0,11,60,0,1733,0,7,50,0,0,0,0,0,0,25,0,4,19,0,82,0,3,1,5,1,2,0,0,152,4,10,17,2,1,1,0,0
2023-04-03,NV,2418,0,0,0,0,0,0,0,0,0,0,0,0,0,0,0,0,0,0,0,0,7,0,0,0,0,0,0,0,0,0,0,0,0,0,0,0,0,0,0,0,0,0,2,0,0,0,4,0,0,0,0,0,0,0,0,0,0,0,0,0,0,0,0,29,0,0,0,0,0,0,0,0,0,0,1,0,0,0,0,172,0,0,0,0,0,0,24,0,0,0,11,62,0,1725,0,8,49,0,0,0,0,0,0,26,0,4,20,0,78,0,3,1,5,1,2,0,0,149,4,10,16,2,1,1,0,0
2023-04-04,NV,2396,0,0,0,0,0,0,0,0,0,0,0,0,0,0,0,0,0,0,0,0,7,0,0,0,0,0,0,0,0,0,0,0,0,0,0,0,0,0,0,0,0,0,2,0,0,0,4,0,0,0,0,0,0,0,0,0,0,0,0,0,0,0,0,29,0,0,0,0,0,0,0,0,0,0,1,0,0,0,0,164,0,0,0,0,0,0,25,0,0,0,11,63,0,1717,0,8,48,0,0,0,0,0,0,27,0,4,20,0,74,0,3,1,5,1,2,0,0,146,4,9,15,2,1,1,0,0
2023-04-05,NV,2374,0,0,0,0,0,0,0,0,0,0,0,0,0,0,0,0,0,0,0,0,7,0,0,0,0,0,0,0,0,0,0,0,0,0,0,0,0,0,0,0,0,0,2,0,0,0,3,0,0,0,0,0,0,0,0,0,0,0,0,0,0,0,0,29,0,0,0,0,0,0,0,0,0,0,1,0,0,0,0,156,0,0,0,0,0,0,26,0,0,0,12,65,0,1709,0,8,47,0,0,0,0,0,0,28,0,4,21,0,70,0,2,1,5,1,2,0,0,144,3,9,14,2,1,1,0,0
2023-04-06,NV,2352,0,0,0,0,0,0,0,0,0,0,0,0,0,0,0,0,0,0,0,0,7,0,0,0,0,0,0,0,0,0,0,0,0,0,0,0,0,0,0,0,0,0,2,0,0,0,3,0,0,0,0,0,0,0,0,0,0,0,0,0,0,0,0,28,0,0,0,0,0,0,0,0,0,0,1,0,0,0,0,148,0,0,0,0,0,0,27,0,0,0,12,67,0,1700,0,9,46,0,0,0,0,0,0,28,0,4,21,0,66,0,2,1,5,1,2,0,0,141,3,9,14,1,1,1,0,0
2023-04-07,NV,2330,0,0,0,0,0,0,0,0,0,0,0,0,0,0,0,0,0,0,0,0,6,0,0,0,0,0,0,0,0,0,0,0,0,0,0,0,0,0,0,0,0,0,2,0,0,0,3,0,0,0,0,0,0,0,0,0,0,0,0,0,0,0,0,28,0,0,0,0,0,0,0,0,0,0,1,0,0,0,0,140,0,0,0,0,0,0,28,0,0,0,12,68,0,1692,0,9,45,0,0,0,0,0,0,29,0,5,21,0,62,0,2,1,5,1,2,0,0,138,3,8,13,1,1,1,0,0
2023-04-08,NV,2308,0,0,0,0,0,0,0,0,0,0,0,0,0,0,0,0,0,0,0,0,6,0,0,0,0,0,0,0,0,0,0,0,0,0,0,0,0,0,0,0,0,0,2,0,0,0,3,0,0,0,0,0,0,0,0,0,0,0,0,0,0,0,0,27,0,0,0,0,0,0,0,0,0,0,1,0,0,0,0,133,0,0,0,0,0,0,29,0,0,0,13,70,0,1683,0,9,43,0,0,0,0,0,0,30,0,5,22,0,58,0,2,1,5,1,2,0,0,136,3,8,12,1,1,1,0,0
2023-04-09,NV,2280,0,0,0,0,0,0,0,0,0,0,0,0,0,0,0,0,0,0,0,0,6,0,0,0,0,0,0,0,0,0,0,0,0,0,0,0,0,0,0,0,0,0,3,0,0,0,3,0,0,0,0,0,0,0,0,0,0,0,0,0,0,0,0,27,0,0,0,0,0,0,0,0,0,0,1,0,0,0,0,125,0,0,0,0,0,0,29,0,0,0,13,71,0,1670,0,10,42,0,0,0,0,0,0,30,0,5,22,0,55,0,2,1,5,1,2,0,0,133,2,7,11,1,1,1,0,0
2023-04-10,NV,2252,0,0,0,0,0,0,0,0,0,0,0,0,0,0,0,0,0,0,0,0,6,0,0,0,0,0,0,0,0,0,0,0,0,0,0,0,0,0,0,0,0,0,3,0,0,0,2,0,0,0,0,0,0,0,0,0,0,0,0,0,0,0,0,26,0,0,0,0,0,0,0,0,0,0,1,0,0,0,0,118,0,0,0,0,0,0,30,0,0,0,13,73,0,1656,0,10,41,0,0,0,0,0,0,31,0,5,22,0,51,0,2,1,5,1,2,0,0,130,2,7,10,1,1,1,0,0
2023-04-11,NV,2224,0,0,0,0,0,0,0,0,0,0,0,0,0,0,0,0,0,0,0,0,6,0,0,0,0,0,0,0,0,0,0,0,0,0,0,0,0,0,0,0,0,0,3,0,0,0,2,0,0,0,0,0,0,0,0,0,0,0,0,0,0,0,0,26,0,0,0,0,0,0,0,0,0,0,1,0,0,0,0,110,0,0,0,0,0,0,31,0,0,0,13,74,0,1643,0,10,40,0,0,0,0,0,0,31,0,5,22,0,47,0,1,1,5,1,2,0,0,127,2,6,9,1,0,0,0,0
2023-04-12,NV,2196,0,0,0,0,0,0,0,0,0,0,0,0,0,0,0,0,0,0,0,0,6,0,0,0,0,0,0,0,0,0,0,0,0,0,0,0,0,0,0,0,0,0,3,0,0,0,2,0,0,0,0,0,0,0,0,0,0,0,0,0,0,0,0,25,0,0,0,0,0,0,0,0,0,0,1,0,0,0,0,103,0,0,0,0,0,0,32,0,0,0,14,75,0,1629,0,10,39,0,0,0,0,0,0,32,0,5,23,0,43,0,1,1,5,1,2,0,0,124,1,6,9,1,0,0,0,0
2023-04-13,NV,2167,0,0,0,0,0,0,0,0,0,0,0,0,0,0,0,0,0,0,0,0,6,0,0,0,0,0,0,0,0,0,0,0,0,0,0,0,0,0,0,0,0,0,3,0,0,0,2,0,0,0,0,0,0,0,0,0,0,0,0,0,0,0,0,25,0,0,0,0,0,0,0,0,0,0,1,0,0,0,0,96,0,0,0,0,0,0,33,0,0,0,14,76,0,1615,0,11,38,0,0,0,0,0,0,32,0,5,23,0,40,0,1,1,6,1,2,0,0,122,1,6,8,1,0,0,0,0
2023-04-14,NV,2139,0,0,0,0,0,0,0,0,0,0,0,0,0,0,0,0,0,0,0,0,6,0,0,0,0,0,0,0,0,0,0,0,0,0,0,0,0,0,0,0,0,0,3,0,0,0,1,0,0,0,0,0,0,0,0,0,0,0,0,0,0,0,0,24,0,0,0,0,0,0,0,0,0,0,1,0,0,0,0,89,0,0,0,0,0,0,33,0,0,0,14,77,0,1601,0,11,36,0,0,0,0,0,0,33,0,5,23,0,36,0,1,1,6,1,2,0,0,119,1,5,7,1,0,0,0,0
2023-04-15,NV,2111,0,0,0,0,0,0,0,0,0,0,0,0,0,0,0,0,0,0,0,0,5,0,0,0,0,0,0,0,0,0,0,0,0,0,0,0,0,0,0,0,0,0,3,0,0,0,1,0,0,0,0,0,0,0,0,0,0,0,0,0,0,0,0,24,0,0,0,0,0,0,0,0,1,0,1,0,0,0,0,82,0,0,0,0,0,0,34,0,0,0,14,78,0,1586,0,11,35,0,0,0,0,0,0,33,0,5,23,0,33,0,1,1,6,1,2,0,0,116,1,5,6,0,0,0,0,0
2023-04-16,NV,2084,0,0,0,0,0,0,0,0,0,0,0,0,0,0,0,0,0,0,0,0,5,0,0,0,0,0,0,0,0,0,0,0,0,0,0,0,0,0,0,0,0,0,3,0,0,0,1,0,0,0,0,0,0,0,0,0,0,0,0,0,0,0,0,23,0,0,0,0,0,0,0,0,1,0,1,0,0,0,0,79,0,0,0,0,0,0,36,0,0,0,15,80,0,1560,0,13,35,0,0,0,0,0,0,33,0,6,23,0,31,0,1,1,6,1,2,0,1,113,1,5,6,0,0,0,0,0
2023-04-17,NV,2057,0,0,0,0,0,0,0,0,0,0,0,0,0,0,0,0,0,0,0,0,5,0,0,0,0,0,0,0,0,0,0,0,0,0,0,0,0,0,0,0,0,0,3,0,0,0,1,0,0,0,0,0,0,0,0,0,0,0,0,0,0,0,0,23,0,0,0,0,0,0,0,0,2,0,1,0,0,0,0,76,0,0,0,0,0,0,38,0,0,0,16,82,0,1534,0,15,35,0,0,0,0,0,0,34,0,6,23,0,30,0,1,1,6,1,3,0,1,109,1,4,6,0,0,0,0,0
2023-04-18,NV,2030,0,0,0,0,0,0,0,0,0,0,0,0,0,0,0,0,0,0,0,0,5,0,0,0,0,0,0,0,0,0,0,0,0,0,0,0,0,0,0,0,0,0,3,0,0,0,1,0,0,0,0,0,0,0,0,0,0,0,0,0,0,0,0,22,0,0,0,0,0,0,0,0,2,0,1,0,0,0,0,73,0,0,0,0,0,0,40,0,0,0,17,84,0,1508,0,16,35,0,0,0,0,0,0,34,0,6,22,0,29,0,1,1,6,1,3,0,1,106,1,4,6,0,0,0,0,0
2023-04-19,NV,2002,0,0,0,0,0,0,0,0,0,0,0,0,0,0,0,0,0,0,0,0,5,0,0,0,0,0,0,0,0,0,0,0,0,0,0,0,0,0,0,0,0,0,3,0,0,0,1,0,0,0,0,0,0,0,0,0,0,0,0,0,0,0,0,22,0,0,0,0,0,0,0,0,2,0,1,0,0,0,0,70,0,0,0,0,0,0,42,0,0,0,18,86,0,1482,0,18,35,0,0,0,0,0,0,34,0,6,22,0,28,0,1,1,6,1,3,0,1,102,1,4,5,0,0,0,0,0
2023-04-20,NV,1975,0,0,0,0,0,0,0,0,0,0,0,0,0,0,0,0,0,0,0,0,5,0,0,0,0,0,0,0,0,0,0,0,0,0,0,0,0,0,0,0,0,0,3,0,0,0,1,0,0,0,0,0,0,0,0,0,0,0,0,0,0,0,0,21,0,0,0,0,0,0,0,0,2,0,1,0,0,0,0,67,0,0,0,0,0,0,43,0,0,0,19,88,0,1456,0,20,35,0,0,0,0,0,0,35,0,6,22,0,26,0,1,1,6,1,3,0,1,99,1,4,5,0,0,0,0,0
2023-04-21,NV,1948,0,0,0,0,0,0,0,0,0,0,0,0,0,0,0,0,0,0,0,0,5,0,0,0,0,0,0,0,0,0,0,0,0,0,0,0,0,0,0,0,0,0,3,0,0,0,1,0,0,0,0,0,0,0,0,0,0,0,0,0,0,0,0,21,0,0,0,0,0,0,0,0,2,0,1,0,0,0,0,64,0,0,0,0,0,0,45,0,0,0,20,90,0,1431,0,21,35,0,0,0,0,0,0,35,0,7,22,0,25,0,1,1,6,1,4,0,1,96,1,4,5,0,0,0,0,0
2023-04-22,NV,1921,0,0,0,0,0,0,0,0,0,0,0,0,0,0,0,0,0,0,0,0,5,0,0,0,0,0,0,0,0,0,0,0,0,0,0,0,0,0,0,0,0,0,3,0,0,0,2,0,0,0,0,0,0,0,0,0,0,0,0,0,0,0,0,20,0,0,0,0,0,0,0,0,2,0,1,0,0,0,0,61,0,0,0,0,0,0,47,0,0,0,21,92,0,1405,0,23,35,0,0,0,0,0,0,35,0,7,22,0,24,0,1,1,6,1,4,0,1,93,1,4,5,0,0,0,0,0
2023-04-23,NV,1936,0,0,0,0,0,0,0,0,0,0,0,0,0,0,0,0,0,0,0,0,5,0,0,0,0,0,0,0,0,0,0,0,0,0,0,0,0,0,0,0,0,0,3,0,0,0,2,0,0,0,0,0,0,0,0,0,0,0,0,0,0,0,0,20,0,0,0,0,0,0,0,0,3,0,1,0,0,0,0,60,0,0,0,0,0,0,49,0,0,0,22,95,0,1411,0,25,36,0,0,0,0,0,0,36,0,7,22,0,24,0,1,1,6,1,4,0,1,92,1,4,5,0,0,0,0,0
2023-04-24,NV,1952,0,0,0,0,0,0,0,0,0,0,0,0,0,0,0,0,0,0,0,0,5,0,0,0,0,0,0,0,0,0,0,0,0,0,0,0,0,0,0,0,0,0,4,0,0,0,2,0,0,0,0,0,0,0,0,0,0,0,0,0,0,0,0,20,0,0,0,0,0,0,0,0,3,0,1,0,0,0,0,59,0,0,0,0,0,0,52,0,0,0,23,99,0,1417,0,27,36,0,0,0,0,0,0,37,0,7,22,0,23,0,1,1,6,1,4,0,1,91,1,4,5,0,0,0,0,0
2023-04-25,NV,1968,0,0,0,0,0,0,0,0,0,0,0,0,0,0,0,0,0,0,0,0,5,0,0,0,0,0,0,0,0,0,0,0,0,0,0,0,0,0,0,0,0,0,4,0,0,0,2,0,0,0,0,0,0,0,0,0,0,0,0,0,0,0,0,20,0,0,0,0,0,0,0,0,3,0,1,0,0,0,0,57,0,0,0,0,0,0,55,0,0,0,24,103,0,1423,0,29,37,0,0,0,0,0,0,38,0,8,22,0,22,0,1,1,6,1,5,0,1,90,1,3,5,0,0,0,0,0
2023-04-26,NV,1984,0,0,0,0,0,0,0,0,0,0,0,0,0,0,0,0,0,0,0,0,5,0,0,0,0,0,0,0,0,0,0,0,0,0,0,0,0,0,0,0,0,0,4,0,0,0,2,0,0,0,0,0,0,0,0,0,0,0,0,0,0,0,0,20,0,0,0,0,0,0,0,0,3,0,1,0,0,0,0,56,0,0,0,0,0,0,58,0,0,0,26,107,0,1429,0,31,38,0,0,0,0,0,0,39,0,8,23,0,22,0,1,1,6,1,5,0,1,88,1,3,4,0,0,0,0,0
2023-04-27,NV,1999,0,0,0,0,0,0,0,0,0,0,0,0,0,0,0,0,0,0,0,0,5,0,0,0,0,0,0,0,0,0,0,0,0,0,0,0,0,0,0,0,0,0,4,0,0,0,2,0,0,0,0,0,0,0,0,0,0,0,0,0,0,0,0,20,0,0,0,0,0,0,0,0,3,0,1,0,0,0,0,54,0,0,0,0,0,0,60,0,0,0,27,111,0,1435,0,33,38,0,0,0,0,0,0,41,0,8,23,0,21,0,1,1,6,1,5,0,1,87,1,3,4,0,0,0,0,0
2023-04-28,NV,2015,0,0,0,0,0,0,0,0,0,0,0,0,0,0,0,0,0,0,0,0,5,0,0,0,0,0,0,0,0,0,0,0,0,0,0,0,0,0,0,0,0,0,4,0,0,0,2,0,0,0,0,0,0,0,0,0,0,0,0,0,0,0,0,20,0,0,0,0,0,0,0,0,4,0,1,0,0,0,0,53,0,0,0,0,0,0,63,0,0,0,28,115,0,1441,0,35,39,0,0,0,0,0,0,42,0,9,23,0,20,0,1,1,6,1,6,0,1,86,1,3,4,0,0,0,0,0
2023-04-29,NV,2031,0,0,0,0,0,0,0,0,0,0,0,0,0,0,0,0,0,0,0,0,5,0,0,0,0,0,0,0,0,0,0,0,0,0,0,0,0,0,0,0,0,0,4,0,0,0,2,0,0,0,0,0,0,0,0,0,0,0,0,0,0,0,0,20,0,0,0,0,0,0,0,0,4,0,1,0,0,0,0,51,0,0,0,0,0,0,66,0,0,0,30,119,0,1446,0,37,40,0,0,0,0,0,0,43,0,9,23,0,20,0,1,1,7,1,6,0,1,85,0,3,4,0,0,0,0,0
2023-04-30,NV,2033,0,0,0,0,0,0,0,0,0,0,0,0,0,0,0,0,0,0,0,0,5,0,0,0,0,0,0,0,0,0,0,0,0,0,0,0,0,0,0,0,0,0,4,0,0,0,2,0,0,0,0,0,0,0,0,0,0,0,0,0,0,0,0,20,0,0,0,0,0,0,0,0,4,0,1,0,0,0,0,49,0,0,0,0,0,0,69,0,0,0,31,122,0,1442,0,39,40,0,0,0,0,0,0,44,0,9,24,0,19,0,1,1,7,1,6,0,1,83,0,3,4,0,0,0,0,0
2023-05-01,NV,2035,0,0,0,0,0,0,0,0,0,0,0,0,0,0,0,0,0,0,0,0,5,0,0,0,0,0,0,0,0,0,0,0,0,0,0,0,0,0,0,0,0,0,4,0,0,0,2,0,0,0,0,0,0,0,0,0,0,0,0,0,0,0,0,20,0,0,0,0,0,0,0,0,4,0,1,0,0,0,0,47,0,0,0,0,0,0,71,0,0,0,32,125,0,1438,0,41,41,0,0,0,0,0,0,44,0,10,24,0,18,0,1,1,7,1,7,0,1,81,0,3,4,0,0,0,0,0
2023-05-02,NV,2037,0,0,0,0,0,0,0,0,0,0,0,0,0,0,0,0,0,0,0,0,5,0,0,0,0,0,0,0,0,0,0,0,0,0,0,0,0,0,0,0,0,0,4,0,0,0,2,0,0,0,0,0,0,0,0,0,0,0,0,0,0,0,0,19,0,0,0,0,0,0,0,0,4,0,1,0,0,0,0,45,0,0,0,0,0,0,74,0,0,0,33,128,0,1434,0,43,41,0,0,0,0,0,0,45,0,10,24,0,17,0,1,1,7,1,7,0,2,79,0,3,4,0,0,0,0,0
2023-05-03,NV,2040,0,0,0,0,0,0,0,0,0,0,0,0,0,0,0,0,0,0,0,0,5,0,0,0,0,0,0,0,0,0,0,0,0,0,0,0,0,0,0,0,0,0,5,0,0,0,2,0,0,0,0,0,0,0,0,0,0,0,0,0,0,0,0,19,0,0,0,0,0,0,0,0,5,0,1,0,0,0,0,43,0,0,0,0,0,0,76,0,0,0,34,132,0,1429,0,45,42,0,0,0,0,0,0,46,0,10,24,0,16,0,1,1,7,1,7,0,2,77,0,3,4,0,0,0,0,0
2023-05-04,NV,2042,0,0,0,0,0,0,0,0,0,0,0,0,0,0,0,0,0,0,0,0,5,0,0,0,0,0,0,0,0,0,0,0,0,0,0,0,0,0,0,0,0,0,5,0,0,0,2,0,0,0,0,0,0,0,0,0,0,0,0,0,0,0,0,19,0,0,0,0,0,0,0,0,5,0,1,0,0,0,0,41,0,0,0,0,0,0,79,0,0,0,35,135,0,1425,0,47,42,0,0,0,0,0,0,47,0,10,24,0,15,0,1,1,7,1,8,0,2,75,0,3,3,0,0,0,0,0
2023-05-05,NV,2044,0,0,0,0,0,0,0,0,0,0,0,0,0,0,0,0,0,0,0,0,5,0,0,0,0,0,0,0,0,0,0,0,0,0,0,0,0,0,0,0,0,0,5,0,0,0,2,0,0,0,0,0,0,0,0,0,0,0,0,0,0,0,0,19,0,0,0,0,0,0,0,0,5,0,1,0,0,0,0,39,0,0,0,0,0,0,81,0,0,0,37,138,0,1421,0,49,42,0,0,0,0,0,0,48,0,11,24,0,15,0,1,1,7,1,8,0,2,74,0,3,3,0,0,0,0,0
2023-05-06,NV,2046,0,0,0,0,0,0,0,0,0,0,0,0,0,0,0,0,0,0,0,0,5,0,0,0,0,0,0,0,0,0,0,0,0,0,0,0,0,0,0,0,0,0,5,0,0,0,2,0,0,0,0,0,0,0,0,0,0,0,0,0,0,0,0,19,0,0,0,0,0,0,0,0,5,0,1,0,0,0,0,37,0,0,0,0,0,0,84,0,0,0,38,142,0,1417,0,51,43,0,0,0,0,0,0,49,0,11,24,0,14,0,1,2,7,1,8,0,2,72,0,3,3,0,0,0,0,0
2023-05-07,NV,2041,0,0,0,0,0,0,0,0,0,0,0,0,0,0,0,0,0,0,0,0,5,0,0,0,0,0,0,0,0,0,0,0,0,0,0,0,0,0,0,0,0,0,5,0,0,0,2,0,0,0,0,0,0,0,0,0,0,0,0,0,0,0,0,18,0,0,0,0,0,0,0,0,5,0,1,0,0,0,0,35,0,0,0,0,0,0,86,0,0,0,39,144,0,1407,0,53,43,0,0,0,0,0,0,49,0,11,24,0,13,0,1,2,7,1,8,0,2,70,0,3,3,0,0,0,0,0
2023-05-08,NV,2036,0,0,0,0,0,0,0,0,0,0,0,0,0,0,0,0,0,0,0,0,5,0,0,0,0,0,0,0,0,0,0,0,0,0,0,0,0,0,0,0,0,0,5,0,0,0,3,0,0,0,0,0,0,0,0,0,0,0,0,0,0,0,0,18,0,0,0,0,0,0,0,0,5,0,1,0,0,0,0,33,0,0,0,0,0,0,88,0,0,0,40,147,0,1398,0,54,44,0,0,0,0,0,0,50,0,11,24,0,12,0,1,2,7,1,9,0,2,67,0,2,3,0,0,0,0,0
2023-05-09,NV,2030,0,0,0,0,0,0,0,0,0,0,0,0,0,0,0,0,0,0,0,0,5,0,0,0,0,0,0,0,0,0,0,0,0,0,0,0,0,0,0,0,0,0,5,0,0,0,3,0,0,0,0,0,0,0,0,0,0,0,0,0,0,0,0,18,0,0,0,0,0,0,0,0,6,0,1,0,0,0,0,31,0,0,0,0,0,0,90,0,0,0,41,150,0,1389,0,56,44,0,0,0,0,0,0,50,0,12,24,0,11,0,1,2,8,1,9,0,2,65,0,2,3,0,0,0,0,0
2023-05-10,NV,2025,0,0,0,0,0,0,0,0,0,0,0,0,0,0,0,0,0,0,0,0,5,0,0,0,0,0,0,0,0,0,0,0,0,0,0,0,0,0,0,0,0,0,5,0,0,0,3,0,0,0,0,0,0,0,0,0,0,0,0,0,0,0,0,18,0,0,0,0,0,0,0,0,6,0,1,0,0,0,0,29,0,0,0,0,0,0,92,0,0,0,42,152,0,1379,0,58,44,0,0,0,0,0,0,51,0,12,24,0,10,0,1,2,8,1,9,0,2,63,0,2,3,0,0,0,0,0
2023-05-11,NV,2020,0,0,0,0,0,0,0,0,0,0,0,0,0,0,0,0,0,0,0,0,5,0,0,0,0,0,0,0,0,0,0,0,0,0,0,0,0,0,0,0,0,0,5,0,0,0,3,0,0,0,0,0,0,0,0,0,0,0,0,0,0,0,0,17,0,0,0,0,0,0,0,0,6,0,1,0,0,0,0,27,0,0,0,0,0,0,95,0,0,0,43,155,0,1370,0,60,44,0,0,0,0,0,0,52,0,12,24,0,9,0,1,2,8,1,9,0,2,61,0,2,2,0,0,0,0,0
2023-05-12,NV,2014,0,0,0,0,0,0,0,0,0,0,0,0,0,0,0,0,0,0,0,0,5,0,0,0,0,0,0,0,0,0,0,0,0,0,0,0,0,0,0,0,0,0,5,0,0,0,3,0,0,0,0,0,0,0,0,0,0,0,0,0,0,0,0,17,0,0,0,0,0,0,0,0,6,0,1,0,0,0,0,25,0,0,0,0,0,0,97,0,0,0,44,158,0,1361,0,61,45,0,0,0,0,0,0,52,0,12,24,0,8,0,1,2,8,1,10,0,2,59,0,2,2,0,0,0,0,0
2023-05-13,NV,2009,0,0,0,0,0,0,0,0,0,0,0,0,0,0,0,0,0,0,0,0,5,0,0,0,0,0,0,0,0,0,0,0,0,0,0,0,0,0,0,0,0,0,5,0,0,0,3,0,0,0,0,0,0,0,0,0,0,0,0,0,0,0,0,17,0,0,0,0,0,0,0,0,6,0,1,0,0,0,0,23,0,0,0,2,0,1,98,0,0,0,45,160,1,1346,0,63,45,0,0,2,0,1,0,53,1,13,24,0,7,0,1,2,8,1,10,0,2,57,0,2,2,0,0,0,0,0
2023-05-14,NV,1998,0,0,0,0,0,0,0,0,0,0,0,0,0,0,0,0,0,0,0,0,5,0,0,0,0,0,0,0,0,0,0,0,0,0,0,0,0,0,0,0,0,0,6,0,0,0,3,0,0,0,0,0,0,0,0,0,0,0,0,0,0,0,0,17,0,0,0,0,0,0,0,0,8,0,1,0,0,0,0,22,0,0,0,2,0,1,102,0,0,0,48,162,2,1323,0,65,45,0,0,2,0,1,0,53,1,13,24,0,7,0,1,2,8,2,10,0,2,55,0,2,2,0,0,0,0,0
2023-05-15,NV,1987,0,0,0,0,0,0,0,0,0,0,0,0,0,0,0,0,0,0,0,0,5,0,0,0,0,0,0,0,0,0,0,0,0,0,0,0,0,0,0,0,0,0,6,0,0,0,3,0,0,0,0,0,0,0,0,0,0,0,0,0,0,0,0,17,0,0,0,0,0,0,0,0,9,0,1,0,0,0,0,21,0,0,1,2,0,2,105,0,0,0,50,163,2,1299,0,67,46,0,0,2,0,1,0,54,1,13,24,0,7,1,1,2,9,2,10,0,3,53,0,2,2,0,0,0,0,0
2023-05-16,NV,1976,0,0,0,0,0,0,0,0,0,0,0,0,0,0,0,0,0,0,0,0,5,0,0,0,0,0,0,0,0,0,0,0,0,0,0,0,0,0,0,0,0,0,6,0,0,0,3,0,0,0,0,0,0,0,0,0,0,0,0,0,0,0,0,17,0,0,0,0,0,0,0,0,10,0,1,0,0,0,0,21,0,0,1,2,0,2,109,0,0,0,53,165,2,1276,0,70,47,0,0,2,0,1,0,54,1,14,23,0,7,1,1,2,9,2,10,0,3,51,0,2,2,0,0,0,0,0
2023-05-17,NV,1965,0,0,0,0,0,0,0,0,0,0,0,0,0,0,0,0,0,0,0,0,5,0,0,0,0,0,0,0,0,0,0,0,0,0,0,0,0,0,0,0,0,0,6,0,0,0,3,0,0,0,0,0,0,0,0,0,0,0,0,0,0,0,0,18,0,0,0,0,0,0,0,0,11,0,1,0,0,0,0,20,0,0,1,2,0,3,112,0,0,0,56,166,2,1253,0,72,47,0,0,2,0,1,0,55,1,14,23,0,6,1,1,2,10,2,10,0,3,49,0,2,2,0,0,0,0,0
2023-05-18,NV,1954,0,0,0,0,0,0,0,0,0,0,0,0,0,0,0,0,0,0,0,0,5,0,0,0,0,0,0,0,0,0,0,0,0,0,0,0,0,0,0,0,0,0,6,0,0,0,2,0,0,0,0,0,0,0,0,0,0,0,0,0,0,0,0,18,0,0,0,0,0,0,0,0,12,0,1,0,0,0,0,19,0,0,1,2,0,3,116,0,0,0,58,168,2,1231,0,74,48,0,0,2,0,1,0,55,2,14,23,0,6,1,1,2,10,2,10,0,3,47,0,2,2,0,0,0,0,0
2023-05-19,NV,1943,0,0,0,0,0,0,0,0,0,0,0,0,0,0,0,0,0,0,0,0,5,0,0,0,0,0,0,0,0,0,0,0,0,0,0,0,0,0,0,0,0,0,6,0,0,0,2,0,0,0,0,0,0,0,0,0,0,0,0,0,0,0,0,18,0,0,0,0,0,0,0,0,13,0,1,0,0,0,0,19,0,0,1,2,0,3,119,0,0,0,61,170,2,1208,0,76,48,0,0,2,0,2,0,55,2,15,23,0,6,1,1,2,11,3,10,0,3,45,0,2,2,0,0,0,0,0
2023-05-20,NV,1932,0,0,0,0,0,0,0,0,0,0,0,0,0,0,0,0,0,0,0,0,5,0,0,0,0,0,0,0,0,0,0,0,0,0,0,0,0,0,0,0,0,0,6,0,0,0,2,0,0,0,0,0,0,0,0,0,0,0,0,0,0,0,0,18,0,0,0,0,0,0,0,0,15,0,1,0,0,0,0,18,0,0,1,2,0,4,122,0,0,0,63,171,2,1186,0,79,49,0,0,2,0,2,0,56,2,15,22,0,6,1,1,2,11,3,10,0,4,43,0,3,2,0,0,0,0,0
2023-05-21,NV,1901,0,0,0,0,0,0,0,0,0,0,0,0,0,0,0,0,0,0,0,0,5,0,0,0,0,0,0,0,0,0,0,0,0,0,0,0,0,0,0,0,0,0,6,0,0,0,2,0,0,0,0,0,0,0,0,0,0,0,0,0,0,0,0,18,0,0,0,0,0,0,0,0,15,0,1,0,0,0,0,17,0,0,1,2,0,4,124,0,0,0,65,171,2,1151,0,80,49,0,0,2,0,2,0,56,2,15,22,0,5,1,1,3,12,3,10,0,4,41,0,3,2,0,0,0,0,0
2023-05-22,NV,1870,0,0,0,0,0,0,0,0,0,0,0,0,0,0,0,0,0,0,0,0,5,0,0,0,0,0,0,0,0,0,0,0,0,0,0,0,0,0,0,0,0,0,6,0,0,0,2,0,0,0,0,0,0,0,0,0,0,0,0,0,0,0,0,18,0,0,0,0,0,0,0,0,16,0,1,0,0,0,0,16,0,0,1,2,0,4,126,0,0,0,67,170,2,1118,0,81,49,0,0,2,0,2,0,56,2,15,21,0,5,1,1,3,12,3,10,0,4,39,0,3,2,0,0,0,0,0
2023-05-23,NV,1839,0,0,0,0,0,0,0,0,0,0,0,0,0,0,0,0,0,0,0,0,5,0,0,0,0,0,0,0,0,0,0,0,0,0,0,0,0,0,0,0,0,0,6,0,0,0,2,0,0,0,0,0,0,0,0,0,0,0,0,0,0,0,0,18,0,0,0,0,0,0,0,0,17,0,1,0,0,0,0,15,0,0,1,2,0,5,127,0,0,0,69,170,3,1085,0,82,49,0,0,2,0,2,0,55,3,15,21,0,5,1,1,3,13,3,10,0,4,37,0,3,2,0,0,0,0,0
2023-05-24,NV,1809,0,0,0,0,0,0,0,0,0,0,0,0,0,0,0,0,0,0,0,0,5,0,0,0,0,0,0,0,0,0,0,0,0,0,0,0,0,0,0,0,0,0,6,0,0,0,2,0,0,0,0,0,0,0,0,0,0,0,0,0,0,0,0,18,0,0,0,0,0,0,0,0,18,0,1,0,0,0,0,14,0,0,1,2,0,5,129,0,0,0,70,169,3,1052,0,83,49,0,0,2,0,2,0,55,3,16,20,0,5,1,1,3,13,3,10,0,4,35,0,3,2,0,0,0,0,0
2023-05-25,NV,1778,0,0,0,0,0,0,0,0,0,0,0,0,0,0,0,0,0,0,0,0,5,0,0,0,0,0,0,0,0,0,0,0,0,0,0,0,0,0,0,0,0,0,6,0,0,0,2,0,0,0,0,0,0,0,0,0,0,0,0,0,0,0,0,18,0,0,0,0,0,0,0,0,19,0,1,0,0,0,0,14,0,0,2,2,0,5,130,0,0,0,72,169,3,1020,0,84,49,0,0,2,0,3,0,55,3,16,20,0,4,2,1,3,13,3,10,0,4,32,0,3,2,0,0,0,0,0
2023-05-26,NV,1747,0,0,0,0,0,0,0,0,0,0,0,0,0,0,0,0,0,0,0,0,5,0,0,0,0,0,0,0,0,0,0,0,0,0,0,0,0,0,0,0,0,0,6,0,0,0,2,0,0,0,0,0,0,0,0,0,0,0,0,0,0,0,0,18,0,0,0,0,0,0,0,0,20,0,1,0,0,0,0,13,0,0,2,2,0,6,132,0,0,0,73,168,3,988,0,85,48,0,0,2,0,3,0,55,3,16,20,0,4,2,1,3,13,3,10,0,4,30,0,3,2,0,0,0,0,0
2023-05-27,NV,1717,0,0,0,0,0,0,0,0,0,0,0,0,0,0,0,0,0,0,0,0,5,0,0,0,0,0,0,0,0,0,0,0,0,0,0,0,0,0,0,0,0,0,6,0,0,0,2,0,0,0,0,0,0,0,0,0,0,0,0,0,0,0,0,18,0,0,0,0,0,0,0,0,20,0,1,0,0,0,0,12,0,0,2,2,0,6,133,0,0,0,75,167,3,957,0,86,48,0,0,2,0,3,0,54,3,16,19,0,4,2,1,3,14,4,10,0,4,28,0,3,2,0,0,0,0,0
2023-05-28,NV,1702,0,0,0,0,0,0,0,0,0,0,0,0,0,0,0,0,0,0,0,0,5,0,0,0,0,0,0,0,0,0,0,0,0,0,0,0,0,0,0,0,0,0,6,0,0,0,2,0,0,0,0,0,0,0,0,0,0,0,0,0,0,0,0,18,0,0,0,0,0,0,0,0,21,0,1,0,0,0,0,11,0,0,2,2,0,6,135,0,0,0,76,168,3,936,0,88,49,0,0,2,0,3,0,54,3,16,19,0,4,2,1,3,14,4,10,0,5,27,0,3,2,0,0,0,0,0
2023-05-29,NV,1688,0,0,0,0,0,0,0,0,0,0,0,0,0,0,0,0,0,0,0,0,5,0,0,0,0,0,0,0,0,0,0,0,0,0,0,0,0,0,0,0,0,0,6,0,0,0,2,0,0,0,0,0,0,0,0,0,0,0,0,0,0,0,0,18,0,0,0,0,0,0,0,0,22,0,1,0,0,0,0,11,0,0,2,2,0,6,138,0,0,0,78,169,3,914,0,89,49,0,0,3,0,3,0,55,4,16,19,0,3,2,1,3,14,4,10,0,5,25,0,3,2,0,0,0,0,0
2023-05-30,NV,1673,0,0,0,0,0,0,0,0,0,0,0,0,0,0,0,0,0,0,0,0,5,0,0,0,0,0,0,0,0,0,0,0,0,0,0,0,0,0,0,0,0,0,6,0,0,0,2,0,0,0,0,0,0,0,0,0,0,0,0,0,0,0,0,18,0,0,0,0,0,0,0,0,23,0,1,0,0,0,0,10,0,0,2,2,0,7,140,0,0,0,80,170,3,893,0,91,49,0,0,3,0,3,0,55,4,17,18,0,3,2,1,3,15,4,10,0,5,24,0,3,2,0,0,0,0,0
2023-05-31,NV,1659,0,0,0,0,0,0,0,0,0,0,0,0,0,0,0,0,0,0,0,0,5,0,0,0,0,0,0,0,0,0,0,0,0,0,0,0,0,0,0,0,0,0,6,0,0,0,2,0,0,0,0,0,0,0,0,0,0,0,0,0,0,0,0,18,0,0,0,0,0,0,0,0,24,0,1,0,0,0,0,10,0,0,2,2,0,7,142,0,0,0,82,170,3,872,0,92,49,0,0,3,0,3,0,55,4,17,18,0,3,2,1,3,15,4,10,0,5,22,0,3,2,0,0,0,0,0
2023-06-01,NV,1644,0,0,0,0,0,0,0,0,0,0,0,0,0,0,0,0,0,0,0,0,5,0,0,0,0,0,0,0,0,0,0,0,0,0,0,0,0,0,0,0,0,0,6,0,0,0,2,0,0,0,0,0,0,0,0,0,0,0,0,0,0,0,0,18,0,0,0,0,0,0,0,0,25,0,1,0,0,0,0,9,0,0,2,2,0,7,144,0,0,0,84,171,3,851,0,94,50,0,0,3,0,3,0,55,4,17,18,0,3,2,1,3,15,4,10,0,5,20,0,3,2,0,0,0,0,0
2023-06-02,NV,1630,0,0,0,0,0,0,0,0,0,0,0,0,0,0,0,0,0,0,0,0,5,0,0,0,0,0,0,0,0,0,0,0,0,0,0,0,0,0,0,0,0,0,6,0,0,0,2,0,0,0,0,0,0,0,0,0,0,0,0,0,0,0,0,18,0,0,0,0,0,0,0,0,25,0,1,0,0,0,0,8,0,0,2,2,0,8,146,0,0,0,85,171,3,831,0,95,50,0,0,3,0,4,0,55,4,17,17,0,3,2,1,3,16,4,10,0,5,19,0,3,2,0,0,0,0,0
2023-06-03,NV,1616,0,0,0,0,0,0,0,0,0,0,0,0,0,0,0,0,0,0,0,0,5,0,0,0,0,0,0,0,0,0,0,0,0,0,0,0,0,0,0,0,0,0,6,0,0,0,2,0,0,0,0,0,0,0,0,0,0,0,0,0,0,0,0,18,0,0,0,0,0,0,0,0,26,0,1,0,0,0,0,8,0,0,2,2,0,8,148,0,0,0,87,172,4,810,0,96,50,0,0,3,0,4,0,55,4,17,17,0,2,2,1,4,16,5,10,0,5,17,0,3,2,0,0,0,0,0
2023-06-04,NV,1603,0,0,0,0,0,0,0,0,0,0,0,0,0,0,0,0,0,0,0,0,5,0,0,0,0,0,0,0,0,0,0,0,0,0,0,0,0,0,0,0,0,0,6,0,0,0,1,0,0,0,0,0,0,0,0,0,0,0,0,0,0,0,0,19,0,0,0,0,0,0,0,0,27,0,1,0,0,0,0,7,0,0,2,2,0,8,150,0,0,0,89,173,4,791,0,98,50,0,0,3,0,4,0,55,5,18,17,0,2,2,1,4,17,5,10,0,5,16,0,3,2,0,0,0,0,0
2023-06-05,NV,1591,0,0,0,0,0,0,0,0,0,0,0,0,0,0,0,0,0,0,0,0,5,0,0,0,0,0,0,0,0,0,0,0,0,0,0,0,0,0,0,0,0,0,6,0,0,0,1,0,0,0,0,0,0,0,0,0,0,0,0,0,0,0,0,19,0,0,0,0,0,0,0,0,28,0,1,0,0,0,0,7,0,0,3,2,0,8,152,0,0,0,91,173,4,772,0,99,51,0,0,3,0,4,0,56,5,18,17,0,2,2,1,4,17,5,10,0,6,14,0,3,2,0,0,0,0,0
2023-06-06,NV,1578,0,0,0,0,0,0,0,0,0,0,0,0,0,0,0,0,0,0,0,0,5,0,0,0,0,0,0,0,0,0,0,0,0,0,0,0,0,0,0,0,0,0,6,0,0,0,1,0,0,0,0,0,0,0,0,0,0,0,0,0,0,0,0,19,0,0,0,0,0,0,0,0,29,0,1,0,0,0,0,6,0,0,3,2,0,9,154,0,0,0,92,174,4,753,0,100,51,0,0,3,0,4,0,56,5,18,16,0,2,3,1,4,17,5,10,0,6,13,0,4,2,0,0,0,0,0
2023-06-07,NV,1565,0,0,0,0,0,0,0,0,0,0,0,0,0,0,0,0,0,0,0,0,5,0,0,0,0,0,0,0,0,0,0,0,0,0,0,0,0,0,0,0,0,0,6,0,0,0,1,0,0,0,0,0,0,0,0,0,0,0,0,0,0,0,0,19,0,0,0,0,0,0,0,0,29,0,1,0,0,0,0,6,0,0,3,2,0,9,156,0,0,0,94,175,4,735,0,102,51,0,0,3,0,4,0,56,5,18,16,0,2,3,1,4,17,5,10,0,6,12,0,4,2,0,0,0,0,0
2023-06-08,NV,1553,0,0,0,0,0,0,0,0,0,0,0,0,0,0,0,0,0,0,0,0,5,0,0,0,0,0,0,0,0,0,0,0,0,0,0,0,0,0,0,0,0,0,6,0,0,0,1,0,0,0,0,0,0,0,0,0,0,0,0,0,0,0,0,19,0,0,0,0,0,0,0,0,30,0,1,0,0,0,0,5,0,0,3,2,0,9,158,0,0,0,95,175,4,716,0,103,51,0,0,3,0,4,0,56,5,18,16,0,2,3,1,4,18,5,10,0,6,10,0,4,2,0,0,0,0,0
2023-06-09,NV,1540,0,0,0,0,0,0,0,0,0,0,0,0,0,0,0,0,0,0,0,0,5,0,0,0,0,0,0,0,0,0,0,0,0,0,0,0,0,0,0,0,0,0,6,0,0,0,1,0,0,0,0,0,0,0,0,0,0,0,0,0,0,0,0,19,0,0,0,0,0,0,0,0,31,0,1,0,0,0,0,5,0,0,3,2,0,9,160,0,0,0,97,176,4,698,0,104,52,0,0,3,0,4,0,56,5,18,16,0,1,3,1,4,18,5,10,0,6,9,0,4,2,0,0,0,0,0
2023-06-10,NV,1528,0,0,0,0,0,0,0,0,0,0,0,0,0,0,0,0,0,0,0,0,5,0,0,0,0,0,0,0,0,0,0,0,0,0,0,0,0,0,0,0,0,0,6,0,0,0,1,0,0,0,0,0,0,0,0,0,0,0,0,0,2,0,0,19,0,0,0,0,0,0,0,0,31,0,1,0,0,0,0,4,0,0,3,2,0,9,161,0,0,2,98,176,4,678,0,105,52,0,0,3,0,5,0,56,5,19,15,0,1,3,1,4,18,5,10,0,6,7,0,4,2,0,0,0,0,0
2023-06-11,NV,1516,0,0,0,0,0,0,0,0,0,0,0,0,0,0,0,0,0,0,0,0,5,0,0,0,0,0,0,0,0,0,0,0,0,0,0,0,0,0,0,0,0,0,6,0,0,0,1,0,0,0,0,0,0,0,0,0,0,0,0,0,3,0,0,19,0,0,0,0,0,0,0,0,33,0,1,0,0,0,0,4,0,0,3,2,0,11,162,0,0,3,100,174,4,663,0,104,52,0,0,4,0,5,0,56,6,18,15,0,1,3,1,4,18,5,10,0,6,7,0,4,2,0,0,0,0,0
2023-06-12,NV,1503,0,0,0,0,0,0,0,0,0,0,0,0,0,0,0,0,0,0,0,0,5,0,0,0,0,0,0,0,0,0,0,0,0,0,0,0,0,0,0,0,0,0,6,0,0,0,1,0,0,0,0,0,0,0,0,0,0,0,0,0,3,0,0,19,0,0,0,0,0,0,0,0,34,0,1,0,0,0,0,4,0,0,3,2,0,12,162,0,0,3,101,172,4,648,0,103,52,0,0,5,0,5,0,56,6,18,15,0,1,3,1,4,19,5,10,0,6,7,0,4,2,0,0,0,0,0
2023-06-13,NV,1491,0,0,0,0,0,0,0,0,0,0,0,0,0,0,0,0,0,0,0,0,5,0,0,0,0,0,0,0,0,0,0,0,0,0,0,0,0,0,0,0,0,0,6,0,0,0,1,0,0,0,0,0,0,0,0,0,0,0,0,0,3,0,0,19,0,0,0,0,0,0,0,0,36,0,1,0,0,0,0,4,0,0,3,2,0,13,162,0,0,3,103,171,4,633,0,102,52,0,0,5,0,5,0,56,6,18,14,0,1,3,1,4,19,5,10,0,6,7,0,3,2,0,0,0,0,0
2023-06-14,NV,1479,0,0,0,0,0,0,0,0,0,0,0,0,0,0,0,0,0,0,0,0,5,0,0,0,0,0,0,0,0,0,0,0,0,0,0,0,0,0,0,0,0,0,6,0,0,0,1,0,0,0,0,0,0,0,0,0,0,0,0,0,3,0,0,19,0,0,0,0,0,0,0,0,37,0,1,0,0,0,0,4,0,0,3,2,0,14,162,0,0,3,104,169,4,618,0,101,52,0,0,6,0,6,0,56,6,18,14,0,1,3,1,4,19,5,10,0,6,7,0,3,2,0,0,0,0,0
2023-06-15,NV,1467,0,0,0,0,0,0,0,0,0,0,0,0,0,0,0,0,0,0,0,0,5,0,0,0,0,0,0,0,0,0,0,0,0,0,0,0,0,0,0,0,0,0,6,0,0,0,1,0,0,0,0,0,0,0,0,0,0,0,0,0,4,0,0,19,0,0,0,0,0,0,0,0,39,0,1,0,0,0,0,4,0,0,3,3,0,15,163,0,0,3,106,167,4,603,0,100,53,0,0,7,0,6,0,56,7,18,13,0,1,3,1,4,19,5,10,0,6,7,0,3,2,0,0,0,0,0
2023-06-16,NV,1455,0,0,0,0,0,0,0,0,0,0,0,0,0,0,0,0,0,0,0,0,5,0,0,0,0,0,0,0,0,0,0,0,0,0,0,0,0,0,0,0,0,0,6,0,0,0,1,0,0,0,0,0,0,0,0,0,0,0,0,0,4,0,0,18,0,0,0,0,0,0,0,0,40,0,1,0,0,0,0,4,0,0,4,3,0,17,163,0,0,3,107,166,4,589,0,99,53,0,0,8,0,6,0,55,7,18,13,0,1,3,1,4,19,5,11,0,6,7,0,3,2,0,0,0,0,0
2023-06-17,NV,1443,0,0,0,0,0,0,0,0,0,0,0,0,0,0,0,0,0,0,0,0,5,0,0,0,0,0,0,0,0,0,0,0,0,0,0,0,0,0,0,0,0,0,6,0,0,0,1,0,0,0,0,0,0,0,0,0,0,0,0,0,4,0,0,18,0,0,0,0,0,0,0,0,41,0,1,0,0,0,0,4,0,0,4,3,0,18,163,0,0,3,108,164,4,574,0,98,53,0,0,9,0,6,0,55,7,18,13,0,1,3,1,4,19,5,11,0,6,7,0,3,2,0,0,0,0,0
2023-06-18,NV,1440,0,0,0,0,0,0,0,0,0,0,0,0,0,0,0,0,0,0,0,0,5,0,0,0,0,0,0,0,0,0,0,0,0,0,0,0,0,0,0,0,0,0,6,0,0,0,1,0,0,0,0,0,0,0,0,0,0,0,0,0,4,0,0,18,0,0,0,0,0,0,0,0,43,0,1,0,0,0,0,4,0,0,4,3,0,19,164,0,0,3,110,163,4,564,0,97,53,0,0,9,0,7,0,55,7,18,12,0,1,3,1,4,19,5,11,0,6,7,0,3,2,0,0,0,0,0
2023-06-19,NV,1436,0,0,0,0,0,0,0,0,0,0,0,0,0,0,0,0,0,0,0,0,5,0,0,0,0,0,0,0,0,0,0,0,0,0,0,0,0,0,0,0,0,0,6,0,0,0,1,0,0,0,0,0,0,0,0,0,0,0,0,0,4,0,0,18,0,0,0,0,0,0,0,0,44,0,1,0,0,0,0,4,0,0,4,3,0,20,165,0,0,3,112,163,4,553,0,97,54,0,0,10,0,7,0,56,8,18,12,0,1,3,1,4,20,4,11,0,6,7,0,3,2,0,0,0,0,0
2023-06-20,NV,1433,0,0,0,0,0,0,0,0,0,0,0,0,0,0,0,0,0,0,0,0,5,0,0,0,0,0,0,0,0,0,0,0,0,0,0,0,0,0,0,0,0,0,6,0,0,0,1,0,0,0,0,0,0,0,0,0,0,0,0,0,5,0,0,18,0,0,0,0,0,0,0,0,46,0,1,0,0,0,0,3,0,0,4,3,0,21,167,0,0,3,114,162,4,542,0,97,54,0,0,11,0,7,0,56,8,18,12,0,1,4,1,4,20,4,11,0,6,7,0,3,2,0,0,0,0,0
2023-06-21,NV,1430,0,0,0,0,0,0,0,0,0,0,0,0,0,0,0,0,0,0,0,0,5,0,0,0,0,0,0,0,0,0,0,0,0,0,0,0,0,0,0,0,0,0,6,0,0,0,1,0,0,0,0,0,0,0,0,0,0,0,0,0,5,0,0,18,0,0,0,0,0,0,0,0,47,0,1,0,0,0,0,3,0,0,4,4,0,22,168,0,0,3,116,161,4,532,0,96,54,0,0,12,0,7,0,56,8,18,11,0,1,4,1,4,20,4,11,0,6,7,0,3,2,0,0,0,0,0
2023-06-22,NV,1427,0,0,0,0,0,0,0,0,0,0,0,0,0,0,0,0,0,0,0,0,5,0,0,0,0,0,0,0,0,0,0,0,0,0,0,0,0,0,0,0,0,0,7,0,0,0,1,0,0,0,0,0,0,0,0,0,0,0,0,0,5,0,0,18,0,0,0,0,0,0,0,0,49,0,1,0,0,0,0,3,0,0,4,4,0,24,169,0,0,3,118,161,4,521,0,96,55,0,0,13,0,8,0,56,9,18,11,0,1,4,1,4,20,4,11,0,6,7,0,3,2,0,0,0,0,0
2023-06-23,NV,1424,0,0,0,0,0,0,0,0,0,0,0,0,0,0,0,0,0,0,0,0,5,0,0,0,0,0,0,0,0,0,0,0,0,0,0,0,0,0,0,0,0,0,7,0,0,0,1,0,0,0,0,0,0,0,0,0,0,0,0,0,5,0,0,18,0,0,0,0,0,0,0,0,50,0,1,0,0,0,0,3,0,0,4,4,0,25,170,0,0,3,120,160,4,510,0,95,55,0,0,13,0,8,0,56,9,18,11,0,1,4,1,4,21,4,12,0,6,7,0,2,2,0,0,0,0,0
2023-06-24,NV,1420,0,0,0,0,0,0,0,0,0,0,0,0,0,0,0,0,0,0,0,0,5,0,0,0,0,0,0,0,0,0,0,0,0,0,0,0,0,0,0,0,0,0,7,0,0,0,1,0,0,0,0,0,0,0,0,0,0,0,0,0,6,0,0,19,0,0,0,0,0,0,0,0,52,0,1,0,0,0,0,3,0,0,5,4,0,26,171,0,0,3,122,159,4,500,0,95,56,0,0,14,0,8,0,57,9,18,10,0,1,4,1,4,21,4,12,0,6,7,0,2,2,0,0,0,0,0
2023-06-25,NV,1460,0,0,0,0,0,0,0,0,0,0,0,0,0,0,0,0,0,0,0,0,5,0,0,0,0,0,0,0,0,0,0,0,0,0,0,0,0,0,0,0,0,0,7,0,0,0,1,0,0,0,0,0,0,0,0,0,0,0,0,0,6,0,0,19,0,0,0,0,0,0,0,0,55,0,1,0,0,0,0,3,0,0,5,5,0,28,178,0,0,3,127,164,4,504,0,97,58,0,0,15,0,9,0,59,10,19,10,0,1,4,1,4,22,4,12,0,6,8,0,2,2,0,0,0,0,0
2023-06-26,NV,1500,0,0,0,0,0,0,0,0,0,0,0,0,0,0,0,0,0,0,0,0,6,0,0,0,0,0,0,0,0,0,0,0,0,0,0,0,0,0,0,0,0,0,7,0,0,0,1,0,0,0,0,0,0,0,0,0,0,0,0,0,6,0,0,20,0,0,0,0,0,0,0,0,58,0,1,0,0,0,0,3,0,0,5,5,0,30,184,0,0,3,133,168,5,508,0,100,60,0,0,17,0,9,0,60,10,19,10,0,1,4,1,4,22,4,13,0,6,8,0,2,3,0,0,0,0,0
2023-06-27,NV,1540,0,0,0,0,0,0,0,0,0,0,0,0,0,0,0,0,0,0,0,0,6,0,0,0,0,0,0,0,0,0,0,0,0,0,0,0,0,0,0,0,0,0,7,0,0,0,1,0,0,0,0,0,0,0,0,0,0,0,0,0,7,0,0,20,0,0,0,0,0,0,0,0,62,0,1,0,0,0,0,3,0,0,5,5,0,32,191,0,0,3,139,172,5,512,0,102,62,0,0,18,0,10,0,62,11,20,10,0,1,4,1,4,23,4,13,0,7,8,0,2,3,0,0,0,0,0
2023-06-28,NV,1580,0,0,0,0,0,0,0,0,0,0,0,0,0,0,0,0,0,0,0,0,6,0,0,0,0,0,0,0,0,0,0,0,0,0,0,0,0,0,0,0,0,0,8,0,0,0,1,0,0,0,0,0,0,0,0,0,0,0,0,0,7,0,0,21,1,0,0,0,0,0,0,0,65,0,1,0,0,0,0,4,0,0,6,6,0,34,197,0,0,4,145,176,5,514,0,105,64,0,0,20,0,11,0,64,12,20,10,0,1,5,1,4,24,4,14,0,7,8,0,2,3,0,0,0,0,0
2023-06-29,NV,1619,0,0,0,0,0,0,0,0,0,0,0,0,0,0,0,0,0,0,0,0,6,0,0,0,0,0,0,0,0,0,0,0,0,0,0,0,0,0,0,0,0,0,8,0,0,0,1,0,0,0,0,0,0,0,0,0,0,0,0,0,8,0,0,21,1,0,0,0,0,0,0,0,68,0,1,0,0,0,0,4,0,0,6,6,0,36,204,0,0,4,151,180,5,517,0,107,67,0,0,21,0,11,0,66,12,21,10,0,1,5,1,4,25,4,14,0,7,9,0,2,3,0,0,0,0,0
2023-06-30,NV,1659,0,0,0,0,0,0,0,0,0,0,0,0,0,0,0,0,0,0,0,0,7,0,0,0,0,0,0,0,0,0,0,0,0,0,0,0,0,0,0,0,0,0,8,0,0,0,1,0,0,0,0,0,0,0,0,0,0,0,0,0,8,0,0,22,1,0,0,0,0,0,0,0,72,0,1,0,0,0,0,4,0,0,6,6,0,39,211,0,0,4,157,184,5,518,0,110,69,0,0,22,0,12,0,68,13,22,10,0,2,5,1,4,26,4,15,0,7,9,0,2,3,0,0,0,0,0
2023-07-01,NV,1699,0,0,0,0,0,0,0,0,0,0,0,0,0,0,0,0,0,0,0,0,7,0,0,0,0,0,0,0,0,0,0,0,0,0,0,0,0,0,0,0,0,0,8,0,0,0,1,0,0,0,0,0,0,0,0,0,0,0,0,0,9,0,0,23,1,0,0,0,0,0,0,0,76,0,1,0,0,0,0,4,0,0,7,7,0,41,218,0,0,4,164,188,5,520,0,112,71,0,0,24,0,12,0,70,13,22,10,0,2,5,1,4,27,4,16,0,8,9,0,2,3,0,0,0,0,0
2023-07-02,NV,1725,0,0,0,0,0,0,0,0,0,0,0,0,0,0,0,0,0,0,0,0,7,0,0,0,0,0,0,0,0,0,0,0,0,0,0,0,0,0,0,0,0,0,9,0,0,0,1,0,0,0,0,0,0,0,0,0,0,0,0,0,9,0,0,23,1,0,0,0,0,0,0,0,79,0,1,0,0,0,0,4,0,0,7,7,0,43,223,0,0,4,169,191,5,516,0,113,73,0,0,25,0,13,0,72,14,23,10,0,2,6,1,4,28,4,16,0,8,9,0,2,3,0,0,0,0,0
2023-07-03,NV,1752,0,0,0,0,0,0,0,0,0,0,0,0,0,0,0,0,0,0,0,0,7,0,0,0,0,0,0,0,0,0,0,0,0,0,0,0,0,0,0,0,0,0,9,0,0,0,1,0,0,0,0,0,0,0,0,0,0,0,0,0,9,0,0,24,1,0,0,0,0,0,0,0,82,1,1,0,0,0,0,4,0,0,7,7,0,45,228,0,0,4,174,193,6,513,0,115,75,0,0,27,0,14,0,73,15,23,10,0,2,6,1,4,29,4,17,0,8,10,0,2,3,0,0,0,0,0
2023-07-04,NV,1778,0,0,0,0,0,0,0,0,0,0,0,0,0,0,0,0,0,0,0,0,7,0,0,0,0,0,0,0,0,0,0,0,0,0,0,0,0,0,0,0,0,0,9,0,0,0,1,0,0,0,0,0,0,0,0,0,0,0,0,0,10,0,0,24,1,0,0,0,0,0,0,0,85,1,1,0,0,0,0,4,0,0,7,8,0,48,234,0,0,4,180,196,6,509,0,116,77,0,0,28,0,14,0,75,15,23,10,0,2,6,1,4,29,4,17,0,8,10,0,2,3,0,0,0,0,0
2023-07-05,NV,1804,0,0,0,0,0,0,0,0,0,0,0,0,0,0,0,0,0,0,0,0,7,0,0,0,0,0,0,0,0,0,0,0,0,0,0,0,0,0,0,0,0,0,9,0,0,0,1,0,0,0,0,0,0,0,0,0,0,0,0,0,10,0,0,24,1,0,0,0,0,0,0,0,89,1,1,0,0,0,0,4,0,0,8,8,0,50,239,0,0,4,185,198,6,504,0,118,78,0,0,30,0,15,0,76,16,24,9,0,2,6,1,4,30,4,18,0,8,10,0,2,3,0,0,0,0,0
2023-07-06,NV,1831,0,0,0,0,0,0,0,0,0,0,0,0,0,0,0,0,0,0,0,0,8,0,0,0,0,0,0,0,0,0,0,0,0,0,0,0,0,0,0,0,0,0,10,0,0,0,1,0,0,0,0,0,0,0,0,0,0,0,0,0,11,0,0,25,1,0,0,0,0,0,0,0,92,1,1,0,0,0,0,4,0,0,8,8,0,52,244,0,0,5,190,201,6,500,0,119,80,0,0,31,0,15,0,78,16,24,9,0,2,6,1,4,31,4,18,0,8,10,0,2,3,0,0,0,0,0
2023-07-07,NV,1857,0,0,0,0,0,0,0,0,0,0,0,0,0,0,0,0,0,0,0,0,8,0,0,0,0,0,0,0,0,0,0,0,0,0,0,0,0,0,0,0,0,0,10,0,0,0,1,0,0,0,0,0,0,0,0,0,0,0,0,0,11,0,0,25,1,0,0,0,0,0,0,0,96,1,1,0,0,0,0,4,0,0,8,9,0,54,250,0,0,5,196,204,6,494,0,121,82,0,0,33,0,16,0,79,17,25,9,0,2,7,1,4,32,4,18,0,8,10,0,2,4,0,0,0,0,0
2023-07-08,NV,1884,0,0,0,0,0,0,0,0,0,0,0,0,0,0,0,0,0,0,0,0,8,0,0,0,0,0,0,0,0,0,0,0,0,0,0,0,0,0,0,0,0,0,10,0,0,0,1,0,0,0,0,0,0,0,0,0,0,0,0,0,12,0,0,26,1,0,0,0,0,0,0,0,99,1,1,0,0,0,0,4,0,0,9,9,0,57,255,0,0,5,201,205,6,488,1,122,84,0,0,34,4,16,0,81,18,25,9,0,2,7,1,5,32,4,19,0,9,11,0,2,4,0,0,0,0,0
2023-07-09,NV,1925,0,0,0,0,0,0,0,0,0,0,0,0,0,0,0,0,0,0,0,0,8,0,0,0,0,0,0,0,0,0,0,0,0,0,0,0,0,0,0,0,0,0,10,0,0,0,1,0,0,0,0,0,0,0,0,0,0,0,0,0,13,0,0,26,1,0,0,0,0,0,0,0,108,1,1,0,0,0,0,4,0,0,9,10,0,59,260,0,0,6,206,207,6,491,1,124,86,0,0,35,4,18,0,82,18,26,9,0,2,7,1,5,33,4,19,0,9,11,0,2,4,0,0,0,0,0
2023-07-10,NV,1965,0,0,0,0,0,0,0,0,0,0,0,0,0,0,0,0,0,0,0,0,9,0,0,0,0,0,0,0,0,0,0,0,0,0,0,0,0,0,0,0,0,0,11,0,0,0,1,0,0,0,0,0,0,0,0,0,0,0,0,0,14,0,0,27,1,0,0,0,0,0,0,0,117,1,1,0,0,0,0,4,0,0,9,11,0,61,266,0,0,7,210,209,7,494,2,127,88,0,0,37,4,19,0,83,19,27,9,0,2,7,1,5,33,5,19,0,9,11,0,2,4,0,0,0,0,0
2023-07-11,NV,2006,0,0,0,0,0,0,0,0,0,0,0,0,0,0,0,0,0,0,0,0,9,0,0,0,0,0,0,0,0,0,0,0,0,0,0,0,0,0,0,0,0,0,11,0,0,0,1,0,0,0,0,0,0,0,0,0,0,0,0,0,15,0,0,27,1,0,0,0,0,0,0,0,126,1,1,0,0,0,0,4,0,0,10,11,0,63,272,0,0,8,214,211,7,496,2,129,90,0,0,38,4,20,0,83,20,27,9,0,2,7,1,6,33,5,18,0,9,11,0,2,4,0,0,0,0,0
2023-07-12,NV,2047,0,0,0,0,0,0,0,0,0,0,0,0,0,0,0,0,0,0,0,0,10,0,0,0,0,0,0,0,0,0,0,0,0,0,0,0,0,0,0,0,0,0,11,0,0,0,1,0,0,0,0,0,0,0,0,0,0,0,0,0,16,0,0,28,1,0,0,0,0,0,0,0,136,1,1,0,0,0,0,3,0,0,10,12,0,65,277,0,0,9,218,212,7,499,2,131,92,0,0,39,5,22,0,84,20,28,9,0,2,8,1,6,34,5,18,0,9,10,0,2,4,0,0,0,0,0
2023-07-13,NV,2088,0,0,0,0,0,0,0,0,0,0,0,0,0,0,0,0,0,0,0,0,10,0,0,0,0,0,0,0,0,0,0,0,0,0,0,0,0,0,0,0,0,0,12,0,0,0,1,0,0,0,0,0,0,0,0,0,0,0,0,0,17,0,0,28,1,0,0,0,0,0,0,0,146,1,1,0,0,0,0,3,0,0,10,13,0,67,283,0,0,11,223,213,8,501,2,133,94,0,0,40,5,23,0,85,21,29,9,0,2,8,1,6,34,5,18,0,9,10,0,2,3,0,0,0,0,0
2023-07-14,NV,2129,0,0,0,0,0,0,0,0,0,0,0,0,0,0,0,0,0,0,0,0,11,0,0,0,0,0,0,0,0,0,0,0,0,0,0,0,0,0,0,0,0,0,12,0,0,0,1,0,0,0,0,0,0,0,0,0,0,0,0,0,18,0,0,29,1,0,0,0,0,0,0,0,156,1,1,0,0,0,0,3,0,0,11,14,0,69,288,0,0,12,227,215,8,502,3,135,96,0,0,42,5,25,0,86,22,30,9,0,2,8,1,7,34,6,17,0,9,10,0,2,3,0,0,0,0,0
2023-07-15,NV,2170,0,0,0,0,0,0,0,0,0,0,0,0,0,0,0,0,0,0,0,0,11,0,0,0,0,0,0,0,0,0,0,0,0,0,0,0,0,0,0,0,0,0,12,0,0,0,1,0,0,0,0,0,0,0,0,0,0,0,0,0,19,0,0,29,1,0,0,0,0,0,0,0,167,1,1,0,0,0,0,3,0,0,11,15,0,71,294,0,0,13,231,216,8,503,3,137,98,0,0,43,5,26,0,86,22,31,9,0,2,8,1,7,35,6,17,0,9,10,0,2,3,0,0,0,0,0
2023-07-16,NV,2203,0,0,0,0,0,0,0,0,0,0,0,0,0,0,0,0,0,0,0,0,12,0,0,0,0,0,0,0,0,0,0,0,0,0,0,0,0,0,0,0,0,0,13,0,0,0,1,0,0,0,0,0,0,0,0,0,0,0,0,0,20,0,0,29,1,0,0,0,0,0,0,0,177,1,1,0,0,0,0,3,0,0,11,16,0,73,298,0,0,14,235,216,8,503,3,139,99,0,0,44,6,27,0,87,23,31,9,0,2,9,1,8,35,6,17,0,9,10,0,2,3,0,0,0,0,0
2023-07-17,NV,2237,0,0,0,0,0,0,0,0,0,0,0,0,0,0,0,0,0,0,0,0,12,0,0,0,0,0,0,0,0,0,0,0,0,0,0,0,0,0,0,0,0,0,13,0,0,0,1,0,0,0,0,0,0,0,0,0,0,0,0,0,22,0,0,30,1,0,0,0,0,0,0,0,188,1,1,0,0,0,0,3,0,0,12,16,0,75,303,0,0,16,238,216,9,502,4,141,101,0,0,45,6,29,0,87,24,32,9,0,2,9,1,8,35,6,16,0,9,10,0,2,3,0,0,0,0,0
2023-07-18,NV,2270,0,0,0,0,0,0,0,0,0,0,0,0,0,0,0,0,0,0,0,0,13,0,0,0,0,0,0,0,0,0,0,0,0,0,0,0,0,0,0,0,0,0,13,0,0,0,1,0,0,0,0,0,0,0,0,0,0,0,0,0,23,0,0,30,1,0,0,0,0,0,0,0,199,1,1,0,0,0,0,3,0,0,12,17,0,77,308,0,0,17,242,216,9,500,4,142,103,0,0,47,6,30,0,87,24,33,9,0,2,9,1,8,35,7,16,0,9,10,0,2,3,0,0,0,0,0
2023-07-19,NV,2304,0,0,0,0,0,0,0,0,0,0,0,0,0,0,0,0,0,0,0,0,13,0,0,0,0,0,0,0,0,0,0,0,0,0,0,0,0,0,0,0,0,0,13,0,0,0,1,0,0,0,0,0,0,0,0,0,0,0,0,0,24,0,0,31,1,0,0,0,0,0,0,0,210,1,1,0,0,0,0,3,0,0,13,18,0,79,312,0,0,19,245,216,9,499,4,144,104,0,0,48,6,32,0,88,25,33,9,0,2,9,1,9,35,7,15,0,9,10,0,2,3,0,0,0,0,0
2023-07-20,NV,2337,0,0,0,0,0,0,0,0,0,0,0,0,0,0,0,0,0,0,0,0,14,0,0,0,0,0,0,0,0,0,0,0,0,0,0,0,0,0,0,0,0,0,14,0,0,0,1,0,0,0,0,0,0,0,0,0,0,0,0,0,25,0,0,31,1,0,0,0,0,0,0,0,221,1,1,0,0,0,0,3,0,0,13,19,0,81,317,0,0,20,249,216,10,497,5,146,106,0,0,49,7,33,0,88,25,34,9,0,2,10,1,9,35,7,15,0,9,9,0,2,3,0,0,0,0,0
2023-07-21,NV,2371,0,0,0,0,0,0,0,0,0,0,0,0,0,0,0,0,0,0,0,0,14,0,0,0,0,0,0,0,0,0,0,0,0,0,0,0,0,0,0,0,0,0,14,0,0,0,1,0,0,0,0,0,0,0,0,0,0,0,0,0,27,0,0,31,1,0,0,0,0,0,0,0,233,1,1,0,0,0,0,3,0,0,13,20,0,83,321,0,0,22,252,216,10,495,5,147,108,0,0,50,7,35,0,88,26,35,9,0,1,10,1,10,36,7,14,0,9,9,0,1,3,0,0,0,0,0
2023-07-22,NV,2404,0,0,0,0,0,0,0,0,0,0,0,0,0,0,0,0,0,0,0,0,15,0,0,0,0,0,0,0,0,0,0,0,0,0,0,0,0,0,0,0,0,0,14,0,0,0,1,0,0,0,0,0,0,0,0,0,0,0,0,0,28,0,0,32,1,0,0,0,0,0,0,0,245,1,1,0,0,0,0,3,0,0,14,21,0,85,326,0,0,23,255,215,10,493,5,149,109,0,0,52,7,37,0,88,27,36,9,0,1,10,1,10,36,8,14,0,9,9,0,1,3,0,0,0,0,0
2023-07-23,NV,2476,0,0,0,0,0,0,0,0,0,0,0,0,0,0,0,0,0,0,0,0,16,0,0,0,0,0,0,0,0,0,0,0,0,0,0,0,0,0,0,0,0,0,15,0,0,0,1,0,0,0,0,0,0,0,0,0,0,0,0,0,30,0,0,32,1,0,0,0,0,0,0,0,261,1,1,0,0,0,0,3,0,0,14,22,0,89,336,0,0,25,263,218,11,498,6,153,113,0,0,54,7,39,0,90,28,37,9,0,1,10,1,11,36,8,13,0,9,9,0,1,3,0,0,0,0,0
2023-07-24,NV,2549,0,0,0,0,0,0,0,0,0,0,0,0,0,0,0,0,0,0,0,0,16,0,0,0,0,0,0,0,0,0,0,0,0,0,0,0,0,0,0,0,0,0,15,0,0,0,1,0,0,0,0,0,0,0,0,0,0,0,0,0,32,0,0,33,1,0,0,0,0,0,0,0,277,1,1,0,0,0,0,2,0,0,15,24,0,93,346,0,0,27,271,221,11,503,6,157,116,0,0,56,8,41,0,91,29,38,9,0,1,11,1,12,37,9,13,0,9,9,0,1,3,0,0,0,0,0
2023-07-25,NV,2621,0,0,0,0,0,0,0,0,0,0,0,0,0,0,0,0,0,0,0,0,17,0,0,0,0,0,0,0,0,0,0,0,0,0,0,0,0,0,0,0,0,0,16,0,0,0,1,0,0,0,0,0,0,0,0,0,0,0,0,0,33,0,0,34,1,0,0,0,0,0,0,0,294,1,1,0,0,0,0,2,0,0,16,25,0,96,356,0,0,29,278,224,12,507,7,161,120,0,0,58,8,44,0,93,30,40,9,0,1,11,1,12,38,9,12,0,9,9,0,1,3,0,0,0,0,0
2023-07-26,NV,2694,0,0,0,0,0,0,0,0,0,0,0,0,0,0,0,0,0,0,0,0,18,0,0,0,0,0,0,0,0,0,0,0,0,0,0,0,0,0,0,0,0,0,17,0,0,0,2,0,0,0,0,0,0,0,0,0,0,0,0,0,35,0,0,35,1,0,0,0,0,0,0,0,312,1,1,0,0,0,0,2,0,1,16,27,0,100,366,0,0,31,286,226,12,510,7,165,123,0,0,61,9,46,0,94,31,41,9,0,1,12,1,13,38,9,12,1,9,9,0,1,3,0,0,0,0,0
2023-07-27,NV,2766,0,0,0,0,0,0,0,0,0,0,0,0,0,0,0,0,0,0,0,0,19,0,0,0,0,0,0,0,0,0,0,0,0,0,0,0,0,0,0,0,0,0,17,0,0,0,2,0,0,0,0,0,0,0,0,0,0,0,0,0,37,0,0,36,1,0,0,0,0,0,0,0,330,1,1,0,0,0,0,2,0,1,17,28,0,104,375,0,0,33,293,228,13,513,8,169,127,0,0,63,9,49,0,95,33,43,9,0,1,12,1,14,39,10,11,1,9,9,0,1,3,0,0,0,0,0
2023-07-28,NV,2839,0,0,0,0,0,0,0,0,0,0,0,0,0,0,0,0,0,0,0,0,20,0,0,0,0,0,0,0,0,0,0,0,0,0,0,0,0,0,0,0,0,0,18,0,0,0,2,0,0,0,0,0,0,0,0,0,0,0,0,0,40,0,0,37,1,0,0,0,0,0,0,0,349,1,1,0,0,0,0,2,0,1,18,30,0,107,385,0,0,36,301,230,14,516,8,172,130,0,0,65,10,51,0,96,34,44,9,0,1,13,1,14,39,10,11,1,9,8,0,1,2,0,0,0,0,0
2023-07-29,NV,2911,0,0,0,0,0,0,0,0,0,0,0,0,0,0,0,0,0,0,0,0,21,0,0,0,0,0,0,0,0,0,0,0,0,0,0,0,0,0,0,0,0,0,18,0,0,0,2,0,0,0,0,0,0,0,0,0,0,0,0,0,42,0,0,38,1,0,0,0,0,0,0,0,368,1,1,0,0,0,0,2,0,1,18,31,0,111,395,0,0,38,309,232,14,517,9,176,134,0,0,68,10,54,0,98,35,46,9,0,1,13,1,15,40,11,10,1,9,8,0,1,2,0,0,0,0,0
2023-07-30,NV,2994,0,0,0,0,0,0,0,0,0,0,0,0,0,0,0,0,0,0,0,0,22,0,0,0,0,0,1,0,0,0,0,0,0,0,0,0,0,0,0,0,0,0,19,0,0,0,2,0,0,0,0,0,0,0,0,0,0,0,0,0,44,0,0,39,1,0,0,0,0,0,0,0,390,1,1,0,0,0,0,2,0,1,19,33,0,116,407,0,0,41,317,235,15,521,9,181,138,0,0,70,11,57,0,99,36,47,9,0,1,14,1,16,40,11,9,1,9,8,0,1,2,0,0,0,0,0
2023-07-31,NV,3077,0,0,0,0,0,0,0,0,0,0,0,0,0,0,0,0,0,0,0,0,23,0,0,0,0,0,1,0,0,0,0,0,0,0,0,0,0,0,0,0,0,0,20,0,0,0,2,0,0,0,0,0,0,0,0,0,0,0,0,0,46,0,0,40,1,0,0,0,0,0,0,0,411,1,1,0,0,0,0,2,0,1,20,35,0,120,418,0,0,43,326,237,15,523,10,185,142,0,0,73,11,60,0,100,38,49,9,0,1,14,1,17,41,12,9,1,9,8,0,1,2,0,0,0,0,0
2023-08-01,NV,3160,0,0,0,0,0,0,0,0,0,0,0,0,0,0,0,0,0,0,0,0,24,0,0,0,0,0,1,0,0,0,0,0,0,0,0,0,0,0,0,0,0,0,20,0,0,0,2,0,0,0,0,0,0,0,0,0,0,0,0,0,49,0,0,41,1,0,0,0,0,0,0,0,434,1,1,0,0,0,0,1,0,1,21,37,0,125,429,0,0,46,335,239,16,525,10,189,146,0,0,76,12,63,0,102,39,51,9,0,1,15,1,18,42,12,8,1,9,8,0,1,2,0,0,0,0,0
2023-08-02,NV,3243,0,0,0,0,0,0,0,0,0,0,0,0,0,0,0,0,0,0,0,0,25,0,0,0,0,0,1,0,0,0,0,0,0,0,0,0,0,0,0,0,0,0,21,0,0,0,2,0,0,0,0,0,0,0,0,0,0,0,0,0,52,0,0,41,1,0,0,0,0,0,0,0,457,1,1,0,0,0,0,1,0,1,21,39,0,129,441,0,0,49,343,240,17,526,11,194,150,0,0,78,12,66,0,103,41,52,9,0,1,15,1,19,42,13,7,1,9,7,0,1,2,0,0,0,0,0
2023-08-03,NV,3326,0,0,0,0,0,0,0,0,0,0,0,0,0,0,0,0,0,0,0,0,26,0,0,0,0,0,1,0,0,0,0,0,0,0,0,0,0,0,0,0,0,0,22,0,0,0,2,0,0,0,0,0,0,0,0,0,0,0,0,0,54,0,0,42,1,0,0,0,0,0,0,0,480,1,1,0,0,0,0,1,0,1,22,40,0,134,452,0,0,52,352,242,17,526,12,198,154,0,0,81,13,70,0,104,42,54,9,0,1,16,1,20,43,13,6,1,9,7,0,1,2,0,0,0,0,0
2023-08-04,NV,3409,0,0,0,0,0,0,0,0,0,0,0,0,0,0,0,0,0,0,0,0,27,0,0,0,0,0,1,0,0,0,0,0,0,0,0,0,0,0,0,0,0,0,23,0,0,0,2,0,0,0,0,0,0,0,0,0,0,0,0,0,57,0,0,43,1,0,0,0,0,0,0,0,504,1,1,0,0,0,0,1,0,1,23,42,0,138,463,0,0,55,360,243,18,526,12,202,158,0,0,84,13,73,0,105,44,56,9,0,1,16,1,20,43,14,5,1,9,7,0,1,2,0,0,0,0,0
2023-08-05,NV,3492,0,0,0,0,0,0,0,0,0,0,0,0,0,0,0,0,0,0,0,0,28,0,0,0,0,0,1,0,0,0,0,0,0,0,0,0,0,0,0,0,0,0,23,0,0,0,2,0,0,0,0,0,0,0,0,0,0,0,0,0,59,0,0,44,1,0,0,0,0,0,0,0,527,1,1,0,0,0,0,1,0,1,24,44,0,143,473,0,1,58,368,243,19,523,13,206,161,0,9,87,14,76,1,106,45,57,9,2,1,17,1,21,43,14,4,1,9,7,0,1,1,0,0,0,0,0
2023-08-06,NV,3596,0,0,0,0,0,0,0,0,0,0,0,0,0,0,0,0,0,0,0,0,29,0,0,0,0,0,1,0,0,0,0,0,0,0,0,0,0,0,0,0,0,0,26,0,0,0,3,0,0,0,0,0,0,0,0,0,0,0,0,0,61,0,0,45,2,0,0,0,0,0,0,0,554,1,1,0,0,0,0,1,0,1,25,47,0,149,483,0,1,63,377,246,20,530,14,212,165,0,10,90,14,79,1,107,46,58,9,2,1,17,2,21,45,15,4,1,10,7,1,0,0,0,0,0,0,0
2023-08-07,NV,3699,0,0,0,0,0,0,0,0,0,0,0,0,0,0,0,0,0,0,0,0,29,0,0,0,0,0,1,0,0,0,0,0,0,0,0,0,0,0,0,0,0,0,29,0,0,0,3,0,0,0,0,0,0,0,0,0,0,0,0,0,64,0,0,45,2,0,0,0,0,0,0,0,581,1,1,0,0,0,0,1,0,1,27,50,0,156,493,0,1,69,386,249,21,536,16,219,170,0,11,93,15,81,1,108,47,59,9,2,1,17,2,22,46,15,5,1,10,7,1,0,0,0,0,0,0,0
2023-08-08,NV,3802,0,0,0,0,0,0,0,0,0,0,0,0,0,0,0,0,0,0,0,0,30,0,0,0,0,0,1,0,0,0,0,1,0,0,0,0,0,0,0,0,0,0,32,0,0,0,3,0,0,0,0,0,0,0,0,0,0,0,0,0,66,0,0,45,2,0,0,0,0,0,0,0,608,1,1,0,0,0,0,1,0,1,28,53,0,163,503,0,1,74,395,251,23,541,18,225,174,0,12,97,15,84,2,109,48,60,9,2,1,17,2,22,47,15,5,1,10,7,1,0,0,0,0,0,0,0
2023-08-09,NV,3906,0,0,0,0,0,0,0,0,0,0,0,0,0,0,0,0,0,0,0,0,30,0,0,0,0,0,1,0,0,0,0,1,0,0,0,0,0,0,0,0,0,0,35,0,0,0,3,0,0,0,0,0,0,0,0,0,0,0,0,0,68,0,0,45,2,0,0,0,0,0,0,0,637,1,1,0,0,0,0,1,0,1,30,56,0,171,513,0,1,80,404,254,24,545,19,232,178,0,13,100,16,87,2,109,49,61,10,2,1,17,2,22,48,16,5,1,11,7,1,0,0,0,0,0,0,0
2023-08-10,NV,4009,0,0,0,0,0,0,0,0,0,0,0,0,0,0,0,0,0,0,0,0,30,0,0,0,0,0,1,0,0,0,0,1,0,0,0,0,0,0,0,0,0,0,39,0,0,0,3,0,0,0,0,0,0,0,0,0,0,0,0,0,70,0,0,45,2,0,0,0,0,0,0,0,665,1,1,0,0,0,0,1,0,1,31,59,0,178,522,0,1,86,412,255,25,550,21,238,182,0,14,103,16,89,3,110,50,62,10,2,1,18,2,21,49,16,5,1,11,7,1,0,0,0,0,0,0,0
2023-08-11,NV,4113,0,0,0,0,0,0,0,0,0,0,0,0,0,0,0,0,0,0,0,0,31,0,0,0,0,0,1,0,0,0,0,1,0,0,0,0,0,0,0,0,0,0,42,0,0,0,3,0,0,0,0,0,0,0,0,0,0,0,0,0,72,0,0,45,2,0,0,0,0,0,0,0,695,1,1,0,0,0,0,1,0,1,33,62,0,186,531,0,1,92,421,257,27,553,23,245,186,0,14,107,17,92,3,110,51,63,10,2,1,18,2,21,50,16,5,1,11,7,1,0,0,0,0,0,0,0
2023-08-12,NV,4216,0,0,0,0,0,0,0,0,0,0,0,0,0,0,0,0,0,0,0,0,31,0,0,0,0,0,1,0,0,0,0,1,0,0,0,0,0,0,0,0,0,0,46,0,0,0,3,0,0,0,0,0,0,0,0,0,0,0,0,0,74,0,0,45,2,0,0,0,0,0,0,0,725,1,1,0,0,0,0,1,0,1,34,66,0,193,540,0,1,99,429,259,28,556,25,252,189,0,15,110,17,95,3,111,52,64,10,2,1,18,2,21,50,16,5,1,11,7,1,0,0,0,0,0,0,0
2023-08-13,NV,4256,0,0,0,0,0,0,0,0,0,0,0,0,0,0,0,0,0,0,0,0,31,0,0,0,0,0,1,0,0,0,0,1,0,0,0,0,0,0,0,0,0,0,49,0,0,0,3,0,0,0,0,0,0,0,0,0,0,0,0,0,75,0,0,45,2,0,0,0,0,0,0,0,745,1,1,0,0,0,0,1,0,1,36,68,0,198,541,0,1,104,431,256,29,550,26,254,190,0,16,112,17,96,4,109,52,64,10,2,1,18,2,21,51,16,5,1,11,7,1,0,0,0,0,0,0,0
2023-08-14,NV,4297,0,0,0,0,0,0,0,0,0,0,0,0,0,0,0,0,0,0,0,0,31,0,0,0,0,0,1,0,0,0,0,1,0,0,0,0,0,0,0,0,0,0,52,0,0,0,3,0,0,0,0,0,0,0,0,0,0,0,0,0,77,0,0,44,2,0,0,0,0,0,0,0,765,1,1,0,0,0,0,1,0,1,37,70,0,203,542,0,1,109,433,253,30,545,28,257,192,0,17,114,17,98,4,108,52,63,10,2,1,18,2,20,51,16,5,1,12,6,1,0,0,0,0,0,0,0
2023-08-15,NV,4337,0,0,0,0,0,0,0,0,0,0,0,0,0,0,0,0,0,0,0,0,31,0,0,0,0,0,1,0,0,0,0,1,0,0,0,0,0,0,0,0,0,0,55,0,0,0,3,0,0,0,0,0,0,0,0,0,0,0,0,0,78,0,0,43,2,0,0,0,0,0,0,0,785,1,1,0,0,0,0,1,0,1,38,73,0,208,542,0,1,115,435,251,32,539,29,260,193,0,18,116,18,99,5,107,52,63,10,2,1,18,2,20,51,16,5,1,12,6,1,0,0,0,0,0,0,0
2023-08-16,NV,4378,0,0,0,0,0,0,0,0,0,0,0,0,0,0,0,0,0,0,0,0,31,0,0,0,0,0,1,0,0,0,0,1,0,0,0,0,0,0,0,0,0,0,58,0,0,0,3,0,0,0,0,0,0,0,0,0,0,0,0,0,79,0,0,42,2,0,0,0,0,0,0,0,805,1,1,0,0,0,0,1,0,1,39,75,0,213,543,0,1,120,437,248,33,532,31,263,194,0,18,118,18,100,5,105,53,63,10,2,1,17,2,19,51,16,6,1,12,6,1,0,0,0,0,0,0,0
2023-08-17,NV,4418,0,0,0,0,0,0,0,0,0,0,0,0,0,0,0,0,0,0,0,0,30,0,0,0,0,0,1,0,0,0,0,1,0,0,0,0,0,0,0,0,0,0,62,0,0,0,3,0,0,0,0,0,0,0,0,0,0,0,0,0,80,0,0,41,2,0,0,0,0,0,0,0,826,1,1,0,0,0,0,1,0,1,40,78,0,218,543,0,1,125,438,245,34,526,32,266,195,0,19,119,18,102,5,103,53,63,10,2,1,17,2,19,51,16,6,1,12,6,1,0,0,0,0,0,0,0
2023-08-18,NV,4459,0,0,0,0,0,0,0,0,0,0,0,0,0,0,0,0,0,0,0,0,30,0,0,0,0,0,1,0,0,0,0,1,0,0,0,0,0,0,0,0,0,0,65,0,0,0,3,0,0,0,0,0,0,0,0,0,0,0,0,0,81,0,0,41,2,0,0,0,0,0,0,0,847,1,1,0,0,0,0,1,0,1,41,80,0,223,544,0,1,131,440,242,35,519,34,269,196,0,20,121,18,103,6,102,53,62,10,2,1,17,2,18,52,16,6,1,12,6,1,0,0,0,0,0,0,0
2023-08-19,NV,4499,0,0,0,0,0,0,0,0,0,0,0,0,0,0,0,0,0,0,0,0,30,0,0,0,0,0,1,0,0,0,0,1,0,0,0,0,0,0,0,0,0,0,68,0,0,0,3,0,0,0,0,0,0,0,0,0,0,0,0,0,82,0,0,40,2,0,0,0,0,0,0,0,868,1,1,0,0,0,0,1,0,1,43,83,0,229,544,0,1,136,442,238,36,512,36,272,196,0,21,123,18,105,6,100,53,62,10,2,1,17,2,18,52,16,6,1,12,6,1,0,0,0,0,0,0,0
2023-08-20,NV,4539,0,0,0,0,0,0,0,0,0,0,0,0,0,0,0,0,0,0,0,0,30,0,0,0,0,0,1,0,0,0,0,1,0,0,0,0,0,0,0,0,0,0,71,0,0,0,3,0,0,0,0,0,0,0,0,0,0,0,0,0,83,0,0,39,2,0,0,0,0,0,0,0,890,2,1,0,0,0,0,1,0,1,44,85,0,234,544,0,1,142,444,235,37,505,37,275,197,0,22,125,19,106,7,98,53,62,10,2,1,17,2,17,52,16,6,1,12,6,1,0,0,0,0,0,0,0
2023-08-21,NV,4580,0,0,0,0,0,0,0,0,0,0,0,0,0,0,0,0,0,0,0,0,30,0,0,0,0,0,1,0,0,0,0,1,0,0,0,0,0,0,0,0,0,0,75,0,0,0,3,0,0,0,0,0,0,0,0,0,0,0,0,0,85,0,0,38,2,0,0,0,0,0,0,0,911,2,1,0,0,0,0,1,0,1,45,88,0,239,544,0,2,148,445,232,39,498,39,278,198,0,22,127,19,107,7,97,53,62,10,2,1,16,2,17,52,16,6,1,12,6,1,0,0,0,0,0,0,0
2023-08-22,NV,4620,0,0,0,0,0,0,0,0,0,0,0,0,0,0,0,0,0,0,0,0,30,0,0,0,0,0,1,0,0,0,0,1,0,0,0,0,0,0,0,0,0,0,78,0,0,0,3,0,0,0,0,0,0,0,0,0,0,0,0,0,86,0,0,37,2,0,0,0,0,0,0,0,933,2,1,0,0,0,0,1,0,1,46,91,0,245,544,0,2,154,447,228,40,490,41,281,199,0,23,129,19,109,8,95,53,61,10,1,1,16,2,16,52,16,6,1,13,5,1,0,0,0,0,0,0,0
2023-08-23,NV,4660,0,0,0,0,0,0,0,0,0,0,0,0,0,0,0,0,0,0,0,0,29,0,0,0,0,0,1,0,0,0,0,1,0,0,0,0,0,0,0,0,0,0,82,0,0,0,3,0,0,0,0,0,0,0,0,0,0,0,0,0,87,0,0,36,2,0,0,0,0,0,0,0,955,2,1,0,0,0,0,1,0,1,48,93,0,250,544,0,2,160,448,225,41,482,43,284,200,0,24,131,19,110,8,93,53,61,10,1,1,16,2,16,52,16,6,1,13,5,1,0,0,0,0,0,0,0
2023-08-24,NV,4700,0,0,0,0,0,0,0,0,0,0,0,0,0,0,0,0,0,0,0,0,29,0,0,0,0,0,1,0,0,0,0,1,0,0,0,0,0,0,0,0,0,0,85,0,0,0,3,0,0,0,0,0,0,0,0,0,0,0,0,0,88,0,0,35,2,0,0,0,0,0,0,0,978,2,1,0,0,0,0,1,0,1,49,96,0,256,544,0,2,166,450,221,42,474,44,287,201,0,25,133,20,112,9,91,54,61,10,1,1,16,2,15,52,16,6,1,13,5,1,0,0,0,0,0,0,0
2023-08-25,NV,4740,0,0,0,0,0,0,0,0,0,0,0,0,0,0,0,0,0,0,0,0,29,0,0,0,0,0,1,0,0,0,0,1,0,0,0,0,0,0,0,0,0,0,89,0,0,0,3,0,0,0,0,0,0,0,0,0,0,0,0,0,89,0,0,34,2,0,0,0,0,0,0,0,1000,2,1,0,0,0,0,1,0,1,50,99,0,261,543,0,2,172,451,217,44,466,46,290,202,0,26,135,20,113,9,89,54,60,10,1,1,16,2,15,53,16,6,1,13,5,1,0,0,0,0,0,0,0
2023-08-26,NV,4780,0,0,0,0,0,0,0,0,0,0,0,0,0,0,0,0,0,0,0,0,29,0,0,0,0,0,1,0,0,0,0,1,0,0,0,0,0,0,0,0,0,0,93,0,0,0,3,0,0,0,0,0,0,0,0,0,0,0,0,0,90,0,0,33,2,0,0,0,0,0,0,0,1023,2,1,0,0,0,0,1,0,1,52,102,0,267,543,0,2,178,452,213,45,458,48,292,203,0,27,137,20,115,9,87,54,60,10,1,1,15,2,14,53,16,6,1,13,5,1,0,0,0,0,0,0,0
2023-08-27,NV,4883,0,0,0,0,0,0,0,0,0,0,0,0,0,0,0,0,0,0,0,0,29,0,0,0,0,0,1,0,0,0,0,1,0,0,0,0,0,0,0,0,0,0,98,0,0,0,3,0,0,0,0,0,0,0,0,0,0,0,0,0,93,0,0,32,2,0,0,0,0,0,0,0,1060,2,1,0,0,0,0,1,0,1,54,106,0,276,549,0,2,187,460,212,47,455,50,299,206,0,28,141,21,118,10,86,55,60,11,1,1,15,2,14,54,16,6,1,13,5,1,0,0,0,0,0,0,0
2023-08-28,NV,4985,0,0,0,0,0,0,0,0,0,0,0,0,0,0,0,0,0,0,0,0,29,0,0,0,0,0,1,0,0,0,0,1,0,0,0,0,0,0,0,0,0,0,103,0,0,0,3,0,0,0,0,0,0,0,0,0,0,0,0,0,95,0,0,32,2,0,0,0,0,0,0,0,1097,2,1,0,0,0,0,1,0,1,56,110,0,285,556,0,2,195,467,211,49,452,53,306,210,0,29,145,21,121,11,85,55,61,11,1,1,15,2,13,54,16,6,1,14,5,1,0,0,0,0,0,0,0
2023-08-29,NV,5087,0,0,0,0,0,0,0,0,0,0,0,0,0,0,0,0,0,0,0,0,29,0,0,0,0,0,1,0,0,0,0,1,0,0,0,0,0,0,0,0,0,0,108,0,0,0,3,0,0,0,0,0,0,0,0,0,0,0,0,0,98,0,0,31,3,0,0,0,0,0,0,0,1135,2,1,0,0,0,0,1,0,1,58,114,0,295,562,0,2,204,474,209,51,448,56,313,213,0,31,149,22,124,11,84,56,61,11,1,1,15,2,13,55,16,7,1,14,4,1,0,0,0,0,0,0,0
2023-08-30,NV,5189,0,0,0,0,0,0,0,0,0,0,0,0,0,0,0,0,0,0,0,0,29,0,0,0,0,0,1,0,0,0,0,1,0,0,0,0,0,0,0,0,0,0,113,0,0,0,3,0,0,0,0,0,0,0,0,0,0,0,0,0,100,0,0,30,3,0,0,0,0,0,0,0,1173,2,1,0,0,0,0,1,0,1,60,119,0,304,568,0,2,214,481,207,53,443,58,320,216,0,32,153,22,127,12,83,57,61,11,1,1,15,2,12,56,17,7,1,14,4,1,0,0,0,0,0,0,0
2023-08-31,NV,5291,0,0,0,0,0,0,0,0,0,0,0,0,0,0,0,0,0,0,0,0,29,0,0,0,0,0,1,0,0,0,0,1,0,0,0,0,0,0,0,0,0,0,119,0,0,0,3,0,0,0,0,0,0,0,0,0,0,0,0,0,103,0,0,29,3,0,0,0,0,0,0,0,1212,2,1,0,0,0,0,1,0,1,62,123,0,314,573,0,2,223,487,205,55,438,61,327,220,0,33,157,23,130,13,81,57,62,11,1,1,15,2,11,57,17,7,1,14,4,1,0,0,0,0,0,0,0
2023-09-01,NV,5394,0,0,0,0,0,0,0,0,0,0,0,0,0,0,0,0,0,0,0,0,29,0,0,0,0,0,1,0,0,0,0,1,0,0,0,0,0,0,0,0,0,0,124,0,0,0,3,0,0,0,0,0,0,0,0,0,0,0,0,0,105,0,0,28,3,0,0,0,0,0,0,0,1252,2,1,0,0,0,0,1,0,1,64,128,0,324,579,0,2,233,494,202,57,433,64,333,223,0,35,161,23,133,13,80,58,62,11,1,1,15,2,11,57,17,7,1,15,4,1,0,0,0,0,0,0,0
2023-09-02,NV,5496,0,0,0,0,0,0,0,0,0,0,0,0,0,0,0,0,0,0,0,0,29,0,0,0,0,0,1,0,0,0,0,1,0,0,0,0,0,0,0,0,0,0,130,0,0,0,3,0,0,0,0,0,0,0,0,0,0,0,0,0,107,0,0,27,3,0,0,0,0,0,0,0,1288,2,1,0,0,0,0,1,2,1,66,132,6,333,582,1,2,242,499,199,59,426,66,339,225,9,36,164,23,135,14,78,59,62,11,1,1,15,2,10,58,17,7,1,15,4,1,0,0,0,0,0,0,0
2023-09-03,NV,5494,0,0,0,0,0,0,0,0,0,0,0,0,0,0,0,0,0,0,0,0,30,0,0,0,0,0,1,0,0,0,0,1,0,0,0,0,0,0,0,0,0,0,140,0,0,0,3,0,0,0,0,0,0,0,0,0,0,0,0,0,106,0,0,28,3,0,0,0,0,0,0,0,1295,2,1,0,0,0,0,1,2,1,66,133,8,338,572,1,4,246,493,196,58,418,67,334,225,10,37,161,23,135,15,77,58,62,11,1,1,15,2,10,57,17,7,1,15,4,0,0,0,0,0,0,0,0
2023-09-04,NV,5493,0,0,0,0,0,0,0,0,0,0,0,0,0,0,0,0,0,0,0,0,30,0,0,0,0,0,1,0,0,0,0,1,0,0,0,0,0,0,0,0,0,0,151,0,0,0,3,0,0,0,0,0,0,0,0,0,0,0,0,0,105,0,0,28,3,0,0,0,0,0,0,0,1301,2,1,0,0,0,0,1,2,1,66,134,11,343,563,1,5,251,486,194,58,410,68,329,224,11,39,158,23,135,17,76,57,62,11,1,1,15,2,10,56,17,7,1,14,4,0,0,0,0,0,0,0,0
2023-09-05,NV,5492,0,0,0,0,0,0,0,0,0,0,0,0,0,0,0,0,0,0,0,0,31,0,0,0,0,0,1,0,0,0,0,1,0,0,0,0,0,0,0,0,0,0,162,0,0,0,3,0,0,0,0,0,0,0,0,0,0,0,0,0,104,0,0,29,3,0,0,0,0,0,0,0,1308,2,1,0,0,0,0,1,3,1,65,135,14,348,553,1,6,256,480,192,58,403,69,324,224,13,40,156,23,135,18,75,56,63,10,1,1,15,2,10,56,17,7,1,14,4,0,0,0,0,0,0,0,0
2023-09-06,NV,5490,0,0,0,0,0,0,0,0,0,0,0,0,0,0,0,0,0,0,0,0,31,0,0,0,0,0,1,0,0,0,0,1,0,0,0,0,0,0,0,0,0,0,173,0,0,0,3,0,0,0,0,0,0,0,0,0,0,0,0,0,103,0,0,29,3,0,0,0,0,0,0,0,1314,2,1,0,0,0,0,1,3,1,65,136,17,353,543,1,8,260,474,190,57,395,70,319,223,14,42,153,23,134,19,74,55,63,10,1,1,15,2,10,55,17,7,1,14,3,0,0,0,0,0,0,0,0
2023-09-07,NV,5489,0,0,0,0,0,0,0,0,0,0,0,0,0,0,0,0,0,0,0,0,32,0,0,0,0,0,1,0,0,0,0,2,0,0,0,0,0,0,0,0,0,0,183,0,0,0,3,0,0,0,0,0,0,0,0,0,0,0,0,0,102,0,0,30,3,0,0,0,0,0,0,0,1321,2,1,0,0,0,0,1,3,1,64,137,20,358,533,2,9,265,467,187,57,388,71,314,223,15,43,150,23,134,20,73,53,63,10,1,1,15,2,9,54,16,6,1,14,3,0,0,0,0,0,0,0,0
2023-09-08,NV,5487,0,0,0,0,0,0,0,0,0,0,0,0,0,0,0,0,0,0,0,0,32,0,0,0,0,0,1,0,0,0,0,2,0,0,0,0,0,0,0,0,0,0,194,0,0,0,3,0,0,0,0,0,0,0,0,0,0,0,0,0,101,0,0,30,3,0,0,0,0,0,0,0,1327,2,1,0,0,0,0,1,4,1,64,138,22,363,524,2,10,270,461,185,57,380,72,309,222,16,44,147,23,134,21,72,52,63,9,1,1,15,2,9,54,16,6,1,13,3,0,0,0,0,0,0,0,0
2023-09-09,NV,5486,0,0,0,0,0,0,0,0,0,0,0,0,0,0,0,0,0,0,0,0,33,0,0,0,0,0,1,0,0,0,0,2,0,0,0,0,0,0,0,0,0,0,205,0,0,0,3,0,0,0,0,0,0,0,0,0,0,0,0,0,100,0,0,31,3,0,0,0,0,0,0,0,1334,2,1,0,0,0,0,1,4,1,63,139,25,368,514,2,12,274,455,183,56,373,73,304,222,17,46,144,23,133,23,72,51,64,9,1,1,15,2,9,53,16,6,1,13,3,0,0,0,0,0,0,0,0
2023-09-10,NV,5415,0,0,0,0,0,0,0,0,0,0,0,0,0,0,0,0,0,0,0,0,33,0,0,0,0,0,1,0,0,0,0,2,0,0,0,0,0,0,0,0,0,0,213,0,0,0,3,0,0,0,0,0,0,0,0,0,0,0,0,0,98,0,0,31,3,0,0,0,0,0,0,0,1323,2,1,0,0,0,0,1,4,1,62,138,28,368,498,2,13,275,443,178,55,360,73,295,218,18,47,140,23,131,24,70,50,63,9,2,1,15,2,9,52,16,6,1,13,3,0,0,0,0,0,0,0,0
2023-09-11,NV,5343,0,0,0,0,0,0,0,0,0,0,0,0,0,0,0,0,0,0,0,0,33,0,0,0,0,0,1,0,0,0,0,2,0,0,0,0,0,0,0,0,0,0,221,0,0,0,3,0,0,0,0,0,0,0,0,0,0,0,0,0,96,0,0,31,3,0,0,0,0,0,0,0,1313,2,1,0,0,0,0,1,4,1,61,138,30,368,482,2,14,276,431,174,54,348,73,286,215,18,47,135,22,129,24,68,48,63,8,2,1,15,2,9,50,16,6,1,12,3,0,0,0,0,0,0,0,0
2023-09-12,NV,5272,0,0,0,0,0,0,0,0,0,0,0,0,0,0,0,0,0,0,0,0,33,0,0,0,0,0,1,0,0,0,0,2,0,0,0,0,0,0,0,0,0,0,228,0,0,0,3,0,0,0,0,0,0,0,0,0,0,0,0,0,94,0,0,31,3,0,0,0,0,0,0,0,1302,2,1,0,0,0,0,1,5,1,60,137,32,368,466,2,15,277,419,169,53,336,73,278,212,19,48,131,22,127,25,66,46,62,8,2,1,14,2,8,49,15,6,1,12,3,0,0,0,0,0,0,0,0
2023-09-13,NV,5200,0,0,0,0,0,0,0,0,0,0,0,0,0,0,0,0,0,0,0,0,34,0,0,0,0,0,1,0,0,0,0,2,0,0,0,0,0,0,0,0,0,0,235,0,0,0,3,0,0,0,0,0,0,0,0,0,0,0,0,0,92,0,0,31,3,0,0,0,0,0,0,0,1291,2,1,0,0,0,0,1,5,1,58,136,35,368,451,2,16,278,408,165,52,325,73,269,208,20,49,126,21,125,26,64,45,61,8,2,1,14,2,8,48,15,5,1,11,3,0,0,0,0,0,0,0,0
2023-09-14,NV,5129,0,0,0,0,0,0,0,0,0,0,0,0,0,0,0,0,0,0,0,0,34,0,0,0,0,0,1,0,0,0,0,2,0,0,0,0,0,0,0,0,0,0,242,0,0,0,3,0,0,0,0,0,0,0,0,0,0,0,0,0,89,0,0,31,3,0,0,0,0,0,0,0,1279,2,1,0,0,0,0,1,5,1,57,135,37,368,435,2,17,278,396,161,51,313,73,261,205,21,49,122,21,123,27,63,43,61,7,2,1,14,2,8,46,15,5,1,11,2,0,0,0,0,0,0,0,0
2023-09-15,NV,5058,0,0,0,0,0,0,0,0,0,0,0,0,0,0,0,0,0,0,0,0,34,0,0,0,0,0,1,0,0,0,0,2,0,0,0,0,0,0,0,0,0,0,249,0,0,0,3,0,0,0,0,0,0,0,0,0,0,0,0,0,87,0,0,31,3,0,0,0,0,0,0,0,1268,2,1,0,0,0,0,1,5,1,56,134,39,367,420,2,18,279,385,156,50,302,73,253,202,21,50,118,21,121,28,61,42,60,7,2,1,14,2,7,45,15,5,1,11,2,0,0,0,0,0,0,0,0
2023-09-16,NV,4986,0,0,0,0,0,0,0,0,0,0,0,0,0,0,0,0,0,0,0,0,34,0,0,0,0,0,1,0,0,0,0,3,0,0,0,0,0,0,0,0,0,0,255,0,0,0,3,0,0,0,0,0,0,0,0,0,0,0,0,0,85,0,0,31,3,0,0,0,0,0,0,0,1256,2,1,0,0,0,0,1,6,1,55,133,41,367,406,3,19,279,374,152,49,291,72,244,198,22,51,113,20,119,28,59,40,60,6,2,1,14,2,7,44,14,5,1,10,2,0,0,0,0,0,0,0,0
2023-09-17,NV,4893,0,0,0,0,0,0,0,0,0,0,0,0,0,0,0,0,0,0,0,0,34,0,0,0,0,0,1,0,0,0,0,3,0,0,0,0,0,0,0,0,0,0,260,0,0,0,3,0,0,0,0,0,0,0,0,0,0,0,0,0,83,0,0,31,3,0,0,0,0,0,0,0,1239,2,1,0,0,0,0,1,6,1,53,132,43,364,390,3,20,278,361,147,48,279,72,235,194,22,51,109,20,117,29,57,39,59,6,2,1,14,2,7,42,14,5,1,10,2,0,0,0,0,0,0,0,0
2023-09-18,NV,4799,0,0,0,0,0,0,0,0,0,0,0,0,0,0,0,0,0,0,0,0,34,0,0,0,0,0,1,0,0,0,0,3,0,0,0,0,0,0,0,0,0,0,264,0,0,0,3,0,0,0,0,0,0,0,0,0,0,0,0,0,80,0,0,31,3,0,0,0,0,0,0,0,1221,2,1,0,0,0,0,1,6,1,52,130,44,362,374,3,21,277,349,142,47,267,71,227,190,23,51,104,19,114,29,55,37,58,6,2,1,13,2,7,41,14,5,1,9,2,0,0,0,0,0,0,0,0
2023-09-19,NV,4705,0,0,0,0,0,0,0,0,0,0,0,0,0,0,0,0,0,0,0,0,33,0,0,0,0,0,1,0,0,0,0,3,0,0,0,0,0,0,0,0,0,0,268,0,0,0,2,0,0,0,0,0,0,0,0,0,0,0,0,0,78,0,0,31,3,0,0,0,0,0,0,0,1203,2,1,0,0,0,0,1,6,1,51,129,46,359,358,3,21,276,337,138,46,255,71,218,186,23,51,100,19,112,30,54,35,57,5,2,1,13,2,6,40,13,4,1,9,2,0,0,0,0,0,0,0,0
2023-09-20,NV,4612,0,0,0,0,0,0,0,0,0,0,0,0,0,0,0,0,0,0,0,0,33,0,0,0,0,0,1,0,0,0,0,3,0,0,0,0,0,0,0,0,0,0,272,0,0,0,2,0,0,0,0,0,0,0,0,0,0,0,0,0,76,0,0,31,3,0,0,0,0,0,0,0,1185,2,1,0,0,0,0,1,6,1,49,127,47,356,343,3,22,274,325,133,45,244,70,209,182,24,52,95,19,109,30,52,34,56,5,2,1,13,2,6,38,13,4,1,9,2,0,0,0,0,0,0,0,0
2023-09-21,NV,4518,0,0,0,0,0,0,0,0,0,0,0,0,0,0,0,0,0,0,0,0,33,0,0,0,0,0,1,0,0,0,0,3,0,0,0,0,0,0,0,0,0,0,275,0,0,0,2,0,0,0,0,0,0,0,0,0,0,0,0,0,73,0,0,30,3,0,0,0,0,0,0,0,1167,2,1,0,0,0,0,1,6,1,48,125,49,353,328,3,23,272,313,129,44,233,69,201,178,24,52,91,18,107,31,50,32,55,5,2,1,13,2,6,37,13,4,1,8,2,0,0,0,0,0,0,0,0
2023-09-22,NV,4424,0,0,0,0,0,0,0,0,0,0,0,0,0,0,0,0,0,0,0,0,33,0,0,0,0,0,1,0,0,0,0,3,0,0,0,0,0,0,0,0,0,0,278,0,0,0,2,0,0,0,0,0,0,0,0,0,0,0,0,0,71,0,0,30,2,0,0,0,0,0,0,0,1148,2,1,0,0,0,0,1,6,1,46,123,50,350,314,3,23,271,302,124,42,222,69,193,174,24,52,87,18,104,31,48,31,54,4,2,1,12,2,6,36,12,4,1,8,1,0,0,0,0,0,0,0,0
2023-09-23,NV,4331,0,0,0,0,0,0,0,0,0,0,0,0,0,0,0,0,0,0,0,0,33,0,0,0,0,0,1,0,0,0,0,3,0,0,0,0,0,0,0,0,0,0,281,0,0,0,2,0,0,0,0,0,0,0,0,0,0,0,0,0,69,0,0,30,2,0,0,0,0,0,0,0,1129,2,1,0,0,0,0,1,7,1,45,122,51,346,299,3,24,269,291,120,41,212,68,185,170,25,52,83,17,102,31,46,29,53,4,2,1,12,2,5,34,12,4,1,8,1,0,0,0,0,0,0,0,0
2023-09-24,NV,4321,0,0,0,0,0,0,0,0,0,0,0,0,0,0,0,0,0,0,0,0,33,0,0,0,0,0,1,0,0,0,0,3,0,0,0,0,0,0,0,0,0,0,289,0,0,0,2,0,0,0,0,0,0,0,0,0,0,0,0,0,68,0,0,30,2,0,0,0,0,0,0,0,1132,2,1,0,0,0,0,1,7,1,45,122,53,349,291,3,25,272,285,118,41,205,69,180,169,26,53,81,17,102,32,46,28,53,4,2,1,12,1,5,34,12,4,1,7,1,0,0,0,0,0,0,0,0
2023-09-25,NV,4311,0,0,0,0,0,0,0,0,0,0,0,0,0,0,0,0,0,0,0,0,33,0,0,0,0,0,1,0,0,0,0,3,0,0,0,0,0,0,0,0,0,0,296,0,0,0,2,0,0,0,0,0,0,0,0,0,0,0,0,0,67,0,0,31,2,0,0,0,0,0,0,0,1135,2,1,0,0,0,0,1,7,1,44,123,55,353,283,3,26,275,280,116,41,199,69,176,168,26,54,78,17,101,33,45,28,54,3,2,1,12,1,5,33,12,3,1,7,1,0,0,0,0,0,0,0,0
2023-09-26,NV,4301,0,0,0,0,0,0,0,0,0,0,0,0,0,0,0,0,0,0,0,0,34,0,0,0,0,0,1,0,0,0,0,3,0,0,0,0,0,0,0,0,0,0,304,0,0,0,2,0,0,0,0,0,0,0,0,0,0,0,0,0,66,0,0,31,2,0,0,0,0,0,0,0,1137,2,1,0,0,0,0,1,7,1,44,123,57,356,275,3,27,278,274,114,40,192,70,172,167,27,55,76,17,101,34,44,27,54,3,2,1,12,1,5,32,12,3,1,7,1,0,0,0,0,0,0,0,0
2023-09-27,NV,4291,0,0,0,0,0,0,0,0,0,0,0,0,0,0,0,0,0,0,0,0,34,0,0,0,0,0,1,0,0,0,0,3,0,0,0,0,0,0,0,0,0,0,312,0,0,0,2,0,0,0,0,0,0,0,0,0,0,0,0,0,65,0,0,31,2,0,0,0,0,0,0,0,1140,2,1,0,0,0,0,1,8,1,43,124,59,359,267,3,28,281,269,112,40,186,70,168,166,28,56,74,17,100,35,43,26,54,3,2,1,12,1,5,32,12,3,1,7,1,0,0,0,0,0,0,0,0
2023-09-28,NV,4281,0,0,0,0,0,0,0,0,0,0,0,0,0,0,0,0,0,0,0,0,35,0,0,0,0,0,1,0,0,0,0,4,0,0,0,0,0,0,0,0,0,0,320,0,0,0,2,0,0,0,0,0,0,0,0,0,0,0,0,0,64,0,0,32,2,0,0,0,0,0,0,0,1143,2,1,0,0,0,0,1,8,1,43,124,61,362,258,4,29,284,263,110,40,180,71,163,166,29,57,71,17,100,36,42,25,54,3,3,1,12,1,5,31,11,3,1,6,1,0,0,0,0,0,0,0,0
2023-09-29,NV,4271,0,0,0,0,0,0,0,0,0,0,0,0,0,0,0,0,0,0,0,0,35,0,0,0,0,0,1,0,0,0,0,4,0,0,0,0,0,0,0,0,0,0,327,0,0,0,2,0,0,0,0,0,0,0,0,0,0,0,0,0,64,0,0,32,2,0,0,0,0,0,0,0,1146,2,1,0,0,0,0,1,8,1,42,125,63,365,250,4,30,287,258,108,39,174,72,159,165,29,58,69,17,99,37,42,24,54,2,3,1,12,1,5,31,11,3,1,6,1,0,0,0,0,0,0,0,0
2023-09-30,NV,4261,0,0,0,0,0,0,0,0,0,0,0,0,0,0,0,0,0,0,0,0,35,0,0,0,0,0,1,0,0,0,0,4,0,0,0,0,0,0,0,0,0,0,335,0,0,0,2,0,0,0,0,0,0,0,0,0,0,0,0,0,63,0,0,32,2,0,0,0,0,0,0,0,1148,2,2,0,0,0,0,1,8,1,42,126,65,368,242,4,31,290,252,106,39,168,72,155,164,30,59,67,17,99,38,41,23,54,2,3,1,12,1,4,30,11,3,1,6,1,0,0,0,0,0,0,0,0
2023-10-01,NV,4230,0,0,0,0,0,0,0,0,0,0,0,0,0,0,0,0,0,0,0,0,36,0,0,0,0,0,1,0,0,0,0,4,0,0,0,0,0,0,0,0,0,0,349,0,0,0,2,0,0,0,0,0,0,0,0,0,0,0,0,0,63,0,0,32,2,0,0,0,0,0,0,0,1138,2,2,0,0,0,0,1,9,1,42,126,68,362,236,6,34,289,247,105,39,165,71,151,160,31,59,65,16,97,38,40,23,53,2,3,1,12,1,4,29,11,3,1,0,0,0,0,0,0,0,0,0,0
2023-10-02,NV,4200,0,0,0,0,0,0,0,0,0,0,0,0,0,0,0,0,0,0,0,0,37,0,0,0,0,0,1,0,0,0,0,4,0,0,0,0,0,0,0,0,0,0,363,0,0,0,2,0,0,0,0,0,0,0,0,0,0,0,0,0,63,0,0,32,2,0,0,0,0,0,0,0,1127,2,1,0,0,0,0,1,9,1,41,126,70,355,230,8,37,288,241,104,39,162,69,147,156,32,59,64,16,95,38,39,22,52,2,3,1,11,1,4,28,11,3,1,0,0,0,0,0,0,0,0,0,0
2023-10-03,NV,4169,0,0,0,0,0,0,0,0,0,0,0,0,0,0,0,0,0,0,0,0,38,0,0,0,0,0,1,0,0,0,0,4,0,0,0,0,0,0,0,0,0,0,377,0,0,0,2,0,0,0,0,0,0,0,0,0,0,0,0,0,63,0,0,32,2,0,0,0,0,0,0,0,1115,2,1,0,0,0,0,1,10,1,41,126,73,348,224,10,40,287,236,103,39,160,68,143,152,33,58,62,16,93,38,37,21,50,2,3,1,11,1,4,27,11,3,1,0,0,0,0,0,0,0,0,0,0
2023-10-04,NV,4139,0,0,0,0,0,0,0,0,0,0,0,0,0,0,0,0,0,0,0,0,39,0,0,0,0,0,1,0,0,0,0,4,0,0,0,0,0,0,0,0,0,0,390,0,0,0,2,0,0,0,0,0,0,0,0,0,0,0,0,0,63,0,0,32,2,0,0,0,0,0,0,0,1103,2,1,0,0,0,0,1,10,1,41,126,75,342,218,12,43,286,230,102,38,157,66,139,148,34,58,61,15,92,38,36,21,49,2,3,1,10,1,4,26,10,3,1,0,0,0,0,0,0,0,0,0,0
2023-10-05,NV,4108,0,0,0,0,0,0,0,0,0,0,0,0,0,0,0,0,0,0,0,0,40,0,0,0,0,0,1,0,0,0,0,4,0,0,0,0,0,0,0,0,0,0,403,0,0,0,2,0,0,0,0,0,0,0,0,0,0,0,0,0,63,0,0,32,2,0,0,0,0,0,0,0,1092,2,1,0,0,0,0,1,11,1,40,126,77,335,212,14,47,284,225,101,38,155,65,135,144,35,58,59,15,90,38,35,20,48,2,2,1,10,1,4,25,10,3,1,0,0,0,0,0,0,0,0,0,0
2023-10-06,NV,4078,0,0,0,0,0,0,0,0,0,0,0,0,0,0,0,0,0,0,0,0,41,0,0,0,0,0,1,0,0,0,0,4,0,0,0,0,0,0,0,0,0,0,416,0,0,0,2,0,0,0,0,0,0,0,0,0,0,0,0,0,63,0,0,32,2,0,0,0,0,0,0,0,1080,2,1,0,0,0,0,1,11,1,40,125,79,329,206,16,49,283,219,100,38,152,64,131,140,35,58,58,15,88,38,34,20,47,2,2,1,9,1,4,23,10,3,1,0,0,0,0,0,0,0,0,0,0
2023-10-07,NV,4047,0,0,0,0,0,0,0,0,0,0,0,0,0,0,0,0,0,0,0,0,42,0,0,0,0,0,1,0,0,0,0,4,0,0,0,0,0,0,0,0,0,0,428,0,0,0,2,0,0,0,0,0,0,0,0,0,0,0,0,0,63,0,0,32,2,0,0,0,0,0,0,0,1069,1,1,0,0,0,0,1,12,1,39,125,81,322,200,18,52,282,214,99,38,149,62,127,136,36,58,57,15,86,38,33,19,45,2,2,1,9,1,3,22,10,3,1,0,0,0,0,0,0,0,0,0,0
2023-10-08,NV,3949,0,0,0,0,0,0,0,0,0,0,0,0,0,0,0,0,0,0,0,0,42,0,0,0,0,0,1,0,0,0,0,4,0,0,0,0,0,0,0,0,0,0,433,0,0,0,2,0,0,0,0,0,0,0,0,0,0,0,0,0,62,0,0,31,2,0,0,0,0,0,0,0,1039,1,1,0,0,0,0,1,12,1,38,123,82,310,191,19,54,276,205,96,37,144,60,121,130,36,57,54,14,83,37,31,18,43,2,2,1,8,1,3,21,9,3,1,0,0,0,0,0,0,0,0,0,0
2023-10-09,NV,3850,0,0,0,0,0,0,0,0,0,0,0,0,0,0,0,0,0,0,0,0,42,0,0,0,0,0,1,0,0,0,0,4,0,0,0,0,0,0,0,0,0,0,437,0,0,0,2,0,0,0,0,0,0,0,0,0,0,0,0,0,61,0,0,30,2,0,0,0,0,0,0,0,1010,1,1,0,0,0,0,1,12,1,37,121,83,299,182,21,56,270,196,93,36,140,58,115,124,37,56,52,14,80,37,30,17,42,2,2,1,8,1,3,20,9,3,1,0,0,0,0,0,0,0,0,0,0
2023-10-10,NV,3752,0,0,0,0,0,0,0,0,0,0,0,0,0,0,0,0,0,0,0,0,42,0,0,0,0,0,1,0,0,0,0,4,0,0,0,0,0,0,0,0,0,0,441,0,0,0,2,0,0,0,0,0,0,0,0,0,0,0,0,0,60,0,0,30,2,0,0,0,0,0,0,0,981,1,1,0,0,0,0,1,12,1,36,119,83,288,174,22,58,264,188,91,35,135,55,109,118,37,55,50,13,77,36,28,17,40,2,2,1,7,1,3,18,9,3,1,0,0,0,0,0,0,0,0,0,0
2023-10-11,NV,3654,0,0,0,0,0,0,0,0,0,0,0,0,0,0,0,0,0,0,0,0,42,0,0,0,0,0,1,0,0,0,0,4,0,0,0,0,0,0,0,0,0,0,443,0,0,0,2,0,0,0,0,0,0,0,0,0,0,0,0,0,59,0,0,29,2,0,0,0,0,0,0,0,953,1,1,0,0,0,0,1,13,1,35,116,83,276,165,23,59,258,180,88,34,130,53,104,112,37,54,48,13,74,35,27,16,38,2,2,1,7,1,3,17,8,3,1,0,0,0,0,0,0,0,0,0,0
2023-10-12,NV,3555,0,0,0,0,0,0,0,0,0,0,0,0,0,0,0,0,0,0,0,0,42,0,0,0,0,0,1,0,0,0,0,4,0,0,0,0,0,0,0,0,0,0,445,0,0,0,2,0,0,0,0,0,0,0,0,0,0,0,0,0,58,0,0,28,2,0,0,0,0,0,0,0,924,1,1,0,0,0,0,1,13,1,34,114,83,265,157,25,61,251,172,85,33,125,51,99,107,37,53,45,12,71,35,26,15,36,2,2,1,6,1,3,16,8,3,1,0,0,0,0,0,0,0,0,0,0
2023-10-13,NV,3457,0,0,0,0,0,0,0,0,0,0,0,0,0,0,0,0,0,0,0,0,42,0,0,0,0,0,1,0,0,0,0,4,0,0,0,0,0,0,0,0,0,0,446,0,0,0,1,0,0,0,0,0,0,0,0,0,0,0,0,0,57,0,0,28,2,0,0,0,0,0,0,0,895,1,1,0,0,0,0,1,13,1,33,111,83,255,149,26,62,245,164,83,33,120,49,93,101,37,51,43,12,68,34,24,14,34,2,2,1,6,1,2,15,8,3,1,0,0,0,0,0,0,0,0,0,0
2023-10-14,NV,3358,0,0,0,0,0,0,0,0,0,0,0,0,0,0,0,0,0,0,0,0,42,0,0,0,0,0,1,0,0,0,0,4,0,0,0,0,0,0,0,0,0,0,446,0,0,0,1,0,0,0,0,0,0,0,0,0,0,0,0,0,56,0,0,27,2,0,0,0,0,0,0,0,867,1,1,0,0,0,0,1,13,1,32,109,83,244,141,27,63,239,156,80,32,116,46,88,96,36,50,41,11,65,33,23,13,33,2,2,1,5,1,2,13,7,3,1,0,0,0,0,0,0,0,0,0,0
2023-10-15,NV,3339,0,0,0,0,0,0,0,0,0,0,0,0,0,0,0,0,0,0,0,0,43,0,0,0,0,0,1,0,0,0,0,4,0,0,0,0,0,0,0,0,0,0,457,0,0,0,1,0,0,0,0,0,0,0,0,0,0,0,0,0,56,0,0,27,2,0,0,0,0,0,0,0,859,1,1,0,0,0,0,1,13,1,32,109,85,239,137,28,65,238,152,79,32,114,45,85,93,37,50,40,11,64,33,22,13,32,2,2,1,5,1,2,13,7,3,1,0,0,0,0,0,0,0,0,0,0
2023-10-16,NV,3320,0,0,0,0,0,0,0,0,0,0,0,0,0,0,0,0,0,0,0,0,43,0,0,0,0,0,1,0,0,0,0,4,0,0,0,0,0,0,0,0,0,0,467,0,0,0,1,0,0,0,0,0,0,0,0,0,0,0,0,0,56,0,0,27,2,0,0,0,0,0,0,0,852,1,1,0,0,0,0,1,14,1,32,109,87,235,132,30,67,238,148,79,31,112,44,82,90,38,50,39,11,63,33,21,12,31,2,2,1,4,1,2,12,7,3,1,0,0,0,0,0,0,0,0,0,0
2023-10-17,NV,3300,0,0,0,0,0,0,0,0,0,0,0,0,0,0,0,0,0,0,0,0,44,0,0,0,0,0,1,0,0,0,0,4,0,0,0,0,0,0,0,0,0,0,477,0,0,0,1,0,0,0,0,0,0,0,0,0,0,0,0,0,56,0,0,27,2,0,0,0,0,0,0,0,844,1,1,0,0,0,0,1,14,1,31,109,89,230,128,31,70,237,144,78,31,110,43,80,87,39,50,38,11,62,33,20,12,30,2,2,1,4,1,2,11,7,3,1,0,0,0,0,0,0,0,0,0,0
2023-10-18,NV,3281,0,0,0,0,0,0,0,0,0,0,0,0,0,0,0,0,0,0,0,0,45,0,0,0,0,0,1,0,0,0,0,4,0,0,0,0,0,0,0,0,0,0,487,0,0,0,1,0,0,0,0,0,0,0,0,0,0,0,0,0,56,0,0,27,2,0,0,0,0,0,0,0,836,1,1,0,0,0,0,1,14,1,31,109,90,226,124,33,72,236,140,77,31,109,42,77,85,39,50,37,10,60,33,20,12,29,2,2,1,4,1,2,10,7,3,1,0,0,0,0,0,0,0,0,0,0
2023-10-19,NV,3262,0,0,0,0,0,0,0,0,0,0,0,0,0,0,0,0,0,0,0,0,46,0,0,0,0,0,1,0,0,0,0,4,0,0,0,0,0,0,0,0,0,0,497,0,0,0,1,0,0,0,0,0,0,0,0,0,0,0,0,0,56,0,0,27,2,0,0,0,0,0,0,0,829,1,1,0,0,0,0,1,15,1,31,109,92,221,119,34,74,235,136,77,31,107,41,74,82,40,50,36,10,59,33,19,11,28,2,2,1,4,1,2,10,7,3,1,0,0,0,0,0,0,0,0,0,0
2023-10-20,NV,3243,0,0,0,0,0,0,0,0,0,0,0,0,0,0,0,0,0,0,0,0,46,0,0,0,0,0,1,0,0,0,0,4,0,0,0,0,0,0,0,0,0,0,507,0,0,0,1,0,0,0,0,0,0,0,0,0,0,0,0,0,56,0,0,27,2,0,0,0,0,0,0,0,821,1,1,0,0,0,0,1,15,1,30,109,94,217,115,35,76,235,133,76,31,105,40,71,79,41,50,35,10,58,34,18,11,27,2,2,1,3,1,2,9,6,3,1,0,0,0,0,0,0,0,0,0,0
2023-10-21,NV,3224,0,0,0,0,0,0,0,0,0,0,0,0,0,0,0,0,0,0,0,0,47,0,0,0,0,0,1,0,0,0,0,4,0,0,0,0,0,0,0,0,0,0,516,0,0,0,1,0,0,0,0,0,0,0,0,0,0,0,0,0,57,0,0,27,2,0,0,0,0,0,0,0,814,1,1,0,0,0,0,1,15,1,30,109,95,212,111,37,79,234,129,75,31,103,40,68,76,41,50,34,10,57,34,17,10,26,2,2,1,3,1,1,8,6,3,1,0,0,0,0,0,0,0,0,0,0
2023-10-22,NV,3248,0,0,0,0,0,0,0,0,0,0,0,0,0,0,0,0,0,0,0,0,48,0,0,0,0,0,1,0,0,0,0,4,0,0,0,0,0,0,0,0,0,0,533,0,0,0,1,0,0,0,0,0,0,0,0,0,0,0,0,0,57,0,0,27,2,0,0,0,0,0,0,0,817,1,1,0,0,0,0,1,16,1,30,111,98,211,108,39,82,237,127,76,31,103,39,67,74,42,51,34,10,56,34,17,10,26,2,2,1,3,1,1,7,6,3,1,0,0,0,0,0,0,0,0,0,0
2023-10-23,NV,3273,0,0,0,0,0,0,0,0,0,0,0,0,0,0,0,0,0,0,0,0,50,0,0,0,0,0,1,0,0,0,0,4,0,0,0,0,0,0,0,0,0,0,549,0,0,0,1,0,0,0,0,0,0,0,0,0,0,0,0,0,58,0,0,27,2,0,0,0,0,0,0,0,821,1,1,0,0,0,0,1,17,1,31,112,101,209,106,41,85,239,125,76,31,103,39,65,73,44,51,33,10,56,35,16,10,25,2,2,1,2,1,1,7,6,3,1,0,0,0,0,0,0,0,0,0,0
2023-10-24,NV,3297,0,0,0,0,0,0,0,0,0,0,0,0,0,0,0,0,0,0,0,0,51,0,0,0,0,0,1,0,0,0,0,4,0,0,0,0,0,0,0,0,0,0,566,0,0,0,1,0,0,0,0,0,0,0,0,0,0,0,0,0,59,0,0,27,2,0,0,0,0,0,0,0,824,1,1,0,0,0,0,1,17,1,31,114,104,207,103,43,88,242,123,76,32,102,38,63,71,45,52,33,10,55,35,16,10,25,2,2,1,2,1,1,6,6,3,1,0,0,0,0,0,0,0,0,0,0
2023-10-25,NV,3322,0,0,0,0,0,0,0,0,0,0,0,0,0,0,0,0,0,0,0,0,52,0,0,0,0,0,1,0,0,0,0,4,0,0,0,0,0,0,0,0,0,0,583,0,0,0,1,0,0,0,0,0,0,0,0,0,0,0,0,0,60,0,0,28,2,0,0,0,0,0,0,0,827,1,1,0,0,0,0,1,18,1,31,115,107,206,100,45,92,244,121,77,32,102,38,61,69,46,53,32,9,55,36,15,9,24,2,2,1,2,1,1,5,6,3,1,0,0,0,0,0,0,0,0,0,0
2023-10-26,NV,3347,0,0,0,0,0,0,0,0,0,0,0,0,0,0,0,0,0,0,0,0,54,0,0,0,0,0,1,0,0,0,0,4,0,0,0,0,0,0,0,0,0,0,600,0,0,0,1,0,0,0,0,0,0,0,0,0,0,0,0,0,61,0,0,28,2,0,0,0,0,0,0,0,831,1,1,0,0,0,0,1,18,1,31,117,110,204,97,47,95,247,118,77,32,101,37,59,67,47,54,32,9,54,36,15,9,24,2,2,1,1,1,1,5,6,3,1,0,0,0,0,0,0,0,0,0,0
2023-10-27,NV,3371,0,0,0,0,0,0,0,0,0,0,0,0,0,0,0,0,0,0,0,0,55,0,0,0,0,0,1,0,0,0,0,4,0,0,0,0,0,0,0,0,0,0,618,0,0,0,1,0,0,0,0,0,0,0,0,0,0,0,0,0,62,0,0,28,2,0,0,0,0,0,0,0,834,1,1,0,0,0,0,1,19,1,31,118,113,202,95,49,99,249,116,77,33,101,37,57,65,49,54,31,9,54,37,14,9,23,2,2,1,1,1,1,4,6,3,1,0,0,0,0,0,0,0,0,0,0
2023-10-28,NV,3396,0,0,0,0,0,0,0,0,0,0,0,0,0,0,0,0,0,0,0,0,57,0,0,0,0,0,1,0,0,0,0,4,0,0,0,0,0,0,0,0,0,0,636,0,0,0,1,0,0,0,0,0,0,0,0,0,0,0,0,0,63,0,0,29,2,0,0,0,0,0,0,0,837,1,1,0,0,0,0,1,19,1,31,120,116,200,92,51,102,252,114,78,33,100,36,55,63,50,55,30,9,53,37,14,8,23,2,2,1,1,1,1,3,6,3,1,0,0,0,0,0,0,0,0,0,0
2023-10-29,NV,3432,0,0,0,0,0,0,0,0,0,0,0,0,0,0,0,0,0,0,0,0,57,0,0,0,0,0,1,0,0,0,0,10,0,0,0,0,0,0,0,0,0,0,660,0,0,0,1,0,0,0,0,0,0,0,0,0,0,0,0,0,63,0,0,29,2,0,0,0,0,0,0,0,840,1,1,0,0,0,0,1,20,1,31,121,121,201,91,54,105,252,114,78,34,100,36,55,63,52,55,31,9,53,38,13,8,23,2,2,1,1,1,0,0,0,0,0,0,0,0,0,0,0,0,0,0,0
2023-10-30,NV,3468,0,0,0,0,0,0,0,0,0,0,0,0,0,0,0,0,0,0,0,0,57,0,0,0,0,0,1,0,0,0,0,16,0,0,0,0,0,0,0,0,0,0,682,0,0,0,1,0,0,0,0,0,0,0,0,0,0,0,0,0,62,0,0,28,2,0,0,0,0,0,0,0,839,1,1,0,0,0,0,1,21,1,31,121,125,200,90,57,108,252,114,78,35,99,36,54,63,53,55,31,9,52,39,13,8,22,2,2,1,1,1,0,0,0,0,0,0,0,0,0,0,0,0,0,0,0
2023-10-31,NV,3503,0,0,0,0,0,0,0,0,0,0,0,0,0,0,0,0,0,0,0,0,57,0,0,0,0,0,1,0,0,0,0,21,0,0,0,0,0,0,0,0,0,0,704,0,0,0,1,0,0,0,0,0,0,0,0,0,0,0,0,0,62,0,0,28,2,0,0,0,0,0,0,0,838,1,1,0,0,0,0,1,21,1,31,122,130,200,89,61,111,252,114,78,36,98,36,53,63,55,55,31,9,51,40,13,8,22,2,2,1,1,1,0,0,0,0,0,0,0,0,0,0,0,0,0,0,0
2023-11-01,NV,3539,0,0,0,0,0,0,0,0,0,0,0,0,0,0,0,0,0,0,0,0,57,0,0,0,0,0,1,0,0,0,0,27,0,0,0,0,0,0,0,0,0,0,727,0,0,0,1,0,0,0,0,0,0,0,0,0,0,0,0,0,62,0,0,28,2,0,0,0,0,0,0,0,837,1,1,0,0,0,0,1,22,1,30,122,134,199,88,64,114,251,114,77,37,96,36,53,63,56,55,31,9,50,40,13,8,21,2,2,1,1,1,0,0,0,0,0,0,0,0,0,0,0,0,0,0,0
2023-11-02,NV,3575,0,0,0,0,0,0,0,0,0,0,0,0,0,0,0,0,0,0,0,0,57,0,0,0,0,0,1,0,0,0,0,34,0,0,0,0,0,0,0,0,0,0,750,0,0,0,1,0,0,0,0,0,0,0,0,0,0,0,0,0,61,0,0,28,2,0,0,0,0,0,0,0,835,1,1,0,0,0,0,1,22,1,30,122,139,198,87,67,116,250,114,77,39,95,36,52,63,58,55,31,9,50,41,13,8,21,2,2,1,1,1,0,0,0,0,0,0,0,0,0,0,0,0,0,0,0
2023-11-03,NV,3611,0,0,0,0,0,0,0,0,0,0,0,0,0,0,0,0,0,0,0,0,57,0,0,0,0,0,1,0,0,0,0,40,0,0,0,0,0,0,0,0,0,0,773,0,0,0,1,0,0,0,0,0,0,0,0,0,0,0,0,0,61,0,0,27,2,0,0,0,0,0,0,0,834,1,1,0,0,0,0,1,23,1,30,123,143,198,86,71,119,250,114,77,40,94,36,52,62,60,55,31,9,49,42,13,7,20,2,2,1,1,1,0,0,0,0,0,0,0,0,0,0,0,0,0,0,0
2023-11-04,NV,3646,0,0,0,0,0,0,0,0,0,0,0,0,0,0,0,0,0,0,0,0,57,0,0,0,0,0,1,0,0,0,0,46,0,0,0,0,0,0,0,0,0,0,796,0,0,0,1,0,0,0,0,0,0,0,0,0,0,0,0,0,60,0,0,27,2,0,0,0,0,0,0,0,832,1,1,0,0,0,0,1,23,1,30,123,148,197,85,74,122,249,113,77,41,93,36,51,62,61,55,31,9,48,43,13,7,20,2,2,1,1,1,0,0,0,0,0,0,0,0,0,0,0,0,0,0,0
2023-11-05,NV,3678,0,0,0,0,0,0,0,0,0,0,0,0,0,0,0,0,0,0,0,0,57,0,0,0,0,0,1,0,0,0,0,52,0,0,0,0,0,0,0,0,0,0,819,0,0,0,1,0,0,0,0,0,0,0,0,0,0,0,0,0,60,0,0,27,3,0,0,0,0,0,0,0,829,1,2,0,0,0,0,1,24,1,29,123,152,196,83,78,125,248,113,77,42,91,36,50,62,63,55,31,9,47,43,12,7,20,2,2,1,1,1,0,0,0,0,0,0,0,0,0,0,0,0,0,0,0
2023-11-06,NV,3709,0,0,0,0,0,0,0,0,0,0,0,0,0,0,0,0,0,0,0,0,57,0,0,0,0,0,1,0,0,0,0,59,0,0,0,0,0,0,0,0,0,0,842,0,0,0,1,0,0,0,0,0,0,0,0,0,0,0,0,0,59,0,0,26,3,0,0,0,0,0,0,0,826,1,2,0,0,0,0,1,24,1,29,123,157,195,82,81,128,247,113,76,43,90,36,49,61,65,55,31,9,46,44,12,7,19,2,3,1,2,1,0,0,0,0,0,0,0,0,0,0,0,0,0,0,0
2023-11-07,NV,3741,0,0,0,0,0,0,0,0,0,0,0,0,0,0,0,0,0,0,0,0,57,0,0,0,0,0,1,0,0,0,0,66,0,0,0,0,0,0,0,0,0,0,866,0,0,0,1,0,0,0,0,0,0,0,0,0,0,0,0,0,59,0,0,26,3,0,0,0,0,0,0,0,822,1,2,0,0,0,0,1,25,1,29,123,161,194,81,85,130,246,112,76,44,88,36,48,61,67,55,31,9,45,45,12,7,19,2,3,1,2,1,0,0,0,0,0,0,0,0,0,0,0,0,0,0,0
2023-11-08,NV,3773,0,0,0,0,0,0,0,0,0,0,0,0,0,0,0,0,0,0,0,0,57,0,0,0,0,0,1,0,0,0,0,72,0,0,0,0,0,0,0,0,0,0,889,0,0,0,1,0,0,0,0,0,0,0,0,0,0,0,0,0,58,0,0,26,3,0,0,0,0,0,0,0,819,1,2,0,0,0,0,1,26,1,28,123,166,192,79,88,133,245,112,75,46,87,35,48,60,68,55,31,9,44,46,12,6,18,2,3,1,2,1,0,0,0,0,0,0,0,0,0,0,0,0,0,0,0
2023-11-09,NV,3804,0,0,0,0,0,0,0,0,0,0,0,0,0,0,0,0,0,0,0,0,57,0,0,0,0,0,1,0,0,0,0,79,0,0,0,0,0,0,0,0,0,0,913,0,0,0,1,0,0,0,0,0,0,0,0,0,0,0,0,0,58,0,0,25,3,0,0,0,0,0,0,0,815,2,2,0,0,0,0,1,26,1,28,123,171,191,78,92,136,243,111,75,47,85,35,47,60,70,55,31,9,43,46,12,6,18,2,3,1,2,1,0,0,0,0,0,0,0,0,0,0,0,0,0,0,0
2023-11-10,NV,3836,0,0,0,0,0,0,0,0,0,0,0,0,0,0,0,0,0,0,0,0,57,0,0,0,0,0,1,0,0,0,0,86,0,0,0,0,0,0,0,0,0,0,938,0,0,0,1,0,0,0,0,0,0,0,0,0,0,0,0,0,57,0,0,25,3,0,0,0,0,0,0,0,811,2,2,0,0,0,0,1,27,1,28,123,176,190,76,95,139,242,111,75,48,83,35,46,60,72,55,31,9,42,47,11,6,17,2,3,1,2,1,0,0,0,0,0,0,0,0,0,0,0,0,0,0,0
2023-11-11,NV,3867,0,0,0,0,0,0,0,0,0,0,0,0,0,0,0,0,0,0,0,0,57,0,0,0,0,0,1,0,0,0,0,93,0,0,0,0,0,0,0,0,0,0,962,0,0,0,1,0,0,0,0,0,0,0,0,0,0,0,0,0,56,0,0,25,3,0,0,0,0,0,0,0,807,2,2,0,0,0,0,1,27,1,27,123,180,189,75,99,142,241,110,74,49,82,35,45,59,73,55,31,9,41,48,11,6,16,2,3,1,2,1,0,0,0,0,0,0,0,0,0,0,0,0,0,0,0
2023-11-12,NV,3916,0,0,0,0,0,0,0,0,0,0,0,0,0,0,0,0,0,0,0,0,57,0,0,0,0,0,1,0,0,0,0,100,0,0,0,0,0,0,0,0,0,0,991,0,0,0,1,0,0,0,0,0,0,0,0,0,0,0,0,0,56,0,0,24,3,0,0,0,0,0,0,0,807,2,2,0,0,0,0,1,28,1,27,124,186,188,74,103,146,240,110,74,51,80,35,44,59,76,55,31,9,40,49,11,6,16,2,3,1,2,1,0,0,0,0,0,0,0,0,0,0,0,0,0,0,0
2023-11-13,NV,3966,0,0,0,0,0,0,0,0,0,0,0,0,0,0,0,0,0,0,0,0,58,0,0,0,0,0,1,0,0,0,0,108,0,0,0,0,0,0,0,0,0,0,1021,0,0,0,1,0,0,0,0,0,0,0,0,0,0,0,0,0,56,0,0,24,3,0,0,0,0,0,0,0,806,2,2,0,0,0,0,1,29,1,27,124,192,188,72,108,149,240,110,74,52,79,35,44,59,78,55,31,9,39,50,11,5,15,2,3,1,2,1,0,0,0,0,0,0,0,0,0,0,0,0,0,0,0
2023-11-14,NV,4015,0,0,0,0,0,0,0,0,0,0,0,0,0,0,0,0,0,0,0,0,58,0,0,0,0,0,1,0,0,0,0,116,0,0,0,0,0,0,0,0,0,0,1051,0,0,0,1,0,0,0,0,0,0,0,0,0,0,0,0,0,55,0,0,24,3,0,0,0,0,0,0,0,805,2,2,0,0,0,0,1,29,1,26,125,198,187,71,112,153,239,110,74,54,78,35,43,58,80,55,31,9,38,51,11,5,15,2,3,1,2,1,0,0,0,0,0,0,0,0,0,0,0,0,0,0,0
2023-11-15,NV,4064,0,0,0,0,0,0,0,0,0,0,0,0,0,0,0,0,0,0,0,0,58,0,0,0,0,0,1,0,0,0,0,124,0,0,0,0,0,0,0,0,0,0,1082,0,0,0,1,0,0,0,0,0,0,0,0,0,0,0,0,0,55,0,0,24,3,0,0,0,0,0,0,0,803,2,2,0,0,0,0,1,30,1,26,125,204,186,70,117,157,239,110,74,55,76,35,42,58,82,55,32,9,37,52,10,5,14,2,4,1,2,1,0,0,0,0,0,0,0,0,0,0,0,0,0,0,0
2023-11-16,NV,4113,0,0,0,0,0,0,0,0,0,0,0,0,0,0,0,0,0,0,0,0,58,0,0,0,0,0,1,0,0,0,0,132,0,0,0,0,0,0,0,0,0,0,1113,0,0,0,1,0,0,0,0,0,0,0,0,0,0,0,0,0,54,0,0,23,3,0,0,0,0,0,0,0,802,2,2,0,0,0,0,1,31,1,26,126,210,185,68,121,161,238,109,73,57,74,35,41,58,84,55,32,9,36,53,10,5,14,2,4,1,2,1,0,0,0,0,0,0,0,0,0,0,0,0,0,0,0
2023-11-17,NV,4162,0,0,0,0,0,0,0,0,0,0,0,0,0,0,0,0,0,0,0,0,58,0,0,0,0,0,1,0,0,0,0,141,0,0,0,0,0,0,0,0,0,0,1144,0,0,0,1,0,0,0,0,0,0,0,0,0,0,0,0,0,54,0,0,23,3,0,0,0,0,0,0,0,800,2,2,0,0,0,0,1,32,1,25,126,216,185,67,126,165,237,109,73,58,73,35,40,58,87,55,32,9,34,54,10,4,13,2,4,1,3,1,0,0,0,0,0,0,0,0,0,0,0,0,0,0,0
2023-11-18,NV,4212,0,0,0,0,0,0,0,0,0,0,0,0,0,0,0,0,0,0,0,0,58,0,0,0,0,0,1,0,0,0,0,149,0,0,0,0,0,0,0,0,0,0,1176,0,0,0,1,0,0,0,0,0,0,0,0,0,0,0,0,0,53,0,0,23,3,0,0,0,0,0,0,0,797,2,2,0,0,0,0,1,32,1,25,126,222,184,65,130,168,236,109,73,60,71,34,39,57,89,55,32,9,33,55,10,4,13,2,4,1,3,1,0,0,0,0,0,0,0,0,0,0,0,0,0,0,0
2023-11-19,NV,4321,0,0,0,0,0,0,0,0,0,0,0,0,0,0,0,0,0,0,0,0,59,0,0,0,0,0,1,0,0,0,0,160,0,0,0,0,0,0,0,0,0,0,1225,0,0,0,1,0,0,0,0,0,0,0,0,0,0,0,0,0,53,0,0,22,3,0,0,0,0,0,0,0,806,2,2,0,0,0,0,1,34,1,25,129,232,185,65,137,175,239,110,74,62,70,35,39,58,93,56,32,9,33,57,10,4,12,2,4,1,3,1,0,0,0,0,0,0,0,0,0,0,0,0,0,0,0
2023-11-20,NV,4431,0,0,0,0,0,0,0,0,0,0,0,0,0,0,0,0,0,0,0,0,60,0,0,0,0,0,1,0,0,0,0,171,0,0,0,0,0,0,0,0,0,0,1275,0,0,0,1,0,0,0,0,0,0,0,0,0,0,0,0,0,53,0,0,22,3,0,0,0,0,0,0,0,814,2,2,0,0,0,0,1,35,1,25,131,242,187,64,144,181,241,111,74,65,69,35,39,58,96,57,33,10,32,59,10,4,12,2,4,1,3,1,0,0,0,0,0,0,0,0,0,0,0,0,0,0,0
2023-11-21,NV,4540,0,0,0,0,0,0,0,0,0,0,0,0,0,0,0,0,0,0,0,0,61,0,0,0,0,0,1,0,0,0,0,183,0,0,0,0,0,0,0,0,0,0,1327,0,0,0,1,0,0,0,0,0,0,0,0,0,0,0,0,0,53,0,0,22,3,0,0,0,0,0,0,0,822,2,2,0,0,0,0,1,36,1,25,133,252,188,63,151,188,243,112,75,67,68,35,38,58,100,58,33,10,31,61,9,4,11,2,5,1,3,1,0,0,0,0,0,0,0,0,0,0,0,0,0,0,0
2023-11-22,NV,4650,0,0,0,0,0,0,0,0,0,0,0,0,0,0,0,0,0,0,0,0,62,0,0,0,0,0,1,0,0,0,0,195,0,0,0,0,0,0,0,0,0,0,1379,0,0,0,1,0,0,0,0,0,0,0,0,0,0,0,0,0,53,0,0,22,3,0,0,0,0,0,0,0,829,2,2,0,0,0,0,1,37,1,25,135,262,189,62,158,195,245,113,75,70,67,36,37,59,104,58,34,10,30,63,9,3,11,2,5,1,3,1,0,0,0,0,0,0,0,0,0,0,0,0,0,0,0
2023-11-23,NV,4760,0,0,0,0,0,0,0,0,0,0,0,0,0,0,0,0,0,0,0,0,63,0,0,0,0,0,1,0,0,0,0,207,0,0,0,0,0,0,0,0,0,0,1432,0,0,0,1,0,0,0,0,0,0,0,0,0,0,0,0,0,53,0,0,22,4,0,0,0,0,0,0,0,835,2,2,0,0,0,0,1,39,1,24,137,272,190,61,165,201,246,114,76,73,66,36,37,59,108,59,34,10,29,65,9,3,10,2,5,1,3,1,0,0,0,0,0,0,0,0,0,0,0,0,0,0,0
2023-11-24,NV,4869,0,0,0,0,0,0,0,0,0,0,0,0,0,0,0,0,0,0,0,0,63,0,0,0,0,0,1,0,0,0,0,220,0,0,0,0,0,0,0,0,0,0,1486,0,0,0,1,0,0,0,0,0,0,0,0,0,0,0,0,0,53,0,0,22,4,0,0,0,0,0,0,0,841,2,2,0,0,0,0,1,40,1,24,139,283,191,59,173,208,248,115,76,75,64,36,36,59,112,60,35,10,28,67,9,3,9,2,5,1,4,1,0,0,0,0,0,0,0,0,0,0,0,0,0,0,0
2023-11-25,NV,4979,0,0,0,0,0,0,0,0,0,0,0,0,0,0,0,0,0,0,0,0,64,0,0,0,1,0,1,0,0,0,0,232,0,0,0,0,0,0,0,0,0,0,1539,0,0,0,1,0,0,0,0,0,0,0,0,1,0,1,0,0,53,0,0,21,4,0,0,0,0,3,0,0,845,2,2,0,0,0,0,1,41,1,24,140,293,191,58,180,215,249,116,77,78,63,36,35,59,116,60,35,10,26,69,9,3,9,2,5,1,4,1,0,0,0,0,0,0,0,0,0,0,0,0,0,0,0
2023-11-26,NV,5149,0,0,0,0,0,0,0,0,0,0,0,0,0,0,0,0,0,0,0,0,67,0,0,0,1,0,1,0,0,0,0,297,0,0,0,0,0,0,0,0,0,0,1583,0,0,0,1,0,0,0,0,0,0,0,0,1,0,1,0,0,53,0,0,22,4,0,0,0,0,3,0,0,859,2,2,0,0,0,0,1,44,1,24,141,302,193,59,187,223,252,118,78,79,64,37,35,60,118,61,36,10,27,71,9,3,9,2,5,1,0,0,0,0,0,0,0,0,0,0,0,0,0,0,0,0,0
2023-11-27,NV,5320,0,0,0,0,0,0,0,0,0,0,0,0,0,0,0,0,0,0,0,0,69,0,0,0,1,0,1,0,0,0,0,365,0,0,0,0,0,0,0,0,0,0,1624,0,0,0,2,0,0,0,0,0,0,0,0,1,0,1,0,0,54,0,0,22,4,0,0,0,0,3,0,0,872,2,2,0,0,0,0,1,46,1,25,142,311,195,60,193,230,254,120,79,81,64,38,35,61,120,62,37,11,27,73,9,3,9,2,5,1,0,0,0,0,0,0,0,0,0,0,0,0,0,0,0,0,0
2023-11-28,NV,5491,0,0,0,0,0,0,0,0,0,0,0,0,0,0,0,0,0,0,0,0,72,0,0,0,1,0,1,0,0,0,0,437,0,0,0,0,0,0,0,0,0,0,1665,0,0,0,2,0,0,0,0,0,0,0,0,2,0,1,0,0,54,0,0,22,4,0,0,0,0,3,0,0,883,2,2,0,0,0,0,1,48,1,25,143,319,196,62,199,238,256,122,80,82,65,38,35,62,123,63,38,11,27,74,9,3,9,2,5,1,0,0,0,0,0,0,0,0,0,0,0,0,0,0,0,0,0
2023-11-29,NV,5661,0,0,0,0,0,0,0,0,0,0,0,0,0,0,0,0,0,0,0,0,74,0,0,0,1,0,1,0,0,0,0,513,0,0,0,0,0,0,0,0,0,0,1705,0,0,0,2,0,0,0,0,0,0,0,0,2,0,2,0,0,55,0,0,23,4,0,0,0,0,3,0,0,893,2,3,0,0,0,0,1,50,1,26,143,328,197,63,205,246,258,123,80,84,65,39,35,63,125,63,38,11,27,76,9,3,9,2,5,1,0,0,0,0,0,0,0,0,0,0,0,0,0,0,0,0,0
2023-11-30,NV,5832,0,0,0,0,0,0,0,0,0,0,0,0,0,0,0,0,0,0,0,0,77,0,0,0,1,0,1,0,0,0,0,592,0,0,0,0,0,0,0,0,0,0,1745,0,0,0,2,0,0,0,0,0,0,0,0,2,0,2,0,0,55,0,0,23,4,0,0,0,0,4,0,0,902,2,3,0,0,0,0,1,53,1,26,143,336,198,64,211,253,259,125,81,85,66,40,35,64,127,64,39,11,28,78,9,3,10,3,5,1,0,0,0,0,0,0,0,0,0,0,0,0,0,0,0,0,0
2023-12-01,NV,6002,0,0,0,0,0,0,0,0,0,0,0,0,0,0,0,0,0,0,0,0,80,0,0,0,2,0,1,0,0,0,0,675,0,0,0,0,0,0,0,0,0,0,1784,0,0,0,2,0,0,0,0,0,0,0,0,2,0,2,0,0,55,0,0,23,5,0,0,0,0,4,0,0,910,2,3,0,0,0,0,2,55,1,26,142,345,198,65,217,261,260,126,82,86,66,40,34,65,128,65,40,11,28,79,9,3,10,3,5,1,0,0,0,0,0,0,0,0,0,0,0,0,0,0,0,0,0
2023-12-02,NV,6173,0,0,0,0,0,0,0,0,0,0,0,0,0,0,0,0,0,0,0,0,82,0,0,0,2,0,1,0,0,0,0,762,0,0,0,0,0,0,0,0,0,0,1822,0,0,0,3,0,0,0,0,0,0,0,0,2,0,2,0,0,55,0,0,23,5,0,0,0,0,4,0,0,918,3,3,0,0,0,0,2,58,2,27,142,353,198,66,223,268,260,128,82,87,67,41,34,66,130,65,40,12,28,81,9,3,10,3,5,1,0,0,0,0,0,0,0,0,0,0,0,0,0,0,0,0,0
2023-12-03,NV,6228,0,0,0,0,0,0,0,0,0,0,0,0,0,0,0,0,0,0,0,0,83,0,0,0,2,0,1,0,0,0,0,837,0,0,0,0,0,0,0,0,0,0,1825,0,0,0,3,0,0,0,0,0,0,0,0,2,0,2,0,0,54,0,0,23,5,0,0,0,0,4,0,0,907,3,3,0,0,0,0,2,59,2,26,138,355,194,66,225,271,255,127,81,86,66,40,33,65,129,64,40,12,27,81,8,3,10,3,5,1,0,0,0,0,0,0,0,0,0,0,0,0,0,0,0,0,0
2023-12-04,NV,6283,0,0,0,0,0,0,0,0,0,0,0,0,0,0,0,0,0,0,0,0,85,0,0,0,2,0,1,0,0,0,0,914,0,0,0,0,0,0,0,0,0,0,1829,0,0,0,3,0,0,0,0,0,0,0,0,2,0,2,0,0,53,0,0,23,5,0,0,0,0,5,0,0,896,3,3,0,0,0,0,2,60,2,26,135,356,190,65,227,274,250,125,80,86,65,40,31,65,129,63,40,11,27,81,8,3,10,3,5,1,0,0,0,0,0,0,0,0,0,0,0,0,0,0,0,0,0
2023-12-05,NV,6339,0,0,0,0,0,0,0,0,0,0,0,0,0,0,0,0,0,0,0,0,86,0,0,0,2,0,1,0,0,0,0,991,0,0,0,0,0,0,0,0,0,0,1832,0,0,0,3,0,0,0,0,0,0,0,0,2,0,2,0,0,52,0,0,22,5,0,0,0,0,5,0,0,884,3,3,0,0,0,0,2,62,2,26,131,358,186,65,229,276,246,124,78,85,64,40,30,64,128,62,40,11,26,81,8,3,9,3,5,1,0,0,0,0,0,0,0,0,0,0,0,0,0,0,0,0,0
2023-12-06,NV,6394,0,0,0,0,0,0,0,0,0,0,0,0,0,0,0,0,0,0,0,0,87,0,0,0,2,0,1,0,0,0,0,1070,0,0,0,0,0,0,0,0,0,0,1835,0,0,0,3,0,0,0,0,0,0,0,0,3,0,2,0,0,51,0,0,22,5,0,0,0,0,5,0,0,872,3,3,0,0,0,0,2,63,2,26,128,360,182,65,231,279,240,123,77,84,62,39,29,64,127,61,40,11,26,81,7,2,9,3,5,1,0,0,0,0,0,0,0,0,0,0,0,0,0,0,0,0,0
2023-12-07,NV,6449,0,0,0,0,0,0,0,0,0,0,0,0,0,0,0,0,0,0,0,0,88,0,0,0,2,0,1,0,0,0,0,1150,0,0,0,0,0,0,0,0,0,0,1837,0,0,0,4,0,0,0,0,0,0,0,0,3,0,2,0,0,49,0,0,22,5,0,0,0,0,5,0,0,860,3,3,0,0,0,0,2,65,2,26,124,361,178,64,233,281,235,122,76,83,61,39,28,63,126,60,40,11,25,81,7,2,9,3,5,1,0,0,0,0,0,0,0,0,0,0,0,0,0,0,0,0,0
2023-12-08,NV,6504,0,0,0,0,0,0,0,0,0,0,0,0,0,0,0,0,0,0,0,0,89,0,0,0,2,0,1,0,0,0,0,1232,0,0,0,0,0,0,0,0,0,0,1840,0,0,0,4,0,0,0,0,0,0,0,0,3,0,2,0,0,48,0,0,21,5,0,0,0,0,5,0,0,848,3,3,0,0,0,0,2,66,2,25,120,363,173,64,234,284,230,120,75,83,60,39,26,63,125,60,40,11,25,81,7,2,9,3,4,1,0,0,0,0,0,0,0,0,0,0,0,0,0,0,0,0,0
2023-12-09,NV,6559,0,0,0,0,0,0,0,0,0,0,0,0,0,0,0,0,0,0,0,0,90,0,0,0,2,0,1,0,0,0,0,1314,0,0,0,0,0,0,0,0,0,0,1842,0,0,0,4,0,0,0,0,0,0,0,0,3,0,2,0,0,47,0,0,21,5,0,0,0,0,6,0,0,835,3,3,0,0,0,0,2,68,2,25,116,364,169,64,236,287,224,119,73,82,59,38,25,62,124,59,39,11,24,81,6,2,9,3,4,1,0,0,0,0,0,0,0,0,0,0,0,0,0,0,0,0,0
2023-12-10,NV,6691,0,0,0,0,0,0,0,0,0,0,0,0,0,0,0,0,0,0,0,0,93,0,0,0,2,0,2,0,0,0,0,1414,0,0,0,0,0,0,0,0,0,0,1865,0,0,0,4,0,0,0,0,0,0,0,0,3,0,2,0,0,46,0,0,21,5,0,0,0,0,6,0,0,831,3,3,0,0,0,0,2,70,2,25,114,370,166,64,241,293,221,119,73,82,58,38,24,62,125,58,40,11,24,82,6,2,9,3,4,1,0,0,0,0,0,0,0,0,0,0,0,0,0,0,0,0,0
2023-12-11,NV,6822,0,0,0,0,0,0,0,0,0,0,0,0,0,0,0,0,0,0,0,0,95,0,0,0,2,0,2,0,0,0,0,1517,0,0,0,0,0,0,0,0,0,0,1887,0,0,0,5,0,0,0,0,0,0,0,0,3,0,2,0,0,46,0,0,21,5,0,0,0,0,6,0,0,827,3,3,0,0,0,0,2,72,2,25,111,376,163,64,246,299,218,119,72,82,58,38,23,62,125,58,40,11,24,83,6,2,9,3,4,1,0,0,0,0,0,0,0,0,0,0,0,0,0,0,0,0,0
2023-12-12,NV,6953,0,0,0,0,0,0,0,0,0,0,0,0,0,0,0,0,0,0,0,0,97,0,0,0,2,0,2,0,0,0,0,1622,0,0,0,0,0,0,0,0,0,0,1910,0,0,0,5,0,0,0,0,0,0,0,0,3,0,2,0,0,45,0,0,21,5,0,0,0,0,6,0,0,822,3,3,0,0,0,0,2,75,2,25,108,381,160,65,250,305,214,119,71,82,57,38,22,62,125,57,40,12,23,84,6,2,9,3,4,1,0,0,0,0,0,0,0,0,0,0,0,0,0,0,0,0,0
2023-12-13,NV,7084,0,0,0,0,0,0,0,0,0,0,0,0,0,0,0,0,0,0,0,0,99,0,0,0,2,0,2,0,0,0,0,1731,0,0,0,0,0,0,0,0,0,0,1931,0,0,0,5,0,0,0,0,0,0,0,0,4,0,2,0,0,44,0,0,20,6,0,0,0,0,7,0,0,816,3,3,0,0,0,0,2,77,2,25,105,387,157,65,255,311,210,118,70,82,56,38,21,62,126,57,40,12,23,85,5,2,9,3,4,1,0,0,0,0,0,0,0,0,0,0,0,0,0,0,0,0,0
2023-12-14,NV,7216,0,0,0,0,0,0,0,0,0,0,0,0,0,0,0,0,0,0,0,0,102,0,0,0,2,0,2,0,0,0,0,1842,0,0,0,0,0,0,0,0,0,0,1952,0,0,0,5,0,0,0,0,0,0,0,0,4,0,2,0,0,43,0,0,20,6,0,0,0,0,7,0,0,809,3,3,0,0,0,0,2,80,2,25,101,392,153,65,259,317,206,118,69,82,56,38,19,62,126,56,41,12,23,86,5,2,9,3,4,1,0,0,0,0,0,0,0,0,0,0,0,0,0,0,0,0,0
2023-12-15,NV,7347,0,0,0,0,0,0,0,0,0,0,0,0,0,0,0,0,0,0,0,0,104,0,0,0,2,0,2,0,0,0,0,1957,0,0,0,0,0,0,0,0,0,0,1972,0,0,0,6,0,0,0,0,0,0,0,0,4,0,2,0,0,42,0,0,20,6,0,0,0,0,7,0,0,801,3,4,0,0,0,0,2,82,2,25,98,398,149,65,264,323,202,117,69,82,55,38,18,62,126,55,41,12,22,86,5,2,9,3,3,1,0,0,0,0,0,0,0,0,0,0,0,0,0,0,0,0,0
2023-12-16,NV,7478,0,0,0,0,0,0,0,0,0,0,0,0,0,0,0,0,0,0,0,0,106,0,0,0,2,0,2,0,0,0,0,2074,0,0,0,0,0,0,0,0,0,0,1992,0,0,0,6,0,0,0,0,0,0,0,0,4,0,2,0,0,41,0,0,20,6,0,0,0,0,8,0,0,792,3,4,0,0,0,0,2,85,2,25,94,403,145,65,269,329,197,117,67,82,54,38,17,62,126,55,41,12,22,87,4,2,9,3,3,1,0,0,0,0,0,0,0,0,0,0,0,0,0,0,0,0,0
2023-12-17,NV,7740,0,0,0,0,0,0,0,0,0,0,0,0,0,0,0,0,0,0,0,0,111,0,0,0,2,0,2,0,0,0,0,2232,0,0,0,0,0,0,0,0,0,0,2046,0,0,0,7,0,0,0,0,0,0,0,0,4,0,3,0,0,40,0,0,20,6,0,0,0,0,8,0,0,797,3,4,0,0,0,0,2,89,2,25,91,415,143,67,278,340,195,118,67,83,54,39,15,63,128,55,42,12,22,89,4,2,9,3,3,2,0,0,0,0,0,0,0,0,0,0,0,0,0,0,0,0,0
2023-12-18,NV,8001,0,0,0,0,0,0,0,0,0,0,0,0,0,0,0,0,0,0,0,0,115,0,0,0,2,0,2,0,0,0,0,2395,0,0,0,0,0,0,0,0,0,0,2099,0,0,0,7,0,0,0,0,0,0,0,0,4,0,3,0,0,40,0,0,20,6,0,0,0,0,9,0,0,799,3,4,0,0,0,0,2,93,2,26,88,427,141,68,287,352,192,119,67,84,53,39,14,64,129,55,42,12,22,92,4,2,9,3,3,2,0,0,0,0,0,0,0,0,0,0,0,0,0,0,0,0,0
2023-12-19,NV,8263,0,0,0,0,0,0,0,0,0,0,0,0,0,0,0,0,0,0,0,0,119,0,0,0,2,0,2,0,0,0,0,2564,0,0,0,0,0,0,0,0,0,0,2151,0,0,0,7,0,0,0,0,0,0,0,0,5,0,3,0,0,39,0,0,20,7,0,0,0,0,9,0,0,800,4,4,0,0,0,0,2,97,2,26,85,439,138,69,296,364,189,120,67,84,53,40,13,64,131,55,43,12,21,94,4,2,9,3,3,2,0,0,0,0,0,0,0,0,0,0,0,0,0,0,0,0,0
2023-12-20,NV,8525,0,0,0,0,0,0,0,0,0,0,0,0,0,0,0,0,0,0,0,0,123,0,0,0,2,0,2,0,0,0,0,2740,0,0,0,0,0,0,0,0,0,0,2201,0,0,0,8,0,0,0,0,0,0,0,0,5,0,3,0,0,38,0,0,20,7,0,0,0,0,10,0,0,799,4,4,0,0,0,0,2,101,2,26,81,451,135,70,306,376,186,121,66,85,53,40,11,65,133,55,44,13,21,96,3,2,9,3,3,2,0,0,0,0,0,0,0,0,0,0,0,0,0,0,0,0,0
2023-12-21,NV,8786,0,0,0,0,0,0,0,0,0,0,0,0,0,0,0,0,0,0,0,0,128,0,0,0,2,0,2,0,0,0,0,2920,0,0,0,0,0,0,0,0,0,0,2251,0,0,0,8,0,0,0,0,0,0,0,0,5,0,3,0,0,37,0,0,20,7,0,0,0,0,10,0,0,797,4,4,0,0,0,0,2,106,2,26,77,463,131,71,315,388,181,121,66,86,52,40,9,65,134,54,45,13,21,98,3,2,9,4,2,2,0,0,0,0,0,0,0,0,0,0,0,0,0,0,0,0,0
2023-12-22,NV,9048,0,0,0,0,0,0,0,0,0,0,0,0,0,0,0,0,0,0,0,0,132,0,0,0,2,0,2,0,0,0,0,3107,0,0,0,0,0,0,0,0,0,0,2299,0,0,0,9,0,0,0,0,0,0,0,0,6,0,3,0,0,36,0,0,20,7,0,0,0,0,11,0,0,793,4,4,0,0,0,0,2,110,2,26,73,474,127,72,324,400,176,121,65,86,51,41,7,66,135,54,45,13,20,100,2,2,9,4,2,2,0,0,0,0,0,0,0,0,0,0,0,0,0,0,0,0,0
2023-12-23,NV,9310,0,0,0,0,0,0,0,0,0,0,0,0,0,0,0,0,0,0,0,0,136,0,0,0,2,0,2,11,0,0,0,3272,0,0,0,0,0,0,2,0,0,0,2327,0,0,0,9,0,0,0,0,0,0,0,0,6,0,3,4,0,34,0,10,19,8,6,0,0,0,11,0,0,781,4,5,4,0,20,21,2,114,2,26,67,482,121,72,331,408,170,120,64,86,50,40,5,65,135,53,45,13,20,101,2,2,9,4,2,2,0,0,0,0,0,0,0,0,0,0,0,0,0,0,0,0,0
2023-12-24,NV,9591,0,0,0,0,0,0,0,0,0,0,0,0,0,0,0,0,0,0,0,0,137,0,0,0,2,0,2,13,0,0,0,3504,0,0,0,0,0,0,2,0,0,0,2349,0,0,0,10,0,0,0,0,0,0,0,0,6,0,3,4,0,35,0,11,19,8,7,0,0,0,13,0,0,786,4,5,4,0,22,22,2,118,2,26,68,486,121,73,337,414,171,121,65,86,50,41,6,66,136,53,46,13,20,102,0,0,0,0,0,0,0,0,0,0,0,0,0,0,0,0,0,0,0,0,0,0,0
2023-12-25,NV,9873,0,0,0,0,0,0,0,0,0,0,0,0,0,0,0,0,0,0,0,0,138,0,0,0,2,0,2,15,0,0,0,3737,0,0,0,0,0,0,2,0,0,0,2364,0,0,0,10,0,0,0,0,0,0,0,0,6,0,3,5,0,35,0,11,19,8,7,0,0,0,15,0,0,789,4,5,5,0,24,22,2,121,3,26,69,488,121,73,343,419,171,121,66,87,50,41,6,67,137,53,45,13,20,102,0,0,0,0,0,0,0,0,0,0,0,0,0,0,0,0,0,0,0,0,0,0,0
2023-12-26,NV,10154,0,0,0,0,0,0,0,0,0,0,0,0,0,0,0,0,0,0,0,0,139,0,0,0,3,0,2,17,0,0,0,3976,0,0,0,0,0,0,2,0,0,0,2375,0,0,0,10,0,0,0,0,0,0,0,0,7,0,4,5,0,35,0,12,19,8,8,0,0,0,17,0,0,790,4,5,5,0,27,23,3,125,3,26,69,490,120,73,348,424,172,121,67,87,50,41,6,68,138,53,45,13,20,102,0,0,0,0,0,0,0,0,0,0,0,0,0,0,0,0,0,0,0,0,0,0,0
2023-12-27,NV,10436,0,0,0,0,0,0,0,0,0,0,0,0,0,0,0,0,0,0,0,0,140,0,0,0,3,0,2,19,0,0,0,4223,0,0,0,0,0,0,3,0,0,0,2383,0,0,0,10,0,0,0,0,0,0,0,0,7,0,4,5,0,35,0,13,19,9,9,0,0,0,19,0,0,790,5,5,6,0,29,24,3,129,3,26,69,491,120,74,354,428,172,120,68,87,49,41,6,68,138,53,45,13,20,102,0,0,0,0,0,0,0,0,0,0,0,0,0,0,0,0,0,0,0,0,0,0,0
2023-12-28,NV,10718,0,0,0,0,0,0,0,0,0,0,0,0,0,0,0,0,0,0,0,0,141,0,0,0,3,0,3,21,0,0,0,4478,0,0,0,0,0,0,3,0,0,0,2388,0,0,0,11,0,0,0,0,0,0,0,0,7,0,4,5,0,35,0,14,19,9,10,0,0,0,21,0,0,789,5,5,6,0,31,25,3,132,3,25,69,491,119,74,359,431,171,120,68,86,49,41,6,69,138,52,44,13,20,102,0,0,0,0,0,0,0,0,0,0,0,0,0,0,0,0,0,0,0,0,0,0,0
2023-12-29,NV,10999,0,0,0,0,0,0,0,0,0,0,0,0,0,0,0,0,0,0,0,0,141,0,0,0,3,0,3,24,0,0,0,4740,0,0,0,0,0,0,3,0,0,0,2389,0,0,0,11,0,0,0,0,0,0,0,0,8,0,4,6,0,35,0,15,19,9,11,0,0,0,23,0,0,787,5,5,6,0,34,26,3,136,3,25,70,490,117,74,363,434,171,119,69,86,48,41,6,70,138,52,44,13,20,102,0,0,0,0,0,0,0,0,0,0,0,0,0,0,0,0,0,0,0,0,0,0,0
2023-12-30,NV,11281,0,0,0,0,0,0,0,0,0,0,0,0,0,0,0,0,0,0,0,0,142,0,0,0,3,0,3,26,0,0,0,5009,0,0,0,0,0,0,3,0,0,0,2388,0,0,0,11,0,0,0,0,0,0,0,0,8,0,4,6,0,35,0,16,18,9,12,0,0,0,26,0,0,783,5,6,7,0,36,27,3,140,3,25,70,489,116,74,368,437,170,118,70,85,48,41,6,70,138,51,43,13,20,101,0,0,0,0,0,0,0,0,0,0,0,0,0,0,0,0,0,0,0,0,0,0,0
2023-12-31,NV,11209,0,0,0,0,0,0,0,0,0,0,0,0,0,0,0,0,0,0,0,0,137,0,0,0,3,0,3,28,0,0,0,5124,0,0,0,0,0,0,3,0,0,0,2311,0,0,0,11,0,0,0,0,0,0,0,0,8,0,4,6,0,34,0,16,17,9,12,0,0,0,27,0,0,755,5,6,7,0,38,27,3,139,3,23,67,472,111,71,361,426,164,113,69,82,46,40,6,68,133,49,41,12,19,98,0,0,0,0,0,0,0,0,0,0,0,0,0,0,0,0,0,0,0,0,0,0,0
2024-01-01,NV,11138,0,0,0,0,0,0,0,0,0,0,0,0,0,0,0,0,0,0,0,0,133,0,0,0,3,0,3,30,0,0,0,5237,0,0,0,0,0,0,3,0,0,0,2234,0,0,0,11,0,0,0,0,0,0,0,0,8,0,4,6,0,33,0,17,17,9,13,0,0,0,29,0,0,727,5,6,7,0,39,27,3,139,3,22,65,455,106,69,354,415,158,109,67,79,44,39,6,66,128,47,39,12,18,94,0,0,0,0,0,0,0,0,0,0,0,0,0,0,0,0,0,0,0,0,0,0,0
2024-01-02,NV,11066,0,0,0,0,0,0,0,0,0,0,0,0,0,0,0,0,0,0,0,0,129,0,0,0,3,0,3,31,0,0,0,5349,0,0,0,0,0,0,3,0,0,0,2158,0,0,0,11,0,0,0,0,0,0,0,0,8,0,4,6,0,32,0,17,16,9,13,0,0,0,30,0,0,699,5,6,7,0,41,27,3,138,3,21,63,439,101,67,347,404,152,104,66,76,42,37,6,65,124,45,38,11,18,91,0,0,0,0,0,0,0,0,0,0,0,0,0,0,0,0,0,0,0,0,0,0,0
2024-01-03,NV,10995,0,0,0,0,0,0,0,0,0,0,0,0,0,0,0,0,0,0,0,0,125,0,0,0,3,0,3,33,0,0,0,5459,0,0,0,0,0,0,3,0,0,0,2083,0,0,0,11,0,0,0,0,0,0,0,0,9,0,4,6,0,31,0,18,15,9,14,0,0,0,32,0,0,671,5,6,8,0,42,27,3,138,3,20,61,423,96,64,340,393,146,99,64,73,40,36,6,63,119,43,36,10,17,87,0,0,0,0,0,0,0,0,0,0,0,0,0,0,0,0,0,0,0,0,0,0,0
2024-01-04,NV,10923,0,0,0,0,0,0,0,0,0,0,0,0,0,0,0,0,0,0,0,0,121,0,0,0,3,0,3,35,0,0,0,5566,0,0,0,0,0,0,4,0,0,0,2009,0,0,0,11,0,0,0,0,0,0,0,0,9,0,4,6,0,29,0,18,14,9,14,0,0,0,33,0,0,644,5,6,8,0,44,27,3,137,3,19,59,407,91,62,333,383,140,95,63,69,38,35,6,61,115,41,34,10,16,84,0,0,0,0,0,0,0,0,0,0,0,0,0,0,0,0,0,0,0,0,0,0,0
2024-01-05,NV,10852,0,0,0,0,0,0,0,0,0,0,0,0,0,0,0,0,0,0,0,0,117,0,0,0,3,0,3,36,0,0,0,5672,0,0,0,0,0,0,4,0,0,0,1936,0,0,0,11,0,0,0,0,0,0,0,0,9,0,4,6,0,28,0,19,13,9,15,0,0,0,35,0,0,617,5,6,8,0,45,28,3,136,3,18,57,391,86,60,326,372,134,90,61,66,36,33,6,60,111,39,32,9,16,80,0,0,0,0,0,0,0,0,0,0,0,0,0,0,0,0,0,0,0,0,0,0,0
2024-01-06,NV,10780,0,0,0,0,0,0,0,0,0,0,0,0,0,0,0,0,0,0,0,0,113,0,0,0,3,0,3,38,0,0,0,5776,0,0,0,0,0,0,4,0,0,0,1863,0,0,0,11,0,0,0,0,0,0,0,0,9,0,4,6,0,27,0,19,13,9,15,0,0,0,36,0,0,590,5,5,8,0,46,28,3,136,3,17,55,375,81,57,319,362,128,86,60,63,34,32,6,58,106,37,30,9,15,77,0,0,0,0,0,0,0,0,0,0,0,0,0,0,0,0,0,0,0,0,0,0,0
2024-01-07,NV,10506,0,0,0,0,0,0,0,0,0,0,0,0,0,0,0,0,0,0,0,0,107,0,0,0,3,0,3,39,0,0,0,5767,0,0,0,0,0,0,4,0,0,0,1757,0,0,0,10,0,0,0,0,0,0,0,0,9,0,4,6,0,26,0,19,11,9,15,0,0,0,37,0,0,553,5,5,8,0,47,27,3,133,3,15,52,353,75,54,307,345,120,80,57,59,31,30,6,55,100,34,28,8,14,72,0,0,0,0,0,0,0,0,0,0,0,0,0,0,0,0,0,0,0,0,0,0,0
2024-01-08,NV,10231,0,0,0,0,0,0,0,0,0,0,0,0,0,0,0,0,0,0,0,0,102,0,0,0,3,0,2,39,0,0,0,5751,0,0,0,0,0,0,4,0,0,0,1654,0,0,0,10,0,0,0,0,0,0,0,0,9,0,4,6,0,24,0,19,11,9,16,0,0,0,37,0,0,517,5,5,8,0,47,27,3,129,3,14,49,331,69,51,294,328,112,74,55,55,29,28,5,53,94,32,26,8,13,67,0,0,0,0,0,0,0,0,0,0,0,0,0,0,0,0,0,0,0,0,0,0,0
2024-01-09,NV,9957,0,0,0,0,0,0,0,0,0,0,0,0,0,0,0,0,0,0,0,0,96,0,0,0,2,0,2,40,0,0,0,5727,0,0,0,0,0,0,4,0,0,0,1555,0,0,0,10,0,0,0,0,0,0,0,0,9,0,4,6,0,23,0,19,10,9,16,0,0,0,38,0,0,483,4,5,8,0,48,26,3,126,3,13,46,310,63,48,282,312,105,69,53,51,26,27,5,50,88,29,23,7,12,63,0,0,0,0,0,0,0,0,0,0,0,0,0,0,0,0,0,0,0,0,0,0,0
2024-01-10,NV,9682,0,0,0,0,0,0,0,0,0,0,0,0,0,0,0,0,0,0,0,0,91,0,0,0,2,0,2,41,0,0,0,5697,0,0,0,0,0,0,4,0,0,0,1458,0,0,0,10,0,0,0,0,0,0,0,0,8,0,4,6,0,21,0,19,9,8,16,0,0,0,38,0,0,449,4,5,8,0,48,26,2,123,3,11,43,289,58,45,270,296,97,63,50,48,24,25,5,47,82,27,21,6,12,59,0,0,0,0,0,0,0,0,0,0,0,0,0,0,0,0,0,0,0,0,0,0,0
2024-01-11,NV,9408,0,0,0,0,0,0,0,0,0,0,0,0,0,0,0,0,0,0,0,0,85,0,0,0,2,0,2,41,0,0,0,5659,0,0,0,0,0,0,4,0,0,0,1364,0,0,0,9,0,0,0,0,0,0,0,0,8,0,4,6,0,20,0,19,8,8,16,0,0,0,39,0,0,417,4,5,8,0,48,25,2,120,3,10,41,270,52,42,259,281,90,58,48,44,22,23,5,45,77,25,19,6,11,54,0,0,0,0,0,0,0,0,0,0,0,0,0,0,0,0,0,0,0,0,0,0,0
2024-01-12,NV,9133,0,0,0,0,0,0,0,0,0,0,0,0,0,0,0,0,0,0,0,0,80,0,0,0,2,0,2,41,0,0,0,5614,0,0,0,0,0,0,4,0,0,0,1274,0,0,0,9,0,0,0,0,0,0,0,0,8,0,4,6,0,19,0,19,7,8,16,0,0,0,39,0,0,385,4,5,8,0,48,25,2,116,2,9,38,251,47,39,247,266,84,53,46,40,20,22,5,43,72,23,17,5,10,50,0,0,0,0,0,0,0,0,0,0,0,0,0,0,0,0,0,0,0,0,0,0,0
2024-01-13,NV,8859,0,0,0,0,0,0,0,0,0,0,0,0,0,0,0,0,0,0,0,0,75,0,0,0,2,0,2,42,0,0,0,5561,0,0,0,0,0,0,4,0,0,0,1186,0,0,0,9,0,0,0,0,0,0,0,0,8,0,4,6,0,17,0,19,6,8,16,0,0,0,39,0,0,355,4,5,8,0,48,24,2,113,2,8,36,232,42,36,236,251,77,49,44,37,18,20,5,40,66,20,15,5,9,46,0,0,0,0,0,0,0,0,0,0,0,0,0,0,0,0,0,0,0,0,0,0,0
2024-01-14,NV,8636,0,0,0,0,0,0,0,0,0,0,0,0,0,0,0,0,0,0,0,0,71,0,0,0,2,0,2,42,0,0,0,5535,0,0,0,0,0,0,4,0,0,0,1108,0,0,0,8,0,0,0,0,0,0,0,0,8,0,4,6,0,16,0,19,5,8,16,0,0,0,39,0,0,328,4,5,8,0,48,24,2,110,2,7,33,216,38,34,226,239,71,44,42,34,16,19,4,38,62,19,14,4,9,43,0,0,0,0,0,0,0,0,0,0,0,0,0,0,0,0,0,0,0,0,0,0,0
2024-01-15,NV,8413,0,0,0,0,0,0,0,0,0,0,0,0,0,0,0,0,0,0,0,0,66,0,0,0,2,0,2,42,0,0,0,5502,0,0,0,0,0,0,4,0,0,0,1033,0,0,0,8,0,0,0,0,0,0,0,0,8,0,4,6,0,15,0,19,5,7,16,0,0,0,40,0,0,302,4,4,8,0,48,23,2,108,2,6,31,200,34,32,217,226,65,40,40,31,14,18,4,36,57,17,12,4,8,40,0,0,0,0,0,0,0,0,0,0,0,0,0,0,0,0,0,0,0,0,0,0,0
2024-01-16,NV,8190,0,0,0,0,0,0,0,0,0,0,0,0,0,0,0,0,0,0,0,0,62,0,0,0,2,0,2,43,0,0,0,5464,0,0,0,0,0,0,4,0,0,0,960,0,0,0,8,0,0,0,0,0,0,0,0,8,0,3,6,0,14,0,19,4,7,16,0,0,0,40,0,0,277,4,4,8,0,48,23,2,105,2,5,29,185,30,29,208,214,60,36,38,28,13,16,4,34,53,15,11,3,7,36,0,0,0,0,0,0,0,0,0,0,0,0,0,0,0,0,0,0,0,0,0,0,0
2024-01-17,NV,7967,0,0,0,0,0,0,0,0,0,0,0,0,0,0,0,0,0,0,0,0,58,0,0,0,2,0,2,43,0,0,0,5420,0,0,0,0,0,0,4,0,0,0,889,0,0,0,8,0,0,0,0,0,0,0,0,8,0,3,5,0,13,0,19,3,7,16,0,0,0,40,0,0,252,4,4,8,0,48,23,2,102,2,4,27,170,26,27,199,202,55,32,36,26,11,15,4,32,49,13,9,3,7,33,0,0,0,0,0,0,0,0,0,0,0,0,0,0,0,0,0,0,0,0,0,0,0
2024-01-18,NV,7744,0,0,0,0,0,0,0,0,0,0,0,0,0,0,0,0,0,0,0,0,54,0,0,0,2,0,2,43,0,0,0,5370,0,0,0,0,0,0,4,0,0,0,821,0,0,0,8,0,0,0,0,0,0,0,0,8,0,3,5,0,12,0,18,3,7,16,0,0,0,40,0,0,229,4,4,8,0,48,22,2,100,2,3,25,156,22,25,190,191,50,29,35,23,9,14,4,31,45,12,8,3,6,30,0,0,0,0,0,0,0,0,0,0,0,0,0,0,0,0,0,0,0,0,0,0,0
2024-01-19,NV,7521,0,0,0,0,0,0,0,0,0,0,0,0,0,0,0,0,0,0,0,0,51,0,0,0,2,0,2,43,0,0,0,5314,0,0,0,0,0,0,4,0,0,0,756,0,0,0,7,0,0,0,0,0,0,0,0,7,0,3,5,0,11,0,18,2,7,16,0,0,0,40,0,0,207,3,4,8,0,48,22,2,97,2,3,23,142,18,23,181,180,45,25,33,21,8,13,4,29,41,10,6,2,6,27,0,0,0,0,0,0,0,0,0,0,0,0,0,0,0,0,0,0,0,0,0,0,0
2024-01-20,NV,7297,0,0,0,0,0,0,0,0,0,0,0,0,0,0,0,0,0,0,0,0,47,0,0,0,2,0,2,43,0,0,0,5241,0,2,0,0,0,0,4,0,0,0,691,2,0,0,7,0,0,0,0,0,0,0,0,7,0,3,5,5,10,0,18,2,7,16,0,0,0,40,0,4,185,3,4,8,3,47,21,2,94,2,2,21,129,15,21,172,169,40,22,31,18,7,12,4,27,37,9,5,2,5,25,0,0,0,0,0,0,0,0,0,0,0,0,0,0,0,0,0,0,0,0,0,0,0
2024-01-21,NV,7250,0,0,0,0,0,0,0,0,0,0,0,0,0,0,0,0,0,0,0,0,47,0,0,0,2,0,2,48,0,0,0,5262,0,2,0,0,0,0,4,0,0,0,670,2,0,0,7,0,0,0,0,0,0,0,0,7,0,3,5,9,10,0,19,2,7,17,0,0,0,41,0,4,179,3,4,9,4,50,22,2,94,2,2,21,125,15,21,167,164,39,21,30,18,6,11,3,26,36,8,0,0,0,0,0,0,0,0,0,0,0,0,0,0,0,0,0,0,0,0,0,0,0,0,0,0,0
2024-01-22,NV,7203,0,0,0,0,0,0,0,0,0,0,0,0,0,0,0,0,0,0,0,0,48,0,0,0,2,0,2,53,0,0,0,5255,0,2,0,0,0,0,4,0,0,0,646,2,0,0,7,0,0,0,0,0,0,0,0,7,0,3,5,12,10,0,20,2,7,17,0,0,0,43,0,5,172,3,4,9,4,52,23,2,93,2,2,20,121,14,20,161,158,37,20,29,17,6,11,3,25,35,8,0,0,0,0,0,0,0,0,0,0,0,0,0,0,0,0,0,0,0,0,0,0,0,0,0,0,0
2024-01-23,NV,7156,0,0,0,0,0,0,0,0,0,0,0,0,0,0,0,0,0,0,0,0,48,0,0,0,2,0,2,58,0,0,0,5249,0,2,0,0,0,0,4,0,0,0,622,2,0,0,7,0,0,0,0,0,0,0,0,7,0,3,5,15,10,0,22,2,6,17,0,0,0,44,0,5,165,3,4,10,5,54,24,2,92,2,2,19,117,14,19,156,152,35,19,29,17,6,10,3,24,33,8,0,0,0,0,0,0,0,0,0,0,0,0,0,0,0,0,0,0,0,0,0,0,0,0,0,0,0
2024-01-24,NV,7109,0,0,0,0,0,0,0,0,0,0,0,0,0,0,0,0,0,0,0,0,48,0,0,0,2,0,2,63,0,0,0,5241,0,2,0,0,0,0,4,0,0,0,598,2,0,0,7,0,0,0,0,0,0,0,0,8,0,3,5,18,10,0,23,2,6,18,0,0,0,45,0,6,159,3,4,11,6,56,25,2,92,2,2,18,112,13,18,150,146,34,18,28,16,6,10,3,23,32,7,0,0,0,0,0,0,0,0,0,0,0,0,0,0,0,0,0,0,0,0,0,0,0,0,0,0,0
2024-01-25,NV,7062,0,0,0,0,0,0,0,0,0,0,0,0,0,0,0,0,0,0,0,0,49,0,0,0,2,0,2,68,0,0,0,5234,0,2,0,0,0,0,4,0,0,0,574,2,0,0,6,0,0,0,0,0,0,0,0,8,0,3,5,21,10,0,24,2,6,18,0,0,0,46,0,6,152,3,4,12,6,58,26,2,91,2,2,17,108,13,18,144,141,32,18,27,16,6,10,3,22,31,7,0,0,0,0,0,0,0,0,0,0,0,0,0,0,0,0,0,0,0,0,0,0,0,0,0,0,0
2024-01-26,NV,7015,0,0,0,0,0,0,0,0,0,0,0,0,0,0,0,0,0,0,0,0,49,0,0,0,2,0,2,73,0,0,0,5226,0,2,0,0,0,0,5,0,0,0,551,2,0,0,6,0,0,0,0,0,0,0,0,8,0,3,5,24,9,0,25,2,6,19,0,0,0,47,0,6,146,3,4,12,7,61,26,2,90,2,2,17,104,12,17,139,135,31,17,26,15,5,9,3,21,29,7,0,0,0,0,0,0,0,0,0,0,0,0,0,0,0,0,0,0,0,0,0,0,0,0,0,0,0
2024-01-27,NV,6968,0,0,0,0,0,0,0,0,0,0,0,0,0,0,0,0,0,0,0,0,49,0,0,0,2,0,2,78,0,0,0,5218,0,2,0,0,0,0,5,0,0,0,528,2,0,0,6,0,0,0,0,0,0,0,0,8,0,3,5,27,9,0,26,2,6,19,0,0,0,48,0,7,139,3,4,13,8,63,27,2,89,2,2,16,100,12,16,133,129,29,16,25,15,5,9,3,20,28,7,0,0,0,0,0,0,0,0,0,0,0,0,0,0,0,0,0,0,0,0,0,0,0,0,0,0,0
2024-01-28,NV,7032,0,0,0,0,0,0,0,0,0,0,0,0,0,0,0,0,0,0,0,0,50,0,0,0,2,0,2,84,0,0,0,5293,0,2,0,0,0,0,5,0,0,0,513,2,0,0,6,0,0,0,0,0,0,0,0,8,0,3,5,31,9,0,27,2,6,20,0,0,0,50,0,7,135,3,4,14,8,66,28,2,90,2,2,15,98,12,16,130,126,28,16,24,14,5,9,3,20,27,6,0,0,0,0,0,0,0,0,0,0,0,0,0,0,0,0,0,0,0,0,0,0,0,0,0,0,0
2024-01-29,NV,7096,0,0,0,0,0,0,0,0,0,0,0,0,0,0,0,0,0,0,0,0,51,0,0,0,2,0,2,90,0,0,0,5368,0,2,0,0,0,0,5,0,0,0,498,2,0,0,6,0,0,0,0,0,0,0,0,8,0,3,5,34,10,0,29,2,7,21,0,0,0,52,0,8,131,3,4,15,9,69,30,2,91,2,2,15,96,11,16,127,122,27,15,24,14,5,8,3,19,26,6,0,0,0,0,0,0,0,0,0,0,0,0,0,0,0,0,0,0,0,0,0,0,0,0,0,0,0
2024-01-30,NV,7160,0,0,0,0,0,0,0,0,0,0,0,0,0,0,0,0,0,0,0,0,52,0,0,0,2,0,2,96,0,0,0,5444,0,2,0,0,0,0,6,0,0,0,483,2,0,0,6,0,0,0,0,0,0,0,0,8,0,3,5,38,10,0,30,2,7,21,0,0,0,54,0,8,126,3,4,16,10,72,31,2,91,2,3,14,93,11,15,123,119,26,14,23,14,5,8,3,18,25,6,0,0,0,0,0,0,0,0,0,0,0,0,0,0,0,0,0,0,0,0,0,0,0,0,0,0,0
2024-01-31,NV,7223,0,0,0,0,0,0,0,0,0,0,0,0,0,0,0,0,0,0,0,0,53,0,0,0,2,0,2,102,0,0,0,5520,0,2,0,0,0,0,6,0,0,0,467,2,0,0,6,0,0,0,0,0,0,0,0,8,0,3,5,42,10,0,32,2,7,22,0,0,0,56,0,9,122,3,4,17,11,75,32,2,92,2,3,14,91,11,15,120,115,25,14,23,13,5,8,3,18,24,6,0,0,0,0,0,0,0,0,0,0,0,0,0,0,0,0,0,0,0,0,0,0,0,0,0,0,0
2024-02-01,NV,7287,0,0,0,0,0,0,0,0,0,0,0,0,0,0,0,0,0,0,0,0,55,0,0,0,2,0,2,108,0,0,0,5597,0,2,0,0,0,0,6,0,0,0,451,2,0,0,6,0,0,0,0,0,0,0,0,8,0,3,5,45,10,0,34,2,7,23,0,0,0,58,0,9,117,3,4,18,12,78,34,2,93,2,3,13,88,11,14,116,111,24,13,22,13,5,8,3,17,23,6,0,0,0,0,0,0,0,0,0,0,0,0,0,0,0,0,0,0,0,0,0,0,0,0,0,0,0
2024-02-02,NV,7351,0,0,0,0,0,0,0,0,0,0,0,0,0,0,0,0,0,0,0,0,56,0,0,0,2,0,2,115,0,0,0,5674,0,2,0,0,0,0,6,0,0,0,434,2,0,0,6,0,0,0,0,0,0,0,0,9,0,4,5,49,10,0,35,2,7,24,0,0,0,60,0,10,113,3,4,19,12,82,35,2,93,2,3,13,85,10,14,112,107,23,13,22,13,4,7,3,16,22,6,0,0,0,0,0,0,0,0,0,0,0,0,0,0,0,0,0,0,0,0,0,0,0,0,0,0,0
2024-02-03,NV,7415,0,0,0,0,0,0,0,0,0,0,0,0,0,0,0,0,0,0,0,0,57,0,0,0,3,0,2,121,0,0,0,5752,0,2,0,0,0,0,7,0,0,0,418,2,0,0,6,0,0,0,0,0,0,0,0,9,0,4,5,53,10,0,37,2,7,24,0,0,0,62,0,10,108,3,4,20,13,85,36,2,94,2,3,12,83,10,13,108,103,22,12,21,12,4,7,3,16,21,5,0,0,0,0,0,0,0,0,0,0,0,0,0,0,0,0,0,0,0,0,0,0,0,0,0,0,0
2024-02-04,NV,7449,0,0,0,0,0,0,0,0,0,0,0,0,0,0,0,0,0,0,0,0,58,0,0,0,3,0,2,127,0,0,0,5806,0,2,0,0,0,0,7,0,0,0,399,2,0,0,6,0,0,0,0,0,0,0,0,9,0,4,5,57,10,0,38,2,7,25,0,0,0,64,0,11,103,3,4,21,14,88,37,2,94,2,3,11,79,10,13,104,99,20,11,20,12,4,7,3,15,20,5,0,0,0,0,0,0,0,0,0,0,0,0,0,0,0,0,0,0,0,0,0,0,0,0,0,0,0
2024-02-05,NV,7482,0,0,0,0,0,0,0,0,0,0,0,0,0,0,0,0,0,0,0,0,59,0,0,0,3,0,2,133,0,0,0,5861,0,2,0,0,0,0,7,0,0,0,380,2,0,0,6,0,0,0,0,0,0,0,0,9,0,4,5,60,10,0,40,2,7,26,0,0,0,66,0,11,97,3,4,22,15,91,39,2,95,2,3,11,76,9,12,100,95,19,11,20,12,4,6,3,14,19,5,0,0,0,0,0,0,0,0,0,0,0,0,0,0,0,0,0,0,0,0,0,0,0,0,0,0,0
2024-02-06,NV,7516,0,0,0,0,0,0,0,0,0,0,0,0,0,0,0,0,0,0,0,0,59,0,0,0,3,0,2,139,0,0,0,5916,0,2,0,0,0,0,7,0,0,0,361,2,0,0,5,0,0,0,0,0,0,0,0,9,0,4,5,64,10,0,41,2,7,26,0,0,0,68,0,12,92,4,4,23,16,94,40,2,95,2,3,10,73,9,12,95,90,18,10,19,11,4,6,3,13,18,5,0,0,0,0,0,0,0,0,0,0,0,0,0,0,0,0,0,0,0,0,0,0,0,0,0,0,0
2024-02-07,NV,7549,0,0,0,0,0,0,0,0,0,0,0,0,0,0,0,0,0,0,0,0,60,0,0,0,3,0,2,146,0,0,0,5972,0,2,0,0,0,0,8,0,0,0,342,2,0,0,5,0,0,0,0,0,0,0,0,9,0,4,5,68,10,0,43,2,7,27,0,0,0,70,0,12,87,4,4,24,16,97,41,2,95,2,3,9,70,9,11,91,85,16,9,18,11,4,6,3,13,16,5,0,0,0,0,0,0,0,0,0,0,0,0,0,0,0,0,0,0,0,0,0,0,0,0,0,0,0
2024-02-08,NV,7583,0,0,0,0,0,0,0,0,0,0,0,0,0,0,0,0,0,0,0,0,61,0,0,0,3,0,2,152,0,0,0,6027,0,2,0,0,0,0,8,0,0,0,322,2,0,0,5,0,0,0,0,0,0,0,0,9,0,4,5,71,10,0,44,2,7,28,0,0,0,71,0,13,81,4,4,25,17,100,42,2,95,2,3,9,67,9,11,86,81,15,9,18,10,4,5,3,12,15,4,0,0,0,0,0,0,0,0,0,0,0,0,0,0,0,0,0,0,0,0,0,0,0,0,0,0,0
2024-02-09,NV,7617,0,0,0,0,0,0,0,0,0,0,0,0,0,0,0,0,0,0,0,0,62,0,0,0,3,0,2,158,0,0,0,6083,0,2,0,0,0,0,8,0,0,0,303,2,0,0,5,0,0,0,0,0,0,0,0,10,0,4,5,75,10,0,46,2,7,28,0,0,0,73,0,13,76,4,4,26,18,103,44,2,96,2,4,8,63,8,10,82,76,14,8,17,10,3,5,3,11,14,4,0,0,0,0,0,0,0,0,0,0,0,0,0,0,0,0,0,0,0,0,0,0,0,0,0,0,0
2024-02-10,NV,7650,0,0,0,0,0,0,0,0,0,0,0,0,0,0,0,0,0,0,0,0,63,0,0,0,3,0,2,165,0,0,0,6139,0,2,0,0,0,0,8,0,0,0,283,2,0,0,5,0,0,0,0,0,0,0,0,10,0,4,5,79,10,0,47,2,7,29,0,0,0,75,0,14,70,4,4,27,19,107,45,2,96,2,4,7,60,8,9,77,71,12,7,16,10,3,5,3,10,13,4,0,0,0,0,0,0,0,0,0,0,0,0,0,0,0,0,0,0,0,0,0,0,0,0,0,0,0
2024-02-11,NV,7613,0,0,0,0,0,0,0,0,0,0,0,0,0,0,0,0,0,0,0,0,63,0,0,0,3,0,2,169,0,0,0,6138,0,2,0,0,0,0,8,0,0,0,261,2,0,0,5,0,0,0,0,0,0,0,0,10,0,4,5,82,10,0,48,2,7,30,0,0,0,76,0,14,64,4,4,27,19,109,46,2,95,2,4,6,56,7,9,72,66,11,7,15,9,3,4,2,9,12,4,0,0,0,0,0,0,0,0,0,0,0,0,0,0,0,0,0,0,0,0,0,0,0,0,0,0,0
2024-02-12,NV,7576,0,0,0,0,0,0,0,0,0,0,0,0,0,0,0,0,0,0,0,0,64,0,0,0,3,0,2,174,0,0,0,6137,0,2,0,0,0,0,9,0,0,0,239,2,0,0,5,0,0,0,0,0,0,0,0,10,0,4,5,85,10,0,49,2,7,30,0,0,0,78,0,15,58,4,4,28,20,111,47,2,95,2,4,6,53,7,8,67,61,9,6,15,9,3,4,2,8,10,3,0,0,0,0,0,0,0,0,0,0,0,0,0,0,0,0,0,0,0,0,0,0,0,0,0,0,0
2024-02-13,NV,7538,0,0,0,0,0,0,0,0,0,0,0,0,0,0,0,0,0,0,0,0,64,0,0,0,3,0,2,179,0,0,0,6135,0,2,0,0,0,0,9,0,0,0,217,2,0,0,5,0,0,0,0,0,0,0,0,10,0,4,5,88,10,0,50,2,7,30,0,0,0,79,0,15,52,4,4,29,21,113,47,2,94,2,4,5,49,7,8,61,56,8,5,14,8,3,4,2,8,9,3,0,0,0,0,0,0,0,0,0,0,0,0,0,0,0,0,0,0,0,0,0,0,0,0,0,0,0
2024-02-14,NV,7501,0,0,0,0,0,0,0,0,0,0,0,0,0,0,0,0,0,0,0,0,64,0,0,0,3,0,2,183,0,0,0,6134,0,2,0,0,0,0,9,0,0,0,195,2,0,0,5,0,0,0,0,0,0,0,0,10,0,4,5,91,10,0,51,2,7,31,0,0,0,80,0,15,46,4,4,29,21,115,48,2,93,2,4,4,45,6,7,56,50,6,4,13,8,3,3,2,7,8,3,0,0,0,0,0,0,0,0,0,0,0,0,0,0,0,0,0,0,0,0,0,0,0,0,0,0,0
2024-02-15,NV,7464,0,0,0,0,0,0,0,0,0,0,0,0,0,0,0,0,0,0,0,0,65,0,0,0,3,0,2,188,0,0,0,6131,0,2,0,0,0,0,9,0,0,0,174,2,0,0,4,0,0,0,0,0,0,0,0,10,0,4,5,94,10,0,52,2,7,31,0,0,0,81,0,16,40,4,4,30,22,117,49,2,93,2,4,4,41,6,6,51,45,5,4,12,7,2,3,2,6,7,3,0,0,0,0,0,0,0,0,0,0,0,0,0,0,0,0,0,0,0,0,0,0,0,0,0,0,0
2024-02-16,NV,7427,0,0,0,0,0,0,0,0,0,0,0,0,0,0,0,0,0,0,0,0,65,0,0,0,3,0,3,193,0,0,0,6129,0,2,0,0,0,0,9,0,0,0,153,2,0,0,4,0,0,0,0,0,0,0,0,10,0,4,5,97,10,0,54,2,7,32,0,0,0,82,0,16,34,4,4,31,22,119,50,2,92,2,4,3,38,5,6,46,40,4,3,11,7,2,2,2,5,5,2,0,0,0,0,0,0,0,0,0,0,0,0,0,0,0,0,0,0,0,0,0,0,0,0,0,0,0
2024-02-17,NV,7389,0,0,0,0,0,0,0,0,0,0,0,0,0,0,0,0,0,0,0,0,65,0,0,0,3,0,3,197,0,0,0,6122,0,2,5,0,0,0,9,0,0,0,132,2,0,0,4,0,0,0,0,0,0,0,0,10,0,4,5,100,10,0,54,2,7,32,0,0,0,83,0,16,28,4,4,32,23,121,51,2,91,2,4,2,34,5,5,41,35,2,2,10,6,2,2,2,4,4,2,0,0,0,0,0,0,0,0,0,0,0,0,0,0,0,0,0,0,0,0,0,0,0,0,0,0,0
2024-02-18,NV,7172,0,0,0,0,0,0,0,0,0,0,0,0,0,0,0,0,0,0,0,0,64,0,0,0,3,0,3,204,0,0,0,5940,0,2,5,0,0,0,13,0,0,0,124,2,0,0,4,0,0,0,0,0,0,0,0,13,0,4,5,101,9,0,55,2,7,33,0,0,0,82,0,19,27,3,4,34,23,123,50,2,87,2,4,2,33,5,5,39,33,2,0,0,0,0,0,0,0,0,0,0,0,0,0,0,0,0,0,0,0,0,0,0,0,0,0,0,0,0,0,0,0,0,0,0,0,0
2024-02-19,NV,6955,0,0,0,0,0,0,0,0,0,0,0,0,0,0,0,0,0,0,0,0,62,0,0,0,3,0,3,209,0,0,0,5730,0,2,5,0,0,0,15,0,0,0,117,2,0,0,4,0,0,0,0,0,0,0,0,15,0,4,5,101,9,0,54,2,7,34,0,0,0,81,0,21,26,3,4,35,23,124,50,2,83,2,4,2,31,5,5,37,31,3,0,0,0,0,0,0,0,0,0,0,0,0,0,0,0,0,0,0,0,0,0,0,0,0,0,0,0,0,0,0,0,0,0,0,0,0
2024-02-20,NV,6738,0,0,0,0,0,0,0,0,0,0,0,0,0,0,0,0,0,0,0,0,60,0,0,0,3,0,4,213,0,0,0,5522,0,2,5,0,0,0,18,0,0,0,109,2,0,0,4,0,0,0,0,0,0,0,0,17,0,4,5,101,9,0,54,2,7,35,0,0,0,79,0,23,26,3,4,37,22,125,49,2,79,2,4,2,29,5,5,35,29,3,0,0,0,0,0,0,0,0,0,0,0,0,0,0,0,0,0,0,0,0,0,0,0,0,0,0,0,0,0,0,0,0,0,0,0,0
2024-02-21,NV,6520,0,0,0,0,0,0,0,0,0,0,0,0,0,0,0,0,0,0,0,0,58,0,0,0,3,0,4,217,0,0,0,5317,0,2,5,0,0,0,20,0,0,0,102,2,0,0,4,0,0,0,0,0,0,0,0,19,0,4,5,101,8,0,53,2,6,36,0,0,0,78,0,24,25,3,4,38,22,125,48,2,75,2,4,2,28,5,5,33,28,3,0,0,0,0,0,0,0,0,0,0,0,0,0,0,0,0,0,0,0,0,0,0,0,0,0,0,0,0,0,0,0,0,0,0,0,0
2024-02-22,NV,6303,0,0,0,0,0,0,0,0,0,0,0,0,0,0,0,0,0,0,0,0,56,0,0,0,3,0,4,220,0,0,0,5112,0,2,5,0,0,0,23,0,0,0,95,2,0,0,4,0,0,0,0,0,0,0,0,21,0,3,5,101,8,0,53,2,6,37,0,0,0,76,0,26,24,3,4,39,22,126,48,2,71,2,4,2,26,5,5,31,26,3,0,0,0,0,0,0,0,0,0,0,0,0,0,0,0,0,0,0,0,0,0,0,0,0,0,0,0,0,0,0,0,0,0,0,0,0
2024-02-23,NV,6086,0,0,0,0,0,0,0,0,0,0,0,0,0,0,0,0,0,0,0,0,54,0,0,0,3,0,5,222,0,0,0,4910,0,2,5,0,0,0,25,0,0,0,89,2,0,0,4,0,0,0,0,0,0,0,0,22,0,3,4,100,8,0,52,2,6,37,0,0,0,75,0,27,23,3,4,40,21,125,47,2,67,2,3,2,25,5,5,29,24,3,0,0,0,0,0,0,0,0,0,0,0,0,0,0,0,0,0,0,0,0,0,0,0,0,0,0,0,0,0,0,0,0,0,0,0,0
2024-02-24,NV,5868,0,0,0,0,0,0,0,0,0,0,0,0,0,0,0,0,0,0,0,0,52,0,0,0,3,0,5,224,0,0,0,4710,0,2,5,0,0,0,26,0,0,0,82,2,0,0,3,0,0,0,0,0,0,0,0,24,0,3,4,99,8,0,51,2,6,38,0,0,0,73,0,29,23,3,3,41,21,125,46,1,63,2,3,2,23,4,4,27,22,3,0,0,0,0,0,0,0,0,0,0,0,0,0,0,0,0,0,0,0,0,0,0,0,0,0,0,0,0,0,0,0,0,0,0,0,0
2024-02-25,NV,5737,0,0,0,0,0,0,0,0,0,0,0,0,0,0,0,0,0,0,0,0,51,0,0,0,3,0,5,228,0,0,0,4580,0,2,5,0,0,0,29,0,0,0,77,2,0,0,3,0,0,0,0,0,0,0,0,25,0,3,4,100,7,0,51,2,6,39,0,0,0,72,0,30,22,3,3,43,21,126,46,1,60,2,3,2,22,4,4,25,21,3,0,0,0,0,0,0,0,0,0,0,0,0,0,0,0,0,0,0,0,0,0,0,0,0,0,0,0,0,0,0,0,0,0,0,0,0
2024-02-26,NV,5605,0,0,0,0,0,0,0,0,0,0,0,0,0,0,0,0,0,0,0,0,49,0,0,0,3,0,6,232,0,0,0,4450,0,2,5,0,0,0,30,0,0,0,72,2,0,0,3,0,0,0,0,0,0,0,0,27,0,3,4,100,7,0,51,2,6,39,0,0,0,71,0,32,22,3,3,44,21,127,45,1,58,2,3,2,21,4,4,24,20,3,0,0,0,0,0,0,0,0,0,0,0,0,0,0,0,0,0,0,0,0,0,0,0,0,0,0,0,0,0,0,0,0,0,0,0,0
2024-02-27,NV,5473,0,0,0,0,0,0,0,0,0,0,0,0,0,0,0,0,0,0,0,0,48,0,0,0,3,0,6,236,0,0,0,4322,0,2,5,0,0,0,32,0,0,0,68,2,0,0,3,0,0,0,0,0,0,0,0,28,0,3,4,100,7,0,51,2,5,40,0,0,0,70,0,33,21,3,3,45,21,128,45,1,55,2,3,2,20,4,4,23,19,3,0,0,0,0,0,0,0,0,0,0,0,0,0,0,0,0,0,0,0,0,0,0,0,0,0,0,0,0,0,0,0,0,0,0,0,0
2024-02-28,NV,5342,0,0,0,0,0,0,0,0,0,0,0,0,0,0,0,0,0,0,0,0,47,0,0,0,3,0,6,239,0,0,0,4196,0,2,5,0,0,0,34,0,0,0,63,2,0,0,3,0,0,0,0,0,0,0,0,30,0,3,4,101,7,0,51,2,5,41,0,0,0,70,0,34,21,3,3,46,21,129,45,1,52,2,3,2,19,4,4,21,18,3,0,0,0,0,0,0,0,0,0,0,0,0,0,0,0,0,0,0,0,0,0,0,0,0,0,0,0,0,0,0,0,0,0,0,0,0
2024-02-29,NV,5210,0,0,0,0,0,0,0,0,0,0,0,0,0,0,0,0,0,0,0,0,46,0,0,0,3,0,6,241,0,0,0,4070,0,1,5,0,0,0,36,0,0,0,59,2,0,0,3,0,0,0,0,0,0,0,0,31,0,3,4,101,7,0,51,2,5,41,0,0,0,69,0,35,20,3,3,47,20,129,44,1,50,2,3,2,18,4,4,20,16,3,0,0,0,0,0,0,0,0,0,0,0,0,0,0,0,0,0,0,0,0,0,0,0,0,0,0,0,0,0,0,0,0,0,0,0,0
2024-03-01,NV,5078,0,0,0,0,0,0,0,0,0,0,0,0,0,0,0,0,0,0,0,0,45,0,0,0,3,0,6,244,0,0,0,3945,0,1,5,0,0,0,37,0,0,0,54,2,0,0,3,0,0,0,0,0,0,0,0,32,0,3,4,100,6,0,50,2,5,42,0,0,0,68,0,36,20,2,3,48,20,129,44,1,47,1,3,2,17,4,4,19,15,3,0,0,0,0,0,0,0,0,0,0,0,0,0,0,0,0,0,0,0,0,0,0,0,0,0,0,0,0,0,0,0,0,0,0,0,0
2024-03-02,NV,4947,0,0,0,0,0,0,0,0,0,0,0,0,0,0,0,0,0,0,0,0,43,0,0,0,3,0,7,245,0,0,0,3822,0,1,5,0,0,0,38,0,0,0,50,2,0,0,3,0,0,0,0,0,0,0,0,33,0,3,4,100,6,0,50,2,5,42,0,0,0,67,0,37,19,2,3,48,20,130,44,1,45,1,3,2,16,4,4,18,14,3,0,0,0,0,0,0,0,0,0,0,0,0,0,0,0,0,0,0,0,0,0,0,0,0,0,0,0,0,0,0,0,0,0,0,0,0
2024-03-03,NV,4875,0,0,0,0,0,0,0,0,0,0,0,0,0,0,0,0,0,0,0,0,43,0,0,0,3,0,7,250,0,0,0,3746,0,1,5,0,0,0,40,0,0,0,47,1,0,0,3,0,0,0,0,0,0,0,0,34,0,3,4,101,6,0,50,2,5,43,0,0,0,67,0,39,19,2,3,50,20,131,44,1,43,1,3,2,16,4,4,17,13,3,0,0,0,0,0,0,0,0,0,0,0,0,0,0,0,0,0,0,0,0,0,0,0,0,0,0,0,0,0,0,0,0,0,0,0,0
2024-03-04,NV,4804,0,0,0,0,0,0,0,0,0,0,0,0,0,0,0,0,0,0,0,0,42,0,0,0,3,0,7,254,0,0,0,3670,0,1,5,0,0,0,42,0,0,0,43,1,0,0,3,0,0,0,0,0,0,0,0,36,0,3,4,102,6,0,50,2,5,44,0,0,0,66,0,40,19,2,3,51,20,132,44,1,41,1,3,2,15,4,4,16,12,3,0,0,0,0,0,0,0,0,0,0,0,0,0,0,0,0,0,0,0,0,0,0,0,0,0,0,0,0,0,0,0,0,0,0,0,0
2024-03-05,NV,4732,0,0,0,0,0,0,0,0,0,0,0,0,0,0,0,0,0,0,0,0,41,0,0,0,3,0,7,258,0,0,0,3595,0,1,5,0,0,0,43,0,0,0,40,1,0,0,3,0,0,0,0,0,0,0,0,37,0,3,3,103,6,0,51,2,5,45,0,0,0,66,0,41,19,2,3,52,20,134,44,1,40,1,3,2,14,4,4,15,12,3,0,0,0,0,0,0,0,0,0,0,0,0,0,0,0,0,0,0,0,0,0,0,0,0,0,0,0,0,0,0,0,0,0,0,0,0
2024-03-06,NV,4661,0,0,0,0,0,0,0,0,0,0,0,0,0,0,0,0,0,0,0,0,41,0,0,0,3,0,8,262,0,0,0,3521,0,1,5,0,0,0,45,0,0,0,37,1,0,0,3,0,0,0,0,0,0,0,0,38,0,3,3,103,6,0,51,2,5,45,0,0,0,66,0,42,18,2,3,53,20,135,44,1,38,1,3,2,14,4,4,14,11,3,0,0,0,0,0,0,0,0,0,0,0,0,0,0,0,0,0,0,0,0,0,0,0,0,0,0,0,0,0,0,0,0,0,0,0,0
2024-03-07,NV,4590,0,0,0,0,0,0,0,0,0,0,0,0,0,0,0,0,0,0,0,0,40,0,0,0,3,0,8,265,0,0,0,3447,0,1,5,0,0,0,46,0,0,0,34,1,0,0,3,0,0,0,0,0,0,0,0,39,0,3,3,104,6,0,51,2,5,46,0,0,0,66,0,43,18,2,3,54,20,136,44,1,36,1,3,2,13,4,4,13,10,4,0,0,0,0,0,0,0,0,0,0,0,0,0,0,0,0,0,0,0,0,0,0,0,0,0,0,0,0,0,0,0,0,0,0,0,0
2024-03-08,NV,4518,0,0,0,0,0,0,0,0,0,0,0,0,0,0,0,0,0,0,0,0,39,0,0,0,3,0,8,268,0,0,0,3374,0,1,5,0,0,0,48,0,0,0,31,1,0,0,3,0,0,0,0,0,0,0,0,41,0,3,3,105,6,0,51,2,5,47,0,0,0,65,0,44,18,2,3,55,20,137,44,1,35,1,3,2,13,4,4,12,9,4,0,0,0,0,0,0,0,0,0,0,0,0,0,0,0,0,0,0,0,0,0,0,0,0,0,0,0,0,0,0,0,0,0,0,0,0
2024-03-09,NV,4447,0,0,0,0,0,0,0,0,0,0,0,0,0,0,0,0,0,0,0,0,39,0,0,0,3,0,8,271,0,0,0,3302,0,1,5,0,0,0,49,0,0,0,28,1,0,0,3,0,0,0,0,0,0,0,0,42,0,3,3,105,6,0,51,2,5,47,0,0,0,65,0,45,18,2,3,56,20,138,44,1,33,1,3,2,12,4,4,11,9,4,0,0,0,0,0,0,0,0,0,0,0,0,0,0,0,0,0,0,0,0,0,0,0,0,0,0,0,0,0,0,0,0,0,0,0,0
2024-03-10,NV,4399,0,0,0,0,0,0,0,0,0,0,0,0,0,0,0,0,0,0,0,0,38,0,0,0,3,0,8,276,0,0,0,3247,0,1,5,0,0,0,50,0,0,0,25,1,0,0,3,0,0,0,0,0,0,0,0,43,0,3,3,106,6,0,51,2,5,48,0,0,0,65,0,46,17,2,3,57,20,140,44,1,32,1,3,2,11,4,4,10,8,4,0,0,0,0,0,0,0,0,0,0,0,0,0,0,0,0,0,0,0,0,0,0,0,0,0,0,0,0,0,0,0,0,0,0,0,0
2024-03-11,NV,4350,0,0,0,0,0,0,0,0,0,0,0,0,0,0,0,0,0,0,0,0,38,0,0,0,3,0,9,280,0,0,0,3193,0,1,5,0,0,0,52,0,0,0,22,1,0,0,3,0,0,0,0,0,0,0,0,44,0,3,3,107,5,0,52,2,5,49,0,0,0,65,0,48,17,2,3,58,20,141,44,1,30,1,3,2,11,4,4,10,7,4,0,0,0,0,0,0,0,0,0,0,0,0,0,0,0,0,0,0,0,0,0,0,0,0,0,0,0,0,0,0,0,0,0,0,0,0
2024-03-12,NV,4302,0,0,0,0,0,0,0,0,0,0,0,0,0,0,0,0,0,0,0,0,37,0,0,0,3,0,9,284,0,0,0,3139,0,1,5,0,0,0,53,0,0,0,20,1,0,0,3,0,0,0,0,0,0,0,0,45,0,3,3,108,5,0,52,2,4,50,0,0,0,65,0,49,17,2,3,59,20,143,44,1,29,1,3,2,10,4,4,9,6,4,0,0,0,0,0,0,0,0,0,0,0,0,0,0,0,0,0,0,0,0,0,0,0,0,0,0,0,0,0,0,0,0,0,0,0,0
2024-03-13,NV,4254,0,0,0,0,0,0,0,0,0,0,0,0,0,0,0,0,0,0,0,0,37,0,0,0,3,0,9,288,0,0,0,3085,0,1,5,0,0,0,55,0,0,0,17,1,0,0,3,0,0,0,0,0,0,0,0,46,0,3,3,109,5,0,52,1,4,50,0,0,0,65,0,50,17,2,3,60,20,144,44,1,28,1,3,2,10,4,4,8,6,4,0,0,0,0,0,0,0,0,0,0,0,0,0,0,0,0,0,0,0,0,0,0,0,0,0,0,0,0,0,0,0,0,0,0,0,0
2024-03-14,NV,4205,0,0,0,0,0,0,0,0,0,0,0,0,0,0,0,0,0,0,0,0,37,0,0,0,3,0,9,291,0,0,0,3032,0,1,5,0,0,0,56,0,0,0,14,1,0,0,3,0,0,0,0,0,0,0,0,47,0,3,3,110,5,0,52,1,4,51,0,0,0,65,0,51,17,2,3,61,20,145,44,1,26,1,3,2,9,4,4,7,5,4,0,0,0,0,0,0,0,0,0,0,0,0,0,0,0,0,0,0,0,0,0,0,0,0,0,0,0,0,0,0,0,0,0,0,0,0
2024-03-15,NV,4157,0,0,0,0,0,0,0,0,0,0,0,0,0,0,0,0,0,0,0,0,36,0,0,0,3,0,9,295,0,0,0,2980,0,1,5,0,0,0,57,0,0,0,12,1,0,0,3,0,0,0,0,0,0,0,0,48,0,3,3,110,5,0,53,1,4,52,0,0,0,65,0,52,17,2,3,62,20,147,44,1,25,1,3,2,9,4,4,7,5,4,0,0,0,0,0,0,0,0,0,0,0,0,0,0,0,0,0,0,0,0,0,0,0,0,0,0,0,0,0,0,0,0,0,0,0,0
2024-03-16,NV,4109,0,0,0,0,0,0,0,0,0,0,0,0,0,0,0,0,0,0,0,0,35,0,0,0,3,0,10,295,0,0,0,2898,0,1,5,0,0,0,58,3,0,0,9,1,0,0,3,0,0,0,3,5,16,0,2,49,0,3,3,110,5,0,52,1,4,52,2,0,4,64,5,52,16,2,3,62,20,146,44,1,24,1,3,2,8,4,4,6,4,4,0,0,0,0,0,0,0,0,0,0,0,0,0,0,0,0,0,0,0,0,0,0,0,0,0,0,0,0,0,0,0,0,0,0,0,0
2024-03-17,NV,3961,0,0,0,0,0,0,0,0,0,0,0,0,0,0,0,0,0,0,0,0,35,0,0,0,2,0,12,292,0,0,0,2782,0,1,5,0,0,0,58,3,0,0,9,1,0,0,3,0,0,0,4,5,18,0,3,54,0,3,3,107,5,0,52,1,4,51,2,0,5,63,5,51,15,2,2,60,20,141,43,1,23,1,2,2,8,0,0,0,0,0,0,0,0,0,0,0,0,0,0,0,0,0,0,0,0,0,0,0,0,0,0,0,0,0,0,0,0,0,0,0,0,0,0,0,0,0
2024-03-18,NV,3813,0,0,0,0,0,0,0,0,0,0,0,0,0,0,0,0,0,0,0,0,34,0,0,0,2,0,14,286,0,0,0,2653,0,1,6,0,0,0,57,4,0,0,9,1,0,0,3,0,0,0,5,5,19,0,3,59,0,3,3,104,5,0,52,1,4,50,3,0,5,61,5,50,14,2,2,57,20,134,41,1,21,1,2,2,8,0,0,0,0,0,0,0,0,0,0,0,0,0,0,0,0,0,0,0,0,0,0,0,0,0,0,0,0,0,0,0,0,0,0,0,0,0,0,0,0,0
2024-03-19,NV,3666,0,0,0,0,0,0,0,0,0,0,0,0,0,0,0,0,0,0,0,0,33,0,0,0,2,0,17,280,0,0,0,2526,0,1,6,0,0,0,56,4,0,0,8,1,0,0,2,0,0,0,6,5,20,0,4,63,0,4,3,100,5,0,51,1,4,48,3,0,6,60,5,49,13,2,2,55,20,128,40,1,20,1,2,2,7,0,0,0,0,0,0,0,0,0,0,0,0,0,0,0,0,0,0,0,0,0,0,0,0,0,0,0,0,0,0,0,0,0,0,0,0,0,0,0,0,0
2024-03-20,NV,3518,0,0,0,0,0,0,0,0,0,0,0,0,0,0,0,0,0,0,0,0,32,0,0,0,2,0,18,274,0,0,0,2400,0,1,6,0,0,0,55,4,0,0,8,1,0,0,2,0,0,0,7,4,21,0,4,67,0,4,3,97,4,0,51,1,4,47,3,0,6,58,5,48,12,2,2,52,19,122,39,1,19,1,2,2,7,0,0,0,0,0,0,0,0,0,0,0,0,0,0,0,0,0,0,0,0,0,0,0,0,0,0,0,0,0,0,0,0,0,0,0,0,0,0,0,0,0
2024-03-21,NV,3370,0,0,0,0,0,0,0,0,0,0,0,0,0,0,0,0,0,0,0,0,31,0,0,0,2,0,20,267,0,0,0,2277,0,1,6,0,0,0,54,4,0,0,7,1,0,0,2,0,0,0,7,4,22,0,5,70,0,4,2,93,4,0,50,1,4,45,3,0,6,56,5,46,12,2,2,50,19,116,37,1,18,1,2,2,6,0,0,0,0,0,0,0,0,0,0,0,0,0,0,0,0,0,0,0,0,0,0,0,0,0,0,0,0,0,0,0,0,0,0,0,0,0,0,0,0,0
2024-03-22,NV,3223,0,0,0,0,0,0,0,0,0,0,0,0,0,0,0,0,0,0,0,0,30,0,0,0,2,0,22,260,0,0,0,2156,0,1,6,0,0,0,53,5,0,0,7,1,0,0,2,0,0,0,8,4,23,0,5,73,0,5,2,90,4,0,49,1,3,44,3,0,7,55,4,45,11,2,2,47,18,110,36,1,17,1,2,2,6,0,0,0,0,0,0,0,0,0,0,0,0,0,0,0,0,0,0,0,0,0,0,0,0,0,0,0,0,0,0,0,0,0,0,0,0,0,0,0,0,0
2024-03-23,NV,3075,0,0,0,0,0,0,0,0,0,0,0,0,0,0,0,0,0,0,0,0,29,0,0,0,2,0,23,252,0,0,0,2037,0,1,6,0,0,0,52,5,0,0,7,1,0,0,2,0,0,0,8,4,23,0,5,75,0,5,2,86,4,0,48,1,3,42,3,0,7,53,4,43,10,2,2,45,18,104,34,1,16,1,2,2,6,0,0,0,0,0,0,0,0,0,0,0,0,0,0,0,0,0,0,0,0,0,0,0,0,0,0,0,0,0,0,0,0,0,0,0,0,0,0,0,0,0
2024-03-24,NV,3024,0,0,0,0,0,0,0,0,0,0,0,0,0,0,0,0,0,0,0,0,29,0,0,0,2,0,25,252,0,0,0,1983,0,1,6,0,0,0,52,5,0,0,6,1,0,0,2,0,0,0,9,4,24,0,6,79,0,5,2,85,4,0,48,1,3,42,4,0,7,52,4,43,9,2,2,43,18,102,34,1,16,1,2,2,6,0,0,0,0,0,0,0,0,0,0,0,0,0,0,0,0,0,0,0,0,0,0,0,0,0,0,0,0,0,0,0,0,0,0,0,0,0,0,0,0,0
2024-03-25,NV,2974,0,0,0,0,0,0,0,0,0,0,0,0,0,0,0,0,0,0,0,0,29,0,0,0,2,0,26,252,0,0,0,1930,0,1,6,0,0,0,53,5,0,0,6,1,0,0,2,0,0,0,9,4,25,0,6,83,0,6,2,84,4,0,49,1,3,42,4,0,8,52,4,43,9,2,2,42,18,99,34,1,15,1,2,2,5,0,0,0,0,0,0,0,0,0,0,0,0,0,0,0,0,0,0,0,0,0,0,0,0,0,0,0,0,0,0,0,0,0,0,0,0,0,0,0,0,0
2024-03-26,NV,2923,0,0,0,0,0,0,0,0,0,0,0,0,0,0,0,0,0,0,0,0,29,0,0,0,2,0,28,252,0,0,0,1877,0,1,6,0,0,0,53,6,0,0,6,1,0,0,2,0,0,0,10,4,26,0,6,86,0,6,2,83,4,0,49,1,3,42,4,0,8,52,4,43,8,2,2,41,18,97,33,1,15,1,2,2,5,0,0,0,0,0,0,0,0,0,0,0,0,0,0,0,0,0,0,0,0,0,0,0,0,0,0,0,0,0,0,0,0,0,0,0,0,0,0,0,0,0
2024-03-27,NV,2872,0,0,0,0,0,0,0,0,0,0,0,0,0,0,0,0,0,0,0,0,29,0,0,0,2,0,30,252,0,0,0,1825,0,1,6,0,0,0,53,6,0,0,6,1,0,0,2,0,0,0,11,4,27,0,7,90,0,6,2,82,3,0,49,1,3,41,4,0,8,52,4,42,8,2,2,40,18,94,33,1,14,1,2,2,5,0,0,0,0,0,0,0,0,0,0,0,0,0,0,0,0,0,0,0,0,0,0,0,0,0,0,0,0,0,0,0,0,0,0,0,0,0,0,0,0,0
2024-03-28,NV,2821,0,0,0,0,0,0,0,0,0,0,0,0,0,0,0,0,0,0,0,0,29,0,0,0,2,0,31,251,0,0,0,1774,0,1,6,0,0,0,53,6,0,0,6,1,0,0,2,0,0,0,11,4,28,0,7,93,0,6,2,81,3,0,50,1,3,41,4,0,9,51,4,42,7,2,2,39,18,92,32,1,14,1,2,2,5,0,0,0,0,0,0,0,0,0,0,0,0,0,0,0,0,0,0,0,0,0,0,0,0,0,0,0,0,0,0,0,0,0,0,0,0,0,0,0,0,0
2024-03-29,NV,2771,0,0,0,0,0,0,0,0,0,0,0,0,0,0,0,0,0,0,0,0,28,0,0,0,2,0,33,250,0,0,0,1724,0,1,6,0,0,0,53,6,0,0,6,1,0,0,2,0,0,0,12,4,29,0,7,96,0,7,2,80,3,0,50,1,3,41,5,0,9,51,4,42,7,2,2,38,18,89,32,1,13,1,2,2,5,0,0,0,0,0,0,0,0,0,0,0,0,0,0,0,0,0,0,0,0,0,0,0,0,0,0,0,0,0,0,0,0,0,0,0,0,0,0,0,0,0
2024-03-30,NV,2720,0,0,0,0,0,0,0,0,0,0,0,0,0,0,0,0,0,0,0,0,28,0,0,0,2,0,34,250,0,0,0,1674,0,1,6,0,0,0,53,7,0,0,5,1,0,0,2,0,0,0,12,4,30,0,8,99,0,7,2,79,3,0,50,1,3,40,5,0,9,51,4,42,6,2,2,37,18,87,32,1,13,1,2,2,5,0,0,0,0,0,0,0,0,0,0,0,0,0,0,0,0,0,0,0,0,0,0,0,0,0,0,0,0,0,0,0,0,0,0,0,0,0,0,0,0,0
2024-03-31,NV,2686,0,0,0,0,0,0,0,0,0,0,0,0,0,0,0,0,0,0,0,0,28,0,0,0,2,0,36,250,0,0,0,1636,0,1,6,0,0,0,54,7,0,0,5,1,0,0,2,0,0,0,13,4,31,0,8,103,0,7,2,79,3,0,51,1,3,40,5,0,10,51,4,42,6,2,2,37,18,85,31,1,12,1,2,2,5,0,0,0,0,0,0,0,0,0,0,0,0,0,0,0,0,0,0,0,0,0,0,0,0,0,0,0,0,0,0,0,0,0,0,0,0,0,0,0,0,0
2024-04-01,NV,2653,0,0,0,0,0,0,0,0,0,0,0,0,0,0,0,0,0,0,0,0,28,0,0,0,2,0,37,251,0,0,0,1598,0,1,7,0,0,0,54,7,0,0,5,1,0,0,2,0,0,0,13,4,32,0,8,106,0,7,2,78,3,0,51,1,3,40,5,0,10,51,4,42,6,2,2,36,18,83,31,1,12,1,2,2,5,0,0,0,0,0,0,0,0,0,0,0,0,0,0,0,0,0,0,0,0,0,0,0,0,0,0,0,0,0,0,0,0,0,0,0,0,0,0,0,0,0
2024-04-02,NV,2619,0,0,0,0,0,0,0,0,0,0,0,0,0,0,0,0,0,0,0,0,28,0,0,0,2,0,39,251,0,0,0,1560,0,1,7,0,0,0,54,7,0,0,5,1,0,0,2,0,0,0,14,4,33,0,9,109,0,8,2,78,3,0,51,1,3,40,5,0,10,50,4,42,5,2,2,35,18,82,31,1,12,1,2,2,4,0,0,0,0,0,0,0,0,0,0,0,0,0,0,0,0,0,0,0,0,0,0,0,0,0,0,0,0,0,0,0,0,0,0,0,0,0,0,0,0,0
2024-04-03,NV,2585,0,0,0,0,0,0,0,0,0,0,0,0,0,0,0,0,0,0,0,0,28,0,0,0,2,0,40,252,0,0,0,1523,0,1,7,0,0,0,55,7,0,0,5,1,0,0,2,0,0,0,14,4,34,0,9,113,0,8,2,77,3,0,52,1,3,40,5,0,11,50,4,41,5,2,2,34,19,80,31,1,11,1,2,2,4,0,0,0,0,0,0,0,0,0,0,0,0,0,0,0,0,0,0,0,0,0,0,0,0,0,0,0,0,0,0,0,0,0,0,0,0,0,0,0,0,0
2024-04-04,NV,2552,0,0,0,0,0,0,0,0,0,0,0,0,0,0,0,0,0,0,0,0,28,0,0,0,2,0,41,252,0,0,0,1486,0,1,7,0,0,0,55,8,0,0,5,1,0,0,2,0,0,0,15,4,35,0,9,116,0,8,2,77,3,0,52,1,3,40,6,0,11,50,4,41,5,2,2,34,19,78,31,1,11,1,2,2,4,0,0,0,0,0,0,0,0,0,0,0,0,0,0,0,0,0,0,0,0,0,0,0,0,0,0,0,0,0,0,0,0,0,0,0,0,0,0,0,0,0
2024-04-05,NV,2518,0,0,0,0,0,0,0,0,0,0,0,0,0,0,0,0,0,0,0,0,28,0,0,0,2,0,43,252,0,0,0,1450,0,1,7,0,0,0,55,8,0,0,5,1,0,0,2,0,0,0,15,4,35,0,10,118,0,8,2,76,3,0,53,1,3,40,6,0,11,50,4,41,4,2,2,33,19,76,30,1,11,1,2,2,4,0,0,0,0,0,0,0,0,0,0,0,0,0,0,0,0,0,0,0,0,0,0,0,0,0,0,0,0,0,0,0,0,0,0,0,0,0,0,0,0,0
2024-04-06,NV,2485,0,0,0,0,0,0,0,0,0,0,0,0,0,0,0,0,0,0,0,0,28,0,0,0,2,0,44,252,0,0,0,1414,0,1,7,0,0,0,56,8,0,0,4,1,0,0,2,0,0,0,16,3,36,0,10,121,0,9,2,75,3,0,53,1,3,40,6,0,12,50,4,41,4,2,2,32,19,75,30,1,10,1,2,2,4,0,0,0,0,0,0,0,0,0,0,0,0,0,0,0,0,0,0,0,0,0,0,0,0,0,0,0,0,0,0,0,0,0,0,0,0,0,0,0,0,0
2024-04-07,NV,2453,0,0,0,0,0,0,0,0,0,0,0,0,0,0,0,0,0,0,0,0,28,0,0,0,2,0,45,252,0,0,0,1379,0,1,7,0,0,0,56,8,0,0,4,1,0,0,2,0,0,0,16,3,37,0,10,124,0,9,2,75,3,0,53,1,3,39,6,0,12,50,4,41,4,2,2,32,19,73,30,1,10,1,2,2,4,0,0,0,0,0,0,0,0,0,0,0,0,0,0,0,0,0,0,0,0,0,0,0,0,0,0,0,0,0,0,0,0,0,0,0,0,0,0,0,0,0
2024-04-08,NV,2421,0,0,0,0,0,0,0,0,0,0,0,0,0,0,0,0,0,0,0,0,28,0,0,0,2,0,46,252,0,0,0,1345,0,1,7,0,0,0,56,8,0,0,4,1,0,0,2,0,0,0,17,3,38,0,10,126,0,9,2,74,3,0,53,1,3,39,6,0,12,50,4,41,3,2,2,31,19,71,30,1,10,1,2,2,4,0,0,0,0,0,0,0,0,0,0,0,0,0,0,0,0,0,0,0,0,0,0,0,0,0,0,0,0,0,0,0,0,0,0,0,0,0,0,0,0,0
2024-04-09,NV,2388,0,0,0,0,0,0,0,0,0,0,0,0,0,0,0,0,0,0,0,0,28,0,0,0,2,0,47,252,0,0,0,1312,0,1,7,0,0,0,56,9,0,0,4,1,0,0,2,0,0,0,17,3,38,0,11,129,0,9,2,74,3,0,54,1,3,39,6,0,12,50,4,41,3,2,2,30,19,70,29,1,9,1,2,2,4,0,0,0,0,0,0,0,0,0,0,0,0,0,0,0,0,0,0,0,0,0,0,0,0,0,0,0,0,0,0,0,0,0,0,0,0,0,0,0,0,0
2024-04-10,NV,2356,0,0,0,0,0,0,0,0,0,0,0,0,0,0,0,0,0,0,0,0,28,0,0,0,2,0,48,252,0,0,0,1278,0,1,7,0,0,0,56,9,0,0,4,1,0,0,2,0,0,0,17,3,39,0,11,131,0,10,2,73,3,0,54,1,3,39,6,0,13,49,4,41,3,2,2,30,19,68,29,1,9,1,2,2,4,0,0,0,0,0,0,0,0,0,0,0,0,0,0,0,0,0,0,0,0,0,0,0,0,0,0,0,0,0,0,0,0,0,0,0,0,0,0,0,0,0
2024-04-11,NV,2324,0,0,0,0,0,0,0,0,0,0,0,0,0,0,0,0,0,0,0,0,28,0,0,0,2,0,49,252,0,0,0,1245,0,1,7,0,0,0,56,9,0,0,4,1,0,0,2,0,0,0,18,3,40,0,11,134,0,10,2,72,3,0,54,1,3,39,7,0,13,49,4,41,2,2,2,29,19,67,29,1,9,1,2,2,3,0,0,0,0,0,0,0,0,0,0,0,0,0,0,0,0,0,0,0,0,0,0,0,0,0,0,0,0,0,0,0,0,0,0,0,0,0,0,0,0,0
2024-04-12,NV,2292,0,0,0,0,0,0,0,0,0,0,0,0,0,0,0,0,0,0,0,0,27,0,0,0,2,0,50,252,0,0,0,1213,0,1,7,0,0,0,57,9,0,0,4,1,0,0,2,0,0,0,18,3,40,0,11,136,0,10,2,72,3,0,54,1,3,39,7,0,13,49,4,40,2,2,2,28,19,65,29,1,9,1,2,2,3,0,0,0,0,0,0,0,0,0,0,0,0,0,0,0,0,0,0,0,0,0,0,0,0,0,0,0,0,0,0,0,0,0,0,0,0,0,0,0,0,0
2024-04-13,NV,2260,0,0,0,0,0,0,0,0,0,0,0,0,0,0,0,0,0,0,0,0,27,0,0,0,2,0,51,251,0,0,0,1179,0,1,8,0,0,0,57,9,0,0,4,1,0,0,2,0,0,2,19,3,41,0,11,138,0,10,2,71,3,2,54,1,3,38,7,0,13,49,4,40,2,2,2,28,19,63,28,1,8,1,2,2,3,0,0,0,0,0,0,0,0,0,0,0,0,0,0,0,0,0,0,0,0,0,0,0,0,0,0,0,0,0,0,0,0,0,0,0,0,0,0,0,0,0
2024-04-14,NV,2215,0,0,0,0,0,0,0,0,0,0,0,0,0,0,0,0,0,0,0,0,27,0,0,0,2,0,57,245,0,0,0,1138,0,1,8,0,0,0,56,10,0,0,4,1,0,0,2,0,0,2,19,4,43,0,12,140,0,12,2,71,3,2,52,1,2,37,7,0,15,47,4,39,2,2,2,27,19,61,28,1,8,1,2,0,0,0,0,0,0,0,0,0,0,0,0,0,0,0,0,0,0,0,0,0,0,0,0,0,0,0,0,0,0,0,0,0,0,0,0,0,0,0,0,0,0,0
2024-04-15,NV,2170,0,0,0,0,0,0,0,0,0,0,0,0,0,0,0,0,0,0,0,0,26,0,0,0,2,0,63,239,0,0,0,1095,0,1,9,0,0,0,56,11,0,0,3,1,0,0,2,0,0,2,19,4,45,0,13,141,0,14,2,70,3,2,50,1,2,37,7,0,16,46,5,39,2,2,2,25,19,59,27,1,8,1,2,0,0,0,0,0,0,0,0,0,0,0,0,0,0,0,0,0,0,0,0,0,0,0,0,0,0,0,0,0,0,0,0,0,0,0,0,0,0,0,0,0,0,0
2024-04-16,NV,2125,0,0,0,0,0,0,0,0,0,0,0,0,0,0,0,0,0,0,0,0,26,0,0,0,2,0,69,233,0,0,0,1052,0,1,9,0,0,0,55,12,0,0,3,1,0,0,2,0,0,2,19,5,47,0,14,143,0,15,2,70,2,2,48,1,2,36,8,0,18,44,5,38,2,2,2,24,19,57,26,1,7,1,2,0,0,0,0,0,0,0,0,0,0,0,0,0,0,0,0,0,0,0,0,0,0,0,0,0,0,0,0,0,0,0,0,0,0,0,0,0,0,0,0,0,0,0
2024-04-17,NV,2080,0,0,0,0,0,0,0,0,0,0,0,0,0,0,0,0,0,0,0,0,25,0,0,0,2,0,74,226,0,0,0,1011,0,1,10,0,0,0,55,13,0,0,3,1,0,0,2,0,0,2,19,5,49,0,14,144,0,17,2,69,2,2,46,1,2,35,8,0,19,43,5,37,2,2,1,23,19,55,25,1,7,1,1,0,0,0,0,0,0,0,0,0,0,0,0,0,0,0,0,0,0,0,0,0,0,0,0,0,0,0,0,0,0,0,0,0,0,0,0,0,0,0,0,0,0,0
2024-04-18,NV,2035,0,0,0,0,0,0,0,0,0,0,0,0,0,0,0,0,0,0,0,0,25,0,0,0,1,0,79,220,0,0,0,970,0,1,10,0,0,0,54,13,0,0,3,1,0,0,1,0,0,2,19,6,51,0,15,145,0,18,1,69,2,2,44,1,2,34,8,0,21,41,6,36,2,2,1,22,19,53,25,1,6,1,1,0,0,0,0,0,0,0,0,0,0,0,0,0,0,0,0,0,0,0,0,0,0,0,0,0,0,0,0,0,0,0,0,0,0,0,0,0,0,0,0,0,0,0
2024-04-19,NV,1990,0,0,0,0,0,0,0,0,0,0,0,0,0,0,0,0,0,0,0,0,24,0,0,0,1,0,84,214,0,0,0,930,0,1,11,0,0,0,53,14,0,0,3,1,0,0,1,0,0,2,19,6,52,0,16,146,0,20,1,68,2,2,41,1,2,33,9,0,22,40,6,35,2,2,1,21,19,51,24,1,6,1,1,0,0,0,0,0,0,0,0,0,0,0,0,0,0,0,0,0,0,0,0,0,0,0,0,0,0,0,0,0,0,0,0,0,0,0,0,0,0,0,0,0,0,0
2024-04-20,NV,1945,0,0,0,0,0,0,0,0,0,0,0,0,0,0,0,0,0,0,0,0,23,0,0,0,1,0,88,208,0,0,0,891,0,1,11,0,0,0,53,15,0,0,3,1,0,0,1,0,0,2,19,6,54,0,16,147,0,21,1,68,2,2,39,1,2,32,9,0,23,38,6,34,2,2,1,21,19,49,23,0,6,1,1,0,0,0,0,0,0,0,0,0,0,0,0,0,0,0,0,0,0,0,0,0,0,0,0,0,0,0,0,0,0,0,0,0,0,0,0,0,0,0,0,0,0,0
2024-04-21,NV,1911,0,0,0,0,0,0,0,0,0,0,0,0,0,0,0,0,0,0,0,0,23,0,0,0,1,0,93,203,0,0,0,857,0,1,12,0,0,0,52,16,0,0,3,1,0,0,1,0,0,2,19,7,56,0,17,149,0,22,1,68,2,2,38,1,2,31,9,0,24,37,6,34,2,2,1,20,19,47,23,0,6,1,1,0,0,0,0,0,0,0,0,0,0,0,0,0,0,0,0,0,0,0,0,0,0,0,0,0,0,0,0,0,0,0,0,0,0,0,0,0,0,0,0,0,0,0
2024-04-22,NV,1877,0,0,0,0,0,0,0,0,0,0,0,0,0,0,0,0,0,0,0,0,23,0,0,0,1,0,97,198,0,0,0,824,0,1,12,0,0,0,52,16,0,0,3,1,0,0,1,0,0,3,19,7,57,0,17,150,0,23,1,67,2,2,36,1,2,31,9,0,25,36,7,33,2,2,1,19,19,46,22,0,5,1,1,0,0,0,0,0,0,0,0,0,0,0,0,0,0,0,0,0,0,0,0,0,0,0,0,0,0,0,0,0,0,0,0,0,0,0,0,0,0,0,0,0,0,0
2024-04-23,NV,1843,0,0,0,0,0,0,0,0,0,0,0,0,0,0,0,0,0,0,0,0,22,0,0,0,1,0,101,194,0,0,0,792,0,1,13,0,0,0,51,17,0,0,3,1,0,0,1,0,0,3,19,8,59,0,18,151,0,25,1,67,2,2,34,1,2,30,10,0,26,34,7,32,2,2,1,18,19,44,22,0,5,1,1,0,0,0,0,0,0,0,0,0,0,0,0,0,0,0,0,0,0,0,0,0,0,0,0,0,0,0,0,0,0,0,0,0,0,0,0,0,0,0,0,0,0,0
2024-04-24,NV,1809,0,0,0,0,0,0,0,0,0,0,0,0,0,0,0,0,0,0,0,0,22,0,0,0,1,0,105,189,0,0,0,761,0,1,13,0,0,0,51,17,0,0,3,1,0,0,1,0,0,3,20,8,60,0,18,152,0,26,1,66,2,2,33,1,2,29,10,0,27,33,7,31,2,2,1,17,19,43,21,0,5,1,1,0,0,0,0,0,0,0,0,0,0,0,0,0,0,0,0,0,0,0,0,0,0,0,0,0,0,0,0,0,0,0,0,0,0,0,0,0,0,0,0,0,0,0
2024-04-25,NV,1774,0,0,0,0,0,0,0,0,0,0,0,0,0,0,0,0,0,0,0,0,21,0,0,0,1,0,109,184,0,0,0,730,0,1,14,0,0,0,51,18,0,0,2,1,0,0,1,0,0,3,20,8,61,0,19,153,0,27,1,66,2,2,31,1,2,29,10,0,28,32,7,31,2,2,1,17,19,41,21,0,4,1,1,0,0,0,0,0,0,0,0,0,0,0,0,0,0,0,0,0,0,0,0,0,0,0,0,0,0,0,0,0,0,0,0,0,0,0,0,0,0,0,0,0,0,0
2024-04-26,NV,1740,0,0,0,0,0,0,0,0,0,0,0,0,0,0,0,0,0,0,0,0,21,0,0,0,1,0,113,180,0,0,0,699,0,1,14,0,0,0,50,18,0,0,2,1,0,0,1,0,0,3,20,9,63,0,19,154,0,28,1,66,2,2,30,1,2,28,10,0,29,31,8,30,2,2,1,16,19,40,20,0,4,1,1,0,0,0,0,0,0,0,0,0,0,0,0,0,0,0,0,0,0,0,0,0,0,0,0,0,0,0,0,0,0,0,0,0,0,0,0,0,0,0,0,0,0,0
2024-04-27,NV,1706,0,0,0,0,0,0,0,0,0,0,0,0,0,0,0,0,0,0,0,0,21,0,0,0,1,0,116,175,0,0,0,670,0,1,14,0,0,0,50,19,0,0,2,1,0,0,1,0,0,3,20,9,64,0,19,154,0,29,1,65,2,2,28,1,2,27,10,0,30,30,8,29,2,2,1,15,19,38,19,0,4,1,1,0,0,0,0,0,0,0,0,0,0,0,0,0,0,0,0,0,0,0,0,0,0,0,0,0,0,0,0,0,0,0,0,0,0,0,0,0,0,0,0,0,0,0
2024-04-28,NV,1890,0,0,0,0,0,0,0,0,0,0,0,0,0,0,0,0,0,0,0,0,23,0,0,0,1,0,135,193,0,0,0,724,0,1,17,0,0,0,56,22,0,0,2,1,0,0,1,0,0,3,22,10,73,0,22,175,0,34,1,73,2,3,30,1,2,30,12,0,35,32,9,33,2,2,1,16,21,41,21,0,4,1,1,0,0,0,0,0,0,0,0,0,0,0,0,0,0,0,0,0,0,0,0,0,0,0,0,0,0,0,0,0,0,0,0,0,0,0,0,0,0,0,0,0,0,0
2024-04-29,NV,1900,0,0,0,0,0,0,0,0,0,0,0,0,0,0,0,0,0,0,0,0,23,0,0,0,1,0,142,193,0,0,0,710,0,1,17,0,0,0,56,23,0,0,2,1,0,0,1,0,0,3,23,11,76,0,23,180,0,36,1,74,2,3,29,1,2,30,13,0,37,32,9,33,2,2,1,16,21,41,21,0,4,1,1,0,0,0,0,0,0,0,0,0,0,0,0,0,0,0,0,0,0,0,0,0,0,0,0,0,0,0,0,0,0,0,0,0,0,0,0,0,0,0,0,0,0,0
2024-04-30,NV,1909,0,0,0,0,0,0,0,0,0,0,0,0,0,0,0,0,0,0,0,0,23,0,0,0,1,0,148,192,0,0,0,696,0,1,18,0,0,0,57,24,0,0,2,1,0,0,1,0,0,4,23,11,79,0,24,185,0,38,1,76,2,3,28,1,2,30,13,0,38,32,10,33,2,2,1,16,22,40,21,0,4,1,1,0,0,0,0,0,0,0,0,0,0,0,0,0,0,0,0,0,0,0,0,0,0,0,0,0,0,0,0,0,0,0,0,0,0,0,0,0,0,0,0,0,0,0
2024-05-01,NV,1916,0,0,0,0,0,0,0,0,0,0,0,0,0,0,0,0,0,0,0,0,23,0,0,0,1,0,155,192,0,0,0,680,0,1,19,0,0,0,58,25,0,0,2,1,0,0,1,0,0,4,24,12,82,0,25,189,0,39,1,77,2,3,27,1,2,30,13,0,40,31,10,33,2,2,1,15,22,40,21,0,4,1,1,0,0,0,0,0,0,0,0,0,0,0,0,0,0,0,0,0,0,0,0,0,0,0,0,0,0,0,0,0,0,0,0,0,0,0,0,0,0,0,0,0,0,0
2024-05-02,NV,1927,0,0,0,0,0,0,0,0,0,0,0,0,0,0,0,0,0,0,0,0,23,0,0,0,1,0,162,192,0,0,0,666,0,1,20,0,0,0,59,26,0,0,2,1,0,0,1,0,0,4,24,13,85,0,26,194,0,41,1,78,2,3,27,1,2,30,14,0,42,31,11,33,2,2,1,15,23,39,21,0,3,1,1,0,0,0,0,0,0,0,0,0,0,0,0,0,0,0,0,0,0,0,0,0,0,0,0,0,0,0,0,0,0,0,0,0,0,0,0,0,0,0,0,0,0,0
2024-05-03,NV,1961,0,0,0,0,0,0,0,0,0,0,0,0,0,0,0,0,0,0,0,0,23,0,0,0,1,0,172,194,0,0,0,660,0,1,21,0,0,0,60,28,0,0,2,1,0,0,1,0,0,4,25,13,90,0,28,202,0,44,1,81,2,3,26,1,2,30,15,0,44,31,11,33,2,2,1,15,23,39,21,0,3,1,1,0,0,0,0,0,0,0,0,0,0,0,0,0,0,0,0,0,0,0,0,0,0,0,0,0,0,0,0,0,0,0,0,0,0,0,0,0,0,0,0,0,0,0
2024-05-04,NV,2014,0,0,0,0,0,0,0,0,0,0,0,0,0,0,0,0,0,0,0,0,24,0,0,0,2,0,183,198,0,0,0,659,0,1,22,0,0,0,63,29,0,0,2,1,0,0,1,0,0,4,26,14,95,0,29,212,0,47,1,84,2,3,26,1,2,31,16,0,47,31,12,34,2,2,1,14,24,39,22,1,3,1,1,0,0,0,0,0,0,0,0,0,0,0,0,0,0,0,0,0,0,0,0,0,0,0,0,0,0,0,0,0,0,0,0,0,0,0,0,0,0,0,0,0,0,0
2024-05-05,NV,2083,0,0,0,0,0,0,0,0,0,0,0,0,0,0,0,0,0,0,0,0,25,0,0,0,2,0,196,203,0,0,0,662,0,1,24,0,0,0,65,32,0,0,2,1,0,0,1,0,0,5,28,15,101,0,31,223,0,50,1,88,2,3,25,1,2,32,17,0,51,31,13,35,2,2,1,14,26,39,22,1,3,1,1,0,0,0,0,0,0,0,0,0,0,0,0,0,0,0,0,0,0,0,0,0,0,0,0,0,0,0,0,0,0,0,0,0,0,0,0,0,0,0,0,0,0,0
2024-05-06,NV,2151,0,0,0,0,0,0,0,0,0,0,0,0,0,0,0,0,0,0,0,0,26,0,0,0,2,0,209,209,0,0,0,663,0,1,25,0,0,0,68,34,0,0,2,1,0,0,1,0,0,5,29,16,107,0,33,235,0,54,1,92,2,4,25,1,3,33,18,0,54,32,14,36,2,3,1,14,27,40,23,1,3,1,1,0,0,0,0,0,0,0,0,0,0,0,0,0,0,0,0,0,0,0,0,0,0,0,0,0,0,0,0,0,0,0,0,0,0,0,0,0,0,0,0,0,0,0
2024-05-07,NV,2212,0,0,0,0,0,0,0,0,0,0,0,0,0,0,0,0,0,0,0,0,26,0,0,0,2,0,222,213,0,0,0,661,0,1,27,0,0,0,71,36,0,0,2,1,0,0,1,0,0,5,31,17,114,0,35,247,0,57,1,95,3,4,24,1,3,34,19,0,57,32,14,37,3,3,1,14,28,40,23,1,3,1,1,0,0,0,0,0,0,0,0,0,0,0,0,0,0,0,0,0,0,0,0,0,0,0,0,0,0,0,0,0,0,0,0,0,0,0,0,0,0,0,0,0,0,0
2024-05-08,NV,2256,0,0,0,0,0,0,0,0,0,0,0,0,0,0,0,0,0,0,0,0,27,0,0,0,2,0,234,216,0,0,0,653,0,1,28,0,0,0,73,38,0,0,2,1,0,0,1,0,0,6,32,18,119,0,37,256,0,61,1,98,3,4,24,1,3,34,19,0,60,32,15,38,3,3,1,14,29,40,24,1,3,1,1,0,0,0,0,0,0,0,0,0,0,0,0,0,0,0,0,0,0,0,0,0,0,0,0,0,0,0,0,0,0,0,0,0,0,0,0,0,0,0,0,0,0,0
2024-05-09,NV,2276,0,0,0,0,0,0,0,0,0,0,0,0,0,0,0,0,0,0,0,0,27,0,0,0,2,0,244,216,0,0,0,637,0,1,29,0,0,0,74,39,0,0,2,1,0,0,1,0,0,6,33,19,123,0,38,263,0,63,1,100,3,4,23,1,3,34,20,0,63,32,16,38,3,3,1,14,30,39,24,1,3,1,1,0,0,0,0,0,0,0,0,0,0,0,0,0,0,0,0,0,0,0,0,0,0,0,0,0,0,0,0,0,0,0,0,0,0,0,0,0,0,0,0,0,0,0
2024-05-10,NV,2280,0,0,0,0,0,0,0,0,0,0,0,0,0,0,0,0,0,0,0,0,27,0,0,0,2,0,252,215,0,0,0,617,0,1,30,0,0,0,75,40,0,0,2,1,0,0,1,0,0,6,33,20,127,0,40,269,0,65,1,101,3,4,21,1,3,34,21,0,65,31,16,38,3,3,1,13,30,38,24,1,2,1,1,0,0,0,0,0,0,0,0,0,0,0,0,0,0,0,0,0,0,0,0,0,0,0,0,0,0,0,0,0,0,0,0,0,0,0,0,0,0,0,0,0,0,0
2024-05-11,NV,2307,0,0,0,0,0,0,0,0,0,0,0,0,0,0,0,0,0,0,0,0,27,0,0,0,2,0,261,216,0,0,0,601,0,1,31,0,0,0,76,42,0,0,2,1,0,0,1,0,0,6,34,21,131,0,41,276,1,68,1,103,3,4,20,1,3,34,21,5,67,31,17,38,3,3,1,13,31,38,24,1,2,1,1,0,0,0,0,0,0,0,0,0,0,0,0,0,0,0,0,0,0,0,0,0,0,0,0,0,0,0,0,0,0,0,0,0,0,0,0,0,0,0,0,0,0,0
2024-05-12,NV,2365,0,0,0,0,0,0,0,0,0,0,0,0,0,0,0,0,0,0,0,0,28,0,0,0,2,0,283,216,0,0,0,603,0,1,33,0,0,0,77,42,0,0,2,1,0,0,1,0,0,7,35,22,135,0,45,285,1,72,1,104,3,5,21,1,3,34,23,5,69,31,18,39,3,3,2,13,31,38,24,1,2,1,0,0,0,0,0,0,0,0,0,0,0,0,0,0,0,0,0,0,0,0,0,0,0,0,0,0,0,0,0,0,0,0,0,0,0,0,0,0,0,0,0,0,0,0
2024-05-13,NV,2423,0,0,0,0,0,0,0,0,0,0,0,0,0,0,0,0,0,0,0,0,29,0,0,0,2,0,306,216,0,0,0,604,0,1,34,0,0,0,77,43,0,0,2,1,0,0,1,0,0,7,37,24,139,0,48,293,1,76,2,105,3,5,22,1,3,35,25,5,71,31,18,39,3,3,2,13,31,38,24,1,2,1,0,0,0,0,0,0,0,0,0,0,0,0,0,0,0,0,0,0,0,0,0,0,0,0,0,0,0,0,0,0,0,0,0,0,0,0,0,0,0,0,0,0,0,0
2024-05-14,NV,2486,0,0,0,0,0,0,0,0,0,0,0,0,0,0,0,0,0,0,0,0,29,0,0,0,2,0,330,216,0,0,0,606,0,1,35,0,0,0,78,44,0,0,2,1,0,0,2,0,0,7,38,26,144,0,52,303,1,81,2,105,3,5,23,1,3,35,27,5,72,31,19,39,3,3,2,13,31,38,25,1,2,1,0,0,0,0,0,0,0,0,0,0,0,0,0,0,0,0,0,0,0,0,0,0,0,0,0,0,0,0,0,0,0,0,0,0,0,0,0,0,0,0,0,0,0,0
2024-05-15,NV,2555,0,0,0,0,0,0,0,0,0,0,0,0,0,0,0,0,0,0,0,0,30,0,0,0,2,0,355,216,0,0,0,608,0,1,37,0,0,0,79,45,0,0,2,1,0,0,2,0,0,8,40,28,149,0,56,313,1,86,2,106,3,5,24,1,3,35,29,5,74,31,20,39,3,3,2,13,31,38,25,1,3,1,0,0,0,0,0,0,0,0,0,0,0,0,0,0,0,0,0,0,0,0,0,0,0,0,0,0,0,0,0,0,0,0,0,0,0,0,0,0,0,0,0,0,0,0
2024-05-16,NV,2637,0,0,0,0,0,0,0,0,0,0,0,0,0,0,0,0,0,0,0,0,31,0,0,0,2,0,384,217,0,0,0,612,0,1,39,0,0,0,79,46,0,0,2,1,0,0,2,0,0,9,42,30,155,0,61,325,2,91,2,107,3,5,25,1,3,35,31,6,77,31,21,39,3,3,2,13,31,38,26,1,3,1,0,0,0,0,0,0,0,0,0,0,0,0,0,0,0,0,0,0,0,0,0,0,0,0,0,0,0,0,0,0,0,0,0,0,0,0,0,0,0,0,0,0,0,0
2024-05-17,NV,2745,0,0,0,0,0,0,0,0,0,0,0,0,0,0,0,0,0,0,0,0,32,0,0,0,2,0,417,220,0,0,0,622,0,1,41,0,0,0,81,47,0,0,2,1,0,0,2,0,0,9,44,33,162,0,66,340,2,98,2,109,3,5,27,1,3,36,34,6,80,32,23,40,3,3,2,13,31,39,27,1,3,1,0,0,0,0,0,0,0,0,0,0,0,0,0,0,0,0,0,0,0,0,0,0,0,0,0,0,0,0,0,0,0,0,0,0,0,0,0,0,0,0,0,0,0,0
2024-05-18,NV,2880,0,0,0,0,0,0,0,0,0,0,0,0,0,0,0,0,0,0,0,0,34,0,0,0,2,0,456,224,0,0,0,636,0,1,44,0,0,0,83,49,0,0,2,1,0,0,2,0,0,10,47,36,171,0,73,359,2,105,2,112,3,5,28,1,4,37,37,6,84,33,24,40,3,3,2,14,32,40,28,1,3,1,0,0,0,0,0,0,0,0,0,0,0,0,0,0,0,0,0,0,0,0,0,0,0,0,0,0,0,0,0,0,0,0,0,0,0,0,0,0,0,0,0,0,0,0
2024-05-19,NV,3022,0,0,0,0,0,0,0,0,0,0,0,0,0,0,0,0,0,0,0,0,36,0,0,0,2,0,498,228,0,0,0,650,0,1,47,0,0,0,86,51,0,0,2,1,0,0,2,0,0,11,50,39,181,0,80,379,2,114,2,115,3,6,30,1,4,38,41,6,88,33,26,41,3,3,2,14,32,41,29,1,3,1,0,0,0,0,0,0,0,0,0,0,0,0,0,0,0,0,0,0,0,0,0,0,0,0,0,0,0,0,0,0,0,0,0,0,0,0,0,0,0,0,0,0,0,0
2024-05-20,NV,3160,0,0,0,0,0,0,0,0,0,0,0,0,0,0,0,0,0,0,0,0,37,0,0,0,2,0,541,231,0,0,0,662,0,1,50,0,0,0,88,53,0,0,2,1,0,0,2,0,0,12,53,42,190,0,87,398,2,122,2,117,4,6,32,2,4,38,44,7,91,34,28,42,3,3,2,14,33,41,30,1,3,1,0,0,0,0,0,0,0,0,0,0,0,0,0,0,0,0,0,0,0,0,0,0,0,0,0,0,0,0,0,0,0,0,0,0,0,0,0,0,0,0,0,0,0,0
2024-05-21,NV,3272,0,0,0,0,0,0,0,0,0,0,0,0,0,0,0,0,0,0,0,0,38,0,0,0,2,0,581,232,0,0,0,666,0,1,52,0,0,0,89,54,0,0,3,1,0,0,2,0,0,13,56,45,198,0,93,415,2,129,2,119,4,6,34,2,4,39,48,7,95,34,29,42,3,3,2,15,33,42,31,1,4,1,0,0,0,0,0,0,0,0,0,0,0,0,0,0,0,0,0,0,0,0,0,0,0,0,0,0,0,0,0,0,0,0,0,0,0,0,0,0,0,0,0,0,0,0
2024-05-22,NV,3391,0,0,0,0,0,0,0,0,0,0,0,0,0,0,0,0,0,0,0,0,40,0,0,0,3,0,624,233,0,0,0,671,0,1,55,0,0,0,90,56,0,0,3,1,0,0,2,0,0,13,59,49,207,0,100,432,2,138,2,120,4,6,35,2,4,39,51,7,98,35,31,42,3,3,2,15,33,42,32,1,4,1,0,0,0,0,0,0,0,0,0,0,0,0,0,0,0,0,0,0,0,0,0,0,0,0,0,0,0,0,0,0,0,0,0,0,0,0,0,0,0,0,0,0,0,0
2024-05-23,NV,3473,0,0,0,0,0,0,0,0,0,0,0,0,0,0,0,0,0,0,0,0,41,0,0,0,3,0,662,230,0,0,0,668,0,1,57,0,0,0,90,56,0,0,3,1,0,0,2,0,0,14,61,52,213,0,106,445,2,144,2,120,4,6,37,2,4,39,54,8,100,34,32,42,3,3,2,15,33,42,33,1,4,1,0,0,0,0,0,0,0,0,0,0,0,0,0,0,0,0,0,0,0,0,0,0,0,0,0,0,0,0,0,0,0,0,0,0,0,0,0,0,0,0,0,0,0,0
2024-05-24,NV,3500,0,0,0,0,0,0,0,0,0,0,0,0,0,0,0,0,0,0,0,0,41,0,0,0,3,0,690,224,0,0,0,653,0,1,58,0,0,0,89,56,0,0,2,1,0,0,2,0,0,15,63,54,216,0,111,451,2,149,2,118,4,6,37,2,4,38,56,8,101,34,33,41,3,3,2,15,32,41,33,1,4,1,0,0,0,0,0,0,0,0,0,0,0,0,0,0,0,0,0,0,0,0,0,0,0,0,0,0,0,0,0,0,0,0,0,0,0,0,0,0,0,0,0,0,0,0
2024-05-25,NV,3507,0,0,0,0,0,0,0,0,0,0,0,0,0,0,0,0,0,0,0,0,41,0,0,0,3,0,713,217,0,0,0,634,0,1,59,0,0,0,87,56,0,0,2,1,0,0,2,0,0,15,63,56,218,0,115,455,2,153,2,115,4,6,38,2,4,37,58,8,101,33,34,40,3,3,2,14,31,40,33,1,4,1,0,0,0,0,0,0,0,0,0,0,0,0,0,0,0,0,0,0,0,0,0,0,0,0,0,0,0,0,0,0,0,0,0,0,0,0,0,0,0,0,0,0,0,0
2024-05-26,NV,3532,0,0,0,0,0,0,0,0,0,0,0,0,0,0,0,0,0,0,0,0,41,0,0,0,3,0,741,210,0,0,0,618,0,1,61,0,0,0,86,56,0,0,2,2,0,0,2,0,0,16,65,58,220,0,120,460,3,158,2,113,4,6,39,2,4,36,61,8,102,32,35,39,3,3,2,14,30,39,33,1,4,1,0,0,0,0,0,0,0,0,0,0,0,0,0,0,0,0,0,0,0,0,0,0,0,0,0,0,0,0,0,0,0,0,0,0,0,0,0,0,0,0,0,0,0,0
2024-05-27,NV,3600,0,0,0,0,0,0,0,0,0,0,0,0,0,0,0,0,0,0,0,0,42,0,0,0,3,0,779,206,0,0,0,609,0,1,63,0,0,0,85,56,0,0,2,2,0,0,2,0,0,16,67,61,226,0,126,472,3,164,2,112,4,6,40,2,5,36,64,8,103,32,36,38,3,3,2,14,29,38,33,1,4,1,0,0,0,0,0,0,0,0,0,0,0,0,0,0,0,0,0,0,0,0,0,0,0,0,0,0,0,0,0,0,0,0,0,0,0,0,0,0,0,0,0,0,0,0
2024-05-28,NV,3744,0,0,0,0,0,0,0,0,0,0,0,0,0,0,0,0,0,0,0,0,44,0,0,0,3,0,834,206,0,0,0,612,0,1,66,0,0,0,86,58,0,0,2,2,0,0,2,0,0,17,70,65,237,0,135,493,3,175,2,113,4,7,42,2,5,36,68,8,107,32,38,38,3,3,2,14,29,38,34,1,4,1,0,0,0,0,0,0,0,0,0,0,0,0,0,0,0,0,0,0,0,0,0,0,0,0,0,0,0,0,0,0,0,0,0,0,0,0,0,0,0,0,0,0,0,0
2024-05-29,NV,3920,0,0,0,0,0,0,0,0,0,0,0,0,0,0,0,0,0,0,0,0,46,0,0,0,3,0,899,206,0,0,0,619,0,2,70,0,0,0,88,60,0,0,2,2,0,0,2,0,0,19,75,70,249,0,145,519,3,187,2,115,4,7,45,2,5,37,73,9,112,32,40,38,3,3,2,14,29,38,35,1,5,1,0,0,0,0,0,0,0,0,0,0,0,0,0,0,0,0,0,0,0,0,0,0,0,0,0,0,0,0,0,0,0,0,0,0,0,0,0,0,0,0,0,0,0,0
2024-05-30,NV,4168,0,0,0,0,0,0,0,0,0,0,0,0,0,0,0,0,0,0,0,0,48,0,0,0,3,0,983,210,0,0,0,634,0,2,76,0,0,0,91,63,0,0,2,2,0,0,2,0,0,20,80,77,266,0,159,555,3,203,3,119,5,7,48,2,5,38,80,10,119,33,43,39,3,3,2,15,29,39,37,1,5,1,0,0,0,0,0,0,0,0,0,0,0,0,0,0,0,0,0,0,0,0,0,0,0,0,0,0,0,0,0,0,0,0,0,0,0,0,0,0,0,0,0,0,0,0
2024-05-31,NV,4436,0,0,0,0,0,0,0,0,0,0,0,0,0,0,0,0,0,0,0,0,51,0,0,0,3,0,1074,213,0,0,0,649,0,2,82,0,0,0,94,67,0,0,2,2,0,0,2,0,0,22,87,84,285,0,174,594,4,220,3,123,5,8,52,2,6,39,88,10,127,34,47,40,3,3,3,15,30,40,39,1,5,1,0,0,0,0,0,0,0,0,0,0,0,0,0,0,0,0,0,0,0,0,0,0,0,0,0,0,0,0,0,0,0,0,0,0,0,0,0,0,0,0,0,0,0,0
2024-06-01,NV,4577,0,0,0,0,0,0,0,0,0,0,0,0,0,0,0,0,0,0,0,0,53,0,0,0,4,0,1138,209,0,0,0,644,0,2,85,0,0,0,95,68,0,0,2,2,0,0,2,0,0,23,91,89,296,0,185,616,4,232,3,123,5,8,54,2,6,39,93,11,131,34,49,40,3,3,3,15,29,40,40,1,6,2,0,0,0,0,0,0,0,0,0,0,0,0,0,0,0,0,0,0,0,0,0,0,0,0,0,0,0,0,0,0,0,0,0,0,0,0,0,0,0,0,0,0,0,0
2024-06-02,NV,4648,0,0,0,0,0,0,0,0,0,0,0,0,0,0,0,0,0,0,0,0,54,0,0,0,4,0,1186,202,0,0,0,627,0,2,88,0,0,0,93,68,0,0,2,2,0,0,2,0,0,24,93,92,302,0,193,629,4,240,3,121,5,8,56,2,6,38,97,11,133,33,51,38,3,2,3,15,28,39,41,1,6,2,0,0,0,0,0,0,0,0,0,0,0,0,0,0,0,0,0,0,0,0,0,0,0,0,0,0,0,0,0,0,0,0,0,0,0,0,0,0,0,0,0,0,0,0
2024-06-03,NV,4636,0,0,0,0,0,0,0,0,0,0,0,0,0,0,0,0,0,0,0,0,54,0,0,0,4,0,1213,191,0,0,0,599,0,2,89,0,0,0,91,67,0,0,2,2,0,0,2,0,0,25,94,94,303,0,197,631,4,244,3,116,5,8,56,2,6,36,99,11,132,31,51,37,2,2,3,15,26,37,40,1,6,2,0,0,0,0,0,0,0,0,0,0,0,0,0,0,0,0,0,0,0,0,0,0,0,0,0,0,0,0,0,0,0,0,0,0,0,0,0,0,0,0,0,0,0,0
2024-06-04,NV,4531,0,0,0,0,0,0,0,0,0,0,0,0,0,0,0,0,0,0,0,0,52,0,0,0,4,0,1215,176,0,0,0,559,0,2,88,0,0,0,86,65,0,0,2,2,0,0,2,0,0,25,93,95,298,0,198,620,4,243,3,110,5,8,56,2,6,34,99,11,129,29,51,34,2,2,3,14,24,34,39,1,6,2,0,0,0,0,0,0,0,0,0,0,0,0,0,0,0,0,0,0,0,0,0,0,0,0,0,0,0,0,0,0,0,0,0,0,0,0,0,0,0,0,0,0,0,0
2024-06-05,NV,4382,0,0,0,0,0,0,0,0,0,0,0,0,0,0,0,0,0,0,0,0,51,0,0,0,3,0,1203,160,0,0,0,515,0,2,86,0,0,0,80,62,0,0,2,2,0,0,2,0,0,25,91,94,290,0,196,603,4,240,3,102,5,8,54,2,6,32,98,10,125,27,50,31,2,2,2,13,22,32,37,1,6,1,0,0,0,0,0,0,0,0,0,0,0,0,0,0,0,0,0,0,0,0,0,0,0,0,0,0,0,0,0,0,0,0,0,0,0,0,0,0,0,0,0,0,0,0
2024-06-06,NV,4187,0,0,0,0,0,0,0,0,0,0,0,0,0,0,0,0,0,0,0,0,48,0,0,0,3,0,1177,144,0,0,0,468,0,2,83,0,0,0,74,59,0,0,2,2,0,0,2,0,0,24,88,92,279,0,192,579,4,233,3,94,5,7,53,2,5,29,96,10,119,25,49,28,2,2,2,12,20,29,36,1,5,1,0,0,0,0,0,0,0,0,0,0,0,0,0,0,0,0,0,0,0,0,0,0,0,0,0,0,0,0,0,0,0,0,0,0,0,0,0,0,0,0,0,0,0,0
2024-06-07,NV,4013,0,0,0,0,0,0,0,0,0,0,0,0,0,0,0,0,0,0,0,0,46,0,0,0,3,0,1154,128,0,0,0,426,0,2,81,0,0,0,69,56,0,0,1,2,0,0,2,0,0,23,85,90,269,0,188,558,4,228,3,87,4,7,51,2,5,26,94,10,114,23,47,25,2,2,2,11,17,26,34,1,5,1,0,0,0,0,0,0,0,0,0,0,0,0,0,0,0,0,0,0,0,0,0,0,0,0,0,0,0,0,0,0,0,0,0,0,0,0,0,0,0,0,0,0,0,0
2024-06-08,NV,3940,0,0,0,0,0,0,0,0,0,0,0,0,0,0,0,0,0,0,0,0,45,0,0,0,3,0,1152,116,0,0,15,393,0,2,80,0,0,1,65,54,0,0,1,2,0,4,2,0,0,23,84,90,264,0,188,547,4,226,3,81,4,7,50,2,5,25,94,9,111,21,47,23,1,1,2,10,16,24,33,1,5,1,0,0,0,0,0,0,0,0,0,0,0,0,0,0,0,0,0,0,0,0,0,0,0,0,0,0,0,0,0,0,0,0,0,0,0,0,0,0,0,0,0,0,0,0
2024-06-09,NV,3864,0,0,0,0,0,0,0,0,0,0,0,0,0,0,0,0,0,0,0,0,43,0,0,0,3,0,1135,112,0,0,19,379,0,2,77,0,0,1,63,53,0,0,1,2,0,4,2,0,0,24,82,89,256,0,191,533,4,230,2,78,4,7,50,2,5,23,92,10,107,20,45,22,1,1,2,10,15,23,31,1,5,0,0,0,0,0,0,0,0,0,0,0,0,0,0,0,0,0,0,0,0,0,0,0,0,0,0,0,0,0,0,0,0,0,0,0,0,0,0,0,0,0,0,0,0,0
2024-06-10,NV,3939,0,0,0,0,0,0,0,0,0,0,0,0,0,0,0,0,0,0,0,0,44,0,0,0,3,0,1162,112,0,0,25,379,0,2,78,0,0,1,63,54,0,0,1,2,0,5,2,0,0,25,82,93,258,0,202,539,5,243,3,78,4,7,52,2,5,23,94,10,107,20,45,22,1,1,2,10,15,23,31,1,5,0,0,0,0,0,0,0,0,0,0,0,0,0,0,0,0,0,0,0,0,0,0,0,0,0,0,0,0,0,0,0,0,0,0,0,0,0,0,0,0,0,0,0,0,0
2024-06-11,NV,4056,0,0,0,0,0,0,0,0,0,0,0,0,0,0,0,0,0,0,0,0,44,0,0,0,3,0,1201,113,0,0,30,383,0,2,79,0,0,1,65,55,0,0,1,2,0,5,2,0,0,26,84,97,263,0,215,550,6,259,3,79,4,7,55,2,5,23,96,11,108,20,46,22,1,1,2,10,15,23,31,1,5,0,0,0,0,0,0,0,0,0,0,0,0,0,0,0,0,0,0,0,0,0,0,0,0,0,0,0,0,0,0,0,0,0,0,0,0,0,0,0,0,0,0,0,0,0
2024-06-12,NV,4234,0,0,0,0,0,0,0,0,0,0,0,0,0,0,0,0,0,0,0,0,46,0,0,0,3,0,1259,115,0,0,37,392,0,2,81,0,0,1,67,58,0,0,1,2,0,5,2,0,0,28,86,103,271,0,231,569,8,279,3,81,4,7,58,2,5,23,101,12,110,20,47,23,1,1,2,10,15,23,32,1,5,0,0,0,0,0,0,0,0,0,0,0,0,0,0,0,0,0,0,0,0,0,0,0,0,0,0,0,0,0,0,0,0,0,0,0,0,0,0,0,0,0,0,0,0,0
2024-06-13,NV,4470,0,0,0,0,0,0,0,0,0,0,0,0,0,0,0,0,0,0,0,0,47,0,0,0,3,0,1334,119,0,0,45,405,0,2,85,0,0,2,70,61,0,0,2,2,0,6,2,0,0,30,90,110,283,0,252,596,9,304,3,84,5,8,62,2,6,24,106,13,114,21,49,23,2,2,2,10,16,24,33,1,5,0,0,0,0,0,0,0,0,0,0,0,0,0,0,0,0,0,0,0,0,0,0,0,0,0,0,0,0,0,0,0,0,0,0,0,0,0,0,0,0,0,0,0,0,0
2024-06-14,NV,4708,0,0,0,0,0,0,0,0,0,0,0,0,0,0,0,0,0,0,0,0,49,0,0,0,4,0,1411,123,0,0,53,418,0,2,88,0,0,2,72,64,0,0,2,2,0,6,2,0,0,33,94,118,294,0,274,622,10,330,3,86,5,8,66,3,6,24,112,14,118,21,51,24,2,2,2,10,16,24,34,1,5,0,0,0,0,0,0,0,0,0,0,0,0,0,0,0,0,0,0,0,0,0,0,0,0,0,0,0,0,0,0,0,0,0,0,0,0,0,0,0,0,0,0,0,0,0
2024-06-15,NV,5026,0,0,0,0,0,0,0,0,0,0,0,0,0,0,0,0,0,0,0,0,52,0,0,0,4,0,1512,128,0,0,63,437,0,2,92,0,0,2,76,68,0,0,2,2,0,7,2,0,0,36,99,128,310,0,301,659,12,363,3,90,5,9,72,3,7,25,119,15,123,22,54,24,2,2,3,10,17,25,35,1,5,0,0,0,0,0,0,0,0,0,0,0,0,0,0,0,0,0,0,0,0,0,0,0,0,0,0,0,0,0,0,0,0,0,0,0,0,0,0,0,0,0,0,0,0,0
2024-06-16,NV,5444,0,0,0,0,0,0,0,0,0,0,0,0,0,0,0,0,0,0,0,0,55,0,0,0,4,0,1644,135,0,0,75,463,0,2,99,0,0,2,82,74,0,0,2,2,0,8,2,0,0,40,105,141,332,0,335,707,15,404,3,95,6,10,79,3,7,26,129,17,130,23,57,26,2,2,3,11,18,26,37,1,5,0,0,0,0,0,0,0,0,0,0,0,0,0,0,0,0,0,0,0,0,0,0,0,0,0,0,0,0,0,0,0,0,0,0,0,0,0,0,0,0,0,0,0,0,0
2024-06-17,NV,5734,0,0,0,0,0,0,0,0,0,0,0,0,0,0,0,0,0,0,0,0,57,0,0,0,4,0,1738,139,0,0,86,478,0,2,102,0,0,2,85,78,0,0,2,3,0,8,2,0,0,43,110,151,345,0,363,739,17,438,4,98,6,10,85,3,7,26,135,19,134,23,59,26,2,2,3,11,18,26,37,1,6,0,0,0,0,0,0,0,0,0,0,0,0,0,0,0,0,0,0,0,0,0,0,0,0,0,0,0,0,0,0,0,0,0,0,0,0,0,0,0,0,0,0,0,0,0
2024-06-18,NV,6019,0,0,0,0,0,0,0,0,0,0,0,0,0,0,0,0,0,0,0,0,59,0,0,0,5,0,1832,142,0,0,98,490,0,2,106,0,0,2,88,81,0,0,2,3,0,9,2,0,0,46,114,160,358,0,391,768,19,472,4,101,6,11,90,3,8,27,142,20,137,24,61,26,2,2,3,11,18,27,38,2,6,0,0,0,0,0,0,0,0,0,0,0,0,0,0,0,0,0,0,0,0,0,0,0,0,0,0,0,0,0,0,0,0,0,0,0,0,0,0,0,0,0,0,0,0,0
2024-06-19,NV,6250,0,0,0,0,0,0,0,0,0,0,0,0,0,0,0,0,0,0,0,0,60,0,0,0,5,0,1909,144,0,0,109,497,0,3,108,0,0,2,90,84,0,0,2,3,0,9,2,0,0,49,116,169,367,0,417,791,21,503,4,102,7,11,95,3,8,27,147,22,139,24,62,26,2,2,3,11,18,27,38,2,6,0,0,0,0,0,0,0,0,0,0,0,0,0,0,0,0,0,0,0,0,0,0,0,0,0,0,0,0,0,0,0,0,0,0,0,0,0,0,0,0,0,0,0,0,0
2024-06-20,NV,6436,0,0,0,0,0,0,0,0,0,0,0,0,0,0,0,0,0,0,0,0,61,0,0,0,5,0,1974,145,0,0,121,500,0,3,110,0,0,2,92,87,0,0,2,3,0,10,2,0,0,52,118,177,373,0,441,807,23,532,4,103,7,12,100,4,8,26,152,23,140,23,63,26,2,2,3,10,18,26,38,2,6,0,0,0,0,0,0,0,0,0,0,0,0,0,0,0,0,0,0,0,0,0,0,0,0,0,0,0,0,0,0,0,0,0,0,0,0,0,0,0,0,0,0,0,0,0
2024-06-21,NV,6734,0,0,0,0,0,0,0,0,0,0,0,0,0,0,0,0,0,0,0,0,62,0,0,0,5,0,2073,147,0,0,135,511,0,3,113,0,0,3,95,91,0,0,2,3,0,11,2,0,0,55,122,187,385,0,473,837,25,571,4,105,7,12,106,4,9,26,158,24,143,24,65,26,2,2,3,10,19,26,39,2,6,0,0,0,0,0,0,0,0,0,0,0,0,0,0,0,0,0,0,0,0,0,0,0,0,0,0,0,0,0,0,0,0,0,0,0,0,0,0,0,0,0,0,0,0,0
2024-06-22,NV,6987,0,0,0,0,0,0,0,0,0,0,0,0,0,0,0,0,0,0,0,0,63,0,0,0,5,0,2159,149,0,0,149,518,0,3,115,0,0,3,97,94,0,0,2,3,0,11,2,0,0,59,125,197,394,0,503,860,28,607,4,106,7,13,111,4,9,26,164,26,145,23,66,26,2,2,4,10,19,26,39,2,5,0,0,0,0,0,0,0,0,0,0,0,0,0,0,0,0,0,0,0,0,0,0,0,0,0,0,0,0,0,0,0,0,0,0,0,0,0,0,0,0,0,0,0,0,0
2024-06-23,NV,7054,0,0,0,0,0,0,0,0,0,0,0,0,0,0,0,0,0,0,0,0,63,0,0,0,6,0,2188,146,0,0,159,510,0,3,115,0,0,3,97,95,0,0,2,3,0,12,2,0,0,60,124,202,393,0,520,860,30,627,5,104,7,13,114,4,9,25,166,27,142,23,66,25,2,2,4,10,18,25,38,2,5,0,0,0,0,0,0,0,0,0,0,0,0,0,0,0,0,0,0,0,0,0,0,0,0,0,0,0,0,0,0,0,0,0,0,0,0,0,0,0,0,0,0,0,0,0
2024-06-24,NV,7060,0,0,0,0,0,0,0,0,0,0,0,0,0,0,0,0,0,0,0,0,62,0,0,0,6,0,2198,142,0,0,168,497,0,3,113,0,0,3,96,94,0,0,2,3,0,12,2,0,0,62,123,205,388,0,533,853,31,642,5,101,7,13,116,4,9,24,165,28,138,22,64,24,2,2,4,9,18,24,36,2,5,0,0,0,0,0,0,0,0,0,0,0,0,0,0,0,0,0,0,0,0,0,0,0,0,0,0,0,0,0,0,0,0,0,0,0,0,0,0,0,0,0,0,0,0,0
2024-06-25,NV,7035,0,0,0,0,0,0,0,0,0,0,0,0,0,0,0,0,0,0,0,0,60,0,0,0,6,0,2199,137,0,0,176,482,0,3,110,0,0,3,94,94,0,0,2,3,0,12,2,0,0,63,121,207,381,0,543,842,33,655,5,98,7,13,117,4,9,22,165,28,134,21,63,23,2,2,3,8,17,23,35,2,5,0,0,0,0,0,0,0,0,0,0,0,0,0,0,0,0,0,0,0,0,0,0,0,0,0,0,0,0,0,0,0,0,0,0,0,0,0,0,0,0,0,0,0,0,0
2024-06-26,NV,6968,0,0,0,0,0,0,0,0,0,0,0,0,0,0,0,0,0,0,0,0,59,0,0,0,5,0,2186,132,0,0,183,465,0,3,108,0,0,3,92,93,0,0,2,3,0,12,2,0,0,63,118,207,372,0,550,826,34,663,4,95,7,13,117,4,9,21,163,29,129,19,61,22,2,2,3,8,16,21,33,2,4,0,0,0,0,0,0,0,0,0,0,0,0,0,0,0,0,0,0,0,0,0,0,0,0,0,0,0,0,0,0,0,0,0,0,0,0,0,0,0,0,0,0,0,0,0
2024-06-27,NV,6860,0,0,0,0,0,0,0,0,0,0,0,0,0,0,0,0,0,0,0,0,57,0,0,0,5,0,2160,126,0,0,189,445,0,3,104,0,0,3,89,91,0,0,2,3,0,12,2,0,0,64,114,207,361,0,553,806,35,667,4,90,7,13,117,4,9,19,160,29,124,18,59,21,2,2,3,7,15,20,31,2,4,0,0,0,0,0,0,0,0,0,0,0,0,0,0,0,0,0,0,0,0,0,0,0,0,0,0,0,0,0,0,0,0,0,0,0,0,0,0,0,0,0,0,0,0,0
2024-06-28,NV,6587,0,0,0,0,0,0,0,0,0,0,0,0,0,0,0,0,0,0,0,0,53,0,0,0,5,0,2082,117,0,0,189,415,0,3,98,0,0,3,84,88,0,0,2,3,0,12,2,0,0,62,108,201,342,0,542,766,35,655,4,84,7,13,114,4,9,17,154,28,115,17,56,19,2,2,3,6,14,18,28,2,4,0,0,0,0,0,0,0,0,0,0,0,0,0,0,0,0,0,0,0,0,0,0,0,0,0,0,0,0,0,0,0,0,0,0,0,0,0,0,0,0,0,0,0,0,0
2024-06-29,NV,6277,0,0,0,0,0,0,0,0,0,0,0,0,0,0,0,0,0,0,0,0,50,0,0,0,5,0,1991,108,0,0,188,384,0,3,92,0,0,3,79,83,0,0,2,3,0,12,2,0,0,60,101,194,321,0,528,723,35,637,4,78,6,12,110,4,8,15,146,28,106,15,52,17,2,2,3,5,13,16,26,2,3,0,0,0,0,0,0,0,0,0,0,0,0,0,0,0,0,0,0,0,0,0,0,0,0,0,0,0,0,0,0,0,0,0,0,0,0,0,0,0,0,0,0,0,0,0
2024-06-30,NV,6096,0,0,0,0,0,0,0,0,0,0,0,0,0,0,0,0,0,0,0,0,47,0,0,0,5,0,1941,101,0,0,191,362,0,3,88,0,0,2,76,81,0,0,2,3,0,12,2,0,0,60,97,191,307,0,523,695,35,631,4,73,6,12,108,3,8,14,142,27,100,14,49,15,2,2,3,5,12,15,24,2,3,0,0,0,0,0,0,0,0,0,0,0,0,0,0,0,0,0,0,0,0,0,0,0,0,0,0,0,0,0,0,0,0,0,0,0,0,0,0,0,0,0,0,0,0,0
2024-07-01,NV,6035,0,0,0,0,0,0,0,0,0,0,0,0,0,0,0,0,0,0,0,0,46,0,0,0,5,0,1929,97,0,0,196,347,0,3,85,0,0,2,74,80,0,0,2,3,0,12,2,0,0,60,95,191,299,0,528,682,36,638,4,70,6,12,108,3,8,13,140,28,96,13,48,14,2,2,3,4,11,13,22,2,3,0,0,0,0,0,0,0,0,0,0,0,0,0,0,0,0,0,0,0,0,0,0,0,0,0,0,0,0,0,0,0,0,0,0,0,0,0,0,0,0,0,0,0,0,0
2024-07-02,NV,6097,0,0,0,0,0,0,0,0,0,0,0,0,0,0,0,0,0,0,0,0,45,0,0,0,5,0,1956,94,0,0,206,340,0,3,84,0,0,2,74,81,0,0,2,3,0,12,2,0,0,62,94,196,298,0,544,682,38,657,4,68,6,12,111,4,8,12,142,29,93,12,47,14,2,2,3,4,11,13,22,2,2,0,0,0,0,0,0,0,0,0,0,0,0,0,0,0,0,0,0,0,0,0,0,0,0,0,0,0,0,0,0,0,0,0,0,0,0,0,0,0,0,0,0,0,0,0
2024-07-03,NV,6240,0,0,0,0,0,0,0,0,0,0,0,0,0,0,0,0,0,0,0,0,45,0,0,0,5,0,2009,92,0,0,218,336,0,3,85,0,0,3,74,82,0,0,2,3,0,13,2,0,0,65,95,203,300,0,568,691,40,685,4,67,6,12,115,4,8,11,145,30,92,11,47,13,2,2,3,3,10,12,21,2,2,0,0,0,0,0,0,0,0,0,0,0,0,0,0,0,0,0,0,0,0,0,0,0,0,0,0,0,0,0,0,0,0,0,0,0,0,0,0,0,0,0,0,0,0,0
2024-07-04,NV,6468,0,0,0,0,0,0,0,0,0,0,0,0,0,0,0,0,0,0,0,0,46,0,0,0,5,0,2090,92,0,0,234,336,0,3,86,0,0,3,76,85,0,0,2,3,0,13,2,0,0,68,97,213,306,0,600,708,43,724,4,67,7,13,120,4,9,10,150,32,92,11,48,12,2,2,3,3,10,11,20,2,2,0,0,0,0,0,0,0,0,0,0,0,0,0,0,0,0,0,0,0,0,0,0,0,0,0,0,0,0,0,0,0,0,0,0,0,0,0,0,0,0,0,0,0,0,0
2024-07-05,NV,6717,0,0,0,0,0,0,0,0,0,0,0,0,0,0,0,0,0,0,0,0,46,0,0,0,5,0,2178,92,0,0,252,337,0,3,87,0,0,3,78,88,0,0,2,3,0,14,2,0,0,72,99,223,313,0,635,728,46,766,4,67,7,13,127,4,9,9,155,34,92,10,49,12,2,2,3,2,10,10,20,2,2,0,0,0,0,0,0,0,0,0,0,0,0,0,0,0,0,0,0,0,0,0,0,0,0,0,0,0,0,0,0,0,0,0,0,0,0,0,0,0,0,0,0,0,0,0
2024-07-06,NV,6947,0,0,0,0,0,0,0,0,0,0,0,0,0,0,0,0,0,0,0,0,47,0,0,0,6,0,2259,91,0,0,269,336,0,3,89,0,0,3,79,91,0,0,2,3,0,15,2,0,4,76,100,234,318,0,668,745,49,806,4,67,7,14,132,4,9,8,160,35,92,10,49,11,2,2,3,2,9,10,19,2,2,0,0,0,0,0,0,0,0,0,0,0,0,0,0,0,0,0,0,0,0,0,0,0,0,0,0,0,0,0,0,0,0,0,0,0,0,0,0,0,0,0,0,0,0,0
2024-07-07,NV,7208,0,0,0,0,0,0,0,0,0,0,0,0,0,0,0,0,0,0,0,0,49,0,0,0,6,0,2323,92,0,0,302,344,0,3,92,0,0,3,80,93,0,0,2,4,0,15,2,0,4,78,103,246,329,0,703,768,52,844,5,69,7,15,136,4,10,8,164,37,94,10,50,11,2,2,3,2,9,10,19,2,2,0,0,0,0,0,0,0,0,0,0,0,0,0,0,0,0,0,0,0,0,0,0,0,0,0,0,0,0,0,0,0,0,0,0,0,0,0,0,0,0,0,0,0,0,0
2024-07-08,NV,7434,0,0,0,0,0,0,0,0,0,0,0,0,0,0,0,0,0,0,0,0,51,0,0,0,6,0,2374,93,0,0,335,350,0,3,95,0,0,3,80,95,0,0,2,4,0,16,2,0,5,81,105,257,337,0,735,786,56,878,5,70,7,17,139,4,10,9,167,38,95,10,50,11,2,2,3,2,9,10,19,2,2,0,0,0,0,0,0,0,0,0,0,0,0,0,0,0,0,0,0,0,0,0,0,0,0,0,0,0,0,0,0,0,0,0,0,0,0,0,0,0,0,0,0,0,0,0
2024-07-09,NV,7590,0,0,0,0,0,0,0,0,0,0,0,0,0,0,0,0,0,0,0,0,53,0,0,0,6,0,2402,92,0,0,366,353,0,3,97,0,0,3,80,96,0,0,2,4,0,16,2,0,6,83,106,266,343,0,760,797,59,905,5,71,8,18,140,4,10,9,168,39,96,10,49,11,2,2,3,2,9,10,19,2,2,0,0,0,0,0,0,0,0,0,0,0,0,0,0,0,0,0,0,0,0,0,0,0,0,0,0,0,0,0,0,0,0,0,0,0,0,0,0,0,0,0,0,0,0,0
2024-07-10,NV,7687,0,0,0,0,0,0,0,0,0,0,0,0,0,0,0,0,0,0,0,0,54,0,0,0,6,0,2410,91,0,0,395,353,0,3,99,0,0,3,78,96,0,0,2,4,0,16,2,0,6,84,106,273,346,0,780,802,62,925,5,71,8,20,140,5,11,9,168,39,96,9,49,11,2,2,3,2,9,10,18,2,2,0,0,0,0,0,0,0,0,0,0,0,0,0,0,0,0,0,0,0,0,0,0,0,0,0,0,0,0,0,0,0,0,0,0,0,0,0,0,0,0,0,0,0,0,0
2024-07-11,NV,7819,0,0,0,0,0,0,0,0,0,0,0,0,0,0,0,0,0,0,0,0,56,0,0,0,6,0,2429,90,0,0,427,354,0,3,101,0,0,3,77,96,0,0,2,4,0,16,2,0,7,85,107,282,350,0,804,810,65,949,5,71,8,21,141,5,11,9,169,40,96,9,48,11,2,2,3,2,9,10,18,2,2,0,0,0,0,0,0,0,0,0,0,0,0,0,0,0,0,0,0,0,0,0,0,0,0,0,0,0,0,0,0,0,0,0,0,0,0,0,0,0,0,0,0,0,0,0
2024-07-12,NV,7870,0,0,0,0,0,0,0,0,0,0,0,0,0,0,0,0,0,0,0,0,56,0,0,0,6,0,2422,89,0,0,454,352,0,3,102,0,0,3,76,95,0,0,2,4,0,16,2,0,7,86,106,287,351,0,820,810,67,963,5,71,8,23,141,5,11,8,168,40,95,9,47,10,2,2,3,2,9,9,17,2,2,0,0,0,0,0,0,0,0,0,0,0,0,0,0,0,0,0,0,0,0,0,0,0,0,0,0,0,0,0,0,0,0,0,0,0,0,0,0,0,0,0,0,0,0,0
2024-07-13,NV,8015,0,0,0,0,0,0,0,0,0,0,0,0,0,0,0,0,0,0,0,0,58,0,0,0,6,0,2443,88,0,0,488,353,0,3,104,0,0,4,75,96,0,0,2,4,0,17,2,0,8,88,107,296,356,0,846,819,71,990,5,71,8,24,141,5,11,8,168,41,95,9,46,10,2,2,3,2,9,9,17,2,2,0,0,0,0,0,0,0,0,0,0,0,0,0,0,0,0,0,0,0,0,0,0,0,0,0,0,0,0,0,0,0,0,0,0,0,0,0,0,0,0,0,0,0,0,0
2024-07-14,NV,8250,0,0,0,0,0,0,0,0,0,0,0,0,0,0,0,0,0,0,0,0,60,0,0,0,7,0,2490,88,0,0,529,358,0,4,107,0,0,4,74,97,0,0,2,4,0,17,2,0,8,90,109,309,364,0,882,837,75,1028,5,73,8,26,144,5,11,8,171,43,96,9,46,10,2,3,4,3,9,9,17,2,2,0,0,0,0,0,0,0,0,0,0,0,0,0,0,0,0,0,0,0,0,0,0,0,0,0,0,0,0,0,0,0,0,0,0,0,0,0,0,0,0,0,0,0,0,0
2024-07-15,NV,8461,0,0,0,0,0,0,0,0,0,0,0,0,0,0,0,0,0,0,0,0,63,0,0,0,7,0,2529,88,0,0,569,363,0,4,110,0,0,4,74,98,0,0,2,4,0,17,2,0,9,93,110,321,372,0,915,852,79,1063,5,74,8,28,146,5,12,9,172,44,97,9,46,10,3,3,4,3,8,9,16,2,2,0,0,0,0,0,0,0,0,0,0,0,0,0,0,0,0,0,0,0,0,0,0,0,0,0,0,0,0,0,0,0,0,0,0,0,0,0,0,0,0,0,0,0,0,0
2024-07-16,NV,8653,0,0,0,0,0,0,0,0,0,0,0,0,0,0,0,0,0,0,0,0,65,0,0,0,7,0,2561,87,0,0,609,365,0,4,113,0,0,4,73,99,0,0,2,4,0,18,2,0,10,95,111,332,378,0,948,865,83,1096,6,74,9,30,147,5,12,9,174,45,98,9,45,10,3,3,4,3,8,9,16,2,2,0,0,0,0,0,0,0,0,0,0,0,0,0,0,0,0,0,0,0,0,0,0,0,0,0,0,0,0,0,0,0,0,0,0,0,0,0,0,0,0,0,0,0,0,0
2024-07-17,NV,8871,0,0,0,0,0,0,0,0,0,0,0,0,0,0,0,0,0,0,0,0,67,0,0,0,7,0,2599,87,0,0,653,369,0,4,116,0,0,4,72,100,0,0,3,4,0,18,3,0,10,97,113,345,386,0,983,881,87,1133,6,75,9,32,149,5,12,9,175,46,99,8,45,10,3,3,4,3,8,9,16,2,2,0,0,0,0,0,0,0,0,0,0,0,0,0,0,0,0,0,0,0,0,0,0,0,0,0,0,0,0,0,0,0,0,0,0,0,0,0,0,0,0,0,0,0,0,0
2024-07-18,NV,9013,0,0,0,0,0,0,0,0,0,0,0,0,0,0,0,0,0,0,0,0,69,0,0,0,7,0,2615,85,0,0,692,370,0,4,118,0,0,4,71,100,0,0,3,5,0,18,3,0,11,99,113,355,390,0,1011,888,91,1161,6,76,9,34,150,6,13,9,176,47,99,8,44,9,3,3,4,3,8,9,15,2,2,0,0,0,0,0,0,0,0,0,0,0,0,0,0,0,0,0,0,0,0,0,0,0,0,0,0,0,0,0,0,0,0,0,0,0,0,0,0,0,0,0,0,0,0,0
2024-07-19,NV,9262,0,0,0,0,0,0,0,0,0,0,0,0,0,0,0,0,0,0,0,0,71,0,0,0,7,0,2660,85,0,0,741,374,0,4,121,0,0,4,70,101,0,0,3,5,0,18,3,0,12,102,115,369,399,0,1052,906,96,1203,6,77,9,36,152,6,13,9,178,48,100,8,43,9,3,3,4,3,8,9,15,2,2,0,0,0,0,0,0,0,0,0,0,0,0,0,0,0,0,0,0,0,0,0,0,0,0,0,0,0,0,0,0,0,0,0,0,0,0,0,0,0,0,0,0,0,0,0
2024-07-20,NV,9462,0,0,0,0,0,0,0,0,0,0,0,0,0,0,0,0,0,0,0,0,73,0,0,0,8,0,2690,84,0,0,787,377,0,4,124,0,0,4,69,101,0,0,3,5,0,19,3,0,13,104,116,382,406,0,1087,919,100,1239,6,77,9,38,154,6,13,9,179,49,100,8,43,9,3,3,4,3,8,9,14,2,2,0,0,0,0,0,0,0,0,0,0,0,0,0,0,0,0,0,0,0,0,0,0,0,0,0,0,0,0,0,0,0,0,0,0,0,0,0,0,0,0,0,0,0,0,0
2024-07-21,NV,9435,0,0,0,0,0,0,0,0,0,0,0,0,0,0,0,0,0,0,0,0,74,0,0,0,8,0,2654,81,0,0,814,370,0,4,124,0,0,4,66,99,0,0,3,5,0,19,3,0,13,104,114,385,403,0,1097,910,102,1245,6,76,9,39,151,6,13,8,175,49,98,7,41,8,3,3,4,4,7,9,13,2,2,0,0,0,0,0,0,0,0,0,0,0,0,0,0,0,0,0,0,0,0,0,0,0,0,0,0,0,0,0,0,0,0,0,0,0,0,0,0,0,0,0,0,0,0,0
2024-07-22,NV,9374,0,0,0,0,0,0,0,0,0,0,0,0,0,0,0,0,0,0,0,0,74,0,0,0,8,0,2610,77,0,0,839,362,0,4,123,0,0,4,63,97,0,0,3,5,0,18,3,0,13,103,112,387,398,0,1102,897,104,1247,6,75,9,40,148,6,13,8,171,49,95,7,39,8,3,3,4,4,7,8,12,2,2,0,0,0,0,0,0,0,0,0,0,0,0,0,0,0,0,0,0,0,0,0,0,0,0,0,0,0,0,0,0,0,0,0,0,0,0,0,0,0,0,0,0,0,0,0
2024-07-23,NV,9312,0,0,0,0,0,0,0,0,0,0,0,0,0,0,0,0,0,0,0,0,74,0,0,0,8,0,2565,74,0,0,863,354,0,4,123,0,0,4,59,95,0,0,3,5,0,18,3,0,14,102,110,389,394,0,1107,884,106,1249,6,73,9,41,146,6,13,8,167,49,93,7,37,7,3,3,4,4,6,8,11,2,2,0,0,0,0,0,0,0,0,0,0,0,0,0,0,0,0,0,0,0,0,0,0,0,0,0,0,0,0,0,0,0,0,0,0,0,0,0,0,0,0,0,0,0,0,0
2024-07-24,NV,9260,0,0,0,0,0,0,0,0,0,0,0,0,0,0,0,0,0,0,0,0,75,0,0,0,7,0,2524,71,0,0,888,346,0,4,122,0,0,4,56,93,0,0,3,5,0,18,3,0,14,102,108,391,389,0,1114,873,108,1252,6,72,9,42,143,6,13,8,164,49,91,6,35,7,3,3,4,4,6,7,11,2,2,0,0,0,0,0,0,0,0,0,0,0,0,0,0,0,0,0,0,0,0,0,0,0,0,0,0,0,0,0,0,0,0,0,0,0,0,0,0,0,0,0,0,0,0,0
2024-07-25,NV,9221,0,0,0,0,0,0,0,0,0,0,0,0,0,0,0,0,0,0,0,0,75,0,0,0,7,0,2486,68,0,0,913,339,0,4,122,0,0,4,54,91,0,0,2,5,0,18,3,0,15,102,106,394,386,0,1121,863,109,1256,6,71,9,44,140,6,13,7,160,49,89,6,33,6,3,3,4,4,6,7,10,2,2,0,0,0,0,0,0,0,0,0,0,0,0,0,0,0,0,0,0,0,0,0,0,0,0,0,0,0,0,0,0,0,0,0,0,0,0,0,0,0,0,0,0,0,0,0
2024-07-26,NV,9192,0,0,0,0,0,0,0,0,0,0,0,0,0,0,0,0,0,0,0,0,75,0,0,0,7,0,2451,65,0,0,939,332,0,4,122,0,0,4,51,89,0,0,2,5,0,18,3,0,15,101,104,397,383,0,1130,853,111,1262,6,69,9,45,138,6,13,7,157,49,87,5,31,6,3,3,4,4,5,7,9,2,2,0,0,0,0,0,0,0,0,0,0,0,0,0,0,0,0,0,0,0,0,0,0,0,0,0,0,0,0,0,0,0,0,0,0,0,0,0,0,0,0,0,0,0,0,0
2024-07-27,NV,9214,0,0,0,0,0,0,0,0,0,0,0,0,0,0,0,0,0,0,0,0,76,0,0,0,7,0,2430,62,0,0,971,328,0,4,123,0,0,4,48,87,0,0,2,5,0,17,3,0,16,102,103,403,382,0,1145,849,114,1275,6,69,9,46,137,6,13,7,154,49,85,5,30,5,3,3,4,4,5,7,8,2,2,0,0,0,0,0,0,0,0,0,0,0,0,0,0,0,0,0,0,0,0,0,0,0,0,0,0,0,0,0,0,0,0,0,0,0,0,0,0,0,0,0,0,0,0,0
2024-07-28,NV,9409,0,0,0,0,0,0,0,0,0,0,0,0,0,0,0,0,0,0,0,0,78,0,0,0,8,0,2454,61,0,0,1022,329,0,4,125,0,0,5,46,88,0,0,2,5,0,18,3,0,17,104,104,416,388,0,1182,860,119,1312,6,69,9,48,137,6,13,7,155,50,85,5,29,5,3,3,4,4,5,6,7,2,2,0,0,0,0,0,0,0,0,0,0,0,0,0,0,0,0,0,0,0,0,0,0,0,0,0,0,0,0,0,0,0,0,0,0,0,0,0,0,0,0,0,0,0,0,0
2024-07-29,NV,9622,0,0,0,0,0,0,0,0,0,0,0,0,0,0,0,0,0,0,0,0,81,0,0,0,8,0,2481,59,0,0,1075,330,0,4,128,0,0,5,45,88,0,0,3,5,0,18,3,0,17,106,105,430,395,0,1222,872,124,1352,6,70,9,51,139,6,14,7,156,51,85,5,27,5,3,3,4,4,4,6,7,2,2,0,0,0,0,0,0,0,0,0,0,0,0,0,0,0,0,0,0,0,0,0,0,0,0,0,0,0,0,0,0,0,0,0,0,0,0,0,0,0,0,0,0,0,0,0
2024-07-30,NV,9821,0,0,0,0,0,0,0,0,0,0,0,0,0,0,0,0,0,0,0,0,83,0,0,0,8,0,2503,58,0,0,1129,331,0,4,131,0,0,5,43,88,0,0,3,5,0,18,3,0,18,109,105,443,401,0,1260,883,129,1390,6,70,9,53,140,6,14,7,156,52,85,4,26,4,3,3,4,4,4,6,6,3,2,0,0,0,0,0,0,0,0,0,0,0,0,0,0,0,0,0,0,0,0,0,0,0,0,0,0,0,0,0,0,0,0,0,0,0,0,0,0,0,0,0,0,0,0,0
2024-07-31,NV,9919,0,0,0,0,0,0,0,0,0,0,0,0,0,0,0,0,0,0,0,0,85,0,0,0,8,0,2499,55,0,0,1172,328,0,5,133,0,0,5,40,87,0,0,3,5,0,18,4,0,19,110,105,452,403,0,1286,885,133,1415,6,70,10,55,139,6,14,7,154,53,84,4,25,4,3,3,4,5,4,6,5,3,2,0,0,0,0,0,0,0,0,0,0,0,0,0,0,0,0,0,0,0,0,0,0,0,0,0,0,0,0,0,0,0,0,0,0,0,0,0,0,0,0,0,0,0,0,0
2024-08-01,NV,9926,0,0,0,0,0,0,0,0,0,0,0,0,0,0,0,0,0,0,0,0,86,0,0,0,8,0,2472,52,0,0,1204,323,0,5,133,0,0,5,37,86,0,0,3,5,0,18,4,0,20,110,103,458,401,0,1300,878,136,1426,6,69,10,57,137,6,14,6,151,53,83,4,23,3,3,3,4,5,3,5,4,3,3,0,0,0,0,0,0,0,0,0,0,0,0,0,0,0,0,0,0,0,0,0,0,0,0,0,0,0,0,0,0,0,0,0,0,0,0,0,0,0,0,0,0,0,0,0
2024-08-02,NV,9849,0,0,0,0,0,0,0,0,0,0,0,0,0,0,0,0,0,0,0,0,86,0,0,0,8,0,2424,49,0,0,1226,314,0,4,133,0,0,5,34,83,0,0,3,5,0,18,4,0,20,109,101,459,396,0,1303,864,137,1426,6,67,9,58,134,6,14,6,147,53,80,3,21,3,3,3,4,5,3,5,3,3,2,0,0,0,0,0,0,0,0,0,0,0,0,0,0,0,0,0,0,0,0,0,0,0,0,0,0,0,0,0,0,0,0,0,0,0,0,0,0,0,0,0,0,0,0,0
2024-08-03,NV,9826,0,0,0,0,0,0,0,0,0,0,0,0,0,0,0,0,0,0,0,0,86,0,0,0,8,0,2387,46,0,0,1253,307,0,4,132,0,0,5,31,81,0,0,3,5,0,18,4,0,21,109,99,462,392,11,1312,854,139,1431,6,66,9,59,131,6,14,6,144,53,78,3,19,3,3,3,4,5,2,5,3,3,2,0,0,0,0,0,0,0,0,0,0,0,0,0,0,0,0,0,0,0,0,0,0,0,0,0,0,0,0,0,0,0,0,0,0,0,0,0,0,0,0,0,0,0,0,0
2024-08-04,NV,9753,0,0,0,0,0,0,0,0,0,0,0,0,0,0,0,0,0,0,0,0,86,0,0,0,13,0,2347,45,0,0,1297,301,0,4,130,0,0,5,31,79,0,0,3,5,0,18,4,0,21,107,99,455,387,11,1308,840,138,1421,6,65,9,60,129,6,14,6,141,52,75,3,19,3,3,3,4,0,0,0,0,0,0,0,0,0,0,0,0,0,0,0,0,0,0,0,0,0,0,0,0,0,0,0,0,0,0,0,0,0,0,0,0,0,0,0,0,0,0,0,0,0,0,0,0,0,0,0
2024-08-05,NV,9660,0,0,0,0,0,0,0,0,0,0,0,0,0,0,0,0,0,0,0,0,86,0,0,0,17,0,2298,43,0,0,1336,295,0,4,127,0,0,5,30,77,0,0,2,5,0,18,4,0,21,106,98,447,380,11,1299,823,135,1405,6,65,9,61,125,6,14,6,138,52,72,3,18,3,3,3,3,0,0,0,0,0,0,0,0,0,0,0,0,0,0,0,0,0,0,0,0,0,0,0,0,0,0,0,0,0,0,0,0,0,0,0,0,0,0,0,0,0,0,0,0,0,0,0,0,0,0,0
2024-08-06,NV,9557,0,0,0,0,0,0,0,0,0,0,0,0,0,0,0,0,0,0,0,0,86,0,0,0,22,0,2247,42,0,0,1371,288,0,4,124,0,0,5,29,74,0,0,2,5,0,18,4,0,21,104,97,438,373,12,1289,805,133,1388,6,64,9,61,122,6,14,6,134,51,69,3,17,3,3,3,3,0,0,0,0,0,0,0,0,0,0,0,0,0,0,0,0,0,0,0,0,0,0,0,0,0,0,0,0,0,0,0,0,0,0,0,0,0,0,0,0,0,0,0,0,0,0,0,0,0,0,0
2024-08-07,NV,9440,0,0,0,0,0,0,0,0,0,0,0,0,0,0,0,0,0,0,0,0,85,0,0,0,26,0,2193,41,0,0,1404,280,0,4,120,0,0,5,29,72,0,0,2,5,0,19,4,0,22,102,96,429,365,12,1277,786,131,1369,6,63,9,62,118,6,14,6,131,50,66,3,17,3,3,3,3,0,0,0,0,0,0,0,0,0,0,0,0,0,0,0,0,0,0,0,0,0,0,0,0,0,0,0,0,0,0,0,0,0,0,0,0,0,0,0,0,0,0,0,0,0,0,0,0,0,0,0
2024-08-08,NV,9306,0,0,0,0,0,0,0,0,0,0,0,0,0,0,0,0,0,0,0,0,85,0,0,0,30,0,2137,39,0,0,1433,273,0,4,117,0,0,5,28,69,0,0,2,5,0,19,4,0,22,100,95,419,357,12,1262,766,128,1347,6,62,9,62,115,6,14,6,127,49,63,3,16,3,3,3,3,0,0,0,0,0,0,0,0,0,0,0,0,0,0,0,0,0,0,0,0,0,0,0,0,0,0,0,0,0,0,0,0,0,0,0,0,0,0,0,0,0,0,0,0,0,0,0,0,0,0,0
2024-08-09,NV,9170,0,0,0,0,0,0,0,0,0,0,0,0,0,0,0,0,0,0,0,0,84,0,0,0,35,0,2080,38,0,0,1460,265,0,4,114,0,0,5,27,66,0,0,2,5,0,19,4,0,22,98,94,409,349,13,1247,746,126,1325,6,60,9,63,111,6,13,5,123,48,60,3,15,3,3,3,3,0,0,0,0,0,0,0,0,0,0,0,0,0,0,0,0,0,0,0,0,0,0,0,0,0,0,0,0,0,0,0,0,0,0,0,0,0,0,0,0,0,0,0,0,0,0,0,0,0,0,0
2024-08-10,NV,9168,0,0,0,0,0,0,0,0,0,0,0,0,0,0,0,0,0,0,0,0,85,0,0,0,39,0,2055,37,0,0,1508,261,0,4,112,0,0,5,27,65,0,0,2,5,0,19,4,0,22,97,94,405,346,13,1250,737,125,1323,6,60,9,64,109,6,13,5,122,48,58,3,15,3,3,3,3,0,0,0,0,0,0,0,0,0,0,0,0,0,0,0,0,0,0,0,0,0,0,0,0,0,0,0,0,0,0,0,0,0,0,0,0,0,0,0,0,0,0,0,0,0,0,0,0,0,0,0
2024-08-11,NV,9368,0,0,0,0,0,0,0,0,0,0,0,0,0,0,0,0,0,0,0,0,87,0,0,0,44,0,2074,37,0,0,1590,263,0,4,113,0,0,5,27,64,0,0,2,5,0,20,4,0,23,99,96,410,351,14,1281,744,127,1349,6,61,9,66,110,6,14,6,122,49,57,3,15,3,3,3,3,0,0,0,0,0,0,0,0,0,0,0,0,0,0,0,0,0,0,0,0,0,0,0,0,0,0,0,0,0,0,0,0,0,0,0,0,0,0,0,0,0,0,0,0,0,0,0,0,0,0,0
2024-08-12,NV,9394,0,0,0,0,0,0,0,0,0,0,0,0,0,0,0,0,0,0,0,0,88,0,0,0,49,0,2054,36,0,0,1643,260,0,4,111,0,0,5,27,63,0,0,2,5,0,20,4,0,24,98,97,407,348,14,1288,737,127,1351,6,61,9,68,108,6,14,6,121,49,55,3,15,3,3,3,3,0,0,0,0,0,0,0,0,0,0,0,0,0,0,0,0,0,0,0,0,0,0,0,0,0,0,0,0,0,0,0,0,0,0,0,0,0,0,0,0,0,0,0,0,0,0,0,0,0,0,0
2024-08-13,NV,9207,0,0,0,0,0,0,0,0,0,0,0,0,0,0,0,0,0,0,0,0,87,0,0,0,53,0,1987,35,0,0,1659,251,0,4,107,0,0,5,26,60,0,0,2,5,0,20,4,0,24,96,95,395,339,15,1265,714,123,1322,6,60,9,68,104,6,14,5,117,48,52,3,14,3,3,3,3,0,0,0,0,0,0,0,0,0,0,0,0,0,0,0,0,0,0,0,0,0,0,0,0,0,0,0,0,0,0,0,0,0,0,0,0,0,0,0,0,0,0,0,0,0,0,0,0,0,0,0
2024-08-14,NV,9111,0,0,0,0,0,0,0,0,0,0,0,0,0,0,0,0,0,0,0,0,86,0,0,0,57,0,1942,34,0,0,1689,245,0,4,104,0,0,5,25,58,0,0,2,5,0,20,4,0,24,94,94,387,332,15,1255,698,121,1306,6,59,9,68,101,6,13,5,114,47,49,3,14,3,3,3,3,0,0,0,0,0,0,0,0,0,0,0,0,0,0,0,0,0,0,0,0,0,0,0,0,0,0,0,0,0,0,0,0,0,0,0,0,0,0,0,0,0,0,0,0,0,0,0,0,0,0,0
2024-08-15,NV,9093,0,0,0,0,0,0,0,0,0,0,0,0,0,0,0,0,0,0,0,0,87,0,0,0,61,0,1913,33,0,0,1734,241,0,4,102,0,0,5,25,56,0,0,2,5,0,21,4,0,24,93,94,383,329,15,1256,687,121,1301,6,58,8,69,99,6,13,5,111,47,47,3,13,3,3,3,3,0,0,0,0,0,0,0,0,0,0,0,0,0,0,0,0,0,0,0,0,0,0,0,0,0,0,0,0,0,0,0,0,0,0,0,0,0,0,0,0,0,0,0,0,0,0,0,0,0,0,0
2024-08-16,NV,9104,0,0,0,0,0,0,0,0,0,0,0,0,0,0,0,0,0,0,0,0,87,0,0,0,66,0,1890,32,0,0,1783,237,0,4,101,0,0,5,24,55,0,0,2,5,0,21,4,0,25,93,95,379,326,16,1261,680,120,1300,6,58,8,71,97,6,13,5,110,47,45,3,13,3,3,3,3,0,0,0,0,0,0,0,0,0,0,0,0,0,0,0,0,0,0,0,0,0,0,0,0,0,0,0,0,0,0,0,0,0,0,0,0,0,0,0,0,0,0,0,0,0,0,0,0,0,0,0
2024-08-17,NV,8852,0,0,0,0,0,0,0,0,0,0,0,0,0,0,0,0,0,0,0,0,86,0,0,0,68,0,1813,30,0,0,1780,227,0,4,96,0,0,5,23,51,0,0,2,5,0,21,4,0,25,89,92,365,314,16,1230,652,116,1262,6,56,8,70,92,6,13,5,105,45,41,2,12,3,2,3,3,0,0,0,0,0,0,0,0,0,0,0,0,0,0,0,0,0,0,0,0,0,0,0,0,0,0,0,0,0,0,0,0,0,0,0,0,0,0,0,0,0,0,0,0,0,0,0,0,0,0,0
2024-08-18,NV,8387,0,0,0,0,0,0,0,0,0,0,0,0,0,0,0,0,0,0,0,0,82,0,0,0,69,0,1695,28,0,0,1731,212,0,4,90,0,0,5,22,47,0,0,2,5,0,20,4,0,24,84,88,342,295,16,1168,610,109,1194,6,53,8,67,86,6,12,5,98,43,37,2,11,3,2,2,3,0,0,0,0,0,0,0,0,0,0,0,0,0,0,0,0,0,0,0,0,0,0,0,0,0,0,0,0,0,0,0,0,0,0,0,0,0,0,0,0,0,0,0,0,0,0,0,0,0,0,0
2024-08-19,NV,8119,0,0,0,0,0,0,0,0,0,0,0,0,0,0,0,0,0,0,0,0,80,0,0,0,70,0,1618,26,0,0,1718,202,0,4,85,0,0,4,21,44,0,0,2,4,0,20,4,0,23,81,85,328,283,15,1134,583,105,1154,5,51,7,66,81,6,12,5,93,41,34,2,10,3,2,2,3,0,0,0,0,0,0,0,0,0,0,0,0,0,0,0,0,0,0,0,0,0,0,0,0,0,0,0,0,0,0,0,0,0,0,0,0,0,0,0,0,0,0,0,0,0,0,0,0,0,0,0
2024-08-20,NV,8064,0,0,0,0,0,0,0,0,0,0,0,0,0,0,0,0,0,0,0,0,80,0,0,0,74,0,1585,25,0,0,1749,197,0,4,83,0,0,4,20,43,0,0,2,4,0,20,4,0,24,80,85,322,278,16,1129,571,104,1144,5,51,7,67,79,5,12,5,91,41,32,2,10,3,2,2,3,0,0,0,0,0,0,0,0,0,0,0,0,0,0,0,0,0,0,0,0,0,0,0,0,0,0,0,0,0,0,0,0,0,0,0,0,0,0,0,0,0,0,0,0,0,0,0,0,0,0,0
2024-08-21,NV,8020,0,0,0,0,0,0,0,0,0,0,0,0,0,0,0,0,0,0,0,0,80,0,0,0,77,0,1555,25,0,0,1781,193,0,4,81,0,0,4,20,41,0,0,2,4,0,20,4,0,24,79,84,317,274,16,1126,560,103,1136,5,50,7,67,77,5,12,5,89,40,30,2,10,3,2,2,2,0,0,0,0,0,0,0,0,0,0,0,0,0,0,0,0,0,0,0,0,0,0,0,0,0,0,0,0,0,0,0,0,0,0,0,0,0,0,0,0,0,0,0,0,0,0,0,0,0,0,0
2024-08-22,NV,7989,0,0,0,0,0,0,0,0,0,0,0,0,0,0,0,0,0,0,0,0,80,0,0,0,81,0,1527,24,0,0,1816,189,0,4,80,0,0,4,20,39,0,0,2,4,0,20,4,0,24,78,84,313,271,16,1124,550,102,1130,5,50,7,68,75,5,12,5,87,40,28,2,9,3,2,2,2,0,0,0,0,0,0,0,0,0,0,0,0,0,0,0,0,0,0,0,0,0,0,0,0,0,0,0,0,0,0,0,0,0,0,0,0,0,0,0,0,0,0,0,0,0,0,0,0,0,0,0
2024-08-23,NV,8024,0,0,0,0,0,0,0,0,0,0,0,0,0,0,0,0,0,0,0,0,81,0,0,0,85,0,1511,23,0,0,1866,186,0,4,78,0,0,4,19,38,0,0,2,4,0,21,4,0,25,78,85,311,269,17,1132,545,101,1133,5,50,7,70,73,6,12,5,85,40,26,2,9,3,2,2,2,0,0,0,0,0,0,0,0,0,0,0,0,0,0,0,0,0,0,0,0,0,0,0,0,0,0,0,0,0,0,0,0,0,0,0,0,0,0,0,0,0,0,0,0,0,0,0,0,0,0,0
2024-08-24,NV,8111,0,0,0,0,0,0,0,0,0,0,0,0,0,0,0,0,0,0,0,0,82,0,0,0,90,0,1505,23,0,0,1929,185,0,4,78,0,0,5,19,37,0,0,2,5,0,21,4,0,25,78,86,311,270,18,1147,543,102,1143,5,50,7,71,72,6,12,5,85,40,24,2,9,4,2,2,2,0,0,0,0,0,0,0,0,0,0,0,0,0,0,0,0,0,0,0,0,0,0,0,0,0,0,0,0,0,0,0,0,0,0,0,0,0,0,0,0,0,0,0,0,0,0,0,0,0,0,0
2024-08-25,NV,8182,0,0,0,0,0,0,0,0,0,0,0,0,0,0,0,0,0,0,0,0,83,0,0,0,95,0,1496,22,0,0,1989,184,0,4,77,0,0,5,19,36,0,0,2,5,0,22,4,0,26,78,87,310,269,18,1160,540,102,1151,5,51,7,73,71,6,12,5,84,40,23,2,8,4,2,2,2,0,0,0,0,0,0,0,0,0,0,0,0,0,0,0,0,0,0,0,0,0,0,0,0,0,0,0,0,0,0,0,0,0,0,0,0,0,0,0,0,0,0,0,0,0,0,0,0,0,0,0
2024-08-26,NV,8278,0,0,0,0,0,0,0,0,0,0,0,0,0,0,0,0,0,0,0,0,85,0,0,0,100,0,1491,22,0,0,2055,182,0,4,76,0,0,5,19,35,0,0,2,5,0,22,4,0,27,78,88,310,270,19,1177,538,103,1162,5,51,8,75,70,6,12,5,83,41,21,2,8,4,2,2,2,0,0,0,0,0,0,0,0,0,0,0,0,0,0,0,0,0,0,0,0,0,0,0,0,0,0,0,0,0,0,0,0,0,0,0,0,0,0,0,0,0,0,0,0,0,0,0,0,0,0,0
2024-08-27,NV,8445,0,0,0,0,0,0,0,0,0,0,0,0,0,0,0,0,0,0,0,0,87,0,0,0,106,0,1498,21,0,0,2141,183,0,4,76,0,0,5,19,34,0,0,2,5,0,23,4,0,28,79,90,313,272,20,1204,541,104,1184,6,52,8,78,70,6,13,5,83,41,19,2,8,4,2,2,2,0,0,0,0,0,0,0,0,0,0,0,0,0,0,0,0,0,0,0,0,0,0,0,0,0,0,0,0,0,0,0,0,0,0,0,0,0,0,0,0,0,0,0,0,0,0,0,0,0,0,0
2024-08-28,NV,8647,0,0,0,0,0,0,0,0,0,0,0,0,0,0,0,0,0,0,0,0,90,0,0,0,113,0,1510,21,0,0,2238,183,0,4,77,0,0,5,19,33,0,0,2,5,0,24,4,0,29,81,93,317,276,20,1236,546,106,1210,6,53,8,81,70,6,13,5,83,42,18,2,8,4,2,2,2,0,0,0,0,0,0,0,0,0,0,0,0,0,0,0,0,0,0,0,0,0,0,0,0,0,0,0,0,0,0,0,0,0,0,0,0,0,0,0,0,0,0,0,0,0,0,0,0,0,0,0
2024-08-29,NV,8887,0,0,0,0,0,0,0,0,0,0,0,0,0,0,0,0,0,0,0,0,93,0,0,0,121,0,1527,21,0,0,2346,185,0,4,77,0,0,5,19,33,0,0,3,5,0,25,4,0,30,82,95,322,281,22,1273,552,108,1242,6,54,8,84,70,6,13,5,84,43,16,2,8,4,2,2,3,0,0,0,0,0,0,0,0,0,0,0,0,0,0,0,0,0,0,0,0,0,0,0,0,0,0,0,0,0,0,0,0,0,0,0,0,0,0,0,0,0,0,0,0,0,0,0,0,0,0,0
2024-08-30,NV,9134,0,0,0,0,0,0,0,0,0,0,0,0,0,0,0,0,0,0,0,0,96,0,0,0,129,0,1544,21,0,0,2459,186,0,4,77,0,0,5,20,32,0,0,3,5,0,26,4,0,31,84,98,327,286,23,1312,559,111,1274,6,55,8,88,70,6,14,5,84,44,15,2,7,5,2,3,3,0,0,0,0,0,0,0,0,0,0,0,0,0,0,0,0,0,0,0,0,0,0,0,0,0,0,0,0,0,0,0,0,0,0,0,0,0,0,0,0,0,0,0,0,0,0,0,0,0,0,0
2024-08-31,NV,9349,0,0,0,0,0,0,0,0,0,0,0,0,0,0,6,0,0,0,0,0,98,0,0,0,136,0,1551,20,0,0,2560,187,0,5,77,0,0,5,20,31,14,3,3,5,3,27,5,0,32,85,100,330,289,24,1343,561,112,1298,6,56,8,91,69,7,14,5,84,45,13,3,7,5,3,3,3,0,0,0,0,0,0,0,0,0,0,0,0,0,0,0,0,0,0,0,0,0,0,0,0,0,0,0,0,0,0,0,0,0,0,0,0,0,0,0,0,0,0,0,0,0,0,0,0,0,0,0
2024-09-01,NV,9422,0,0,0,0,0,0,0,0,0,0,0,0,0,0,6,0,0,0,0,0,101,0,0,0,145,0,1543,21,0,0,2646,185,0,5,78,0,0,5,20,31,15,3,3,6,3,29,5,0,38,84,100,331,288,24,1343,559,112,1297,6,55,8,92,70,7,14,5,83,45,13,0,0,0,0,0,0,0,0,0,0,0,0,0,0,0,0,0,0,0,0,0,0,0,0,0,0,0,0,0,0,0,0,0,0,0,0,0,0,0,0,0,0,0,0,0,0,0,0,0,0,0,0,0,0,0,0,0
2024-09-02,NV,9396,0,0,0,0,0,0,0,0,0,0,0,0,0,0,7,0,0,0,0,0,102,0,0,0,151,0,1515,21,0,0,2699,180,0,5,77,0,0,5,20,31,17,3,3,6,3,31,5,0,43,81,99,328,283,24,1325,550,110,1278,6,53,8,91,71,7,14,5,81,44,13,0,0,0,0,0,0,0,0,0,0,0,0,0,0,0,0,0,0,0,0,0,0,0,0,0,0,0,0,0,0,0,0,0,0,0,0,0,0,0,0,0,0,0,0,0,0,0,0,0,0,0,0,0,0,0,0,0
2024-09-03,NV,9304,0,0,0,0,0,0,0,0,0,0,0,0,0,0,7,0,0,0,0,0,103,0,0,0,157,0,1476,21,0,0,2733,175,0,5,76,0,0,5,19,31,18,3,3,6,3,32,5,0,48,78,96,323,276,24,1298,537,107,1251,6,51,8,90,71,7,14,5,78,43,13,0,0,0,0,0,0,0,0,0,0,0,0,0,0,0,0,0,0,0,0,0,0,0,0,0,0,0,0,0,0,0,0,0,0,0,0,0,0,0,0,0,0,0,0,0,0,0,0,0,0,0,0,0,0,0,0,0
2024-09-04,NV,9131,0,0,0,0,0,0,0,0,0,0,0,0,0,0,8,0,0,0,0,0,102,0,0,0,161,0,1426,20,0,0,2741,168,0,5,75,0,0,5,19,31,19,3,3,7,3,33,5,0,52,75,93,315,267,24,1261,519,104,1214,6,49,8,89,70,6,14,5,74,42,12,0,0,0,0,0,0,0,0,0,0,0,0,0,0,0,0,0,0,0,0,0,0,0,0,0,0,0,0,0,0,0,0,0,0,0,0,0,0,0,0,0,0,0,0,0,0,0,0,0,0,0,0,0,0,0,0,0
2024-09-05,NV,8871,0,0,0,0,0,0,0,0,0,0,0,0,0,0,8,0,0,0,0,0,101,0,0,0,163,0,1363,20,0,0,2720,160,0,4,72,0,0,5,18,30,20,3,3,7,3,34,5,0,56,70,90,304,255,24,1212,497,99,1165,6,46,8,86,69,6,14,5,70,40,12,0,0,0,0,0,0,0,0,0,0,0,0,0,0,0,0,0,0,0,0,0,0,0,0,0,0,0,0,0,0,0,0,0,0,0,0,0,0,0,0,0,0,0,0,0,0,0,0,0,0,0,0,0,0,0,0,0
2024-09-06,NV,8507,0,0,0,0,0,0,0,0,0,0,0,0,0,0,8,0,0,0,0,0,98,0,0,0,163,0,1285,19,0,0,2663,150,0,4,69,0,0,5,17,29,20,3,2,7,2,34,4,0,58,65,85,289,241,23,1149,470,94,1104,6,43,8,82,66,6,13,5,65,38,11,0,0,0,0,0,0,0,0,0,0,0,0,0,0,0,0,0,0,0,0,0,0,0,0,0,0,0,0,0,0,0,0,0,0,0,0,0,0,0,0,0,0,0,0,0,0,0,0,0,0,0,0,0,0,0,0,0
2024-09-07,NV,8053,0,0,0,0,0,0,0,0,0,0,0,0,0,0,8,0,0,0,0,0,94,0,0,0,161,0,1196,18,0,0,2573,138,0,4,65,0,0,5,16,27,21,3,2,7,2,34,4,0,59,60,79,272,225,22,1076,438,87,1033,5,39,7,78,63,6,12,5,60,36,11,0,0,0,0,0,0,0,0,0,0,0,0,0,0,0,0,0,0,0,0,0,0,0,0,0,0,0,0,0,0,0,0,0,0,0,0,0,0,0,0,0,0,0,0,0,0,0,0,0,0,0,0,0,0,0,0,0
2024-09-08,NV,7725,0,0,0,0,0,0,0,0,0,0,0,0,0,0,9,0,0,0,0,0,92,0,0,0,160,0,1128,18,0,0,2518,130,0,4,62,0,0,5,15,26,21,3,2,7,2,34,4,0,61,56,75,259,212,21,1021,414,82,979,5,36,7,75,61,6,12,5,56,34,10,0,0,0,0,0,0,0,0,0,0,0,0,0,0,0,0,0,0,0,0,0,0,0,0,0,0,0,0,0,0,0,0,0,0,0,0,0,0,0,0,0,0,0,0,0,0,0,0,0,0,0,0,0,0,0,0,0
2024-09-09,NV,7457,0,0,0,0,0,0,0,0,0,0,0,0,0,0,9,0,0,0,0,0,90,0,0,0,160,0,1070,17,0,0,2478,122,0,4,60,0,0,4,15,25,21,3,2,7,2,34,4,0,63,52,71,248,201,21,974,393,78,933,5,34,7,72,60,5,12,5,52,32,10,0,0,0,0,0,0,0,0,0,0,0,0,0,0,0,0,0,0,0,0,0,0,0,0,0,0,0,0,0,0,0,0,0,0,0,0,0,0,0,0,0,0,0,0,0,0,0,0,0,0,0,0,0,0,0,0,0
2024-09-10,NV,7193,0,0,0,0,0,0,0,0,0,0,0,0,0,0,9,0,0,0,0,0,88,0,0,0,160,0,1014,17,0,0,2437,115,0,4,57,0,0,4,14,24,22,3,2,7,2,34,4,0,65,49,68,238,191,20,929,373,74,889,5,31,6,69,58,5,11,5,49,31,9,0,0,0,0,0,0,0,0,0,0,0,0,0,0,0,0,0,0,0,0,0,0,0,0,0,0,0,0,0,0,0,0,0,0,0,0,0,0,0,0,0,0,0,0,0,0,0,0,0,0,0,0,0,0,0,0,0
2024-09-11,NV,6963,0,0,0,0,0,0,0,0,0,0,0,0,0,0,9,0,0,0,0,0,86,0,0,0,160,0,964,16,0,0,2404,108,0,3,55,0,0,4,14,24,22,3,2,7,2,34,4,0,67,45,65,229,182,20,889,355,71,849,5,29,6,67,57,5,11,4,46,30,9,0,0,0,0,0,0,0,0,0,0,0,0,0,0,0,0,0,0,0,0,0,0,0,0,0,0,0,0,0,0,0,0,0,0,0,0,0,0,0,0,0,0,0,0,0,0,0,0,0,0,0,0,0,0,0,0,0
2024-09-12,NV,6769,0,0,0,0,0,0,0,0,0,0,0,0,0,0,9,0,0,0,0,0,85,0,0,0,161,0,920,16,0,0,2380,103,0,3,53,0,0,4,13,23,23,3,2,7,2,34,4,0,69,43,62,221,174,20,854,340,67,815,5,27,6,65,55,5,10,4,43,28,9,0,0,0,0,0,0,0,0,0,0,0,0,0,0,0,0,0,0,0,0,0,0,0,0,0,0,0,0,0,0,0,0,0,0,0,0,0,0,0,0,0,0,0,0,0,0,0,0,0,0,0,0,0,0,0,0,0
2024-09-13,NV,6674,0,0,0,0,0,0,0,0,0,0,0,0,0,0,10,0,0,0,0,0,85,0,0,0,164,0,890,16,0,0,2390,99,0,3,52,0,0,4,13,23,23,3,2,7,2,35,4,0,72,40,60,216,169,20,832,330,65,793,4,26,6,64,55,5,10,4,41,28,9,0,0,0,0,0,0,0,0,0,0,0,0,0,0,0,0,0,0,0,0,0,0,0,0,0,0,0,0,0,0,0,0,0,0,0,0,0,0,0,0,0,0,0,0,0,0,0,0,0,0,0,0,0,0,0,0,0
2024-09-14,NV,6639,0,0,0,0,0,0,0,0,0,0,0,0,0,0,10,0,0,0,0,0,85,0,0,0,168,0,869,16,0,0,2420,95,0,3,52,0,0,4,13,23,24,3,2,7,2,36,4,0,75,39,59,214,165,20,818,322,64,779,4,25,6,64,55,5,10,4,39,27,8,0,0,0,0,0,0,0,0,0,0,0,0,0,0,0,0,0,0,0,0,0,0,0,0,0,0,0,0,0,0,0,0,0,0,0,0,0,0,0,0,0,0,0,0,0,0,0,0,0,0,0,0,0,0,0,0,0
2024-09-15,NV,6641,0,0,0,0,0,0,0,0,0,0,0,0,0,0,10,0,0,0,0,0,87,0,0,0,173,0,852,16,0,0,2463,93,0,3,52,0,0,4,13,23,25,3,2,7,2,37,4,0,79,37,58,212,162,20,809,317,63,769,4,24,6,64,56,5,10,4,38,27,8,0,0,0,0,0,0,0,0,0,0,0,0,0,0,0,0,0,0,0,0,0,0,0,0,0,0,0,0,0,0,0,0,0,0,0,0,0,0,0,0,0,0,0,0,0,0,0,0,0,0,0,0,0,0,0,0,0
2024-09-16,NV,6703,0,0,0,0,0,0,0,0,0,0,0,0,0,0,11,0,0,0,0,0,89,0,0,0,180,0,843,16,0,0,2530,91,0,3,52,0,0,4,13,23,27,3,2,8,2,39,4,0,83,36,58,212,160,20,806,314,62,765,4,23,6,64,57,5,10,5,36,27,8,0,0,0,0,0,0,0,0,0,0,0,0,0,0,0,0,0,0,0,0,0,0,0,0,0,0,0,0,0,0,0,0,0,0,0,0,0,0,0,0,0,0,0,0,0,0,0,0,0,0,0,0,0,0,0,0,0
2024-09-17,NV,6727,0,0,0,0,0,0,0,0,0,0,0,0,0,0,11,0,0,0,0,0,90,0,0,0,186,0,829,17,0,0,2582,89,0,3,52,0,0,4,13,23,28,3,2,8,2,40,4,0,87,34,57,212,158,21,799,310,61,758,4,22,6,64,57,5,11,5,35,27,8,0,0,0,0,0,0,0,0,0,0,0,0,0,0,0,0,0,0,0,0,0,0,0,0,0,0,0,0,0,0,0,0,0,0,0,0,0,0,0,0,0,0,0,0,0,0,0,0,0,0,0,0,0,0,0,0,0
2024-09-18,NV,6707,0,0,0,0,0,0,0,0,0,0,0,0,0,0,12,0,0,0,0,0,91,0,0,0,191,0,810,17,0,0,2617,86,0,3,52,0,0,4,12,23,29,3,2,8,2,41,4,0,91,33,56,210,155,21,787,303,60,745,4,21,6,64,57,5,11,5,33,26,8,0,0,0,0,0,0,0,0,0,0,0,0,0,0,0,0,0,0,0,0,0,0,0,0,0,0,0,0,0,0,0,0,0,0,0,0,0,0,0,0,0,0,0,0,0,0,0,0,0,0,0,0,0,0,0,0,0
2024-09-19,NV,6649,0,0,0,0,0,0,0,0,0,0,0,0,0,0,12,0,0,0,0,0,91,0,0,0,194,0,786,17,0,0,2637,82,0,3,51,0,0,4,12,23,29,4,2,8,2,42,4,0,94,31,55,206,150,21,770,295,58,728,4,19,6,63,57,5,10,5,32,26,8,0,0,0,0,0,0,0,0,0,0,0,0,0,0,0,0,0,0,0,0,0,0,0,0,0,0,0,0,0,0,0,0,0,0,0,0,0,0,0,0,0,0,0,0,0,0,0,0,0,0,0,0,0,0,0,0,0
2024-09-20,NV,6510,0,0,0,0,0,0,0,0,0,0,0,0,0,0,12,0,0,0,0,0,90,0,0,0,195,0,753,16,0,0,2624,78,0,3,50,0,0,4,12,23,30,4,2,8,2,42,4,0,96,29,53,200,144,21,745,284,56,703,4,18,6,62,57,5,10,5,29,25,8,0,0,0,0,0,0,0,0,0,0,0,0,0,0,0,0,0,0,0,0,0,0,0,0,0,0,0,0,0,0,0,0,0,0,0,0,0,0,0,0,0,0,0,0,0,0,0,0,0,0,0,0,0,0,0,0,0
2024-09-21,NV,6325,0,0,0,0,0,0,0,0,0,0,0,0,0,0,12,0,0,0,0,0,89,0,0,0,194,0,716,16,0,0,2590,73,0,3,48,0,0,4,11,22,30,4,2,8,2,42,4,0,96,26,50,193,138,20,714,270,53,673,4,16,5,60,55,5,10,5,27,24,8,0,0,0,0,0,0,0,0,0,0,0,0,0,0,0,0,0,0,0,0,0,0,0,0,0,0,0,0,0,0,0,0,0,0,0,0,0,0,0,0,0,0,0,0,0,0,0,0,0,0,0,0,0,0,0,0,0
2024-09-22,NV,6074,0,0,0,0,0,0,0,0,0,0,0,0,0,0,12,0,0,0,0,0,86,0,0,0,191,0,672,15,0,0,2526,68,0,3,46,0,0,4,11,21,30,3,2,8,2,42,4,0,96,24,47,184,129,20,677,255,50,637,4,15,5,58,54,5,10,4,25,22,7,0,0,0,0,0,0,0,0,0,0,0,0,0,0,0,0,0,0,0,0,0,0,0,0,0,0,0,0,0,0,0,0,0,0,0,0,0,0,0,0,0,0,0,0,0,0,0,0,0,0,0,0,0,0,0,0,0
2024-09-23,NV,5763,0,0,0,0,0,0,0,0,0,0,0,0,0,0,12,0,0,0,0,0,83,0,0,0,186,0,623,15,0,0,2434,62,0,3,43,0,0,4,10,20,29,3,2,8,2,41,3,0,94,21,44,173,120,19,634,237,47,595,4,13,5,55,51,4,9,4,22,21,7,0,0,0,0,0,0,0,0,0,0,0,0,0,0,0,0,0,0,0,0,0,0,0,0,0,0,0,0,0,0,0,0,0,0,0,0,0,0,0,0,0,0,0,0,0,0,0,0,0,0,0,0,0,0,0,0,0
2024-09-24,NV,5489,0,0,0,0,0,0,0,0,0,0,0,0,0,0,12,0,0,0,0,0,80,0,0,0,181,0,580,14,0,0,2353,57,0,3,41,0,0,4,10,19,29,3,2,8,2,40,3,0,93,19,41,164,112,18,595,221,43,558,4,11,5,52,49,4,9,4,20,20,7,0,0,0,0,0,0,0,0,0,0,0,0,0,0,0,0,0,0,0,0,0,0,0,0,0,0,0,0,0,0,0,0,0,0,0,0,0,0,0,0,0,0,0,0,0,0,0,0,0,0,0,0,0,0,0,0,0
2024-09-25,NV,5234,0,0,0,0,0,0,0,0,0,0,0,0,0,0,12,0,0,0,0,0,77,0,0,0,177,0,540,14,0,0,2278,52,0,3,39,0,0,3,9,18,28,3,2,8,2,39,3,0,91,17,39,155,105,17,560,206,40,524,4,10,4,50,47,4,8,4,18,19,6,0,0,0,0,0,0,0,0,0,0,0,0,0,0,0,0,0,0,0,0,0,0,0,0,0,0,0,0,0,0,0,0,0,0,0,0,0,0,0,0,0,0,0,0,0,0,0,0,0,0,0,0,0,0,0,0,0
2024-09-26,NV,4992,0,0,0,0,0,0,0,0,0,0,0,0,0,0,11,0,0,0,0,0,74,0,0,0,173,0,502,13,0,0,2205,48,0,3,37,0,0,3,9,18,28,3,2,7,2,38,3,0,90,15,36,147,98,17,527,193,38,492,3,9,4,47,45,4,8,4,16,17,6,0,0,0,0,0,0,0,0,0,0,0,0,0,0,0,0,0,0,0,0,0,0,0,0,0,0,0,0,0,0,0,0,0,0,0,0,0,0,0,0,0,0,0,0,0,0,0,0,0,0,0,0,0,0,0,0,0
2024-09-27,NV,4785,0,0,0,0,0,0,0,0,0,0,0,0,0,0,11,0,0,0,0,0,72,0,0,0,169,0,469,13,0,0,2144,44,0,2,35,0,0,3,8,17,27,3,1,7,2,37,3,0,89,13,34,140,91,16,498,181,35,464,3,8,4,45,44,4,8,4,14,16,6,0,0,0,0,0,0,0,0,0,0,0,0,0,0,0,0,0,0,0,0,0,0,0,0,0,0,0,0,0,0,0,0,0,0,0,0,0,0,0,0,0,0,0,0,0,0,0,0,0,0,0,0,0,0,0,0,0
2024-09-28,NV,4657,0,0,0,0,0,0,0,0,0,0,0,0,0,0,11,0,0,0,0,0,71,0,0,0,168,0,444,12,0,0,2114,41,4,2,34,0,0,3,8,16,27,3,1,7,1,37,3,2,89,12,33,135,87,16,477,172,34,444,3,7,4,44,43,4,7,4,13,16,6,0,0,0,0,0,0,0,0,0,0,0,0,0,0,0,0,0,0,0,0,0,0,0,0,0,0,0,0,0,0,0,0,0,0,0,0,0,0,0,0,0,0,0,0,0,0,0,0,0,0,0,0,0,0,0,0,0
2024-09-29,NV,4484,0,0,0,0,0,0,0,0,0,0,0,0,0,0,12,0,0,0,0,0,70,0,0,0,180,0,426,12,0,0,2037,40,4,3,33,0,0,3,8,16,28,3,1,7,2,35,3,2,89,11,31,129,82,15,452,163,32,419,3,6,4,41,40,3,7,4,12,15,0,0,0,0,0,0,0,0,0,0,0,0,0,0,0,0,0,0,0,0,0,0,0,0,0,0,0,0,0,0,0,0,0,0,0,0,0,0,0,0,0,0,0,0,0,0,0,0,0,0,0,0,0,0,0,0,0,0
2024-09-30,NV,4330,0,0,0,0,0,0,0,0,0,0,0,0,0,0,12,0,0,0,0,0,69,0,0,0,190,0,409,11,0,0,1967,39,4,4,31,0,0,3,8,15,29,3,1,7,2,34,3,2,89,11,30,124,77,15,429,155,30,397,3,6,4,39,37,3,7,3,11,14,0,0,0,0,0,0,0,0,0,0,0,0,0,0,0,0,0,0,0,0,0,0,0,0,0,0,0,0,0,0,0,0,0,0,0,0,0,0,0,0,0,0,0,0,0,0,0,0,0,0,0,0,0,0,0,0,0,0
2024-10-01,NV,4185,0,0,0,0,0,0,0,0,0,0,0,0,0,0,13,0,0,0,0,0,68,0,0,0,201,0,393,11,0,0,1901,38,4,5,30,0,0,3,8,15,30,3,1,7,2,32,3,3,90,10,29,120,72,15,407,147,29,375,3,6,3,36,35,3,7,3,10,13,0,0,0,0,0,0,0,0,0,0,0,0,0,0,0,0,0,0,0,0,0,0,0,0,0,0,0,0,0,0,0,0,0,0,0,0,0,0,0,0,0,0,0,0,0,0,0,0,0,0,0,0,0,0,0,0,0,0
2024-10-02,NV,4053,0,0,0,0,0,0,0,0,0,0,0,0,0,0,13,0,0,0,0,0,68,0,0,0,210,0,379,11,0,0,1841,38,4,6,29,0,0,3,8,15,31,3,1,7,2,31,3,3,90,10,28,115,68,15,387,140,28,356,3,6,3,34,32,3,7,3,10,12,0,0,0,0,0,0,0,0,0,0,0,0,0,0,0,0,0,0,0,0,0,0,0,0,0,0,0,0,0,0,0,0,0,0,0,0,0,0,0,0,0,0,0,0,0,0,0,0,0,0,0,0,0,0,0,0,0,0
2024-10-03,NV,3928,0,0,0,0,0,0,0,0,0,0,0,0,0,0,14,0,0,0,0,0,67,0,0,0,219,0,365,10,0,0,1784,37,4,7,28,0,0,3,8,14,32,3,1,7,2,30,3,3,90,9,27,111,64,14,368,134,27,337,3,5,3,32,30,3,6,3,9,11,0,0,0,0,0,0,0,0,0,0,0,0,0,0,0,0,0,0,0,0,0,0,0,0,0,0,0,0,0,0,0,0,0,0,0,0,0,0,0,0,0,0,0,0,0,0,0,0,0,0,0,0,0,0,0,0,0,0
2024-10-04,NV,3815,0,0,0,0,0,0,0,0,0,0,0,0,0,0,14,0,0,0,0,0,67,0,0,0,228,0,353,10,0,0,1733,37,4,7,27,0,0,3,8,14,32,3,1,7,2,29,2,3,90,9,26,108,60,14,351,127,26,320,3,5,3,30,28,3,6,3,9,11,0,0,0,0,0,0,0,0,0,0,0,0,0,0,0,0,0,0,0,0,0,0,0,0,0,0,0,0,0,0,0,0,0,0,0,0,0,0,0,0,0,0,0,0,0,0,0,0,0,0,0,0,0,0,0,0,0,0
2024-10-05,NV,3652,0,0,0,0,0,0,0,0,0,0,0,0,0,0,14,0,0,0,0,0,65,0,0,0,232,0,336,10,0,0,1658,36,4,8,26,0,0,2,8,13,32,2,1,7,2,27,2,4,89,8,25,103,56,14,330,120,24,299,2,5,3,28,26,3,6,3,8,10,0,0,0,0,0,0,0,0,0,0,0,0,0,0,0,0,0,0,0,0,0,0,0,0,0,0,0,0,0,0,0,0,0,0,0,0,0,0,0,0,0,0,0,0,0,0,0,0,0,0,0,0,0,0,0,0,0,0
2024-10-06,NV,3535,0,0,0,0,0,0,0,0,0,0,0,0,0,0,14,0,0,0,0,0,65,0,0,0,239,0,324,9,0,0,1605,35,3,9,25,0,0,2,7,13,33,2,1,7,2,26,2,4,89,8,24,99,53,14,313,114,23,283,2,5,3,26,24,3,6,3,8,9,0,0,0,0,0,0,0,0,0,0,0,0,0,0,0,0,0,0,0,0,0,0,0,0,0,0,0,0,0,0,0,0,0,0,0,0,0,0,0,0,0,0,0,0,0,0,0,0,0,0,0,0,0,0,0,0,0,0
2024-10-07,NV,3414,0,0,0,0,0,0,0,0,0,0,0,0,0,0,15,0,0,0,0,0,64,0,0,0,244,0,311,9,0,0,1550,34,3,9,24,0,0,2,7,13,33,2,1,7,2,25,2,4,88,7,24,95,49,13,296,108,22,267,2,4,3,24,22,3,6,3,7,9,0,0,0,0,0,0,0,0,0,0,0,0,0,0,0,0,0,0,0,0,0,0,0,0,0,0,0,0,0,0,0,0,0,0,0,0,0,0,0,0,0,0,0,0,0,0,0,0,0,0,0,0,0,0,0,0,0,0
2024-10-08,NV,3279,0,0,0,0,0,0,0,0,0,0,0,0,0,0,15,0,0,0,0,0,62,0,0,0,247,0,297,9,0,0,1488,34,3,9,22,0,0,2,7,12,33,2,1,7,2,24,2,4,87,7,23,91,46,13,279,102,21,250,2,4,3,22,20,3,5,3,7,8,0,0,0,0,0,0,0,0,0,0,0,0,0,0,0,0,0,0,0,0,0,0,0,0,0,0,0,0,0,0,0,0,0,0,0,0,0,0,0,0,0,0,0,0,0,0,0,0,0,0,0,0,0,0,0,0,0,0
2024-10-09,NV,3151,0,0,0,0,0,0,0,0,0,0,0,0,0,0,15,0,0,0,0,0,61,0,0,0,250,0,284,8,0,0,1430,33,3,10,21,0,0,2,7,12,34,2,1,7,2,23,2,4,86,7,22,87,42,13,262,96,20,234,2,4,3,21,18,2,5,3,6,7,0,0,0,0,0,0,0,0,0,0,0,0,0,0,0,0,0,0,0,0,0,0,0,0,0,0,0,0,0,0,0,0,0,0,0,0,0,0,0,0,0,0,0,0,0,0,0,0,0,0,0,0,0,0,0,0,0,0
2024-10-10,NV,3031,0,0,0,0,0,0,0,0,0,0,0,0,0,0,15,0,0,0,0,0,60,0,0,0,252,0,271,8,0,0,1376,32,3,10,20,0,0,2,7,11,34,2,1,7,2,22,2,4,85,6,21,84,39,12,247,91,19,219,2,4,2,19,17,2,5,3,6,7,0,0,0,0,0,0,0,0,0,0,0,0,0,0,0,0,0,0,0,0,0,0,0,0,0,0,0,0,0,0,0,0,0,0,0,0,0,0,0,0,0,0,0,0,0,0,0,0,0,0,0,0,0,0,0,0,0,0
2024-10-11,NV,2900,0,0,0,0,0,0,0,0,0,0,0,0,0,0,15,0,0,0,0,0,58,0,0,0,253,0,258,8,0,0,1316,31,3,10,19,0,0,2,7,11,33,2,1,7,2,20,2,5,84,6,20,80,36,12,231,85,18,204,2,4,2,17,15,2,5,3,5,6,0,0,0,0,0,0,0,0,0,0,0,0,0,0,0,0,0,0,0,0,0,0,0,0,0,0,0,0,0,0,0,0,0,0,0,0,0,0,0,0,0,0,0,0,0,0,0,0,0,0,0,0,0,0,0,0,0,0
2024-10-12,NV,2761,0,0,0,0,0,0,0,0,0,0,0,0,0,0,15,0,0,0,0,0,57,0,0,0,251,0,245,7,0,0,1253,30,3,11,18,0,0,2,7,10,33,2,1,6,2,19,2,5,82,5,19,76,33,11,216,79,16,189,2,3,2,16,14,2,4,2,5,6,0,0,0,0,0,0,0,0,0,0,0,0,0,0,0,0,0,0,0,0,0,0,0,0,0,0,0,0,0,0,0,0,0,0,0,0,0,0,0,0,0,0,0,0,0,0,0,0,0,0,0,0,0,0,0,0,0,0
2024-10-13,NV,2627,0,0,0,0,0,0,0,0,0,0,0,0,0,0,15,0,0,0,0,0,55,0,0,0,249,0,231,7,0,0,1192,29,3,11,17,0,0,2,6,10,33,2,1,6,2,18,2,5,80,5,18,72,30,11,200,74,15,175,2,3,2,14,12,2,4,2,4,5,0,0,0,0,0,0,0,0,0,0,0,0,0,0,0,0,0,0,0,0,0,0,0,0,0,0,0,0,0,0,0,0,0,0,0,0,0,0,0,0,0,0,0,0,0,0,0,0,0,0,0,0,0,0,0,0,0,0
2024-10-14,NV,2512,0,0,0,0,0,0,0,0,0,0,0,0,0,0,14,0,0,0,0,0,54,0,0,0,248,0,220,7,0,0,1140,28,3,11,16,0,0,2,6,10,32,2,1,6,2,17,2,5,78,5,17,68,28,11,187,69,15,163,2,3,2,13,11,2,4,2,4,5,0,0,0,0,0,0,0,0,0,0,0,0,0,0,0,0,0,0,0,0,0,0,0,0,0,0,0,0,0,0,0,0,0,0,0,0,0,0,0,0,0,0,0,0,0,0,0,0,0,0,0,0,0,0,0,0,0,0
2024-10-15,NV,2415,0,0,0,0,0,0,0,0,0,0,0,0,0,0,14,0,0,0,0,0,52,0,0,0,248,0,210,6,0,0,1095,27,3,11,16,0,0,2,6,9,32,2,1,6,2,16,2,5,77,4,16,65,26,10,176,65,14,152,2,3,2,12,10,2,4,2,4,4,0,0,0,0,0,0,0,0,0,0,0,0,0,0,0,0,0,0,0,0,0,0,0,0,0,0,0,0,0,0,0,0,0,0,0,0,0,0,0,0,0,0,0,0,0,0,0,0,0,0,0,0,0,0,0,0,0,0
2024-10-16,NV,2327,0,0,0,0,0,0,0,0,0,0,0,0,0,0,14,0,0,0,0,0,51,0,0,0,248,0,202,6,0,0,1055,27,3,11,15,0,0,2,6,9,32,2,1,6,2,16,2,5,76,4,16,63,23,10,165,61,13,142,2,3,2,11,9,2,4,2,3,4,0,0,0,0,0,0,0,0,0,0,0,0,0,0,0,0,0,0,0,0,0,0,0,0,0,0,0,0,0,0,0,0,0,0,0,0,0,0,0,0,0,0,0,0,0,0,0,0,0,0,0,0,0,0,0,0,0,0
2024-10-17,NV,2254,0,0,0,0,0,0,0,0,0,0,0,0,0,0,14,0,0,0,0,0,51,0,0,0,249,0,194,6,0,0,1022,26,3,11,14,0,0,2,6,9,32,2,1,6,2,15,2,5,75,4,15,60,22,10,156,58,12,133,2,3,2,10,8,2,4,2,3,4,0,0,0,0,0,0,0,0,0,0,0,0,0,0,0,0,0,0,0,0,0,0,0,0,0,0,0,0,0,0,0,0,0,0,0,0,0,0,0,0,0,0,0,0,0,0,0,0,0,0,0,0,0,0,0,0,0,0
2024-10-18,NV,2184,0,0,0,0,0,0,0,0,0,0,0,0,0,0,14,0,0,0,0,0,50,0,0,0,250,0,187,6,0,0,990,26,3,11,14,0,0,2,6,9,32,2,1,6,2,14,2,5,74,4,15,58,20,10,148,55,12,125,1,3,2,9,7,2,4,2,3,3,0,0,0,0,0,0,0,0,0,0,0,0,0,0,0,0,0,0,0,0,0,0,0,0,0,0,0,0,0,0,0,0,0,0,0,0,0,0,0,0,0,0,0,0,0,0,0,0,0,0,0,0,0,0,0,0,0,0
2024-10-19,NV,2243,0,0,0,0,0,0,0,0,0,0,0,0,0,0,15,0,0,0,0,0,52,0,0,0,266,0,191,6,0,0,1017,27,3,12,14,0,0,2,6,9,34,2,1,6,2,14,2,5,78,4,15,60,19,10,148,55,12,124,2,3,2,9,6,2,4,2,3,3,0,0,0,0,0,0,0,0,0,0,0,0,0,0,0,0,0,0,0,0,0,0,0,0,0,0,0,0,0,0,0,0,0,0,0,0,0,0,0,0,0,0,0,0,0,0,0,0,0,0,0,0,0,0,0,0,0,0
2024-10-20,NV,2431,0,0,0,0,0,0,0,0,0,0,0,0,0,0,17,0,0,0,0,0,57,0,0,0,297,0,206,7,0,0,1102,29,3,14,15,0,0,2,7,10,38,2,1,7,2,15,2,6,86,4,16,64,20,11,156,58,13,129,2,3,2,9,6,2,4,2,3,3,0,0,0,0,0,0,0,0,0,0,0,0,0,0,0,0,0,0,0,0,0,0,0,0,0,0,0,0,0,0,0,0,0,0,0,0,0,0,0,0,0,0,0,0,0,0,0,0,0,0,0,0,0,0,0,0,0,0
2024-10-21,NV,2533,0,0,0,0,0,0,0,0,0,0,0,0,0,0,18,0,0,0,0,0,61,0,0,0,320,0,213,7,0,0,1148,31,3,15,16,0,0,2,7,10,40,2,1,7,2,16,2,6,92,4,17,67,20,12,158,59,13,130,2,3,2,9,6,2,4,2,3,3,0,0,0,0,0,0,0,0,0,0,0,0,0,0,0,0,0,0,0,0,0,0,0,0,0,0,0,0,0,0,0,0,0,0,0,0,0,0,0,0,0,0,0,0,0,0,0,0,0,0,0,0,0,0,0,0,0,0
2024-10-22,NV,2555,0,0,0,0,0,0,0,0,0,0,0,0,0,0,19,0,0,0,0,0,62,0,0,0,332,0,214,7,0,0,1158,32,3,16,16,0,0,2,7,10,42,2,1,7,2,16,2,7,95,4,17,67,18,12,155,58,13,126,2,3,2,8,5,2,4,2,2,3,0,0,0,0,0,0,0,0,0,0,0,0,0,0,0,0,0,0,0,0,0,0,0,0,0,0,0,0,0,0,0,0,0,0,0,0,0,0,0,0,0,0,0,0,0,0,0,0,0,0,0,0,0,0,0,0,0,0
2024-10-23,NV,2566,0,0,0,0,0,0,0,0,0,0,0,0,0,0,19,0,0,0,0,0,63,0,0,0,344,0,213,7,0,0,1163,32,3,17,16,0,0,2,8,10,43,2,1,7,2,16,2,7,97,4,17,67,17,12,151,57,13,122,2,3,2,7,4,2,4,2,2,3,0,0,0,0,0,0,0,0,0,0,0,0,0,0,0,0,0,0,0,0,0,0,0,0,0,0,0,0,0,0,0,0,0,0,0,0,0,0,0,0,0,0,0,0,0,0,0,0,0,0,0,0,0,0,0,0,0,0
2024-10-24,NV,2561,0,0,0,0,0,0,0,0,0,0,0,0,0,0,20,0,0,0,0,0,64,0,0,0,353,0,212,7,0,0,1160,32,3,17,15,0,0,2,8,10,44,2,1,8,2,16,2,7,99,4,17,67,16,12,146,56,13,117,2,3,2,7,3,2,4,3,2,2,0,0,0,0,0,0,0,0,0,0,0,0,0,0,0,0,0,0,0,0,0,0,0,0,0,0,0,0,0,0,0,0,0,0,0,0,0,0,0,0,0,0,0,0,0,0,0,0,0,0,0,0,0,0,0,0,0,0
2024-10-25,NV,2555,0,0,0,0,0,0,0,0,0,0,0,0,0,0,20,0,0,0,0,0,65,0,0,0,362,0,210,7,0,0,1157,33,3,18,15,0,0,2,8,10,45,2,1,8,3,15,2,7,100,4,17,66,15,12,142,54,12,112,2,3,2,6,3,2,4,3,2,2,0,0,0,0,0,0,0,0,0,0,0,0,0,0,0,0,0,0,0,0,0,0,0,0,0,0,0,0,0,0,0,0,0,0,0,0,0,0,0,0,0,0,0,0,0,0,0,0,0,0,0,0,0,0,0,0,0,0
2024-10-26,NV,2425,0,0,0,0,0,0,0,0,0,0,0,0,0,0,20,0,0,0,0,0,63,0,0,0,353,0,198,7,0,0,1098,31,3,17,14,0,0,2,8,10,44,2,1,7,2,14,2,7,97,3,16,62,13,12,130,50,11,101,2,3,2,5,2,2,4,2,2,2,0,0,0,0,0,0,0,0,0,0,0,0,0,0,0,0,0,0,0,0,0,0,0,0,0,0,0,0,0,0,0,0,0,0,0,0,0,0,0,0,0,0,0,0,0,0,0,0,0,0,0,0,0,0,0,0,0,0
2024-10-27,NV,2178,0,0,0,0,0,0,0,0,0,0,0,0,0,0,19,0,0,0,0,0,56,0,0,0,325,0,174,6,0,0,985,28,3,18,13,0,0,2,7,9,41,2,1,8,2,13,2,7,87,3,14,55,11,11,114,44,10,89,1,2,2,5,2,2,4,2,0,0,0,0,0,0,0,0,0,0,0,0,0,0,0,0,0,0,0,0,0,0,0,0,0,0,0,0,0,0,0,0,0,0,0,0,0,0,0,0,0,0,0,0,0,0,0,0,0,0,0,0,0,0,0,0,0,0,0,0
2024-10-28,NV,2022,0,0,0,0,0,0,0,0,0,0,0,0,0,0,19,0,0,0,0,0,52,0,0,0,308,0,158,5,0,0,911,26,3,19,11,0,0,1,6,8,39,2,1,8,2,13,2,8,81,3,13,50,10,10,104,40,9,81,1,2,2,5,1,2,3,2,0,0,0,0,0,0,0,0,0,0,0,0,0,0,0,0,0,0,0,0,0,0,0,0,0,0,0,0,0,0,0,0,0,0,0,0,0,0,0,0,0,0,0,0,0,0,0,0,0,0,0,0,0,0,0,0,0,0,0,0
2024-10-29,NV,1942,0,0,0,0,0,0,0,0,0,0,0,0,0,0,19,0,0,0,0,0,50,0,0,0,303,0,149,5,0,0,872,25,3,20,10,0,0,1,6,7,39,2,1,9,2,12,1,8,77,3,12,47,10,10,97,38,9,76,1,2,2,5,1,2,3,2,0,0,0,0,0,0,0,0,0,0,0,0,0,0,0,0,0,0,0,0,0,0,0,0,0,0,0,0,0,0,0,0,0,0,0,0,0,0,0,0,0,0,0,0,0,0,0,0,0,0,0,0,0,0,0,0,0,0,0,0
2024-10-30,NV,1882,0,0,0,0,0,0,0,0,0,0,0,0,0,0,19,0,0,0,0,0,49,0,0,0,300,0,141,5,0,0,842,24,3,21,10,0,0,1,6,7,39,2,1,10,2,12,1,8,75,3,12,44,9,10,92,36,8,72,1,2,1,5,1,2,3,2,0,0,0,0,0,0,0,0,0,0,0,0,0,0,0,0,0,0,0,0,0,0,0,0,0,0,0,0,0,0,0,0,0,0,0,0,0,0,0,0,0,0,0,0,0,0,0,0,0,0,0,0,0,0,0,0,0,0,0,0
2024-10-31,NV,1844,0,0,0,0,0,0,0,0,0,0,0,0,0,0,19,0,0,0,0,0,47,0,0,0,300,0,135,5,0,0,823,24,3,23,9,0,0,1,6,7,40,2,1,11,2,12,1,9,73,3,12,42,9,10,88,35,8,69,1,2,1,5,1,2,3,2,0,0,0,0,0,0,0,0,0,0,0,0,0,0,0,0,0,0,0,0,0,0,0,0,0,0,0,0,0,0,0,0,0,0,0,0,0,0,0,0,0,0,0,0,0,0,0,0,0,0,0,0,0,0,0,0,0,0,0,0
2024-11-01,NV,1825,0,0,0,0,0,0,0,0,0,0,0,0,0,0,20,0,0,0,0,0,47,0,0,0,303,0,130,5,0,0,812,23,3,24,9,0,0,1,5,6,40,2,1,12,2,12,1,9,72,3,11,41,9,10,85,34,8,67,1,2,1,6,1,2,3,2,0,0,0,0,0,0,0,0,0,0,0,0,0,0,0,0,0,0,0,0,0,0,0,0,0,0,0,0,0,0,0,0,0,0,0,0,0,0,0,0,0,0,0,0,0,0,0,0,0,0,0,0,0,0,0,0,0,0,0,0
2024-11-02,NV,1809,0,0,0,0,0,0,0,0,0,0,0,0,0,0,21,0,0,0,0,0,46,0,0,0,306,0,126,5,0,0,802,23,3,26,8,0,0,1,5,6,41,2,1,13,2,12,1,10,71,3,11,39,9,10,82,33,8,64,1,2,1,6,1,2,3,2,0,0,0,0,0,0,0,0,0,0,0,0,0,0,0,0,0,0,0,0,0,0,0,0,0,0,0,0,0,0,0,0,0,0,0,0,0,0,0,0,0,0,0,0,0,0,0,0,0,0,0,0,0,0,0,0,0,0,0,0
2024-11-03,NV,1796,0,0,0,0,0,0,0,0,0,0,0,0,0,0,22,0,0,0,0,0,46,0,0,0,310,0,122,5,0,0,794,23,3,28,8,0,0,1,5,6,42,2,1,13,2,13,1,11,71,3,11,38,8,10,79,32,7,62,1,2,1,6,1,1,3,2,0,0,0,0,0,0,0,0,0,0,0,0,0,0,0,0,0,0,0,0,0,0,0,0,0,0,0,0,0,0,0,0,0,0,0,0,0,0,0,0,0,0,0,0,0,0,0,0,0,0,0,0,0,0,0,0,0,0,0,0
2024-11-04,NV,1785,0,0,0,0,0,0,0,0,0,0,0,0,0,0,22,0,0,0,0,0,46,0,0,0,314,0,118,5,0,0,786,23,3,29,8,0,0,1,5,6,43,2,1,14,2,13,1,11,70,3,11,37,8,10,76,31,7,60,1,2,1,6,1,1,3,2,0,0,0,0,0,0,0,0,0,0,0,0,0,0,0,0,0,0,0,0,0,0,0,0,0,0,0,0,0,0,0,0,0,0,0,0,0,0,0,0,0,0,0,0,0,0,0,0,0,0,0,0,0,0,0,0,0,0,0,0
2024-11-05,NV,1793,0,0,0,0,0,0,0,0,0,0,0,0,0,0,23,0,0,0,0,0,46,0,0,0,321,0,115,5,0,0,787,23,3,31,7,0,0,1,5,6,44,2,1,15,2,13,1,12,70,3,11,36,8,10,75,31,7,59,1,2,1,7,2,1,3,2,0,0,0,0,0,0,0,0,0,0,0,0,0,0,0,0,0,0,0,0,0,0,0,0,0,0,0,0,0,0,0,0,0,0,0,0,0,0,0,0,0,0,0,0,0,0,0,0,0,0,0,0,0,0,0,0,0,0,0,0
2024-11-06,NV,1813,0,0,0,0,0,0,0,0,0,0,0,0,0,0,24,0,0,0,0,0,46,0,0,0,331,0,114,5,0,0,793,23,3,34,7,0,0,1,5,6,46,2,1,17,2,13,1,13,71,3,10,35,8,11,73,30,7,58,1,2,1,7,2,2,3,2,0,0,0,0,0,0,0,0,0,0,0,0,0,0,0,0,0,0,0,0,0,0,0,0,0,0,0,0,0,0,0,0,0,0,0,0,0,0,0,0,0,0,0,0,0,0,0,0,0,0,0,0,0,0,0,0,0,0,0,0
2024-11-07,NV,1840,0,0,0,0,0,0,0,0,0,0,0,0,0,0,26,0,0,0,0,0,47,0,0,0,342,0,112,5,0,0,803,23,3,36,7,0,0,1,5,6,48,2,1,18,2,14,1,14,72,3,11,35,8,11,72,30,7,57,1,2,1,7,2,2,3,2,0,0,0,0,0,0,0,0,0,0,0,0,0,0,0,0,0,0,0,0,0,0,0,0,0,0,0,0,0,0,0,0,0,0,0,0,0,0,0,0,0,0,0,0,0,0,0,0,0,0,0,0,0,0,0,0,0,0,0,0
2024-11-08,NV,1862,0,0,0,0,0,0,0,0,0,0,0,0,0,0,27,0,0,0,0,0,47,0,0,0,352,0,110,5,0,0,809,23,3,38,7,0,0,1,5,6,50,2,1,19,2,14,1,14,72,3,10,34,8,11,71,30,7,56,1,2,1,8,2,2,3,2,0,0,0,0,0,0,0,0,0,0,0,0,0,0,0,0,0,0,0,0,0,0,0,0,0,0,0,0,0,0,0,0,0,0,0,0,0,0,0,0,0,0,0,0,0,0,0,0,0,0,0,0,0,0,0,0,0,0,0,0
2024-11-09,NV,1862,0,0,0,0,0,0,0,0,0,0,0,0,0,0,28,0,0,0,0,0,47,0,0,0,358,0,107,5,0,0,807,23,3,40,6,0,0,1,5,5,51,2,1,20,3,14,2,15,72,3,10,33,8,11,68,29,7,55,1,2,1,8,2,2,3,2,0,0,0,0,0,0,0,0,0,0,0,0,0,0,0,0,0,0,0,0,0,0,0,0,0,0,0,0,0,0,0,0,0,0,0,0,0,0,0,0,0,0,0,0,0,0,0,0,0,0,0,0,0,0,0,0,0,0,0,0
2024-11-10,NV,1820,0,0,0,0,0,0,0,0,0,0,0,0,0,0,28,0,0,0,0,0,46,0,0,0,356,0,101,5,0,0,786,23,3,41,6,0,0,1,5,5,51,2,1,21,3,14,1,15,70,3,10,31,8,11,65,28,7,52,1,2,1,8,2,2,3,2,0,0,0,0,0,0,0,0,0,0,0,0,0,0,0,0,0,0,0,0,0,0,0,0,0,0,0,0,0,0,0,0,0,0,0,0,0,0,0,0,0,0,0,0,0,0,0,0,0,0,0,0,0,0,0,0,0,0,0,0
2024-11-11,NV,1787,0,0,0,0,0,0,0,0,0,0,0,0,0,0,28,0,0,0,0,0,45,0,0,0,356,0,96,4,0,0,769,22,3,42,5,0,0,1,5,5,52,2,1,21,3,14,1,16,69,2,10,30,7,11,61,27,6,49,1,2,1,8,2,2,3,2,0,0,0,0,0,0,0,0,0,0,0,0,0,0,0,0,0,0,0,0,0,0,0,0,0,0,0,0,0,0,0,0,0,0,0,0,0,0,0,0,0,0,0,0,0,0,0,0,0,0,0,0,0,0,0,0,0,0,0,0
2024-11-12,NV,1753,0,0,0,0,0,0,0,0,0,0,0,0,0,0,28,0,0,0,0,0,44,0,0,0,355,0,91,4,0,0,752,22,3,43,5,0,0,1,5,5,52,2,1,22,2,14,1,16,68,2,9,28,7,11,58,26,6,47,1,2,1,9,2,1,3,2,0,0,0,0,0,0,0,0,0,0,0,0,0,0,0,0,0,0,0,0,0,0,0,0,0,0,0,0,0,0,0,0,0,0,0,0,0,0,0,0,0,0,0,0,0,0,0,0,0,0,0,0,0,0,0,0,0,0,0,0
2024-11-13,NV,1718,0,0,0,0,0,0,0,0,0,0,0,0,0,0,29,0,0,0,0,0,44,0,0,0,354,0,87,4,0,0,734,21,3,44,5,0,0,1,4,4,52,2,1,22,2,14,1,16,66,2,9,27,7,11,55,25,6,44,1,2,1,9,2,1,3,2,0,0,0,0,0,0,0,0,0,0,0,0,0,0,0,0,0,0,0,0,0,0,0,0,0,0,0,0,0,0,0,0,0,0,0,0,0,0,0,0,0,0,0,0,0,0,0,0,0,0,0,0,0,0,0,0,0,0,0,0
2024-11-14,NV,1686,0,0,0,0,0,0,0,0,0,0,0,0,0,0,29,0,0,0,0,0,43,0,0,0,352,0,82,4,0,0,718,21,3,45,4,0,0,1,4,4,52,2,1,23,2,14,1,17,65,2,9,25,7,11,52,24,6,42,1,2,1,9,2,1,3,1,0,0,0,0,0,0,0,0,0,0,0,0,0,0,0,0,0,0,0,0,0,0,0,0,0,0,0,0,0,0,0,0,0,0,0,0,0,0,0,0,0,0,0,0,0,0,0,0,0,0,0,0,0,0,0,0,0,0,0,0
2024-11-15,NV,1670,0,0,0,0,0,0,0,0,0,0,0,0,0,0,29,0,0,0,0,0,42,0,0,0,355,0,78,4,0,0,709,20,3,47,4,0,0,1,4,4,53,2,1,24,3,14,1,17,64,2,9,24,6,11,49,23,5,40,1,1,1,9,2,1,3,1,0,0,0,0,0,0,0,0,0,0,0,0,0,0,0,0,0,0,0,0,0,0,0,0,0,0,0,0,0,0,0,0,0,0,0,0,0,0,0,0,0,0,0,0,0,0,0,0,0,0,0,0,0,0,0,0,0,0,0,0
2024-11-16,NV,1691,0,0,0,0,0,0,0,0,0,0,0,0,0,0,31,0,0,0,0,0,43,0,0,0,365,0,76,4,0,0,715,21,4,49,4,0,0,1,4,4,54,2,1,25,3,15,1,18,65,2,8,23,6,12,48,23,5,39,1,1,1,9,2,1,3,1,0,0,0,0,0,0,0,0,0,0,0,0,0,0,0,0,0,0,0,0,0,0,0,0,0,0,0,0,0,0,0,0,0,0,0,0,0,0,0,0,0,0,0,0,0,0,0,0,0,0,0,0,0,0,0,0,0,0,0,0
2024-11-17,NV,1750,0,0,0,0,0,0,0,0,0,0,0,0,0,0,32,0,0,0,0,0,44,0,0,0,383,0,76,4,0,0,738,21,4,52,3,0,0,1,4,4,58,2,1,27,3,15,1,19,67,2,9,23,6,12,47,23,5,39,1,2,1,10,2,2,3,2,0,0,0,0,0,0,0,0,0,0,0,0,0,0,0,0,0,0,0,0,0,0,0,0,0,0,0,0,0,0,0,0,0,0,0,0,0,0,0,0,0,0,0,0,0,0,0,0,0,0,0,0,0,0,0,0,0,0,0,0
2024-11-18,NV,1792,0,0,0,0,0,0,0,0,0,0,0,0,0,0,34,0,0,0,0,0,45,0,0,0,399,0,75,4,0,0,753,22,4,55,3,0,0,1,4,4,60,2,1,28,3,16,2,20,68,2,9,23,6,13,46,23,5,38,1,2,1,11,2,2,3,2,0,0,0,0,0,0,0,0,0,0,0,0,0,0,0,0,0,0,0,0,0,0,0,0,0,0,0,0,0,0,0,0,0,0,0,0,0,0,0,0,0,0,0,0,0,0,0,0,0,0,0,0,0,0,0,0,0,0,0,0
2024-11-19,NV,1826,0,0,0,0,0,0,0,0,0,0,0,0,0,0,36,0,0,0,0,0,46,0,0,0,412,0,73,4,0,0,764,22,4,58,3,0,0,1,4,4,62,3,1,30,3,17,2,21,69,3,9,22,6,13,45,22,5,37,1,2,1,11,2,2,3,2,0,0,0,0,0,0,0,0,0,0,0,0,0,0,0,0,0,0,0,0,0,0,0,0,0,0,0,0,0,0,0,0,0,0,0,0,0,0,0,0,0,0,0,0,0,0,0,0,0,0,0,0,0,0,0,0,0,0,0,0
2024-11-20,NV,1852,0,0,0,0,0,0,0,0,0,0,0,0,0,0,37,0,0,0,0,0,47,0,0,0,424,0,71,4,0,0,773,22,4,61,3,0,0,1,4,4,65,3,1,31,3,17,2,22,70,3,9,22,6,13,43,22,5,36,1,2,1,12,2,2,3,2,0,0,0,0,0,0,0,0,0,0,0,0,0,0,0,0,0,0,0,0,0,0,0,0,0,0,0,0,0,0,0,0,0,0,0,0,0,0,0,0,0,0,0,0,0,0,0,0,0,0,0,0,0,0,0,0,0,0,0,0
2024-11-21,NV,1870,0,0,0,0,0,0,0,0,0,0,0,0,0,0,38,0,0,0,0,0,47,0,0,0,435,0,68,4,0,0,778,22,4,64,2,0,0,2,4,3,67,3,1,33,3,17,2,23,71,3,9,21,6,14,41,22,5,35,1,2,1,12,2,2,3,2,0,0,0,0,0,0,0,0,0,0,0,0,0,0,0,0,0,0,0,0,0,0,0,0,0,0,0,0,0,0,0,0,0,0,0,0,0,0,0,0,0,0,0,0,0,0,0,0,0,0,0,0,0,0,0,0,0,0,0,0
2024-11-22,NV,1875,0,0,0,0,0,0,0,0,0,0,0,0,0,0,39,0,0,0,0,0,47,0,0,0,442,0,65,4,0,0,777,22,4,66,2,0,0,2,4,3,68,3,1,34,3,18,2,24,71,3,9,20,6,14,39,21,5,33,1,2,1,12,2,2,3,2,0,0,0,0,0,0,0,0,0,0,0,0,0,0,0,0,0,0,0,0,0,0,0,0,0,0,0,0,0,0,0,0,0,0,0,0,0,0,0,0,0,0,0,0,0,0,0,0,0,0,0,0,0,0,0,0,0,0,0,0
2024-11-23,NV,1865,0,0,0,0,0,0,0,0,0,0,0,0,0,0,40,0,0,0,0,0,47,0,0,0,445,0,61,4,0,0,769,22,4,67,1,2,0,2,4,3,69,3,1,35,3,18,2,25,70,3,8,18,6,14,37,20,5,31,1,2,1,13,2,2,3,2,0,0,0,0,0,0,0,0,0,0,0,0,0,0,0,0,0,0,0,0,0,0,0,0,0,0,0,0,0,0,0,0,0,0,0,0,0,0,0,0,0,0,0,0,0,0,0,0,0,0,0,0,0,0,0,0,0,0,0,0
2024-11-24,NV,1846,0,0,0,0,0,0,0,0,0,0,0,0,0,0,39,0,0,0,0,0,46,0,0,0,447,0,60,4,0,0,755,22,5,70,1,2,0,2,4,3,69,3,1,34,3,18,2,24,70,3,8,18,6,14,36,20,5,31,1,1,1,12,2,2,3,0,0,0,0,0,0,0,0,0,0,0,0,0,0,0,0,0,0,0,0,0,0,0,0,0,0,0,0,0,0,0,0,0,0,0,0,0,0,0,0,0,0,0,0,0,0,0,0,0,0,0,0,0,0,0,0,0,0,0,0,0
2024-11-25,NV,1828,0,0,0,0,0,0,0,0,0,0,0,0,0,0,39,0,0,0,0,0,46,0,0,0,447,0,59,4,0,0,741,21,5,73,1,2,0,1,4,3,69,3,1,33,3,18,2,24,70,3,8,18,6,13,34,19,5,30,1,1,1,12,2,2,3,0,0,0,0,0,0,0,0,0,0,0,0,0,0,0,0,0,0,0,0,0,0,0,0,0,0,0,0,0,0,0,0,0,0,0,0,0,0,0,0,0,0,0,0,0,0,0,0,0,0,0,0,0,0,0,0,0,0,0,0,0
2024-11-26,NV,1818,0,0,0,0,0,0,0,0,0,0,0,0,0,0,38,0,0,0,0,0,45,0,0,0,450,0,58,4,0,0,730,21,5,76,1,2,0,1,4,3,69,3,1,33,3,18,2,24,71,2,9,17,5,13,33,19,5,30,1,1,1,12,2,2,3,0,0,0,0,0,0,0,0,0,0,0,0,0,0,0,0,0,0,0,0,0,0,0,0,0,0,0,0,0,0,0,0,0,0,0,0,0,0,0,0,0,0,0,0,0,0,0,0,0,0,0,0,0,0,0,0,0,0,0,0,0
2024-11-27,NV,1816,0,0,0,0,0,0,0,0,0,0,0,0,0,0,38,0,0,0,0,0,45,0,0,0,455,0,57,4,0,0,723,20,6,79,1,2,0,1,4,3,70,3,1,33,3,18,2,23,72,2,9,17,5,13,33,18,5,30,1,1,1,12,2,2,3,0,0,0,0,0,0,0,0,0,0,0,0,0,0,0,0,0,0,0,0,0,0,0,0,0,0,0,0,0,0,0,0,0,0,0,0,0,0,0,0,0,0,0,0,0,0,0,0,0,0,0,0,0,0,0,0,0,0,0,0,0
2024-11-28,NV,1823,0,0,0,0,0,0,0,0,0,0,0,0,0,0,38,0,0,0,0,0,45,0,0,0,462,0,56,4,0,0,719,20,6,82,1,2,0,2,4,4,71,3,1,32,3,19,2,23,73,2,9,17,5,13,32,18,5,29,1,1,1,12,2,2,3,0,0,0,0,0,0,0,0,0,0,0,0,0,0,0,0,0,0,0,0,0,0,0,0,0,0,0,0,0,0,0,0,0,0,0,0,0,0,0,0,0,0,0,0,0,0,0,0,0,0,0,0,0,0,0,0,0,0,0,0,0
2024-11-29,NV,1847,0,0,0,0,0,0,0,0,0,0,0,0,0,0,38,0,0,0,0,0,45,0,0,0,474,0,56,4,0,0,721,20,7,87,1,2,0,2,4,4,72,3,1,33,3,19,2,23,75,3,9,17,5,13,31,17,5,30,1,1,1,12,2,2,3,0,0,0,0,0,0,0,0,0,0,0,0,0,0,0,0,0,0,0,0,0,0,0,0,0,0,0,0,0,0,0,0,0,0,0,0,0,0,0,0,0,0,0,0,0,0,0,0,0,0,0,0,0,0,0,0,0,0,0,0,0
2024-11-30,NV,1887,0,0,0,0,0,0,0,0,0,0,0,0,0,0,39,0,0,0,0,0,46,0,0,0,489,0,56,4,0,0,729,20,7,92,1,2,0,2,4,4,74,3,1,33,3,20,2,24,77,3,10,17,5,13,31,17,5,30,1,1,1,12,2,2,3,0,0,0,0,0,0,0,0,0,0,0,0,0,0,0,0,0,0,0,0,0,0,0,0,0,0,0,0,0,0,0,0,0,0,0,0,0,0,0,0,0,0,0,0,0,0,0,0,0,0,0,0,0,0,0,0,0,0,0,0,0
2024-12-01,NV,1961,0,0,0,0,0,0,0,0,0,0,0,0,0,0,40,0,0,0,0,0,48,0,0,0,514,0,58,4,0,0,751,21,8,99,2,2,0,2,4,4,78,3,1,34,3,21,2,24,81,3,10,18,5,14,32,18,5,31,1,2,1,12,2,2,3,0,0,0,0,0,0,0,0,0,0,0,0,0,0,0,0,0,0,0,0,0,0,0,0,0,0,0,0,0,0,0,0,0,0,0,0,0,0,0,0,0,0,0,0,0,0,0,0,0,0,0,0,0,0,0,0,0,0,0,0,0
2024-12-02,NV,2039,0,0,0,0,0,0,0,0,0,0,0,0,0,0,42,0,0,0,0,0,50,0,0,0,541,0,59,5,0,0,773,21,9,107,2,2,0,2,4,4,82,3,1,35,3,22,2,25,85,3,11,18,5,14,32,18,5,32,1,2,1,13,2,2,3,0,0,0,0,0,0,0,0,0,0,0,0,0,0,0,0,0,0,0,0,0,0,0,0,0,0,0,0,0,0,0,0,0,0,0,0,0,0,0,0,0,0,0,0,0,0,0,0,0,0,0,0,0,0,0,0,0,0,0,0,0
2024-12-03,NV,2123,0,0,0,0,0,0,0,0,0,0,0,0,0,0,43,0,0,0,0,0,52,0,0,0,569,0,60,5,0,0,797,22,10,115,2,2,0,2,4,5,86,3,1,36,4,24,2,26,90,3,11,19,5,14,32,18,5,33,1,2,1,13,2,2,4,0,0,0,0,0,0,0,0,0,0,0,0,0,0,0,0,0,0,0,0,0,0,0,0,0,0,0,0,0,0,0,0,0,0,0,0,0,0,0,0,0,0,0,0,0,0,0,0,0,0,0,0,0,0,0,0,0,0,0,0,0
2024-12-04,NV,2216,0,0,0,0,0,0,0,0,0,0,0,0,0,0,45,0,0,0,0,0,54,0,0,0,600,0,62,5,0,0,823,22,10,124,2,2,0,2,5,5,91,3,1,37,4,25,2,27,95,3,12,19,5,15,33,18,6,34,2,2,2,14,2,2,4,0,0,0,0,0,0,0,0,0,0,0,0,0,0,0,0,0,0,0,0,0,0,0,0,0,0,0,0,0,0,0,0,0,0,0,0,0,0,0,0,0,0,0,0,0,0,0,0,0,0,0,0,0,0,0,0,0,0,0,0,0
2024-12-05,NV,2317,0,0,0,0,0,0,0,0,0,0,0,0,0,0,47,0,0,0,0,0,56,0,0,0,634,0,64,5,0,0,852,23,11,134,2,2,0,2,5,5,96,3,1,39,4,26,2,28,100,3,13,20,5,15,33,18,6,35,2,2,2,14,2,2,4,0,0,0,0,0,0,0,0,0,0,0,0,0,0,0,0,0,0,0,0,0,0,0,0,0,0,0,0,0,0,0,0,0,0,0,0,0,0,0,0,0,0,0,0,0,0,0,0,0,0,0,0,0,0,0,0,0,0,0,0,0
2024-12-06,NV,2419,0,0,0,0,0,0,0,0,0,0,0,0,0,0,49,0,0,0,0,0,58,0,0,0,669,0,65,5,0,0,881,24,12,144,2,2,0,2,5,6,101,3,1,40,4,28,2,29,106,3,14,21,5,16,33,19,6,36,2,2,2,15,2,2,4,0,0,0,0,0,0,0,0,0,0,0,0,0,0,0,0,0,0,0,0,0,0,0,0,0,0,0,0,0,0,0,0,0,0,0,0,0,0,0,0,0,0,0,0,0,0,0,0,0,0,0,0,0,0,0,0,0,0,0,0,0
2024-12-07,NV,2501,0,0,0,0,0,0,0,0,0,0,0,0,0,0,50,0,0,0,0,0,60,0,0,0,699,0,67,6,0,0,901,24,13,154,2,2,0,2,5,6,105,3,1,41,4,29,2,30,111,3,14,21,5,16,33,19,6,37,2,2,2,15,2,2,4,0,0,0,0,0,0,0,0,0,0,0,0,0,0,0,0,0,0,0,0,0,0,0,0,0,0,0,0,0,0,0,0,0,0,0,0,0,0,0,0,0,0,0,0,0,0,0,0,0,0,0,0,0,0,0,0,0,0,0,0,0
2024-12-08,NV,2575,0,0,0,0,0,0,0,0,0,0,0,0,0,0,51,0,0,0,0,0,62,0,0,0,727,0,67,6,0,0,918,24,14,163,2,2,0,2,5,7,109,3,1,42,4,31,2,30,115,3,15,22,5,17,33,19,6,38,2,2,2,15,2,2,4,0,0,0,0,0,0,0,0,0,0,0,0,0,0,0,0,0,0,0,0,0,0,0,0,0,0,0,0,0,0,0,0,0,0,0,0,0,0,0,0,0,0,0,0,0,0,0,0,0,0,0,0,0,0,0,0,0,0,0,0,0
2024-12-09,NV,2661,0,0,0,0,0,0,0,0,0,0,0,0,0,0,53,0,0,0,0,0,64,0,0,0,759,0,68,6,0,0,939,25,15,173,2,2,0,2,5,7,114,3,1,43,4,32,2,31,120,4,16,22,5,17,33,18,7,39,2,2,2,16,2,2,4,0,0,0,0,0,0,0,0,0,0,0,0,0,0,0,0,0,0,0,0,0,0,0,0,0,0,0,0,0,0,0,0,0,0,0,0,0,0,0,0,0,0,0,0,0,0,0,0,0,0,0,0,0,0,0,0,0,0,0,0,0
2024-12-10,NV,2741,0,0,0,0,0,0,0,0,0,0,0,0,0,0,54,0,0,0,0,0,65,0,0,0,790,0,69,6,0,0,957,25,16,184,2,2,0,2,5,7,118,3,1,44,5,33,2,32,125,4,16,22,5,17,33,18,7,40,2,2,2,16,3,2,5,0,0,0,0,0,0,0,0,0,0,0,0,0,0,0,0,0,0,0,0,0,0,0,0,0,0,0,0,0,0,0,0,0,0,0,0,0,0,0,0,0,0,0,0,0,0,0,0,0,0,0,0,0,0,0,0,0,0,0,0,0
2024-12-11,NV,2828,0,0,0,0,0,0,0,0,0,0,0,0,0,0,56,0,0,0,0,0,67,0,0,0,823,0,70,6,0,0,976,25,17,195,2,2,0,2,5,8,123,3,1,45,5,35,2,32,130,4,17,23,5,18,32,18,7,41,2,2,2,16,3,2,5,0,0,0,0,0,0,0,0,0,0,0,0,0,0,0,0,0,0,0,0,0,0,0,0,0,0,0,0,0,0,0,0,0,0,0,0,0,0,0,0,0,0,0,0,0,0,0,0,0,0,0,0,0,0,0,0,0,0,0,0,0
2024-12-12,NV,2918,0,0,0,0,0,0,0,0,0,0,0,0,0,0,57,0,0,0,0,0,69,0,0,0,858,0,71,7,0,0,996,25,19,206,2,2,0,3,5,8,128,3,1,46,5,36,2,33,136,4,18,23,5,18,32,18,7,41,2,2,2,17,3,2,5,0,0,0,0,0,0,0,0,0,0,0,0,0,0,0,0,0,0,0,0,0,0,0,0,0,0,0,0,0,0,0,0,0,0,0,0,0,0,0,0,0,0,0,0,0,0,0,0,0,0,0,0,0,0,0,0,0,0,0,0,0
2024-12-13,NV,3017,0,0,0,0,0,0,0,0,0,0,0,0,0,0,59,0,0,0,0,0,71,0,0,0,896,0,72,7,0,0,1019,26,20,219,2,2,0,3,6,8,133,3,1,47,5,38,2,34,142,4,19,24,5,18,32,18,7,42,2,2,2,17,3,2,5,0,0,0,0,0,0,0,0,0,0,0,0,0,0,0,0,0,0,0,0,0,0,0,0,0,0,0,0,0,0,0,0,0,0,0,0,0,0,0,0,0,0,0,0,0,0,0,0,0,0,0,0,0,0,0,0,0,0,0,0,0
2024-12-14,NV,3131,0,0,0,0,0,0,0,0,0,0,0,0,0,0,61,0,0,0,0,0,74,0,0,0,939,0,73,7,0,0,1046,26,21,233,2,3,0,3,6,9,139,3,1,48,5,40,3,35,149,4,20,24,5,19,32,18,8,44,2,2,2,17,3,3,5,0,0,0,0,0,0,0,0,0,0,0,0,0,0,0,0,0,0,0,0,0,0,0,0,0,0,0,0,0,0,0,0,0,0,0,0,0,0,0,0,0,0,0,0,0,0,0,0,0,0,0,0,0,0,0,0,0,0,0,0,0
2024-12-15,NV,3260,0,0,0,0,0,0,0,0,0,0,0,0,0,0,63,0,0,0,0,0,77,0,0,0,987,0,75,7,0,0,1076,27,23,248,2,3,0,3,6,10,146,3,1,49,5,42,3,36,156,4,21,25,5,19,31,18,8,45,2,2,2,18,3,3,5,0,0,0,0,0,0,0,0,0,0,0,0,0,0,0,0,0,0,0,0,0,0,0,0,0,0,0,0,0,0,0,0,0,0,0,0,0,0,0,0,0,0,0,0,0,0,0,0,0,0,0,0,0,0,0,0,0,0,0,0,0
2024-12-16,NV,3375,0,0,0,0,0,0,0,0,0,0,0,0,0,0,65,0,0,0,0,0,79,0,0,0,1032,0,76,8,0,0,1101,27,24,263,2,3,0,3,6,10,153,3,1,51,6,44,3,37,163,5,22,25,4,20,31,18,8,46,2,2,2,18,3,3,5,0,0,0,0,0,0,0,0,0,0,0,0,0,0,0,0,0,0,0,0,0,0,0,0,0,0,0,0,0,0,0,0,0,0,0,0,0,0,0,0,0,0,0,0,0,0,0,0,0,0,0,0,0,0,0,0,0,0,0,0,0
2024-12-17,NV,3477,0,0,0,0,0,0,0,0,0,0,0,0,0,0,66,0,0,0,0,0,81,0,0,0,1073,0,77,8,0,0,1122,27,26,277,3,3,0,3,6,11,158,3,1,52,6,46,3,38,170,5,23,26,4,20,30,17,8,47,2,2,2,19,3,3,6,0,0,0,0,0,0,0,0,0,0,0,0,0,0,0,0,0,0,0,0,0,0,0,0,0,0,0,0,0,0,0,0,0,0,0,0,0,0,0,0,0,0,0,0,0,0,0,0,0,0,0,0,0,0,0,0,0,0,0,0,0
2024-12-18,NV,3556,0,0,0,0,0,0,0,0,0,0,0,0,0,0,67,0,0,0,0,0,83,0,0,0,1108,0,77,8,0,0,1134,28,27,290,3,3,0,3,6,11,163,3,1,52,6,48,3,38,176,5,24,26,4,20,29,17,9,48,2,3,2,19,3,3,6,0,0,0,0,0,0,0,0,0,0,0,0,0,0,0,0,0,0,0,0,0,0,0,0,0,0,0,0,0,0,0,0,0,0,0,0,0,0,0,0,0,0,0,0,0,0,0,0,0,0,0,0,0,0,0,0,0,0,0,0,0
2024-12-19,NV,3607,0,0,0,0,0,0,0,0,0,0,0,0,0,0,68,0,0,0,0,0,84,0,0,0,1134,0,76,8,0,0,1136,27,28,301,3,3,0,3,6,11,167,3,1,52,6,49,3,38,180,5,24,26,4,20,28,16,9,48,3,3,2,19,3,3,6,0,0,0,0,0,0,0,0,0,0,0,0,0,0,0,0,0,0,0,0,0,0,0,0,0,0,0,0,0,0,0,0,0,0,0,0,0,0,0,0,0,0,0,0,0,0,0,0,0,0,0,0,0,0,0,0,0,0,0,0,0
2024-12-20,NV,3656,0,0,0,0,0,0,0,0,0,0,0,0,0,0,69,0,0,0,0,0,85,0,0,0,1160,0,76,8,0,0,1138,27,30,311,3,3,0,3,6,12,170,3,1,52,6,50,3,38,184,5,25,26,4,21,27,15,9,48,3,3,2,19,3,3,6,0,0,0,0,0,0,0,0,0,0,0,0,0,0,0,0,0,0,0,0,0,0,0,0,0,0,0,0,0,0,0,0,0,0,0,0,0,0,0,0,0,0,0,0,0,0,0,0,0,0,0,0,0,0,0,0,0,0,0,0,0
2024-12-21,NV,3712,0,0,0,0,0,0,0,0,0,0,0,0,0,0,69,0,0,0,0,0,85,0,0,0,1185,0,75,8,0,0,1138,27,31,322,3,3,12,3,6,12,174,3,1,53,6,51,3,38,188,5,25,26,3,21,25,15,9,48,3,3,2,19,3,3,6,0,0,0,0,0,0,0,0,0,0,0,0,0,0,0,0,0,0,0,0,0,0,0,0,0,0,0,0,0,0,0,0,0,0,0,0,0,0,0,0,0,0,0,0,0,0,0,0,0,0,0,0,0,0,0,0,0,0,0,0,0
2024-12-22,NV,3749,0,0,0,0,0,0,0,0,0,0,0,0,0,0,70,0,0,0,0,0,86,0,0,0,1213,0,76,8,0,0,1141,28,32,334,3,3,12,4,7,12,183,5,2,54,7,51,3,39,192,5,25,26,4,21,25,15,9,48,3,3,3,0,0,0,0,0,0,0,0,0,0,0,0,0,0,0,0,0,0,0,0,0,0,0,0,0,0,0,0,0,0,0,0,0,0,0,0,0,0,0,0,0,0,0,0,0,0,0,0,0,0,0,0,0,0,0,0,0,0,0,0,0,0,0,0,0
2024-12-23,NV,3803,0,0,0,0,0,0,0,0,0,0,0,0,0,0,70,0,0,0,0,0,86,0,0,0,1237,0,77,8,0,0,1139,28,34,345,3,4,12,5,7,12,192,6,2,56,7,51,3,40,195,5,25,25,4,22,25,15,9,47,3,3,3,0,0,0,0,0,0,0,0,0,0,0,0,0,0,0,0,0,0,0,0,0,0,0,0,0,0,0,0,0,0,0,0,0,0,0,0,0,0,0,0,0,0,0,0,0,0,0,0,0,0,0,0,0,0,0,0,0,0,0,0,0,0,0,0,0
2024-12-24,NV,3877,0,0,0,0,0,0,0,0,0,0,0,0,0,0,71,0,0,0,0,0,86,0,0,0,1268,0,79,9,0,0,1143,29,35,358,3,5,12,6,7,13,203,8,2,57,7,51,3,40,199,5,25,25,4,22,25,15,9,47,3,3,3,0,0,0,0,0,0,0,0,0,0,0,0,0,0,0,0,0,0,0,0,0,0,0,0,0,0,0,0,0,0,0,0,0,0,0,0,0,0,0,0,0,0,0,0,0,0,0,0,0,0,0,0,0,0,0,0,0,0,0,0,0,0,0,0,0
2024-12-25,NV,3976,0,0,0,0,0,0,0,0,0,0,0,0,0,0,72,0,0,0,0,0,87,0,0,0,1307,0,81,9,0,0,1154,30,37,373,3,5,12,7,8,13,215,9,2,59,8,51,3,41,205,5,25,25,5,23,25,15,9,47,3,3,3,0,0,0,0,0,0,0,0,0,0,0,0,0,0,0,0,0,0,0,0,0,0,0,0,0,0,0,0,0,0,0,0,0,0,0,0,0,0,0,0,0,0,0,0,0,0,0,0,0,0,0,0,0,0,0,0,0,0,0,0,0,0,0,0,0
2024-12-26,NV,4105,0,0,0,0,0,0,0,0,0,0,0,0,0,0,74,0,0,0,0,0,88,0,0,0,1356,0,84,9,0,0,1171,32,40,392,3,6,12,8,8,13,229,11,2,62,8,52,3,43,212,5,25,25,5,24,25,15,9,47,3,3,3,0,0,0,0,0,0,0,0,0,0,0,0,0,0,0,0,0,0,0,0,0,0,0,0,0,0,0,0,0,0,0,0,0,0,0,0,0,0,0,0,0,0,0,0,0,0,0,0,0,0,0,0,0,0,0,0,0,0,0,0,0,0,0,0,0
2024-12-27,NV,4214,0,0,0,0,0,0,0,0,0,0,0,0,0,0,75,0,0,0,0,0,89,0,0,0,1399,0,86,9,0,0,1183,33,42,409,3,7,12,9,9,13,242,13,2,64,9,52,3,44,218,6,25,25,6,25,25,15,8,47,3,3,3,0,0,0,0,0,0,0,0,0,0,0,0,0,0,0,0,0,0,0,0,0,0,0,0,0,0,0,0,0,0,0,0,0,0,0,0,0,0,0,0,0,0,0,0,0,0,0,0,0,0,0,0,0,0,0,0,0,0,0,0,0,0,0,0,0
2024-12-28,NV,4286,0,0,0,0,0,0,0,0,0,0,0,0,0,0,76,0,0,0,0,0,89,0,0,0,1431,0,88,9,0,0,1182,34,44,423,3,7,12,10,9,14,253,15,2,66,9,52,3,45,222,6,25,24,6,26,24,15,8,46,3,3,3,0,0,0,0,0,0,0,0,0,0,0,0,0,0,0,0,0,0,0,0,0,0,0,0,0,0,0,0,0,0,0,0,0,0,0,0,0,0,0,0,0,0,0,0,0,0,0,0,0,0,0,0,0,0,0,0,0,0,0,0,0,0,0,0,0
2024-12-29,NV,4335,0,0,0,0,0,0,0,0,0,0,0,0,0,0,76,0,0,0,0,0,89,0,0,0,1454,0,89,10,0,0,1175,35,45,434,3,8,11,11,9,14,263,17,2,68,10,51,4,45,225,6,25,24,7,26,24,15,8,46,3,3,3,0,0,0,0,0,0,0,0,0,0,0,0,0,0,0,0,0,0,0,0,0,0,0,0,0,0,0,0,0,0,0,0,0,0,0,0,0,0,0,0,0,0,0,0,0,0,0,0,0,0,0,0,0,0,0,0,0,0,0,0,0,0,0,0,0
2024-12-30,NV,4360,0,0,0,0,0,0,0,0,0,0,0,0,0,0,76,0,0,0,0,0,88,0,0,0,1470,0,90,10,0,0,1161,35,47,444,3,8,11,12,10,14,272,18,2,69,10,51,4,45,226,6,24,23,7,27,23,15,8,44,3,3,3,0,0,0,0,0,0,0,0,0,0,0,0,0,0,0,0,0,0,0,0,0,0,0,0,0,0,0,0,0,0,0,0,0,0,0,0,0,0,0,0,0,0,0,0,0,0,0,0,0,0,0,0,0,0,0,0,0,0,0,0,0,0,0,0,0
2024-12-31,NV,4356,0,0,0,0,0,0,0,0,0,0,0,0,0,0,75,0,0,0,0,0,86,0,0,0,1476,0,90,10,0,0,1140,35,48,450,3,9,11,13,10,14,279,20,2,70,10,49,4,45,227,6,23,22,7,27,22,15,8,43,3,3,3,0,0,0,0,0,0,0,0,0,0,0,0,0,0,0,0,0,0,0,0,0,0,0,0,0,0,0,0,0,0,0,0,0,0,0,0,0,0,0,0,0,0,0,0,0,0,0,0,0,0,0,0,0,0,0,0,0,0,0,0,0,0,0,0,0
2025-01-01,NV,4327,0,0,0,0,0,0,0,0,0,0,0,0,0,0,74,0,0,0,0,0,84,0,0,0,1474,0,89,9,0,0,1112,36,49,454,3,10,10,14,10,13,285,21,2,70,10,48,4,45,226,6,23,21,7,27,22,14,7,41,3,3,3,0,0,0,0,0,0,0,0,0,0,0,0,0,0,0,0,0,0,0,0,0,0,0,0,0,0,0,0,0,0,0,0,0,0,0,0,0,0,0,0,0,0,0,0,0,0,0,0,0,0,0,0,0,0,0,0,0,0,0,0,0,0,0,0,0
2025-01-02,NV,4271,0,0,0,0,0,0,0,0,0,0,0,0,0,0,72,0,0,0,0,0,81,0,0,0,1462,0,88,9,0,0,1077,36,49,455,3,10,10,14,10,13,288,22,2,70,10,46,3,44,223,6,22,20,8,27,21,14,7,40,3,3,3,0,0,0,0,0,0,0,0,0,0,0,0,0,0,0,0,0,0,0,0,0,0,0,0,0,0,0,0,0,0,0,0,0,0,0,0,0,0,0,0,0,0,0,0,0,0,0,0,0,0,0,0,0,0,0,0,0,0,0,0,0,0,0,0,0
2025-01-03,NV,4198,0,0,0,0,0,0,0,0,0,0,0,0,0,0,70,0,0,0,0,0,79,0,0,0,1444,0,87,9,0,0,1039,35,49,454,3,10,10,15,10,13,290,24,2,69,11,44,3,44,220,6,21,19,8,27,19,14,7,38,3,3,3,0,0,0,0,0,0,0,0,0,0,0,0,0,0,0,0,0,0,0,0,0,0,0,0,0,0,0,0,0,0,0,0,0,0,0,0,0,0,0,0,0,0,0,0,0,0,0,0,0,0,0,0,0,0,0,0,0,0,0,0,0,0,0,0,0
2025-01-04,NV,4119,0,0,0,0,0,0,0,0,0,0,0,0,0,0,68,0,0,0,0,0,76,0,0,0,1424,0,85,9,0,0,1000,35,50,452,3,11,9,15,10,13,292,25,2,69,11,43,3,43,216,5,20,18,8,26,18,13,6,36,3,3,3,0,0,0,0,0,0,0,0,0,0,0,0,0,0,0,0,0,0,0,0,0,0,0,0,0,0,0,0,0,0,0,0,0,0,0,0,0,0,0,0,0,0,0,0,0,0,0,0,0,0,0,0,0,0,0,0,0,0,0,0,0,0,0,0,0
2025-01-05,NV,4035,0,0,0,0,0,0,0,0,0,0,0,0,0,0,66,0,0,0,0,0,73,0,0,0,1401,0,84,9,0,0,960,35,50,449,3,11,9,16,10,12,293,26,2,68,11,41,3,42,212,5,19,17,8,26,17,13,6,34,3,3,3,0,0,0,0,0,0,0,0,0,0,0,0,0,0,0,0,0,0,0,0,0,0,0,0,0,0,0,0,0,0,0,0,0,0,0,0,0,0,0,0,0,0,0,0,0,0,0,0,0,0,0,0,0,0,0,0,0,0,0,0,0,0,0,0,0
2025-01-06,NV,3949,0,0,0,0,0,0,0,0,0,0,0,0,0,0,64,0,0,0,0,0,70,0,0,0,1378,0,82,9,0,0,921,34,50,446,3,11,8,16,10,12,293,27,2,67,11,39,3,41,208,5,17,16,8,26,16,12,5,32,3,3,3,0,0,0,0,0,0,0,0,0,0,0,0,0,0,0,0,0,0,0,0,0,0,0,0,0,0,0,0,0,0,0,0,0,0,0,0,0,0,0,0,0,0,0,0,0,0,0,0,0,0,0,0,0,0,0,0,0,0,0,0,0,0,0,0,0
2025-01-07,NV,3872,0,0,0,0,0,0,0,0,0,0,0,0,0,0,62,0,0,0,0,0,67,0,0,0,1358,0,81,8,0,0,885,34,50,443,3,11,8,17,10,12,294,27,2,66,11,37,3,40,204,5,17,14,8,25,15,12,5,30,3,2,2,0,0,0,0,0,0,0,0,0,0,0,0,0,0,0,0,0,0,0,0,0,0,0,0,0,0,0,0,0,0,0,0,0,0,0,0,0,0,0,0,0,0,0,0,0,0,0,0,0,0,0,0,0,0,0,0,0,0,0,0,0,0,0,0,0
2025-01-08,NV,3790,0,0,0,0,0,0,0,0,0,0,0,0,0,0,60,0,0,0,0,0,65,0,0,0,1336,0,79,8,0,0,848,34,50,440,2,12,7,17,10,11,294,28,2,66,11,35,3,39,200,5,16,13,9,25,14,11,5,28,2,2,2,0,0,0,0,0,0,0,0,0,0,0,0,0,0,0,0,0,0,0,0,0,0,0,0,0,0,0,0,0,0,0,0,0,0,0,0,0,0,0,0,0,0,0,0,0,0,0,0,0,0,0,0,0,0,0,0,0,0,0,0,0,0,0,0,0
2025-01-09,NV,3710,0,0,0,0,0,0,0,0,0,0,0,0,0,0,58,0,0,0,0,0,62,0,0,0,1314,0,77,8,0,0,812,33,49,437,2,12,7,18,10,11,294,29,2,65,11,34,3,38,196,5,15,12,9,25,13,11,4,26,2,2,2,0,0,0,0,0,0,0,0,0,0,0,0,0,0,0,0,0,0,0,0,0,0,0,0,0,0,0,0,0,0,0,0,0,0,0,0,0,0,0,0,0,0,0,0,0,0,0,0,0,0,0,0,0,0,0,0,0,0,0,0,0,0,0,0,0
2025-01-10,NV,3632,0,0,0,0,0,0,0,0,0,0,0,0,0,0,56,0,0,0,0,0,59,0,0,0,1292,0,76,8,0,0,778,33,49,433,2,12,6,18,10,11,294,30,2,64,11,32,3,38,192,5,14,11,9,24,12,10,4,24,2,2,2,0,0,0,0,0,0,0,0,0,0,0,0,0,0,0,0,0,0,0,0,0,0,0,0,0,0,0,0,0,0,0,0,0,0,0,0,0,0,0,0,0,0,0,0,0,0,0,0,0,0,0,0,0,0,0,0,0,0,0,0,0,0,0,0,0
2025-01-11,NV,3568,0,0,0,0,0,0,0,0,0,0,0,0,0,0,55,0,0,0,0,0,57,0,0,0,1275,0,75,8,0,0,747,33,49,431,2,12,6,18,10,11,295,30,2,64,11,30,3,37,189,5,13,11,9,24,12,10,4,23,2,2,2,0,0,0,0,0,0,0,0,0,0,0,0,0,0,0,0,0,0,0,0,0,0,0,0,0,0,0,0,0,0,0,0,0,0,0,0,0,0,0,0,0,0,0,0,0,0,0,0,0,0,0,0,0,0,0,0,0,0,0,0,0,0,0,0,0
2025-01-12,NV,3545,0,0,0,0,0,0,0,0,0,0,0,0,0,0,54,0,0,0,0,0,56,0,0,0,1273,0,74,8,0,0,726,33,50,434,2,13,6,19,11,10,299,32,2,64,11,29,3,37,189,5,12,10,9,24,11,10,4,22,2,2,2,0,0,0,0,0,0,0,0,0,0,0,0,0,0,0,0,0,0,0,0,0,0,0,0,0,0,0,0,0,0,0,0,0,0,0,0,0,0,0,0,0,0,0,0,0,0,0,0,0,0,0,0,0,0,0,0,0,0,0,0,0,0,0,0,0
2025-01-13,NV,3533,0,0,0,0,0,0,0,0,0,0,0,0,0,0,53,0,0,0,0,0,54,0,0,0,1275,0,74,8,0,0,707,33,51,438,2,13,5,20,11,10,304,33,2,64,11,28,3,37,188,5,12,9,9,24,10,9,3,21,2,2,2,0,0,0,0,0,0,0,0,0,0,0,0,0,0,0,0,0,0,0,0,0,0,0,0,0,0,0,0,0,0,0,0,0,0,0,0,0,0,0,0,0,0,0,0,0,0,0,0,0,0,0,0,0,0,0,0,0,0,0,0,0,0,0,0,0
2025-01-14,NV,3524,0,0,0,0,0,0,0,0,0,0,0,0,0,0,53,0,0,0,0,0,53,0,0,0,1278,0,74,8,0,0,688,33,52,443,2,14,5,20,11,10,309,34,1,65,11,27,3,36,188,5,11,8,10,24,10,9,3,19,2,2,2,0,0,0,0,0,0,0,0,0,0,0,0,0,0,0,0,0,0,0,0,0,0,0,0,0,0,0,0,0,0,0,0,0,0,0,0,0,0,0,0,0,0,0,0,0,0,0,0,0,0,0,0,0,0,0,0,0,0,0,0,0,0,0,0,0
2025-01-15,NV,3537,0,0,0,0,0,0,0,0,0,0,0,0,0,0,52,0,0,0,0,0,52,0,0,0,1288,0,74,8,0,0,674,33,53,450,2,14,5,21,11,10,316,35,2,65,12,27,3,37,189,5,11,8,10,25,9,9,3,18,2,2,2,0,0,0,0,0,0,0,0,0,0,0,0,0,0,0,0,0,0,0,0,0,0,0,0,0,0,0,0,0,0,0,0,0,0,0,0,0,0,0,0,0,0,0,0,0,0,0,0,0,0,0,0,0,0,0,0,0,0,0,0,0,0,0,0,0
2025-01-16,NV,3570,0,0,0,0,0,0,0,0,0,0,0,0,0,0,52,0,0,0,0,0,51,0,0,0,1306,0,75,8,0,0,664,34,54,460,2,15,5,22,12,10,325,37,2,67,12,26,3,37,191,5,10,7,10,25,8,9,3,17,2,2,2,0,0,0,0,0,0,0,0,0,0,0,0,0,0,0,0,0,0,0,0,0,0,0,0,0,0,0,0,0,0,0,0,0,0,0,0,0,0,0,0,0,0,0,0,0,0,0,0,0,0,0,0,0,0,0,0,0,0,0,0,0,0,0,0,0
2025-01-17,NV,3626,0,0,0,0,0,0,0,0,0,0,0,0,0,0,52,0,0,0,0,0,51,0,0,0,1333,0,76,8,0,0,657,35,56,473,2,15,5,23,12,10,336,39,2,68,12,25,3,38,195,5,10,7,11,26,8,9,2,17,2,2,2,0,0,0,0,0,0,0,0,0,0,0,0,0,0,0,0,0,0,0,0,0,0,0,0,0,0,0,0,0,0,0,0,0,0,0,0,0,0,0,0,0,0,0,0,0,0,0,0,0,0,0,0,0,0,0,0,0,0,0,0,0,0,0,0,0
2025-01-18,NV,3711,0,0,0,0,0,0,0,0,0,0,0,0,0,0,53,0,0,0,0,0,50,0,0,0,1365,0,78,8,0,13,652,36,58,488,2,16,4,24,12,11,349,41,2,70,13,25,3,38,199,5,10,6,11,27,7,9,2,16,2,2,2,0,0,0,0,0,0,0,0,0,0,0,0,0,0,0,0,0,0,0,0,0,0,0,0,0,0,0,0,0,0,0,0,0,0,0,0,0,0,0,0,0,0,0,0,0,0,0,0,0,0,0,0,0,0,0,0,0,0,0,0,0,0,0,0,0
2025-01-19,NV,3728,0,0,0,0,0,0,0,0,0,0,0,0,0,0,53,0,0,0,0,0,51,0,0,0,1371,0,78,8,0,13,646,36,60,506,2,17,5,25,12,11,350,41,2,71,13,26,3,39,198,5,10,6,11,26,8,9,2,15,0,0,0,0,0,0,0,0,0,0,0,0,0,0,0,0,0,0,0,0,0,0,0,0,0,0,0,0,0,0,0,0,0,0,0,0,0,0,0,0,0,0,0,0,0,0,0,0,0,0,0,0,0,0,0,0,0,0,0,0,0,0,0,0,0,0,0,0
2025-01-20,NV,3750,0,0,0,0,0,0,0,0,0,0,0,0,0,0,54,0,0,0,0,0,52,0,0,0,1376,0,78,8,0,12,640,35,62,523,2,18,5,26,12,11,351,42,2,71,12,27,3,39,197,5,10,6,11,26,8,9,2,15,0,0,0,0,0,0,0,0,0,0,0,0,0,0,0,0,0,0,0,0,0,0,0,0,0,0,0,0,0,0,0,0,0,0,0,0,0,0,0,0,0,0,0,0,0,0,0,0,0,0,0,0,0,0,0,0,0,0,0,0,0,0,0,0,0,0,0,0
2025-01-21,NV,3771,0,0,0,0,0,0,0,0,0,0,0,0,0,0,54,0,0,0,0,0,53,0,0,0,1380,0,77,8,0,12,633,35,64,541,2,18,5,27,12,11,352,42,2,71,12,28,3,40,195,5,10,6,10,26,8,9,2,15,0,0,0,0,0,0,0,0,0,0,0,0,0,0,0,0,0,0,0,0,0,0,0,0,0,0,0,0,0,0,0,0,0,0,0,0,0,0,0,0,0,0,0,0,0,0,0,0,0,0,0,0,0,0,0,0,0,0,0,0,0,0,0,0,0,0,0,0
2025-01-22,NV,3780,0,0,0,0,0,0,0,0,0,0,0,0,0,0,54,0,0,0,0,0,54,0,0,0,1381,0,77,8,0,12,624,35,65,557,2,19,6,27,11,10,352,42,2,71,12,29,3,40,193,5,10,6,10,25,9,10,2,15,0,0,0,0,0,0,0,0,0,0,0,0,0,0,0,0,0,0,0,0,0,0,0,0,0,0,0,0,0,0,0,0,0,0,0,0,0,0,0,0,0,0,0,0,0,0,0,0,0,0,0,0,0,0,0,0,0,0,0,0,0,0,0,0,0,0,0,0
2025-01-23,NV,3771,0,0,0,0,0,0,0,0,0,0,0,0,0,0,55,0,0,0,0,0,55,0,0,0,1374,0,76,8,0,12,613,34,67,570,2,20,6,28,11,10,350,42,2,71,12,29,3,41,190,5,10,6,10,25,9,10,2,14,0,0,0,0,0,0,0,0,0,0,0,0,0,0,0,0,0,0,0,0,0,0,0,0,0,0,0,0,0,0,0,0,0,0,0,0,0,0,0,0,0,0,0,0,0,0,0,0,0,0,0,0,0,0,0,0,0,0,0,0,0,0,0,0,0,0,0,0
2025-01-24,NV,3769,0,0,0,0,0,0,0,0,0,0,0,0,0,0,55,0,0,0,0,0,55,0,0,0,1370,0,76,8,0,11,602,34,68,585,2,20,6,28,10,10,348,43,2,71,12,30,3,41,188,5,10,6,9,24,9,10,2,14,0,0,0,0,0,0,0,0,0,0,0,0,0,0,0,0,0,0,0,0,0,0,0,0,0,0,0,0,0,0,0,0,0,0,0,0,0,0,0,0,0,0,0,0,0,0,0,0,0,0,0,0,0,0,0,0,0,0,0,0,0,0,0,0,0,0,0,0
2025-01-25,NV,3774,0,0,0,0,0,0,0,0,0,0,0,0,0,0,55,0,0,0,0,0,56,0,0,0,1369,0,75,8,0,11,593,33,70,600,3,21,6,29,10,10,348,43,2,71,11,31,3,41,186,5,10,6,9,24,10,10,2,14,0,0,0,0,0,0,0,0,0,0,0,0,0,0,0,0,0,0,0,0,0,0,0,0,0,0,0,0,0,0,0,0,0,0,0,0,0,0,0,0,0,0,0,0,0,0,0,0,0,0,0,0,0,0,0,0,0,0,0,0,0,0,0,0,0,0,0,0
2025-01-26,NV,3815,0,0,0,0,0,0,0,0,0,0,0,0,0,0,56,0,0,0,0,0,58,0,0,0,1380,0,75,8,0,11,589,33,72,622,3,22,7,30,10,10,351,43,2,72,11,32,3,42,185,5,10,6,9,24,10,10,3,14,0,0,0,0,0,0,0,0,0,0,0,0,0,0,0,0,0,0,0,0,0,0,0,0,0,0,0,0,0,0,0,0,0,0,0,0,0,0,0,0,0,0,0,0,0,0,0,0,0,0,0,0,0,0,0,0,0,0,0,0,0,0,0,0,0,0,0,0
2025-01-27,NV,3886,0,0,0,0,0,0,0,0,0,0,0,0,0,0,57,0,0,0,0,0,59,0,0,0,1403,0,76,8,0,11,589,33,75,649,3,23,7,31,10,10,356,44,2,73,11,34,3,43,186,5,10,6,9,24,11,11,3,14,0,0,0,0,0,0,0,0,0,0,0,0,0,0,0,0,0,0,0,0,0,0,0,0,0,0,0,0,0,0,0,0,0,0,0,0,0,0,0,0,0,0,0,0,0,0,0,0,0,0,0,0,0,0,0,0,0,0,0,0,0,0,0,0,0,0,0,0
2025-01-28,NV,3992,0,0,0,0,0,0,0,0,0,0,0,0,0,0,59,0,0,0,0,0,62,0,0,0,1438,0,77,8,0,11,594,34,79,682,3,24,8,32,10,11,364,46,2,75,11,35,3,45,189,5,10,6,9,24,11,11,3,14,0,0,0,0,0,0,0,0,0,0,0,0,0,0,0,0,0,0,0,0,0,0,0,0,0,0,0,0,0,0,0,0,0,0,0,0,0,0,0,0,0,0,0,0,0,0,0,0,0,0,0,0,0,0,0,0,0,0,0,0,0,0,0,0,0,0,0,0
2025-01-29,NV,4155,0,0,0,0,0,0,0,0,0,0,0,0,0,0,61,0,0,0,0,0,65,0,0,0,1493,0,80,9,0,11,607,35,84,726,3,26,8,34,10,11,378,48,2,78,11,38,4,47,194,5,10,6,9,24,12,12,3,14,0,0,0,0,0,0,0,0,0,0,0,0,0,0,0,0,0,0,0,0,0,0,0,0,0,0,0,0,0,0,0,0,0,0,0,0,0,0,0,0,0,0,0,0,0,0,0,0,0,0,0,0,0,0,0,0,0,0,0,0,0,0,0,0,0,0,0,0
2025-01-30,NV,4377,0,0,0,0,0,0,0,0,0,0,0,0,0,0,65,0,0,0,0,0,69,0,0,0,1569,0,83,9,0,11,628,36,90,782,3,28,9,37,10,11,397,51,2,82,12,41,4,50,201,6,11,7,9,25,13,12,3,14,0,0,0,0,0,0,0,0,0,0,0,0,0,0,0,0,0,0,0,0,0,0,0,0,0,0,0,0,0,0,0,0,0,0,0,0,0,0,0,0,0,0,0,0,0,0,0,0,0,0,0,0,0,0,0,0,0,0,0,0,0,0,0,0,0,0,0,0
2025-01-31,NV,4627,0,0,0,0,0,0,0,0,0,0,0,0,0,0,69,0,0,0,0,0,74,0,0,0,1654,0,87,10,0,12,651,37,97,845,3,30,10,39,10,12,418,54,2,86,12,44,4,53,210,6,12,7,9,26,14,13,3,15,0,0,0,0,0,0,0,0,0,0,0,0,0,0,0,0,0,0,0,0,0,0,0,0,0,0,0,0,0,0,0,0,0,0,0,0,0,0,0,0,0,0,0,0,0,0,0,0,0,0,0,0,0,0,0,0,0,0,0,0,0,0,0,0,0,0,0,0
2025-02-01,NV,4890,0,0,0,0,0,0,0,0,0,0,0,0,0,0,73,0,0,0,0,0,79,0,0,0,1744,0,91,10,0,12,675,39,104,912,4,33,11,42,10,12,441,57,2,91,12,47,4,57,219,6,12,7,9,27,15,14,3,15,0,0,0,0,0,0,0,0,0,0,0,0,0,0,0,0,0,0,0,0,0,0,0,0,0,0,0,0,0,0,0,0,0,0,0,0,0,0,0,0,0,0,0,0,0,0,0,0,0,0,0,0,0,0,0,0,0,0,0,0,0,0,0,0,0,0,0,0
2025-02-02,NV,5104,0,0,0,0,0,0,0,0,0,0,0,0,0,0,76,0,0,0,0,0,83,0,0,0,1816,0,94,11,0,12,690,40,111,971,4,35,11,45,10,13,458,60,2,95,13,50,4,60,225,6,13,8,9,27,16,15,4,15,0,0,0,0,0,0,0,0,0,0,0,0,0,0,0,0,0,0,0,0,0,0,0,0,0,0,0,0,0,0,0,0,0,0,0,0,0,0,0,0,0,0,0,0,0,0,0,0,0,0,0,0,0,0,0,0,0,0,0,0,0,0,0,0,0,0,0,0
2025-02-03,NV,5196,0,0,0,0,0,0,0,0,0,0,0,0,0,0,78,0,0,0,0,0,86,0,0,0,1844,0,95,11,0,12,688,40,115,1009,4,37,12,46,9,13,465,61,2,97,12,52,4,62,226,7,13,8,9,27,17,15,4,15,0,0,0,0,0,0,0,0,0,0,0,0,0,0,0,0,0,0,0,0,0,0,0,0,0,0,0,0,0,0,0,0,0,0,0,0,0,0,0,0,0,0,0,0,0,0,0,0,0,0,0,0,0,0,0,0,0,0,0,0,0,0,0,0,0,0,0,0
2025-02-04,NV,5171,0,0,0,0,0,0,0,0,0,0,0,0,0,0,78,0,0,0,0,0,86,0,0,0,1831,0,94,11,0,11,671,39,117,1025,4,37,12,47,9,13,461,61,2,96,12,53,4,62,222,6,13,8,8,26,17,16,4,15,0,0,0,0,0,0,0,0,0,0,0,0,0,0,0,0,0,0,0,0,0,0,0,0,0,0,0,0,0,0,0,0,0,0,0,0,0,0,0,0,0,0,0,0,0,0,0,0,0,0,0,0,0,0,0,0,0,0,0,0,0,0,0,0,0,0,0,0
2025-02-05,NV,5078,0,0,0,0,0,0,0,0,0,0,0,0,0,0,76,0,0,0,0,0,86,0,0,0,1794,0,91,10,0,11,645,38,117,1026,4,38,12,47,8,13,452,60,2,94,11,53,4,61,214,6,13,8,8,25,17,15,4,14,0,0,0,0,0,0,0,0,0,0,0,0,0,0,0,0,0,0,0,0,0,0,0,0,0,0,0,0,0,0,0,0,0,0,0,0,0,0,0,0,0,0,0,0,0,0,0,0,0,0,0,0,0,0,0,0,0,0,0,0,0,0,0,0,0,0,0,0
2025-02-06,NV,4916,0,0,0,0,0,0,0,0,0,0,0,0,0,0,74,0,0,0,0,0,84,0,0,0,1732,0,88,10,0,10,611,36,115,1012,4,37,12,46,8,12,436,58,2,91,11,53,4,60,204,6,12,7,7,24,17,15,4,13,0,0,0,0,0,0,0,0,0,0,0,0,0,0,0,0,0,0,0,0,0,0,0,0,0,0,0,0,0,0,0,0,0,0,0,0,0,0,0,0,0,0,0,0,0,0,0,0,0,0,0,0,0,0,0,0,0,0,0,0,0,0,0,0,0,0,0,0
2025-02-07,NV,4672,0,0,0,0,0,0,0,0,0,0,0,0,0,0,71,0,0,0,0,0,81,0,0,0,1642,0,82,10,0,9,568,33,111,980,4,36,12,44,7,11,413,55,2,86,10,51,4,57,191,6,12,7,6,22,17,15,3,12,0,0,0,0,0,0,0,0,0,0,0,0,0,0,0,0,0,0,0,0,0,0,0,0,0,0,0,0,0,0,0,0,0,0,0,0,0,0,0,0,0,0,0,0,0,0,0,0,0,0,0,0,0,0,0,0,0,0,0,0,0,0,0,0,0,0,0,0
2025-02-08,NV,4354,0,0,0,0,0,0,0,0,0,0,0,0,0,0,66,0,0,0,0,0,76,0,0,0,1527,0,76,9,0,8,518,31,105,930,3,34,12,42,6,10,383,52,2,80,9,48,4,54,175,5,11,6,6,20,16,14,3,11,0,0,0,0,0,0,0,0,0,0,0,0,0,0,0,0,0,0,0,0,0,0,0,0,0,0,0,0,0,0,0,0,0,0,0,0,0,0,0,0,0,0,0,0,0,0,0,0,0,0,0,0,0,0,0,0,0,0,0,0,0,0,0,0,0,0,0,0
2025-02-09,NV,4095,0,0,0,0,0,0,0,0,0,0,0,0,0,0,62,0,0,0,0,0,72,0,0,0,1432,0,71,8,0,7,476,28,101,891,3,33,11,40,5,10,359,49,2,76,8,46,4,51,162,5,10,6,5,18,15,13,3,10,0,0,0,0,0,0,0,0,0,0,0,0,0,0,0,0,0,0,0,0,0,0,0,0,0,0,0,0,0,0,0,0,0,0,0,0,0,0,0,0,0,0,0,0,0,0,0,0,0,0,0,0,0,0,0,0,0,0,0,0,0,0,0,0,0,0,0,0
2025-02-10,NV,3907,0,0,0,0,0,0,0,0,0,0,0,0,0,0,60,0,0,0,0,0,70,0,0,0,1363,0,67,8,0,7,443,27,98,865,3,32,11,39,5,9,342,47,2,72,7,45,3,49,152,5,10,6,4,17,15,13,3,9,0,0,0,0,0,0,0,0,0,0,0,0,0,0,0,0,0,0,0,0,0,0,0,0,0,0,0,0,0,0,0,0,0,0,0,0,0,0,0,0,0,0,0,0,0,0,0,0,0,0,0,0,0,0,0,0,0,0,0,0,0,0,0,0,0,0,0,0
2025-02-11,NV,3786,0,0,0,0,0,0,0,0,0,0,0,0,0,0,58,0,0,0,0,0,68,0,0,0,1318,0,64,8,0,6,419,25,96,853,3,32,11,38,4,9,330,46,2,70,7,44,3,48,145,5,9,6,4,16,15,12,3,9,0,0,0,0,0,0,0,0,0,0,0,0,0,0,0,0,0,0,0,0,0,0,0,0,0,0,0,0,0,0,0,0,0,0,0,0,0,0,0,0,0,0,0,0,0,0,0,0,0,0,0,0,0,0,0,0,0,0,0,0,0,0,0,0,0,0,0,0
2025-02-12,NV,3657,0,0,0,0,0,0,0,0,0,0,0,0,0,0,56,0,0,0,0,0,66,0,0,0,1270,0,61,7,0,6,395,24,94,838,3,31,11,37,4,8,318,44,2,67,7,44,3,46,138,5,9,5,3,15,15,12,3,8,0,0,0,0,0,0,0,0,0,0,0,0,0,0,0,0,0,0,0,0,0,0,0,0,0,0,0,0,0,0,0,0,0,0,0,0,0,0,0,0,0,0,0,0,0,0,0,0,0,0,0,0,0,0,0,0,0,0,0,0,0,0,0,0,0,0,0,0
2025-02-13,NV,3523,0,0,0,0,0,0,0,0,0,0,0,0,0,0,54,0,0,0,0,0,65,0,0,0,1220,0,59,7,0,5,371,23,92,821,3,31,11,37,3,8,305,43,2,65,6,43,3,45,131,4,9,5,3,14,14,12,3,7,0,0,0,0,0,0,0,0,0,0,0,0,0,0,0,0,0,0,0,0,0,0,0,0,0,0,0,0,0,0,0,0,0,0,0,0,0,0,0,0,0,0,0,0,0,0,0,0,0,0,0,0,0,0,0,0,0,0,0,0,0,0,0,0,0,0,0,0
2025-02-14,NV,3410,0,0,0,0,0,0,0,0,0,0,0,0,0,0,53,0,0,0,0,0,63,0,0,0,1178,0,56,7,0,5,350,21,91,808,3,30,11,36,3,8,294,41,2,63,6,42,3,44,124,4,8,5,3,13,14,12,3,7,0,0,0,0,0,0,0,0,0,0,0,0,0,0,0,0,0,0,0,0,0,0,0,0,0,0,0,0,0,0,0,0,0,0,0,0,0,0,0,0,0,0,0,0,0,0,0,0,0,0,0,0,0,0,0,0,0,0,0,0,0,0,0,0,0,0,0,0
2025-02-15,NV,3330,0,0,0,0,0,0,0,0,3,0,0,0,0,0,51,0,0,0,0,0,62,0,0,5,1145,0,54,7,0,5,332,20,90,800,3,30,10,35,2,8,286,40,2,61,5,42,3,43,119,4,8,5,2,12,14,11,3,7,0,0,0,0,0,0,0,0,0,0,0,0,0,0,0,0,0,0,0,0,0,0,0,0,0,0,0,0,0,0,0,0,0,0,0,0,0,0,0,0,0,0,0,0,0,0,0,0,0,0,0,0,0,0,0,0,0,0,0,0,0,0,0,0,0,0,0,0
2025-02-16,NV,3326,0,0,0,0,0,0,0,0,3,0,0,0,0,0,52,0,0,0,0,0,61,0,0,5,1136,0,55,7,0,5,327,20,91,816,3,32,11,36,2,7,287,41,2,60,6,41,3,42,117,4,8,5,2,12,14,11,3,0,0,0,0,0,0,0,0,0,0,0,0,0,0,0,0,0,0,0,0,0,0,0,0,0,0,0,0,0,0,0,0,0,0,0,0,0,0,0,0,0,0,0,0,0,0,0,0,0,0,0,0,0,0,0,0,0,0,0,0,0,0,0,0,0,0,0,0,0
2025-02-17,NV,3313,0,0,0,0,0,0,0,0,3,0,0,0,0,0,52,0,0,0,0,0,60,0,0,5,1122,0,55,7,0,4,321,20,92,828,3,33,12,36,2,7,286,41,2,59,6,40,3,42,113,4,8,5,2,12,13,11,3,0,0,0,0,0,0,0,0,0,0,0,0,0,0,0,0,0,0,0,0,0,0,0,0,0,0,0,0,0,0,0,0,0,0,0,0,0,0,0,0,0,0,0,0,0,0,0,0,0,0,0,0,0,0,0,0,0,0,0,0,0,0,0,0,0,0,0,0,0
2025-02-18,NV,3298,0,0,0,0,0,0,0,0,4,0,0,0,0,0,52,0,0,0,0,0,58,0,0,6,1108,0,55,7,0,4,315,19,93,839,3,35,13,36,2,7,285,41,2,58,7,40,3,41,110,4,8,5,2,12,13,10,3,0,0,0,0,0,0,0,0,0,0,0,0,0,0,0,0,0,0,0,0,0,0,0,0,0,0,0,0,0,0,0,0,0,0,0,0,0,0,0,0,0,0,0,0,0,0,0,0,0,0,0,0,0,0,0,0,0,0,0,0,0,0,0,0,0,0,0,0,0
2025-02-19,NV,3268,0,0,0,0,0,0,0,0,4,0,0,0,0,0,52,0,0,0,0,0,57,0,0,5,1088,0,55,7,0,4,307,19,93,847,3,36,14,36,2,7,283,41,1,56,7,39,3,40,106,4,8,5,2,12,12,10,3,0,0,0,0,0,0,0,0,0,0,0,0,0,0,0,0,0,0,0,0,0,0,0,0,0,0,0,0,0,0,0,0,0,0,0,0,0,0,0,0,0,0,0,0,0,0,0,0,0,0,0,0,0,0,0,0,0,0,0,0,0,0,0,0,0,0,0,0,0
2025-02-20,NV,3222,0,0,0,0,0,0,0,0,4,0,0,0,0,0,52,0,0,0,0,0,55,0,0,5,1063,0,55,6,0,4,298,18,93,849,3,37,14,36,2,7,280,41,1,55,7,37,3,39,102,4,8,5,2,11,12,10,3,0,0,0,0,0,0,0,0,0,0,0,0,0,0,0,0,0,0,0,0,0,0,0,0,0,0,0,0,0,0,0,0,0,0,0,0,0,0,0,0,0,0,0,0,0,0,0,0,0,0,0,0,0,0,0,0,0,0,0,0,0,0,0,0,0,0,0,0,0
2025-02-21,NV,3175,0,0,0,0,0,0,0,0,4,0,0,0,0,0,51,0,0,0,0,0,53,0,0,5,1039,0,54,6,0,4,289,17,93,852,3,38,15,35,2,7,276,40,1,53,8,36,3,37,98,4,7,5,2,11,11,9,3,0,0,0,0,0,0,0,0,0,0,0,0,0,0,0,0,0,0,0,0,0,0,0,0,0,0,0,0,0,0,0,0,0,0,0,0,0,0,0,0,0,0,0,0,0,0,0,0,0,0,0,0,0,0,0,0,0,0,0,0,0,0,0,0,0,0,0,0,0
2025-02-22,NV,3116,0,0,0,0,0,0,0,0,4,0,0,0,0,0,51,0,0,0,0,0,51,0,0,5,1010,0,54,6,0,4,279,17,92,850,3,38,16,35,2,7,272,40,1,51,8,35,3,36,94,4,7,5,2,11,11,9,3,0,0,0,0,0,0,0,0,0,0,0,0,0,0,0,0,0,0,0,0,0,0,0,0,0,0,0,0,0,0,0,0,0,0,0,0,0,0,0,0,0,0,0,0,0,0,0,0,0,0,0,0,0,0,0,0,0,0,0,0,0,0,0,0,0,0,0,0,0
2025-02-23,NV,3006,0,0,0,0,0,0,0,0,5,0,0,0,0,0,49,0,0,0,0,0,48,0,0,5,966,0,52,6,0,4,265,16,90,834,3,38,16,34,2,6,263,39,1,48,8,33,3,34,88,4,7,5,2,10,10,8,3,0,0,0,0,0,0,0,0,0,0,0,0,0,0,0,0,0,0,0,0,0,0,0,0,0,0,0,0,0,0,0,0,0,0,0,0,0,0,0,0,0,0,0,0,0,0,0,0,0,0,0,0,0,0,0,0,0,0,0,0,0,0,0,0,0,0,0,0,0
2025-02-24,NV,2917,0,0,0,0,0,0,0,0,5,0,0,0,0,0,48,0,0,0,0,0,46,0,0,5,929,0,51,6,0,4,253,15,88,822,3,39,16,33,2,6,255,38,1,46,8,32,3,33,83,4,7,5,2,10,9,8,3,0,0,0,0,0,0,0,0,0,0,0,0,0,0,0,0,0,0,0,0,0,0,0,0,0,0,0,0,0,0,0,0,0,0,0,0,0,0,0,0,0,0,0,0,0,0,0,0,0,0,0,0,0,0,0,0,0,0,0,0,0,0,0,0,0,0,0,0,0
2025-02-25,NV,2844,0,0,0,0,0,0,0,0,5,0,0,0,0,0,47,0,0,0,0,0,44,0,0,5,897,0,50,6,0,4,243,14,87,815,3,39,17,32,2,6,250,37,1,44,9,30,3,31,79,3,7,5,2,9,9,7,2,0,0,0,0,0,0,0,0,0,0,0,0,0,0,0,0,0,0,0,0,0,0,0,0,0,0,0,0,0,0,0,0,0,0,0,0,0,0,0,0,0,0,0,0,0,0,0,0,0,0,0,0,0,0,0,0,0,0,0,0,0,0,0,0,0,0,0,0,0
2025-02-26,NV,2811,0,0,0,0,0,0,0,0,5,0,0,0,0,0,47,0,0,0,0,0,42,0,0,5,879,0,50,6,0,4,236,14,87,818,3,40,17,32,2,6,247,37,1,43,9,30,3,30,75,3,6,5,2,9,8,7,2,0,0,0,0,0,0,0,0,0,0,0,0,0,0,0,0,0,0,0,0,0,0,0,0,0,0,0,0,0,0,0,0,0,0,0,0,0,0,0,0,0,0,0,0,0,0,0,0,0,0,0,0,0,0,0,0,0,0,0,0,0,0,0,0,0,0,0,0,0
2025-02-27,NV,2817,0,0,0,0,0,0,0,0,5,0,0,0,0,0,48,0,0,0,0,0,41,0,0,5,873,0,51,6,0,4,232,13,88,833,3,41,18,33,2,6,248,37,1,42,9,29,3,30,73,3,6,5,2,9,8,7,2,0,0,0,0,0,0,0,0,0,0,0,0,0,0,0,0,0,0,0,0,0,0,0,0,0,0,0,0,0,0,0,0,0,0,0,0,0,0,0,0,0,0,0,0,0,0,0,0,0,0,0,0,0,0,0,0,0,0,0,0,0,0,0,0,0,0,0,0,0
2025-02-28,NV,2859,0,0,0,0,0,0,0,0,6,0,0,0,0,0,49,0,0,0,0,0,41,0,0,5,877,0,52,6,0,4,231,13,91,858,3,43,19,33,2,6,252,38,1,42,10,29,3,30,72,3,6,5,2,9,8,7,3,0,0,0,0,0,0,0,0,0,0,0,0,0,0,0,0,0,0,0,0,0,0,0,0,0,0,0,0,0,0,0,0,0,0,0,0,0,0,0,0,0,0,0,0,0,0,0,0,0,0,0,0,0,0,0,0,0,0,0,0,0,0,0,0,0,0,0,0,0
2025-03-01,NV,2936,0,0,0,0,0,0,0,0,6,0,0,0,0,0,50,0,0,0,0,0,41,0,0,5,893,0,54,6,0,4,233,13,94,895,3,46,20,34,3,6,260,39,1,42,11,29,3,30,72,4,7,5,2,9,8,6,3,0,0,0,0,0,0,0,0,0,0,0,0,0,0,0,0,0,0,0,0,0,0,0,0,0,0,0,0,0,0,0,0,0,0,0,0,0,0,0,0,0,0,0,0,0,0,0,0,0,0,0,0,0,0,0,0,0,0,0,0,0,0,0,0,0,0,0,0,0
2025-03-02,NV,2907,0,0,0,0,0,0,0,0,6,0,0,0,0,0,50,0,0,0,0,0,40,0,0,5,875,0,53,6,0,4,227,13,94,900,3,47,21,34,3,6,258,39,1,41,11,28,3,29,69,4,7,5,2,9,7,6,3,0,0,0,0,0,0,0,0,0,0,0,0,0,0,0,0,0,0,0,0,0,0,0,0,0,0,0,0,0,0,0,0,0,0,0,0,0,0,0,0,0,0,0,0,0,0,0,0,0,0,0,0,0,0,0,0,0,0,0,0,0,0,0,0,0,0,0,0,0
2025-03-03,NV,2888,0,0,0,0,0,0,0,0,6,0,0,0,0,0,50,0,0,0,0,0,39,0,0,5,861,0,53,6,0,4,221,13,95,907,3,48,21,34,3,6,257,39,1,40,11,28,3,29,66,3,6,5,2,9,7,6,3,0,0,0,0,0,0,0,0,0,0,0,0,0,0,0,0,0,0,0,0,0,0,0,0,0,0,0,0,0,0,0,0,0,0,0,0,0,0,0,0,0,0,0,0,0,0,0,0,0,0,0,0,0,0,0,0,0,0,0,0,0,0,0,0,0,0,0,0,0
2025-03-04,NV,2867,0,0,0,0,0,0,0,0,7,0,0,0,0,0,50,0,0,0,0,0,37,0,0,5,847,0,54,6,0,4,215,12,95,913,3,49,22,34,3,5,255,39,1,39,12,27,3,28,63,3,6,5,2,8,6,6,3,0,0,0,0,0,0,0,0,0,0,0,0,0,0,0,0,0,0,0,0,0,0,0,0,0,0,0,0,0,0,0,0,0,0,0,0,0,0,0,0,0,0,0,0,0,0,0,0,0,0,0,0,0,0,0,0,0,0,0,0,0,0,0,0,0,0,0,0,0
2025-03-05,NV,2838,0,0,0,0,0,0,0,0,7,0,0,0,0,0,50,0,0,0,0,0,36,0,0,5,830,0,53,6,0,4,209,12,95,917,3,49,23,34,3,5,253,39,1,38,12,26,3,27,60,3,6,5,2,8,6,5,3,0,0,0,0,0,0,0,0,0,0,0,0,0,0,0,0,0,0,0,0,0,0,0,0,0,0,0,0,0,0,0,0,0,0,0,0,0,0,0,0,0,0,0,0,0,0,0,0,0,0,0,0,0,0,0,0,0,0,0,0,0,0,0,0,0,0,0,0,0
2025-03-06,NV,2800,0,0,0,0,0,0,0,0,7,0,0,0,0,0,50,0,0,0,0,0,35,0,0,5,810,0,53,5,0,3,202,11,95,917,3,50,23,34,3,5,250,39,1,37,12,25,3,26,57,3,6,5,2,8,6,5,3,0,0,0,0,0,0,0,0,0,0,0,0,0,0,0,0,0,0,0,0,0,0,0,0,0,0,0,0,0,0,0,0,0,0,0,0,0,0,0,0,0,0,0,0,0,0,0,0,0,0,0,0,0,0,0,0,0,0,0,0,0,0,0,0,0,0,0,0,0
2025-03-07,NV,2756,0,0,0,0,0,0,0,0,7,0,0,0,0,0,49,0,0,0,0,0,33,0,0,5,790,0,53,5,0,3,195,11,94,916,3,50,23,33,3,5,247,38,1,35,12,24,3,25,54,3,6,5,2,8,5,5,3,0,0,0,0,0,0,0,0,0,0,0,0,0,0,0,0,0,0,0,0,0,0,0,0,0,0,0,0,0,0,0,0,0,0,0,0,0,0,0,0,0,0,0,0,0,0,0,0,0,0,0,0,0,0,0,0,0,0,0,0,0,0,0,0,0,0,0,0,0
2025-03-08,NV,2694,0,0,0,0,0,0,0,0,7,0,0,0,0,0,48,0,0,0,0,0,32,0,0,5,764,0,52,5,0,3,187,10,93,908,3,51,24,33,3,5,242,38,1,34,13,23,2,24,50,3,6,5,2,7,5,4,3,0,0,0,0,0,0,0,0,0,0,0,0,0,0,0,0,0,0,0,0,0,0,0,0,0,0,0,0,0,0,0,0,0,0,0,0,0,0,0,0,0,0,0,0,0,0,0,0,0,0,0,0,0,0,0,0,0,0,0,0,0,0,0,0,0,0,0,0,0
2025-03-09,NV,2670,0,0,0,0,0,0,0,0,7,0,0,0,0,0,48,0,0,0,0,0,31,0,0,5,750,0,52,5,0,3,181,10,93,912,3,51,24,33,3,5,240,38,1,33,13,23,2,23,48,3,6,5,2,7,4,4,3,0,0,0,0,0,0,0,0,0,0,0,0,0,0,0,0,0,0,0,0,0,0,0,0,0,0,0,0,0,0,0,0,0,0,0,0,0,0,0,0,0,0,0,0,0,0,0,0,0,0,0,0,0,0,0,0,0,0,0,0,0,0,0,0,0,0,0,0,0
2025-03-10,NV,2629,0,0,0,0,0,0,0,0,7,0,0,0,0,0,48,0,0,0,0,0,29,0,0,5,730,0,51,5,0,3,174,9,93,909,3,52,24,32,3,5,237,37,1,32,13,22,2,22,45,3,6,5,2,7,4,4,3,0,0,0,0,0,0,0,0,0,0,0,0,0,0,0,0,0,0,0,0,0,0,0,0,0,0,0,0,0,0,0,0,0,0,0,0,0,0,0,0,0,0,0,0,0,0,0,0,0,0,0,0,0,0,0,0,0,0,0,0,0,0,0,0,0,0,0,0,0
2025-03-11,NV,2581,0,0,0,0,0,0,0,0,8,0,0,0,0,0,47,0,0,0,0,0,28,0,0,5,710,0,51,5,0,3,167,9,92,905,3,52,25,32,3,5,233,37,1,30,13,21,2,21,42,3,5,5,2,7,4,3,2,0,0,0,0,0,0,0,0,0,0,0,0,0,0,0,0,0,0,0,0,0,0,0,0,0,0,0,0,0,0,0,0,0,0,0,0,0,0,0,0,0,0,0,0,0,0,0,0,0,0,0,0,0,0,0,0,0,0,0,0,0,0,0,0,0,0,0,0,0
2025-03-12,NV,2529,0,0,0,0,0,0,0,0,8,0,0,0,0,0,47,0,0,0,0,0,26,0,0,5,688,0,50,5,0,3,160,8,91,898,3,52,25,32,3,4,229,36,1,29,13,20,2,21,39,3,5,5,2,6,3,3,2,0,0,0,0,0,0,0,0,0,0,0,0,0,0,0,0,0,0,0,0,0,0,0,0,0,0,0,0,0,0,0,0,0,0,0,0,0,0,0,0,0,0,0,0,0,0,0,0,0,0,0,0,0,0,0,0,0,0,0,0,0,0,0,0,0,0,0,0,0
2025-03-13,NV,2473,0,0,0,0,0,0,0,0,8,0,0,0,0,0,46,0,0,0,0,0,25,0,0,5,666,0,49,5,0,3,153,8,90,889,3,52,25,31,3,4,224,36,1,28,13,19,2,20,36,3,5,5,2,6,3,3,2,0,0,0,0,0,0,0,0,0,0,0,0,0,0,0,0,0,0,0,0,0,0,0,0,0,0,0,0,0,0,0,0,0,0,0,0,0,0,0,0,0,0,0,0,0,0,0,0,0,0,0,0,0,0,0,0,0,0,0,0,0,0,0,0,0,0,0,0,0
2025-03-14,NV,2408,0,0,0,0,0,0,0,0,8,0,0,0,0,0,45,0,0,0,0,0,24,0,0,5,641,0,48,5,0,3,146,7,89,877,3,52,25,30,3,4,219,35,1,26,13,18,2,19,33,3,5,5,2,6,3,3,2,0,0,0,0,0,0,0,0,0,0,0,0,0,0,0,0,0,0,0,0,0,0,0,0,0,0,0,0,0,0,0,0,0,0,0,0,0,0,0,0,0,0,0,0,0,0,0,0,0,0,0,0,0,0,0,0,0,0,0,0,0,0,0,0,0,0,0,0,0
2025-03-15,NV,2354,0,0,0,0,0,0,0,0,8,6,0,3,0,0,44,0,0,0,0,0,22,0,0,5,618,0,47,4,0,3,139,7,87,865,3,52,25,30,3,4,213,34,1,25,13,17,2,18,30,3,5,5,2,6,2,2,2,0,0,0,0,0,0,0,0,0,0,0,0,0,0,0,0,0,0,0,0,0,0,0,0,0,0,0,0,0,0,0,0,0,0,0,0,0,0,0,0,0,0,0,0,0,0,0,0,0,0,0,0,0,0,0,0,0,0,0,0,0,0,0,0,0,0,0,0,0
2025-03-16,NV,2349,0,0,0,0,0,0,0,0,9,6,0,3,0,0,43,0,0,0,0,0,22,0,0,5,608,0,47,4,0,3,136,7,86,878,3,51,25,31,3,4,211,34,1,25,13,18,2,17,30,3,5,5,2,6,2,2,0,0,0,0,0,0,0,0,0,0,0,0,0,0,0,0,0,0,0,0,0,0,0,0,0,0,0,0,0,0,0,0,0,0,0,0,0,0,0,0,0,0,0,0,0,0,0,0,0,0,0,0,0,0,0,0,0,0,0,0,0,0,0,0,0,0,0,0,0,0
2025-03-17,NV,2364,0,0,0,0,0,0,0,0,10,6,0,4,0,0,43,0,0,0,0,0,22,0,0,6,602,0,48,4,0,3,134,7,85,898,3,51,25,32,3,4,210,34,1,25,13,18,2,17,30,3,5,5,2,5,2,2,0,0,0,0,0,0,0,0,0,0,0,0,0,0,0,0,0,0,0,0,0,0,0,0,0,0,0,0,0,0,0,0,0,0,0,0,0,0,0,0,0,0,0,0,0,0,0,0,0,0,0,0,0,0,0,0,0,0,0,0,0,0,0,0,0,0,0,0,0,0
2025-03-18,NV,2396,0,0,0,0,0,0,0,0,12,7,0,4,0,0,43,0,0,0,0,0,23,0,0,6,601,0,48,5,0,4,133,7,85,925,3,51,25,34,3,4,210,35,1,25,13,19,2,17,30,3,5,5,2,5,2,2,0,0,0,0,0,0,0,0,0,0,0,0,0,0,0,0,0,0,0,0,0,0,0,0,0,0,0,0,0,0,0,0,0,0,0,0,0,0,0,0,0,0,0,0,0,0,0,0,0,0,0,0,0,0,0,0,0,0,0,0,0,0,0,0,0,0,0,0,0,0
2025-03-19,NV,2436,0,0,0,0,0,0,0,0,13,7,0,4,0,0,43,0,0,0,0,0,23,0,0,7,601,0,49,5,0,4,133,7,85,956,3,51,26,35,3,4,211,35,1,25,13,20,2,17,30,3,5,5,2,5,2,2,0,0,0,0,0,0,0,0,0,0,0,0,0,0,0,0,0,0,0,0,0,0,0,0,0,0,0,0,0,0,0,0,0,0,0,0,0,0,0,0,0,0,0,0,0,0,0,0,0,0,0,0,0,0,0,0,0,0,0,0,0,0,0,0,0,0,0,0,0,0
2025-03-20,NV,2483,0,0,0,0,0,0,0,0,15,7,0,5,0,0,43,0,0,0,0,0,23,0,0,8,602,0,50,5,0,5,132,8,85,989,3,52,26,37,3,4,212,36,1,25,13,21,2,17,30,3,5,5,2,5,3,3,0,0,0,0,0,0,0,0,0,0,0,0,0,0,0,0,0,0,0,0,0,0,0,0,0,0,0,0,0,0,0,0,0,0,0,0,0,0,0,0,0,0,0,0,0,0,0,0,0,0,0,0,0,0,0,0,0,0,0,0,0,0,0,0,0,0,0,0,0,0
2025-03-21,NV,2527,0,0,0,0,0,0,0,0,16,8,0,5,0,0,43,0,0,0,0,0,24,0,0,8,603,0,51,5,0,5,132,8,85,1022,3,52,26,39,3,4,213,36,1,26,14,22,2,17,30,3,5,5,2,5,3,3,0,0,0,0,0,0,0,0,0,0,0,0,0,0,0,0,0,0,0,0,0,0,0,0,0,0,0,0,0,0,0,0,0,0,0,0,0,0,0,0,0,0,0,0,0,0,0,0,0,0,0,0,0,0,0,0,0,0,0,0,0,0,0,0,0,0,0,0,0,0
2025-03-22,NV,2556,0,0,0,0,0,0,0,0,18,8,0,6,0,0,42,0,0,0,0,0,24,0,0,9,599,0,52,5,0,6,130,8,84,1049,3,52,27,40,3,4,213,36,1,26,14,23,2,16,30,3,5,5,2,5,3,3,0,0,0,0,0,0,0,0,0,0,0,0,0,0,0,0,0,0,0,0,0,0,0,0,0,0,0,0,0,0,0,0,0,0,0,0,0,0,0,0,0,0,0,0,0,0,0,0,0,0,0,0,0,0,0,0,0,0,0,0,0,0,0,0,0,0,0,0,0,0
2025-03-23,NV,2539,0,0,0,0,0,0,0,0,19,8,0,6,0,0,41,0,0,0,0,0,24,0,0,10,585,0,52,5,0,6,127,8,82,1058,3,51,26,41,3,4,209,36,1,25,13,23,2,16,30,3,5,5,2,5,3,3,0,0,0,0,0,0,0,0,0,0,0,0,0,0,0,0,0,0,0,0,0,0,0,0,0,0,0,0,0,0,0,0,0,0,0,0,0,0,0,0,0,0,0,0,0,0,0,0,0,0,0,0,0,0,0,0,0,0,0,0,0,0,0,0,0,0,0,0,0,0
2025-03-24,NV,2499,0,0,0,0,0,0,0,0,20,8,0,6,0,0,40,0,0,0,0,0,23,0,0,10,566,0,51,5,0,6,122,8,80,1056,3,50,26,42,3,4,203,35,1,25,13,23,2,15,29,3,5,5,2,5,3,3,0,0,0,0,0,0,0,0,0,0,0,0,0,0,0,0,0,0,0,0,0,0,0,0,0,0,0,0,0,0,0,0,0,0,0,0,0,0,0,0,0,0,0,0,0,0,0,0,0,0,0,0,0,0,0,0,0,0,0,0,0,0,0,0,0,0,0,0,0,0
2025-03-25,NV,2448,0,0,0,0,0,0,0,0,21,8,0,7,0,0,38,0,0,0,0,0,23,0,0,10,544,0,50,5,0,7,117,8,77,1050,3,48,25,42,3,4,196,35,1,24,13,23,2,15,28,3,5,4,2,5,3,3,0,0,0,0,0,0,0,0,0,0,0,0,0,0,0,0,0,0,0,0,0,0,0,0,0,0,0,0,0,0,0,0,0,0,0,0,0,0,0,0,0,0,0,0,0,0,0,0,0,0,0,0,0,0,0,0,0,0,0,0,0,0,0,0,0,0,0,0,0,0
2025-03-26,NV,2389,0,0,0,0,0,0,0,0,22,8,0,7,0,0,36,0,0,0,0,0,22,0,0,11,521,0,49,4,0,7,111,7,73,1039,3,46,25,42,3,3,189,34,1,23,12,23,2,14,27,3,4,4,2,5,2,2,0,0,0,0,0,0,0,0,0,0,0,0,0,0,0,0,0,0,0,0,0,0,0,0,0,0,0,0,0,0,0,0,0,0,0,0,0,0,0,0,0,0,0,0,0,0,0,0,0,0,0,0,0,0,0,0,0,0,0,0,0,0,0,0,0,0,0,0,0,0
2025-03-27,NV,2329,0,0,0,0,0,0,0,0,22,8,0,7,0,0,35,0,0,0,0,0,22,0,0,11,498,0,48,4,0,7,106,7,70,1027,3,45,24,42,3,3,182,33,1,22,12,23,2,13,26,3,4,4,2,4,2,2,0,0,0,0,0,0,0,0,0,0,0,0,0,0,0,0,0,0,0,0,0,0,0,0,0,0,0,0,0,0,0,0,0,0,0,0,0,0,0,0,0,0,0,0,0,0,0,0,0,0,0,0,0,0,0,0,0,0,0,0,0,0,0,0,0,0,0,0,0,0
2025-03-28,NV,2284,0,0,0,0,0,0,0,0,23,8,0,7,0,0,33,0,0,0,0,0,21,0,0,11,480,0,47,4,0,7,101,7,67,1021,3,43,23,42,3,3,176,32,1,22,11,23,2,13,25,3,4,4,2,4,2,2,0,0,0,0,0,0,0,0,0,0,0,0,0,0,0,0,0,0,0,0,0,0,0,0,0,0,0,0,0,0,0,0,0,0,0,0,0,0,0,0,0,0,0,0,0,0,0,0,0,0,0,0,0,0,0,0,0,0,0,0,0,0,0,0,0,0,0,0,0,0
2025-03-29,NV,2284,0,0,0,0,0,0,0,0,24,9,0,8,0,0,33,0,0,0,0,0,21,0,0,12,470,0,47,4,0,7,98,7,66,1035,3,43,23,43,3,3,174,32,1,22,11,24,2,12,25,3,4,4,2,4,2,2,0,0,0,0,0,0,0,0,0,0,0,0,0,0,0,0,0,0,0,0,0,0,0,0,0,0,0,0,0,0,0,0,0,0,0,0,0,0,0,0,0,0,0,0,0,0,0,0,0,0,0,0,0,0,0,0,0,0,0,0,0,0,0,0,0,0,0,0,0,0
2025-03-30,NV,2335,0,0,0,0,0,0,0,0,26,9,0,8,0,0,33,0,0,0,0,0,22,0,0,13,471,0,48,4,0,8,98,7,66,1073,3,43,24,45,3,3,175,32,1,22,12,25,2,12,25,3,4,4,2,4,2,2,0,0,0,0,0,0,0,0,0,0,0,0,0,0,0,0,0,0,0,0,0,0,0,0,0,0,0,0,0,0,0,0,0,0,0,0,0,0,0,0,0,0,0,0,0,0,0,0,0,0,0,0,0,0,0,0,0,0,0,0,0,0,0,0,0,0,0,0,0,0
2025-03-31,NV,2397,0,0,0,0,0,0,0,0,28,10,0,9,0,0,33,0,0,0,0,0,22,0,0,13,474,0,49,4,0,9,98,8,67,1116,3,44,24,48,3,3,177,33,1,22,12,26,2,12,25,3,4,4,2,4,3,3,0,0,0,0,0,0,0,0,0,0,0,0,0,0,0,0,0,0,0,0,0,0,0,0,0,0,0,0,0,0,0,0,0,0,0,0,0,0,0,0,0,0,0,0,0,0,0,0,0,0,0,0,0,0,0,0,0,0,0,0,0,0,0,0,0,0,0,0,0,0
2025-04-01,NV,2473,0,0,0,0,0,0,0,0,30,10,0,9,0,0,33,0,0,0,0,0,23,0,0,14,479,0,51,5,0,9,98,8,67,1166,3,45,25,50,3,3,180,34,1,23,12,27,2,12,26,3,4,4,2,4,3,3,0,0,0,0,0,0,0,0,0,0,0,0,0,0,0,0,0,0,0,0,0,0,0,0,0,0,0,0,0,0,0,0,0,0,0,0,0,0,0,0,0,0,0,0,0,0,0,0,0,0,0,0,0,0,0,0,0,0,0,0,0,0,0,0,0,0,0,0,0,0
2025-04-02,NV,2538,0,0,0,0,0,0,0,0,32,11,0,10,0,0,33,0,0,0,0,0,23,0,0,15,481,0,52,5,0,10,98,8,68,1212,3,45,26,53,3,3,182,35,1,23,12,29,2,12,26,3,4,4,2,4,3,3,0,0,0,0,0,0,0,0,0,0,0,0,0,0,0,0,0,0,0,0,0,0,0,0,0,0,0,0,0,0,0,0,0,0,0,0,0,0,0,0,0,0,0,0,0,0,0,0,0,0,0,0,0,0,0,0,0,0,0,0,0,0,0,0,0,0,0,0,0,0
2025-04-03,NV,2584,0,0,0,0,0,0,0,0,34,11,0,11,0,0,33,0,0,0,0,0,24,0,0,16,480,0,53,5,0,10,97,8,67,1250,3,46,26,55,3,3,183,35,1,23,12,30,2,12,26,3,4,4,3,4,3,3,0,0,0,0,0,0,0,0,0,0,0,0,0,0,0,0,0,0,0,0,0,0,0,0,0,0,0,0,0,0,0,0,0,0,0,0,0,0,0,0,0,0,0,0,0,0,0,0,0,0,0,0,0,0,0,0,0,0,0,0,0,0,0,0,0,0,0,0,0,0
2025-04-04,NV,2570,0,0,0,0,0,0,0,0,36,11,0,11,0,0,32,0,0,0,0,0,24,0,0,17,466,0,53,5,0,11,93,8,65,1259,3,45,26,56,3,3,179,35,1,23,12,30,2,11,25,3,4,4,3,4,3,3,0,0,0,0,0,0,0,0,0,0,0,0,0,0,0,0,0,0,0,0,0,0,0,0,0,0,0,0,0,0,0,0,0,0,0,0,0,0,0,0,0,0,0,0,0,0,0,0,0,0,0,0,0,0,0,0,0,0,0,0,0,0,0,0,0,0,0,0,0,0
2025-04-05,NV,2489,0,0,0,0,0,0,0,0,36,11,0,11,0,0,30,0,0,0,0,0,23,0,0,17,442,0,51,5,0,11,87,8,62,1235,3,43,25,55,3,3,171,34,1,22,12,30,2,11,24,3,4,4,2,4,3,3,0,0,0,0,0,0,0,0,0,0,0,0,0,0,0,0,0,0,0,0,0,0,0,0,0,0,0,0,0,0,0,0,0,0,0,0,0,0,0,0,0,0,0,0,0,0,0,0,0,0,0,0,0,0,0,0,0,0,0,0,0,0,0,0,0,0,0,0,0,0
2025-04-06,NV,2412,0,0,0,0,0,0,0,0,36,11,0,11,0,0,28,0,0,0,0,0,22,0,0,17,418,0,50,4,0,11,82,8,59,1211,3,41,24,54,3,3,163,33,1,21,11,29,2,10,23,3,4,4,2,3,3,3,0,0,0,0,0,0,0,0,0,0,0,0,0,0,0,0,0,0,0,0,0,0,0,0,0,0,0,0,0,0,0,0,0,0,0,0,0,0,0,0,0,0,0,0,0,0,0,0,0,0,0,0,0,0,0,0,0,0,0,0,0,0,0,0,0,0,0,0,0,0
2025-04-07,NV,2327,0,0,0,0,0,0,0,0,36,11,0,11,0,0,27,0,0,0,0,0,21,0,0,17,394,0,48,4,0,11,76,8,55,1183,3,39,23,54,3,3,155,31,1,20,11,29,2,9,22,3,4,4,2,3,3,3,0,0,0,0,0,0,0,0,0,0,0,0,0,0,0,0,0,0,0,0,0,0,0,0,0,0,0,0,0,0,0,0,0,0,0,0,0,0,0,0,0,0,0,0,0,0,0,0,0,0,0,0,0,0,0,0,0,0,0,0,0,0,0,0,0,0,0,0,0,0
2025-04-08,NV,2216,0,0,0,0,0,0,0,0,35,11,0,11,0,0,25,0,0,0,0,0,20,0,0,16,366,0,46,4,0,11,70,7,51,1140,3,37,22,52,2,3,145,30,1,19,10,28,2,8,21,3,4,4,2,3,2,2,0,0,0,0,0,0,0,0,0,0,0,0,0,0,0,0,0,0,0,0,0,0,0,0,0,0,0,0,0,0,0,0,0,0,0,0,0,0,0,0,0,0,0,0,0,0,0,0,0,0,0,0,0,0,0,0,0,0,0,0,0,0,0,0,0,0,0,0,0,0
2025-04-09,NV,2114,0,0,0,0,0,0,0,0,35,10,0,11,0,0,23,0,0,0,0,0,19,0,0,16,341,0,44,4,0,10,65,7,48,1101,3,34,21,51,2,2,136,28,1,18,9,27,2,8,19,2,3,4,2,3,2,2,0,0,0,0,0,0,0,0,0,0,0,0,0,0,0,0,0,0,0,0,0,0,0,0,0,0,0,0,0,0,0,0,0,0,0,0,0,0,0,0,0,0,0,0,0,0,0,0,0,0,0,0,0,0,0,0,0,0,0,0,0,0,0,0,0,0,0,0,0,0
2025-04-10,NV,2019,0,0,0,0,0,0,0,0,34,10,0,10,0,0,21,0,0,0,0,0,19,0,0,16,317,0,42,4,0,10,59,7,44,1064,3,32,20,49,2,2,128,27,1,17,9,26,2,7,18,2,3,3,2,2,2,2,0,0,0,0,0,0,0,0,0,0,0,0,0,0,0,0,0,0,0,0,0,0,0,0,0,0,0,0,0,0,0,0,0,0,0,0,0,0,0,0,0,0,0,0,0,0,0,0,0,0,0,0,0,0,0,0,0,0,0,0,0,0,0,0,0,0,0,0,0,0
2025-04-11,NV,1956,0,0,0,0,0,0,0,0,34,10,0,10,0,0,20,0,0,0,0,0,18,0,0,16,299,0,41,4,0,10,55,6,42,1042,3,31,19,49,2,2,122,26,1,16,8,26,2,6,17,2,3,3,2,2,2,2,0,0,0,0,0,0,0,0,0,0,0,0,0,0,0,0,0,0,0,0,0,0,0,0,0,0,0,0,0,0,0,0,0,0,0,0,0,0,0,0,0,0,0,0,0,0,0,0,0,0,0,0,0,0,0,0,0,0,0,0,0,0,0,0,0,0,0,0,0,0
2025-04-12,NV,1927,0,0,0,0,0,0,0,0,35,10,0,11,0,0,19,0,0,0,0,0,18,0,0,16,287,0,40,3,0,10,52,6,40,1038,3,30,19,49,2,2,118,25,1,16,8,26,2,6,17,2,3,3,2,2,2,2,0,0,0,0,0,0,0,0,0,0,0,0,0,0,0,0,0,0,0,0,0,0,0,0,0,0,0,0,0,0,0,0,0,0,0,0,0,0,0,0,0,0,0,0,0,0,0,0,0,0,0,0,0,0,0,0,0,0,0,0,0,0,0,0,0,0,0,0,0,0
2025-04-13,NV,1936,0,0,0,0,0,0,0,0,35,12,0,14,0,0,19,0,0,0,0,0,18,0,0,16,285,0,40,4,0,11,52,7,40,1051,3,30,19,48,2,2,116,25,1,16,8,26,2,6,16,2,3,3,2,0,0,0,0,0,0,0,0,0,0,0,0,0,0,0,0,0,0,0,0,0,0,0,0,0,0,0,0,0,0,0,0,0,0,0,0,0,0,0,0,0,0,0,0,0,0,0,0,0,0,0,0,0,0,0,0,0,0,0,0,0,0,0,0,0,0,0,0,0,0,0,0,0
2025-04-14,NV,1961,0,0,0,0,0,0,0,0,35,13,0,18,0,0,20,0,0,0,0,0,18,0,0,17,285,0,40,4,0,12,53,7,40,1069,3,31,19,48,2,3,115,25,1,16,8,26,2,6,16,3,3,3,2,0,0,0,0,0,0,0,0,0,0,0,0,0,0,0,0,0,0,0,0,0,0,0,0,0,0,0,0,0,0,0,0,0,0,0,0,0,0,0,0,0,0,0,0,0,0,0,0,0,0,0,0,0,0,0,0,0,0,0,0,0,0,0,0,0,0,0,0,0,0,0,0,0
2025-04-15,NV,1995,0,0,0,0,0,0,0,0,35,15,0,22,0,0,20,0,0,0,0,0,19,0,0,17,286,0,40,4,0,12,53,7,40,1091,3,31,19,48,2,3,114,25,1,16,8,27,2,6,16,3,3,3,2,0,0,0,0,0,0,0,0,0,0,0,0,0,0,0,0,0,0,0,0,0,0,0,0,0,0,0,0,0,0,0,0,0,0,0,0,0,0,0,0,0,0,0,0,0,0,0,0,0,0,0,0,0,0,0,0,0,0,0,0,0,0,0,0,0,0,0,0,0,0,0,0,0
2025-04-16,NV,2032,0,0,0,0,0,0,0,0,35,17,0,26,0,0,21,0,0,0,0,0,20,0,0,18,287,0,40,4,0,13,53,8,40,1115,3,32,19,48,2,3,114,25,1,16,8,27,2,6,16,3,3,3,2,0,0,0,0,0,0,0,0,0,0,0,0,0,0,0,0,0,0,0,0,0,0,0,0,0,0,0,0,0,0,0,0,0,0,0,0,0,0,0,0,0,0,0,0,0,0,0,0,0,0,0,0,0,0,0,0,0,0,0,0,0,0,0,0,0,0,0,0,0,0,0,0,0
2025-04-17,NV,2071,0,0,0,0,0,0,0,0,36,19,0,30,0,0,22,0,0,0,0,0,20,0,0,19,288,0,40,4,0,14,54,8,41,1141,3,33,19,48,2,3,113,25,1,16,8,28,2,6,16,3,3,3,2,0,0,0,0,0,0,0,0,0,0,0,0,0,0,0,0,0,0,0,0,0,0,0,0,0,0,0,0,0,0,0,0,0,0,0,0,0,0,0,0,0,0,0,0,0,0,0,0,0,0,0,0,0,0,0,0,0,0,0,0,0,0,0,0,0,0,0,0,0,0,0,0,0
2025-04-18,NV,2119,0,0,0,0,0,0,0,0,36,21,0,35,0,0,22,0,0,0,0,0,21,0,0,19,290,0,40,4,0,15,55,9,41,1172,3,34,19,49,2,4,113,25,1,16,8,28,2,7,16,3,3,3,2,0,0,0,0,0,0,0,0,0,0,0,0,0,0,0,0,0,0,0,0,0,0,0,0,0,0,0,0,0,0,0,0,0,0,0,0,0,0,0,0,0,0,0,0,0,0,0,0,0,0,0,0,0,0,0,0,0,0,0,0,0,0,0,0,0,0,0,0,0,0,0,0,0
2025-04-19,NV,2163,0,0,0,0,0,0,0,0,36,24,0,40,0,0,23,0,0,0,0,0,22,0,0,20,292,0,40,4,0,16,55,9,41,1201,3,34,19,49,2,4,113,25,1,17,8,29,2,7,15,4,3,3,2,0,0,0,0,0,0,0,0,0,0,0,0,0,0,0,0,0,0,0,0,0,0,0,0,0,0,0,0,0,0,0,0,0,0,0,0,0,0,0,0,0,0,0,0,0,0,0,0,0,0,0,0,0,0,0,0,0,0,0,0,0,0,0,0,0,0,0,0,0,0,0,0,0
2025-04-20,NV,2179,0,0,0,0,0,0,0,0,36,26,0,44,0,0,23,0,0,0,0,0,22,0,0,20,290,0,40,4,0,17,55,10,41,1214,3,35,18,48,2,4,110,25,1,17,8,29,2,7,15,4,3,3,2,0,0,0,0,0,0,0,0,0,0,0,0,0,0,0,0,0,0,0,0,0,0,0,0,0,0,0,0,0,0,0,0,0,0,0,0,0,0,0,0,0,0,0,0,0,0,0,0,0,0,0,0,0,0,0,0,0,0,0,0,0,0,0,0,0,0,0,0,0,0,0,0,0
2025-04-21,NV,2182,0,0,0,0,0,0,0,0,36,27,0,48,0,0,24,0,0,0,0,0,22,0,0,21,286,0,39,4,0,17,55,10,41,1220,3,35,18,47,2,4,108,24,1,16,8,29,2,7,15,4,3,3,2,0,0,0,0,0,0,0,0,0,0,0,0,0,0,0,0,0,0,0,0,0,0,0,0,0,0,0,0,0,0,0,0,0,0,0,0,0,0,0,0,0,0,0,0,0,0,0,0,0,0,0,0,0,0,0,0,0,0,0,0,0,0,0,0,0,0,0,0,0,0,0,0,0
2025-04-22,NV,2177,0,0,0,0,0,0,0,0,36,29,0,52,0,0,24,0,0,0,0,0,22,0,0,21,281,0,38,4,0,18,54,10,40,1222,3,35,18,46,2,4,105,24,1,16,8,28,2,7,14,4,3,3,2,0,0,0,0,0,0,0,0,0,0,0,0,0,0,0,0,0,0,0,0,0,0,0,0,0,0,0,0,0,0,0,0,0,0,0,0,0,0,0,0,0,0,0,0,0,0,0,0,0,0,0,0,0,0,0,0,0,0,0,0,0,0,0,0,0,0,0,0,0,0,0,0,0
2025-04-23,NV,2160,0,0,0,0,0,0,0,0,35,31,0,55,0,0,24,0,0,0,0,0,23,0,0,21,274,0,37,4,0,18,53,10,39,1217,3,35,17,45,2,5,101,23,1,16,8,28,2,7,14,4,3,3,2,0,0,0,0,0,0,0,0,0,0,0,0,0,0,0,0,0,0,0,0,0,0,0,0,0,0,0,0,0,0,0,0,0,0,0,0,0,0,0,0,0,0,0,0,0,0,0,0,0,0,0,0,0,0,0,0,0,0,0,0,0,0,0,0,0,0,0,0,0,0,0,0,0
2025-04-24,NV,2131,0,0,0,0,0,0,0,0,34,32,0,59,0,0,24,0,0,0,0,0,22,0,0,21,266,0,36,4,0,19,52,11,38,1205,3,34,17,43,2,5,97,22,1,15,7,28,2,7,13,5,3,3,2,0,0,0,0,0,0,0,0,0,0,0,0,0,0,0,0,0,0,0,0,0,0,0,0,0,0,0,0,0,0,0,0,0,0,0,0,0,0,0,0,0,0,0,0,0,0,0,0,0,0,0,0,0,0,0,0,0,0,0,0,0,0,0,0,0,0,0,0,0,0,0,0,0
2025-04-25,NV,2091,0,0,0,0,0,0,0,0,33,33,0,61,0,0,23,0,0,0,0,0,22,0,0,21,257,0,34,4,0,19,50,11,37,1186,3,34,16,42,2,5,92,21,1,15,7,27,2,6,12,5,3,3,2,0,0,0,0,0,0,0,0,0,0,0,0,0,0,0,0,0,0,0,0,0,0,0,0,0,0,0,0,0,0,0,0,0,0,0,0,0,0,0,0,0,0,0,0,0,0,0,0,0,0,0,0,0,0,0,0,0,0,0,0,0,0,0,0,0,0,0,0,0,0,0,0,0
2025-04-26,NV,2034,0,0,0,0,0,0,0,0,32,34,0,63,0,0,23,0,0,0,0,0,22,0,0,21,246,0,33,4,0,19,48,11,35,1158,3,33,15,40,2,5,87,20,1,14,7,26,2,6,11,5,3,3,2,0,0,0,0,0,0,0,0,0,0,0,0,0,0,0,0,0,0,0,0,0,0,0,0,0,0,0,0,0,0,0,0,0,0,0,0,0,0,0,0,0,0,0,0,0,0,0,0,0,0,0,0,0,0,0,0,0,0,0,0,0,0,0,0,0,0,0,0,0,0,0,0,0
2025-04-27,NV,1942,0,0,0,0,0,0,0,0,30,34,0,64,0,0,22,0,0,0,0,0,21,0,0,20,231,0,30,3,0,19,46,10,33,1110,3,31,14,37,2,5,80,19,1,13,6,25,2,6,11,5,3,3,2,0,0,0,0,0,0,0,0,0,0,0,0,0,0,0,0,0,0,0,0,0,0,0,0,0,0,0,0,0,0,0,0,0,0,0,0,0,0,0,0,0,0,0,0,0,0,0,0,0,0,0,0,0,0,0,0,0,0,0,0,0,0,0,0,0,0,0,0,0,0,0,0,0
2025-04-28,NV,1864,0,0,0,0,0,0,0,0,28,34,0,65,0,0,21,0,0,0,0,0,21,0,0,19,218,0,29,3,0,18,44,10,31,1069,3,30,13,35,2,5,75,18,1,13,6,24,2,6,10,5,3,3,2,0,0,0,0,0,0,0,0,0,0,0,0,0,0,0,0,0,0,0,0,0,0,0,0,0,0,0,0,0,0,0,0,0,0,0,0,0,0,0,0,0,0,0,0,0,0,0,0,0,0,0,0,0,0,0,0,0,0,0,0,0,0,0,0,0,0,0,0,0,0,0,0,0
2025-04-29,NV,1801,0,0,0,0,0,0,0,0,27,34,0,66,0,0,21,0,0,0,0,0,20,0,0,19,207,0,27,3,0,18,42,10,30,1036,3,29,13,33,2,5,70,17,1,12,6,23,2,6,9,5,2,3,2,0,0,0,0,0,0,0,0,0,0,0,0,0,0,0,0,0,0,0,0,0,0,0,0,0,0,0,0,0,0,0,0,0,0,0,0,0,0,0,0,0,0,0,0,0,0,0,0,0,0,0,0,0,0,0,0,0,0,0,0,0,0,0,0,0,0,0,0,0,0,0,0,0
2025-04-30,NV,1756,0,0,0,0,0,0,0,0,26,35,0,68,0,0,21,0,0,0,0,0,20,0,0,19,198,0,26,3,0,18,40,10,29,1014,3,29,12,31,2,5,66,16,1,12,5,22,2,5,8,5,2,2,2,0,0,0,0,0,0,0,0,0,0,0,0,0,0,0,0,0,0,0,0,0,0,0,0,0,0,0,0,0,0,0,0,0,0,0,0,0,0,0,0,0,0,0,0,0,0,0,0,0,0,0,0,0,0,0,0,0,0,0,0,0,0,0,0,0,0,0,0,0,0,0,0,0
2025-05-01,NV,1732,0,0,0,0,0,0,0,0,25,36,0,70,0,0,20,0,0,0,0,0,20,0,0,19,192,0,25,3,0,19,39,10,28,1004,2,28,11,30,2,5,63,15,1,11,5,22,2,5,8,5,2,2,2,0,0,0,0,0,0,0,0,0,0,0,0,0,0,0,0,0,0,0,0,0,0,0,0,0,0,0,0,0,0,0,0,0,0,0,0,0,0,0,0,0,0,0,0,0,0,0,0,0,0,0,0,0,0,0,0,0,0,0,0,0,0,0,0,0,0,0,0,0,0,0,0,0
2025-05-02,NV,1731,0,0,0,0,0,0,0,0,25,37,0,73,0,0,21,0,0,0,0,0,20,0,0,19,188,0,24,3,0,19,39,10,27,1007,3,28,11,30,2,5,60,15,1,11,5,22,2,5,8,5,2,2,2,0,0,0,0,0,0,0,0,0,0,0,0,0,0,0,0,0,0,0,0,0,0,0,0,0,0,0,0,0,0,0,0,0,0,0,0,0,0,0,0,0,0,0,0,0,0,0,0,0,0,0,0,0,0,0,0,0,0,0,0,0,0,0,0,0,0,0,0,0,0,0,0,0
2025-05-03,NV,1738,0,0,0,0,0,0,0,0,25,39,0,76,0,0,21,0,0,0,0,0,20,0,0,19,186,0,24,3,0,20,38,11,27,1014,3,29,11,29,2,5,58,15,1,11,5,22,2,5,7,5,2,2,2,0,0,0,0,0,0,0,0,0,0,0,0,0,0,0,0,0,0,0,0,0,0,0,0,0,0,0,0,0,0,0,0,0,0,0,0,0,0,0,0,0,0,0,0,0,0,0,0,0,0,0,0,0,0,0,0,0,0,0,0,0,0,0,0,0,0,0,0,0,0,0,0,0
2025-05-04,NV,1750,0,0,0,0,0,0,0,0,25,40,0,80,0,0,21,0,0,0,0,0,20,0,0,20,183,0,23,3,0,20,38,11,27,1025,3,29,11,28,2,6,56,14,1,11,5,22,2,5,7,5,2,2,2,0,0,0,0,0,0,0,0,0,0,0,0,0,0,0,0,0,0,0,0,0,0,0,0,0,0,0,0,0,0,0,0,0,0,0,0,0,0,0,0,0,0,0,0,0,0,0,0,0,0,0,0,0,0,0,0,0,0,0,0,0,0,0,0,0,0,0,0,0,0,0,0,0
2025-05-05,NV,1760,0,0,0,0,0,0,0,0,25,42,0,84,0,0,21,0,0,0,0,0,21,0,0,20,181,0,23,3,0,21,38,11,27,1035,3,29,10,28,2,6,54,14,1,11,5,22,2,5,7,5,2,2,2,0,0,0,0,0,0,0,0,0,0,0,0,0,0,0,0,0,0,0,0,0,0,0,0,0,0,0,0,0,0,0,0,0,0,0,0,0,0,0,0,0,0,0,0,0,0,0,0,0,0,0,0,0,0,0,0,0,0,0,0,0,0,0,0,0,0,0,0,0,0,0,0,0
2025-05-06,NV,1777,0,0,0,0,0,0,0,0,24,44,0,88,0,0,22,0,0,0,0,0,21,0,0,20,179,0,22,3,0,21,38,12,26,1048,3,29,10,27,2,6,53,14,1,11,5,22,2,5,6,5,2,2,2,0,0,0,0,0,0,0,0,0,0,0,0,0,0,0,0,0,0,0,0,0,0,0,0,0,0,0,0,0,0,0,0,0,0,0,0,0,0,0,0,0,0,0,0,0,0,0,0,0,0,0,0,0,0,0,0,0,0,0,0,0,0,0,0,0,0,0,0,0,0,0,0,0
2025-05-07,NV,1786,0,0,0,0,0,0,0,0,24,46,0,91,0,0,22,0,0,0,0,0,21,0,0,21,176,0,22,3,0,22,38,12,26,1057,3,30,10,27,2,6,50,13,1,11,4,22,2,5,6,6,2,2,2,0,0,0,0,0,0,0,0,0,0,0,0,0,0,0,0,0,0,0,0,0,0,0,0,0,0,0,0,0,0,0,0,0,0,0,0,0,0,0,0,0,0,0,0,0,0,0,0,0,0,0,0,0,0,0,0,0,0,0,0,0,0,0,0,0,0,0,0,0,0,0,0,0
2025-05-08,NV,1787,0,0,0,0,0,0,0,0,24,47,0,95,0,0,22,0,0,0,0,0,22,0,0,21,173,0,21,3,0,23,37,12,26,1061,3,30,10,26,2,6,48,13,1,11,4,22,2,5,5,6,2,2,2,0,0,0,0,0,0,0,0,0,0,0,0,0,0,0,0,0,0,0,0,0,0,0,0,0,0,0,0,0,0,0,0,0,0,0,0,0,0,0,0,0,0,0,0,0,0,0,0,0,0,0,0,0,0,0,0,0,0,0,0,0,0,0,0,0,0,0,0,0,0,0,0,0
2025-05-09,NV,1798,0,0,0,0,0,0,0,0,24,49,0,99,0,0,23,0,0,0,0,0,22,0,0,21,170,0,21,3,0,23,37,12,25,1071,3,30,9,26,2,7,46,13,1,11,4,22,2,6,5,6,2,2,2,0,0,0,0,0,0,0,0,0,0,0,0,0,0,0,0,0,0,0,0,0,0,0,0,0,0,0,0,0,0,0,0,0,0,0,0,0,0,0,0,0,0,0,0,0,0,0,0,0,0,0,0,0,0,0,0,0,0,0,0,0,0,0,0,0,0,0,0,0,0,0,0,0
2025-05-10,NV,1806,0,0,0,0,0,0,0,0,23,50,0,102,0,0,23,0,0,8,2,0,22,0,0,21,166,0,20,3,0,24,37,13,25,1074,3,30,9,25,2,7,44,12,1,10,4,22,2,5,5,6,2,2,2,0,0,0,0,0,0,0,0,0,0,0,0,0,0,0,0,0,0,0,0,0,0,0,0,0,0,0,0,0,0,0,0,0,0,0,0,0,0,0,0,0,0,0,0,0,0,0,0,0,0,0,0,0,0,0,0,0,0,0,0,0,0,0,0,0,0,0,0,0,0,0,0,0
2025-05-11,NV,1785,0,0,0,0,0,0,0,0,23,54,0,108,0,0,23,0,0,8,2,0,22,0,0,23,162,0,20,3,0,24,35,13,24,1057,3,29,9,25,2,7,42,12,1,10,4,22,2,6,5,6,2,0,0,0,0,0,0,0,0,0,0,0,0,0,0,0,0,0,0,0,0,0,0,0,0,0,0,0,0,0,0,0,0,0,0,0,0,0,0,0,0,0,0,0,0,0,0,0,0,0,0,0,0,0,0,0,0,0,0,0,0,0,0,0,0,0,0,0,0,0,0,0,0,0,0,0
2025-05-12,NV,1764,0,0,0,0,0,0,0,0,23,57,0,113,0,0,22,0,0,8,3,0,22,0,0,24,157,0,19,3,0,24,34,12,24,1038,3,29,9,24,2,6,41,11,1,10,4,21,2,6,5,6,2,0,0,0,0,0,0,0,0,0,0,0,0,0,0,0,0,0,0,0,0,0,0,0,0,0,0,0,0,0,0,0,0,0,0,0,0,0,0,0,0,0,0,0,0,0,0,0,0,0,0,0,0,0,0,0,0,0,0,0,0,0,0,0,0,0,0,0,0,0,0,0,0,0,0,0
2025-05-13,NV,1736,0,0,0,0,0,0,0,0,22,60,0,118,0,0,22,0,0,8,3,0,21,0,0,25,151,0,18,3,0,24,33,12,23,1015,3,28,9,24,2,6,39,11,1,10,4,21,2,6,5,6,2,0,0,0,0,0,0,0,0,0,0,0,0,0,0,0,0,0,0,0,0,0,0,0,0,0,0,0,0,0,0,0,0,0,0,0,0,0,0,0,0,0,0,0,0,0,0,0,0,0,0,0,0,0,0,0,0,0,0,0,0,0,0,0,0,0,0,0,0,0,0,0,0,0,0,0
2025-05-14,NV,1719,0,0,0,0,0,0,0,0,22,63,0,123,0,0,22,0,0,8,3,0,21,0,0,27,146,0,18,3,0,25,31,12,22,999,3,27,9,24,2,6,37,11,1,9,4,21,2,6,5,6,2,0,0,0,0,0,0,0,0,0,0,0,0,0,0,0,0,0,0,0,0,0,0,0,0,0,0,0,0,0,0,0,0,0,0,0,0,0,0,0,0,0,0,0,0,0,0,0,0,0,0,0,0,0,0,0,0,0,0,0,0,0,0,0,0,0,0,0,0,0,0,0,0,0,0,0
2025-05-15,NV,1714,0,0,0,0,0,0,0,0,22,66,0,130,0,0,21,0,0,9,3,0,21,0,0,28,143,0,18,3,0,25,30,12,22,990,3,27,9,24,2,6,36,10,1,9,4,21,2,6,5,5,2,0,0,0,0,0,0,0,0,0,0,0,0,0,0,0,0,0,0,0,0,0,0,0,0,0,0,0,0,0,0,0,0,0,0,0,0,0,0,0,0,0,0,0,0,0,0,0,0,0,0,0,0,0,0,0,0,0,0,0,0,0,0,0,0,0,0,0,0,0,0,0,0,0,0,0
2025-05-16,NV,1705,0,0,0,0,0,0,0,0,22,70,0,135,0,0,21,0,0,9,4,0,21,0,0,30,139,0,17,3,0,25,29,12,21,978,3,26,10,23,2,6,35,10,1,9,3,21,2,6,5,5,2,0,0,0,0,0,0,0,0,0,0,0,0,0,0,0,0,0,0,0,0,0,0,0,0,0,0,0,0,0,0,0,0,0,0,0,0,0,0,0,0,0,0,0,0,0,0,0,0,0,0,0,0,0,0,0,0,0,0,0,0,0,0,0,0,0,0,0,0,0,0,0,0,0,0,0
2025-05-17,NV,1686,0,0,0,0,0,0,0,0,21,73,0,140,0,0,21,0,0,9,4,0,21,0,0,31,134,0,17,3,0,26,28,12,21,961,3,26,10,23,2,6,34,10,1,9,3,20,2,6,5,5,2,0,0,0,0,0,0,0,0,0,0,0,0,0,0,0,0,0,0,0,0,0,0,0,0,0,0,0,0,0,0,0,0,0,0,0,0,0,0,0,0,0,0,0,0,0,0,0,0,0,0,0,0,0,0,0,0,0,0,0,0,0,0,0,0,0,0,0,0,0,0,0,0,0,0,0
2025-05-18,NV,1704,0,0,0,0,0,0,0,0,21,77,0,148,0,0,21,0,0,9,4,0,21,0,0,33,133,0,17,3,0,26,28,12,21,965,3,26,10,23,2,6,33,10,1,9,3,20,2,7,5,5,2,0,0,0,0,0,0,0,0,0,0,0,0,0,0,0,0,0,0,0,0,0,0,0,0,0,0,0,0,0,0,0,0,0,0,0,0,0,0,0,0,0,0,0,0,0,0,0,0,0,0,0,0,0,0,0,0,0,0,0,0,0,0,0,0,0,0,0,0,0,0,0,0,0,0,0
2025-05-19,NV,1731,0,0,0,0,0,0,0,0,22,82,0,157,0,0,22,0,0,10,5,0,22,0,0,35,132,0,17,3,0,27,27,12,21,974,3,26,10,24,2,6,32,9,1,9,3,21,2,7,5,5,2,0,0,0,0,0,0,0,0,0,0,0,0,0,0,0,0,0,0,0,0,0,0,0,0,0,0,0,0,0,0,0,0,0,0,0,0,0,0,0,0,0,0,0,0,0,0,0,0,0,0,0,0,0,0,0,0,0,0,0,0,0,0,0,0,0,0,0,0,0,0,0,0,0,0,0
2025-05-20,NV,1754,0,0,0,0,0,0,0,0,22,87,0,166,0,0,22,0,0,10,5,0,22,0,0,37,130,0,16,3,0,28,27,12,21,980,3,26,10,24,2,6,32,9,1,9,3,21,2,7,5,5,2,0,0,0,0,0,0,0,0,0,0,0,0,0,0,0,0,0,0,0,0,0,0,0,0,0,0,0,0,0,0,0,0,0,0,0,0,0,0,0,0,0,0,0,0,0,0,0,0,0,0,0,0,0,0,0,0,0,0,0,0,0,0,0,0,0,0,0,0,0,0,0,0,0,0,0
2025-05-21,NV,1770,0,0,0,0,0,0,0,0,22,91,0,174,0,0,22,0,0,10,5,0,22,0,0,39,128,0,16,3,0,29,26,12,20,982,3,26,11,24,2,6,31,9,1,9,3,21,2,7,5,5,2,0,0,0,0,0,0,0,0,0,0,0,0,0,0,0,0,0,0,0,0,0,0,0,0,0,0,0,0,0,0,0,0,0,0,0,0,0,0,0,0,0,0,0,0,0,0,0,0,0,0,0,0,0,0,0,0,0,0,0,0,0,0,0,0,0,0,0,0,0,0,0,0,0,0,0
2025-05-22,NV,1776,0,0,0,0,0,0,0,0,22,96,0,182,0,0,22,0,0,11,6,0,22,0,0,41,126,0,16,3,0,29,25,12,20,979,3,26,11,24,2,6,30,9,1,8,3,21,2,8,5,5,2,0,0,0,0,0,0,0,0,0,0,0,0,0,0,0,0,0,0,0,0,0,0,0,0,0,0,0,0,0,0,0,0,0,0,0,0,0,0,0,0,0,0,0,0,0,0,0,0,0,0,0,0,0,0,0,0,0,0,0,0,0,0,0,0,0,0,0,0,0,0,0,0,0,0,0
2025-05-23,NV,1748,0,0,0,0,0,0,0,0,22,98,0,186,0,0,22,0,0,11,6,0,22,0,0,42,120,0,15,3,0,29,24,12,19,957,3,25,11,24,2,5,28,9,1,8,3,21,2,8,5,5,2,0,0,0,0,0,0,0,0,0,0,0,0,0,0,0,0,0,0,0,0,0,0,0,0,0,0,0,0,0,0,0,0,0,0,0,0,0,0,0,0,0,0,0,0,0,0,0,0,0,0,0,0,0,0,0,0,0,0,0,0,0,0,0,0,0,0,0,0,0,0,0,0,0,0,0
2025-05-24,NV,1716,0,0,0,0,0,0,0,0,21,100,0,189,0,0,21,0,0,11,6,0,21,0,0,42,115,0,15,2,0,29,22,11,19,933,3,24,11,24,2,5,27,8,1,8,3,20,2,8,5,5,2,0,0,0,0,0,0,0,0,0,0,0,0,0,0,0,0,0,0,0,0,0,0,0,0,0,0,0,0,0,0,0,0,0,0,0,0,0,0,0,0,0,0,0,0,0,0,0,0,0,0,0,0,0,0,0,0,0,0,0,0,0,0,0,0,0,0,0,0,0,0,0,0,0,0,0
2025-05-25,NV,1774,0,0,0,0,0,0,0,0,22,107,0,202,0,0,22,0,0,11,7,0,22,0,0,45,116,0,15,2,0,31,22,12,19,958,3,24,11,24,2,5,27,8,1,8,3,21,2,8,5,5,2,0,0,0,0,0,0,0,0,0,0,0,0,0,0,0,0,0,0,0,0,0,0,0,0,0,0,0,0,0,0,0,0,0,0,0,0,0,0,0,0,0,0,0,0,0,0,0,0,0,0,0,0,0,0,0,0,0,0,0,0,0,0,0,0,0,0,0,0,0,0,0,0,0,0,0
2025-05-26,NV,1792,0,0,0,0,0,0,0,0,22,112,0,211,0,0,22,0,0,12,7,0,22,0,0,47,114,0,15,2,0,32,22,12,19,961,3,24,12,25,2,5,26,8,1,8,3,21,2,8,6,5,2,0,0,0,0,0,0,0,0,0,0,0,0,0,0,0,0,0,0,0,0,0,0,0,0,0,0,0,0,0,0,0,0,0,0,0,0,0,0,0,0,0,0,0,0,0,0,0,0,0,0,0,0,0,0,0,0,0,0,0,0,0,0,0,0,0,0,0,0,0,0,0,0,0,0,0
2025-05-27,NV,1785,0,0,0,0,0,0,0,0,22,115,0,217,0,0,22,0,0,12,7,0,22,0,0,49,110,0,15,2,0,32,21,12,18,951,3,24,12,24,2,5,25,8,1,8,3,21,2,8,6,5,2,0,0,0,0,0,0,0,0,0,0,0,0,0,0,0,0,0,0,0,0,0,0,0,0,0,0,0,0,0,0,0,0,0,0,0,0,0,0,0,0,0,0,0,0,0,0,0,0,0,0,0,0,0,0,0,0,0,0,0,0,0,0,0,0,0,0,0,0,0,0,0,0,0,0,0
2025-05-28,NV,1763,0,0,0,0,0,0,0,0,21,118,0,221,0,0,22,0,0,12,8,0,22,0,0,50,105,0,14,2,0,32,19,12,18,932,3,23,12,24,2,5,23,7,1,7,3,21,2,9,6,5,2,0,0,0,0,0,0,0,0,0,0,0,0,0,0,0,0,0,0,0,0,0,0,0,0,0,0,0,0,0,0,0,0,0,0,0,0,0,0,0,0,0,0,0,0,0,0,0,0,0,0,0,0,0,0,0,0,0,0,0,0,0,0,0,0,0,0,0,0,0,0,0,0,0,0,0
2025-05-29,NV,1727,0,0,0,0,0,0,0,0,21,119,0,223,0,0,21,0,0,12,8,0,22,0,0,50,100,0,13,2,0,32,18,11,17,907,3,23,12,24,2,5,22,7,1,7,3,21,2,9,6,5,2,0,0,0,0,0,0,0,0,0,0,0,0,0,0,0,0,0,0,0,0,0,0,0,0,0,0,0,0,0,0,0,0,0,0,0,0,0,0,0,0,0,0,0,0,0,0,0,0,0,0,0,0,0,0,0,0,0,0,0,0,0,0,0,0,0,0,0,0,0,0,0,0,0,0,0
2025-05-30,NV,1696,0,0,0,0,0,0,0,0,20,121,0,226,0,0,21,0,0,12,8,0,21,0,0,51,95,0,13,2,0,32,17,11,16,884,3,22,12,23,2,5,20,7,1,7,2,20,2,9,5,4,2,0,0,0,0,0,0,0,0,0,0,0,0,0,0,0,0,0,0,0,0,0,0,0,0,0,0,0,0,0,0,0,0,0,0,0,0,0,0,0,0,0,0,0,0,0,0,0,0,0,0,0,0,0,0,0,0,0,0,0,0,0,0,0,0,0,0,0,0,0,0,0,0,0,0,0
2025-05-31,NV,1702,0,0,0,0,0,0,0,0,20,125,0,233,0,0,21,0,0,13,8,0,21,0,0,53,93,0,13,2,0,33,16,11,16,881,3,22,12,23,2,5,19,6,1,7,2,20,2,9,6,4,2,0,0,0,0,0,0,0,0,0,0,0,0,0,0,0,0,0,0,0,0,0,0,0,0,0,0,0,0,0,0,0,0,0,0,0,0,0,0,0,0,0,0,0,0,0,0,0,0,0,0,0,0,0,0,0,0,0,0,0,0,0,0,0,0,0,0,0,0,0,0,0,0,0,0,0
2025-06-01,NV,1625,0,0,0,0,0,0,0,0,19,123,0,229,0,0,20,0,0,12,8,0,20,0,0,52,85,0,12,2,0,32,14,10,15,835,3,20,11,22,2,4,17,6,1,6,2,19,2,9,5,4,2,0,0,0,0,0,0,0,0,0,0,0,0,0,0,0,0,0,0,0,0,0,0,0,0,0,0,0,0,0,0,0,0,0,0,0,0,0,0,0,0,0,0,0,0,0,0,0,0,0,0,0,0,0,0,0,0,0,0,0,0,0,0,0,0,0,0,0,0,0,0,0,0,0,0,0
2025-06-02,NV,1572,0,0,0,0,0,0,0,0,19,122,0,227,0,0,19,0,0,12,8,0,20,0,0,52,80,0,11,2,0,31,13,10,14,801,3,19,11,21,2,4,16,6,1,6,2,19,2,8,5,4,2,0,0,0,0,0,0,0,0,0,0,0,0,0,0,0,0,0,0,0,0,0,0,0,0,0,0,0,0,0,0,0,0,0,0,0,0,0,0,0,0,0,0,0,0,0,0,0,0,0,0,0,0,0,0,0,0,0,0,0,0,0,0,0,0,0,0,0,0,0,0,0,0,0,0,0
2025-06-03,NV,1543,0,0,0,0,0,0,0,0,18,123,0,229,0,0,19,0,0,12,8,0,19,0,0,52,76,0,11,2,0,31,12,10,14,781,3,19,11,21,1,4,15,5,1,6,2,18,2,8,5,4,2,0,0,0,0,0,0,0,0,0,0,0,0,0,0,0,0,0,0,0,0,0,0,0,0,0,0,0,0,0,0,0,0,0,0,0,0,0,0,0,0,0,0,0,0,0,0,0,0,0,0,0,0,0,0,0,0,0,0,0,0,0,0,0,0,0,0,0,0,0,0,0,0,0,0,0
2025-06-04,NV,1532,0,0,0,0,0,0,0,0,18,125,0,233,0,0,18,0,0,12,9,0,19,0,0,53,72,0,10,2,0,31,11,10,13,770,3,18,11,21,1,4,14,5,1,6,2,18,2,8,5,4,2,0,0,0,0,0,0,0,0,0,0,0,0,0,0,0,0,0,0,0,0,0,0,0,0,0,0,0,0,0,0,0,0,0,0,0,0,0,0,0,0,0,0,0,0,0,0,0,0,0,0,0,0,0,0,0,0,0,0,0,0,0,0,0,0,0,0,0,0,0,0,0,0,0,0,0
2025-06-05,NV,1533,0,0,0,0,0,0,0,0,18,129,0,239,0,0,18,0,0,12,9,0,19,0,0,55,70,0,10,2,0,32,10,10,13,765,3,18,11,21,1,4,13,5,1,5,2,18,2,9,5,4,2,0,0,0,0,0,0,0,0,0,0,0,0,0,0,0,0,0,0,0,0,0,0,0,0,0,0,0,0,0,0,0,0,0,0,0,0,0,0,0,0,0,0,0,0,0,0,0,0,0,0,0,0,0,0,0,0,0,0,0,0,0,0,0,0,0,0,0,0,0,0,0,0,0,0,0
2025-06-06,NV,1551,0,0,0,0,0,0,0,0,18,134,0,248,0,0,19,0,0,13,9,0,20,0,0,57,68,0,10,2,0,32,10,10,13,768,3,18,11,21,1,4,12,5,1,5,2,18,2,9,5,4,2,0,0,0,0,0,0,0,0,0,0,0,0,0,0,0,0,0,0,0,0,0,0,0,0,0,0,0,0,0,0,0,0,0,0,0,0,0,0,0,0,0,0,0,0,0,0,0,0,0,0,0,0,0,0,0,0,0,0,0,0,0,0,0,0,0,0,0,0,0,0,0,0,0,0,0
2025-06-07,NV,1556,0,0,0,0,0,0,0,0,18,137,0,254,0,0,19,0,2,13,10,0,20,0,0,58,65,0,10,2,0,33,9,10,12,764,3,18,12,21,1,4,11,4,1,5,2,18,2,9,5,4,2,0,0,0,0,0,0,0,0,0,0,0,0,0,0,0,0,0,0,0,0,0,0,0,0,0,0,0,0,0,0,0,0,0,0,0,0,0,0,0,0,0,0,0,0,0,0,0,0,0,0,0,0,0,0,0,0,0,0,0,0,0,0,0,0,0,0,0,0,0,0,0,0,0,0,0
2025-06-08,NV,1562,0,0,0,0,0,0,0,0,19,148,0,259,0,0,19,0,2,13,10,0,20,0,0,58,64,0,10,2,0,35,9,10,12,763,3,18,11,21,1,4,11,5,1,5,2,18,2,9,0,0,0,0,0,0,0,0,0,0,0,0,0,0,0,0,0,0,0,0,0,0,0,0,0,0,0,0,0,0,0,0,0,0,0,0,0,0,0,0,0,0,0,0,0,0,0,0,0,0,0,0,0,0,0,0,0,0,0,0,0,0,0,0,0,0,0,0,0,0,0,0,0,0,0,0,0,0
2025-06-09,NV,1557,0,0,0,0,0,0,0,0,19,156,0,261,0,0,18,0,2,13,10,0,20,0,0,58,63,0,9,2,0,36,9,9,12,752,3,17,11,21,1,4,10,5,1,5,2,17,2,9,0,0,0,0,0,0,0,0,0,0,0,0,0,0,0,0,0,0,0,0,0,0,0,0,0,0,0,0,0,0,0,0,0,0,0,0,0,0,0,0,0,0,0,0,0,0,0,0,0,0,0,0,0,0,0,0,0,0,0,0,0,0,0,0,0,0,0,0,0,0,0,0,0,0,0,0,0,0
2025-06-10,NV,1545,0,0,0,0,0,0,0,0,19,163,0,261,0,0,18,0,2,13,10,0,21,0,0,57,61,0,9,2,0,37,9,9,12,737,3,17,11,20,1,4,10,5,1,5,2,17,2,8,0,0,0,0,0,0,0,0,0,0,0,0,0,0,0,0,0,0,0,0,0,0,0,0,0,0,0,0,0,0,0,0,0,0,0,0,0,0,0,0,0,0,0,0,0,0,0,0,0,0,0,0,0,0,0,0,0,0,0,0,0,0,0,0,0,0,0,0,0,0,0,0,0,0,0,0,0,0
2025-06-11,NV,1528,0,0,0,0,0,0,0,0,19,170,0,261,0,0,17,0,2,13,10,0,21,0,0,56,59,0,9,2,0,38,9,9,11,720,3,16,10,20,1,3,10,5,1,5,2,16,2,8,0,0,0,0,0,0,0,0,0,0,0,0,0,0,0,0,0,0,0,0,0,0,0,0,0,0,0,0,0,0,0,0,0,0,0,0,0,0,0,0,0,0,0,0,0,0,0,0,0,0,0,0,0,0,0,0,0,0,0,0,0,0,0,0,0,0,0,0,0,0,0,0,0,0,0,0,0,0
2025-06-12,NV,1507,0,0,0,0,0,0,0,0,19,176,0,260,0,0,17,0,2,13,10,0,21,0,0,55,57,0,9,2,0,38,8,8,11,702,3,16,10,19,1,3,9,5,1,4,2,15,2,8,0,0,0,0,0,0,0,0,0,0,0,0,0,0,0,0,0,0,0,0,0,0,0,0,0,0,0,0,0,0,0,0,0,0,0,0,0,0,0,0,0,0,0,0,0,0,0,0,0,0,0,0,0,0,0,0,0,0,0,0,0,0,0,0,0,0,0,0,0,0,0,0,0,0,0,0,0,0
2025-06-13,NV,1492,0,0,0,0,0,0,0,0,20,183,0,260,0,0,17,0,2,13,10,0,21,0,0,54,55,0,9,2,0,39,8,8,11,687,3,15,9,19,1,3,9,5,1,4,2,14,2,7,0,0,0,0,0,0,0,0,0,0,0,0,0,0,0,0,0,0,0,0,0,0,0,0,0,0,0,0,0,0,0,0,0,0,0,0,0,0,0,0,0,0,0,0,0,0,0,0,0,0,0,0,0,0,0,0,0,0,0,0,0,0,0,0,0,0,0,0,0,0,0,0,0,0,0,0,0,0
2025-06-14,NV,1499,0,0,0,0,0,0,0,0,20,192,0,263,0,0,16,0,2,13,10,0,21,0,0,54,54,0,8,2,0,41,8,8,11,681,3,15,9,18,1,3,9,5,1,4,2,14,2,7,0,0,0,0,0,0,0,0,0,0,0,0,0,0,0,0,0,0,0,0,0,0,0,0,0,0,0,0,0,0,0,0,0,0,0,0,0,0,0,0,0,0,0,0,0,0,0,0,0,0,0,0,0,0,0,0,0,0,0,0,0,0,0,0,0,0,0,0,0,0,0,0,0,0,0,0,0,0
2025-06-15,NV,1505,0,0,0,0,0,0,0,0,20,201,0,267,0,0,16,0,3,13,10,0,22,0,0,54,53,0,8,2,0,42,8,8,10,676,3,15,9,18,1,3,9,6,1,4,2,13,2,7,0,0,0,0,0,0,0,0,0,0,0,0,0,0,0,0,0,0,0,0,0,0,0,0,0,0,0,0,0,0,0,0,0,0,0,0,0,0,0,0,0,0,0,0,0,0,0,0,0,0,0,0,0,0,0,0,0,0,0,0,0,0,0,0,0,0,0,0,0,0,0,0,0,0,0,0,0,0
2025-06-16,NV,1514,0,0,0,0,0,0,0,0,21,211,0,271,0,0,16,0,3,13,10,0,22,0,0,54,52,0,8,2,0,44,8,7,10,671,3,14,8,18,1,3,8,6,1,4,2,13,2,7,0,0,0,0,0,0,0,0,0,0,0,0,0,0,0,0,0,0,0,0,0,0,0,0,0,0,0,0,0,0,0,0,0,0,0,0,0,0,0,0,0,0,0,0,0,0,0,0,0,0,0,0,0,0,0,0,0,0,0,0,0,0,0,0,0,0,0,0,0,0,0,0,0,0,0,0,0,0
2025-06-17,NV,1526,0,0,0,0,0,0,0,0,21,221,0,275,0,0,16,0,3,13,11,0,23,0,0,54,51,0,8,2,0,45,8,7,10,668,3,14,8,18,1,3,8,6,1,4,2,12,2,7,0,0,0,0,0,0,0,0,0,0,0,0,0,0,0,0,0,0,0,0,0,0,0,0,0,0,0,0,0,0,0,0,0,0,0,0,0,0,0,0,0,0,0,0,0,0,0,0,0,0,0,0,0,0,0,0,0,0,0,0,0,0,0,0,0,0,0,0,0,0,0,0,0,0,0,0,0,0
2025-06-18,NV,1538,0,0,0,0,0,0,0,0,22,231,0,280,0,0,16,0,3,13,11,0,23,0,0,55,51,0,8,2,0,47,8,7,10,664,3,14,8,17,1,3,8,6,1,4,2,12,2,6,0,0,0,0,0,0,0,0,0,0,0,0,0,0,0,0,0,0,0,0,0,0,0,0,0,0,0,0,0,0,0,0,0,0,0,0,0,0,0,0,0,0,0,0,0,0,0,0,0,0,0,0,0,0,0,0,0,0,0,0,0,0,0,0,0,0,0,0,0,0,0,0,0,0,0,0,0,0
2025-06-19,NV,1547,0,0,0,0,0,0,0,0,22,241,0,284,0,0,16,0,3,13,11,0,23,0,0,55,50,0,8,2,0,48,8,7,10,660,3,14,8,17,1,3,8,6,1,4,2,12,2,6,0,0,0,0,0,0,0,0,0,0,0,0,0,0,0,0,0,0,0,0,0,0,0,0,0,0,0,0,0,0,0,0,0,0,0,0,0,0,0,0,0,0,0,0,0,0,0,0,0,0,0,0,0,0,0,0,0,0,0,0,0,0,0,0,0,0,0,0,0,0,0,0,0,0,0,0,0,0
2025-06-20,NV,1552,0,0,0,0,0,0,0,0,23,251,0,287,0,0,16,0,3,13,11,0,24,0,0,54,48,0,8,2,0,50,8,6,10,653,3,13,7,17,1,3,8,7,1,4,2,11,2,6,0,0,0,0,0,0,0,0,0,0,0,0,0,0,0,0,0,0,0,0,0,0,0,0,0,0,0,0,0,0,0,0,0,0,0,0,0,0,0,0,0,0,0,0,0,0,0,0,0,0,0,0,0,0,0,0,0,0,0,0,0,0,0,0,0,0,0,0,0,0,0,0,0,0,0,0,0,0
2025-06-21,NV,1549,0,0,0,0,0,0,0,0,23,259,0,289,0,0,15,0,3,13,11,0,24,0,0,54,47,0,8,2,0,51,8,6,9,643,3,13,7,17,1,3,7,7,1,3,2,10,2,6,0,0,0,0,0,0,0,0,0,0,0,0,0,0,0,0,0,0,0,0,0,0,0,0,0,0,0,0,0,0,0,0,0,0,0,0,0,0,0,0,0,0,0,0,0,0,0,0,0,0,0,0,0,0,0,0,0,0,0,0,0,0,0,0,0,0,0,0,0,0,0,0,0,0,0,0,0,0
2025-06-22,NV,1544,0,0,0,0,0,0,0,0,24,267,0,290,0,0,15,0,3,13,11,0,24,0,0,54,46,0,8,2,0,52,8,6,9,632,3,13,7,16,1,3,7,7,1,3,2,10,2,6,0,0,0,0,0,0,0,0,0,0,0,0,0,0,0,0,0,0,0,0,0,0,0,0,0,0,0,0,0,0,0,0,0,0,0,0,0,0,0,0,0,0,0,0,0,0,0,0,0,0,0,0,0,0,0,0,0,0,0,0,0,0,0,0,0,0,0,0,0,0,0,0,0,0,0,0,0,0
2025-06-23,NV,1555,0,0,0,0,0,0,0,0,24,277,0,295,0,0,15,0,4,13,12,0,25,0,0,54,45,0,7,2,0,54,8,6,9,628,3,12,6,16,1,3,7,7,1,3,2,9,2,5,0,0,0,0,0,0,0,0,0,0,0,0,0,0,0,0,0,0,0,0,0,0,0,0,0,0,0,0,0,0,0,0,0,0,0,0,0,0,0,0,0,0,0,0,0,0,0,0,0,0,0,0,0,0,0,0,0,0,0,0,0,0,0,0,0,0,0,0,0,0,0,0,0,0,0,0,0,0
2025-06-24,NV,1579,0,0,0,0,0,0,0,0,25,290,0,302,0,0,15,0,4,14,12,0,26,0,0,54,44,0,7,2,0,56,8,6,9,629,3,12,6,16,1,3,7,7,1,3,2,9,2,5,0,0,0,0,0,0,0,0,0,0,0,0,0,0,0,0,0,0,0,0,0,0,0,0,0,0,0,0,0,0,0,0,0,0,0,0,0,0,0,0,0,0,0,0,0,0,0,0,0,0,0,0,0,0,0,0,0,0,0,0,0,0,0,0,0,0,0,0,0,0,0,0,0,0,0,0,0,0
2025-06-25,NV,1622,0,0,0,0,0,0,0,0,26,307,0,313,0,0,15,0,4,14,12,0,27,0,0,55,44,0,8,2,0,59,8,5,9,637,3,12,6,16,1,2,7,8,1,3,2,9,2,5,0,0,0,0,0,0,0,0,0,0,0,0,0,0,0,0,0,0,0,0,0,0,0,0,0,0,0,0,0,0,0,0,0,0,0,0,0,0,0,0,0,0,0,0,0,0,0,0,0,0,0,0,0,0,0,0,0,0,0,0,0,0,0,0,0,0,0,0,0,0,0,0,0,0,0,0,0,0
2025-06-26,NV,1682,0,0,0,0,0,0,0,0,27,328,0,327,0,0,16,0,4,14,13,0,28,0,0,57,44,0,8,2,0,62,8,5,9,651,4,12,6,16,1,2,7,8,1,3,2,8,2,5,0,0,0,0,0,0,0,0,0,0,0,0,0,0,0,0,0,0,0,0,0,0,0,0,0,0,0,0,0,0,0,0,0,0,0,0,0,0,0,0,0,0,0,0,0,0,0,0,0,0,0,0,0,0,0,0,0,0,0,0,0,0,0,0,0,0,0,0,0,0,0,0,0,0,0,0,0,0
2025-06-27,NV,1750,0,0,0,0,0,0,0,0,29,351,0,343,0,0,16,0,5,15,14,0,29,0,0,59,44,0,8,2,0,66,8,5,9,668,4,13,6,16,1,3,7,9,1,3,3,8,2,5,0,0,0,0,0,0,0,0,0,0,0,0,0,0,0,0,0,0,0,0,0,0,0,0,0,0,0,0,0,0,0,0,0,0,0,0,0,0,0,0,0,0,0,0,0,0,0,0,0,0,0,0,0,0,0,0,0,0,0,0,0,0,0,0,0,0,0,0,0,0,0,0,0,0,0,0,0,0
2025-06-28,NV,1805,0,0,0,0,0,0,0,0,30,372,0,356,0,0,16,0,5,16,14,0,31,0,0,60,44,0,8,3,0,70,8,5,9,679,4,13,5,17,2,2,7,9,1,3,3,8,2,5,0,0,0,0,0,0,0,0,0,0,0,0,0,0,0,0,0,0,0,0,0,0,0,0,0,0,0,0,0,0,0,0,0,0,0,0,0,0,0,0,0,0,0,0,0,0,0,0,0,0,0,0,0,0,0,0,0,0,0,0,0,0,0,0,0,0,0,0,0,0,0,0,0,0,0,0,0,0
2025-06-29,NV,1806,0,0,0,0,0,0,0,0,31,382,0,359,0,0,16,0,5,16,14,0,31,0,0,60,43,0,8,3,0,71,8,5,9,669,4,12,5,16,2,2,6,10,1,3,3,7,2,5,0,0,0,0,0,0,0,0,0,0,0,0,0,0,0,0,0,0,0,0,0,0,0,0,0,0,0,0,0,0,0,0,0,0,0,0,0,0,0,0,0,0,0,0,0,0,0,0,0,0,0,0,0,0,0,0,0,0,0,0,0,0,0,0,0,0,0,0,0,0,0,0,0,0,0,0,0,0
2025-06-30,NV,1796,0,0,0,0,0,0,0,0,31,390,0,360,0,0,16,0,5,15,14,0,31,0,0,59,41,0,8,3,0,72,8,5,8,655,4,12,5,16,1,2,6,10,1,3,3,6,2,4,0,0,0,0,0,0,0,0,0,0,0,0,0,0,0,0,0,0,0,0,0,0,0,0,0,0,0,0,0,0,0,0,0,0,0,0,0,0,0,0,0,0,0,0,0,0,0,0,0,0,0,0,0,0,0,0,0,0,0,0,0,0,0,0,0,0,0,0,0,0,0,0,0,0,0,0,0,0
2025-07-01,NV,1776,0,0,0,0,0,0,0,0,31,395,0,359,0,0,15,0,5,15,14,0,31,0,0,58,39,0,7,3,0,73,8,4,8,638,4,11,4,15,1,2,6,10,1,2,3,5,2,4,0,0,0,0,0,0,0,0,0,0,0,0,0,0,0,0,0,0,0,0,0,0,0,0,0,0,0,0,0,0,0,0,0,0,0,0,0,0,0,0,0,0,0,0,0,0,0,0,0,0,0,0,0,0,0,0,0,0,0,0,0,0,0,0,0,0,0,0,0,0,0,0,0,0,0,0,0,0
2025-07-02,NV,1745,0,0,0,0,0,0,0,0,31,398,0,356,0,0,15,0,5,15,14,0,31,0,0,57,37,0,7,3,0,73,8,4,8,617,4,11,4,14,1,2,5,10,1,2,3,5,2,4,0,0,0,0,0,0,0,0,0,0,0,0,0,0,0,0,0,0,0,0,0,0,0,0,0,0,0,0,0,0,0,0,0,0,0,0,0,0,0,0,0,0,0,0,0,0,0,0,0,0,0,0,0,0,0,0,0,0,0,0,0,0,0,0,0,0,0,0,0,0,0,0,0,0,0,0,0,0
2025-07-03,NV,1703,0,0,0,0,0,0,0,0,30,398,0,350,0,0,14,0,5,15,14,0,31,0,0,55,35,0,7,2,0,73,7,3,7,593,4,10,3,14,1,2,5,10,1,2,3,4,2,3,0,0,0,0,0,0,0,0,0,0,0,0,0,0,0,0,0,0,0,0,0,0,0,0,0,0,0,0,0,0,0,0,0,0,0,0,0,0,0,0,0,0,0,0,0,0,0,0,0,0,0,0,0,0,0,0,0,0,0,0,0,0,0,0,0,0,0,0,0,0,0,0,0,0,0,0,0,0
2025-07-04,NV,1665,0,0,0,0,0,0,0,0,30,398,0,344,0,0,14,0,5,14,14,0,30,0,0,54,33,0,6,2,0,73,7,3,7,570,4,9,3,13,1,2,5,10,1,2,3,3,2,3,0,0,0,0,0,0,0,0,0,0,0,0,0,0,0,0,0,0,0,0,0,0,0,0,0,0,0,0,0,0,0,0,0,0,0,0,0,0,0,0,0,0,0,0,0,0,0,0,0,0,0,0,0,0,0,0,0,0,0,0,0,0,0,0,0,0,0,0,0,0,0,0,0,0,0,0,0,0
2025-07-05,NV,1632,0,1,0,0,0,0,0,0,30,399,0,340,0,0,13,0,5,14,14,0,30,0,0,52,31,0,6,2,1,72,7,3,6,549,4,9,3,12,1,2,4,10,1,2,3,3,2,3,0,0,0,0,0,0,0,0,0,0,0,0,0,0,0,0,0,0,0,0,0,0,0,0,0,0,0,0,0,0,0,0,0,0,0,0,0,0,0,0,0,0,0,0,0,0,0,0,0,0,0,0,0,0,0,0,0,0,0,0,0,0,0,0,0,0,0,0,0,0,0,0,0,0,0,0,0,0
2025-07-06,NV,1652,0,2,0,0,0,0,0,0,30,417,0,343,0,0,13,0,5,14,14,0,30,0,0,52,30,0,6,2,2,73,7,3,6,547,4,9,3,12,1,2,4,10,1,2,3,3,2,0,0,0,0,0,0,0,0,0,0,0,0,0,0,0,0,0,0,0,0,0,0,0,0,0,0,0,0,0,0,0,0,0,0,0,0,0,0,0,0,0,0,0,0,0,0,0,0,0,0,0,0,0,0,0,0,0,0,0,0,0,0,0,0,0,0,0,0,0,0,0,0,0,0,0,0,0,0,0
2025-07-07,NV,1692,0,2,0,0,0,0,0,0,31,440,0,350,0,0,14,0,5,15,14,0,30,0,0,53,31,0,6,3,2,75,7,3,6,551,4,9,3,12,1,2,4,10,1,2,3,3,2,0,0,0,0,0,0,0,0,0,0,0,0,0,0,0,0,0,0,0,0,0,0,0,0,0,0,0,0,0,0,0,0,0,0,0,0,0,0,0,0,0,0,0,0,0,0,0,0,0,0,0,0,0,0,0,0,0,0,0,0,0,0,0,0,0,0,0,0,0,0,0,0,0,0,0,0,0,0,0
2025-07-08,NV,1747,0,2,0,0,0,0,0,0,31,468,0,360,0,0,14,0,5,15,15,0,31,0,0,54,31,0,6,3,2,78,7,3,7,559,4,9,3,12,1,2,4,10,1,2,3,3,2,0,0,0,0,0,0,0,0,0,0,0,0,0,0,0,0,0,0,0,0,0,0,0,0,0,0,0,0,0,0,0,0,0,0,0,0,0,0,0,0,0,0,0,0,0,0,0,0,0,0,0,0,0,0,0,0,0,0,0,0,0,0,0,0,0,0,0,0,0,0,0,0,0,0,0,0,0,0,0
2025-07-09,NV,1817,0,3,0,0,0,0,0,0,32,501,0,373,0,0,15,0,6,16,16,0,32,0,0,56,32,0,6,3,2,81,7,3,7,571,4,9,3,12,1,2,4,10,1,2,3,3,2,0,0,0,0,0,0,0,0,0,0,0,0,0,0,0,0,0,0,0,0,0,0,0,0,0,0,0,0,0,0,0,0,0,0,0,0,0,0,0,0,0,0,0,0,0,0,0,0,0,0,0,0,0,0,0,0,0,0,0,0,0,0,0,0,0,0,0,0,0,0,0,0,0,0,0,0,0,0,0
2025-07-10,NV,1901,0,3,0,0,0,0,0,0,34,539,0,389,0,0,16,0,6,17,16,0,33,0,0,57,32,0,7,3,2,84,7,3,7,587,4,9,3,12,2,2,5,10,1,2,3,3,2,0,0,0,0,0,0,0,0,0,0,0,0,0,0,0,0,0,0,0,0,0,0,0,0,0,0,0,0,0,0,0,0,0,0,0,0,0,0,0,0,0,0,0,0,0,0,0,0,0,0,0,0,0,0,0,0,0,0,0,0,0,0,0,0,0,0,0,0,0,0,0,0,0,0,0,0,0,0,0
2025-07-11,NV,1987,0,4,0,0,0,0,0,0,35,578,0,406,0,0,17,0,6,17,17,0,34,0,0,59,33,0,7,3,2,88,7,3,7,603,5,10,3,12,2,2,5,10,1,2,3,3,2,0,0,0,0,0,0,0,0,0,0,0,0,0,0,0,0,0,0,0,0,0,0,0,0,0,0,0,0,0,0,0,0,0,0,0,0,0,0,0,0,0,0,0,0,0,0,0,0,0,0,0,0,0,0,0,0,0,0,0,0,0,0,0,0,0,0,0,0,0,0,0,0,0,0,0,0,0,0,0
2025-07-12,NV,2048,0,4,0,0,0,0,0,0,36,612,0,417,0,0,17,0,6,18,18,0,35,0,0,60,33,0,7,3,2,91,7,3,7,610,5,10,3,12,2,3,5,11,1,2,3,3,2,0,0,0,0,0,0,0,0,0,0,0,0,0,0,0,0,0,0,0,0,0,0,0,0,0,0,0,0,0,0,0,0,0,0,0,0,0,0,0,0,0,0,0,0,0,0,0,0,0,0,0,0,0,0,0,0,0,0,0,0,0,0,0,0,0,0,0,0,0,0,0,0,0,0,0,0,0,0,0
2025-07-13,NV,2115,0,5,0,0,0,0,0,0,37,648,0,429,0,0,18,0,6,19,18,0,36,0,0,61,34,0,7,3,2,94,8,3,7,618,5,10,4,12,2,3,5,11,1,2,3,3,2,0,0,0,0,0,0,0,0,0,0,0,0,0,0,0,0,0,0,0,0,0,0,0,0,0,0,0,0,0,0,0,0,0,0,0,0,0,0,0,0,0,0,0,0,0,0,0,0,0,0,0,0,0,0,0,0,0,0,0,0,0,0,0,0,0,0,0,0,0,0,0,0,0,0,0,0,0,0,0
2025-07-14,NV,2189,0,5,0,0,0,0,0,0,38,688,0,442,0,0,19,0,6,19,19,0,37,0,0,63,34,0,7,3,2,97,8,3,7,627,5,10,4,12,2,3,5,11,1,2,3,3,2,0,0,0,0,0,0,0,0,0,0,0,0,0,0,0,0,0,0,0,0,0,0,0,0,0,0,0,0,0,0,0,0,0,0,0,0,0,0,0,0,0,0,0,0,0,0,0,0,0,0,0,0,0,0,0,0,0,0,0,0,0,0,0,0,0,0,0,0,0,0,0,0,0,0,0,0,0,0,0
2025-07-15,NV,2257,0,6,0,0,0,0,0,0,39,727,0,454,0,0,20,0,7,20,20,0,38,0,0,64,34,0,7,4,3,100,8,3,7,634,5,10,4,12,2,3,5,11,1,2,3,3,3,0,0,0,0,0,0,0,0,0,0,0,0,0,0,0,0,0,0,0,0,0,0,0,0,0,0,0,0,0,0,0,0,0,0,0,0,0,0,0,0,0,0,0,0,0,0,0,0,0,0,0,0,0,0,0,0,0,0,0,0,0,0,0,0,0,0,0,0,0,0,0,0,0,0,0,0,0,0,0
2025-07-16,NV,2312,0,6,0,0,0,0,0,0,40,763,0,464,0,0,20,0,7,20,20,0,38,0,0,65,34,0,7,4,3,102,8,3,7,637,6,10,4,11,2,3,5,11,1,2,4,3,3,0,0,0,0,0,0,0,0,0,0,0,0,0,0,0,0,0,0,0,0,0,0,0,0,0,0,0,0,0,0,0,0,0,0,0,0,0,0,0,0,0,0,0,0,0,0,0,0,0,0,0,0,0,0,0,0,0,0,0,0,0,0,0,0,0,0,0,0,0,0,0,0,0,0,0,0,0,0,0
2025-07-17,NV,2355,0,7,0,0,0,0,0,0,40,795,0,471,0,0,21,0,7,21,21,0,38,0,0,65,34,0,7,4,3,104,8,3,7,635,6,10,4,11,2,3,5,11,1,2,4,3,3,0,0,0,0,0,0,0,0,0,0,0,0,0,0,0,0,0,0,0,0,0,0,0,0,0,0,0,0,0,0,0,0,0,0,0,0,0,0,0,0,0,0,0,0,0,0,0,0,0,0,0,0,0,0,0,0,0,0,0,0,0,0,0,0,0,0,0,0,0,0,0,0,0,0,0,0,0,0,0
2025-07-18,NV,2384,0,7,0,0,0,0,0,0,40,824,0,475,0,0,21,0,7,21,21,0,38,0,0,65,34,0,7,4,3,106,8,3,7,630,6,10,4,11,2,3,5,11,1,2,4,3,3,0,0,0,0,0,0,0,0,0,0,0,0,0,0,0,0,0,0,0,0,0,0,0,0,0,0,0,0,0,0,0,0,0,0,0,0,0,0,0,0,0,0,0,0,0,0,0,0,0,0,0,0,0,0,0,0,0,0,0,0,0,0,0,0,0,0,0,0,0,0,0,0,0,0,0,0,0,0,0
2025-07-19,NV,2424,0,8,0,0,0,0,0,0,41,857,0,481,0,0,22,0,7,22,21,0,39,0,0,65,33,0,7,4,3,107,8,3,7,627,6,10,4,10,2,4,5,11,1,2,4,3,3,0,0,0,0,0,0,0,0,0,0,0,0,0,0,0,0,0,0,0,0,0,0,0,0,0,0,0,0,0,0,0,0,0,0,0,0,0,0,0,0,0,0,0,0,0,0,0,0,0,0,0,0,0,0,0,0,0,0,0,0,0,0,0,0,0,0,0,0,0,0,0,0,0,0,0,0,0,0,0
2025-07-20,NV,2432,0,8,0,0,0,0,0,0,41,878,0,481,0,0,22,0,7,22,21,0,38,0,0,64,33,0,7,4,3,108,7,3,7,615,6,10,4,10,2,4,5,10,1,2,4,3,3,0,0,0,0,0,0,0,0,0,0,0,0,0,0,0,0,0,0,0,0,0,0,0,0,0,0,0,0,0,0,0,0,0,0,0,0,0,0,0,0,0,0,0,0,0,0,0,0,0,0,0,0,0,0,0,0,0,0,0,0,0,0,0,0,0,0,0,0,0,0,0,0,0,0,0,0,0,0,0
2025-07-21,NV,2462,0,9,0,0,0,0,0,0,41,908,0,485,0,0,23,0,7,22,22,0,39,0,0,64,32,0,7,4,3,109,7,3,7,609,6,10,5,9,2,4,5,10,1,2,4,3,3,0,0,0,0,0,0,0,0,0,0,0,0,0,0,0,0,0,0,0,0,0,0,0,0,0,0,0,0,0,0,0,0,0,0,0,0,0,0,0,0,0,0,0,0,0,0,0,0,0,0,0,0,0,0,0,0,0,0,0,0,0,0,0,0,0,0,0,0,0,0,0,0,0,0,0,0,0,0,0
2025-07-22,NV,2524,0,9,0,0,0,0,0,0,42,951,0,496,0,0,23,0,7,23,22,0,39,0,0,65,32,0,7,4,3,112,7,2,7,610,6,10,5,9,2,4,5,10,2,2,4,3,3,0,0,0,0,0,0,0,0,0,0,0,0,0,0,0,0,0,0,0,0,0,0,0,0,0,0,0,0,0,0,0,0,0,0,0,0,0,0,0,0,0,0,0,0,0,0,0,0,0,0,0,0,0,0,0,0,0,0,0,0,0,0,0,0,0,0,0,0,0,0,0,0,0,0,0,0,0,0,0
2025-07-23,NV,2590,0,10,0,0,0,0,0,0,42,996,0,507,0,0,24,0,7,23,23,0,40,0,0,65,32,0,7,4,3,115,7,2,7,611,7,10,5,8,2,4,5,10,2,2,4,2,3,0,0,0,0,0,0,0,0,0,0,0,0,0,0,0,0,0,0,0,0,0,0,0,0,0,0,0,0,0,0,0,0,0,0,0,0,0,0,0,0,0,0,0,0,0,0,0,0,0,0,0,0,0,0,0,0,0,0,0,0,0,0,0,0,0,0,0,0,0,0,0,0,0,0,0,0,0,0,0
2025-07-24,NV,2659,0,11,0,0,0,0,0,0,43,1043,0,518,0,0,25,0,7,24,24,0,40,0,0,66,32,0,7,5,3,118,7,2,7,613,7,10,5,8,2,4,5,10,2,2,4,2,3,0,0,0,0,0,0,0,0,0,0,0,0,0,0,0,0,0,0,0,0,0,0,0,0,0,0,0,0,0,0,0,0,0,0,0,0,0,0,0,0,0,0,0,0,0,0,0,0,0,0,0,0,0,0,0,0,0,0,0,0,0,0,0,0,0,0,0,0,0,0,0,0,0,0,0,0,0,0,0
2025-07-25,NV,2753,0,11,0,0,0,0,0,0,45,1101,0,535,0,0,26,0,7,25,25,0,41,0,0,67,32,0,7,5,4,122,7,2,7,619,7,10,5,7,2,5,5,10,2,2,4,2,3,0,0,0,0,0,0,0,0,0,0,0,0,0,0,0,0,0,0,0,0,0,0,0,0,0,0,0,0,0,0,0,0,0,0,0,0,0,0,0,0,0,0,0,0,0,0,0,0,0,0,0,0,0,0,0,0,0,0,0,0,0,0,0,0,0,0,0,0,0,0,0,0,0,0,0,0,0,0,0
2025-07-26,NV,2861,0,12,0,0,0,0,0,0,46,1167,0,554,0,0,27,0,8,26,26,0,42,0,0,69,32,0,7,5,4,126,7,2,7,627,7,10,6,7,2,5,5,10,2,2,4,2,3,0,0,0,0,0,0,0,0,0,0,0,0,0,0,0,0,0,0,0,0,0,0,0,0,0,0,0,0,0,0,0,0,0,0,0,0,0,0,0,0,0,0,0,0,0,0,0,0,0,0,0,0,0,0,0,0,0,0,0,0,0,0,0,0,0,0,0,0,0,0,0,0,0,0,0,0,0,0,0
2025-07-27,NV,2999,0,14,0,0,0,0,0,0,48,1247,0,578,0,0,29,0,8,27,27,0,44,0,0,71,33,0,7,5,4,133,8,2,7,641,8,10,6,7,2,5,6,10,2,2,4,2,3,0,0,0,0,0,0,0,0,0,0,0,0,0,0,0,0,0,0,0,0,0,0,0,0,0,0,0,0,0,0,0,0,0,0,0,0,0,0,0,0,0,0,0,0,0,0,0,0,0,0,0,0,0,0,0,0,0,0,0,0,0,0,0,0,0,0,0,0,0,0,0,0,0,0,0,0,0,0,0
2025-07-28,NV,3149,0,15,0,0,0,0,0,0,50,1333,0,605,0,0,30,0,8,28,28,0,46,0,0,73,33,0,7,6,4,139,8,2,7,655,8,10,6,6,2,6,6,11,2,2,5,2,4,0,0,0,0,0,0,0,0,0,0,0,0,0,0,0,0,0,0,0,0,0,0,0,0,0,0,0,0,0,0,0,0,0,0,0,0,0,0,0,0,0,0,0,0,0,0,0,0,0,0,0,0,0,0,0,0,0,0,0,0,0,0,0,0,0,0,0,0,0,0,0,0,0,0,0,0,0,0,0
2025-07-29,NV,3314,0,16,0,0,0,0,0,0,52,1429,0,634,0,0,32,0,9,30,30,0,47,0,0,76,34,0,8,6,5,146,8,2,7,671,9,10,7,6,2,6,6,11,2,2,5,2,4,0,0,0,0,0,0,0,0,0,0,0,0,0,0,0,0,0,0,0,0,0,0,0,0,0,0,0,0,0,0,0,0,0,0,0,0,0,0,0,0,0,0,0,0,0,0,0,0,0,0,0,0,0,0,0,0,0,0,0,0,0,0,0,0,0,0,0,0,0,0,0,0,0,0,0,0,0,0,0
2025-07-30,NV,3521,0,18,0,0,0,0,0,0,55,1546,0,671,0,0,35,0,9,32,32,0,50,0,0,79,35,0,8,6,5,155,8,2,8,693,9,11,7,5,2,7,6,11,2,2,5,2,4,0,0,0,0,0,0,0,0,0,0,0,0,0,0,0,0,0,0,0,0,0,0,0,0,0,0,0,0,0,0,0,0,0,0,0,0,0,0,0,0,0,0,0,0,0,0,0,0,0,0,0,0,0,0,0,0,0,0,0,0,0,0,0,0,0,0,0,0,0,0,0,0,0,0,0,0,0,0,0
2025-07-31,NV,3770,0,20,0,0,0,0,0,0,59,1685,0,716,0,0,37,0,10,34,34,0,53,0,0,83,36,0,8,7,6,166,8,2,8,720,10,11,8,5,3,7,7,11,2,2,5,2,4,0,0,0,0,0,0,0,0,0,0,0,0,0,0,0,0,0,0,0,0,0,0,0,0,0,0,0,0,0,0,0,0,0,0,0,0,0,0,0,0,0,0,0,0,0,0,0,0,0,0,0,0,0,0,0,0,0,0,0,0,0,0,0,0,0,0,0,0,0,0,0,0,0,0,0,0,0,0,0
2025-08-01,NV,3879,0,21,0,0,0,0,0,0,60,1764,0,734,0,0,39,0,10,35,35,0,53,0,0,84,35,0,8,7,6,171,8,2,8,719,10,11,8,4,3,8,7,11,2,2,6,2,4,0,0,0,0,0,0,0,0,0,0,0,0,0,0,0,0,0,0,0,0,0,0,0,0,0,0,0,0,0,0,0,0,0,0,0,0,0,0,0,0,0,0,0,0,0,0,0,0,0,0,0,0,0,0,0,0,0,0,0,0,0,0,0,0,0,0,0,0,0,0,0,0,0,0,0,0,0,0,0
2025-08-02,NV,3872,0,21,14,0,13,0,0,0,59,1771,3,722,0,0,38,0,9,35,35,6,52,4,0,82,33,2,8,7,6,169,8,2,8,689,10,11,8,3,3,8,6,11,2,2,5,2,4,0,0,0,0,0,0,0,0,0,0,0,0,0,0,0,0,0,0,0,0,0,0,0,0,0,0,0,0,0,0,0,0,0,0,0,0,0,0,0,0,0,0,0,0,0,0,0,0,0,0,0,0,0,0,0,0,0,0,0,0,0,0,0,0,0,0,0,0,0,0,0,0,0,0,0,0,0,0,0
2025-08-03,NV,3873,0,23,15,0,13,0,0,0,58,1800,4,718,0,0,39,0,9,35,36,6,52,4,0,82,33,2,8,7,6,168,8,2,7,677,10,10,8,3,3,7,6,10,2,0,0,0,0,0,0,0,0,0,0,0,0,0,0,0,0,0,0,0,0,0,0,0,0,0,0,0,0,0,0,0,0,0,0,0,0,0,0,0,0,0,0,0,0,0,0,0,0,0,0,0,0,0,0,0,0,0,0,0,0,0,0,0,0,0,0,0,0,0,0,0,0,0,0,0,0,0,0,0,0,0,0,0
2025-08-04,NV,3826,0,25,15,0,13,0,0,0,57,1799,5,703,0,0,39,0,9,34,36,7,51,5,0,80,32,2,7,7,6,165,7,2,7,654,10,10,8,3,3,7,6,10,2,0,0,0,0,0,0,0,0,0,0,0,0,0,0,0,0,0,0,0,0,0,0,0,0,0,0,0,0,0,0,0,0,0,0,0,0,0,0,0,0,0,0,0,0,0,0,0,0,0,0,0,0,0,0,0,0,0,0,0,0,0,0,0,0,0,0,0,0,0,0,0,0,0,0,0,0,0,0,0,0,0,0,0
2025-08-05,NV,3738,0,26,16,0,13,0,0,0,55,1778,6,680,0,0,38,0,9,33,36,7,49,5,0,78,30,2,7,7,7,160,7,2,7,625,10,10,7,3,3,7,6,10,2,0,0,0,0,0,0,0,0,0,0,0,0,0,0,0,0,0,0,0,0,0,0,0,0,0,0,0,0,0,0,0,0,0,0,0,0,0,0,0,0,0,0,0,0,0,0,0,0,0,0,0,0,0,0,0,0,0,0,0,0,0,0,0,0,0,0,0,0,0,0,0,0,0,0,0,0,0,0,0,0,0,0,0
2025-08-06,NV,3620,0,27,16,0,13,0,0,0,53,1743,6,652,0,0,38,0,9,31,35,7,47,5,0,75,29,2,7,7,7,154,7,2,6,591,10,9,7,3,2,6,6,9,2,0,0,0,0,0,0,0,0,0,0,0,0,0,0,0,0,0,0,0,0,0,0,0,0,0,0,0,0,0,0,0,0,0,0,0,0,0,0,0,0,0,0,0,0,0,0,0,0,0,0,0,0,0,0,0,0,0,0,0,0,0,0,0,0,0,0,0,0,0,0,0,0,0,0,0,0,0,0,0,0,0,0,0
2025-08-07,NV,3476,0,27,16,0,12,0,0,0,50,1692,7,620,0,0,36,0,8,30,34,7,45,5,0,72,27,2,6,7,7,147,6,2,6,555,9,8,6,3,2,6,5,8,2,0,0,0,0,0,0,0,0,0,0,0,0,0,0,0,0,0,0,0,0,0,0,0,0,0,0,0,0,0,0,0,0,0,0,0,0,0,0,0,0,0,0,0,0,0,0,0,0,0,0,0,0,0,0,0,0,0,0,0,0,0,0,0,0,0,0,0,0,0,0,0,0,0,0,0,0,0,0,0,0,0,0,0
2025-08-08,NV,3414,0,28,16,0,12,0,0,0,49,1681,7,603,0,0,36,0,8,29,34,7,44,6,0,70,26,2,6,6,7,143,6,2,6,532,9,8,6,2,2,6,5,8,2,0,0,0,0,0,0,0,0,0,0,0,0,0,0,0,0,0,0,0,0,0,0,0,0,0,0,0,0,0,0,0,0,0,0,0,0,0,0,0,0,0,0,0,0,0,0,0,0,0,0,0,0,0,0,0,0,0,0,0,0,0,0,0,0,0,0,0,0,0,0,0,0,0,0,0,0,0,0,0,0,0,0,0
2025-08-09,NV,3455,0,30,17,0,12,0,0,0,49,1721,8,605,0,0,37,0,8,29,35,8,44,6,0,70,25,2,6,7,7,144,6,2,6,525,9,8,6,3,2,6,5,8,2,0,0,0,0,0,0,0,0,0,0,0,0,0,0,0,0,0,0,0,0,0,0,0,0,0,0,0,0,0,0,0,0,0,0,0,0,0,0,0,0,0,0,0,0,0,0,0,0,0,0,0,0,0,0,0,0,0,0,0,0,0,0,0,0,0,0,0,0,0,0,0,0,0,0,0,0,0,0,0,0,0,0,0
2025-08-10,NV,3492,0,32,17,0,13,0,0,0,49,1758,9,605,0,0,38,0,8,29,36,8,44,6,0,71,25,2,6,7,8,144,6,2,6,517,10,8,6,3,2,6,5,8,2,0,0,0,0,0,0,0,0,0,0,0,0,0,0,0,0,0,0,0,0,0,0,0,0,0,0,0,0,0,0,0,0,0,0,0,0,0,0,0,0,0,0,0,0,0,0,0,0,0,0,0,0,0,0,0,0,0,0,0,0,0,0,0,0,0,0,0,0,0,0,0,0,0,0,0,0,0,0,0,0,0,0,0
2025-08-11,NV,3538,0,34,18,0,13,0,0,0,50,1801,9,607,0,0,39,0,8,29,37,8,44,7,0,71,25,2,5,7,8,145,6,2,5,511,10,8,6,3,2,5,5,8,2,0,0,0,0,0,0,0,0,0,0,0,0,0,0,0,0,0,0,0,0,0,0,0,0,0,0,0,0,0,0,0,0,0,0,0,0,0,0,0,0,0,0,0,0,0,0,0,0,0,0,0,0,0,0,0,0,0,0,0,0,0,0,0,0,0,0,0,0,0,0,0,0,0,0,0,0,0,0,0,0,0,0,0
2025-08-12,NV,3584,0,37,19,0,13,0,0,0,50,1844,10,609,0,0,39,0,8,28,38,9,44,7,0,72,24,2,5,7,9,146,6,2,5,504,10,8,6,3,2,5,5,7,2,0,0,0,0,0,0,0,0,0,0,0,0,0,0,0,0,0,0,0,0,0,0,0,0,0,0,0,0,0,0,0,0,0,0,0,0,0,0,0,0,0,0,0,0,0,0,0,0,0,0,0,0,0,0,0,0,0,0,0,0,0,0,0,0,0,0,0,0,0,0,0,0,0,0,0,0,0,0,0,0,0,0,0
2025-08-13,NV,3614,0,39,20,0,13,0,0,0,50,1880,11,607,0,0,40,0,8,28,39,9,44,8,0,72,24,2,5,7,9,146,5,2,5,494,10,7,6,3,2,5,5,7,2,0,0,0,0,0,0,0,0,0,0,0,0,0,0,0,0,0,0,0,0,0,0,0,0,0,0,0,0,0,0,0,0,0,0,0,0,0,0,0,0,0,0,0,0,0,0,0,0,0,0,0,0,0,0,0,0,0,0,0,0,0,0,0,0,0,0,0,0,0,0,0,0,0,0,0,0,0,0,0,0,0,0,0
2025-08-14,NV,3629,0,40,20,0,14,0,0,0,49,1908,12,604,0,0,41,0,8,28,40,10,44,8,0,72,23,2,5,7,9,145,5,2,5,483,10,7,6,3,2,5,5,7,2,0,0,0,0,0,0,0,0,0,0,0,0,0,0,0,0,0,0,0,0,0,0,0,0,0,0,0,0,0,0,0,0,0,0,0,0,0,0,0,0,0,0,0,0,0,0,0,0,0,0,0,0,0,0,0,0,0,0,0,0,0,0,0,0,0,0,0,0,0,0,0,0,0,0,0,0,0,0,0,0,0,0,0
2025-08-15,NV,3675,0,43,21,0,14,0,0,0,49,1953,13,605,0,0,42,0,8,28,41,10,44,9,0,72,23,2,5,7,10,146,5,2,5,475,10,7,5,3,2,5,5,7,2,0,0,0,0,0,0,0,0,0,0,0,0,0,0,0,0,0,0,0,0,0,0,0,0,0,0,0,0,0,0,0,0,0,0,0,0,0,0,0,0,0,0,0,0,0,0,0,0,0,0,0,0,0,0,0,0,0,0,0,0,0,0,0,0,0,0,0,0,0,0,0,0,0,0,0,0,0,0,0,0,0,0,0
2025-08-16,NV,3688,0,45,22,0,14,0,0,0,49,1980,13,601,0,0,42,0,8,28,42,10,43,9,0,72,22,1,4,7,10,145,5,2,5,463,10,7,5,3,2,5,4,7,2,0,0,0,0,0,0,0,0,0,0,0,0,0,0,0,0,0,0,0,0,0,0,0,0,0,0,0,0,0,0,0,0,0,0,0,0,0,0,0,0,0,0,0,0,0,0,0,0,0,0,0,0,0,0,0,0,0,0,0,0,0,0,0,0,0,0,0,0,0,0,0,0,0,0,0,0,0,0,0,0,0,0,0
2025-08-17,NV,3694,0,46,22,0,14,0,0,0,49,2003,14,595,0,0,43,0,8,27,43,11,43,9,0,71,21,1,4,7,11,144,5,2,5,449,10,7,5,3,2,5,4,6,2,0,0,0,0,0,0,0,0,0,0,0,0,0,0,0,0,0,0,0,0,0,0,0,0,0,0,0,0,0,0,0,0,0,0,0,0,0,0,0,0,0,0,0,0,0,0,0,0,0,0,0,0,0,0,0,0,0,0,0,0,0,0,0,0,0,0,0,0,0,0,0,0,0,0,0,0,0,0,0,0,0,0,0
2025-08-18,NV,3699,0,48,23,0,14,0,0,0,48,2027,15,590,0,0,43,0,8,27,43,11,43,10,0,71,21,1,4,7,11,143,5,2,4,436,11,6,5,3,2,4,4,6,2,0,0,0,0,0,0,0,0,0,0,0,0,0,0,0,0,0,0,0,0,0,0,0,0,0,0,0,0,0,0,0,0,0,0,0,0,0,0,0,0,0,0,0,0,0,0,0,0,0,0,0,0,0,0,0,0,0,0,0,0,0,0,0,0,0,0,0,0,0,0,0,0,0,0,0,0,0,0,0,0,0,0,0
2025-08-19,NV,3705,0,50,24,0,15,0,0,0,48,2051,16,584,0,0,44,0,8,27,44,12,42,10,0,71,20,1,4,7,11,142,4,2,4,423,11,6,5,3,2,4,4,6,2,0,0,0,0,0,0,0,0,0,0,0,0,0,0,0,0,0,0,0,0,0,0,0,0,0,0,0,0,0,0,0,0,0,0,0,0,0,0,0,0,0,0,0,0,0,0,0,0,0,0,0,0,0,0,0,0,0,0,0,0,0,0,0,0,0,0,0,0,0,0,0,0,0,0,0,0,0,0,0,0,0,0,0
2025-08-20,NV,3714,0,52,24,0,15,0,0,0,48,2076,16,579,0,0,44,0,7,26,45,12,42,10,0,70,19,1,4,8,12,142,4,2,4,410,11,6,5,3,2,4,4,6,2,0,0,0,0,0,0,0,0,0,0,0,0,0,0,0,0,0,0,0,0,0,0,0,0,0,0,0,0,0,0,0,0,0,0,0,0,0,0,0,0,0,0,0,0,0,0,0,0,0,0,0,0,0,0,0,0,0,0,0,0,0,0,0,0,0,0,0,0,0,0,0,0,0,0,0,0,0,0,0,0,0,0,0
2025-08-21,NV,3724,0,54,25,0,15,0,0,0,47,2102,17,574,0,0,45,0,7,26,45,12,41,11,0,70,19,1,3,8,12,141,4,1,4,396,11,6,5,3,2,4,4,5,2,0,0,0,0,0,0,0,0,0,0,0,0,0,0,0,0,0,0,0,0,0,0,0,0,0,0,0,0,0,0,0,0,0,0,0,0,0,0,0,0,0,0,0,0,0,0,0,0,0,0,0,0,0,0,0,0,0,0,0,0,0,0,0,0,0,0,0,0,0,0,0,0,0,0,0,0,0,0,0,0,0,0,0
2025-08-22,NV,3770,0,56,26,0,15,0,0,0,47,2149,18,575,0,0,46,0,7,26,47,13,42,11,0,71,18,1,3,8,13,141,4,1,4,387,11,6,4,3,2,4,4,5,2,0,0,0,0,0,0,0,0,0,0,0,0,0,0,0,0,0,0,0,0,0,0,0,0,0,0,0,0,0,0,0,0,0,0,0,0,0,0,0,0,0,0,0,0,0,0,0,0,0,0,0,0,0,0,0,0,0,0,0,0,0,0,0,0,0,0,0,0,0,0,0,0,0,0,0,0,0,0,0,0,0,0,0
2025-08-23,NV,3823,0,59,27,0,15,0,0,0,47,2201,19,576,0,0,47,0,7,26,48,13,42,12,0,71,18,1,3,8,13,142,4,1,4,378,11,5,4,3,2,4,4,5,2,0,0,0,0,0,0,0,0,0,0,0,0,0,0,0,0,0,0,0,0,0,0,0,0,0,0,0,0,0,0,0,0,0,0,0,0,0,0,0,0,0,0,0,0,0,0,0,0,0,0,0,0,0,0,0,0,0,0,0,0,0,0,0,0,0,0,0,0,0,0,0,0,0,0,0,0,0,0,0,0,0,0,0
2025-08-24,NV,3836,0,61,27,0,16,0,0,0,47,2230,20,572,0,0,47,0,7,25,49,14,41,12,0,71,17,1,3,8,14,141,4,1,4,365,11,5,4,3,2,3,4,5,2,0,0,0,0,0,0,0,0,0,0,0,0,0,0,0,0,0,0,0,0,0,0,0,0,0,0,0,0,0,0,0,0,0,0,0,0,0,0,0,0,0,0,0,0,0,0,0,0,0,0,0,0,0,0,0,0,0,0,0,0,0,0,0,0,0,0,0,0,0,0,0,0,0,0,0,0,0,0,0,0,0,0,0
2025-08-25,NV,3867,0,63,28,0,16,0,0,0,47,2269,21,570,0,0,48,0,7,25,50,14,41,13,0,71,16,1,3,8,14,141,3,1,3,353,11,5,4,3,2,3,4,4,2,0,0,0,0,0,0,0,0,0,0,0,0,0,0,0,0,0,0,0,0,0,0,0,0,0,0,0,0,0,0,0,0,0,0,0,0,0,0,0,0,0,0,0,0,0,0,0,0,0,0,0,0,0,0,0,0,0,0,0,0,0,0,0,0,0,0,0,0,0,0,0,0,0,0,0,0,0,0,0,0,0,0,0
2025-08-26,NV,3910,0,66,29,0,16,0,0,0,47,2316,22,569,0,0,49,0,7,25,51,15,41,13,0,71,16,1,2,8,15,142,3,1,3,342,12,5,4,3,2,3,3,4,3,0,0,0,0,0,0,0,0,0,0,0,0,0,0,0,0,0,0,0,0,0,0,0,0,0,0,0,0,0,0,0,0,0,0,0,0,0,0,0,0,0,0,0,0,0,0,0,0,0,0,0,0,0,0,0,0,0,0,0,0,0,0,0,0,0,0,0,0,0,0,0,0,0,0,0,0,0,0,0,0,0,0,0
2025-08-27,NV,3972,0,69,30,0,17,0,0,0,47,2375,23,571,0,0,50,0,7,25,52,15,41,14,0,72,15,1,2,8,15,143,3,1,3,333,12,5,4,3,2,3,3,4,3,0,0,0,0,0,0,0,0,0,0,0,0,0,0,0,0,0,0,0,0,0,0,0,0,0,0,0,0,0,0,0,0,0,0,0,0,0,0,0,0,0,0,0,0,0,0,0,0,0,0,0,0,0,0,0,0,0,0,0,0,0,0,0,0,0,0,0,0,0,0,0,0,0,0,0,0,0,0,0,0,0,0,0
2025-08-28,NV,4053,0,72,32,0,17,0,0,0,48,2446,24,576,0,0,52,0,7,25,54,16,42,14,0,73,15,1,2,9,16,144,3,1,3,324,12,4,4,3,2,3,3,4,3,0,0,0,0,0,0,0,0,0,0,0,0,0,0,0,0,0,0,0,0,0,0,0,0,0,0,0,0,0,0,0,0,0,0,0,0,0,0,0,0,0,0,0,0,0,0,0,0,0,0,0,0,0,0,0,0,0,0,0,0,0,0,0,0,0,0,0,0,0,0,0,0,0,0,0,0,0,0,0,0,0,0,0
2025-08-29,NV,4138,0,75,33,0,18,0,0,0,48,2520,25,581,0,0,53,0,7,25,56,17,42,15,0,74,14,1,2,9,17,146,3,1,3,315,12,4,4,3,2,3,3,4,3,0,0,0,0,0,0,0,0,0,0,0,0,0,0,0,0,0,0,0,0,0,0,0,0,0,0,0,0,0,0,0,0,0,0,0,0,0,0,0,0,0,0,0,0,0,0,0,0,0,0,0,0,0,0,0,0,0,0,0,0,0,0,0,0,0,0,0,0,0,0,0,0,0,0,0,0,0,0,0,0,0,0,0
2025-08-30,NV,4276,0,80,35,0,18,0,0,0,49,2628,27,593,0,0,55,0,7,26,59,18,43,16,0,76,14,1,2,9,17,150,3,2,3,309,13,4,4,3,2,3,3,3,3,0,0,0,0,0,0,0,0,0,0,0,0,0,0,0,0,0,0,0,0,0,0,0,0,0,0,0,0,0,0,0,0,0,0,0,0,0,0,0,0,0,0,0,0,0,0,0,0,0,0,0,0,0,0,0,0,0,0,0,0,0,0,0,0,0,0,0,0,0,0,0,0,0,0,0,0,0,0,0,0,0,0,0
2025-08-31,NV,4459,0,85,37,0,22,0,0,0,51,2757,30,615,0,0,57,0,8,27,60,19,44,17,0,78,14,1,2,10,19,155,3,2,3,318,14,4,4,3,3,0,0,0,0,0,0,0,0,0,0,0,0,0,0,0,0,0,0,0,0,0,0,0,0,0,0,0,0,0,0,0,0,0,0,0,0,0,0,0,0,0,0,0,0,0,0,0,0,0,0,0,0,0,0,0,0,0,0,0,0,0,0,0,0,0,0,0,0,0,0,0,0,0,0,0,0,0,0,0,0,0,0,0,0,0,0,0
2025-09-01,NV,4619,0,90,40,0,26,0,0,0,52,2865,32,631,0,0,57,0,8,27,61,20,45,18,0,79,15,2,2,10,20,159,3,2,3,324,14,4,4,3,3,0,0,0,0,0,0,0,0,0,0,0,0,0,0,0,0,0,0,0,0,0,0,0,0,0,0,0,0,0,0,0,0,0,0,0,0,0,0,0,0,0,0,0,0,0,0,0,0,0,0,0,0,0,0,0,0,0,0,0,0,0,0,0,0,0,0,0,0,0,0,0,0,0,0,0,0,0,0,0,0,0,0,0,0,0,0,0
2025-09-02,NV,4736,0,94,42,0,29,0,0,0,52,2948,34,642,0,0,58,0,8,28,62,21,45,19,0,80,15,2,2,10,21,161,3,2,3,326,15,4,4,3,3,0,0,0,0,0,0,0,0,0,0,0,0,0,0,0,0,0,0,0,0,0,0,0,0,0,0,0,0,0,0,0,0,0,0,0,0,0,0,0,0,0,0,0,0,0,0,0,0,0,0,0,0,0,0,0,0,0,0,0,0,0,0,0,0,0,0,0,0,0,0,0,0,0,0,0,0,0,0,0,0,0,0,0,0,0,0,0
2025-09-03,NV,4785,0,97,43,0,33,0,0,0,52,2988,36,642,0,0,57,0,8,28,62,22,45,20,0,80,15,2,3,11,22,161,3,2,3,324,15,4,5,3,3,0,0,0,0,0,0,0,0,0,0,0,0,0,0,0,0,0,0,0,0,0,0,0,0,0,0,0,0,0,0,0,0,0,0,0,0,0,0,0,0,0,0,0,0,0,0,0,0,0,0,0,0,0,0,0,0,0,0,0,0,0,0,0,0,0,0,0,0,0,0,0,0,0,0,0,0,0,0,0,0,0,0,0,0,0,0,0
2025-09-04,NV,4760,0,99,44,0,36,0,0,0,51,2982,37,633,0,0,55,0,8,27,60,23,44,20,0,78,14,2,3,11,22,158,3,2,3,316,15,4,5,3,3,0,0,0,0,0,0,0,0,0,0,0,0,0,0,0,0,0,0,0,0,0,0,0,0,0,0,0,0,0,0,0,0,0,0,0,0,0,0,0,0,0,0,0,0,0,0,0,0,0,0,0,0,0,0,0,0,0,0,0,0,0,0,0,0,0,0,0,0,0,0,0,0,0,0,0,0,0,0,0,0,0,0,0,0,0,0,0
2025-09-05,NV,4684,0,99,44,0,38,0,0,0,49,2944,37,618,0,0,53,0,8,27,58,23,42,20,0,75,14,2,3,10,23,154,3,2,3,305,15,4,5,3,3,0,0,0,0,0,0,0,0,0,0,0,0,0,0,0,0,0,0,0,0,0,0,0,0,0,0,0,0,0,0,0,0,0,0,0,0,0,0,0,0,0,0,0,0,0,0,0,0,0,0,0,0,0,0,0,0,0,0,0,0,0,0,0,0,0,0,0,0,0,0,0,0,0,0,0,0,0,0,0,0,0,0,0,0,0,0,0
2025-09-06,NV,4599,0,99,44,0,40,0,0,0,47,2900,38,601,0,0,51,0,7,26,56,23,40,21,0,73,13,2,3,10,23,149,3,2,3,294,14,4,5,3,2,0,0,0,0,0,0,0,0,0,0,0,0,0,0,0,0,0,0,0,0,0,0,0,0,0,0,0,0,0,0,0,0,0,0,0,0,0,0,0,0,0,0,0,0,0,0,0,0,0,0,0,0,0,0,0,0,0,0,0,0,0,0,0,0,0,0,0,0,0,0,0,0,0,0,0,0,0,0,0,0,0,0,0,0,0,0,0
2025-09-07,NV,4469,0,98,44,0,42,0,0,0,45,2827,38,579,0,0,49,0,7,25,54,23,38,20,0,70,13,2,3,10,23,143,2,2,3,280,14,4,5,3,2,0,0,0,0,0,0,0,0,0,0,0,0,0,0,0,0,0,0,0,0,0,0,0,0,0,0,0,0,0,0,0,0,0,0,0,0,0,0,0,0,0,0,0,0,0,0,0,0,0,0,0,0,0,0,0,0,0,0,0,0,0,0,0,0,0,0,0,0,0,0,0,0,0,0,0,0,0,0,0,0,0,0,0,0,0,0,0
2025-09-08,NV,4319,0,97,44,0,43,0,0,0,43,2741,38,554,0,0,46,0,7,24,51,23,36,20,0,66,12,2,3,10,23,137,2,2,3,265,14,4,5,3,2,0,0,0,0,0,0,0,0,0,0,0,0,0,0,0,0,0,0,0,0,0,0,0,0,0,0,0,0,0,0,0,0,0,0,0,0,0,0,0,0,0,0,0,0,0,0,0,0,0,0,0,0,0,0,0,0,0,0,0,0,0,0,0,0,0,0,0,0,0,0,0,0,0,0,0,0,0,0,0,0,0,0,0,0,0,0,0
2025-09-09,NV,4178,0,95,43,0,45,0,0,0,41,2660,38,531,0,0,43,0,6,23,48,23,34,20,0,63,12,2,4,10,22,131,2,1,3,252,13,4,5,3,2,0,0,0,0,0,0,0,0,0,0,0,0,0,0,0,0,0,0,0,0,0,0,0,0,0,0,0,0,0,0,0,0,0,0,0,0,0,0,0,0,0,0,0,0,0,0,0,0,0,0,0,0,0,0,0,0,0,0,0,0,0,0,0,0,0,0,0,0,0,0,0,0,0,0,0,0,0,0,0,0,0,0,0,0,0,0,0
2025-09-10,NV,4058,0,94,43,0,46,0,0,0,39,2592,38,511,0,0,41,0,6,22,46,22,33,20,0,60,11,2,4,9,22,126,2,1,3,239,13,4,5,2,2,0,0,0,0,0,0,0,0,0,0,0,0,0,0,0,0,0,0,0,0,0,0,0,0,0,0,0,0,0,0,0,0,0,0,0,0,0,0,0,0,0,0,0,0,0,0,0,0,0,0,0,0,0,0,0,0,0,0,0,0,0,0,0,0,0,0,0,0,0,0,0,0,0,0,0,0,0,0,0,0,0,0,0,0,0,0,0
2025-09-11,NV,3963,0,93,43,0,48,0,0,0,37,2540,38,494,0,0,39,0,6,21,44,22,31,20,0,57,11,2,4,9,22,121,2,1,3,229,13,3,5,2,2,0,0,0,0,0,0,0,0,0,0,0,0,0,0,0,0,0,0,0,0,0,0,0,0,0,0,0,0,0,0,0,0,0,0,0,0,0,0,0,0,0,0,0,0,0,0,0,0,0,0,0,0,0,0,0,0,0,0,0,0,0,0,0,0,0,0,0,0,0,0,0,0,0,0,0,0,0,0,0,0,0,0,0,0,0,0,0
2025-09-12,NV,3864,0,93,42,0,49,0,0,0,36,2484,38,477,0,0,37,0,6,21,42,22,30,20,0,55,10,2,4,9,22,117,2,1,3,218,13,3,5,2,2,0,0,0,0,0,0,0,0,0,0,0,0,0,0,0,0,0,0,0,0,0,0,0,0,0,0,0,0,0,0,0,0,0,0,0,0,0,0,0,0,0,0,0,0,0,0,0,0,0,0,0,0,0,0,0,0,0,0,0,0,0,0,0,0,0,0,0,0,0,0,0,0,0,0,0,0,0,0,0,0,0,0,0,0,0,0,0
2025-09-13,NV,3760,0,92,42,0,50,0,0,0,34,2425,38,460,0,0,35,0,5,20,40,22,28,19,0,52,10,2,4,9,22,112,2,1,3,208,12,3,5,2,2,0,0,0,0,0,0,0,0,0,0,0,0,0,0,0,0,0,0,0,0,0,0,0,0,0,0,0,0,0,0,0,0,0,0,0,0,0,0,0,0,0,0,0,0,0,0,0,0,0,0,0,0,0,0,0,0,0,0,0,0,0,0,0,0,0,0,0,0,0,0,0,0,0,0,0,0,0,0,0,0,0,0,0,0,0,0,0
2025-09-14,NV,3710,0,92,42,0,52,0,0,0,33,2400,39,449,0,0,34,0,5,19,39,22,27,19,0,51,9,2,4,9,22,109,2,1,3,201,12,3,5,2,2,0,0,0,0,0,0,0,0,0,0,0,0,0,0,0,0,0,0,0,0,0,0,0,0,0,0,0,0,0,0,0,0,0,0,0,0,0,0,0,0,0,0,0,0,0,0,0,0,0,0,0,0,0,0,0,0,0,0,0,0,0,0,0,0,0,0,0,0,0,0,0,0,0,0,0,0,0,0,0,0,0,0,0,0,0,0,0
2025-09-15,NV,3667,0,92,43,0,53,0,0,0,32,2380,39,440,0,0,32,0,5,19,38,23,26,20,0,49,9,2,4,9,22,106,2,1,3,194,12,3,5,2,2,0,0,0,0,0,0,0,0,0,0,0,0,0,0,0,0,0,0,0,0,0,0,0,0,0,0,0,0,0,0,0,0,0,0,0,0,0,0,0,0,0,0,0,0,0,0,0,0,0,0,0,0,0,0,0,0,0,0,0,0,0,0,0,0,0,0,0,0,0,0,0,0,0,0,0,0,0,0,0,0,0,0,0,0,0,0,0
2025-09-16,NV,3632,0,93,43,0,55,0,0,0,31,2364,40,431,0,0,31,0,5,18,36,23,25,20,0,48,9,2,4,9,23,104,2,1,3,187,12,3,5,2,2,0,0,0,0,0,0,0,0,0,0,0,0,0,0,0,0,0,0,0,0,0,0,0,0,0,0,0,0,0,0,0,0,0,0,0,0,0,0,0,0,0,0,0,0,0,0,0,0,0,0,0,0,0,0,0,0,0,0,0,0,0,0,0,0,0,0,0,0,0,0,0,0,0,0,0,0,0,0,0,0,0,0,0,0,0,0,0
2025-09-17,NV,3606,0,94,44,0,57,0,0,0,30,2355,40,424,0,0,30,0,5,18,35,23,25,20,0,46,8,2,4,9,23,102,2,1,3,182,12,3,5,2,2,0,0,0,0,0,0,0,0,0,0,0,0,0,0,0,0,0,0,0,0,0,0,0,0,0,0,0,0,0,0,0,0,0,0,0,0,0,0,0,0,0,0,0,0,0,0,0,0,0,0,0,0,0,0,0,0,0,0,0,0,0,0,0,0,0,0,0,0,0,0,0,0,0,0,0,0,0,0,0,0,0,0,0,0,0,0,0
2025-09-18,NV,3592,0,95,44,0,59,0,0,0,30,2353,41,418,0,0,29,0,5,18,34,24,24,20,0,45,8,2,5,9,23,100,2,1,3,176,12,3,5,2,2,0,0,0,0,0,0,0,0,0,0,0,0,0,0,0,0,0,0,0,0,0,0,0,0,0,0,0,0,0,0,0,0,0,0,0,0,0,0,0,0,0,0,0,0,0,0,0,0,0,0,0,0,0,0,0,0,0,0,0,0,0,0,0,0,0,0,0,0,0,0,0,0,0,0,0,0,0,0,0,0,0,0,0,0,0,0,0
2025-09-19,NV,3614,0,97,45,0,62,0,0,0,29,2375,42,416,0,0,28,0,5,18,34,24,23,21,0,44,8,2,5,9,24,100,2,1,3,173,12,3,5,2,2,0,0,0,0,0,0,0,0,0,0,0,0,0,0,0,0,0,0,0,0,0,0,0,0,0,0,0,0,0,0,0,0,0,0,0,0,0,0,0,0,0,0,0,0,0,0,0,0,0,0,0,0,0,0,0,0,0,0,0,0,0,0,0,0,0,0,0,0,0,0,0,0,0,0,0,0,0,0,0,0,0,0,0,0,0,0,0
2025-09-20,NV,3660,0,100,47,0,65,0,0,0,29,2412,44,417,0,0,27,0,4,18,34,25,23,21,0,44,8,2,5,9,25,99,2,1,4,171,12,3,5,2,2,0,0,0,0,0,0,0,0,0,0,0,0,0,0,0,0,0,0,0,0,0,0,0,0,0,0,0,0,0,0,0,0,0,0,0,0,0,0,0,0,0,0,0,0,0,0,0,0,0,0,0,0,0,0,0,0,0,0,0,0,0,0,0,0,0,0,0,0,0,0,0,0,0,0,0,0,0,0,0,0,0,0,0,0,0,0,0
2025-09-21,NV,3685,0,102,48,0,68,0,0,0,29,2436,45,416,0,0,27,0,4,18,33,26,23,22,0,43,8,2,5,9,25,99,1,1,4,167,13,3,5,2,2,0,0,0,0,0,0,0,0,0,0,0,0,0,0,0,0,0,0,0,0,0,0,0,0,0,0,0,0,0,0,0,0,0,0,0,0,0,0,0,0,0,0,0,0,0,0,0,0,0,0,0,0,0,0,0,0,0,0,0,0,0,0,0,0,0,0,0,0,0,0,0,0,0,0,0,0,0,0,0,0,0,0,0,0,0,0,0
2025-09-22,NV,3704,0,104,49,0,71,0,0,0,28,2457,47,413,0,0,26,0,4,18,32,26,22,22,0,42,8,2,5,9,26,98,1,1,4,164,13,3,6,2,2,0,0,0,0,0,0,0,0,0,0,0,0,0,0,0,0,0,0,0,0,0,0,0,0,0,0,0,0,0,0,0,0,0,0,0,0,0,0,0,0,0,0,0,0,0,0,0,0,0,0,0,0,0,0,0,0,0,0,0,0,0,0,0,0,0,0,0,0,0,0,0,0,0,0,0,0,0,0,0,0,0,0,0,0,0,0,0
2025-09-23,NV,3682,0,105,49,0,73,0,0,0,27,2449,47,406,0,0,25,0,4,17,31,27,21,23,0,41,8,2,6,9,26,96,1,1,4,158,13,3,6,2,2,0,0,0,0,0,0,0,0,0,0,0,0,0,0,0,0,0,0,0,0,0,0,0,0,0,0,0,0,0,0,0,0,0,0,0,0,0,0,0,0,0,0,0,0,0,0,0,0,0,0,0,0,0,0,0,0,0,0,0,0,0,0,0,0,0,0,0,0,0,0,0,0,0,0,0,0,0,0,0,0,0,0,0,0,0,0,0
2025-09-24,NV,3641,0,105,50,0,74,0,0,0,26,2430,48,398,0,0,23,0,4,17,30,27,20,23,0,40,7,2,6,9,26,93,1,1,4,152,13,3,6,2,2,0,0,0,0,0,0,0,0,0,0,0,0,0,0,0,0,0,0,0,0,0,0,0,0,0,0,0,0,0,0,0,0,0,0,0,0,0,0,0,0,0,0,0,0,0,0,0,0,0,0,0,0,0,0,0,0,0,0,0,0,0,0,0,0,0,0,0,0,0,0,0,0,0,0,0,0,0,0,0,0,0,0,0,0,0,0,0
2025-09-25,NV,4189,0,122,58,0,88,0,0,0,30,2804,56,452,0,0,26,0,5,19,34,31,23,26,0,45,8,3,7,10,31,106,2,1,4,170,15,3,7,2,2,0,0,0,0,0,0,0,0,0,0,0,0,0,0,0,0,0,0,0,0,0,0,0,0,0,0,0,0,0,0,0,0,0,0,0,0,0,0,0,0,0,0,0,0,0,0,0,0,0,0,0,0,0,0,0,0,0,0,0,0,0,0,0,0,0,0,0,0,0,0,0,0,0,0,0,0,0,0,0,0,0,0,0,0,0,0,0
2025-09-26,NV,4071,0,121,57,0,88,0,0,0,28,2733,56,435,0,0,24,0,4,19,32,31,21,26,0,42,8,3,7,10,30,101,1,1,4,160,14,3,7,2,2,0,0,0,0,0,0,0,0,0,0,0,0,0,0,0,0,0,0,0,0,0,0,0,0,0,0,0,0,0,0,0,0,0,0,0,0,0,0,0,0,0,0,0,0,0,0,0,0,0,0,0,0,0,0,0,0,0,0,0,0,0,0,0,0,0,0,0,0,0,0,0,0,0,0,0,0,0,0,0,0,0,0,0,0,0,0,0
2025-09-27,NV,3857,0,116,55,0,86,0,0,0,26,2597,54,407,0,0,22,0,4,17,29,30,19,25,0,39,7,3,7,10,29,95,1,1,4,147,14,3,6,2,2,0,0,0,0,0,0,0,0,0,0,0,0,0,0,0,0,0,0,0,0,0,0,0,0,0,0,0,0,0,0,0,0,0,0,0,0,0,0,0,0,0,0,0,0,0,0,0,0,0,0,0,0,0,0,0,0,0,0,0,0,0,0,0,0,0,0,0,0,0,0,0,0,0,0,0,0,0,0,0,0,0,0,0,0,0,0,0
2025-09-28,NV,3617,0,110,52,0,83,0,0,0,24,2443,51,380,0,0,21,0,4,17,28,28,19,24,0,37,7,3,6,9,31,86,1,1,4,136,13,0,0,0,0,0,0,0,0,0,0,0,0,0,0,0,0,0,0,0,0,0,0,0,0,0,0,0,0,0,0,0,0,0,0,0,0,0,0,0,0,0,0,0,0,0,0,0,0,0,0,0,0,0,0,0,0,0,0,0,0,0,0,0,0,0,0,0,0,0,0,0,0,0,0,0,0,0,0,0,0,0,0,0,0,0,0,0,0,0,0,0
2025-09-29,NV,3379,0,103,50,0,79,0,0,0,22,2282,47,352,0,0,20,0,4,17,27,26,19,22,0,34,6,3,6,9,31,78,1,2,4,125,12,0,0,0,0,0,0,0,0,0,0,0,0,0,0,0,0,0,0,0,0,0,0,0,0,0,0,0,0,0,0,0,0,0,0,0,0,0,0,0,0,0,0,0,0,0,0,0,0,0,0,0,0,0,0,0,0,0,0,0,0,0,0,0,0,0,0,0,0,0,0,0,0,0,0,0,0,0,0,0,0,0,0,0,0,0,0,0,0,0,0,0
2025-09-30,NV,3180,0,98,47,0,76,0,0,0,21,2146,45,328,0,0,19,0,3,16,25,25,18,21,0,32,6,2,6,8,32,71,1,2,4,116,11,0,0,0,0,0,0,0,0,0,0,0,0,0,0,0,0,0,0,0,0,0,0,0,0,0,0,0,0,0,0,0,0,0,0,0,0,0,0,0,0,0,0,0,0,0,0,0,0,0,0,0,0,0,0,0,0,0,0,0,0,0,0,0,0,0,0,0,0,0,0,0,0,0,0,0,0,0,0,0,0,0,0,0,0,0,0,0,0,0,0,0
2025-10-01,NV,2992,0,93,45,0,73,0,0,0,20,2019,42,306,0,0,18,0,3,16,24,24,18,20,0,30,5,2,6,8,33,64,1,2,3,107,11,0,0,0,0,0,0,0,0,0,0,0,0,0,0,0,0,0,0,0,0,0,0,0,0,0,0,0,0,0,0,0,0,0,0,0,0,0,0,0,0,0,0,0,0,0,0,0,0,0,0,0,0,0,0,0,0,0,0,0,0,0,0,0,0,0,0,0,0,0,0,0,0,0,0,0,0,0,0,0,0,0,0,0,0,0,0,0,0,0,0,0
2025-10-02,NV,2207,0,69,33,0,55,0,0,0,14,1489,31,224,0,0,13,0,2,12,18,18,14,15,0,22,4,2,4,6,26,46,1,1,3,78,8,0,0,0,0,0,0,0,0,0,0,0,0,0,0,0,0,0,0,0,0,0,0,0,0,0,0,0,0,0,0,0,0,0,0,0,0,0,0,0,0,0,0,0,0,0,0,0,0,0,0,0,0,0,0,0,0,0,0,0,0,0,0,0,0,0,0,0,0,0,0,0,0,0,0,0,0,0,0,0,0,0,0,0,0,0,0,0,0,0,0,0
2025-10-03,NV,2055,0,64,31,0,53,0,0,0,13,1385,29,206,0,0,12,0,2,12,17,16,13,14,0,21,3,2,4,5,26,41,1,1,2,71,7,0,0,0,0,0,0,0,0,0,0,0,0,0,0,0,0,0,0,0,0,0,0,0,0,0,0,0,0,0,0,0,0,0,0,0,0,0,0,0,0,0,0,0,0,0,0,0,0,0,0,0,0,0,0,0,0,0,0,0,0,0,0,0,0,0,0,0,0,0,0,0,0,0,0,0,0,0,0,0,0,0,0,0,0,0,0,0,0,0,0,0
2025-10-04,NV,1979,0,62,31,0,52,0,0,0,13,1333,28,197,0,0,12,0,2,12,17,16,13,13,0,20,3,2,4,5,26,38,1,1,2,68,7,0,0,0,0,0,0,0,0,0,0,0,0,0,0,0,0,0,0,0,0,0,0,0,0,0,0,0,0,0,0,0,0,0,0,0,0,0,0,0,0,0,0,0,0,0,0,0,0,0,0,0,0,0,0,0,0,0,0,0,0,0,0,0,0,0,0,0,0,0,0,0,0,0,0,0,0,0,0,0,0,0,0,0,0,0,0,0,0,0,0,0
2025-10-05,NV,1948,0,62,30,0,52,0,0,0,12,1312,28,192,0,0,12,0,2,12,16,16,14,13,0,19,3,2,4,5,28,36,1,2,2,65,7,0,0,0,0,0,0,0,0,0,0,0,0,0,0,0,0,0,0,0,0,0,0,0,0,0,0,0,0,0,0,0,0,0,0,0,0,0,0,0,0,0,0,0,0,0,0,0,0,0,0,0,0,0,0,0,0,0,0,0,0,0,0,0,0,0,0,0,0,0,0,0,0,0,0,0,0,0,0,0,0,0,0,0,0,0,0,0,0,0,0,0
2025-10-06,NV,1955,0,63,31,0,53,0,0,0,12,1316,28,191,0,0,12,0,2,12,17,16,14,13,0,19,3,2,4,5,29,34,1,2,2,65,7,0,0,0,0,0,0,0,0,0,0,0,0,0,0,0,0,0,0,0,0,0,0,0,0,0,0,0,0,0,0,0,0,0,0,0,0,0,0,0,0,0,0,0,0,0,0,0,0,0,0,0,0,0,0,0,0,0,0,0,0,0,0,0,0,0,0,0,0,0,0,0,0,0,0,0,0,0,0,0,0,0,0,0,0,0,0,0,0,0,0,0
2025-10-07,NV,1994,0,64,32,0,55,0,0,0,12,1342,29,193,0,0,13,0,2,13,17,16,15,13,0,20,3,2,4,5,31,34,1,2,2,65,7,0,0,0,0,0,0,0,0,0,0,0,0,0,0,0,0,0,0,0,0,0,0,0,0,0,0,0,0,0,0,0,0,0,0,0,0,0,0,0,0,0,0,0,0,0,0,0,0,0,0,0,0,0,0,0,0,0,0,0,0,0,0,0,0,0,0,0,0,0,0,0,0,0,0,0,0,0,0,0,0,0,0,0,0,0,0,0,0,0,0,0
2025-10-08,NV,2071,0,67,33,0,58,0,0,0,13,1394,30,199,0,0,13,0,2,14,18,17,16,14,0,20,3,2,5,5,34,33,1,2,3,66,8,0,0,0,0,0,0,0,0,0,0,0,0,0,0,0,0,0,0,0,0,0,0,0,0,0,0,0,0,0,0,0,0,0,0,0,0,0,0,0,0,0,0,0,0,0,0,0,0,0,0,0,0,0,0,0,0,0,0,0,0,0,0,0,0,0,0,0,0,0,0,0,0,0,0,0,0,0,0,0,0,0,0,0,0,0,0,0,0,0,0,0
2025-10-09,NV,2187,0,71,36,0,63,0,0,0,13,1471,32,208,0,0,14,0,2,15,19,18,17,15,0,22,3,2,5,6,38,34,1,2,3,69,8,0,0,0,0,0,0,0,0,0,0,0,0,0,0,0,0,0,0,0,0,0,0,0,0,0,0,0,0,0,0,0,0,0,0,0,0,0,0,0,0,0,0,0,0,0,0,0,0,0,0,0,0,0,0,0,0,0,0,0,0,0,0,0,0,0,0,0,0,0,0,0,0,0,0,0,0,0,0,0,0,0,0,0,0,0,0,0,0,0,0,0
2025-10-10,NV,2263,0,74,37,0,66,0,0,0,14,1522,33,213,0,0,15,0,2,16,20,19,18,15,0,22,3,2,5,6,41,33,1,2,3,70,8,0,0,0,0,0,0,0,0,0,0,0,0,0,0,0,0,0,0,0,0,0,0,0,0,0,0,0,0,0,0,0,0,0,0,0,0,0,0,0,0,0,0,0,0,0,0,0,0,0,0,0,0,0,0,0,0,0,0,0,0,0,0,0,0,0,0,0,0,0,0,0,0,0,0,0,0,0,0,0,0,0,0,0,0,0,0,0,0,0,0,0
2025-10-11,NV,2281,0,75,38,0,68,0,0,0,14,1533,33,213,0,0,15,0,2,17,21,19,19,15,0,22,3,2,5,6,43,32,2,3,3,69,9,0,0,0,0,0,0,0,0,0,0,0,0,0,0,0,0,0,0,0,0,0,0,0,0,0,0,0,0,0,0,0,0,0,0,0,0,0,0,0,0,0,0,0,0,0,0,0,0,0,0,0,0,0,0,0,0,0,0,0,0,0,0,0,0,0,0,0,0,0,0,0,0,0,0,0,0,0,0,0,0,0,0,0,0,0,0,0,0,0,0,0
2025-10-12,NV,2222,0,74,37,0,67,0,0,0,13,1493,33,205,0,0,15,0,2,17,20,19,19,15,0,22,3,2,5,6,44,29,2,3,3,66,8,0,0,0,0,0,0,0,0,0,0,0,0,0,0,0,0,0,0,0,0,0,0,0,0,0,0,0,0,0,0,0,0,0,0,0,0,0,0,0,0,0,0,0,0,0,0,0,0,0,0,0,0,0,0,0,0,0,0,0,0,0,0,0,0,0,0,0,0,0,0,0,0,0,0,0,0,0,0,0,0,0,0,0,0,0,0,0,0,0,0,0
2025-10-13,NV,2126,0,71,36,0,66,0,0,0,13,1428,31,194,0,0,14,0,2,17,20,18,19,14,0,21,3,2,5,6,44,26,2,3,3,62,8,0,0,0,0,0,0,0,0,0,0,0,0,0,0,0,0,0,0,0,0,0,0,0,0,0,0,0,0,0,0,0,0,0,0,0,0,0,0,0,0,0,0,0,0,0,0,0,0,0,0,0,0,0,0,0,0,0,0,0,0,0,0,0,0,0,0,0,0,0,0,0,0,0,0,0,0,0,0,0,0,0,0,0,0,0,0,0,0,0,0,0
2025-10-14,NV,1999,0,67,34,0,63,0,0,0,12,1342,29,181,0,0,14,0,2,16,19,17,18,14,0,20,3,2,5,5,43,23,1,3,3,57,8,0,0,0,0,0,0,0,0,0,0,0,0,0,0,0,0,0,0,0,0,0,0,0,0,0,0,0,0,0,0,0,0,0,0,0,0,0,0,0,0,0,0,0,0,0,0,0,0,0,0,0,0,0,0,0,0,0,0,0,0,0,0,0,0,0,0,0,0,0,0,0,0,0,0,0,0,0,0,0,0,0,0,0,0,0,0,0,0,0,0,0
2025-10-15,NV,1841,0,62,32,0,59,0,0,0,11,1236,27,165,0,0,13,0,2,15,17,16,17,13,0,18,3,2,5,5,41,20,1,2,2,52,7,0,0,0,0,0,0,0,0,0,0,0,0,0,0,0,0,0,0,0,0,0,0,0,0,0,0,0,0,0,0,0,0,0,0,0,0,0,0,0,0,0,0,0,0,0,0,0,0,0,0,0,0,0,0,0,0,0,0,0,0,0,0,0,0,0,0,0,0,0,0,0,0,0,0,0,0,0,0,0,0,0,0,0,0,0,0,0,0,0,0,0
2025-10-16,NV,1652,0,56,29,0,53,0,0,0,10,1108,25,147,0,0,11,0,2,14,16,14,16,11,0,16,2,2,4,4,38,17,1,2,2,45,6,0,0,0,0,0,0,0,0,0,0,0,0,0,0,0,0,0,0,0,0,0,0,0,0,0,0,0,0,0,0,0,0,0,0,0,0,0,0,0,0,0,0,0,0,0,0,0,0,0,0,0,0,0,0,0,0,0,0,0,0,0,0,0,0,0,0,0,0,0,0,0,0,0,0,0,0,0,0,0,0,0,0,0,0,0,0,0,0,0,0,0
2025-10-17,NV,1500,0,51,26,0,49,0,0,0,9,1006,22,132,0,0,10,0,2,13,14,13,15,10,0,15,2,2,4,4,36,14,1,2,2,40,6,0,0,0,0,0,0,0,0,0,0,0,0,0,0,0,0,0,0,0,0,0,0,0,0,0,0,0,0,0,0,0,0,0,0,0,0,0,0,0,0,0,0,0,0,0,0,0,0,0,0,0,0,0,0,0,0,0,0,0,0,0,0,0,0,0,0,0,0,0,0,0,0,0,0,0,0,0,0,0,0,0,0,0,0,0,0,0,0,0,0,0
2025-10-18,NV,1386,0,48,24,0,46,0,0,0,8,929,21,121,0,0,10,0,2,12,13,12,14,10,0,13,2,2,4,4,34,12,1,2,2,37,5,0,0,0,0,0,0,0,0,0,0,0,0,0,0,0,0,0,0,0,0,0,0,0,0,0,0,0,0,0,0,0,0,0,0,0,0,0,0,0,0,0,0,0,0,0,0,0,0,0,0,0,0,0,0,0,0,0,0,0,0,0,0,0,0,0,0,0,0,0,0,0,0,0,0,0,0,0,0,0,0,0,0,0,0,0,0,0,0,0,0,0
2025-10-19,NV,1323,0,46,23,0,45,0,0,0,8,886,20,114,0,0,9,0,1,12,13,11,13,9,0,13,2,2,4,4,33,10,1,2,2,34,5,0,0,0,0,0,0,0,0,0,0,0,0,0,0,0,0,0,0,0,0,0,0,0,0,0,0,0,0,0,0,0,0,0,0,0,0,0,0,0,0,0,0,0,0,0,0,0,0,0,0,0,0,0,0,0,0,0,0,0,0,0,0,0,0,0,0,0,0,0,0,0,0,0,0,0,0,0,0,0,0,0,0,0,0,0,0,0,0,0,0,0
2025-10-20,NV,1249,0,43,22,0,43,0,0,0,7,837,19,107,0,0,9,0,1,11,12,11,13,9,0,12,2,2,3,3,33,9,1,2,2,32,5,0,0,0,0,0,0,0,0,0,0,0,0,0,0,0,0,0,0,0,0,0,0,0,0,0,0,0,0,0,0,0,0,0,0,0,0,0,0,0,0,0,0,0,0,0,0,0,0,0,0,0,0,0,0,0,0,0,0,0,0,0,0,0,0,0,0,0,0,0,0,0,0,0,0,0,0,0,0,0,0,0,0,0,0,0,0,0,0,0,0,0
2025-10-21,NV,1169,0,41,21,0,41,0,0,0,7,783,18,99,0,0,8,0,1,11,12,10,12,8,0,11,1,1,3,3,31,8,1,2,2,29,5,0,0,0,0,0,0,0,0,0,0,0,0,0,0,0,0,0,0,0,0,0,0,0,0,0,0,0,0,0,0,0,0,0,0,0,0,0,0,0,0,0,0,0,0,0,0,0,0,0,0,0,0,0,0,0,0,0,0,0,0,0,0,0,0,0,0,0,0,0,0,0,0,0,0,0,0,0,0,0,0,0,0,0,0,0,0,0,0,0,0,0
2025-10-22,NV,1098,0,39,20,0,39,0,0,0,6,735,17,92,0,0,8,0,1,11,11,10,12,8,0,11,1,1,3,3,30,6,1,2,2,27,4,0,0,0,0,0,0,0,0,0,0,0,0,0,0,0,0,0,0,0,0,0,0,0,0,0,0,0,0,0,0,0,0,0,0,0,0,0,0,0,0,0,0,0,0,0,0,0,0,0,0,0,0,0,0,0,0,0,0,0,0,0,0,0,0,0,0,0,0,0,0,0,0,0,0,0,0,0,0,0,0,0,0,0,0,0,0,0,0,0,0,0
2025-10-23,NV,1035,0,37,19,0,37,0,0,0,6,693,16,86,0,0,8,0,1,10,10,9,11,7,0,10,1,1,3,3,29,5,1,2,1,25,4,0,0,0,0,0,0,0,0,0,0,0,0,0,0,0,0,0,0,0,0,0,0,0,0,0,0,0,0,0,0,0,0,0,0,0,0,0,0,0,0,0,0,0,0,0,0,0,0,0,0,0,0,0,0,0,0,0,0,0,0,0,0,0,0,0,0,0,0,0,0,0,0,0,0,0,0,0,0,0,0,0,0,0,0,0,0,0,0,0,0,0
2025-10-24,NV,991,0,35,18,0,36,0,0,0,5,663,15,81,0,0,7,0,1,10,10,9,11,7,0,9,1,1,3,3,29,4,1,2,1,23,4,0,0,0,0,0,0,0,0,0,0,0,0,0,0,0,0,0,0,0,0,0,0,0,0,0,0,0,0,0,0,0,0,0,0,0,0,0,0,0,0,0,0,0,0,0,0,0,0,0,0,0,0,0,0,0,0,0,0,0,0,0,0,0,0,0,0,0,0,0,0,0,0,0,0,0,0,0,0,0,0,0,0,0,0,0,0,0,0,0,0,0
2025-10-25,NV,947,0,34,18,0,35,0,0,0,5,633,14,77,0,0,7,0,1,10,10,8,11,7,0,9,1,1,3,3,28,3,1,2,1,21,4,0,0,0,0,0,0,0,0,0,0,0,0,0,0,0,0,0,0,0,0,0,0,0,0,0,0,0,0,0,0,0,0,0,0,0,0,0,0,0,0,0,0,0,0,0,0,0,0,0,0,0,0,0,0,0,0,0,0,0,0,0,0,0,0,0,0,0,0,0,0,0,0,0,0,0,0,0,0,0,0,0,0,0,0,0,0,0,0,0,0,0
2025-10-26,NV,902,0,33,17,0,34,0,0,0,5,604,14,73,0,0,7,0,1,9,10,8,10,6,0,9,1,1,3,2,27,4,1,2,1,20,0,0,0,0,0,0,0,0,0,0,0,0,0,0,0,0,0,0,0,0,0,0,0,0,0,0,0,0,0,0,0,0,0,0,0,0,0,0,0,0,0,0,0,0,0,0,0,0,0,0,0,0,0,0,0,0,0,0,0,0,0,0,0,0,0,0,0,0,0,0,0,0,0,0,0,0,0,0,0,0,0,0,0,0,0,0,0,0,0,0,0,0
2025-10-27,NV,873,0,33,17,0,33,0,0,0,5,584,13,70,0,0,6,0,1,9,9,8,10,6,0,8,1,1,3,2,27,4,1,2,1,19,0,0,0,0,0,0,0,0,0,0,0,0,0,0,0,0,0,0,0,0,0,0,0,0,0,0,0,0,0,0,0,0,0,0,0,0,0,0,0,0,0,0,0,0,0,0,0,0,0,0,0,0,0,0,0,0,0,0,0,0,0,0,0,0,0,0,0,0,0,0,0,0,0,0,0,0,0,0,0,0,0,0,0,0,0,0,0,0,0,0,0,0
2025-10-28,NV,856,0,33,17,0,33,0,0,0,5,571,13,68,0,0,6,0,1,8,9,7,9,6,0,8,1,1,3,2,27,5,1,2,1,18,0,0,0,0,0,0,0,0,0,0,0,0,0,0,0,0,0,0,0,0,0,0,0,0,0,0,0,0,0,0,0,0,0,0,0,0,0,0,0,0,0,0,0,0,0,0,0,0,0,0,0,0,0,0,0,0,0,0,0,0,0,0,0,0,0,0,0,0,0,0,0,0,0,0,0,0,0,0,0,0,0,0,0,0,0,0,0,0,0,0,0,0
2025-10-29,NV,851,0,33,17,0,34,0,0,0,5,567,13,67,0,0,6,0,1,8,10,7,9,5,0,8,1,1,3,2,27,5,1,2,1,18,0,0,0,0,0,0,0,0,0,0,0,0,0,0,0,0,0,0,0,0,0,0,0,0,0,0,0,0,0,0,0,0,0,0,0,0,0,0,0,0,0,0,0,0,0,0,0,0,0,0,0,0,0,0,0,0,0,0,0,0,0,0,0,0,0,0,0,0,0,0,0,0,0,0,0,0,0,0,0,0,0,0,0,0,0,0,0,0,0,0,0,0
2025-10-30,NV,860,0,34,18,0,35,0,0,0,5,571,13,67,0,0,6,0,1,8,10,7,9,5,0,8,1,1,3,2,28,6,1,2,1,18,0,0,0,0,0,0,0,0,0,0,0,0,0,0,0,0,0,0,0,0,0,0,0,0,0,0,0,0,0,0,0,0,0,0,0,0,0,0,0,0,0,0,0,0,0,0,0,0,0,0,0,0,0,0,0,0,0,0,0,0,0,0,0,0,0,0,0,0,0,0,0,0,0,0,0,0,0,0,0,0,0,0,0,0,0,0,0,0,0,0,0,0
2025-10-31,NV,881,0,36,19,0,36,0,0,0,5,584,14,67,0,0,6,0,1,8,10,7,9,5,0,8,1,1,3,2,29,7,1,2,1,18,0,0,0,0,0,0,0,0,0,0,0,0,0,0,0,0,0,0,0,0,0,0,0,0,0,0,0,0,0,0,0,0,0,0,0,0,0,0,0,0,0,0,0,0,0,0,0,0,0,0,0,0,0,0,0,0,0,0,0,0,0,0,0,0,0,0,0,0,0,0,0,0,0,0,0,0,0,0,0,0,0,0,0,0,0,0,0,0,0,0,0,0
2025-11-01,NV,933,0,38,20,0,39,0,0,0,5,617,15,71,0,0,6,0,1,8,11,8,9,6,0,8,1,1,3,3,31,8,1,2,1,19,0,0,0,0,0,0,0,0,0,0,0,0,0,0,0,0,0,0,0,0,0,0,0,0,0,0,0,0,0,0,0,0,0,0,0,0,0,0,0,0,0,0,0,0,0,0,0,0,0,0,0,0,0,0,0,0,0,0,0,0,0,0,0,0,0,0,0,0,0,0,0,0,0,0,0,0,0,0,0,0,0,0,0,0,0,0,0,0,0,0,0,0
2025-11-02,NV,979,0,41,21,0,41,0,0,0,5,646,16,73,0,0,7,0,2,9,12,8,10,6,0,9,2,1,3,3,33,9,1,2,2,19,0,0,0,0,0,0,0,0,0,0,0,0,0,0,0,0,0,0,0,0,0,0,0,0,0,0,0,0,0,0,0,0,0,0,0,0,0,0,0,0,0,0,0,0,0,0,0,0,0,0,0,0,0,0,0,0,0,0,0,0,0,0,0,0,0,0,0,0,0,0,0,0,0,0,0,0,0,0,0,0,0,0,0,0,0,0,0,0,0,0,0,0
2025-11-03,NV,1010,0,43,22,0,43,0,0,0,6,665,16,75,0,0,7,0,2,9,12,8,10,6,0,9,2,2,3,3,34,10,1,2,2,19,0,0,0,0,0,0,0,0,0,0,0,0,0,0,0,0,0,0,0,0,0,0,0,0,0,0,0,0,0,0,0,0,0,0,0,0,0,0,0,0,0,0,0,0,0,0,0,0,0,0,0,0,0,0,0,0,0,0,0,0,0,0,0,0,0,0,0,0,0,0,0,0,0,0,0,0,0,0,0,0,0,0,0,0,0,0,0,0,0,0,0,0
2025-11-04,NV,1027,0,45,23,0,44,0,0,0,6,674,16,75,0,0,7,0,2,9,13,8,10,6,0,9,2,2,3,3,35,11,1,3,2,19,0,0,0,0,0,0,0,0,0,0,0,0,0,0,0,0,0,0,0,0,0,0,0,0,0,0,0,0,0,0,0,0,0,0,0,0,0,0,0,0,0,0,0,0,0,0,0,0,0,0,0,0,0,0,0,0,0,0,0,0,0,0,0,0,0,0,0,0,0,0,0,0,0,0,0,0,0,0,0,0,0,0,0,0,0,0,0,0,0,0,0,0
2025-11-05,NV,1038,0,46,24,0,45,0,0,0,6,680,17,75,0,0,7,0,2,9,13,8,9,6,0,9,2,2,4,3,36,12,1,3,2,19,0,0,0,0,0,0,0,0,0,0,0,0,0,0,0,0,0,0,0,0,0,0,0,0,0,0,0,0,0,0,0,0,0,0,0,0,0,0,0,0,0,0,0,0,0,0,0,0,0,0,0,0,0,0,0,0,0,0,0,0,0,0,0,0,0,0,0,0,0,0,0,0,0,0,0,0,0,0,0,0,0,0,0,0,0,0,0,0,0,0,0,0
2025-11-06,NV,1045,0,47,24,0,46,0,0,0,6,683,17,75,0,0,7,0,2,8,14,8,9,5,0,9,2,2,4,3,37,13,1,3,2,19,0,0,0,0,0,0,0,0,0,0,0,0,0,0,0,0,0,0,0,0,0,0,0,0,0,0,0,0,0,0,0,0,0,0,0,0,0,0,0,0,0,0,0,0,0,0,0,0,0,0,0,0,0,0,0,0,0,0,0,0,0,0,0,0,0,0,0,0,0,0,0,0,0,0,0,0,0,0,0,0,0,0,0,0,0,0,0,0,0,0,0,0
2025-11-07,NV,1045,0,48,25,0,47,0,0,0,6,681,17,74,0,0,7,0,2,8,14,8,9,5,0,9,2,2,4,3,37,14,1,3,2,18,0,0,0,0,0,0,0,0,0,0,0,0,0,0,0,0,0,0,0,0,0,0,0,0,0,0,0,0,0,0,0,0,0,0,0,0,0,0,0,0,0,0,0,0,0,0,0,0,0,0,0,0,0,0,0,0,0,0,0,0,0,0,0,0,0,0,0,0,0,0,0,0,0,0,0,0,0,0,0,0,0,0,0,0,0,0,0,0,0,0,0,0
2025-11-08,NV,1008,0,47,24,0,46,0,0,0,6,656,16,71,0,0,6,0,2,8,14,7,8,5,0,8,2,2,4,3,36,14,1,3,2,17,0,0,0,0,0,0,0,0,0,0,0,0,0,0,0,0,0,0,0,0,0,0,0,0,0,0,0,0,0,0,0,0,0,0,0,0,0,0,0,0,0,0,0,0,0,0,0,0,0,0,0,0,0,0,0,0,0,0,0,0,0,0,0,0,0,0,0,0,0,0,0,0,0,0,0,0,0,0,0,0,0,0,0,0,0,0,0,0,0,0,0,0
2025-11-09,NV,957,0,45,23,0,44,0,0,0,5,621,16,67,0,0,6,0,2,7,13,7,8,5,0,8,2,2,3,3,35,14,1,3,2,16,0,0,0,0,0,0,0,0,0,0,0,0,0,0,0,0,0,0,0,0,0,0,0,0,0,0,0,0,0,0,0,0,0,0,0,0,0,0,0,0,0,0,0,0,0,0,0,0,0,0,0,0,0,0,0,0,0,0,0,0,0,0,0,0,0,0,0,0,0,0,0,0,0,0,0,0,0,0,0,0,0,0,0,0,0,0,0,0,0,0,0,0
2025-11-10,NV,915,0,44,23,0,43,0,0,0,5,593,15,63,0,0,6,0,2,7,13,6,7,4,0,7,2,2,3,3,34,14,1,3,2,15,0,0,0,0,0,0,0,0,0,0,0,0,0,0,0,0,0,0,0,0,0,0,0,0,0,0,0,0,0,0,0,0,0,0,0,0,0,0,0,0,0,0,0,0,0,0,0,0,0,0,0,0,0,0,0,0,0,0,0,0,0,0,0,0,0,0,0,0,0,0,0,0,0,0,0,0,0,0,0,0,0,0,0,0,0,0,0,0,0,0,0,0
2025-11-11,NV,885,0,43,22,0,42,0,0,0,5,572,15,60,0,0,5,0,2,6,12,6,7,4,0,7,2,2,3,3,33,14,1,2,1,14,0,0,0,0,0,0,0,0,0,0,0,0,0,0,0,0,0,0,0,0,0,0,0,0,0,0,0,0,0,0,0,0,0,0,0,0,0,0,0,0,0,0,0,0,0,0,0,0,0,0,0,0,0,0,0,0,0,0,0,0,0,0,0,0,0,0,0,0,0,0,0,0,0,0,0,0,0,0,0,0,0,0,0,0,0,0,0,0,0,0,0,0
2025-11-12,NV,861,0,43,22,0,41,0,0,0,5,555,14,58,0,0,5,0,2,6,12,6,6,4,0,7,2,1,3,3,33,14,1,2,1,14,0,0,0,0,0,0,0,0,0,0,0,0,0,0,0,0,0,0,0,0,0,0,0,0,0,0,0,0,0,0,0,0,0,0,0,0,0,0,0,0,0,0,0,0,0,0,0,0,0,0,0,0,0,0,0,0,0,0,0,0,0,0,0,0,0,0,0,0,0,0,0,0,0,0,0,0,0,0,0,0,0,0,0,0,0,0,0,0,0,0,0,0
2025-11-13,NV,841,0,42,22,0,41,0,0,0,5,541,14,56,0,0,5,0,2,6,12,6,6,3,0,7,2,1,3,2,32,14,1,2,1,13,0,0,0,0,0,0,0,0,0,0,0,0,0,0,0,0,0,0,0,0,0,0,0,0,0,0,0,0,0,0,0,0,0,0,0,0,0,0,0,0,0,0,0,0,0,0,0,0,0,0,0,0,0,0,0,0,0,0,0,0,0,0,0,0,0,0,0,0,0,0,0,0,0,0,0,0,0,0,0,0,0,0,0,0,0,0,0,0,0,0,0,0
2025-11-14,NV,822,0,42,22,0,40,0,0,0,5,528,14,54,0,0,5,0,2,5,12,5,6,3,0,6,2,1,3,2,32,15,1,2,1,12,0,0,0,0,0,0,0,0,0,0,0,0,0,0,0,0,0,0,0,0,0,0,0,0,0,0,0,0,0,0,0,0,0,0,0,0,0,0,0,0,0,0,0,0,0,0,0,0,0,0,0,0,0,0,0,0,0,0,0,0,0,0,0,0,0,0,0,0,0,0,0,0,0,0,0,0,0,0,0,0,0,0,0,0,0,0,0,0,0,0,0,0
2025-11-15,NV,824,0,43,22,0,41,0,0,0,5,528,14,53,0,0,5,0,2,5,12,5,6,3,0,6,2,1,3,2,32,15,1,2,1,12,0,0,0,0,0,0,0,0,0,0,0,0,0,0,0,0,0,0,0,0,0,0,0,0,0,0,0,0,0,0,0,0,0,0,0,0,0,0,0,0,0,0,0,0,0,0,0,0,0,0,0,0,0,0,0,0,0,0,0,0,0,0,0,0,0,0,0,0,0,0,0,0,0,0,0,0,0,0,0,0,0,0,0,0,0,0,0,0,0,0,0,0
2025-11-16,NV,855,0,45,23,0,43,0,0,0,5,547,14,55,0,0,5,0,2,5,13,5,6,3,0,6,2,2,3,3,34,17,1,3,2,12,0,0,0,0,0,0,0,0,0,0,0,0,0,0,0,0,0,0,0,0,0,0,0,0,0,0,0,0,0,0,0,0,0,0,0,0,0,0,0,0,0,0,0,0,0,0,0,0,0,0,0,0,0,0,0,0,0,0,0,0,0,0,0,0,0,0,0,0,0,0,0,0,0,0,0,0,0,0,0,0,0,0,0,0,0,0,0,0,0,0,0,0
2025-11-17,NV,891,0,47,24,0,45,0,0,0,5,568,15,56,0,0,5,0,2,5,14,6,6,3,0,7,2,2,3,3,36,18,1,3,2,12,0,0,0,0,0,0,0,0,0,0,0,0,0,0,0,0,0,0,0,0,0,0,0,0,0,0,0,0,0,0,0,0,0,0,0,0,0,0,0,0,0,0,0,0,0,0,0,0,0,0,0,0,0,0,0,0,0,0,0,0,0,0,0,0,0,0,0,0,0,0,0,0,0,0,0,0,0,0,0,0,0,0,0,0,0,0,0,0,0,0,0,0
2025-11-18,NV,929,0,50,26,0,48,0,0,0,5,591,16,58,0,0,5,0,2,5,14,6,6,3,0,7,2,2,4,3,38,19,1,3,2,12,0,0,0,0,0,0,0,0,0,0,0,0,0,0,0,0,0,0,0,0,0,0,0,0,0,0,0,0,0,0,0,0,0,0,0,0,0,0,0,0,0,0,0,0,0,0,0,0,0,0,0,0,0,0,0,0,0,0,0,0,0,0,0,0,0,0,0,0,0,0,0,0,0,0,0,0,0,0,0,0,0,0,0,0,0,0,0,0,0,0,0,0
2025-11-19,NV,963,0,53,27,0,50,0,0,0,6,611,17,59,0,0,5,0,2,5,15,6,6,3,0,7,2,2,4,3,39,21,1,3,2,13,0,0,0,0,0,0,0,0,0,0,0,0,0,0,0,0,0,0,0,0,0,0,0,0,0,0,0,0,0,0,0,0,0,0,0,0,0,0,0,0,0,0,0,0,0,0,0,0,0,0,0,0,0,0,0,0,0,0,0,0,0,0,0,0,0,0,0,0,0,0,0,0,0,0,0,0,0,0,0,0,0,0,0,0,0,0,0,0,0,0,0,0
2025-11-20,NV,990,0,55,28,0,52,0,0,0,6,627,17,60,0,0,5,0,2,5,16,6,6,3,0,7,3,2,4,3,41,22,2,3,2,13,0,0,0,0,0,0,0,0,0,0,0,0,0,0,0,0,0,0,0,0,0,0,0,0,0,0,0,0,0,0,0,0,0,0,0,0,0,0,0,0,0,0,0,0,0,0,0,0,0,0,0,0,0,0,0,0,0,0,0,0,0,0,0,0,0,0,0,0,0,0,0,0,0,0,0,0,0,0,0,0,0,0,0,0,0,0,0,0,0,0,0,0
2025-11-21,NV,1007,0,57,29,0,54,0,0,0,6,637,17,61,0,0,5,0,3,5,16,6,6,3,0,7,3,2,4,3,42,23,2,3,2,12,0,0,0,0,0,0,0,0,0,0,0,0,0,0,0,0,0,0,0,0,0,0,0,0,0,0,0,0,0,0,0,0,0,0,0,0,0,0,0,0,0,0,0,0,0,0,0,0,0,0,0,0,0,0,0,0,0,0,0,0,0,0,0,0,0,0,0,0,0,0,0,0,0,0,0,0,0,0,0,0,0,0,0,0,0,0,0,0,0,0,0,0
2025-11-22,NV,1014,0,57,29,0,54,5,0,0,6,630,17,59,0,3,5,0,3,5,16,6,5,3,8,7,3,2,4,3,42,24,2,3,2,12,0,0,0,0,0,0,0,0,0,0,0,0,0,0,0,0,0,0,0,0,0,0,0,0,0,0,0,0,0,0,0,0,0,0,0,0,0,0,0,0,0,0,0,0,0,0,0,0,0,0,0,0,0,0,0,0,0,0,0,0,0,0,0,0,0,0,0,0,0,0,0,0,0,0,0,0,0,0,0,0,0,0,0,0,0,0,0,0,0,0,0,0
2025-11-23,NV,995,0,56,28,0,53,5,0,0,6,617,17,59,0,3,5,0,3,5,16,5,6,3,8,7,3,2,4,3,41,22,2,3,2,12,0,0,0,0,0,0,0,0,0,0,0,0,0,0,0,0,0,0,0,0,0,0,0,0,0,0,0,0,0,0,0,0,0,0,0,0,0,0,0,0,0,0,0,0,0,0,0,0,0,0,0,0,0,0,0,0,0,0,0,0,0,0,0,0,0,0,0,0,0,0,0,0,0,0,0,0,0,0,0,0,0,0,0,0,0,0,0,0,0,0,0,0
2025-11-24,NV,988,0,56,28,0,53,5,0,0,6,612,17,59,0,3,5,0,3,5,16,5,6,4,8,7,3,2,4,3,40,22,2,3,2,11,0,0,0,0,0,0,0,0,0,0,0,0,0,0,0,0,0,0,0,0,0,0,0,0,0,0,0,0,0,0,0,0,0,0,0,0,0,0,0,0,0,0,0,0,0,0,0,0,0,0,0,0,0,0,0,0,0,0,0,0,0,0,0,0,0,0,0,0,0,0,0,0,0,0,0,0,0,0,0,0,0,0,0,0,0,0,0,0,0,0,0,0
2025-11-25,NV,995,0,57,27,0,54,5,0,0,5,615,18,60,0,3,5,0,3,5,16,5,6,4,8,7,3,2,4,3,40,21,2,3,2,11,0,0,0,0,0,0,0,0,0,0,0,0,0,0,0,0,0,0,0,0,0,0,0,0,0,0,0,0,0,0,0,0,0,0,0,0,0,0,0,0,0,0,0,0,0,0,0,0,0,0,0,0,0,0,0,0,0,0,0,0,0,0,0,0,0,0,0,0,0,0,0,0,0,0,0,0,0,0,0,0,0,0,0,0,0,0,0,0,0,0,0,0
2025-11-26,NV,1017,0,59,27,0,55,5,0,0,5,628,18,62,0,3,5,0,3,5,16,5,7,5,8,7,3,2,4,3,40,21,2,4,2,12,0,0,0,0,0,0,0,0,0,0,0,0,0,0,0,0,0,0,0,0,0,0,0,0,0,0,0,0,0,0,0,0,0,0,0,0,0,0,0,0,0,0,0,0,0,0,0,0,0,0,0,0,0,0,0,0,0,0,0,0,0,0,0,0,0,0,0,0,0,0,0,0,0,0,0,0,0,0,0,0,0,0,0,0,0,0,0,0,0,0,0,0
2025-11-27,NV,1055,0,62,28,0,57,5,0,0,6,650,19,66,0,3,5,0,3,6,17,5,7,6,9,7,3,2,5,3,42,21,2,4,2,12,0,0,0,0,0,0,0,0,0,0,0,0,0,0,0,0,0,0,0,0,0,0,0,0,0,0,0,0,0,0,0,0,0,0,0,0,0,0,0,0,0,0,0,0,0,0,0,0,0,0,0,0,0,0,0,0,0,0,0,0,0,0,0,0,0,0,0,0,0,0,0,0,0,0,0,0,0,0,0,0,0,0,0,0,0,0,0,0,0,0,0,0
2025-11-28,NV,1113,0,66,29,0,61,5,0,0,6,685,20,70,0,3,5,0,3,6,18,6,8,7,9,8,3,2,5,3,43,21,2,4,2,12,0,0,0,0,0,0,0,0,0,0,0,0,0,0,0,0,0,0,0,0,0,0,0,0,0,0,0,0,0,0,0,0,0,0,0,0,0,0,0,0,0,0,0,0,0,0,0,0,0,0,0,0,0,0,0,0,0,0,0,0,0,0,0,0,0,0,0,0,0,0,0,0,0,0,0,0,0,0,0,0,0,0,0,0,0,0,0,0,0,0,0,0
2025-11-29,NV,1177,0,70,30,0,65,6,0,0,6,724,22,75,0,3,5,0,4,6,19,6,9,8,10,8,3,2,5,4,45,22,2,4,2,13,0,0,0,0,0,0,0,0,0,0,0,0,0,0,0,0,0,0,0,0,0,0,0,0,0,0,0,0,0,0,0,0,0,0,0,0,0,0,0,0,0,0,0,0,0,0,0,0,0,0,0,0,0,0,0,0,0,0,0,0,0,0,0,0,0,0,0,0,0,0,0,0,0,0,0,0,0,0,0,0,0,0,0,0,0,0,0,0,0,0,0,0
2025-11-30,NV,1233,0,74,31,0,68,6,0,0,6,757,23,79,0,3,5,0,4,7,20,6,10,9,10,8,4,3,5,4,47,22,2,5,2,13,0,0,0,0,0,0,0,0,0,0,0,0,0,0,0,0,0,0,0,0,0,0,0,0,0,0,0,0,0,0,0,0,0,0,0,0,0,0,0,0,0,0,0,0,0,0,0,0,0,0,0,0,0,0,0,0,0,0,0,0,0,0,0,0,0,0,0,0,0,0,0,0,0,0,0,0,0,0,0,0,0,0,0,0,0,0,0,0,0,0,0,0
2025-12-01,NV,1276,0,77,31,0,71,6,0,0,6,782,24,83,0,3,5,0,4,7,21,6,10,10,11,9,4,3,6,4,48,22,2,5,2,14,0,0,0,0,0,0,0,0,0,0,0,0,0,0,0,0,0,0,0,0,0,0,0,0,0,0,0,0,0,0,0,0,0,0,0,0,0,0,0,0,0,0,0,0,0,0,0,0,0,0,0,0,0,0,0,0,0,0,0,0,0,0,0,0,0,0,0,0,0,0,0,0,0,0,0,0,0,0,0,0,0,0,0,0,0,0,0,0,0,0,0,0
2025-12-02,NV,1300,0,79,31,0,72,6,0,0,6,796,25,86,0,3,5,0,4,7,21,6,11,11,11,9,4,3,6,4,48,22,2,5,3,14,0,0,0,0,0,0,0,0,0,0,0,0,0,0,0,0,0,0,0,0,0,0,0,0,0,0,0,0,0,0,0,0,0,0,0,0,0,0,0,0,0,0,0,0,0,0,0,0,0,0,0,0,0,0,0,0,0,0,0,0,0,0,0,0,0,0,0,0,0,0,0,0,0,0,0,0,0,0,0,0,0,0,0,0,0,0,0,0,0,0,0,0
2025-12-03,NV,1307,0,80,30,0,73,6,0,0,6,799,25,87,0,3,5,0,4,7,21,6,11,11,11,9,4,3,6,4,48,21,2,5,3,14,0,0,0,0,0,0,0,0,0,0,0,0,0,0,0,0,0,0,0,0,0,0,0,0,0,0,0,0,0,0,0,0,0,0,0,0,0,0,0,0,0,0,0,0,0,0,0,0,0,0,0,0,0,0,0,0,0,0,0,0,0,0,0,0,0,0,0,0,0,0,0,0,0,0,0,0,0,0,0,0,0,0,0,0,0,0,0,0,0,0,0,0
2025-12-04,NV,1295,0,80,30,0,73,6,0,0,6,791,25,87,0,3,5,0,4,7,21,6,12,12,11,9,4,3,6,4,47,20,2,5,3,14,0,0,0,0,0,0,0,0,0,0,0,0,0,0,0,0,0,0,0,0,0,0,0,0,0,0,0,0,0,0,0,0,0,0,0,0,0,0,0,0,0,0,0,0,0,0,0,0,0,0,0,0,0,0,0,0,0,0,0,0,0,0,0,0,0,0,0,0,0,0,0,0,0,0,0,0,0,0,0,0,0,0,0,0,0,0,0,0,0,0,0,0
2025-12-05,NV,1271,0,79,28,0,72,6,0,0,5,774,25,86,0,3,5,0,4,7,20,5,12,12,11,9,4,3,6,4,46,19,2,5,3,13,0,0,0,0,0,0,0,0,0,0,0,0,0,0,0,0,0,0,0,0,0,0,0,0,0,0,0,0,0,0,0,0,0,0,0,0,0,0,0,0,0,0,0,0,0,0,0,0,0,0,0,0,0,0,0,0,0,0,0,0,0,0,0,0,0,0,0,0,0,0,0,0,0,0,0,0,0,0,0,0,0,0,0,0,0,0,0,0,0,0,0,0
2025-12-06,NV,1239,0,78,27,0,70,6,0,0,5,754,25,85,0,3,5,0,4,7,20,5,12,13,11,8,4,3,6,4,44,17,2,5,3,13,0,0,0,0,0,0,0,0,0,0,0,0,0,0,0,0,0,0,0,0,0,0,0,0,0,0,0,0,0,0,0,0,0,0,0,0,0,0,0,0,0,0,0,0,0,0,0,0,0,0,0,0,0,0,0,0,0,0,0,0,0,0,0,0,0,0,0,0,0,0,0,0,0,0,0,0,0,0,0,0,0,0,0,0,0,0,0,0,0,0,0,0
2025-12-07,NV,1247,0,79,27,0,71,6,0,0,5,758,25,87,0,3,5,0,4,7,20,5,13,14,11,9,4,3,6,4,44,17,2,5,3,13,0,0,0,0,0,0,0,0,0,0,0,0,0,0,0,0,0,0,0,0,0,0,0,0,0,0,0,0,0,0,0,0,0,0,0,0,0,0,0,0,0,0,0,0,0,0,0,0,0,0,0,0,0,0,0,0,0,0,0,0,0,0,0,0,0,0,0,0,0,0,0,0,0,0,0,0,0,0,0,0,0,0,0,0,0,0,0,0,0,0,0,0
2025-12-08,NV,1270,0,81,26,0,72,6,0,0,5,771,26,89,0,3,5,0,5,8,20,5,13,15,12,9,4,3,6,4,44,16,2,5,3,13,0,0,0,0,0,0,0,0,0,0,0,0,0,0,0,0,0,0,0,0,0,0,0,0,0,0,0,0,0,0,0,0,0,0,0,0,0,0,0,0,0,0,0,0,0,0,0,0,0,0,0,0,0,0,0,0,0,0,0,0,0,0,0,0,0,0,0,0,0,0,0,0,0,0,0,0,0,0,0,0,0,0,0,0,0,0,0,0,0,0,0,0
2025-12-09,NV,1306,0,84,26,0,75,6,0,0,5,792,27,93,0,3,5,0,5,8,21,5,14,16,12,9,4,3,6,4,45,16,3,6,3,13,0,0,0,0,0,0,0,0,0,0,0,0,0,0,0,0,0,0,0,0,0,0,0,0,0,0,0,0,0,0,0,0,0,0,0,0,0,0,0,0,0,0,0,0,0,0,0,0,0,0,0,0,0,0,0,0,0,0,0,0,0,0,0,0,0,0,0,0,0,0,0,0,0,0,0,0,0,0,0,0,0,0,0,0,0,0,0,0,0,0,0,0
2025-12-10,NV,1351,0,88,27,0,78,6,0,0,5,817,28,97,0,3,5,0,5,8,22,5,15,17,13,9,5,3,7,4,46,15,3,6,3,13,0,0,0,0,0,0,0,0,0,0,0,0,0,0,0,0,0,0,0,0,0,0,0,0,0,0,0,0,0,0,0,0,0,0,0,0,0,0,0,0,0,0,0,0,0,0,0,0,0,0,0,0,0,0,0,0,0,0,0,0,0,0,0,0,0,0,0,0,0,0,0,0,0,0,0,0,0,0,0,0,0,0,0,0,0,0,0,0,0,0,0,0
2025-12-11,NV,1405,0,92,27,0,81,6,0,0,5,849,29,102,0,3,5,0,5,9,22,5,16,18,13,10,5,3,7,4,47,15,3,6,3,14,0,0,0,0,0,0,0,0,0,0,0,0,0,0,0,0,0,0,0,0,0,0,0,0,0,0,0,0,0,0,0,0,0,0,0,0,0,0,0,0,0,0,0,0,0,0,0,0,0,0,0,0,0,0,0,0,0,0,0,0,0,0,0,0,0,0,0,0,0,0,0,0,0,0,0,0,0,0,0,0,0,0,0,0,0,0,0,0,0,0,0,0
2025-12-12,NV,1467,0,97,27,0,85,6,0,0,5,885,31,107,0,3,5,0,6,9,23,5,17,20,14,10,5,4,7,5,48,15,3,7,3,14,0,0,0,0,0,0,0,0,0,0,0,0,0,0,0,0,0,0,0,0,0,0,0,0,0,0,0,0,0,0,0,0,0,0,0,0,0,0,0,0,0,0,0,0,0,0,0,0,0,0,0,0,0,0,0,0,0,0,0,0,0,0,0,0,0,0,0,0,0,0,0,0,0,0,0,0,0,0,0,0,0,0,0,0,0,0,0,0,0,0,0,0
2025-12-13,NV,1535,0,102,28,0,90,7,0,0,5,925,33,114,0,4,5,0,6,9,25,5,18,22,15,10,5,4,8,5,50,14,3,7,3,15,0,0,0,0,0,0,0,0,0,0,0,0,0,0,0,0,0,0,0,0,0,0,0,0,0,0,0,0,0,0,0,0,0,0,0,0,0,0,0,0,0,0,0,0,0,0,0,0,0,0,0,0,0,0,0,0,0,0,0,0,0,0,0,0,0,0,0,0,0,0,0,0,0,0,0,0,0,0,0,0,0,0,0,0,0,0,0,0,0,0,0,0
2025-12-14,NV,1591,0,107,28,0,93,7,0,0,5,957,34,119,0,4,5,0,6,10,25,5,20,23,15,11,6,4,8,5,51,14,3,7,3,15,0,0,0,0,0,0,0,0,0,0,0,0,0,0,0,0,0,0,0,0,0,0,0,0,0,0,0,0,0,0,0,0,0,0,0,0,0,0,0,0,0,0,0,0,0,0,0,0,0,0,0,0,0,0,0,0,0,0,0,0,0,0,0,0,0,0,0,0,0,0,0,0,0,0,0,0,0,0,0,0,0,0,0,0,0,0,0,0,0,0,0,0
2025-12-15,NV,1636,0,110,28,0,96,7,0,0,5,983,35,123,0,4,5,0,7,10,26,5,21,25,16,11,6,4,8,5,52,13,3,8,4,15,0,0,0,0,0,0,0,0,0,0,0,0,0,0,0,0,0,0,0,0,0,0,0,0,0,0,0,0,0,0,0,0,0,0,0,0,0,0,0,0,0,0,0,0,0,0,0,0,0,0,0,0,0,0,0,0,0,0,0,0,0,0,0,0,0,0,0,0,0,0,0,0,0,0,0,0,0,0,0,0,0,0,0,0,0,0,0,0,0,0,0,0
2025-12-16,NV,1680,0,114,28,0,99,7,0,0,5,1008,37,128,0,4,5,0,7,11,27,5,22,27,17,11,6,4,9,5,52,12,4,8,4,16,0,0,0,0,0,0,0,0,0,0,0,0,0,0,0,0,0,0,0,0,0,0,0,0,0,0,0,0,0,0,0,0,0,0,0,0,0,0,0,0,0,0,0,0,0,0,0,0,0,0,0,0,0,0,0,0,0,0,0,0,0,0,0,0,0,0,0,0,0,0,0,0,0,0,0,0,0,0,0,0,0,0,0,0,0,0,0,0,0,0,0,0
2025-12-17,NV,1713,0,117,28,0,102,7,0,0,5,1026,38,132,0,4,5,0,7,11,27,5,23,28,17,12,6,4,9,6,53,11,4,8,4,16,0,0,0,0,0,0,0,0,0,0,0,0,0,0,0,0,0,0,0,0,0,0,0,0,0,0,0,0,0,0,0,0,0,0,0,0,0,0,0,0,0,0,0,0,0,0,0,0,0,0,0,0,0,0,0,0,0,0,0,0,0,0,0,0,0,0,0,0,0,0,0,0,0,0,0,0,0,0,0,0,0,0,0,0,0,0,0,0,0,0,0,0
2025-12-18,NV,1736,0,120,27,0,103,7,0,0,4,1038,39,135,0,4,5,0,7,11,28,5,24,29,17,12,7,4,9,6,53,10,4,8,4,16,0,0,0,0,0,0,0,0,0,0,0,0,0,0,0,0,0,0,0,0,0,0,0,0,0,0,0,0,0,0,0,0,0,0,0,0,0,0,0,0,0,0,0,0,0,0,0,0,0,0,0,0,0,0,0,0,0,0,0,0,0,0,0,0,0,0,0,0,0,0,0,0,0,0,0,0,0,0,0,0,0,0,0,0,0,0,0,0,0,0,0,0
2025-12-19,NV,1770,0,123,27,0,106,7,0,0,4,1057,40,139,0,4,5,0,8,12,28,5,25,31,18,12,7,5,9,6,53,9,4,9,4,16,0,0,0,0,0,0,0,0,0,0,0,0,0,0,0,0,0,0,0,0,0,0,0,0,0,0,0,0,0,0,0,0,0,0,0,0,0,0,0,0,0,0,0,0,0,0,0,0,0,0,0,0,0,0,0,0,0,0,0,0,0,0,0,0,0,0,0,0,0,0,0,0,0,0,0,0,0,0,0,0,0,0,0,0,0,0,0,0,0,0,0,0
2025-12-20,NV,1824,0,128,27,0,109,7,0,0,4,1087,41,144,0,4,5,0,8,12,29,5,26,33,19,12,7,5,10,6,54,8,4,9,4,16,0,0,0,0,0,0,0,0,0,0,0,0,0,0,0,0,0,0,0,0,0,0,0,0,0,0,0,0,0,0,0,0,0,0,0,0,0,0,0,0,0,0,0,0,0,0,0,0,0,0,0,0,0,0,0,0,0,0,0,0,0,0,0,0,0,0,0,0,0,0,0,0,0,0,0,0,0,0,0,0,0,0,0,0,0,0,0,0,0,0,0,0
2025-12-21,NV,1871,0,136,28,0,115,7,0,0,4,1120,43,148,0,6,5,0,9,12,30,7,27,34,20,13,7,5,10,6,55,9,4,9,0,0,0,0,0,0,0,0,0,0,0,0,0,0,0,0,0,0,0,0,0,0,0,0,0,0,0,0,0,0,0,0,0,0,0,0,0,0,0,0,0,0,0,0,0,0,0,0,0,0,0,0,0,0,0,0,0,0,0,0,0,0,0,0,0,0,0,0,0,0,0,0,0,0,0,0,0,0,0,0,0,0,0,0,0,0,0,0,0,0,0,0,0,0
2025-12-22,NV,1926,0,144,30,0,120,8,0,0,5,1144,44,150,0,8,5,0,10,13,30,10,27,34,20,13,8,5,11,6,55,9,5,10,0,0,0,0,0,0,0,0,0,0,0,0,0,0,0,0,0,0,0,0,0,0,0,0,0,0,0,0,0,0,0,0,0,0,0,0,0,0,0,0,0,0,0,0,0,0,0,0,0,0,0,0,0,0,0,0,0,0,0,0,0,0,0,0,0,0,0,0,0,0,0,0,0,0,0,0,0,0,0,0,0,0,0,0,0,0,0,0,0,0,0,0,0,0
2025-12-23,NV,1983,0,153,32,0,125,8,0,0,5,1169,46,153,0,10,6,0,11,13,30,13,27,35,21,13,8,5,11,7,56,10,5,10,0,0,0,0,0,0,0,0,0,0,0,0,0,0,0,0,0,0,0,0,0,0,0,0,0,0,0,0,0,0,0,0,0,0,0,0,0,0,0,0,0,0,0,0,0,0,0,0,0,0,0,0,0,0,0,0,0,0,0,0,0,0,0,0,0,0,0,0,0,0,0,0,0,0,0,0,0,0,0,0,0,0,0,0,0,0,0,0,0,0,0,0,0,0
2025-12-24,NV,2056,0,163,34,0,131,8,0,0,5,1203,48,156,0,13,6,0,13,13,31,16,28,36,22,14,8,6,12,7,57,10,5,11,0,0,0,0,0,0,0,0,0,0,0,0,0,0,0,0,0,0,0,0,0,0,0,0,0,0,0,0,0,0,0,0,0,0,0,0,0,0,0,0,0,0,0,0,0,0,0,0,0,0,0,0,0,0,0,0,0,0,0,0,0,0,0,0,0,0,0,0,0,0,0,0,0,0,0,0,0,0,0,0,0,0,0,0,0,0,0,0,0,0,0,0,0,0
2025-12-25,NV,2144,0,174,36,0,139,8,0,0,5,1246,50,161,0,16,6,0,14,14,32,19,29,37,23,14,9,6,12,7,59,11,5,11,0,0,0,0,0,0,0,0,0,0,0,0,0,0,0,0,0,0,0,0,0,0,0,0,0,0,0,0,0,0,0,0,0,0,0,0,0,0,0,0,0,0,0,0,0,0,0,0,0,0,0,0,0,0,0,0,0,0,0,0,0,0,0,0,0,0,0,0,0,0,0,0,0,0,0,0,0,0,0,0,0,0,0,0,0,0,0,0,0,0,0,0,0,0
2025-12-26,NV,2226,0,186,38,0,146,8,0,0,6,1284,52,165,0,18,6,0,16,15,32,23,30,38,24,14,9,6,13,8,60,11,6,12,0,0,0,0,0,0,0,0,0,0,0,0,0,0,0,0,0,0,0,0,0,0,0,0,0,0,0,0,0,0,0,0,0,0,0,0,0,0,0,0,0,0,0,0,0,0,0,0,0,0,0,0,0,0,0,0,0,0,0,0,0,0,0,0,0,0,0,0,0,0,0,0,0,0,0,0,0,0,0,0,0,0,0,0,0,0,0,0,0,0,0,0,0,0
2025-12-27,NV,2279,0,195,40,0,151,8,0,0,6,1304,54,167,0,21,7,0,17,15,32,27,30,39,25,15,10,6,13,8,60,12,6,12,0,0,0,0,0,0,0,0,0,0,0,0,0,0,0,0,0,0,0,0,0,0,0,0,0,0,0,0,0,0,0,0,0,0,0,0,0,0,0,0,0,0,0,0,0,0,0,0,0,0,0,0,0,0,0,0,0,0,0,0,0,0,0,0,0,0,0,0,0,0,0,0,0,0,0,0,0,0,0,0,0,0,0,0,0,0,0,0,0,0,0,0,0,0
2025-12-28,NV,2331,0,204,42,0,156,9,0,0,6,1324,55,168,0,24,7,0,19,15,32,30,30,39,26,15,10,7,14,8,61,12,6,13,0,0,0,0,0,0,0,0,0,0,0,0,0,0,0,0,0,0,0,0,0,0,0,0,0,0,0,0,0,0,0,0,0,0,0,0,0,0,0,0,0,0,0,0,0,0,0,0,0,0,0,0,0,0,0,0,0,0,0,0,0,0,0,0,0,0,0,0,0,0,0,0,0,0,0,0,0,0,0,0,0,0,0,0,0,0,0,0,0,0,0,0,0,0
2025-12-29,NV,2384,0,214,44,0,162,9,0,0,6,1343,57,170,0,27,7,0,20,15,32,34,31,40,27,15,10,7,14,8,61,13,6,13,0,0,0,0,0,0,0,0,0,0,0,0,0,0,0,0,0,0,0,0,0,0,0,0,0,0,0,0,0,0,0,0,0,0,0,0,0,0,0,0,0,0,0,0,0,0,0,0,0,0,0,0,0,0,0,0,0,0,0,0,0,0,0,0,0,0,0,0,0,0,0,0,0,0,0,0,0,0,0,0,0,0,0,0,0,0,0,0,0,0,0,0,0,0
2025-12-30,NV,2420,0,222,45,0,166,9,0,0,7,1353,58,170,0,30,7,0,21,16,32,37,31,40,27,15,11,7,14,8,61,13,7,13,0,0,0,0,0,0,0,0,0,0,0,0,0,0,0,0,0,0,0,0,0,0,0,0,0,0,0,0,0,0,0,0,0,0,0,0,0,0,0,0,0,0,0,0,0,0,0,0,0,0,0,0,0,0,0,0,0,0,0,0,0,0,0,0,0,0,0,0,0,0,0,0,0,0,0,0,0,0,0,0,0,0,0,0,0,0,0,0,0,0,0,0,0,0
2025-12-31,NV,2448,0,230,47,0,170,9,0,0,7,1358,59,169,0,33,8,0,23,16,32,41,30,40,28,15,11,7,15,8,60,14,7,14,0,0,0,0,0,0,0,0,0,0,0,0,0,0,0,0,0,0,0,0,0,0,0,0,0,0,0,0,0,0,0,0,0,0,0,0,0,0,0,0,0,0,0,0,0,0,0,0,0,0,0,0,0,0,0,0,0,0,0,0,0,0,0,0,0,0,0,0,0,0,0,0,0,0,0,0,0,0,0,0,0,0,0,0,0,0,0,0,0,0,0,0,0,0
2026-01-01,NV,2463,0,237,48,0,173,9,0,0,7,1355,60,168,0,35,8,0,24,16,31,44,30,39,28,15,11,7,15,9,60,14,7,14,0,0,0,0,0,0,0,0,0,0,0,0,0,0,0,0,0,0,0,0,0,0,0,0,0,0,0,0,0,0,0,0,0,0,0,0,0,0,0,0,0,0,0,0,0,0,0,0,0,0,0,0,0,0,0,0,0,0,0,0,0,0,0,0,0,0,0,0,0,0,0,0,0,0,0,0,0,0,0,0,0,0,0,0,0,0,0,0,0,0,0,0,0,0
2026-01-02,NV,2452,0,241,49,0,174,8,0,0,7,1338,60,165,0,38,8,0,25,16,31,47,30,39,28,15,11,7,15,9,58,14,7,14,0,0,0,0,0,0,0,0,0,0,0,0,0,0,0,0,0,0,0,0,0,0,0,0,0,0,0,0,0,0,0,0,0,0,0,0,0,0,0,0,0,0,0,0,0,0,0,0,0,0,0,0,0,0,0,0,0,0,0,0,0,0,0,0,0,0,0,0,0,0,0,0,0,0,0,0,0,0,0,0,0,0,0,0,0,0,0,0,0,0,0,0,0,0
2026-01-03,NV,2437,0,244,49,0,175,8,0,0,7,1319,59,161,0,40,8,0,26,16,30,50,29,38,28,15,11,7,15,9,57,14,7,14,0,0,0,0,0,0,0,0,0,0,0,0,0,0,0,0,0,0,0,0,0,0,0,0,0,0,0,0,0,0,0,0,0,0,0,0,0,0,0,0,0,0,0,0,0,0,0,0,0,0,0,0,0,0,0,0,0,0,0,0,0,0,0,0,0,0,0,0,0,0,0,0,0,0,0,0,0,0,0,0,0,0,0,0,0,0,0,0,0,0,0,0,0,0
2026-01-04,NV,2453,0,251,51,0,178,8,0,0,7,1317,60,160,0,43,8,0,27,16,29,54,29,38,29,15,11,7,15,9,56,15,7,14,0,0,0,0,0,0,0,0,0,0,0,0,0,0,0,0,0,0,0,0,0,0,0,0,0,0,0,0,0,0,0,0,0,0,0,0,0,0,0,0,0,0,0,0,0,0,0,0,0,0,0,0,0,0,0,0,0,0,0,0,0,0,0,0,0,0,0,0,0,0,0,0,0,0,0,0,0,0,0,0,0,0,0,0,0,0,0,0,0,0,0,0,0,0
2026-01-05,NV,2420,0,253,51,0,178,8,0,0,7,1289,60,155,0,44,8,0,28,15,28,56,28,37,28,14,11,7,15,9,54,15,7,14,0,0,0,0,0,0,0,0,0,0,0,0,0,0,0,0,0,0,0,0,0,0,0,0,0,0,0,0,0,0,0,0,0,0,0,0,0,0,0,0,0,0,0,0,0,0,0,0,0,0,0,0,0,0,0,0,0,0,0,0,0,0,0,0,0,0,0,0,0,0,0,0,0,0,0,0,0,0,0,0,0,0,0,0,0,0,0,0,0,0,0,0,0,0
2026-01-06,NV,2358,0,251,50,0,175,8,0,0,7,1246,58,149,0,46,8,0,28,15,27,58,27,36,28,14,11,7,15,8,52,15,7,14,0,0,0,0,0,0,0,0,0,0,0,0,0,0,0,0,0,0,0,0,0,0,0,0,0,0,0,0,0,0,0,0,0,0,0,0,0,0,0,0,0,0,0,0,0,0,0,0,0,0,0,0,0,0,0,0,0,0,0,0,0,0,0,0,0,0,0,0,0,0,0,0,0,0,0,0,0,0,0,0,0,0,0,0,0,0,0,0,0,0,0,0,0,0
2026-01-07,NV,2273,0,247,50,0,171,7,0,0,7,1191,56,141,0,46,8,0,28,14,25,58,26,34,27,13,11,7,14,8,49,14,7,14,0,0,0,0,0,0,0,0,0,0,0,0,0,0,0,0,0,0,0,0,0,0,0,0,0,0,0,0,0,0,0,0,0,0,0,0,0,0,0,0,0,0,0,0,0,0,0,0,0,0,0,0,0,0,0,0,0,0,0,0,0,0,0,0,0,0,0,0,0,0,0,0,0,0,0,0,0,0,0,0,0,0,0,0,0,0,0,0,0,0,0,0,0,0
2026-01-08,NV,2162,0,239,48,0,164,7,0,0,7,1123,54,132,0,46,7,0,27,14,23,58,24,32,26,13,10,7,14,8,45,14,7,13,0,0,0,0,0,0,0,0,0,0,0,0,0,0,0,0,0,0,0,0,0,0,0,0,0,0,0,0,0,0,0,0,0,0,0,0,0,0,0,0,0,0,0,0,0,0,0,0,0,0,0,0,0,0,0,0,0,0,0,0,0,0,0,0,0,0,0,0,0,0,0,0,0,0,0,0,0,0,0,0,0,0,0,0,0,0,0,0,0,0,0,0,0,0
2026-01-09,NV,2051,0,231,46,0,157,6,0,0,7,1057,51,124,0,46,7,0,27,13,22,58,22,30,25,12,10,6,13,7,42,13,7,12,0,0,0,0,0,0,0,0,0,0,0,0,0,0,0,0,0,0,0,0,0,0,0,0,0,0,0,0,0,0,0,0,0,0,0,0,0,0,0,0,0,0,0,0,0,0,0,0,0,0,0,0,0,0,0,0,0,0,0,0,0,0,0,0,0,0,0,0,0,0,0,0,0,0,0,0,0,0,0,0,0,0,0,0,0,0,0,0,0,0,0,0,0,0
2026-01-10,NV,1935,0,222,44,0,150,6,0,0,6,988,49,115,0,45,7,0,26,12,20,57,21,28,24,11,9,6,12,7,39,13,6,12,0,0,0,0,0,0,0,0,0,0,0,0,0,0,0,0,0,0,0,0,0,0,0,0,0,0,0,0,0,0,0,0,0,0,0,0,0,0,0,0,0,0,0,0,0,0,0,0,0,0,0,0,0,0,0,0,0,0,0,0,0,0,0,0,0,0,0,0,0,0,0,0,0,0,0,0,0,0,0,0,0,0,0,0,0,0,0,0,0,0,0,0,0,0
2026-01-11,NV,1811,0,212,42,0,142,6,0,0,6,917,46,106,0,44,6,0,25,11,18,56,19,26,22,10,9,6,12,7,35,12,6,11,0,0,0,0,0,0,0,0,0,0,0,0,0,0,0,0,0,0,0,0,0,0,0,0,0,0,0,0,0,0,0,0,0,0,0,0,0,0,0,0,0,0,0,0,0,0,0,0,0,0,0,0,0,0,0,0,0,0,0,0,0,0,0,0,0,0,0,0,0,0,0,0,0,0,0,0,0,0,0,0,0,0,0,0,0,0,0,0,0,0,0,0,0,0
2026-01-12,NV,1740,0,207,41,0,138,5,0,0,6,874,44,100,0,44,6,0,25,11,17,56,18,24,21,10,9,5,11,6,33,12,6,11,0,0,0,0,0,0,0,0,0,0,0,0,0,0,0,0,0,0,0,0,0,0,0,0,0,0,0,0,0,0,0,0,0,0,0,0,0,0,0,0,0,0,0,0,0,0,0,0,0,0,0,0,0,0,0,0,0,0,0,0,0,0,0,0,0,0,0,0,0,0,0,0,0,0,0,0,0,0,0,0,0,0,0,0,0,0,0,0,0,0,0,0,0,0
2026-01-13,NV,1705,0,207,41,0,136,5,0,0,6,848,43,96,0,45,6,0,25,11,16,57,17,23,21,10,8,5,11,6,32,12,6,11,0,0,0,0,0,0,0,0,0,0,0,0,0,0,0,0,0,0,0,0,0,0,0,0,0,0,0,0,0,0,0,0,0,0,0,0,0,0,0,0,0,0,0,0,0,0,0,0,0,0,0,0,0,0,0,0,0,0,0,0,0,0,0,0,0,0,0,0,0,0,0,0,0,0,0,0,0,0,0,0,0,0,0,0,0,0,0,0,0,0,0,0,0,0
2026-01-14,NV,1703,0,210,42,0,137,5,0,0,6,840,44,94,0,47,6,0,26,10,16,59,17,23,21,9,9,5,11,6,31,12,6,11,0,0,0,0,0,0,0,0,0,0,0,0,0,0,0,0,0,0,0,0,0,0,0,0,0,0,0,0,0,0,0,0,0,0,0,0,0,0,0,0,0,0,0,0,0,0,0,0,0,0,0,0,0,0,0,0,0,0,0,0,0,0,0,0,0,0,0,0,0,0,0,0,0,0,0,0,0,0,0,0,0,0,0,0,0,0,0,0,0,0,0,0,0,0
2026-01-15,NV,1736,0,218,43,0,141,5,0,0,6,849,45,94,0,49,6,0,27,11,15,62,17,23,22,10,9,6,11,6,31,12,6,11,0,0,0,0,0,0,0,0,0,0,0,0,0,0,0,0,0,0,0,0,0,0,0,0,0,0,0,0,0,0,0,0,0,0,0,0,0,0,0,0,0,0,0,0,0,0,0,0,0,0,0,0,0,0,0,0,0,0,0,0,0,0,0,0,0,0,0,0,0,0,0,0,0,0,0,0,0,0,0,0,0,0,0,0,0,0,0,0,0,0,0,0,0,0
2026-01-16,NV,1788,0,228,45,0,147,5,0,0,6,866,46,95,0,52,7,0,29,11,15,66,17,24,23,10,9,6,12,7,31,13,6,11,0,0,0,0,0,0,0,0,0,0,0,0,0,0,0,0,0,0,0,0,0,0,0,0,0,0,0,0,0,0,0,0,0,0,0,0,0,0,0,0,0,0,0,0,0,0,0,0,0,0,0,0,0,0,0,0,0,0,0,0,0,0,0,0,0,0,0,0,0,0,0,0,0,0,0,0,0,0,0,0,0,0,0,0,0,0,0,0,0,0,0,0,0,0
2026-01-17,NV,1858,0,239,47,0,153,5,0,9,7,884,48,96,0,56,7,6,30,11,15,71,18,24,24,10,9,6,12,7,31,13,7,12,0,0,0,0,0,0,0,0,0,0,0,0,0,0,0,0,0,0,0,0,0,0,0,0,0,0,0,0,0,0,0,0,0,0,0,0,0,0,0,0,0,0,0,0,0,0,0,0,0,0,0,0,0,0,0,0,0,0,0,0,0,0,0,0,0,0,0,0,0,0,0,0,0,0,0,0,0,0,0,0,0,0,0,0,0,0,0,0,0,0,0,0,0,0
2026-01-18,NV,1885,0,250,48,0,161,5,0,10,7,907,50,101,0,57,7,7,31,12,16,72,18,26,24,10,10,7,13,7,31,0,0,0,0,0,0,0,0,0,0,0,0,0,0,0,0,0,0,0,0,0,0,0,0,0,0,0,0,0,0,0,0,0,0,0,0,0,0,0,0,0,0,0,0,0,0,0,0,0,0,0,0,0,0,0,0,0,0,0,0,0,0,0,0,0,0,0,0,0,0,0,0,0,0,0,0,0,0,0,0,0,0,0,0,0,0,0,0,0,0,0,0,0,0,0,0,0
2026-01-19,NV,1896,0,254,48,0,165,5,0,10,7,905,50,103,0,56,7,8,30,12,16,71,17,28,25,10,10,8,13,7,30,0,0,0,0,0,0,0,0,0,0,0,0,0,0,0,0,0,0,0,0,0,0,0,0,0,0,0,0,0,0,0,0,0,0,0,0,0,0,0,0,0,0,0,0,0,0,0,0,0,0,0,0,0,0,0,0,0,0,0,0,0,0,0,0,0,0,0,0,0,0,0,0,0,0,0,0,0,0,0,0,0,0,0,0,0,0,0,0,0,0,0,0,0,0,0,0,0
2026-01-20,NV,1894,0,257,47,0,168,6,0,11,7,898,51,104,0,56,7,9,29,12,16,70,17,29,25,10,10,8,13,7,29,0,0,0,0,0,0,0,0,0,0,0,0,0,0,0,0,0,0,0,0,0,0,0,0,0,0,0,0,0,0,0,0,0,0,0,0,0,0,0,0,0,0,0,0,0,0,0,0,0,0,0,0,0,0,0,0,0,0,0,0,0,0,0,0,0,0,0,0,0,0,0,0,0,0,0,0,0,0,0,0,0,0,0,0,0,0,0,0,0,0,0,0,0,0,0,0,0
2026-01-21,NV,1878,0,258,46,0,169,6,0,11,7,883,50,104,0,54,7,9,28,11,16,68,16,30,25,10,10,9,13,7,28,0,0,0,0,0,0,0,0,0,0,0,0,0,0,0,0,0,0,0,0,0,0,0,0,0,0,0,0,0,0,0,0,0,0,0,0,0,0,0,0,0,0,0,0,0,0,0,0,0,0,0,0,0,0,0,0,0,0,0,0,0,0,0,0,0,0,0,0,0,0,0,0,0,0,0,0,0,0,0,0,0,0,0,0,0,0,0,0,0,0,0,0,0,0,0,0,0
2026-01-22,NV,1848,0,257,45,0,170,5,0,11,7,863,50,104,0,53,7,10,27,11,16,66,16,31,25,10,10,9,13,7,27,0,0,0,0,0,0,0,0,0,0,0,0,0,0,0,0,0,0,0,0,0,0,0,0,0,0,0,0,0,0,0,0,0,0,0,0,0,0,0,0,0,0,0,0,0,0,0,0,0,0,0,0,0,0,0,0,0,0,0,0,0,0,0,0,0,0,0,0,0,0,0,0,0,0,0,0,0,0,0,0,0,0,0,0,0,0,0,0,0,0,0,0,0,0,0,0,0
2026-01-23,NV,1813,0,256,44,0,169,5,0,11,7,840,49,103,0,51,7,11,25,11,16,64,15,31,24,9,10,10,13,7,26,0,0,0,0,0,0,0,0,0,0,0,0,0,0,0,0,0,0,0,0,0,0,0,0,0,0,0,0,0,0,0,0,0,0,0,0,0,0,0,0,0,0,0,0,0,0,0,0,0,0,0,0,0,0,0,0,0,0,0,0,0,0,0,0,0,0,0,0,0,0,0,0,0,0,0,0,0,0,0,0,0,0,0,0,0,0,0,0,0,0,0,0,0,0,0,0,0
2026-01-24,NV,1763,0,251,42,0,167,5,0,11,7,811,48,102,0,49,7,11,24,11,15,61,14,32,24,9,10,10,12,7,24,0,0,0,0,0,0,0,0,0,0,0,0,0,0,0,0,0,0,0,0,0,0,0,0,0,0,0,0,0,0,0,0,0,0,0,0,0,0,0,0,0,0,0,0,0,0,0,0,0,0,0,0,0,0,0,0,0,0,0,0,0,0,0,0,0,0,0,0,0,0,0,0,0,0,0,0,0,0,0,0,0,0,0,0,0,0,0,0,0,0,0,0,0,0,0,0,0
2026-01-25,NV,1740,0,251,41,0,168,5,0,11,6,794,48,102,0,47,7,12,23,10,15,59,13,32,24,9,10,11,12,7,23,0,0,0,0,0,0,0,0,0,0,0,0,0,0,0,0,0,0,0,0,0,0,0,0,0,0,0,0,0,0,0,0,0,0,0,0,0,0,0,0,0,0,0,0,0,0,0,0,0,0,0,0,0,0,0,0,0,0,0,0,0,0,0,0,0,0,0,0,0,0,0,0,0,0,0,0,0,0,0,0,0,0,0,0,0,0,0,0,0,0,0,0,0,0,0,0,0
2026-01-26,NV,1718,0,251,40,0,169,5,0,11,6,778,48,102,0,46,7,12,22,10,15,57,13,33,23,8,10,11,12,6,22,0,0,0,0,0,0,0,0,0,0,0,0,0,0,0,0,0,0,0,0,0,0,0,0,0,0,0,0,0,0,0,0,0,0,0,0,0,0,0,0,0,0,0,0,0,0,0,0,0,0,0,0,0,0,0,0,0,0,0,0,0,0,0,0,0,0,0,0,0,0,0,0,0,0,0,0,0,0,0,0,0,0,0,0,0,0,0,0,0,0,0,0,0,0,0,0,0
2026-01-27,NV,1702,0,251,39,0,170,5,0,11,6,765,48,102,0,45,7,13,21,10,15,56,12,34,23,8,9,12,12,6,21,0,0,0,0,0,0,0,0,0,0,0,0,0,0,0,0,0,0,0,0,0,0,0,0,0,0,0,0,0,0,0,0,0,0,0,0,0,0,0,0,0,0,0,0,0,0,0,0,0,0,0,0,0,0,0,0,0,0,0,0,0,0,0,0,0,0,0,0,0,0,0,0,0,0,0,0,0,0,0,0,0,0,0,0,0,0,0,0,0,0,0,0,0,0,0,0,0
2026-01-28,NV,1700,0,254,39,0,172,5,0,11,6,758,48,103,0,44,7,14,20,10,15,55,12,35,23,8,10,12,12,6,20,0,0,0,0,0,0,0,0,0,0,0,0,0,0,0,0,0,0,0,0,0,0,0,0,0,0,0,0,0,0,0,0,0,0,0,0,0,0,0,0,0,0,0,0,0,0,0,0,0,0,0,0,0,0,0,0,0,0,0,0,0,0,0,0,0,0,0,0,0,0,0,0,0,0,0,0,0,0,0,0,0,0,0,0,0,0,0,0,0,0,0,0,0,0,0,0,0
2026-01-29,NV,1713,0,259,38,0,176,5,0,12,6,758,49,105,0,44,7,15,19,10,15,54,12,37,24,8,10,13,12,6,19,0,0,0,0,0,0,0,0,0,0,0,0,0,0,0,0,0,0,0,0,0,0,0,0,0,0,0,0,0,0,0,0,0,0,0,0,0,0,0,0,0,0,0,0,0,0,0,0,0,0,0,0,0,0,0,0,0,0,0,0,0,0,0,0,0,0,0,0,0,0,0,0,0,0,0,0,0,0,0,0,0,0,0,0,0,0,0,0,0,0,0,0,0,0,0,0,0
2026-01-30,NV,1729,0,264,38,0,181,6,0,12,7,759,49,107,0,43,7,16,18,10,15,53,11,38,24,8,10,14,13,7,19,0,0,0,0,0,0,0,0,0,0,0,0,0,0,0,0,0,0,0,0,0,0,0,0,0,0,0,0,0,0,0,0,0,0,0,0,0,0,0,0,0,0,0,0,0,0,0,0,0,0,0,0,0,0,0,0,0,0,0,0,0,0,0,0,0,0,0,0,0,0,0,0,0,0,0,0,0,0,0,0,0,0,0,0,0,0,0,0,0,0,0,0,0,0,0,0,0
2026-01-31,NV,1743,0,269,38,0,185,6,0,12,7,759,50,109,0,43,7,16,18,10,15,53,11,40,24,8,10,14,13,7,18,0,0,0,0,0,0,0,0,0,0,0,0,0,0,0,0,0,0,0,0,0,0,0,0,0,0,0,0,0,0,0,0,0,0,0,0,0,0,0,0,0,0,0,0,0,0,0,0,0,0,0,0,0,0,0,0,0,0,0,0,0,0,0,0,0,0,0,0,0,0,0,0,0,0,0,0,0,0,0,0,0,0,0,0,0,0,0,0,0,0,0,0,0,0,0,0,0
2026-02-01,NV,1750,0,273,38,0,188,6,0,13,7,756,51,111,0,42,8,17,17,10,15,52,11,41,25,8,10,15,13,7,17,0,0,0,0,0,0,0,0,0,0,0,0,0,0,0,0,0,0,0,0,0,0,0,0,0,0,0,0,0,0,0,0,0,0,0,0,0,0,0,0,0,0,0,0,0,0,0,0,0,0,0,0,0,0,0,0,0,0,0,0,0,0,0,0,0,0,0,0,0,0,0,0,0,0,0,0,0,0,0,0,0,0,0,0,0,0,0,0,0,0,0,0,0,0,0,0,0
2026-02-02,NV,1751,0,276,37,0,191,6,0,13,7,750,51,112,0,42,8,18,16,10,15,51,10,42,25,8,10,16,13,7,17,0,0,0,0,0,0,0,0,0,0,0,0,0,0,0,0,0,0,0,0,0,0,0,0,0,0,0,0,0,0,0,0,0,0,0,0,0,0,0,0,0,0,0,0,0,0,0,0,0,0,0,0,0,0,0,0,0,0,0,0,0,0,0,0,0,0,0,0,0,0,0,0,0,0,0,0,0,0,0,0,0,0,0,0,0,0,0,0,0,0,0,0,0,0,0,0,0
2026-02-03,NV,1743,0,278,37,0,193,6,0,13,7,741,51,113,0,41,8,19,15,10,15,50,10,43,25,8,10,16,13,7,16,0,0,0,0,0,0,0,0,0,0,0,0,0,0,0,0,0,0,0,0,0,0,0,0,0,0,0,0,0,0,0,0,0,0,0,0,0,0,0,0,0,0,0,0,0,0,0,0,0,0,0,0,0,0,0,0,0,0,0,0,0,0,0,0,0,0,0,0,0,0,0,0,0,0,0,0,0,0,0,0,0,0,0,0,0,0,0,0,0,0,0,0,0,0,0,0,0
2026-02-04,NV,1723,0,277,36,0,194,6,0,13,7,726,51,113,0,39,8,19,15,10,15,48,9,44,25,8,10,17,13,7,15,0,0,0,0,0,0,0,0,0,0,0,0,0,0,0,0,0,0,0,0,0,0,0,0,0,0,0,0,0,0,0,0,0,0,0,0,0,0,0,0,0,0,0,0,0,0,0,0,0,0,0,0,0,0,0,0,0,0,0,0,0,0,0,0,0,0,0,0,0,0,0,0,0,0,0,0,0,0,0,0,0,0,0,0,0,0,0,0,0,0,0,0,0,0,0,0,0
2026-02-05,NV,1689,0,275,35,0,192,6,0,13,6,707,50,112,0,38,8,20,13,10,15,46,9,44,24,7,10,17,13,7,14,0,0,0,0,0,0,0,0,0,0,0,0,0,0,0,0,0,0,0,0,0,0,0,0,0,0,0,0,0,0,0,0,0,0,0,0,0,0,0,0,0,0,0,0,0,0,0,0,0,0,0,0,0,0,0,0,0,0,0,0,0,0,0,0,0,0,0,0,0,0,0,0,0,0,0,0,0,0,0,0,0,0,0,0,0,0,0,0,0,0,0,0,0,0,0,0,0
2026-02-06,NV,1664,0,273,34,0,192,6,0,13,6,690,50,111,0,37,7,20,13,9,15,45,8,44,24,7,10,17,13,6,13,0,0,0,0,0,0,0,0,0,0,0,0,0,0,0,0,0,0,0,0,0,0,0,0,0,0,0,0,0,0,0,0,0,0,0,0,0,0,0,0,0,0,0,0,0,0,0,0,0,0,0,0,0,0,0,0,0,0,0,0,0,0,0,0,0,0,0,0,0,0,0,0,0,0,0,0,0,0,0,0,0,0,0,0,0,0,0,0,0,0,0,0,0,0,0,0,0
2026-02-07,NV,1666,0,276,33,0,195,6,0,13,6,685,50,112,0,36,8,21,12,9,15,44,8,46,24,7,10,18,13,6,12,0,0,0,0,0,0,0,0,0,0,0,0,0,0,0,0,0,0,0,0,0,0,0,0,0,0,0,0,0,0,0,0,0,0,0,0,0,0,0,0,0,0,0,0,0,0,0,0,0,0,0,0,0,0,0,0,0,0,0,0,0,0,0,0,0,0,0,0,0,0,0,0,0,0,0,0,0,0,0,0,0,0,0,0,0,0,0,0,0,0,0,0,0,0,0,0,0
2026-02-08,NV,1700,0,285,33,0,202,6,0,14,7,693,51,116,0,36,8,22,11,10,15,44,8,48,25,7,10,19,13,7,11,0,0,0,0,0,0,0,0,0,0,0,0,0,0,0,0,0,0,0,0,0,0,0,0,0,0,0,0,0,0,0,0,0,0,0,0,0,0,0,0,0,0,0,0,0,0,0,0,0,0,0,0,0,0,0,0,0,0,0,0,0,0,0,0,0,0,0,0,0,0,0,0,0,0,0,0,0,0,0,0,0,0,0,0,0,0,0,0,0,0,0,0,0,0,0,0,0
2026-02-09,NV,1739,0,294,34,0,209,6,0,14,7,703,53,120,0,36,8,23,11,10,16,44,8,50,25,7,11,20,13,7,11,0,0,0,0,0,0,0,0,0,0,0,0,0,0,0,0,0,0,0,0,0,0,0,0,0,0,0,0,0,0,0,0,0,0,0,0,0,0,0,0,0,0,0,0,0,0,0,0,0,0,0,0,0,0,0,0,0,0,0,0,0,0,0,0,0,0,0,0,0,0,0,0,0,0,0,0,0,0,0,0,0,0,0,0,0,0,0,0,0,0,0,0,0,0,0,0,0
2026-02-10,NV,1790,0,306,34,0,218,6,0,15,7,718,55,124,0,36,8,25,10,10,16,44,7,53,26,7,11,21,14,7,10,0,0,0,0,0,0,0,0,0,0,0,0,0,0,0,0,0,0,0,0,0,0,0,0,0,0,0,0,0,0,0,0,0,0,0,0,0,0,0,0,0,0,0,0,0,0,0,0,0,0,0,0,0,0,0,0,0,0,0,0,0,0,0,0,0,0,0,0,0,0,0,0,0,0,0,0,0,0,0,0,0,0,0,0,0,0,0,0,0,0,0,0,0,0,0,0,0
2026-02-11,NV,1850,0,319,35,0,228,7,0,16,7,736,57,130,0,37,9,26,10,10,17,44,7,56,27,8,11,23,14,7,10,0,0,0,0,0,0,0,0,0,0,0,0,0,0,0,0,0,0,0,0,0,0,0,0,0,0,0,0,0,0,0,0,0,0,0,0,0,0,0,0,0,0,0,0,0,0,0,0,0,0,0,0,0,0,0,0,0,0,0,0,0,0,0,0,0,0,0,0,0,0,0,0,0,0,0,0,0,0,0,0,0,0,0,0,0,0,0,0,0,0,0,0,0,0,0,0,0
2026-02-12,NV,1919,0,334,36,0,239,7,0,17,7,757,60,136,0,38,9,28,9,11,17,45,7,59,29,8,12,24,15,7,9,0,0,0,0,0,0,0,0,0,0,0,0,0,0,0,0,0,0,0,0,0,0,0,0,0,0,0,0,0,0,0,0,0,0,0,0,0,0,0,0,0,0,0,0,0,0,0,0,0,0,0,0,0,0,0,0,0,0,0,0,0,0,0,0,0,0,0,0,0,0,0,0,0,0,0,0,0,0,0,0,0,0,0,0,0,0,0,0,0,0,0,0,0,0,0,0,0
2026-02-13,NV,1977,0,347,36,0,250,7,0,17,8,773,62,141,0,38,9,30,9,11,18,45,7,62,30,8,12,26,15,8,9,0,0,0,0,0,0,0,0,0,0,0,0,0,0,0,0,0,0,0,0,0,0,0,0,0,0,0,0,0,0,0,0,0,0,0,0,0,0,0,0,0,0,0,0,0,0,0,0,0,0,0,0,0,0,0,0,0,0,0,0,0,0,0,0,0,0,0,0,0,0,0,0,0,0,0,0,0,0,0,0,0,0,0,0,0,0,0,0,0,0,0,0,0,0,0,0,0
2026-02-14,NV,1988,0,351,36,0,253,7,0,18,8,768,62,143,7,37,9,31,8,11,18,44,6,63,30,8,12,26,16,8,8,0,0,0,0,0,0,0,0,0,0,0,0,0,0,0,0,0,0,0,0,0,0,0,0,0,0,0,0,0,0,0,0,0,0,0,0,0,0,0,0,0,0,0,0,0,0,0,0,0,0,0,0,0,0,0,0,0,0,0,0,0,0,0,0,0,0,0,0,0,0,0,0,0,0,0,0,0,0,0,0,0,0,0,0,0,0,0,0,0,0,0,0,0,0,0,0,0
2026-02-15,NV,1967,0,353,37,0,250,7,0,19,8,753,63,142,7,38,9,31,9,11,18,42,8,63,30,8,12,27,16,8,0,0,0,0,0,0,0,0,0,0,0,0,0,0,0,0,0,0,0,0,0,0,0,0,0,0,0,0,0,0,0,0,0,0,0,0,0,0,0,0,0,0,0,0,0,0,0,0,0,0,0,0,0,0,0,0,0,0,0,0,0,0,0,0,0,0,0,0,0,0,0,0,0,0,0,0,0,0,0,0,0,0,0,0,0,0,0,0,0,0,0,0,0,0,0,0,0,0
2026-02-16,NV,1937,0,351,37,0,244,7,0,20,8,731,62,140,7,38,9,32,9,11,17,41,9,62,30,8,12,27,15,8,0,0,0,0,0,0,0,0,0,0,0,0,0,0,0,0,0,0,0,0,0,0,0,0,0,0,0,0,0,0,0,0,0,0,0,0,0,0,0,0,0,0,0,0,0,0,0,0,0,0,0,0,0,0,0,0,0,0,0,0,0,0,0,0,0,0,0,0,0,0,0,0,0,0,0,0,0,0,0,0,0,0,0,0,0,0,0,0,0,0,0,0,0,0,0,0,0,0
2026-02-17,NV,1896,0,348,38,0,237,7,0,21,8,706,62,136,7,38,9,32,10,10,16,39,11,61,29,8,12,27,15,8,0,0,0,0,0,0,0,0,0,0,0,0,0,0,0,0,0,0,0,0,0,0,0,0,0,0,0,0,0,0,0,0,0,0,0,0,0,0,0,0,0,0,0,0,0,0,0,0,0,0,0,0,0,0,0,0,0,0,0,0,0,0,0,0,0,0,0,0,0,0,0,0,0,0,0,0,0,0,0,0,0,0,0,0,0,0,0,0,0,0,0,0,0,0,0,0,0,0
2026-02-18,NV,1850,0,343,38,0,229,7,0,21,8,680,61,133,7,38,9,32,11,10,16,37,12,60,29,8,12,27,15,8,0,0,0,0,0,0,0,0,0,0,0,0,0,0,0,0,0,0,0,0,0,0,0,0,0,0,0,0,0,0,0,0,0,0,0,0,0,0,0,0,0,0,0,0,0,0,0,0,0,0,0,0,0,0,0,0,0,0,0,0,0,0,0,0,0,0,0,0,0,0,0,0,0,0,0,0,0,0,0,0,0,0,0,0,0,0,0,0,0,0,0,0,0,0,0,0,0,0
2026-02-19,NV,1801,0,338,38,0,221,7,0,22,8,652,60,129,7,38,9,32,11,10,15,35,13,58,28,8,12,27,15,8,0,0,0,0,0,0,0,0,0,0,0,0,0,0,0,0,0,0,0,0,0,0,0,0,0,0,0,0,0,0,0,0,0,0,0,0,0,0,0,0,0,0,0,0,0,0,0,0,0,0,0,0,0,0,0,0,0,0,0,0,0,0,0,0,0,0,0,0,0,0,0,0,0,0,0,0,0,0,0,0,0,0,0,0,0,0,0,0,0,0,0,0,0,0,0,0,0,0
2026-02-20,NV,1757,0,333,38,0,214,7,0,23,8,627,59,126,7,38,9,32,12,10,14,33,14,57,28,8,12,27,14,8,0,0,0,0,0,0,0,0,0,0,0,0,0,0,0,0,0,0,0,0,0,0,0,0,0,0,0,0,0,0,0,0,0,0,0,0,0,0,0,0,0,0,0,0,0,0,0,0,0,0,0,0,0,0,0,0,0,0,0,0,0,0,0,0,0,0,0,0,0,0,0,0,0,0,0,0,0,0,0,0,0,0,0,0,0,0,0,0,0,0,0,0,0,0,0,0,0,0
2026-02-21,NV,1726,0,331,39,0,208,7,0,23,8,607,59,123,7,38,9,32,12,9,14,32,15,56,27,8,12,28,14,8,0,0,0,0,0,0,0,0,0,0,0,0,0,0,0,0,0,0,0,0,0,0,0,0,0,0,0,0,0,0,0,0,0,0,0,0,0,0,0,0,0,0,0,0,0,0,0,0,0,0,0,0,0,0,0,0,0,0,0,0,0,0,0,0,0,0,0,0,0,0,0,0,0,0,0,0,0,0,0,0,0,0,0,0,0,0,0,0,0,0,0,0,0,0,0,0,0,0
2026-02-22,NV,1666,0,323,39,0,199,7,0,24,7,578,58,119,7,37,9,32,13,9,13,30,16,54,27,8,11,27,14,8,0,0,0,0,0,0,0,0,0,0,0,0,0,0,0,0,0,0,0,0,0,0,0,0,0,0,0,0,0,0,0,0,0,0,0,0,0,0,0,0,0,0,0,0,0,0,0,0,0,0,0,0,0,0,0,0,0,0,0,0,0,0,0,0,0,0,0,0,0,0,0,0,0,0,0,0,0,0,0,0,0,0,0,0,0,0,0,0,0,0,0,0,0,0,0,0,0,0
2026-02-23,NV,1613,0,316,38,0,191,7,0,24,7,551,57,115,7,37,8,32,13,9,12,28,17,53,26,7,11,27,14,7,0,0,0,0,0,0,0,0,0,0,0,0,0,0,0,0,0,0,0,0,0,0,0,0,0,0,0,0,0,0,0,0,0,0,0,0,0,0,0,0,0,0,0,0,0,0,0,0,0,0,0,0,0,0,0,0,0,0,0,0,0,0,0,0,0,0,0,0,0,0,0,0,0,0,0,0,0,0,0,0,0,0,0,0,0,0,0,0,0,0,0,0,0,0,0,0,0,0
2026-02-24,NV,1567,0,310,38,0,184,6,0,24,7,527,56,112,7,37,8,32,13,9,12,26,18,51,25,7,11,27,13,7,0,0,0,0,0,0,0,0,0,0,0,0,0,0,0,0,0,0,0,0,0,0,0,0,0,0,0,0,0,0,0,0,0,0,0,0,0,0,0,0,0,0,0,0,0,0,0,0,0,0,0,0,0,0,0,0,0,0,0,0,0,0,0,0,0,0,0,0,0,0,0,0,0,0,0,0,0,0,0,0,0,0,0,0,0,0,0,0,0,0,0,0,0,0,0,0,0,0
2026-02-25,NV,1531,0,306,38,0,178,6,0,25,7,507,55,109,7,37,8,32,14,8,11,25,19,50,25,7,11,27,13,7,0,0,0,0,0,0,0,0,0,0,0,0,0,0,0,0,0,0,0,0,0,0,0,0,0,0,0,0,0,0,0,0,0,0,0,0,0,0,0,0,0,0,0,0,0,0,0,0,0,0,0,0,0,0,0,0,0,0,0,0,0,0,0,0,0,0,0,0,0,0,0,0,0,0,0,0,0,0,0,0,0,0,0,0,0,0,0,0,0,0,0,0,0,0,0,0,0,0
2026-02-26,NV,1496,0,302,39,0,172,6,0,25,7,487,54,106,7,36,8,32,14,8,11,23,19,49,25,7,10,27,13,7,0,0,0,0,0,0,0,0,0,0,0,0,0,0,0,0,0,0,0,0,0,0,0,0,0,0,0,0,0,0,0,0,0,0,0,0,0,0,0,0,0,0,0,0,0,0,0,0,0,0,0,0,0,0,0,0,0,0,0,0,0,0,0,0,0,0,0,0,0,0,0,0,0,0,0,0,0,0,0,0,0,0,0,0,0,0,0,0,0,0,0,0,0,0,0,0,0,0
2026-02-27,NV,1467,0,299,39,0,167,6,0,26,7,470,54,104,7,36,8,32,14,8,10,22,20,48,24,7,10,27,13,7,0,0,0,0,0,0,0,0,0,0,0,0,0,0,0,0,0,0,0,0,0,0,0,0,0,0,0,0,0,0,0,0,0,0,0,0,0,0,0,0,0,0,0,0,0,0,0,0,0,0,0,0,0,0,0,0,0,0,0,0,0,0,0,0,0,0,0,0,0,0,0,0,0,0,0,0,0,0,0,0,0,0,0,0,0,0,0,0,0,0,0,0,0,0,0,0,0,0
2026-02-28,NV,1462,0,301,40,0,165,6,0,27,7,461,54,104,7,37,8,32,15,8,10,21,21,48,24,7,10,27,13,7,0,0,0,0,0,0,0,0,0,0,0,0,0,0,0,0,0,0,0,0,0,0,0,0,0,0,0,0,0,0,0,0,0,0,0,0,0,0,0,0,0,0,0,0,0,0,0,0,0,0,0,0,0,0,0,0,0,0,0,0,0,0,0,0,0,0,0,0,0,0,0,0,0,0,0,0,0,0,0,0,0,0,0,0,0,0,0,0,0,0,0,0,0,0,0,0,0,0
2026-03-01,NV,1477,0,308,41,0,165,6,0,28,7,458,56,104,7,38,8,34,16,8,10,20,23,49,25,7,11,28,13,7,0,0,0,0,0,0,0,0,0,0,0,0,0,0,0,0,0,0,0,0,0,0,0,0,0,0,0,0,0,0,0,0,0,0,0,0,0,0,0,0,0,0,0,0,0,0,0,0,0,0,0,0,0,0,0,0,0,0,0,0,0,0,0,0,0,0,0,0,0,0,0,0,0,0,0,0,0,0,0,0,0,0,0,0,0,0,0,0,0,0,0,0,0,0,0,0,0,0
2026-03-02,NV,1486,0,313,42,0,165,7,0,29,7,453,57,105,7,39,8,34,17,8,10,20,24,49,25,8,11,29,13,8,0,0,0,0,0,0,0,0,0,0,0,0,0,0,0,0,0,0,0,0,0,0,0,0,0,0,0,0,0,0,0,0,0,0,0,0,0,0,0,0,0,0,0,0,0,0,0,0,0,0,0,0,0,0,0,0,0,0,0,0,0,0,0,0,0,0,0,0,0,0,0,0,0,0,0,0,0,0,0,0,0,0,0,0,0,0,0,0,0,0,0,0,0,0,0,0,0,0
2026-03-03,NV,1491,0,317,43,0,163,7,0,31,7,446,57,105,7,40,8,35,17,8,9,19,25,49,25,8,11,30,13,8,0,0,0,0,0,0,0,0,0,0,0,0,0,0,0,0,0,0,0,0,0,0,0,0,0,0,0,0,0,0,0,0,0,0,0,0,0,0,0,0,0,0,0,0,0,0,0,0,0,0,0,0,0,0,0,0,0,0,0,0,0,0,0,0,0,0,0,0,0,0,0,0,0,0,0,0,0,0,0,0,0,0,0,0,0,0,0,0,0,0,0,0,0,0,0,0,0,0
2026-03-04,NV,1475,0,317,44,0,160,7,0,31,7,433,57,104,7,40,8,36,18,8,9,18,26,49,25,8,11,30,13,8,0,0,0,0,0,0,0,0,0,0,0,0,0,0,0,0,0,0,0,0,0,0,0,0,0,0,0,0,0,0,0,0,0,0,0,0,0,0,0,0,0,0,0,0,0,0,0,0,0,0,0,0,0,0,0,0,0,0,0,0,0,0,0,0,0,0,0,0,0,0,0,0,0,0,0,0,0,0,0,0,0,0,0,0,0,0,0,0,0,0,0,0,0,0,0,0,0,0
2026-03-05,NV,1444,0,313,44,0,155,7,0,32,7,417,57,101,7,40,8,36,18,8,9,17,27,48,25,8,11,30,13,8,0,0,0,0,0,0,0,0,0,0,0,0,0,0,0,0,0,0,0,0,0,0,0,0,0,0,0,0,0,0,0,0,0,0,0,0,0,0,0,0,0,0,0,0,0,0,0,0,0,0,0,0,0,0,0,0,0,0,0,0,0,0,0,0,0,0,0,0,0,0,0,0,0,0,0,0,0,0,0,0,0,0,0,0,0,0,0,0,0,0,0,0,0,0,0,0,0,0
2026-03-06,NV,1391,0,304,43,0,148,6,0,31,7,394,55,98,7,39,8,35,18,7,8,15,27,46,24,8,10,29,13,8,0,0,0,0,0,0,0,0,0,0,0,0,0,0,0,0,0,0,0,0,0,0,0,0,0,0,0,0,0,0,0,0,0,0,0,0,0,0,0,0,0,0,0,0,0,0,0,0,0,0,0,0,0,0,0,0,0,0,0,0,0,0,0,0,0,0,0,0,0,0,0,0,0,0,0,0,0,0,0,0,0,0,0,0,0,0,0,0,0,0,0,0,0,0,0,0,0,0
2026-03-07,NV,1316,0,291,42,0,138,6,0,31,7,365,53,92,7,38,8,34,18,7,7,14,27,44,23,7,10,28,12,7,0,0,0,0,0,0,0,0,0,0,0,0,0,0,0,0,0,0,0,0,0,0,0,0,0,0,0,0,0,0,0,0,0,0,0,0,0,0,0,0,0,0,0,0,0,0,0,0,0,0,0,0,0,0,0,0,0,0,0,0,0,0,0,0,0,0,0,0,0,0,0,0,0,0,0,0,0,0,0,0,0,0,0,0,0,0,0,0,0,0,0,0,0,0,0,0,0,0
2026-03-08,NV,1283,0,286,42,0,134,6,0,31,7,349,52,90,7,37,7,34,18,7,7,12,27,43,23,7,10,28,12,7,0,0,0,0,0,0,0,0,0,0,0,0,0,0,0,0,0,0,0,0,0,0,0,0,0,0,0,0,0,0,0,0,0,0,0,0,0,0,0,0,0,0,0,0,0,0,0,0,0,0,0,0,0,0,0,0,0,0,0,0,0,0,0,0,0,0,0,0,0,0,0,0,0,0,0,0,0,0,0,0,0,0,0,0,0,0,0,0,0,0,0,0,0,0,0,0,0,0
2026-03-09,NV,1252,0,282,42,0,129,6,0,31,7,334,51,87,7,37,7,33,18,7,7,11,28,42,22,7,9,28,12,7,0,0,0,0,0,0,0,0,0,0,0,0,0,0,0,0,0,0,0,0,0,0,0,0,0,0,0,0,0,0,0,0,0,0,0,0,0,0,0,0,0,0,0,0,0,0,0,0,0,0,0,0,0,0,0,0,0,0,0,0,0,0,0,0,0,0,0,0,0,0,0,0,0,0,0,0,0,0,0,0,0,0,0,0,0,0,0,0,0,0,0,0,0,0,0,0,0,0
2026-03-10,NV,1223,0,278,41,0,125,6,0,31,7,320,51,85,7,37,7,33,18,6,6,10,28,41,22,7,9,28,11,7,0,0,0,0,0,0,0,0,0,0,0,0,0,0,0,0,0,0,0,0,0,0,0,0,0,0,0,0,0,0,0,0,0,0,0,0,0,0,0,0,0,0,0,0,0,0,0,0,0,0,0,0,0,0,0,0,0,0,0,0,0,0,0,0,0,0,0,0,0,0,0,0,0,0,0,0,0,0,0,0,0,0,0,0,0,0,0,0,0,0,0,0,0,0,0,0,0,0
2026-03-11,NV,1195,0,275,41,0,120,6,0,31,7,306,50,83,7,37,7,33,19,6,6,9,29,40,22,7,9,28,11,7,0,0,0,0,0,0,0,0,0,0,0,0,0,0,0,0,0,0,0,0,0,0,0,0,0,0,0,0,0,0,0,0,0,0,0,0,0,0,0,0,0,0,0,0,0,0,0,0,0,0,0,0,0,0,0,0,0,0,0,0,0,0,0,0,0,0,0,0,0,0,0,0,0,0,0,0,0,0,0,0,0,0,0,0,0,0,0,0,0,0,0,0,0,0,0,0,0,0
2026-03-12,NV,1168,0,271,41,0,116,6,0,31,6,292,50,81,6,36,7,33,19,6,6,9,29,39,21,7,9,28,11,7,0,0,0,0,0,0,0,0,0,0,0,0,0,0,0,0,0,0,0,0,0,0,0,0,0,0,0,0,0,0,0,0,0,0,0,0,0,0,0,0,0,0,0,0,0,0,0,0,0,0,0,0,0,0,0,0,0,0,0,0,0,0,0,0,0,0,0,0,0,0,0,0,0,0,0,0,0,0,0,0,0,0,0,0,0,0,0,0,0,0,0,0,0,0,0,0,0,0
2026-03-13,NV,1142,0,268,41,0,112,6,0,32,6,280,49,79,6,36,7,33,19,6,5,8,29,39,21,7,9,28,11,7,0,0,0,0,0,0,0,0,0,0,0,0,0,0,0,0,0,0,0,0,0,0,0,0,0,0,0,0,0,0,0,0,0,0,0,0,0,0,0,0,0,0,0,0,0,0,0,0,0,0,0,0,0,0,0,0,0,0,0,0,0,0,0,0,0,0,0,0,0,0,0,0,0,0,0,0,0,0,0,0,0,0,0,0,0,0,0,0,0,0,0,0,0,0,0,0,0,0
2026-03-14,NV,1124,0,265,41,5,109,6,0,32,6,268,48,78,6,36,7,33,19,6,5,7,30,38,21,7,9,27,11,7,0,0,0,0,0,0,0,0,0,0,0,0,0,0,0,0,0,0,0,0,0,0,0,0,0,0,0,0,0,0,0,0,0,0,0,0,0,0,0,0,0,0,0,0,0,0,0,0,0,0,0,0,0,0,0,0,0,0,0,0,0,0,0,0,0,0,0,0,0,0,0,0,0,0,0,0,0,0,0,0,0,0,0,0,0,0,0,0,0,0,0,0,0,0,0,0,0,0
2026-03-15,NV,1076,0,256,39,5,107,5,0,30,6,255,48,73,7,34,7,32,20,6,5,7,28,36,19,7,9,26,10,0,0,0,0,0,0,0,0,0,0,0,0,0,0,0,0,0,0,0,0,0,0,0,0,0,0,0,0,0,0,0,0,0,0,0,0,0,0,0,0,0,0,0,0,0,0,0,0,0,0,0,0,0,0,0,0,0,0,0,0,0,0,0,0,0,0,0,0,0,0,0,0,0,0,0,0,0,0,0,0,0,0,0,0,0,0,0,0,0,0,0,0,0,0,0,0,0,0,0
2026-03-16,NV,1037,0,247,37,5,105,5,0,28,6,243,47,68,8,32,8,30,21,6,6,7,27,34,18,6,8,24,10,0,0,0,0,0,0,0,0,0,0,0,0,0,0,0,0,0,0,0,0,0,0,0,0,0,0,0,0,0,0,0,0,0,0,0,0,0,0,0,0,0,0,0,0,0,0,0,0,0,0,0,0,0,0,0,0,0,0,0,0,0,0,0,0,0,0,0,0,0,0,0,0,0,0,0,0,0,0,0,0,0,0,0,0,0,0,0,0,0,0,0,0,0,0,0,0,0,0,0
2026-03-17,NV,1008,0,241,35,5,104,5,0,27,6,234,47,64,8,30,8,30,22,6,6,7,26,32,18,6,8,23,10,0,0,0,0,0,0,0,0,0,0,0,0,0,0,0,0,0,0,0,0,0,0,0,0,0,0,0,0,0,0,0,0,0,0,0,0,0,0,0,0,0,0,0,0,0,0,0,0,0,0,0,0,0,0,0,0,0,0,0,0,0,0,0,0,0,0,0,0,0,0,0,0,0,0,0,0,0,0,0,0,0,0,0,0,0,0,0,0,0,0,0,0,0,0,0,0,0,0,0
2026-03-18,NV,996,0,239,34,5,104,5,0,26,6,229,48,61,9,29,8,29,24,6,7,7,25,31,17,6,8,22,10,0,0,0,0,0,0,0,0,0,0,0,0,0,0,0,0,0,0,0,0,0,0,0,0,0,0,0,0,0,0,0,0,0,0,0,0,0,0,0,0,0,0,0,0,0,0,0,0,0,0,0,0,0,0,0,0,0,0,0,0,0,0,0,0,0,0,0,0,0,0,0,0,0,0,0,0,0,0,0,0,0,0,0,0,0,0,0,0,0,0,0,0,0,0,0,0,0,0,0
2026-03-19,NV,1002,0,241,34,5,107,5,0,26,6,228,49,60,10,29,9,29,26,6,7,7,25,30,17,6,8,22,10,0,0,0,0,0,0,0,0,0,0,0,0,0,0,0,0,0,0,0,0,0,0,0,0,0,0,0,0,0,0,0,0,0,0,0,0,0,0,0,0,0,0,0,0,0,0,0,0,0,0,0,0,0,0,0,0,0,0,0,0,0,0,0,0,0,0,0,0,0,0,0,0,0,0,0,0,0,0,0,0,0,0,0,0,0,0,0,0,0,0,0,0,0,0,0,0,0,0,0
2026-03-20,NV,1024,0,247,34,6,111,5,0,26,7,231,52,59,11,29,10,30,28,7,8,7,25,30,17,6,8,22,10,0,0,0,0,0,0,0,0,0,0,0,0,0,0,0,0,0,0,0,0,0,0,0,0,0,0,0,0,0,0,0,0,0,0,0,0,0,0,0,0,0,0,0,0,0,0,0,0,0,0,0,0,0,0,0,0,0,0,0,0,0,0,0,0,0,0,0,0,0,0,0,0,0,0,0,0,0,0,0,0,0,0,0,0,0,0,0,0,0,0,0,0,0,0,0,0,0,0,0
2026-03-21,NV,1044,0,253,34,6,115,5,0,26,7,233,54,58,12,28,10,31,30,7,9,7,25,30,17,7,9,21,10,0,0,0,0,0,0,0,0,0,0,0,0,0,0,0,0,0,0,0,0,0,0,0,0,0,0,0,0,0,0,0,0,0,0,0,0,0,0,0,0,0,0,0,0,0,0,0,0,0,0,0,0,0,0,0,0,0,0,0,0,0,0,0,0,0,0,0,0,0,0,0,0,0,0,0,0,0,0,0,0,0,0,0,0,0,0,0,0,0,0,0,0,0,0,0,0,0,0,0
2026-03-22,NV,1052,0,255,33,6,118,5,0,26,7,232,56,57,12,28,11,31,32,7,9,8,25,30,17,7,9,21,10,0,0,0,0,0,0,0,0,0,0,0,0,0,0,0,0,0,0,0,0,0,0,0,0,0,0,0,0,0,0,0,0,0,0,0,0,0,0,0,0,0,0,0,0,0,0,0,0,0,0,0,0,0,0,0,0,0,0,0,0,0,0,0,0,0,0,0,0,0,0,0,0,0,0,0,0,0,0,0,0,0,0,0,0,0,0,0,0,0,0,0,0,0,0,0,0,0,0,0
2026-03-23,NV,1054,0,257,33,6,120,5,0,25,7,230,57,55,13,27,12,31,34,7,10,8,25,29,16,7,9,20,10,0,0,0,0,0,0,0,0,0,0,0,0,0,0,0,0,0,0,0,0,0,0,0,0,0,0,0,0,0,0,0,0,0,0,0,0,0,0,0,0,0,0,0,0,0,0,0,0,0,0,0,0,0,0,0,0,0,0,0,0,0,0,0,0,0,0,0,0,0,0,0,0,0,0,0,0,0,0,0,0,0,0,0,0,0,0,0,0,0,0,0,0,0,0,0,0,0,0,0
2026-03-24,NV,1044,0,255,32,6,121,5,0,25,7,225,58,53,14,26,12,31,35,7,10,8,24,28,16,7,9,20,10,0,0,0,0,0,0,0,0,0,0,0,0,0,0,0,0,0,0,0,0,0,0,0,0,0,0,0,0,0,0,0,0,0,0,0,0,0,0,0,0,0,0,0,0,0,0,0,0,0,0,0,0,0,0,0,0,0,0,0,0,0,0,0,0,0,0,0,0,0,0,0,0,0,0,0,0,0,0,0,0,0,0,0,0,0,0,0,0,0,0,0,0,0,0,0,0,0,0,0
2026-03-25,NV,1028,0,252,31,6,121,5,0,24,7,220,58,50,15,25,13,30,37,8,11,8,23,27,15,7,9,19,10,0,0,0,0,0,0,0,0,0,0,0,0,0,0,0,0,0,0,0,0,0,0,0,0,0,0,0,0,0,0,0,0,0,0,0,0,0,0,0,0,0,0,0,0,0,0,0,0,0,0,0,0,0,0,0,0,0,0,0,0,0,0,0,0,0,0,0,0,0,0,0,0,0,0,0,0,0,0,0,0,0,0,0,0,0,0,0,0,0,0,0,0,0,0,0,0,0,0,0
2026-03-26,NV,1003,0,246,29,6,120,5,0,23,7,212,58,47,15,24,13,29,37,8,11,8,22,25,15,7,8,18,10,0,0,0,0,0,0,0,0,0,0,0,0,0,0,0,0,0,0,0,0,0,0,0,0,0,0,0,0,0,0,0,0,0,0,0,0,0,0,0,0,0,0,0,0,0,0,0,0,0,0,0,0,0,0,0,0,0,0,0,0,0,0,0,0,0,0,0,0,0,0,0,0,0,0,0,0,0,0,0,0,0,0,0,0,0,0,0,0,0,0,0,0,0,0,0,0,0,0,0
2026-03-27,NV,973,0,240,28,6,118,5,0,22,7,203,57,43,15,22,13,29,38,7,11,8,21,24,14,6,8,17,10,0,0,0,0,0,0,0,0,0,0,0,0,0,0,0,0,0,0,0,0,0,0,0,0,0,0,0,0,0,0,0,0,0,0,0,0,0,0,0,0,0,0,0,0,0,0,0,0,0,0,0,0,0,0,0,0,0,0,0,0,0,0,0,0,0,0,0,0,0,0,0,0,0,0,0,0,0,0,0,0,0,0,0,0,0,0,0,0,0,0,0,0,0,0,0,0,0,0,0
2026-03-28,NV,946,0,234,27,6,116,5,0,21,7,195,57,40,16,21,13,28,38,7,11,8,20,22,13,6,8,16,10,0,0,0,0,0,0,0,0,0,0,0,0,0,0,0,0,0,0,0,0,0,0,0,0,0,0,0,0,0,0,0,0,0,0,0,0,0,0,0,0,0,0,0,0,0,0,0,0,0,0,0,0,0,0,0,0,0,0,0,0,0,0,0,0,0,0,0,0,0,0,0,0,0,0,0,0,0,0,0,0,0,0,0,0,0,0,0,0,0,0,0,0,0,0,0,0,0,0,0
2026-03-29,NV,941,0,233,26,6,117,5,0,20,7,192,57,38,16,20,13,28,40,8,12,8,20,22,13,6,8,15,10,0,0,0,0,0,0,0,0,0,0,0,0,0,0,0,0,0,0,0,0,0,0,0,0,0,0,0,0,0,0,0,0,0,0,0,0,0,0,0,0,0,0,0,0,0,0,0,0,0,0,0,0,0,0,0,0,0,0,0,0,0,0,0,0,0,0,0,0,0,0,0,0,0,0,0,0,0,0,0,0,0,0,0,0,0,0,0,0,0,0,0,0,0,0,0,0,0,0,0
2026-03-30,NV,935,0,232,25,7,118,5,0,19,7,189,58,36,17,20,14,28,41,8,12,8,20,21,13,6,8,14,9,0,0,0,0,0,0,0,0,0,0,0,0,0,0,0,0,0,0,0,0,0,0,0,0,0,0,0,0,0,0,0,0,0,0,0,0,0,0,0,0,0,0,0,0,0,0,0,0,0,0,0,0,0,0,0,0,0,0,0,0,0,0,0,0,0,0,0,0,0,0,0,0,0,0,0,0,0,0,0,0,0,0,0,0,0,0,0,0,0,0,0,0,0,0,0,0,0,0,0
2026-03-31,NV,930,0,232,24,7,119,5,0,19,7,186,59,35,17,19,14,27,42,8,13,8,19,20,12,6,8,14,9,0,0,0,0,0,0,0,0,0,0,0,0,0,0,0,0,0,0,0,0,0,0,0,0,0,0,0,0,0,0,0,0,0,0,0,0,0,0,0,0,0,0,0,0,0,0,0,0,0,0,0,0,0,0,0,0,0,0,0,0,0,0,0,0,0,0,0,0,0,0,0,0,0,0,0,0,0,0,0,0,0,0,0,0,0,0,0,0,0,0,0,0,0,0,0,0,0,0,0
2026-04-01,NV,921,0,230,24,7,120,5,0,18,7,182,59,33,18,18,15,27,43,8,13,8,19,19,12,6,8,13,9,0,0,0,0,0,0,0,0,0,0,0,0,0,0,0,0,0,0,0,0,0,0,0,0,0,0,0,0,0,0,0,0,0,0,0,0,0,0,0,0,0,0,0,0,0,0,0,0,0,0,0,0,0,0,0,0,0,0,0,0,0,0,0,0,0,0,0,0,0,0,0,0,0,0,0,0,0,0,0,0,0,0,0,0,0,0,0,0,0,0,0,0,0,0,0,0,0,0,0
2026-04-02,NV,907,0,227,23,7,120,5,0,18,7,177,60,30,18,17,15,27,44,8,13,8,18,18,11,6,8,13,9,0,0,0,0,0,0,0,0,0,0,0,0,0,0,0,0,0,0,0,0,0,0,0,0,0,0,0,0,0,0,0,0,0,0,0,0,0,0,0,0,0,0,0,0,0,0,0,0,0,0,0,0,0,0,0,0,0,0,0,0,0,0,0,0,0,0,0,0,0,0,0,0,0,0,0,0,0,0,0,0,0,0,0,0,0,0,0,0,0,0,0,0,0,0,0,0,0,0,0
2026-04-03,NV,885,0,222,22,7,118,5,0,17,7,170,59,28,18,16,15,26,45,8,14,8,17,17,11,6,8,12,9,0,0,0,0,0,0,0,0,0,0,0,0,0,0,0,0,0,0,0,0,0,0,0,0,0,0,0,0,0,0,0,0,0,0,0,0,0,0,0,0,0,0,0,0,0,0,0,0,0,0,0,0,0,0,0,0,0,0,0,0,0,0,0,0,0,0,0,0,0,0,0,0,0,0,0,0,0,0,0,0,0,0,0,0,0,0,0,0,0,0,0,0,0,0,0,0,0,0,0
2026-04-04,NV,861,0,217,21,7,117,5,0,16,7,164,59,26,19,15,15,25,45,8,14,8,17,16,10,6,7,11,9,0,0,0,0,0,0,0,0,0,0,0,0,0,0,0,0,0,0,0,0,0,0,0,0,0,0,0,0,0,0,0,0,0,0,0,0,0,0,0,0,0,0,0,0,0,0,0,0,0,0,0,0,0,0,0,0,0,0,0,0,0,0,0,0,0,0,0,0,0,0,0,0,0,0,0,0,0,0,0,0,0,0,0,0,0,0,0,0,0,0,0,0,0,0,0,0,0,0,0
2026-04-05,NV,820,0,207,19,7,112,5,0,15,7,154,57,23,18,14,15,24,44,8,13,7,16,15,10,6,7,10,8,0,0,0,0,0,0,0,0,0,0,0,0,0,0,0,0,0,0,0,0,0,0,0,0,0,0,0,0,0,0,0,0,0,0,0,0,0,0,0,0,0,0,0,0,0,0,0,0,0,0,0,0,0,0,0,0,0,0,0,0,0,0,0,0,0,0,0,0,0,0,0,0,0,0,0,0,0,0,0,0,0,0,0,0,0,0,0,0,0,0,0,0,0,0,0,0,0,0,0
2026-04-06,NV,789,0,200,18,6,110,4,0,14,7,147,55,21,18,13,15,23,44,7,13,7,15,14,9,5,7,9,8,0,0,0,0,0,0,0,0,0,0,0,0,0,0,0,0,0,0,0,0,0,0,0,0,0,0,0,0,0,0,0,0,0,0,0,0,0,0,0,0,0,0,0,0,0,0,0,0,0,0,0,0,0,0,0,0,0,0,0,0,0,0,0,0,0,0,0,0,0,0,0,0,0,0,0,0,0,0,0,0,0,0,0,0,0,0,0,0,0,0,0,0,0,0,0,0,0,0,0
2026-04-07,NV,769,0,195,17,6,108,4,0,13,6,141,55,19,18,12,15,23,44,7,13,7,14,13,8,5,7,8,8,0,0,0,0,0,0,0,0,0,0,0,0,0,0,0,0,0,0,0,0,0,0,0,0,0,0,0,0,0,0,0,0,0,0,0,0,0,0,0,0,0,0,0,0,0,0,0,0,0,0,0,0,0,0,0,0,0,0,0,0,0,0,0,0,0,0,0,0,0,0,0,0,0,0,0,0,0,0,0,0,0,0,0,0,0,0,0,0,0,0,0,0,0,0,0,0,0,0,0
2026-04-08,NV,758,0,193,16,6,108,4,0,13,6,138,55,17,19,11,15,22,44,7,14,7,14,12,8,5,7,8,8,0,0,0,0,0,0,0,0,0,0,0,0,0,0,0,0,0,0,0,0,0,0,0,0,0,0,0,0,0,0,0,0,0,0,0,0,0,0,0,0,0,0,0,0,0,0,0,0,0,0,0,0,0,0,0,0,0,0,0,0,0,0,0,0,0,0,0,0,0,0,0,0,0,0,0,0,0,0,0,0,0,0,0,0,0,0,0,0,0,0,0,0,0,0,0,0,0,0,0
2026-04-09,NV,759,0,194,16,7,109,4,0,12,7,136,56,16,19,11,15,22,46,8,14,7,13,12,8,5,7,8,8,0,0,0,0,0,0,0,0,0,0,0,0,0,0,0,0,0,0,0,0,0,0,0,0,0,0,0,0,0,0,0,0,0,0,0,0,0,0,0,0,0,0,0,0,0,0,0,0,0,0,0,0,0,0,0,0,0,0,0,0,0,0,0,0,0,0,0,0,0,0,0,0,0,0,0,0,0,0,0,0,0,0,0,0,0,0,0,0,0,0,0,0,0,0,0,0,0,0,0
2026-04-10,NV,767,0,197,16,7,112,4,0,12,7,136,57,14,20,10,16,23,47,8,15,7,13,11,8,5,7,7,8,0,0,0,0,0,0,0,0,0,0,0,0,0,0,0,0,0,0,0,0,0,0,0,0,0,0,0,0,0,0,0,0,0,0,0,0,0,0,0,0,0,0,0,0,0,0,0,0,0,0,0,0,0,0,0,0,0,0,0,0,0,0,0,0,0,0,0,0,0,0,0,0,0,0,0,0,0,0,0,0,0,0,0,0,0,0,0,0,0,0,0,0,0,0,0,0,0,0,0
2026-04-11,NV,762,0,196,15,7,112,4,0,12,7,133,58,13,20,10,16,23,48,8,15,7,13,11,7,5,7,7,8,0,0,0,0,0,0,0,0,0,0,0,0,0,0,0,0,0,0,0,0,0,0,0,0,0,0,0,0,0,0,0,0,0,0,0,0,0,0,0,0,0,0,0,0,0,0,0,0,0,0,0,0,0,0,0,0,0,0,0,0,0,0,0,0,0,0,0,0,0,0,0,0,0,0,0,0,0,0,0,0,0,0,0,0,0,0,0,0,0,0,0,0,0,0,0,0,0,0,0
2026-04-12,NV,748,0,206,15,7,113,5,0,13,7,135,58,13,22,10,16,23,50,8,16,8,13,11,0,0,0,0,0,0,0,0,0,0,0,0,0,0,0,0,0,0,0,0,0,0,0,0,0,0,0,0,0,0,0,0,0,0,0,0,0,0,0,0,0,0,0,0,0,0,0,0,0,0,0,0,0,0,0,0,0,0,0,0,0,0,0,0,0,0,0,0,0,0,0,0,0,0,0,0,0,0,0,0,0,0,0,0,0,0,0,0,0,0,0,0,0,0,0,0,0,0,0,0,0,0,0,0
2026-04-13,NV,727,0,204,14,7,107,4,0,13,8,129,56,12,21,9,15,23,49,8,16,7,13,11,0,0,0,0,0,0,0,0,0,0,0,0,0,0,0,0,0,0,0,0,0,0,0,0,0,0,0,0,0,0,0,0,0,0,0,0,0,0,0,0,0,0,0,0,0,0,0,0,0,0,0,0,0,0,0,0,0,0,0,0,0,0,0,0,0,0,0,0,0,0,0,0,0,0,0,0,0,0,0,0,0,0,0,0,0,0,0,0,0,0,0,0,0,0,0,0,0,0,0,0,0,0,0,0
2026-04-14,NV,700,0,200,13,7,100,4,0,14,8,122,52,12,21,9,15,22,47,8,16,7,13,10,0,0,0,0,0,0,0,0,0,0,0,0,0,0,0,0,0,0,0,0,0,0,0,0,0,0,0,0,0,0,0,0,0,0,0,0,0,0,0,0,0,0,0,0,0,0,0,0,0,0,0,0,0,0,0,0,0,0,0,0,0,0,0,0,0,0,0,0,0,0,0,0,0,0,0,0,0,0,0,0,0,0,0,0,0,0,0,0,0,0,0,0,0,0,0,0,0,0,0,0,0,0,0,0
2026-04-15,NV,671,0,195,13,7,93,4,0,14,8,115,49,11,21,8,14,22,45,8,16,7,12,10,0,0,0,0,0,0,0,0,0,0,0,0,0,0,0,0,0,0,0,0,0,0,0,0,0,0,0,0,0,0,0,0,0,0,0,0,0,0,0,0,0,0,0,0,0,0,0,0,0,0,0,0,0,0,0,0,0,0,0,0,0,0,0,0,0,0,0,0,0,0,0,0,0,0,0,0,0,0,0,0,0,0,0,0,0,0,0,0,0,0,0,0,0,0,0,0,0,0,0,0,0,0,0,0
2026-04-16,NV,639,0,189,12,6,86,4,0,14,8,108,46,10,20,8,13,21,43,8,16,7,12,10,0,0,0,0,0,0,0,0,0,0,0,0,0,0,0,0,0,0,0,0,0,0,0,0,0,0,0,0,0,0,0,0,0,0,0,0,0,0,0,0,0,0,0,0,0,0,0,0,0,0,0,0,0,0,0,0,0,0,0,0,0,0,0,0,0,0,0,0,0,0,0,0,0,0,0,0,0,0,0,0,0,0,0,0,0,0,0,0,0,0,0,0,0,0,0,0,0,0,0,0,0,0,0,0
2026-04-17,NV,608,0,183,11,6,80,4,0,14,8,101,43,9,20,7,12,20,41,7,15,6,12,9,0,0,0,0,0,0,0,0,0,0,0,0,0,0,0,0,0,0,0,0,0,0,0,0,0,0,0,0,0,0,0,0,0,0,0,0,0,0,0,0,0,0,0,0,0,0,0,0,0,0,0,0,0,0,0,0,0,0,0,0,0,0,0,0,0,0,0,0,0,0,0,0,0,0,0,0,0,0,0,0,0,0,0,0,0,0,0,0,0,0,0,0,0,0,0,0,0,0,0,0,0,0,0,0
2026-04-18,NV,594,0,182,10,6,76,4,0,14,8,97,41,9,20,7,11,20,40,7,15,6,11,9,0,0,0,0,0,0,0,0,0,0,0,0,0,0,0,0,0,0,0,0,0,0,0,0,0,0,0,0,0,0,0,0,0,0,0,0,0,0,0,0,0,0,0,0,0,0,0,0,0,0,0,0,0,0,0,0,0,0,0,0,0,0,0,0,0,0,0,0,0,0,0,0,0,0,0,0,0,0,0,0,0,0,0,0,0,0,0,0,0,0,0,0,0,0,0,0,0,0,0,0,0,0,0,0
2026-04-19,NV,599,0,187,10,6,74,4,0,15,8,97,40,9,20,7,11,20,40,7,16,6,12,9,0,0,0,0,0,0,0,0,0,0,0,0,0,0,0,0,0,0,0,0,0,0,0,0,0,0,0,0,0,0,0,0,0,0,0,0,0,0,0,0,0,0,0,0,0,0,0,0,0,0,0,0,0,0,0,0,0,0,0,0,0,0,0,0,0,0,0,0,0,0,0,0,0,0,0,0,0,0,0,0,0,0,0,0,0,0,0,0,0,0,0,0,0,0,0,0,0,0,0,0,0,0,0,0
2026-04-20,NV,602,0,191,10,6,72,4,0,16,8,95,40,9,21,7,11,21,41,7,17,6,12,9,0,0,0,0,0,0,0,0,0,0,0,0,0,0,0,0,0,0,0,0,0,0,0,0,0,0,0,0,0,0,0,0,0,0,0,0,0,0,0,0,0,0,0,0,0,0,0,0,0,0,0,0,0,0,0,0,0,0,0,0,0,0,0,0,0,0,0,0,0,0,0,0,0,0,0,0,0,0,0,0,0,0,0,0,0,0,0,0,0,0,0,0,0,0,0,0,0,0,0,0,0,0,0,0
2026-04-21,NV,604,0,195,10,7,70,4,0,17,9,94,39,9,21,7,10,21,41,8,17,6,12,9,0,0,0,0,0,0,0,0,0,0,0,0,0,0,0,0,0,0,0,0,0,0,0,0,0,0,0,0,0,0,0,0,0,0,0,0,0,0,0,0,0,0,0,0,0,0,0,0,0,0,0,0,0,0,0,0,0,0,0,0,0,0,0,0,0,0,0,0,0,0,0,0,0,0,0,0,0,0,0,0,0,0,0,0,0,0,0,0,0,0,0,0,0,0,0,0,0,0,0,0,0,0,0,0
2026-04-22,NV,600,0,196,9,7,67,4,0,17,9,92,38,8,21,7,10,21,41,8,18,6,12,9,0,0,0,0,0,0,0,0,0,0,0,0,0,0,0,0,0,0,0,0,0,0,0,0,0,0,0,0,0,0,0,0,0,0,0,0,0,0,0,0,0,0,0,0,0,0,0,0,0,0,0,0,0,0,0,0,0,0,0,0,0,0,0,0,0,0,0,0,0,0,0,0,0,0,0,0,0,0,0,0,0,0,0,0,0,0,0,0,0,0,0,0,0,0,0,0,0,0,0,0,0,0,0,0
2026-04-23,NV,589,0,196,9,7,64,4,0,18,9,89,36,8,21,7,10,21,40,8,18,6,12,9,0,0,0,0,0,0,0,0,0,0,0,0,0,0,0,0,0,0,0,0,0,0,0,0,0,0,0,0,0,0,0,0,0,0,0,0,0,0,0,0,0,0,0,0,0,0,0,0,0,0,0,0,0,0,0,0,0,0,0,0,0,0,0,0,0,0,0,0,0,0,0,0,0,0,0,0,0,0,0,0,0,0,0,0,0,0,0,0,0,0,0,0,0,0,0,0,0,0,0,0,0,0,0,0
2026-04-24,NV,575,0,194,8,7,60,4,0,18,9,85,34,7,21,6,9,20,39,8,18,6,12,9,0,0,0,0,0,0,0,0,0,0,0,0,0,0,0,0,0,0,0,0,0,0,0,0,0,0,0,0,0,0,0,0,0,0,0,0,0,0,0,0,0,0,0,0,0,0,0,0,0,0,0,0,0,0,0,0,0,0,0,0,0,0,0,0,0,0,0,0,0,0,0,0,0,0,0,0,0,0,0,0,0,0,0,0,0,0,0,0,0,0,0,0,0,0,0,0,0,0,0,0,0,0,0,0
2026-04-25,NV,560,0,192,8,6,57,4,0,18,9,81,33,7,21,6,9,20,38,7,18,6,12,9,0,0,0,0,0,0,0,0,0,0,0,0,0,0,0,0,0,0,0,0,0,0,0,0,0,0,0,0,0,0,0,0,0,0,0,0,0,0,0,0,0,0,0,0,0,0,0,0,0,0,0,0,0,0,0,0,0,0,0,0,0,0,0,0,0,0,0,0,0,0,0,0,0,0,0,0,0,0,0,0,0,0,0,0,0,0,0,0,0,0,0,0,0,0,0,0,0,0,0,0,0,0,0,0
2026-04-26,NV,541,0,188,7,6,53,3,0,18,9,77,31,7,21,6,8,20,37,7,17,5,11,9,0,0,0,0,0,0,0,0,0,0,0,0,0,0,0,0,0,0,0,0,0,0,0,0,0,0,0,0,0,0,0,0,0,0,0,0,0,0,0,0,0,0,0,0,0,0,0,0,0,0,0,0,0,0,0,0,0,0,0,0,0,0,0,0,0,0,0,0,0,0,0,0,0,0,0,0,0,0,0,0,0,0,0,0,0,0,0,0,0,0,0,0,0,0,0,0,0,0,0,0,0,0,0,0
2026-04-27,NV,528,0,186,7,6,49,3,0,18,9,74,29,6,21,6,8,19,36,7,17,5,11,9,0,0,0,0,0,0,0,0,0,0,0,0,0,0,0,0,0,0,0,0,0,0,0,0,0,0,0,0,0,0,0,0,0,0,0,0,0,0,0,0,0,0,0,0,0,0,0,0,0,0,0,0,0,0,0,0,0,0,0,0,0,0,0,0,0,0,0,0,0,0,0,0,0,0,0,0,0,0,0,0,0,0,0,0,0,0,0,0,0,0,0,0,0,0,0,0,0,0,0,0,0,0,0,0
2026-04-28,NV,518,0,186,7,6,47,3,0,18,9,71,28,6,21,5,7,19,36,7,18,5,11,8,0,0,0,0,0,0,0,0,0,0,0,0,0,0,0,0,0,0,0,0,0,0,0,0,0,0,0,0,0,0,0,0,0,0,0,0,0,0,0,0,0,0,0,0,0,0,0,0,0,0,0,0,0,0,0,0,0,0,0,0,0,0,0,0,0,0,0,0,0,0,0,0,0,0,0,0,0,0,0,0,0,0,0,0,0,0,0,0,0,0,0,0,0,0,0,0,0,0,0,0,0,0,0,0
2026-04-29,NV,508,0,184,6,6,44,3,0,19,9,69,27,6,20,5,7,19,35,7,18,5,11,8,0,0,0,0,0,0,0,0,0,0,0,0,0,0,0,0,0,0,0,0,0,0,0,0,0,0,0,0,0,0,0,0,0,0,0,0,0,0,0,0,0,0,0,0,0,0,0,0,0,0,0,0,0,0,0,0,0,0,0,0,0,0,0,0,0,0,0,0,0,0,0,0,0,0,0,0,0,0,0,0,0,0,0,0,0,0,0,0,0,0,0,0,0,0,0,0,0,0,0,0,0,0,0,0
2026-04-30,NV,498,0,183,6,6,41,3,0,19,9,66,25,5,20,5,6,19,34,7,18,5,11,8,0,0,0,0,0,0,0,0,0,0,0,0,0,0,0,0,0,0,0,0,0,0,0,0,0,0,0,0,0,0,0,0,0,0,0,0,0,0,0,0,0,0,0,0,0,0,0,0,0,0,0,0,0,0,0,0,0,0,0,0,0,0,0,0,0,0,0,0,0,0,0,0,0,0,0,0,0,0,0,0,0,0,0,0,0,0,0,0,0,0,0,0,0,0,0,0,0,0,0,0,0,0,0,0
2026-05-01,NV,488,0,182,6,6,39,3,0,19,9,63,24,5,20,5,6,18,34,7,18,5,11,8,0,0,0,0,0,0,0,0,0,0,0,0,0,0,0,0,0,0,0,0,0,0,0,0,0,0,0,0,0,0,0,0,0,0,0,0,0,0,0,0,0,0,0,0,0,0,0,0,0,0,0,0,0,0,0,0,0,0,0,0,0,0,0,0,0,0,0,0,0,0,0,0,0,0,0,0,0,0,0,0,0,0,0,0,0,0,0,0,0,0,0,0,0,0,0,0,0,0,0,0,0,0,0,0
2026-05-02,NV,477,0,180,5,6,36,3,0,19,9,61,23,5,20,5,6,18,33,7,18,5,11,8,0,0,0,0,0,0,0,0,0,0,0,0,0,0,0,0,0,0,0,0,0,0,0,0,0,0,0,0,0,0,0,0,0,0,0,0,0,0,0,0,0,0,0,0,0,0,0,0,0,0,0,0,0,0,0,0,0,0,0,0,0,0,0,0,0,0,0,0,0,0,0,0,0,0,0,0,0,0,0,0,0,0,0,0,0,0,0,0,0,0,0,0,0,0,0,0,0,0,0,0,0,0,0,0
2026-05-03,NV,466,0,179,5,6,33,3,0,19,9,58,22,5,20,4,5,18,32,7,18,5,10,8,0,0,0,0,0,0,0,0,0,0,0,0,0,0,0,0,0,0,0,0,0,0,0,0,0,0,0,0,0,0,0,0,0,0,0,0,0,0,0,0,0,0,0,0,0,0,0,0,0,0,0,0,0,0,0,0,0,0,0,0,0,0,0,0,0,0,0,0,0,0,0,0,0,0,0,0,0,0,0,0,0,0,0,0,0,0,0,0,0,0,0,0,0,0,0,0,0,0,0,0,0,0,0,0
2026-05-04,NV,459,0,178,5,6,31,3,0,19,10,56,21,4,20,4,5,18,32,7,18,5,10,8,0,0,0,0,0,0,0,0,0,0,0,0,0,0,0,0,0,0,0,0,0,0,0,0,0,0,0,0,0,0,0,0,0,0,0,0,0,0,0,0,0,0,0,0,0,0,0,0,0,0,0,0,0,0,0,0,0,0,0,0,0,0,0,0,0,0,0,0,0,0,0,0,0,0,0,0,0,0,0,0,0,0,0,0,0,0,0,0,0,0,0,0,0,0,0,0,0,0,0,0,0,0,0,0
2026-05-05,NV,455,0,179,4,6,29,3,0,20,10,54,20,4,20,4,5,18,32,7,18,4,10,8,0,0,0,0,0,0,0,0,0,0,0,0,0,0,0,0,0,0,0,0,0,0,0,0,0,0,0,0,0,0,0,0,0,0,0,0,0,0,0,0,0,0,0,0,0,0,0,0,0,0,0,0,0,0,0,0,0,0,0,0,0,0,0,0,0,0,0,0,0,0,0,0,0,0,0,0,0,0,0,0,0,0,0,0,0,0,0,0,0,0,0,0,0,0,0,0,0,0,0,0,0,0,0,0
2026-05-06,NV,450,0,179,4,6,27,3,0,20,10,53,19,4,20,4,5,18,31,7,18,4,10,8,0,0,0,0,0,0,0,0,0,0,0,0,0,0,0,0,0,0,0,0,0,0,0,0,0,0,0,0,0,0,0,0,0,0,0,0,0,0,0,0,0,0,0,0,0,0,0,0,0,0,0,0,0,0,0,0,0,0,0,0,0,0,0,0,0,0,0,0,0,0,0,0,0,0,0,0,0,0,0,0,0,0,0,0,0,0,0,0,0,0,0,0,0,0,0,0,0,0,0,0,0,0,0,0
2026-05-07,NV,445,0,179,4,6,25,3,0,20,10,51,18,4,20,4,4,18,31,7,18,4,10,8,0,0,0,0,0,0,0,0,0,0,0,0,0,0,0,0,0,0,0,0,0,0,0,0,0,0,0,0,0,0,0,0,0,0,0,0,0,0,0,0,0,0,0,0,0,0,0,0,0,0,0,0,0,0,0,0,0,0,0,0,0,0,0,0,0,0,0,0,0,0,0,0,0,0,0,0,0,0,0,0,0,0,0,0,0,0,0,0,0,0,0,0,0,0,0,0,0,0,0,0,0,0,0,0
2026-05-08,NV,438,0,179,4,6,24,3,0,20,10,49,17,4,20,4,4,18,31,7,18,4,10,8,0,0,0,0,0,0,0,0,0,0,0,0,0,0,0,0,0,0,0,0,0,0,0,0,0,0,0,0,0,0,0,0,0,0,0,0,0,0,0,0,0,0,0,0,0,0,0,0,0,0,0,0,0,0,0,0,0,0,0,0,0,0,0,0,0,0,0,0,0,0,0,0,0,0,0,0,0,0,0,0,0,0,0,0,0,0,0,0,0,0,0,0,0,0,0,0,0,0,0,0,0,0,0,0
2026-05-09,NV,446,0,184,3,6,22,3,0,21,10,49,17,3,21,4,4,18,31,7,19,4,10,8,0,0,0,0,0,0,0,0,0,0,0,0,0,0,0,0,0,0,0,0,0,0,0,0,0,0,0,0,0,0,0,0,0,0,0,0,0,0,0,0,0,0,0,0,0,0,0,0,0,0,0,0,0,0,0,0,0,0,0,0,0,0,0,0,0,0,0,0,0,0,0,0,0,0,0,0,0,0,0,0,0,0,0,0,0,0,0,0,0,0,0,0,0,0,0,0,0,0,0,0,0,0,0,0
2026-05-10,NV,446,0,186,5,6,22,4,0,22,10,48,17,4,21,4,4,19,31,7,20,4,11,0,0,0,0,0,0,0,0,0,0,0,0,0,0,0,0,0,0,0,0,0,0,0,0,0,0,0,0,0,0,0,0,0,0,0,0,0,0,0,0,0,0,0,0,0,0,0,0,0,0,0,0,0,0,0,0,0,0,0,0,0,0,0,0,0,0,0,0,0,0,0,0,0,0,0,0,0,0,0,0,0,0,0,0,0,0,0,0,0,0,0,0,0,0,0,0,0,0,0,0,0,0,0,0,0
2026-05-11,NV,444,0,183,6,6,22,5,0,22,10,47,17,5,20,4,4,20,31,7,20,4,11,0,0,0,0,0,0,0,0,0,0,0,0,0,0,0,0,0,0,0,0,0,0,0,0,0,0,0,0,0,0,0,0,0,0,0,0,0,0,0,0,0,0,0,0,0,0,0,0,0,0,0,0,0,0,0,0,0,0,0,0,0,0,0,0,0,0,0,0,0,0,0,0,0,0,0,0,0,0,0,0,0,0,0,0,0,0,0,0,0,0,0,0,0,0,0,0,0,0,0,0,0,0,0,0,0
2026-05-12,NV,444,0,181,8,6,22,5,0,22,10,45,17,6,20,4,4,21,31,7,20,4,11,0,0,0,0,0,0,0,0,0,0,0,0,0,0,0,0,0,0,0,0,0,0,0,0,0,0,0,0,0,0,0,0,0,0,0,0,0,0,0,0,0,0,0,0,0,0,0,0,0,0,0,0,0,0,0,0,0,0,0,0,0,0,0,0,0,0,0,0,0,0,0,0,0,0,0,0,0,0,0,0,0,0,0,0,0,0,0,0,0,0,0,0,0,0,0,0,0,0,0,0,0,0,0,0,0
2026-05-13,NV,452,0,182,9,6,22,6,0,23,10,45,17,6,19,4,4,22,31,7,21,4,11,0,0,0,0,0,0,0,0,0,0,0,0,0,0,0,0,0,0,0,0,0,0,0,0,0,0,0,0,0,0,0,0,0,0,0,0,0,0,0,0,0,0,0,0,0,0,0,0,0,0,0,0,0,0,0,0,0,0,0,0,0,0,0,0,0,0,0,0,0,0,0,0,0,0,0,0,0,0,0,0,0,0,0,0,0,0,0,0,0,0,0,0,0,0,0,0,0,0,0,0,0,0,0,0,0
2026-05-14,NV,468,0,187,11,7,22,7,0,24,10,45,18,7,20,4,5,24,32,8,22,5,11,0,0,0,0,0,0,0,0,0,0,0,0,0,0,0,0,0,0,0,0,0,0,0,0,0,0,0,0,0,0,0,0,0,0,0,0,0,0,0,0,0,0,0,0,0,0,0,0,0,0,0,0,0,0,0,0,0,0,0,0,0,0,0,0,0,0,0,0,0,0,0,0,0,0,0,0,0,0,0,0,0,0,0,0,0,0,0,0,0,0,0,0,0,0,0,0,0,0,0,0,0,0,0,0,0
2026-05-15,NV,489,0,193,13,7,23,9,0,26,10,45,19,8,20,4,5,26,33,8,24,5,12,0,0,0,0,0,0,0,0,0,0,0,0,0,0,0,0,0,0,0,0,0,0,0,0,0,0,0,0,0,0,0,0,0,0,0,0,0,0,0,0,0,0,0,0,0,0,0,0,0,0,0,0,0,0,0,0,0,0,0,0,0,0,0,0,0,0,0,0,0,0,0,0,0,0,0,0,0,0,0,0,0,0,0,0,0,0,0,0,0,0,0,0,0,0,0,0,0,0,0,0,0,0,0,0,0
2026-05-16,NV,498,0,195,14,7,23,10,0,26,11,45,19,9,20,4,5,27,33,8,25,5,12,0,0,0,0,0,0,0,0,0,0,0,0,0,0,0,0,0,0,0,0,0,0,0,0,0,0,0,0,0,0,0,0,0,0,0,0,0,0,0,0,0,0,0,0,0,0,0,0,0,0,0,0,0,0,0,0,0,0,0,0,0,0,0,0,0,0,0,0,0,0,0,0,0,0,0,0,0,0,0,0,0,0,0,0,0,0,0,0,0,0,0,0,0,0,0,0,0,0,0,0,0,0,0,0,0
2026-05-17,NV,513,0,199,16,8,24,11,0,27,11,44,20,10,20,4,5,29,34,8,26,5,13,0,0,0,0,0,0,0,0,0,0,0,0,0,0,0,0,0,0,0,0,0,0,0,0,0,0,0,0,0,0,0,0,0,0,0,0,0,0,0,0,0,0,0,0,0,0,0,0,0,0,0,0,0,0,0,0,0,0,0,0,0,0,0,0,0,0,0,0,0,0,0,0,0,0,0,0,0,0,0,0,0,0,0,0,0,0,0,0,0,0,0,0,0,0,0,0,0,0,0,0,0,0,0,0,0
2026-05-18,NV,522,0,200,18,8,24,12,0,28,11,44,20,11,19,4,5,30,34,9,27,5,13,0,0,0,0,0,0,0,0,0,0,0,0,0,0,0,0,0,0,0,0,0,0,0,0,0,0,0,0,0,0,0,0,0,0,0,0,0,0,0,0,0,0,0,0,0,0,0,0,0,0,0,0,0,0,0,0,0,0,0,0,0,0,0,0,0,0,0,0,0,0,0,0,0,0,0,0,0,0,0,0,0,0,0,0,0,0,0,0,0,0,0,0,0,0,0,0,0,0,0,0,0,0,0,0,0
2026-05-19,NV,526,0,200,19,8,24,13,0,29,11,42,20,12,19,4,5,31,34,9,27,5,13,0,0,0,0,0,0,0,0,0,0,0,0,0,0,0,0,0,0,0,0,0,0,0,0,0,0,0,0,0,0,0,0,0,0,0,0,0,0,0,0,0,0,0,0,0,0,0,0,0,0,0,0,0,0,0,0,0,0,0,0,0,0,0,0,0,0,0,0,0,0,0,0,0,0,0,0,0,0,0,0,0,0,0,0,0,0,0,0,0,0,0,0,0,0,0,0,0,0,0,0,0,0,0,0,0
2026-05-20,NV,524,0,197,21,8,23,14,0,29,10,41,20,13,18,4,6,32,33,9,28,5,13,0,0,0,0,0,0,0,0,0,0,0,0,0,0,0,0,0,0,0,0,0,0,0,0,0,0,0,0,0,0,0,0,0,0,0,0,0,0,0,0,0,0,0,0,0,0,0,0,0,0,0,0,0,0,0,0,0,0,0,0,0,0,0,0,0,0,0,0,0,0,0,0,0,0,0,0,0,0,0,0,0,0,0,0,0,0,0,0,0,0,0,0,0,0,0,0,0,0,0,0,0,0,0,0,0
2026-05-21,NV,518,0,193,22,8,23,14,0,29,10,39,20,13,17,4,6,33,33,9,28,5,13,0,0,0,0,0,0,0,0,0,0,0,0,0,0,0,0,0,0,0,0,0,0,0,0,0,0,0,0,0,0,0,0,0,0,0,0,0,0,0,0,0,0,0,0,0,0,0,0,0,0,0,0,0,0,0,0,0,0,0,0,0,0,0,0,0,0,0,0,0,0,0,0,0,0,0,0,0,0,0,0,0,0,0,0,0,0,0,0,0,0,0,0,0,0,0,0,0,0,0,0,0,0,0,0,0
2026-05-22,NV,508,0,187,23,8,22,15,0,29,10,37,20,14,17,4,6,33,32,9,28,5,13,0,0,0,0,0,0,0,0,0,0,0,0,0,0,0,0,0,0,0,0,0,0,0,0,0,0,0,0,0,0,0,0,0,0,0,0,0,0,0,0,0,0,0,0,0,0,0,0,0,0,0,0,0,0,0,0,0,0,0,0,0,0,0,0,0,0,0,0,0,0,0,0,0,0,0,0,0,0,0,0,0,0,0,0,0,0,0,0,0,0,0,0,0,0,0,0,0,0,0,0,0,0,0,0,0
2026-05-23,NV,499,0,182,24,8,21,15,0,28,9,35,19,14,16,4,5,33,31,8,28,5,13,0,0,0,0,0,0,0,0,0,0,0,0,0,0,0,0,0,0,0,0,0,0,0,0,0,0,0,0,0,0,0,0,0,0,0,0,0,0,0,0,0,0,0,0,0,0,0,0,0,0,0,0,0,0,0,0,0,0,0,0,0,0,0,0,0,0,0,0,0,0,0,0,0,0,0,0,0,0,0,0,0,0,0,0,0,0,0,0,0,0,0,0,0,0,0,0,0,0,0,0,0,0,0,0,0
2026-05-24,NV,482,0,174,24,8,20,16,0,28,9,32,19,14,15,4,5,33,29,8,27,4,12,0,0,0,0,0,0,0,0,0,0,0,0,0,0,0,0,0,0,0,0,0,0,0,0,0,0,0,0,0,0,0,0,0,0,0,0,0,0,0,0,0,0,0,0,0,0,0,0,0,0,0,0,0,0,0,0,0,0,0,0,0,0,0,0,0,0,0,0,0,0,0,0,0,0,0,0,0,0,0,0,0,0,0,0,0,0,0,0,0,0,0,0,0,0,0,0,0,0,0,0,0,0,0,0,0
2026-05-25,NV,471,0,168,25,7,20,16,0,27,9,30,18,15,14,4,5,33,28,8,27,4,12,0,0,0,0,0,0,0,0,0,0,0,0,0,0,0,0,0,0,0,0,0,0,0,0,0,0,0,0,0,0,0,0,0,0,0,0,0,0,0,0,0,0,0,0,0,0,0,0,0,0,0,0,0,0,0,0,0,0,0,0,0,0,0,0,0,0,0,0,0,0,0,0,0,0,0,0,0,0,0,0,0,0,0,0,0,0,0,0,0,0,0,0,0,0,0,0,0,0,0,0,0,0,0,0,0
2026-05-26,NV,466,0,165,26,7,19,17,0,27,8,28,18,15,13,4,5,33,28,8,27,4,12,0,0,0,0,0,0,0,0,0,0,0,0,0,0,0,0,0,0,0,0,0,0,0,0,0,0,0,0,0,0,0,0,0,0,0,0,0,0,0,0,0,0,0,0,0,0,0,0,0,0,0,0,0,0,0,0,0,0,0,0,0,0,0,0,0,0,0,0,0,0,0,0,0,0,0,0,0,0,0,0,0,0,0,0,0,0,0,0,0,0,0,0,0,0,0,0,0,0,0,0,0,0,0,0,0
2026-05-27,NV,462,0,162,27,7,19,17,0,27,8,27,18,16,13,4,5,34,27,8,27,4,12,0,0,0,0,0,0,0,0,0,0,0,0,0,0,0,0,0,0,0,0,0,0,0,0,0,0,0,0,0,0,0,0,0,0,0,0,0,0,0,0,0,0,0,0,0,0,0,0,0,0,0,0,0,0,0,0,0,0,0,0,0,0,0,0,0,0,0,0,0,0,0,0,0,0,0,0,0,0,0,0,0,0,0,0,0,0,0,0,0,0,0,0,0,0,0,0,0,0,0,0,0,0,0,0,0
2026-05-28,NV,460,0,159,28,7,18,18,0,28,8,26,18,16,12,4,5,34,27,8,28,4,12,0,0,0,0,0,0,0,0,0,0,0,0,0,0,0,0,0,0,0,0,0,0,0,0,0,0,0,0,0,0,0,0,0,0,0,0,0,0,0,0,0,0,0,0,0,0,0,0,0,0,0,0,0,0,0,0,0,0,0,0,0,0,0,0,0,0,0,0,0,0,0,0,0,0,0,0,0,0,0,0,0,0,0,0,0,0,0,0,0,0,0,0,0,0,0,0,0,0,0,0,0,0,0,0,0
2026-05-29,NV,462,0,158,29,8,18,18,0,28,8,24,18,17,12,4,5,35,27,8,28,4,12,0,0,0,0,0,0,0,0,0,0,0,0,0,0,0,0,0,0,0,0,0,0,0,0,0,0,0,0,0,0,0,0,0,0,0,0,0,0,0,0,0,0,0,0,0,0,0,0,0,0,0,0,0,0,0,0,0,0,0,0,0,0,0,0,0,0,0,0,0,0,0,0,0,0,0,0,0,0,0,0,0,0,0,0,0,0,0,0,0,0,0,0,0,0,0,0,0,0,0,0,0,0,0,0,0
2026-05-30,NV,460,0,156,30,8,18,19,0,28,8,23,18,17,11,4,6,36,26,8,28,4,12,0,0,0,0,0,0,0,0,0,0,0,0,0,0,0,0,0,0,0,0,0,0,0,0,0,0,0,0,0,0,0,0,0,0,0,0,0,0,0,0,0,0,0,0,0,0,0,0,0,0,0,0,0,0,0,0,0,0,0,0,0,0,0,0,0,0,0,0,0,0,0,0,0,0,0,0,0,0,0,0,0,0,0,0,0,0,0,0,0,0,0,0,0,0,0,0,0,0,0,0,0,0,0,0,0
2026-05-31,NV,466,0,157,32,8,18,20,0,29,8,22,18,18,11,4,6,37,26,8,29,4,12,0,0,0,0,0,0,0,0,0,0,0,0,0,0,0,0,0,0,0,0,0,0,0,0,0,0,0,0,0,0,0,0,0,0,0,0,0,0,0,0,0,0,0,0,0,0,0,0,0,0,0,0,0,0,0,0,0,0,0,0,0,0,0,0,0,0,0,0,0,0,0,0,0,0,0,0,0,0,0,0,0,0,0,0,0,0,0,0,0,0,0,0,0,0,0,0,0,0,0,0,0,0,0,0,0
2026-06-01,NV,474,0,157,34,8,18,21,0,29,8,21,18,19,11,4,6,38,26,8,30,4,13,0,0,0,0,0,0,0,0,0,0,0,0,0,0,0,0,0,0,0,0,0,0,0,0,0,0,0,0,0,0,0,0,0,0,0,0,0,0,0,0,0,0,0,0,0,0,0,0,0,0,0,0,0,0,0,0,0,0,0,0,0,0,0,0,0,0,0,0,0,0,0,0,0,0,0,0,0,0,0,0,0,0,0,0,0,0,0,0,0,0,0,0,0,0,0,0,0,0,0,0,0,0,0,0,0
2026-06-02,NV,482,0,159,35,8,18,22,0,30,8,20,19,20,10,4,6,40,27,8,31,4,13,0,0,0,0,0,0,0,0,0,0,0,0,0,0,0,0,0,0,0,0,0,0,0,0,0,0,0,0,0,0,0,0,0,0,0,0,0,0,0,0,0,0,0,0,0,0,0,0,0,0,0,0,0,0,0,0,0,0,0,0,0,0,0,0,0,0,0,0,0,0,0,0,0,0,0,0,0,0,0,0,0,0,0,0,0,0,0,0,0,0,0,0,0,0,0,0,0,0,0,0,0,0,0,0,0
2026-06-03,NV,490,0,159,37,8,18,23,0,31,8,19,19,21,10,4,6,41,27,9,32,4,13,0,0,0,0,0,0,0,0,0,0,0,0,0,0,0,0,0,0,0,0,0,0,0,0,0,0,0,0,0,0,0,0,0,0,0,0,0,0,0,0,0,0,0,0,0,0,0,0,0,0,0,0,0,0,0,0,0,0,0,0,0,0,0,0,0,0,0,0,0,0,0,0,0,0,0,0,0,0,0,0,0,0,0,0,0,0,0,0,0,0,0,0,0,0,0,0,0,0,0,0,0,0,0,0,0
2026-06-04,NV,496,0,160,39,8,18,24,0,31,8,18,19,22,10,4,6,43,27,9,32,4,13,0,0,0,0,0,0,0,0,0,0,0,0,0,0,0,0,0,0,0,0,0,0,0,0,0,0,0,0,0,0,0,0,0,0,0,0,0,0,0,0,0,0,0,0,0,0,0,0,0,0,0,0,0,0,0,0,0,0,0,0,0,0,0,0,0,0,0,0,0,0,0,0,0,0,0,0,0,0,0,0,0,0,0,0,0,0,0,0,0,0,0,0,0,0,0,0,0,0,0,0,0,0,0,0,0
2026-06-05,NV,499,0,159,40,9,18,25,0,32,8,17,19,23,9,4,6,44,27,9,33,4,13,0,0,0,0,0,0,0,0,0,0,0,0,0,0,0,0,0,0,0,0,0,0,0,0,0,0,0,0,0,0,0,0,0,0,0,0,0,0,0,0,0,0,0,0,0,0,0,0,0,0,0,0,0,0,0,0,0,0,0,0,0,0,0,0,0,0,0,0,0,0,0,0,0,0,0,0,0,0,0,0,0,0,0,0,0,0,0,0,0,0,0,0,0,0,0,0,0,0,0,0,0,0,0,0,0
2026-06-06,NV,501,4,157,41,9,18,26,0,32,7,16,19,23,9,4,6,44,26,9,33,4,13,0,0,0,0,0,0,0,0,0,0,0,0,0,0,0,0,0,0,0,0,0,0,0,0,0,0,0,0,0,0,0,0,0,0,0,0,0,0,0,0,0,0,0,0,0,0,0,0,0,0,0,0,0,0,0,0,0,0,0,0,0,0,0,0,0,0,0,0,0,0,0,0,0,0,0,0,0,0,0,0,0,0,0,0,0,0,0,0,0,0,0,0,0,0,0,0,0,0,0,0,0,0,0,0,0
2026-06-07,NV,505,5,163,43,10,19,27,0,33,8,17,20,24,10,4,7,45,27,10,34,0,0,0,0,0,0,0,0,0,0,0,0,0,0,0,0,0,0,0,0,0,0,0,0,0,0,0,0,0,0,0,0,0,0,0,0,0,0,0,0,0,0,0,0,0,0,0,0,0,0,0,0,0,0,0,0,0,0,0,0,0,0,0,0,0,0,0,0,0,0,0,0,0,0,0,0,0,0,0,0,0,0,0,0,0,0,0,0,0,0,0,0,0,0,0,0,0,0,0,0,0,0,0,0,0,0,0
2026-06-08,NV,509,6,163,43,10,20,26,0,33,9,17,21,25,11,4,7,44,27,10,33,0,0,0,0,0,0,0,0,0,0,0,0,0,0,0,0,0,0,0,0,0,0,0,0,0,0,0,0,0,0,0,0,0,0,0,0,0,0,0,0,0,0,0,0,0,0,0,0,0,0,0,0,0,0,0,0,0,0,0,0,0,0,0,0,0,0,0,0,0,0,0,0,0,0,0,0,0,0,0,0,0,0,0,0,0,0,0,0,0,0,0,0,0,0,0,0,0,0,0,0,0,0,0,0,0,0,0
2026-06-09,NV,512,7,163,43,11,21,26,0,33,10,18,21,25,13,4,7,43,27,11,32,0,0,0,0,0,0,0,0,0,0,0,0,0,0,0,0,0,0,0,0,0,0,0,0,0,0,0,0,0,0,0,0,0,0,0,0,0,0,0,0,0,0,0,0,0,0,0,0,0,0,0,0,0,0,0,0,0,0,0,0,0,0,0,0,0,0,0,0,0,0,0,0,0,0,0,0,0,0,0,0,0,0,0,0,0,0,0,0,0,0,0,0,0,0,0,0,0,0,0,0,0,0,0,0,0,0,0
2026-06-10,NV,517,8,163,43,11,22,26,0,32,10,18,21,25,14,4,7,42,27,11,31,0,0,0,0,0,0,0,0,0,0,0,0,0,0,0,0,0,0,0,0,0,0,0,0,0,0,0,0,0,0,0,0,0,0,0,0,0,0,0,0,0,0,0,0,0,0,0,0,0,0,0,0,0,0,0,0,0,0,0,0,0,0,0,0,0,0,0,0,0,0,0,0,0,0,0,0,0,0,0,0,0,0,0,0,0,0,0,0,0,0,0,0,0,0,0,0,0,0,0,0,0,0,0,0,0,0,0
2026-06-11,NV,524,9,164,43,12,23,26,0,32,11,19,22,26,15,4,8,41,27,12,31,0,0,0,0,0,0,0,0,0,0,0,0,0,0,0,0,0,0,0,0,0,0,0,0,0,0,0,0,0,0,0,0,0,0,0,0,0,0,0,0,0,0,0,0,0,0,0,0,0,0,0,0,0,0,0,0,0,0,0,0,0,0,0,0,0,0,0,0,0,0,0,0,0,0,0,0,0,0,0,0,0,0,0,0,0,0,0,0,0,0,0,0,0,0,0,0,0,0,0,0,0,0,0,0,0,0,0
2026-06-12,NV,534,10,166,43,13,24,26,0,32,12,19,22,26,17,4,8,40,27,13,30,0,0,0,0,0,0,0,0,0,0,0,0,0,0,0,0,0,0,0,0,0,0,0,0,0,0,0,0,0,0,0,0,0,0,0,0,0,0,0,0,0,0,0,0,0,0,0,0,0,0,0,0,0,0,0,0,0,0,0,0,0,0,0,0,0,0,0,0,0,0,0,0,0,0,0,0,0,0,0,0,0,0,0,0,0,0,0,0,0,0,0,0,0,0,0,0,0,0,0,0,0,0,0,0,0,0,0
2026-06-13,NV,543,11,167,44,14,25,26,0,32,13,20,23,27,18,4,8,39,27,14,30,0,0,0,0,0,0,0,0,0,0,0,0,0,0,0,0,0,0,0,0,0,0,0,0,0,0,0,0,0,0,0,0,0,0,0,0,0,0,0,0,0,0,0,0,0,0,0,0,0,0,0,0,0,0,0,0,0,0,0,0,0,0,0,0,0,0,0,0,0,0,0,0,0,0,0,0,0,0,0,0,0,0,0,0,0,0,0,0,0,0,0,0,0,0,0,0,0,0,0,0,0,0,0,0,0,0,0
2026-06-14,NV,549,12,168,44,15,26,26,0,32,14,21,23,27,20,4,8,38,27,15,29,0,0,0,0,0,0,0,0,0,0,0,0,0,0,0,0,0,0,0,0,0,0,0,0,0,0,0,0,0,0,0,0,0,0,0,0,0,0,0,0,0,0,0,0,0,0,0,0,0,0,0,0,0,0,0,0,0,0,0,0,0,0,0,0,0,0,0,0,0,0,0,0,0,0,0,0,0,0,0,0,0,0,0,0,0,0,0,0,0,0,0,0,0,0,0,0,0,0,0,0,0,0,0,0,0,0,0
2026-06-15,NV,562,14,170,45,16,27,27,0,32,15,22,24,28,21,4,9,37,28,15,28,0,0,0,0,0,0,0,0,0,0,0,0,0,0,0,0,0,0,0,0,0,0,0,0,0,0,0,0,0,0,0,0,0,0,0,0,0,0,0,0,0,0,0,0,0,0,0,0,0,0,0,0,0,0,0,0,0,0,0,0,0,0,0,0,0,0,0,0,0,0,0,0,0,0,0,0,0,0,0,0,0,0,0,0,0,0,0,0,0,0,0,0,0,0,0,0,0,0,0,0,0,0,0,0,0,0,0
2026-06-16,NV,580,15,174,46,17,29,27,0,33,16,23,25,29,24,5,9,37,28,17,28,0,0,0,0,0,0,0,0,0,0,0,0,0,0,0,0,0,0,0,0,0,0,0,0,0,0,0,0,0,0,0,0,0,0,0,0,0,0,0,0,0,0,0,0,0,0,0,0,0,0,0,0,0,0,0,0,0,0,0,0,0,0,0,0,0,0,0,0,0,0,0,0,0,0,0,0,0,0,0,0,0,0,0,0,0,0,0,0,0,0,0,0,0,0,0,0,0,0,0,0,0,0,0,0,0,0,0
2026-06-17,NV,607,17,181,47,18,31,28,0,34,17,24,26,31,26,5,10,37,29,18,28,0,0,0,0,0,0,0,0,0,0,0,0,0,0,0,0,0,0,0,0,0,0,0,0,0,0,0,0,0,0,0,0,0,0,0,0,0,0,0,0,0,0,0,0,0,0,0,0,0,0,0,0,0,0,0,0,0,0,0,0,0,0,0,0,0,0,0,0,0,0,0,0,0,0,0,0,0,0,0,0,0,0,0,0,0,0,0,0,0,0,0,0,0,0,0,0,0,0,0,0,0,0,0,0,0,0,0
2026-06-18,NV,642,19,190,50,20,34,29,0,35,19,26,28,32,29,5,10,37,31,20,28,0,0,0,0,0,0,0,0,0,0,0,0,0,0,0,0,0,0,0,0,0,0,0,0,0,0,0,0,0,0,0,0,0,0,0,0,0,0,0,0,0,0,0,0,0,0,0,0,0,0,0,0,0,0,0,0,0,0,0,0,0,0,0,0,0,0,0,0,0,0,0,0,0,0,0,0,0,0,0,0,0,0,0,0,0,0,0,0,0,0,0,0,0,0,0,0,0,0,0,0,0,0,0,0,0,0,0
2026-06-19,NV,688,22,202,53,22,37,31,0,37,21,28,30,35,33,5,11,38,32,22,29,0,0,0,0,0,0,0,0,0,0,0,0,0,0,0,0,0,0,0,0,0,0,0,0,0,0,0,0,0,0,0,0,0,0,0,0,0,0,0,0,0,0,0,0,0,0,0,0,0,0,0,0,0,0,0,0,0,0,0,0,0,0,0,0,0,0,0,0,0,0,0,0,0,0,0,0,0,0,0,0,0,0,0,0,0,0,0,0,0,0,0,0,0,0,0,0,0,0,0,0,0,0,0,0,0,0,0
2026-06-20,NV,744,25,216,57,25,42,33,0,39,24,31,33,38,37,6,12,39,35,24,29,0,0,0,0,0,0,0,0,0,0,0,0,0,0,0,0,0,0,0,0,0,0,0,0,0,0,0,0,0,0,0,0,0,0,0,0,0,0,0,0,0,0,0,0,0,0,0,0,0,0,0,0,0,0,0,0,0,0,0,0,0,0,0,0,0,0,0,0,0,0,0,0,0,0,0,0,0,0,0,0,0,0,0,0,0,0,0,0,0,0,0,0,0,0,0,0,0,0,0,0,0,0,0,0,0,0,0
2026-06-21,NV,805,28,232,61,28,46,35,0,42,27,34,36,41,42,6,13,39,37,27,30,0,0,0,0,0,0,0,0,0,0,0,0,0,0,0,0,0,0,0,0,0,0,0,0,0,0,0,0,0,0,0,0,0,0,0,0,0,0,0,0,0,0,0,0,0,0,0,0,0,0,0,0,0,0,0,0,0,0,0,0,0,0,0,0,0,0,0,0,0,0,0,0,0,0,0,0,0,0,0,0,0,0,0,0,0,0,0,0,0,0,0,0,0,0,0,0,0,0,0,0,0,0,0,0,0,0,0
2026-06-22,NV,848,31,242,64,31,50,36,0,43,29,36,38,44,46,7,14,39,39,30,30,0,0,0,0,0,0,0,0,0,0,0,0,0,0,0,0,0,0,0,0,0,0,0,0,0,0,0,0,0,0,0,0,0,0,0,0,0,0,0,0,0,0,0,0,0,0,0,0,0,0,0,0,0,0,0,0,0,0,0,0,0,0,0,0,0,0,0,0,0,0,0,0,0,0,0,0,0,0,0,0,0,0,0,0,0,0,0,0,0,0,0,0,0,0,0,0,0,0,0,0,0,0,0,0,0,0,0
2026-06-23,NV,873,34,247,65,33,53,36,0,43,31,38,39,45,50,7,15,38,39,32,29,0,0,0,0,0,0,0,0,0,0,0,0,0,0,0,0,0,0,0,0,0,0,0,0,0,0,0,0,0,0,0,0,0,0,0,0,0,0,0,0,0,0,0,0,0,0,0,0,0,0,0,0,0,0,0,0,0,0,0,0,0,0,0,0,0,0,0,0,0,0,0,0,0,0,0,0,0,0,0,0,0,0,0,0,0,0,0,0,0,0,0,0,0,0,0,0,0,0,0,0,0,0,0,0,0,0,0
2026-06-24,NV,882,36,247,65,34,54,36,0,43,33,38,40,46,52,7,15,35,39,33,27,0,0,0,0,0,0,0,0,0,0,0,0,0,0,0,0,0,0,0,0,0,0,0,0,0,0,0,0,0,0,0,0,0,0,0,0,0,0,0,0,0,0,0,0,0,0,0,0,0,0,0,0,0,0,0,0,0,0,0,0,0,0,0,0,0,0,0,0,0,0,0,0,0,0,0,0,0,0,0,0,0,0,0,0,0,0,0,0,0,0,0,0,0,0,0,0,0,0,0,0,0,0,0,0,0,0,0
2026-06-25,NV,874,37,243,64,35,55,35,0,42,33,39,40,45,54,7,15,33,38,34,25,0,0,0,0,0,0,0,0,0,0,0,0,0,0,0,0,0,0,0,0,0,0,0,0,0,0,0,0,0,0,0,0,0,0,0,0,0,0,0,0,0,0,0,0,0,0,0,0,0,0,0,0,0,0,0,0,0,0,0,0,0,0,0,0,0,0,0,0,0,0,0,0,0,0,0,0,0,0,0,0,0,0,0,0,0,0,0,0,0,0,0,0,0,0,0,0,0,0,0,0,0,0,0,0,0,0,0
2026-06-26,NV,849,38,234,61,35,55,34,0,40,34,38,39,44,55,7,15,29,37,33,22,0,0,0,0,0,0,0,0,0,0,0,0,0,0,0,0,0,0,0,0,0,0,0,0,0,0,0,0,0,0,0,0,0,0,0,0,0,0,0,0,0,0,0,0,0,0,0,0,0,0,0,0,0,0,0,0,0,0,0,0,0,0,0,0,0,0,0,0,0,0,0,0,0,0,0,0,0,0,0,0,0,0,0,0,0,0,0,0,0,0,0,0,0,0,0,0,0,0,0,0,0,0,0,0,0,0,0
2026-06-27,NV,812,37,222,58,34,54,32,0,37,33,37,37,43,54,6,15,25,35,33,20,0,0,0,0,0,0,0,0,0,0,0,0,0,0,0,0,0,0,0,0,0,0,0,0,0,0,0,0,0,0,0,0,0,0,0,0,0,0,0,0,0,0,0,0,0,0,0,0,0,0,0,0,0,0,0,0,0,0,0,0,0,0,0,0,0,0,0,0,0,0,0,0,0,0,0,0,0,0,0,0,0,0,0,0,0,0,0,0,0,0,0,0,0,0,0,0,0,0,0,0,0,0,0,0,0,0,0
2026-06-28,NV,777,37,210,55,34,53,30,0,35,33,36,36,41,54,6,14,22,33,32,17,0,0,0,0,0,0,0,0,0,0,0,0,0,0,0,0,0,0,0,0,0,0,0,0,0,0,0,0,0,0,0,0,0,0,0,0,0,0,0,0,0,0,0,0,0,0,0,0,0,0,0,0,0,0,0,0,0,0,0,0,0,0,0,0,0,0,0,0,0,0,0,0,0,0,0,0,0,0,0,0,0,0,0,0,0,0,0,0,0,0,0,0,0,0,0,0,0,0,0,0,0,0,0,0,0,0,0
2026-06-29,NV,765,38,205,54,34,53,29,0,33,33,36,36,40,55,6,14,19,32,33,15,0,0,0,0,0,0,0,0,0,0,0,0,0,0,0,0,0,0,0,0,0,0,0,0,0,0,0,0,0,0,0,0,0,0,0,0,0,0,0,0,0,0,0,0,0,0,0,0,0,0,0,0,0,0,0,0,0,0,0,0,0,0,0,0,0,0,0,0,0,0,0,0,0,0,0,0,0,0,0,0,0,0,0,0,0,0,0,0,0,0,0,0,0,0,0,0,0,0,0,0,0,0,0,0,0,0,0
2026-06-30,NV,776,40,206,54,36,55,29,0,33,35,37,37,41,57,6,15,17,32,34,14,0,0,0,0,0,0,0,0,0,0,0,0,0,0,0,0,0,0,0,0,0,0,0,0,0,0,0,0,0,0,0,0,0,0,0,0,0,0,0,0,0,0,0,0,0,0,0,0,0,0,0,0,0,0,0,0,0,0,0,0,0,0,0,0,0,0,0,0,0,0,0,0,0,0,0,0,0,0,0,0,0,0,0,0,0,0,0,0,0,0,0,0,0,0,0,0,0,0,0,0,0,0,0,0,0,0,0
2026-07-01,NV,807,43,212,56,38,58,29,0,34,37,39,38,43,62,6,15,15,32,36,12,0,0,0,0,0,0,0,0,0,0,0,0,0,0,0,0,0,0,0,0,0,0,0,0,0,0,0,0,0,0,0,0,0,0,0,0,0,0,0,0,0,0,0,0,0,0,0,0,0,0,0,0,0,0,0,0,0,0,0,0,0,0,0,0,0,0,0,0,0,0,0,0,0,0,0,0,0,0,0,0,0,0,0,0,0,0,0,0,0,0,0,0,0,0,0,0,0,0,0,0,0,0,0,0,0,0,0
2026-07-02,NV,859,48,223,59,42,63,30,0,35,41,42,41,46,68,7,17,14,34,40,11,0,0,0,0,0,0,0,0,0,0,0,0,0,0,0,0,0,0,0,0,0,0,0,0,0,0,0,0,0,0,0,0,0,0,0,0,0,0,0,0,0,0,0,0,0,0,0,0,0,0,0,0,0,0,0,0,0,0,0,0,0,0,0,0,0,0,0,0,0,0,0,0,0,0,0,0,0,0,0,0,0,0,0,0,0,0,0,0,0,0,0,0,0,0,0,0,0,0,0,0,0,0,0,0,0,0,0
2026-07-03,NV,931,53,239,63,46,70,32,0,37,45,46,45,50,76,7,18,12,36,44,10,0,0,0,0,0,0,0,0,0,0,0,0,0,0,0,0,0,0,0,0,0,0,0,0,0,0,0,0,0,0,0,0,0,0,0,0,0,0,0,0,0,0,0,0,0,0,0,0,0,0,0,0,0,0,0,0,0,0,0,0,0,0,0,0,0,0,0,0,0,0,0,0,0,0,0,0,0,0,0,0,0,0,0,0,0,0,0,0,0,0,0,0,0,0,0,0,0,0,0,0,0,0,0,0,0,0,0
2026-07-04,NV,968,57,246,65,49,74,33,0,37,48,48,47,52,81,8,19,10,37,47,8,0,0,0,0,0,0,0,0,0,0,0,0,0,0,0,0,0,0,0,0,0,0,0,0,0,0,0,0,0,0,0,0,0,0,0,0,0,0,0,0,0,0,0,0,0,0,0,0,0,0,0,0,0,0,0,0,0,0,0,0,0,0,0,0,0,0,0,0,0,0,0,0,0,0,0,0,0,0,0,0,0,0,0,0,0,0,0,0,0,0,0,0,0,0,0,0,0,0,0,0,0,0,0,0,0,0,0
2026-07-05,NV,992,68,264,71,54,80,37,0,41,53,52,51,56,86,8,21,10,39,0,0,0,0,0,0,0,0,0,0,0,0,0,0,0,0,0,0,0,0,0,0,0,0,0,0,0,0,0,0,0,0,0,0,0,0,0,0,0,0,0,0,0,0,0,0,0,0,0,0,0,0,0,0,0,0,0,0,0,0,0,0,0,0,0,0,0,0,0,0,0,0,0,0,0,0,0,0,0,0,0,0,0,0,0,0,0,0,0,0,0,0,0,0,0,0,0,0,0,0,0,0,0,0,0,0,0,0,0
2026-07-06,NV,1007,75,265,72,56,81,38,0,42,54,53,51,57,85,8,20,10,39,0,0,0,0,0,0,0,0,0,0,0,0,0,0,0,0,0,0,0,0,0,0,0,0,0,0,0,0,0,0,0,0,0,0,0,0,0,0,0,0,0,0,0,0,0,0,0,0,0,0,0,0,0,0,0,0,0,0,0,0,0,0,0,0,0,0,0,0,0,0,0,0,0,0,0,0,0,0,0,0,0,0,0,0,0,0,0,0,0,0,0,0,0,0,0,0,0,0,0,0,0,0,0,0,0,0,0,0,0
2026-07-07,NV,1009,82,262,73,57,81,39,0,43,54,53,51,57,83,9,20,10,37,0,0,0,0,0,0,0,0,0,0,0,0,0,0,0,0,0,0,0,0,0,0,0,0,0,0,0,0,0,0,0,0,0,0,0,0,0,0,0,0,0,0,0,0,0,0,0,0,0,0,0,0,0,0,0,0,0,0,0,0,0,0,0,0,0,0,0,0,0,0,0,0,0,0,0,0,0,0,0,0,0,0,0,0,0,0,0,0,0,0,0,0,0,0,0,0,0,0,0,0,0,0,0,0,0,0,0,0,0
2026-07-08,NV,999,87,255,72,57,79,40,0,43,53,52,50,56,80,8,19,10,36,0,0,0,0,0,0,0,0,0,0,0,0,0,0,0,0,0,0,0,0,0,0,0,0,0,0,0,0,0,0,0,0,0,0,0,0,0,0,0,0,0,0,0,0,0,0,0,0,0,0,0,0,0,0,0,0,0,0,0,0,0,0,0,0,0,0,0,0,0,0,0,0,0,0,0,0,0,0,0,0,0,0,0,0,0,0,0,0,0,0,0,0,0,0,0,0,0,0,0,0,0,0,0,0,0,0,0,0,0
2026-07-09,NV,976,91,246,71,57,77,40,0,43,52,51,49,54,75,8,19,9,34,0,0,0,0,0,0,0,0,0,0,0,0,0,0,0,0,0,0,0,0,0,0,0,0,0,0,0,0,0,0,0,0,0,0,0,0,0,0,0,0,0,0,0,0,0,0,0,0,0,0,0,0,0,0,0,0,0,0,0,0,0,0,0,0,0,0,0,0,0,0,0,0,0,0,0,0,0,0,0,0,0,0,0,0,0,0,0,0,0,0,0,0,0,0,0,0,0,0,0,0,0,0,0,0,0,0,0,0,0
2026-07-10,NV,940,93,233,69,56,74,40,0,42,51,49,47,52,70,8,18,9,31,0,0,0,0,0,0,0,0,0,0,0,0,0,0,0,0,0,0,0,0,0,0,0,0,0,0,0,0,0,0,0,0,0,0,0,0,0,0,0,0,0,0,0,0,0,0,0,0,0,0,0,0,0,0,0,0,0,0,0,0,0,0,0,0,0,0,0,0,0,0,0,0,0,0,0,0,0,0,0,0,0,0,0,0,0,0,0,0,0,0,0,0,0,0,0,0,0,0,0,0,0,0,0,0,0,0,0,0,0
2026-07-11,NV,914,96,223,67,55,71,39,0,41,49,47,45,50,66,8,17,8,29,0,0,0,0,0,0,0,0,0,0,0,0,0,0,0,0,0,0,0,0,0,0,0,0,0,0,0,0,0,0,0,0,0,0,0,0,0,0,0,0,0,0,0,0,0,0,0,0,0,0,0,0,0,0,0,0,0,0,0,0,0,0,0,0,0,0,0,0,0,0,0,0,0,0,0,0,0,0,0,0,0,0,0,0,0,0,0,0,0,0,0,0,0,0,0,0,0,0,0,0,0,0,0,0,0,0,0,0,0
2026-07-12,NV,895,100,216,66,55,69,40,0,41,49,46,44,48,63,8,16,8,28,0,0,0,0,0,0,0,0,0,0,0,0,0,0,0,0,0,0,0,0,0,0,0,0,0,0,0,0,0,0,0,0,0,0,0,0,0,0,0,0,0,0,0,0,0,0,0,0,0,0,0,0,0,0,0,0,0,0,0,0,0,0,0,0,0,0,0,0,0,0,0,0,0,0,0,0,0,0,0,0,0,0,0,0,0,0,0,0,0,0,0,0,0,0,0,0,0,0,0,0,0,0,0,0,0,0,0,0,0
2026-07-13,NV,875,103,207,65,54,67,40,0,40,48,45,43,47,59,7,15,8,26,0,0,0,0,0,0,0,0,0,0,0,0,0,0,0,0,0,0,0,0,0,0,0,0,0,0,0,0,0,0,0,0,0,0,0,0,0,0,0,0,0,0,0,0,0,0,0,0,0,0,0,0,0,0,0,0,0,0,0,0,0,0,0,0,0,0,0,0,0,0,0,0,0,0,0,0,0,0,0,0,0,0,0,0,0,0,0,0,0,0,0,0,0,0,0,0,0,0,0,0,0,0,0,0,0,0,0,0,0
2026-07-14,NV,854,106,199,63,54,65,40,0,40,47,44,42,45,56,7,15,7,24,0,0,0,0,0,0,0,0,0,0,0,0,0,0,0,0,0,0,0,0,0,0,0,0,0,0,0,0,0,0,0,0,0,0,0,0,0,0,0,0,0,0,0,0,0,0,0,0,0,0,0,0,0,0,0,0,0,0,0,0,0,0,0,0,0,0,0,0,0,0,0,0,0,0,0,0,0,0,0,0,0,0,0,0,0,0,0,0,0,0,0,0,0,0,0,0,0,0,0,0,0,0,0,0,0,0,0,0,0
2026-07-15,NV,834,109,191,62,53,63,40,0,39,46,43,41,44,52,7,14,7,23,0,0,0,0,0,0,0,0,0,0,0,0,0,0,0,0,0,0,0,0,0,0,0,0,0,0,0,0,0,0,0,0,0,0,0,0,0,0,0,0,0,0,0,0,0,0,0,0,0,0,0,0,0,0,0,0,0,0,0,0,0,0,0,0,0,0,0,0,0,0,0,0,0,0,0,0,0,0,0,0,0,0,0,0,0,0,0,0,0,0,0,0,0,0,0,0,0,0,0,0,0,0,0,0,0,0,0,0,0
2026-07-16,NV,816,112,184,61,53,62,40,0,39,45,42,40,43,49,7,13,7,21,0,0,0,0,0,0,0,0,0,0,0,0,0,0,0,0,0,0,0,0,0,0,0,0,0,0,0,0,0,0,0,0,0,0,0,0,0,0,0,0,0,0,0,0,0,0,0,0,0,0,0,0,0,0,0,0,0,0,0,0,0,0,0,0,0,0,0,0,0,0,0,0,0,0,0,0,0,0,0,0,0,0,0,0,0,0,0,0,0,0,0,0,0,0,0,0,0,0,0,0,0,0,0,0,0,0,0,0,0
2026-07-17,NV,810,116,180,61,53,61,40,0,39,45,41,39,42,47,7,13,6,20,0,0,0,0,0,0,0,0,0,0,0,0,0,0,0,0,0,0,0,0,0,0,0,0,0,0,0,0,0,0,0,0,0,0,0,0,0,0,0,0,0,0,0,0,0,0,0,0,0,0,0,0,0,0,0,0,0,0,0,0,0,0,0,0,0,0,0,0,0,0,0,0,0,0,0,0,0,0,0,0,0,0,0,0,0,0,0,0,0,0,0,0,0,0,0,0,0,0,0,0,0,0,0,0,0,0,0,0,0
2026-07-18,NV,842,126,183,64,56,63,43,0,41,47,43,40,43,46,7,13,6,20,0,0,0,0,0,0,0,0,0,0,0,0,0,0,0,0,0,0,0,0,0,0,0,0,0,0,0,0,0,0,0,0,0,0,0,0,0,0,0,0,0,0,0,0,0,0,0,0,0,0,0,0,0,0,0,0,0,0,0,0,0,0,0,0,0,0,0,0,0,0,0,0,0,0,0,0,0,0,0,0,0,0,0,0,0,0,0,0,0,0,0,0,0,0,0,0,0,0,0,0,0,0,0,0,0,0,0,0,0
2026-07-19,NV,866,136,185,66,58,64,45,0,43,48,44,41,44,46,8,13,6,19,0,0,0,0,0,0,0,0,0,0,0,0,0,0,0,0,0,0,0,0,0,0,0,0,0,0,0,0,0,0,0,0,0,0,0,0,0,0,0,0,0,0,0,0,0,0,0,0,0,0,0,0,0,0,0,0,0,0,0,0,0,0,0,0,0,0,0,0,0,0,0,0,0,0,0,0,0,0,0,0,0,0,0,0,0,0,0,0,0,0,0,0,0,0,0,0,0,0,0,0,0,0,0,0,0,0,0,0,0
2026-07-20,NV,887,145,186,68,61,65,47,0,45,49,45,42,45,44,8,13,6,18,0,0,0,0,0,0,0,0,0,0,0,0,0,0,0,0,0,0,0,0,0,0,0,0,0,0,0,0,0,0,0,0,0,0,0,0,0,0,0,0,0,0,0,0,0,0,0,0,0,0,0,0,0,0,0,0,0,0,0,0,0,0,0,0,0,0,0,0,0,0,0,0,0,0,0,0,0,0,0,0,0,0,0,0,0,0,0,0,0,0,0,0,0,0,0,0,0,0,0,0,0,0,0,0,0,0,0,0,0
2026-07-21,NV,907,154,187,69,63,66,49,0,46,51,46,43,45,43,8,13,6,18,0,0,0,0,0,0,0,0,0,0,0,0,0,0,0,0,0,0,0,0,0,0,0,0,0,0,0,0,0,0,0,0,0,0,0,0,0,0,0,0,0,0,0,0,0,0,0,0,0,0,0,0,0,0,0,0,0,0,0,0,0,0,0,0,0,0,0,0,0,0,0,0,0,0,0,0,0,0,0,0,0,0,0,0,0,0,0,0,0,0,0,0,0,0,0,0,0,0,0,0,0,0,0,0,0,0,0,0,0
2026-07-22,NV,926,163,187,71,65,67,51,0,48,52,47,44,46,41,8,13,6,17,0,0,0,0,0,0,0,0,0,0,0,0,0,0,0,0,0,0,0,0,0,0,0,0,0,0,0,0,0,0,0,0,0,0,0,0,0,0,0,0,0,0,0,0,0,0,0,0,0,0,0,0,0,0,0,0,0,0,0,0,0,0,0,0,0,0,0,0,0,0,0,0,0,0,0,0,0,0,0,0,0,0,0,0,0,0,0,0,0,0,0,0,0,0,0,0,0,0,0,0,0,0,0,0,0,0,0,0,0
2026-07-23,NV,944,173,187,73,67,68,53,0,49,53,48,44,46,40,8,12,6,16,0,0,0,0,0,0,0,0,0,0,0,0,0,0,0,0,0,0,0,0,0,0,0,0,0,0,0,0,0,0,0,0,0,0,0,0,0,0,0,0,0,0,0,0,0,0,0,0,0,0,0,0,0,0,0,0,0,0,0,0,0,0,0,0,0,0,0,0,0,0,0,0,0,0,0,0,0,0,0,0,0,0,0,0,0,0,0,0,0,0,0,0,0,0,0,0,0,0,0,0,0,0,0,0,0,0,0,0,0
2026-07-24,NV,951,181,185,74,69,68,55,0,50,54,48,44,46,38,8,12,6,15,0,0,0,0,0,0,0,0,0,0,0,0,0,0,0,0,0,0,0,0,0,0,0,0,0,0,0,0,0,0,0,0,0,0,0,0,0,0,0,0,0,0,0,0,0,0,0,0,0,0,0,0,0,0,0,0,0,0,0,0,0,0,0,0,0,0,0,0,0,0,0,0,0,0,0,0,0,0,0,0,0,0,0,0,0,0,0,0,0,0,0,0,0,0,0,0,0,0,0,0,0,0,0,0,0,0,0,0,0
2026-07-25,NV,973,191,185,76,71,69,57,0,52,55,49,45,47,36,9,12,6,14,0,0,0,0,0,0,0,0,0,0,0,0,0,0,0,0,0,0,0,0,0,0,0,0,0,0,0,0,0,0,0,0,0,0,0,0,0,0,0,0,0,0,0,0,0,0,0,0,0,0,0,0,0,0,0,0,0,0,0,0,0,0,0,0,0,0,0,0,0,0,0,0,0,0,0,0,0,0,0,0,0,0,0,0,0,0,0,0,0,0,0,0,0,0,0,0,0,0,0,0,0,0,0,0,0,0,0,0,0
2026-07-26,NV,1010,205,188,79,75,71,60,0,55,57,50,47,48,35,9,12,6,13,0,0,0,0,0,0,0,0,0,0,0,0,0,0,0,0,0,0,0,0,0,0,0,0,0,0,0,0,0,0,0,0,0,0,0,0,0,0,0,0,0,0,0,0,0,0,0,0,0,0,0,0,0,0,0,0,0,0,0,0,0,0,0,0,0,0,0,0,0,0,0,0,0,0,0,0,0,0,0,0,0,0,0,0,0,0,0,0,0,0,0,0,0,0,0,0,0,0,0,0,0,0,0,0,0,0,0,0,0
2026-07-27,NV,1060,223,193,83,80,74,65,0,58,60,53,49,50,33,9,12,6,12,0,0,0,0,0,0,0,0,0,0,0,0,0,0,0,0,0,0,0,0,0,0,0,0,0,0,0,0,0,0,0,0,0,0,0,0,0,0,0,0,0,0,0,0,0,0,0,0,0,0,0,0,0,0,0,0,0,0,0,0,0,0,0,0,0,0,0,0,0,0,0,0,0,0,0,0,0,0,0,0,0,0,0,0,0,0,0,0,0,0,0,0,0,0,0,0,0,0,0,0,0,0,0,0,0,0,0,0,0
2026-07-28,NV,1125,244,200,89,86,78,70,0,62,64,56,51,52,32,10,12,6,11,0,0,0,0,0,0,0,0,0,0,0,0,0,0,0,0,0,0,0,0,0,0,0,0,0,0,0,0,0,0,0,0,0,0,0,0,0,0,0,0,0,0,0,0,0,0,0,0,0,0,0,0,0,0,0,0,0,0,0,0,0,0,0,0,0,0,0,0,0,0,0,0,0,0,0,0,0,0,0,0,0,0,0,0,0,0,0,0,0,0,0,0,0,0,0,0,0,0,0,0,0,0,0,0,0,0,0,0,0
2026-07-29,NV,1192,267,207,95,92,82,76,0,67,68,59,54,55,31,11,12,6,10,0,0,0,0,0,0,0,0,0,0,0,0,0,0,0,0,0,0,0,0,0,0,0,0,0,0,0,0,0,0,0,0,0,0,0,0,0,0,0,0,0,0,0,0,0,0,0,0,0,0,0,0,0,0,0,0,0,0,0,0,0,0,0,0,0,0,0,0,0,0,0,0,0,0,0,0,0,0,0,0,0,0,0,0,0,0,0,0,0,0,0,0,0,0,0,0,0,0,0,0,0,0,0,0,0,0,0,0,0
2026-07-30,NV,1264,292,214,101,99,86,82,0,72,73,62,57,58,30,11,12,6,9,0,0,0,0,0,0,0,0,0,0,0,0,0,0,0,0,0,0,0,0,0,0,0,0,0,0,0,0,0,0,0,0,0,0,0,0,0,0,0,0,0,0,0,0,0,0,0,0,0,0,0,0,0,0,0,0,0,0,0,0,0,0,0,0,0,0,0,0,0,0,0,0,0,0,0,0,0,0,0,0,0,0,0,0,0,0,0,0,0,0,0,0,0,0,0,0,0,0,0,0,0,0,0,0,0,0,0,0,0
2026-07-31,NV,1326,316,219,106,105,90,87,0,76,77,65,60,60,27,12,12,6,8,0,0,0,0,0,0,0,0,0,0,0,0,0,0,0,0,0,0,0,0,0,0,0,0,0,0,0,0,0,0,0,0,0,0,0,0,0,0,0,0,0,0,0,0,0,0,0,0,0,0,0,0,0,0,0,0,0,0,0,0,0,0,0,0,0,0,0,0,0,0,0,0,0,0,0,0,0,0,0,0,0,0,0,0,0,0,0,0,0,0,0,0,0,0,0,0,0,0,0,0,0,0,0,0,0,0,0,0,0
2026-08-01,NV,1399,322,211,105,105,88,88,88,76,76,64,59,59,23,12,12,6,6,0,0,0,0,0,0,0,0,0,0,0,0,0,0,0,0,0,0,0,0,0,0,0,0,0,0,0,0,0,0,0,0,0,0,0,0,0,0,0,0,0,0,0,0,0,0,0,0,0,0,0,0,0,0,0,0,0,0,0,0,0,0,0,0,0,0,0,0,0,0,0,0,0,0,0,0,0,0,0,0,0,0,0,0,0,0,0,0,0,0,0,0,0,0,0,0,0,0,0,0,0,0,0,0,0,0,0,0,0
