,B.1.1.529,B.1.617.2,BA.1.1,BA.2,BA.2.12.1,BA.2.75,BA.2.75.2,BA.2.86,BA.3.2,BA.4,BA.4.6,BA.5,BA.5.2.6,BF.11,BF.7,BN.1,BQ.1,BQ.1.1,CH.1.1,EG.5,EG.5.1.8,EG.6.1,EU.1.1,FD.1.1,FD.2,FE.1.1,FL.1.5.1,GE.1,GK.1.1,GK.2,HF.1,HK.3,HV.1,JD.1.1,JF.1,JG.3,JN.1,JN.1.11.1,JN.1.13,JN.1.13.1,JN.1.16,JN.1.16.1,JN.1.18,JN.1.18.6,JN.1.32,JN.1.4.3,JN.1.7,JN.1.8.1,KP.1.1,KP.1.1.3,KP.1.2,KP.2,KP.2.15,KP.2.3,KP.3,KP.3.1.1,KP.4.1,KQ.1,KS.1,KV.2,KW.1.1,LB.1,LB.1.3.1,LF.3.1,LF.7,LF.7.2.1,LF.7.7.1,LF.7.7.2,LF.7.9,LP.1,LP.8.1,MC.1,MC.10.1,MC.19,MC.28.1,NB.1.8.1,NW.1,Other,PA.1,PQ.17,PQ.2.1.6,PQ.2.8.1,RV.1,XBB,XBB.1.16,XBB.1.16.1,XBB.1.16.11,XBB.1.16.15,XBB.1.16.17,XBB.1.16.6,XBB.1.42.2,XBB.1.5,XBB.1.5.1,XBB.1.5.10,XBB.1.5.59,XBB.1.5.68,XBB.1.5.70,XBB.1.5.72,XBB.1.9.1,XBB.1.9.2,XBB.2.3,XBB.2.3.8,XDP,XDV.1,XEC,XEC.4,XEK,XEQ,XFC,XFG,XFG.1,XFG.1.1,XFG.10.4,XFG.14.1,XFG.2.5.1,XFG.23.1.3,XFG.6,XFJ,XFV,XFY,XFZ
2021-05-15,,0.023603083565831105,,,,,,,,,,,,,,,,,,,,,,,,,,,,,,,,,,,,,,,,,,,,,,,,,,,,,,,,,,,,,,,,,,,,,,,,,,,,0.976396918296814,,,,,,,,,,,,,,,,,,,,,,,,,,,,,,,,,,,,,,,,,,,
2021-05-16,,0.024749634987009345,,,,,,,,,,,,,,,,,,,,,,,,,,,,,,,,,,,,,,,,,,,,,,,,,,,,,,,,,,,,,,,,,,,,,,,,,,,,0.9752503676073891,,,,,,,,,,,,,,,,,,,,,,,,,,,,,,,,,,,,,,,,,,,
2021-05-17,,0.025896186408187583,,,,,,,,,,,,,,,,,,,,,,,,,,,,,,,,,,,,,,,,,,,,,,,,,,,,,,,,,,,,,,,,,,,,,,,,,,,,0.9741038169179644,,,,,,,,,,,,,,,,,,,,,,,,,,,,,,,,,,,,,,,,,,,
2021-05-18,,0.027042737829365823,,,,,,,,,,,,,,,,,,,,,,,,,,,,,,,,,,,,,,,,,,,,,,,,,,,,,,,,,,,,,,,,,,,,,,,,,,,,0.9729572662285396,,,,,,,,,,,,,,,,,,,,,,,,,,,,,,,,,,,,,,,,,,,
2021-05-19,,0.02818928925054406,,,,,,,,,,,,,,,,,,,,,,,,,,,,,,,,,,,,,,,,,,,,,,,,,,,,,,,,,,,,,,,,,,,,,,,,,,,,0.9718107155391148,,,,,,,,,,,,,,,,,,,,,,,,,,,,,,,,,,,,,,,,,,,
2021-05-20,,0.0293358406717223,,,,,,,,,,,,,,,,,,,,,,,,,,,,,,,,,,,,,,,,,,,,,,,,,,,,,,,,,,,,,,,,,,,,,,,,,,,,0.9706641648496901,,,,,,,,,,,,,,,,,,,,,,,,,,,,,,,,,,,,,,,,,,,
2021-05-21,,0.03048239209290054,,,,,,,,,,,,,,,,,,,,,,,,,,,,,,,,,,,,,,,,,,,,,,,,,,,,,,,,,,,,,,,,,,,,,,,,,,,,0.9695176141602653,,,,,,,,,,,,,,,,,,,,,,,,,,,,,,,,,,,,,,,,,,,
2021-05-22,,0.03162894351407878,,,,,,,,,,,,,,,,,,,,,,,,,,,,,,,,,,,,,,,,,,,,,,,,,,,,,,,,,,,,,,,,,,,,,,,,,,,,0.9683710634708405,,,,,,,,,,,,,,,,,,,,,,,,,,,,,,,,,,,,,,,,,,,
2021-05-23,,0.03277549493525702,,,,,,,,,,,,,,,,,,,,,,,,,,,,,,,,,,,,,,,,,,,,,,,,,,,,,,,,,,,,,,,,,,,,,,,,,,,,0.9672245127814157,,,,,,,,,,,,,,,,,,,,,,,,,,,,,,,,,,,,,,,,,,,
2021-05-24,,0.033922046356435254,,,,,,,,,,,,,,,,,,,,,,,,,,,,,,,,,,,,,,,,,,,,,,,,,,,,,,,,,,,,,,,,,,,,,,,,,,,,0.9660779620919909,,,,,,,,,,,,,,,,,,,,,,,,,,,,,,,,,,,,,,,,,,,
2021-05-25,,0.035068597777613494,,,,,,,,,,,,,,,,,,,,,,,,,,,,,,,,,,,,,,,,,,,,,,,,,,,,,,,,,,,,,,,,,,,,,,,,,,,,0.9649314114025661,,,,,,,,,,,,,,,,,,,,,,,,,,,,,,,,,,,,,,,,,,,
2021-05-26,,0.036215149198791735,,,,,,,,,,,,,,,,,,,,,,,,,,,,,,,,,,,,,,,,,,,,,,,,,,,,,,,,,,,,,,,,,,,,,,,,,,,,0.9637848607131414,,,,,,,,,,,,,,,,,,,,,,,,,,,,,,,,,,,,,,,,,,,
2021-05-27,,0.037361700619969976,,,,,,,,,,,,,,,,,,,,,,,,,,,,,,,,,,,,,,,,,,,,,,,,,,,,,,,,,,,,,,,,,,,,,,,,,,,,0.9626383100237166,,,,,,,,,,,,,,,,,,,,,,,,,,,,,,,,,,,,,,,,,,,
2021-05-28,,0.03850825204114822,,,,,,,,,,,,,,,,,,,,,,,,,,,,,,,,,,,,,,,,,,,,,,,,,,,,,,,,,,,,,,,,,,,,,,,,,,,,0.9614917593342918,,,,,,,,,,,,,,,,,,,,,,,,,,,,,,,,,,,,,,,,,,,
2021-05-29,,0.03965480346232646,,,,,,,,,,,,,,,,,,,,,,,,,,,,,,,,,,,,,,,,,,,,,,,,,,,,,,,,,,,,,,,,,,,,,,,,,,,,0.9603452086448669,,,,,,,,,,,,,,,,,,,,,,,,,,,,,,,,,,,,,,,,,,,
2021-05-30,,0.04080135488350469,,,,,,,,,,,,,,,,,,,,,,,,,,,,,,,,,,,,,,,,,,,,,,,,,,,,,,,,,,,,,,,,,,,,,,,,,,,,0.9591986579554422,,,,,,,,,,,,,,,,,,,,,,,,,,,,,,,,,,,,,,,,,,,
2021-05-31,,0.04194790630468293,,,,,,,,,,,,,,,,,,,,,,,,,,,,,,,,,,,,,,,,,,,,,,,,,,,,,,,,,,,,,,,,,,,,,,,,,,,,0.9580521072660174,,,,,,,,,,,,,,,,,,,,,,,,,,,,,,,,,,,,,,,,,,,
2021-06-01,,0.04309445772586117,,,,,,,,,,,,,,,,,,,,,,,,,,,,,,,,,,,,,,,,,,,,,,,,,,,,,,,,,,,,,,,,,,,,,,,,,,,,0.9569055565765926,,,,,,,,,,,,,,,,,,,,,,,,,,,,,,,,,,,,,,,,,,,
2021-06-02,,0.044241009147039406,,,,,,,,,,,,,,,,,,,,,,,,,,,,,,,,,,,,,,,,,,,,,,,,,,,,,,,,,,,,,,,,,,,,,,,,,,,,0.9557590058871679,,,,,,,,,,,,,,,,,,,,,,,,,,,,,,,,,,,,,,,,,,,
2021-06-03,,0.04538756056821765,,,,,,,,,,,,,,,,,,,,,,,,,,,,,,,,,,,,,,,,,,,,,,,,,,,,,,,,,,,,,,,,,,,,,,,,,,,,0.9546124551977431,,,,,,,,,,,,,,,,,,,,,,,,,,,,,,,,,,,,,,,,,,,
2021-06-04,,0.04653411198939589,,,,,,,,,,,,,,,,,,,,,,,,,,,,,,,,,,,,,,,,,,,,,,,,,,,,,,,,,,,,,,,,,,,,,,,,,,,,0.9534659045083183,,,,,,,,,,,,,,,,,,,,,,,,,,,,,,,,,,,,,,,,,,,
2021-06-05,,0.04768066341057413,,,,,,,,,,,,,,,,,,,,,,,,,,,,,,,,,,,,,,,,,,,,,,,,,,,,,,,,,,,,,,,,,,,,,,,,,,,,0.9523193538188935,,,,,,,,,,,,,,,,,,,,,,,,,,,,,,,,,,,,,,,,,,,
2021-06-06,,0.04882721483175237,,,,,,,,,,,,,,,,,,,,,,,,,,,,,,,,,,,,,,,,,,,,,,,,,,,,,,,,,,,,,,,,,,,,,,,,,,,,0.9511728031294687,,,,,,,,,,,,,,,,,,,,,,,,,,,,,,,,,,,,,,,,,,,
2021-06-07,,0.04997376625293061,,,,,,,,,,,,,,,,,,,,,,,,,,,,,,,,,,,,,,,,,,,,,,,,,,,,,,,,,,,,,,,,,,,,,,,,,,,,0.9500262524400439,,,,,,,,,,,,,,,,,,,,,,,,,,,,,,,,,,,,,,,,,,,
2021-06-08,,0.05112031767410885,,,,,,,,,,,,,,,,,,,,,,,,,,,,,,,,,,,,,,,,,,,,,,,,,,,,,,,,,,,,,,,,,,,,,,,,,,,,0.9488797017506192,,,,,,,,,,,,,,,,,,,,,,,,,,,,,,,,,,,,,,,,,,,
2021-06-09,,0.052266869095287084,,,,,,,,,,,,,,,,,,,,,,,,,,,,,,,,,,,,,,,,,,,,,,,,,,,,,,,,,,,,,,,,,,,,,,,,,,,,0.9477331510611944,,,,,,,,,,,,,,,,,,,,,,,,,,,,,,,,,,,,,,,,,,,
2021-06-10,,0.053413420516465325,,,,,,,,,,,,,,,,,,,,,,,,,,,,,,,,,,,,,,,,,,,,,,,,,,,,,,,,,,,,,,,,,,,,,,,,,,,,0.9465866003717696,,,,,,,,,,,,,,,,,,,,,,,,,,,,,,,,,,,,,,,,,,,
2021-06-11,,0.05455997193764356,,,,,,,,,,,,,,,,,,,,,,,,,,,,,,,,,,,,,,,,,,,,,,,,,,,,,,,,,,,,,,,,,,,,,,,,,,,,0.9454400496823449,,,,,,,,,,,,,,,,,,,,,,,,,,,,,,,,,,,,,,,,,,,
2021-06-12,,0.0557065233588218,,,,,,,,,,,,,,,,,,,,,,,,,,,,,,,,,,,,,,,,,,,,,,,,,,,,,,,,,,,,,,,,,,,,,,,,,,,,0.94429349899292,,,,,,,,,,,,,,,,,,,,,,,,,,,,,,,,,,,,,,,,,,,
2021-06-13,,0.0713469232976823,,,,,,,,,,,,,,,,,,,,,,,,,,,,,,,,,,,,,,,,,,,,,,,,,,,,,,,,,,,,,,,,,,,,,,,,,,,,0.928653097384936,,,,,,,,,,,,,,,,,,,,,,,,,,,,,,,,,,,,,,,,,,,
2021-06-14,,0.08698732323654279,,,,,,,,,,,,,,,,,,,,,,,,,,,,,,,,,,,,,,,,,,,,,,,,,,,,,,,,,,,,,,,,,,,,,,,,,,,,0.9130126957769519,,,,,,,,,,,,,,,,,,,,,,,,,,,,,,,,,,,,,,,,,,,
2021-06-15,,0.10262772317540328,,,,,,,,,,,,,,,,,,,,,,,,,,,,,,,,,,,,,,,,,,,,,,,,,,,,,,,,,,,,,,,,,,,,,,,,,,,,0.8973722941689678,,,,,,,,,,,,,,,,,,,,,,,,,,,,,,,,,,,,,,,,,,,
2021-06-16,,0.11826812311426378,,,,,,,,,,,,,,,,,,,,,,,,,,,,,,,,,,,,,,,,,,,,,,,,,,,,,,,,,,,,,,,,,,,,,,,,,,,,0.8817318925609837,,,,,,,,,,,,,,,,,,,,,,,,,,,,,,,,,,,,,,,,,,,
2021-06-17,,0.13390852305312428,,,,,,,,,,,,,,,,,,,,,,,,,,,,,,,,,,,,,,,,,,,,,,,,,,,,,,,,,,,,,,,,,,,,,,,,,,,,0.8660914909529996,,,,,,,,,,,,,,,,,,,,,,,,,,,,,,,,,,,,,,,,,,,
2021-06-18,,0.14954892299198477,,,,,,,,,,,,,,,,,,,,,,,,,,,,,,,,,,,,,,,,,,,,,,,,,,,,,,,,,,,,,,,,,,,,,,,,,,,,0.8504510893450156,,,,,,,,,,,,,,,,,,,,,,,,,,,,,,,,,,,,,,,,,,,
2021-06-19,,0.16518932293084526,,,,,,,,,,,,,,,,,,,,,,,,,,,,,,,,,,,,,,,,,,,,,,,,,,,,,,,,,,,,,,,,,,,,,,,,,,,,0.8348106877370315,,,,,,,,,,,,,,,,,,,,,,,,,,,,,,,,,,,,,,,,,,,
2021-06-20,,0.18082972286970578,,,,,,,,,,,,,,,,,,,,,,,,,,,,,,,,,,,,,,,,,,,,,,,,,,,,,,,,,,,,,,,,,,,,,,,,,,,,0.8191702861290474,,,,,,,,,,,,,,,,,,,,,,,,,,,,,,,,,,,,,,,,,,,
2021-06-21,,0.19647012280856624,,,,,,,,,,,,,,,,,,,,,,,,,,,,,,,,,,,,,,,,,,,,,,,,,,,,,,,,,,,,,,,,,,,,,,,,,,,,0.8035298845210633,,,,,,,,,,,,,,,,,,,,,,,,,,,,,,,,,,,,,,,,,,,
2021-06-22,,0.21211052274742676,,,,,,,,,,,,,,,,,,,,,,,,,,,,,,,,,,,,,,,,,,,,,,,,,,,,,,,,,,,,,,,,,,,,,,,,,,,,0.7878894829130793,,,,,,,,,,,,,,,,,,,,,,,,,,,,,,,,,,,,,,,,,,,
2021-06-23,,0.22775092268628727,,,,,,,,,,,,,,,,,,,,,,,,,,,,,,,,,,,,,,,,,,,,,,,,,,,,,,,,,,,,,,,,,,,,,,,,,,,,0.7722490813050952,,,,,,,,,,,,,,,,,,,,,,,,,,,,,,,,,,,,,,,,,,,
2021-06-24,,0.24339132262514773,,,,,,,,,,,,,,,,,,,,,,,,,,,,,,,,,,,,,,,,,,,,,,,,,,,,,,,,,,,,,,,,,,,,,,,,,,,,0.7566086796971111,,,,,,,,,,,,,,,,,,,,,,,,,,,,,,,,,,,,,,,,,,,
2021-06-25,,0.25903172256400825,,,,,,,,,,,,,,,,,,,,,,,,,,,,,,,,,,,,,,,,,,,,,,,,,,,,,,,,,,,,,,,,,,,,,,,,,,,,0.740968278089127,,,,,,,,,,,,,,,,,,,,,,,,,,,,,,,,,,,,,,,,,,,
2021-06-26,,0.27467212250286877,,,,,,,,,,,,,,,,,,,,,,,,,,,,,,,,,,,,,,,,,,,,,,,,,,,,,,,,,,,,,,,,,,,,,,,,,,,,0.7253278764811429,,,,,,,,,,,,,,,,,,,,,,,,,,,,,,,,,,,,,,,,,,,
2021-06-27,,0.2903125224417292,,,,,,,,,,,,,,,,,,,,,,,,,,,,,,,,,,,,,,,,,,,,,,,,,,,,,,,,,,,,,,,,,,,,,,,,,,,,0.7096874748731589,,,,,,,,,,,,,,,,,,,,,,,,,,,,,,,,,,,,,,,,,,,
2021-06-28,,0.30595292238058974,,,,,,,,,,,,,,,,,,,,,,,,,,,,,,,,,,,,,,,,,,,,,,,,,,,,,,,,,,,,,,,,,,,,,,,,,,,,0.6940470732651748,,,,,,,,,,,,,,,,,,,,,,,,,,,,,,,,,,,,,,,,,,,
2021-06-29,,0.32159332231945026,,,,,,,,,,,,,,,,,,,,,,,,,,,,,,,,,,,,,,,,,,,,,,,,,,,,,,,,,,,,,,,,,,,,,,,,,,,,0.6784066716571907,,,,,,,,,,,,,,,,,,,,,,,,,,,,,,,,,,,,,,,,,,,
2021-06-30,,0.3372337222583107,,,,,,,,,,,,,,,,,,,,,,,,,,,,,,,,,,,,,,,,,,,,,,,,,,,,,,,,,,,,,,,,,,,,,,,,,,,,0.6627662700492066,,,,,,,,,,,,,,,,,,,,,,,,,,,,,,,,,,,,,,,,,,,
2021-07-01,,0.35287412219717124,,,,,,,,,,,,,,,,,,,,,,,,,,,,,,,,,,,,,,,,,,,,,,,,,,,,,,,,,,,,,,,,,,,,,,,,,,,,0.6471258684412226,,,,,,,,,,,,,,,,,,,,,,,,,,,,,,,,,,,,,,,,,,,
2021-07-02,,0.3685145221360317,,,,,,,,,,,,,,,,,,,,,,,,,,,,,,,,,,,,,,,,,,,,,,,,,,,,,,,,,,,,,,,,,,,,,,,,,,,,0.6314854668332385,,,,,,,,,,,,,,,,,,,,,,,,,,,,,,,,,,,,,,,,,,,
2021-07-03,,0.3841549220748922,,,,,,,,,,,,,,,,,,,,,,,,,,,,,,,,,,,,,,,,,,,,,,,,,,,,,,,,,,,,,,,,,,,,,,,,,,,,0.6158450652252544,,,,,,,,,,,,,,,,,,,,,,,,,,,,,,,,,,,,,,,,,,,
2021-07-04,,0.39979532201375273,,,,,,,,,,,,,,,,,,,,,,,,,,,,,,,,,,,,,,,,,,,,,,,,,,,,,,,,,,,,,,,,,,,,,,,,,,,,0.6002046636172703,,,,,,,,,,,,,,,,,,,,,,,,,,,,,,,,,,,,,,,,,,,
2021-07-05,,0.4154357219526132,,,,,,,,,,,,,,,,,,,,,,,,,,,,,,,,,,,,,,,,,,,,,,,,,,,,,,,,,,,,,,,,,,,,,,,,,,,,0.5845642620092862,,,,,,,,,,,,,,,,,,,,,,,,,,,,,,,,,,,,,,,,,,,
2021-07-06,,0.4310761218914737,,,,,,,,,,,,,,,,,,,,,,,,,,,,,,,,,,,,,,,,,,,,,,,,,,,,,,,,,,,,,,,,,,,,,,,,,,,,0.5689238604013022,,,,,,,,,,,,,,,,,,,,,,,,,,,,,,,,,,,,,,,,,,,
2021-07-07,,0.4467165218303342,,,,,,,,,,,,,,,,,,,,,,,,,,,,,,,,,,,,,,,,,,,,,,,,,,,,,,,,,,,,,,,,,,,,,,,,,,,,0.5532834587933181,,,,,,,,,,,,,,,,,,,,,,,,,,,,,,,,,,,,,,,,,,,
2021-07-08,,0.4623569217691947,,,,,,,,,,,,,,,,,,,,,,,,,,,,,,,,,,,,,,,,,,,,,,,,,,,,,,,,,,,,,,,,,,,,,,,,,,,,0.537643057185334,,,,,,,,,,,,,,,,,,,,,,,,,,,,,,,,,,,,,,,,,,,
2021-07-09,,0.4779973217080552,,,,,,,,,,,,,,,,,,,,,,,,,,,,,,,,,,,,,,,,,,,,,,,,,,,,,,,,,,,,,,,,,,,,,,,,,,,,0.5220026555773499,,,,,,,,,,,,,,,,,,,,,,,,,,,,,,,,,,,,,,,,,,,
2021-07-10,,0.4936377216469157,,,,,,,,,,,,,,,,,,,,,,,,,,,,,,,,,,,,,,,,,,,,,,,,,,,,,,,,,,,,,,,,,,,,,,,,,,,,0.5063622539693658,,,,,,,,,,,,,,,,,,,,,,,,,,,,,,,,,,,,,,,,,,,
2021-07-11,,0.5103540620827055,,,,,,,,,,,,,,,,,,,,,,,,,,,,,,,,,,,,,,,,,,,,,,,,,,,,,,,,,,,,,,,,,,,,,,,,,,,,0.48964591488822706,,,,,,,,,,,,,,,,,,,,,,,,,,,,,,,,,,,,,,,,,,,
2021-07-12,,0.5270704025184952,,,,,,,,,,,,,,,,,,,,,,,,,,,,,,,,,,,,,,,,,,,,,,,,,,,,,,,,,,,,,,,,,,,,,,,,,,,,0.47292957580708833,,,,,,,,,,,,,,,,,,,,,,,,,,,,,,,,,,,,,,,,,,,
2021-07-13,,0.5437867429542851,,,,,,,,,,,,,,,,,,,,,,,,,,,,,,,,,,,,,,,,,,,,,,,,,,,,,,,,,,,,,,,,,,,,,,,,,,,,0.4562132367259496,,,,,,,,,,,,,,,,,,,,,,,,,,,,,,,,,,,,,,,,,,,
2021-07-14,,0.5605030833900748,,,,,,,,,,,,,,,,,,,,,,,,,,,,,,,,,,,,,,,,,,,,,,,,,,,,,,,,,,,,,,,,,,,,,,,,,,,,0.4394968976448108,,,,,,,,,,,,,,,,,,,,,,,,,,,,,,,,,,,,,,,,,,,
2021-07-15,,0.5772194238258646,,,,,,,,,,,,,,,,,,,,,,,,,,,,,,,,,,,,,,,,,,,,,,,,,,,,,,,,,,,,,,,,,,,,,,,,,,,,0.422780558563672,,,,,,,,,,,,,,,,,,,,,,,,,,,,,,,,,,,,,,,,,,,
2021-07-16,,0.5939357642616544,,,,,,,,,,,,,,,,,,,,,,,,,,,,,,,,,,,,,,,,,,,,,,,,,,,,,,,,,,,,,,,,,,,,,,,,,,,,0.4060642194825333,,,,,,,,,,,,,,,,,,,,,,,,,,,,,,,,,,,,,,,,,,,
2021-07-17,,0.6106521046974441,,,,,,,,,,,,,,,,,,,,,,,,,,,,,,,,,,,,,,,,,,,,,,,,,,,,,,,,,,,,,,,,,,,,,,,,,,,,0.38934788040139456,,,,,,,,,,,,,,,,,,,,,,,,,,,,,,,,,,,,,,,,,,,
2021-07-18,,0.627368445133234,,,,,,,,,,,,,,,,,,,,,,,,,,,,,,,,,,,,,,,,,,,,,,,,,,,,,,,,,,,,,,,,,,,,,,,,,,,,0.3726315413202558,,,,,,,,,,,,,,,,,,,,,,,,,,,,,,,,,,,,,,,,,,,
2021-07-19,,0.6440847855690237,,,,,,,,,,,,,,,,,,,,,,,,,,,,,,,,,,,,,,,,,,,,,,,,,,,,,,,,,,,,,,,,,,,,,,,,,,,,0.355915202239117,,,,,,,,,,,,,,,,,,,,,,,,,,,,,,,,,,,,,,,,,,,
2021-07-20,,0.6608011260048134,,,,,,,,,,,,,,,,,,,,,,,,,,,,,,,,,,,,,,,,,,,,,,,,,,,,,,,,,,,,,,,,,,,,,,,,,,,,0.33919886315797826,,,,,,,,,,,,,,,,,,,,,,,,,,,,,,,,,,,,,,,,,,,
2021-07-21,,0.6775174664406033,,,,,,,,,,,,,,,,,,,,,,,,,,,,,,,,,,,,,,,,,,,,,,,,,,,,,,,,,,,,,,,,,,,,,,,,,,,,0.3224825240768395,,,,,,,,,,,,,,,,,,,,,,,,,,,,,,,,,,,,,,,,,,,
2021-07-22,,0.6942338068763931,,,,,,,,,,,,,,,,,,,,,,,,,,,,,,,,,,,,,,,,,,,,,,,,,,,,,,,,,,,,,,,,,,,,,,,,,,,,0.30576618499570074,,,,,,,,,,,,,,,,,,,,,,,,,,,,,,,,,,,,,,,,,,,
2021-07-23,,0.7109501473121829,,,,,,,,,,,,,,,,,,,,,,,,,,,,,,,,,,,,,,,,,,,,,,,,,,,,,,,,,,,,,,,,,,,,,,,,,,,,0.28904984591456195,,,,,,,,,,,,,,,,,,,,,,,,,,,,,,,,,,,,,,,,,,,
2021-07-24,,0.7276664877479726,,,,,,,,,,,,,,,,,,,,,,,,,,,,,,,,,,,,,,,,,,,,,,,,,,,,,,,,,,,,,,,,,,,,,,,,,,,,0.2723335068334232,,,,,,,,,,,,,,,,,,,,,,,,,,,,,,,,,,,,,,,,,,,
2021-07-25,,0.7443828281837623,,,,,,,,,,,,,,,,,,,,,,,,,,,,,,,,,,,,,,,,,,,,,,,,,,,,,,,,,,,,,,,,,,,,,,,,,,,,0.2556171677522845,,,,,,,,,,,,,,,,,,,,,,,,,,,,,,,,,,,,,,,,,,,
2021-07-26,,0.7610991686195522,,,,,,,,,,,,,,,,,,,,,,,,,,,,,,,,,,,,,,,,,,,,,,,,,,,,,,,,,,,,,,,,,,,,,,,,,,,,0.2389008286711457,,,,,,,,,,,,,,,,,,,,,,,,,,,,,,,,,,,,,,,,,,,
2021-07-27,,0.777815509055342,,,,,,,,,,,,,,,,,,,,,,,,,,,,,,,,,,,,,,,,,,,,,,,,,,,,,,,,,,,,,,,,,,,,,,,,,,,,0.22218448959000692,,,,,,,,,,,,,,,,,,,,,,,,,,,,,,,,,,,,,,,,,,,
2021-07-28,,0.7945318494911318,,,,,,,,,,,,,,,,,,,,,,,,,,,,,,,,,,,,,,,,,,,,,,,,,,,,,,,,,,,,,,,,,,,,,,,,,,,,0.20546815050886819,,,,,,,,,,,,,,,,,,,,,,,,,,,,,,,,,,,,,,,,,,,
2021-07-29,,0.8112481899269215,,,,,,,,,,,,,,,,,,,,,,,,,,,,,,,,,,,,,,,,,,,,,,,,,,,,,,,,,,,,,,,,,,,,,,,,,,,,0.18875181142772945,,,,,,,,,,,,,,,,,,,,,,,,,,,,,,,,,,,,,,,,,,,
2021-07-30,,0.8279645303627112,,,,,,,,,,,,,,,,,,,,,,,,,,,,,,,,,,,,,,,,,,,,,,,,,,,,,,,,,,,,,,,,,,,,,,,,,,,,0.17203547234659067,,,,,,,,,,,,,,,,,,,,,,,,,,,,,,,,,,,,,,,,,,,
2021-07-31,,0.8446808707985011,,,,,,,,,,,,,,,,,,,,,,,,,,,,,,,,,,,,,,,,,,,,,,,,,,,,,,,,,,,,,,,,,,,,,,,,,,,,0.15531913326545188,,,,,,,,,,,,,,,,,,,,,,,,,,,,,,,,,,,,,,,,,,,
2021-08-01,,0.8613972112342909,,,,,,,,,,,,,,,,,,,,,,,,,,,,,,,,,,,,,,,,,,,,,,,,,,,,,,,,,,,,,,,,,,,,,,,,,,,,0.13860279418431315,,,,,,,,,,,,,,,,,,,,,,,,,,,,,,,,,,,,,,,,,,,
2021-08-02,,0.8781135516700806,,,,,,,,,,,,,,,,,,,,,,,,,,,,,,,,,,,,,,,,,,,,,,,,,,,,,,,,,,,,,,,,,,,,,,,,,,,,0.12188645510317442,,,,,,,,,,,,,,,,,,,,,,,,,,,,,,,,,,,,,,,,,,,
2021-08-03,,0.8948298921058704,,,,,,,,,,,,,,,,,,,,,,,,,,,,,,,,,,,,,,,,,,,,,,,,,,,,,,,,,,,,,,,,,,,,,,,,,,,,0.10517011602203563,,,,,,,,,,,,,,,,,,,,,,,,,,,,,,,,,,,,,,,,,,,
2021-08-04,,0.9115462325416601,,,,,,,,,,,,,,,,,,,,,,,,,,,,,,,,,,,,,,,,,,,,,,,,,,,,,,,,,,,,,,,,,,,,,,,,,,,,0.08845377694089684,,,,,,,,,,,,,,,,,,,,,,,,,,,,,,,,,,,,,,,,,,,
2021-08-05,,0.92826257297745,,,,,,,,,,,,,,,,,,,,,,,,,,,,,,,,,,,,,,,,,,,,,,,,,,,,,,,,,,,,,,,,,,,,,,,,,,,,0.07173743785975811,,,,,,,,,,,,,,,,,,,,,,,,,,,,,,,,,,,,,,,,,,,
2021-08-06,,0.9449789134132398,,,,,,,,,,,,,,,,,,,,,,,,,,,,,,,,,,,,,,,,,,,,,,,,,,,,,,,,,,,,,,,,,,,,,,,,,,,,0.05502109877861938,,,,,,,,,,,,,,,,,,,,,,,,,,,,,,,,,,,,,,,,,,,
2021-08-07,,0.9616952538490295,,,,,,,,,,,,,,,,,,,,,,,,,,,,,,,,,,,,,,,,,,,,,,,,,,,,,,,,,,,,,,,,,,,,,,,,,,,,0.03830475969748061,,,,,,,,,,,,,,,,,,,,,,,,,,,,,,,,,,,,,,,,,,,
2021-08-08,,0.9627254882029125,,,,,,,,,,,,,,,,,,,,,,,,,,,,,,,,,,,,,,,,,,,,,,,,,,,,,,,,,,,,,,,,,,,,,,,,,,,,0.03727452450601212,,,,,,,,,,,,,,,,,,,,,,,,,,,,,,,,,,,,,,,,,,,
2021-08-09,,0.9637557225567954,,,,,,,,,,,,,,,,,,,,,,,,,,,,,,,,,,,,,,,,,,,,,,,,,,,,,,,,,,,,,,,,,,,,,,,,,,,,0.03624428931454363,,,,,,,,,,,,,,,,,,,,,,,,,,,,,,,,,,,,,,,,,,,
2021-08-10,,0.9647859569106784,,,,,,,,,,,,,,,,,,,,,,,,,,,,,,,,,,,,,,,,,,,,,,,,,,,,,,,,,,,,,,,,,,,,,,,,,,,,0.03521405412307514,,,,,,,,,,,,,,,,,,,,,,,,,,,,,,,,,,,,,,,,,,,
2021-08-11,,0.9658161912645613,,,,,,,,,,,,,,,,,,,,,,,,,,,,,,,,,,,,,,,,,,,,,,,,,,,,,,,,,,,,,,,,,,,,,,,,,,,,0.03418381893160666,,,,,,,,,,,,,,,,,,,,,,,,,,,,,,,,,,,,,,,,,,,
2021-08-12,,0.9668464256184441,,,,,,,,,,,,,,,,,,,,,,,,,,,,,,,,,,,,,,,,,,,,,,,,,,,,,,,,,,,,,,,,,,,,,,,,,,,,0.033153583740138166,,,,,,,,,,,,,,,,,,,,,,,,,,,,,,,,,,,,,,,,,,,
2021-08-13,,0.9678766599723271,,,,,,,,,,,,,,,,,,,,,,,,,,,,,,,,,,,,,,,,,,,,,,,,,,,,,,,,,,,,,,,,,,,,,,,,,,,,0.03212334854866968,,,,,,,,,,,,,,,,,,,,,,,,,,,,,,,,,,,,,,,,,,,
2021-08-14,,0.96890689432621,,,,,,,,,,,,,,,,,,,,,,,,,,,,,,,,,,,,,,,,,,,,,,,,,,,,,,,,,,,,,,,,,,,,,,,,,,,,0.03109311335720119,,,,,,,,,,,,,,,,,,,,,,,,,,,,,,,,,,,,,,,,,,,
2021-08-15,,0.969937128680093,,,,,,,,,,,,,,,,,,,,,,,,,,,,,,,,,,,,,,,,,,,,,,,,,,,,,,,,,,,,,,,,,,,,,,,,,,,,0.030062878165732703,,,,,,,,,,,,,,,,,,,,,,,,,,,,,,,,,,,,,,,,,,,
2021-08-16,,0.9709673630339759,,,,,,,,,,,,,,,,,,,,,,,,,,,,,,,,,,,,,,,,,,,,,,,,,,,,,,,,,,,,,,,,,,,,,,,,,,,,0.029032642974264215,,,,,,,,,,,,,,,,,,,,,,,,,,,,,,,,,,,,,,,,,,,
2021-08-17,,0.9719975973878588,,,,,,,,,,,,,,,,,,,,,,,,,,,,,,,,,,,,,,,,,,,,,,,,,,,,,,,,,,,,,,,,,,,,,,,,,,,,0.028002407782795728,,,,,,,,,,,,,,,,,,,,,,,,,,,,,,,,,,,,,,,,,,,
2021-08-18,,0.9730278317417418,,,,,,,,,,,,,,,,,,,,,,,,,,,,,,,,,,,,,,,,,,,,,,,,,,,,,,,,,,,,,,,,,,,,,,,,,,,,0.02697217259132724,,,,,,,,,,,,,,,,,,,,,,,,,,,,,,,,,,,,,,,,,,,
2021-08-19,,0.9740580660956247,,,,,,,,,,,,,,,,,,,,,,,,,,,,,,,,,,,,,,,,,,,,,,,,,,,,,,,,,,,,,,,,,,,,,,,,,,,,0.02594193739985875,,,,,,,,,,,,,,,,,,,,,,,,,,,,,,,,,,,,,,,,,,,
2021-08-20,,0.9750883004495077,,,,,,,,,,,,,,,,,,,,,,,,,,,,,,,,,,,,,,,,,,,,,,,,,,,,,,,,,,,,,,,,,,,,,,,,,,,,0.024911702208390264,,,,,,,,,,,,,,,,,,,,,,,,,,,,,,,,,,,,,,,,,,,
2021-08-21,,0.9761185348033905,,,,,,,,,,,,,,,,,,,,,,,,,,,,,,,,,,,,,,,,,,,,,,,,,,,,,,,,,,,,,,,,,,,,,,,,,,,,0.023881467016921773,,,,,,,,,,,,,,,,,,,,,,,,,,,,,,,,,,,,,,,,,,,
2021-08-22,,0.9771487691572734,,,,,,,,,,,,,,,,,,,,,,,,,,,,,,,,,,,,,,,,,,,,,,,,,,,,,,,,,,,,,,,,,,,,,,,,,,,,0.022851231825453285,,,,,,,,,,,,,,,,,,,,,,,,,,,,,,,,,,,,,,,,,,,
2021-08-23,,0.9781790035111564,,,,,,,,,,,,,,,,,,,,,,,,,,,,,,,,,,,,,,,,,,,,,,,,,,,,,,,,,,,,,,,,,,,,,,,,,,,,0.021820996633984797,,,,,,,,,,,,,,,,,,,,,,,,,,,,,,,,,,,,,,,,,,,
2021-08-24,,0.9792092378650393,,,,,,,,,,,,,,,,,,,,,,,,,,,,,,,,,,,,,,,,,,,,,,,,,,,,,,,,,,,,,,,,,,,,,,,,,,,,0.02079076144251631,,,,,,,,,,,,,,,,,,,,,,,,,,,,,,,,,,,,,,,,,,,
2021-08-25,,0.9802394722189223,,,,,,,,,,,,,,,,,,,,,,,,,,,,,,,,,,,,,,,,,,,,,,,,,,,,,,,,,,,,,,,,,,,,,,,,,,,,0.019760526251047822,,,,,,,,,,,,,,,,,,,,,,,,,,,,,,,,,,,,,,,,,,,
2021-08-26,,0.9812697065728052,,,,,,,,,,,,,,,,,,,,,,,,,,,,,,,,,,,,,,,,,,,,,,,,,,,,,,,,,,,,,,,,,,,,,,,,,,,,0.018730291059579334,,,,,,,,,,,,,,,,,,,,,,,,,,,,,,,,,,,,,,,,,,,
2021-08-27,,0.9822999409266882,,,,,,,,,,,,,,,,,,,,,,,,,,,,,,,,,,,,,,,,,,,,,,,,,,,,,,,,,,,,,,,,,,,,,,,,,,,,0.017700055868110846,,,,,,,,,,,,,,,,,,,,,,,,,,,,,,,,,,,,,,,,,,,
2021-08-28,,0.9833301752805711,,,,,,,,,,,,,,,,,,,,,,,,,,,,,,,,,,,,,,,,,,,,,,,,,,,,,,,,,,,,,,,,,,,,,,,,,,,,0.016669820676642355,,,,,,,,,,,,,,,,,,,,,,,,,,,,,,,,,,,,,,,,,,,
2021-08-29,,0.984360409634454,,,,,,,,,,,,,,,,,,,,,,,,,,,,,,,,,,,,,,,,,,,,,,,,,,,,,,,,,,,,,,,,,,,,,,,,,,,,0.015639585485173867,,,,,,,,,,,,,,,,,,,,,,,,,,,,,,,,,,,,,,,,,,,
2021-08-30,,0.985390643988337,,,,,,,,,,,,,,,,,,,,,,,,,,,,,,,,,,,,,,,,,,,,,,,,,,,,,,,,,,,,,,,,,,,,,,,,,,,,0.01460935029370538,,,,,,,,,,,,,,,,,,,,,,,,,,,,,,,,,,,,,,,,,,,
2021-08-31,,0.9864208783422198,,,,,,,,,,,,,,,,,,,,,,,,,,,,,,,,,,,,,,,,,,,,,,,,,,,,,,,,,,,,,,,,,,,,,,,,,,,,0.013579115102236892,,,,,,,,,,,,,,,,,,,,,,,,,,,,,,,,,,,,,,,,,,,
2021-09-01,,0.9874511126961028,,,,,,,,,,,,,,,,,,,,,,,,,,,,,,,,,,,,,,,,,,,,,,,,,,,,,,,,,,,,,,,,,,,,,,,,,,,,0.012548879910768404,,,,,,,,,,,,,,,,,,,,,,,,,,,,,,,,,,,,,,,,,,,
2021-09-02,,0.9884813470499857,,,,,,,,,,,,,,,,,,,,,,,,,,,,,,,,,,,,,,,,,,,,,,,,,,,,,,,,,,,,,,,,,,,,,,,,,,,,0.011518644719299916,,,,,,,,,,,,,,,,,,,,,,,,,,,,,,,,,,,,,,,,,,,
2021-09-03,,0.9895115814038686,,,,,,,,,,,,,,,,,,,,,,,,,,,,,,,,,,,,,,,,,,,,,,,,,,,,,,,,,,,,,,,,,,,,,,,,,,,,0.010488409527831428,,,,,,,,,,,,,,,,,,,,,,,,,,,,,,,,,,,,,,,,,,,
2021-09-04,,0.9905418157577516,,,,,,,,,,,,,,,,,,,,,,,,,,,,,,,,,,,,,,,,,,,,,,,,,,,,,,,,,,,,,,,,,,,,,,,,,,,,0.009458174336362937,,,,,,,,,,,,,,,,,,,,,,,,,,,,,,,,,,,,,,,,,,,
2021-09-05,,0.9907593618739736,,,,,,,,,,,,,,,,,,,,,,,,,,,,,,,,,,,,,,,,,,,,,,,,,,,,,,,,,,,,,,,,,,,,,,,,,,,,0.009214324655930492,,,,,,,,,,,,,,,,,,,,,,,,,,,,,,,,,,,,,,,,,,,
2021-09-06,,0.9909769079901957,,,,,,,,,,,,,,,,,,,,,,,,,,,,,,,,,,,,,,,,,,,,,,,,,,,,,,,,,,,,,,,,,,,,,,,,,,,,0.008970474975498046,,,,,,,,,,,,,,,,,,,,,,,,,,,,,,,,,,,,,,,,,,,
2021-09-07,,0.9911944541064176,,,,,,,,,,,,,,,,,,,,,,,,,,,,,,,,,,,,,,,,,,,,,,,,,,,,,,,,,,,,,,,,,,,,,,,,,,,,0.008726625295065602,,,,,,,,,,,,,,,,,,,,,,,,,,,,,,,,,,,,,,,,,,,
2021-09-08,,0.9914120002226396,,,,,,,,,,,,,,,,,,,,,,,,,,,,,,,,,,,,,,,,,,,,,,,,,,,,,,,,,,,,,,,,,,,,,,,,,,,,0.008482775614633157,,,,,,,,,,,,,,,,,,,,,,,,,,,,,,,,,,,,,,,,,,,
2021-09-09,,0.9916295463388617,,,,,,,,,,,,,,,,,,,,,,,,,,,,,,,,,,,,,,,,,,,,,,,,,,,,,,,,,,,,,,,,,,,,,,,,,,,,0.008238925934200711,,,,,,,,,,,,,,,,,,,,,,,,,,,,,,,,,,,,,,,,,,,
2021-09-10,,0.9918470924550837,,,,,,,,,,,,,,,,,,,,,,,,,,,,,,,,,,,,,,,,,,,,,,,,,,,,,,,,,,,,,,,,,,,,,,,,,,,,0.007995076253768267,,,,,,,,,,,,,,,,,,,,,,,,,,,,,,,,,,,,,,,,,,,
2021-09-11,,0.9920646385713058,,,,,,,,,,,,,,,,,,,,,,,,,,,,,,,,,,,,,,,,,,,,,,,,,,,,,,,,,,,,,,,,,,,,,,,,,,,,0.0077512265733358215,,,,,,,,,,,,,,,,,,,,,,,,,,,,,,,,,,,,,,,,,,,
2021-09-12,,0.9922821846875278,,,,,,,,,,,,,,,,,,,,,,,,,,,,,,,,,,,,,,,,,,,,,,,,,,,,,,,,,,,,,,,,,,,,,,,,,,,,0.007507376892903376,,,,,,,,,,,,,,,,,,,,,,,,,,,,,,,,,,,,,,,,,,,
2021-09-13,,0.9924997308037498,,,,,,,,,,,,,,,,,,,,,,,,,,,,,,,,,,,,,,,,,,,,,,,,,,,,,,,,,,,,,,,,,,,,,,,,,,,,0.00726352721247093,,,,,,,,,,,,,,,,,,,,,,,,,,,,,,,,,,,,,,,,,,,
2021-09-14,,0.9927172769199718,,,,,,,,,,,,,,,,,,,,,,,,,,,,,,,,,,,,,,,,,,,,,,,,,,,,,,,,,,,,,,,,,,,,,,,,,,,,0.0070196775320384855,,,,,,,,,,,,,,,,,,,,,,,,,,,,,,,,,,,,,,,,,,,
2021-09-15,,0.9929348230361938,,,,,,,,,,,,,,,,,,,,,,,,,,,,,,,,,,,,,,,,,,,,,,,,,,,,,,,,,,,,,,,,,,,,,,,,,,,,0.006775827851606041,,,,,,,,,,,,,,,,,,,,,,,,,,,,,,,,,,,,,,,,,,,
2021-09-16,,0.9931523691524159,,,,,,,,,,,,,,,,,,,,,,,,,,,,,,,,,,,,,,,,,,,,,,,,,,,,,,,,,,,,,,,,,,,,,,,,,,,,0.006531978171173595,,,,,,,,,,,,,,,,,,,,,,,,,,,,,,,,,,,,,,,,,,,
2021-09-17,,0.9933699152686379,,,,,,,,,,,,,,,,,,,,,,,,,,,,,,,,,,,,,,,,,,,,,,,,,,,,,,,,,,,,,,,,,,,,,,,,,,,,0.00628812849074115,,,,,,,,,,,,,,,,,,,,,,,,,,,,,,,,,,,,,,,,,,,
2021-09-18,,0.9935874613848599,,,,,,,,,,,,,,,,,,,,,,,,,,,,,,,,,,,,,,,,,,,,,,,,,,,,,,,,,,,,,,,,,,,,,,,,,,,,0.006044278810308705,,,,,,,,,,,,,,,,,,,,,,,,,,,,,,,,,,,,,,,,,,,
2021-09-19,,0.9938050075010819,,,,,,,,,,,,,,,,,,,,,,,,,,,,,,,,,,,,,,,,,,,,,,,,,,,,,,,,,,,,,,,,,,,,,,,,,,,,0.00580042912987626,,,,,,,,,,,,,,,,,,,,,,,,,,,,,,,,,,,,,,,,,,,
2021-09-20,,0.994022553617304,,,,,,,,,,,,,,,,,,,,,,,,,,,,,,,,,,,,,,,,,,,,,,,,,,,,,,,,,,,,,,,,,,,,,,,,,,,,0.0055565794494438145,,,,,,,,,,,,,,,,,,,,,,,,,,,,,,,,,,,,,,,,,,,
2021-09-21,,0.994240099733526,,,,,,,,,,,,,,,,,,,,,,,,,,,,,,,,,,,,,,,,,,,,,,,,,,,,,,,,,,,,,,,,,,,,,,,,,,,,0.005312729769011369,,,,,,,,,,,,,,,,,,,,,,,,,,,,,,,,,,,,,,,,,,,
2021-09-22,,0.994457645849748,,,,,,,,,,,,,,,,,,,,,,,,,,,,,,,,,,,,,,,,,,,,,,,,,,,,,,,,,,,,,,,,,,,,,,,,,,,,0.005068880088578924,,,,,,,,,,,,,,,,,,,,,,,,,,,,,,,,,,,,,,,,,,,
2021-09-23,,0.9946751919659701,,,,,,,,,,,,,,,,,,,,,,,,,,,,,,,,,,,,,,,,,,,,,,,,,,,,,,,,,,,,,,,,,,,,,,,,,,,,0.004825030408146479,,,,,,,,,,,,,,,,,,,,,,,,,,,,,,,,,,,,,,,,,,,
2021-09-24,,0.994892738082192,,,,,,,,,,,,,,,,,,,,,,,,,,,,,,,,,,,,,,,,,,,,,,,,,,,,,,,,,,,,,,,,,,,,,,,,,,,,0.004581180727714034,,,,,,,,,,,,,,,,,,,,,,,,,,,,,,,,,,,,,,,,,,,
2021-09-25,,0.9951102841984141,,,,,,,,,,,,,,,,,,,,,,,,,,,,,,,,,,,,,,,,,,,,,,,,,,,,,,,,,,,,,,,,,,,,,,,,,,,,0.004337331047281588,,,,,,,,,,,,,,,,,,,,,,,,,,,,,,,,,,,,,,,,,,,
2021-09-26,,0.9953278303146361,,,,,,,,,,,,,,,,,,,,,,,,,,,,,,,,,,,,,,,,,,,,,,,,,,,,,,,,,,,,,,,,,,,,,,,,,,,,0.0040934813668491435,,,,,,,,,,,,,,,,,,,,,,,,,,,,,,,,,,,,,,,,,,,
2021-09-27,,0.9955453764308582,,,,,,,,,,,,,,,,,,,,,,,,,,,,,,,,,,,,,,,,,,,,,,,,,,,,,,,,,,,,,,,,,,,,,,,,,,,,0.0038496316864166987,,,,,,,,,,,,,,,,,,,,,,,,,,,,,,,,,,,,,,,,,,,
2021-09-28,,0.9957629225470802,,,,,,,,,,,,,,,,,,,,,,,,,,,,,,,,,,,,,,,,,,,,,,,,,,,,,,,,,,,,,,,,,,,,,,,,,,,,0.003605782005984253,,,,,,,,,,,,,,,,,,,,,,,,,,,,,,,,,,,,,,,,,,,
2021-09-29,,0.9959804686633023,,,,,,,,,,,,,,,,,,,,,,,,,,,,,,,,,,,,,,,,,,,,,,,,,,,,,,,,,,,,,,,,,,,,,,,,,,,,0.0033619323255518075,,,,,,,,,,,,,,,,,,,,,,,,,,,,,,,,,,,,,,,,,,,
2021-09-30,,0.9961980147795242,,,,,,,,,,,,,,,,,,,,,,,,,,,,,,,,,,,,,,,,,,,,,,,,,,,,,,,,,,,,,,,,,,,,,,,,,,,,0.0031180826451193628,,,,,,,,,,,,,,,,,,,,,,,,,,,,,,,,,,,,,,,,,,,
2021-10-01,,0.9964155608957462,,,,,,,,,,,,,,,,,,,,,,,,,,,,,,,,,,,,,,,,,,,,,,,,,,,,,,,,,,,,,,,,,,,,,,,,,,,,0.002874232964686918,,,,,,,,,,,,,,,,,,,,,,,,,,,,,,,,,,,,,,,,,,,
2021-10-02,0.00021043067020149996,0.9966331070119683,0.0005260766430926454,,,,,,,,,,,,,,,,,,,,,,,,,,,,,,,,,,,,,,,,,,,,,,,,,,,,,,,,,,,,,,,,,,,,,,,,,,,0.0026303832842544724,,,,,,,,,,,,,,,,,,,,,,,,,,,,,,,,,,,,,,,,,,,
2021-10-03,0.00020741471755241213,0.9965976308305541,0.0005131277913195117,,,,,,,,,,,,,,,,,,,,,,,,,,,,,,,,,,,,,,,,,,,,,,,,,,,,,,,,,,,,,,,,,,,,,,,,,,,0.002686324096950002,,,,,,,,,,,,,,,,,,,,,,,,,,,,,,,,,,,,,,,,,,,
2021-10-04,0.0002043987649033243,0.9965621546491399,0.0005001789395463779,,,,,,,,,,,,,,,,,,,,,,,,,,,,,,,,,,,,,,,,,,,,,,,,,,,,,,,,,,,,,,,,,,,,,,,,,,,0.0027422649096455315,,,,,,,,,,,,,,,,,,,,,,,,,,,,,,,,,,,,,,,,,,,
2021-10-05,0.00020138281225423648,0.9965266784677256,0.00048723008777324414,,,,,,,,,,,,,,,,,,,,,,,,,,,,,,,,,,,,,,,,,,,,,,,,,,,,,,,,,,,,,,,,,,,,,,,,,,,0.002798205722341061,,,,,,,,,,,,,,,,,,,,,,,,,,,,,,,,,,,,,,,,,,,
2021-10-06,0.00019836685960514868,0.9964912022863114,0.00047428123600011036,,,,,,,,,,,,,,,,,,,,,,,,,,,,,,,,,,,,,,,,,,,,,,,,,,,,,,,,,,,,,,,,,,,,,,,,,,,0.0028541465350365907,,,,,,,,,,,,,,,,,,,,,,,,,,,,,,,,,,,,,,,,,,,
2021-10-07,0.00019535090695606085,0.9964557261048972,0.0004613323842269766,,,,,,,,,,,,,,,,,,,,,,,,,,,,,,,,,,,,,,,,,,,,,,,,,,,,,,,,,,,,,,,,,,,,,,,,,,,0.0029100873477321204,,,,,,,,,,,,,,,,,,,,,,,,,,,,,,,,,,,,,,,,,,,
2021-10-08,0.00019233495430697302,0.996420249923483,0.00044838353245384285,,,,,,,,,,,,,,,,,,,,,,,,,,,,,,,,,,,,,,,,,,,,,,,,,,,,,,,,,,,,,,,,,,,,,,,,,,,0.00296602816042765,,,,,,,,,,,,,,,,,,,,,,,,,,,,,,,,,,,,,,,,,,,
2021-10-09,0.0001893190016578852,0.9963847737420688,0.00043543468068070907,,,,,,,,,,,,,,,,,,,,,,,,,,,,,,,,,,,,,,,,,,,,,,,,,,,,,,,,,,,,,,,,,,,,,,,,,,,0.003021968973123179,,,,,,,,,,,,,,,,,,,,,,,,,,,,,,,,,,,,,,,,,,,
2021-10-10,0.00018630304900879737,0.9963492975606546,0.0004224858289075753,,,,,,,,,,,,,,,,,,,,,,,,,,,,,,,,,,,,,,,,,,,,,,,,,,,,,,,,,,,,,,,,,,,,,,,,,,,0.003077909785818709,,,,,,,,,,,,,,,,,,,,,,,,,,,,,,,,,,,,,,,,,,,
2021-10-11,0.00018328709635970954,0.9963138213792403,0.00040953697713444156,,,,,,,,,,,,,,,,,,,,,,,,,,,,,,,,,,,,,,,,,,,,,,,,,,,,,,,,,,,,,,,,,,,,,,,,,,,0.0031338505985142387,,,,,,,,,,,,,,,,,,,,,,,,,,,,,,,,,,,,,,,,,,,
2021-10-12,0.0001802711437106217,0.9962783451978261,0.0003965881253613078,,,,,,,,,,,,,,,,,,,,,,,,,,,,,,,,,,,,,,,,,,,,,,,,,,,,,,,,,,,,,,,,,,,,,,,,,,,0.003189791411209768,,,,,,,,,,,,,,,,,,,,,,,,,,,,,,,,,,,,,,,,,,,
2021-10-13,0.0001772551910615339,0.9962428690164119,0.000383639273588174,,,,,,,,,,,,,,,,,,,,,,,,,,,,,,,,,,,,,,,,,,,,,,,,,,,,,,,,,,,,,,,,,,,,,,,,,,,0.0032457322239052974,,,,,,,,,,,,,,,,,,,,,,,,,,,,,,,,,,,,,,,,,,,
2021-10-14,0.00017423923841244606,0.9962073928349977,0.00037069042181504027,,,,,,,,,,,,,,,,,,,,,,,,,,,,,,,,,,,,,,,,,,,,,,,,,,,,,,,,,,,,,,,,,,,,,,,,,,,0.003301673036600827,,,,,,,,,,,,,,,,,,,,,,,,,,,,,,,,,,,,,,,,,,,
2021-10-15,0.00017122328576335826,0.9961719166535835,0.00035774157004190643,,,,,,,,,,,,,,,,,,,,,,,,,,,,,,,,,,,,,,,,,,,,,,,,,,,,,,,,,,,,,,,,,,,,,,,,,,,0.003357613849296357,,,,,,,,,,,,,,,,,,,,,,,,,,,,,,,,,,,,,,,,,,,
2021-10-16,0.00016820733311427043,0.9961364404721693,0.0003447927182687727,,,,,,,,,,,,,,,,,,,,,,,,,,,,,,,,,,,,,,,,,,,,,,,,,,,,,,,,,,,,,,,,,,,,,,,,,,,0.0034135546619918863,,,,,,,,,,,,,,,,,,,,,,,,,,,,,,,,,,,,,,,,,,,
2021-10-17,0.0001651913804651826,0.996100964290755,0.0003318438664956389,,,,,,,,,,,,,,,,,,,,,,,,,,,,,,,,,,,,,,,,,,,,,,,,,,,,,,,,,,,,,,,,,,,,,,,,,,,0.0034694954746874156,,,,,,,,,,,,,,,,,,,,,,,,,,,,,,,,,,,,,,,,,,,
2021-10-18,0.00016217542781609478,0.9960654881093408,0.00031889501472250515,,,,,,,,,,,,,,,,,,,,,,,,,,,,,,,,,,,,,,,,,,,,,,,,,,,,,,,,,,,,,,,,,,,,,,,,,,,0.0035254362873829454,,,,,,,,,,,,,,,,,,,,,,,,,,,,,,,,,,,,,,,,,,,
2021-10-19,0.00015915947516700695,0.9960300119279266,0.0003059461629493714,,,,,,,,,,,,,,,,,,,,,,,,,,,,,,,,,,,,,,,,,,,,,,,,,,,,,,,,,,,,,,,,,,,,,,,,,,,0.003581377100078475,,,,,,,,,,,,,,,,,,,,,,,,,,,,,,,,,,,,,,,,,,,
2021-10-20,0.00015614352251791912,0.9959945357465124,0.00029299731117623764,,,,,,,,,,,,,,,,,,,,,,,,,,,,,,,,,,,,,,,,,,,,,,,,,,,,,,,,,,,,,,,,,,,,,,,,,,,0.0036373179127740045,,,,,,,,,,,,,,,,,,,,,,,,,,,,,,,,,,,,,,,,,,,
2021-10-21,0.0001531275698688313,0.9959590595650982,0.00028004845940310386,,,,,,,,,,,,,,,,,,,,,,,,,,,,,,,,,,,,,,,,,,,,,,,,,,,,,,,,,,,,,,,,,,,,,,,,,,,0.003693258725469534,,,,,,,,,,,,,,,,,,,,,,,,,,,,,,,,,,,,,,,,,,,
2021-10-22,0.0001501116172197435,0.9959235833836839,0.00026709960762997013,,,,,,,,,,,,,,,,,,,,,,,,,,,,,,,,,,,,,,,,,,,,,,,,,,,,,,,,,,,,,,,,,,,,,,,,,,,0.0037491995381650637,,,,,,,,,,,,,,,,,,,,,,,,,,,,,,,,,,,,,,,,,,,
2021-10-23,0.00014709566457065564,0.9958881072022697,0.00025415075585683635,,,,,,,,,,,,,,,,,,,,,,,,,,,,,,,,,,,,,,,,,,,,,,,,,,,,,,,,,,,,,,,,,,,,,,,,,,,0.0038051403508605934,,,,,,,,,,,,,,,,,,,,,,,,,,,,,,,,,,,,,,,,,,,
2021-10-24,0.00014407971192156784,0.9958526310208555,0.00024120190408370257,,,,,,,,,,,,,,,,,,,,,,,,,,,,,,,,,,,,,,,,,,,,,,,,,,,,,,,,,,,,,,,,,,,,,,,,,,,0.003861081163556123,,,,,,,,,,,,,,,,,,,,,,,,,,,,,,,,,,,,,,,,,,,
2021-10-25,0.00014106375927248,0.9958171548394413,0.00022825305231056878,,,,,,,,,,,,,,,,,,,,,,,,,,,,,,,,,,,,,,,,,,,,,,,,,,,,,,,,,,,,,,,,,,,,,,,,,,,0.003917021976251652,,,,,,,,,,,,,,,,,,,,,,,,,,,,,,,,,,,,,,,,,,,
2021-10-26,0.00013804780662339219,0.9957816786580271,0.00021530420053743506,,,,,,,,,,,,,,,,,,,,,,,,,,,,,,,,,,,,,,,,,,,,,,,,,,,,,,,,,,,,,,,,,,,,,,,,,,,0.003972962788947182,,,,,,,,,,,,,,,,,,,,,,,,,,,,,,,,,,,,,,,,,,,
2021-10-27,0.00013503185397430436,0.9957462024766129,0.00020235534876430128,,,,,,,,,,,,,,,,,,,,,,,,,,,,,,,,,,,,,,,,,,,,,,,,,,,,,,,,,,,,,,,,,,,,,,,,,,,0.004028903601642712,,,,,,,,,,,,,,,,,,,,,,,,,,,,,,,,,,,,,,,,,,,
2021-10-28,0.00013201590132521653,0.9957107262951986,0.0001894064969911675,,,,,,,,,,,,,,,,,,,,,,,,,,,,,,,,,,,,,,,,,,,,,,,,,,,,,,,,,,,,,,,,,,,,,,,,,,,0.0040848444143382415,,,,,,,,,,,,,,,,,,,,,,,,,,,,,,,,,,,,,,,,,,,
2021-10-29,0.00012899994867612873,0.9956752501137844,0.00017645764521803377,,,,,,,,,,,,,,,,,,,,,,,,,,,,,,,,,,,,,,,,,,,,,,,,,,,,,,,,,,,,,,,,,,,,,,,,,,,0.00414078522703377,,,,,,,,,,,,,,,,,,,,,,,,,,,,,,,,,,,,,,,,,,,
2021-10-30,0.00012598399602704088,0.9956397739323702,0.0001635087934449,,,,,,,,,,,,,,,,,,,,,,,,,,,,,,,,,,,,,,,,,,,,,,,,,,,,,,,,,,,,,,,,,,,,,,,,,,,0.0041967260397293,,,,,,,,,,,,,,,,,,,,,,,,,,,,,,,,,,,,,,,,,,,
2021-10-31,0.00012296804337795308,0.9955596238761752,0.0001591526694594601,,,,,,,,,,,,,,,,,,,,,,,,,,,,,,,,,,,,,,,,,,,,,,,,,,,,,,,,,,,,,,,,,,,,,,,,,,,0.004279748666668639,,,,,,,,,,,,,,,,,,,,,,,,,,,,,,,,,,,,,,,,,,,
2021-11-01,0.00011995209072886525,0.9954794738199804,0.00015479654547402013,,,,,,,,,,,,,,,,,,,,,,,,,,,,,,,,,,,,,,,,,,,,,,,,,,,,,,,,,,,,,,,,,,,,,,,,,,,0.004362771293607977,,,,,,,,,,,,,,,,,,,,,,,,,,,,,,,,,,,,,,,,,,,
2021-11-02,0.00011693613807977742,0.9953993237637854,0.0001504404214885802,,,,,,,,,,,,,,,,,,,,,,,,,,,,,,,,,,,,,,,,,,,,,,,,,,,,,,,,,,,,,,,,,,,,,,,,,,,0.004445793920547315,,,,,,,,,,,,,,,,,,,,,,,,,,,,,,,,,,,,,,,,,,,
2021-11-03,0.0001139201854306896,0.9953191737075905,0.00014608429750314028,,,,,,,,,,,,,,,,,,,,,,,,,,,,,,,,,,,,,,,,,,,,,,,,,,,,,,,,,,,,,,,,,,,,,,,,,,,0.004528816547486654,,,,,,,,,,,,,,,,,,,,,,,,,,,,,,,,,,,,,,,,,,,
2021-11-04,0.00011090423278160177,0.9952390236513955,0.00014172817351770035,,,,,,,,,,,,,,,,,,,,,,,,,,,,,,,,,,,,,,,,,,,,,,,,,,,,,,,,,,,,,,,,,,,,,,,,,,,0.004611839174425991,,,,,,,,,,,,,,,,,,,,,,,,,,,,,,,,,,,,,,,,,,,
2021-11-05,0.00010788828013251394,0.9951588735952006,0.0001373720495322604,,,,,,,,,,,,,,,,,,,,,,,,,,,,,,,,,,,,,,,,,,,,,,,,,,,,,,,,,,,,,,,,,,,,,,,,,,,0.00469486180136533,,,,,,,,,,,,,,,,,,,,,,,,,,,,,,,,,,,,,,,,,,,
2021-11-06,0.00010487232748342613,0.9950787235390056,0.00013301592554682047,,,,,,,,,,,,,,,,,,,,,,,,,,,,,,,,,,,,,,,,,,,,,,,,,,,,,,,,,,,,,,,,,,,,,,,,,,,0.004777884428304668,,,,,,,,,,,,,,,,,,,,,,,,,,,,,,,,,,,,,,,,,,,
2021-11-07,0.0001018563748343383,0.9949985734828106,0.00012865980156138052,,,,,,,,,,,,,,,,,,,,,,,,,,,,,,,,,,,,,,,,,,,,,,,,,,,,,,,,,,,,,,,,,,,,,,,,,,,0.004860907055244007,,,,,,,,,,,,,,,,,,,,,,,,,,,,,,,,,,,,,,,,,,,
2021-11-08,9.884042218525047e-05,0.9949184234266157,0.0001243036775759406,,,,,,,,,,,,,,,,,,,,,,,,,,,,,,,,,,,,,,,,,,,,,,,,,,,,,,,,,,,,,,,,,,,,,,,,,,,0.004943929682183345,,,,,,,,,,,,,,,,,,,,,,,,,,,,,,,,,,,,,,,,,,,
2021-11-09,9.582446953616266e-05,0.9948382733704207,0.00011994755359050067,,,,,,,,,,,,,,,,,,,,,,,,,,,,,,,,,,,,,,,,,,,,,,,,,,,,,,,,,,,,,,,,,,,,,,,,,,,0.0050269523091226835,,,,,,,,,,,,,,,,,,,,,,,,,,,,,,,,,,,,,,,,,,,
2021-11-10,9.280851688707483e-05,0.9947581233142259,0.00011559142960506073,,,,,,,,,,,,,,,,,,,,,,,,,,,,,,,,,,,,,,,,,,,,,,,,,,,,,,,,,,,,,,,,,,,,,,,,,,,0.005109974936062022,,,,,,,,,,,,,,,,,,,,,,,,,,,,,,,,,,,,,,,,,,,
2021-11-11,8.9792564237987e-05,0.9946779732580309,0.00011123530561962079,,,,,,,,,,,,,,,,,,,,,,,,,,,,,,,,,,,,,,,,,,,,,,,,,,,,,,,,,,,,,,,,,,,,,,,,,,,0.00519299756300136,,,,,,,,,,,,,,,,,,,,,,,,,,,,,,,,,,,,,,,,,,,
2021-11-12,8.677661158889918e-05,0.994597823201836,0.00010687918163418086,,,,,,,,,,,,,,,,,,,,,,,,,,,,,,,,,,,,,,,,,,,,,,,,,,,,,,,,,,,,,,,,,,,,,,,,,,,0.005276020189940698,,,,,,,,,,,,,,,,,,,,,,,,,,,,,,,,,,,,,,,,,,,
2021-11-13,8.376065893981135e-05,0.994517673145641,0.00010252305764874092,,,,,,,,,,,,,,,,,,,,,,,,,,,,,,,,,,,,,,,,,,,,,,,,,,,,,,,,,,,,,,,,,,,,,,,,,,,0.005359042816880037,,,,,,,,,,,,,,,,,,,,,,,,,,,,,,,,,,,,,,,,,,,
2021-11-14,8.074470629072352e-05,0.994437523089446,9.816693366330099e-05,,,,,,,,,,,,,,,,,,,,,,,,,,,,,,,,,,,,,,,,,,,,,,,,,,,,,,,,,,,,,,,,,,,,,,,,,,,0.005442065443819375,,,,,,,,,,,,,,,,,,,,,,,,,,,,,,,,,,,,,,,,,,,
2021-11-15,7.772875364163572e-05,0.9943573730332511,9.381080967786105e-05,,,,,,,,,,,,,,,,,,,,,,,,,,,,,,,,,,,,,,,,,,,,,,,,,,,,,,,,,,,,,,,,,,,,,,,,,,,0.005525088070758713,,,,,,,,,,,,,,,,,,,,,,,,,,,,,,,,,,,,,,,,,,,
2021-11-16,7.47128009925479e-05,0.9942772229770561,8.945468569242111e-05,,,,,,,,,,,,,,,,,,,,,,,,,,,,,,,,,,,,,,,,,,,,,,,,,,,,,,,,,,,,,,,,,,,,,,,,,,,0.005608110697698052,,,,,,,,,,,,,,,,,,,,,,,,,,,,,,,,,,,,,,,,,,,
2021-11-17,7.169684834346007e-05,0.9941970729208612,8.509856170698118e-05,,,,,,,,,,,,,,,,,,,,,,,,,,,,,,,,,,,,,,,,,,,,,,,,,,,,,,,,,,,,,,,,,,,,,,,,,,,0.00569113332463739,,,,,,,,,,,,,,,,,,,,,,,,,,,,,,,,,,,,,,,,,,,
2021-11-18,6.868089569437224e-05,0.9941169228646662,8.074243772154124e-05,,,,,,,,,,,,,,,,,,,,,,,,,,,,,,,,,,,,,,,,,,,,,,,,,,,,,,,,,,,,,,,,,,,,,,,,,,,0.0057741559515767284,,,,,,,,,,,,,,,,,,,,,,,,,,,,,,,,,,,,,,,,,,,
2021-11-19,6.566494304528441e-05,0.9940367728084714,7.638631373610132e-05,,,,,,,,,,,,,,,,,,,,,,,,,,,,,,,,,,,,,,,,,,,,,,,,,,,,,,,,,,,,,,,,,,,,,,,,,,,0.005857178578516067,,,,,,,,,,,,,,,,,,,,,,,,,,,,,,,,,,,,,,,,,,,
2021-11-20,6.264899039619659e-05,0.9939566227522764,7.203018975066138e-05,,,,,,,,,,,,,,,,,,,,,,,,,,,,,,,,,,,,,,,,,,,,,,,,,,,,,,,,,,,,,,,,,,,,,,,,,,,0.005940201205455405,,,,,,,,,,,,,,,,,,,,,,,,,,,,,,,,,,,,,,,,,,,
2021-11-21,5.963303774710876e-05,0.9938764726960814,6.767406576522144e-05,,,,,,,,,,,,,,,,,,,,,,,,,,,,,,,,,,,,,,,,,,,,,,,,,,,,,,,,,,,,,,,,,,,,,,,,,,,0.006023223832394743,,,,,,,,,,,,,,,,,,,,,,,,,,,,,,,,,,,,,,,,,,,
2021-11-22,5.661708509802093e-05,0.9937963226398865,6.331794177978151e-05,,,,,,,,,,,,,,,,,,,,,,,,,,,,,,,,,,,,,,,,,,,,,,,,,,,,,,,,,,,,,,,,,,,,,,,,,,,0.006106246459334082,,,,,,,,,,,,,,,,,,,,,,,,,,,,,,,,,,,,,,,,,,,
2021-11-23,5.3601132448933105e-05,0.9937161725836915,5.896181779434157e-05,,,,,,,,,,,,,,,,,,,,,,,,,,,,,,,,,,,,,,,,,,,,,,,,,,,,,,,,,,,,,,,,,,,,,,,,,,,0.00618926908627342,,,,,,,,,,,,,,,,,,,,,,,,,,,,,,,,,,,,,,,,,,,
2021-11-24,5.0585179799845305e-05,0.9936360225274966,5.460569380890163e-05,,,,,,,,,,,,,,,,,,,,,,,,,,,,,,,,,,,,,,,,,,,,,,,,,,,,,,,,,,,,,,,,,,,,,,,,,,,0.006272291713212759,,,,,,,,,,,,,,,,,,,,,,,,,,,,,,,,,,,,,,,,,,,
2021-11-25,4.756922715075748e-05,0.9935558724713016,5.0249569823461704e-05,,,,,,,,,,,,,,,,,,,,,,,,,,,,,,,,,,,,,,,,,,,,,,,,,,,,,,,,,,,,,,,,,,,,,,,,,,,0.0063553143401520965,,,,,,,,,,,,,,,,,,,,,,,,,,,,,,,,,,,,,,,,,,,
2021-11-26,4.455327450166965e-05,0.9934757224151067,4.589344583802176e-05,,,,,,,,,,,,,,,,,,,,,,,,,,,,,,,,,,,,,,,,,,,,,,,,,,,,,,,,,,,,,,,,,,,,,,,,,,,0.006438336967091435,,,,,,,,,,,,,,,,,,,,,,,,,,,,,,,,,,,,,,,,,,,
2021-11-27,4.1537321852581816e-05,0.9933955723589117,4.1537321852581816e-05,,,,,,,,,,,,,,,,,,,,,,,,,,,,,,,,,,,,,,,,,,,,,,,,,,,,,,,,,,,,,,,,,,,,,,,,,,,0.006521359594030773,,,,,,,,,,,,,,,,,,,,,,,,,,,,,,,,,,,,,,,,,,,
2021-11-28,0.003066439819098358,0.9888874464607859,0.0016996006192271445,,,,,,,,,,,,,,,,,,,,,,,,,,,,,,,,,,,,,,,,,,,,,,,,,,,,,,,,,,,,,,,,,,,,,,,,,,,0.006344049319688359,,,,,,,,,,,,,,,,,,,,,,,,,,,,,,,,,,,,,,,,,,,
2021-11-29,0.006091342316344134,0.98437932056266,0.003357663916601707,,,,,,,,,,,,,,,,,,,,,,,,,,,,,,,,,,,,,,,,,,,,,,,,,,,,,,,,,,,,,,,,,,,,,,,,,,,0.006166739045345945,,,,,,,,,,,,,,,,,,,,,,,,,,,,,,,,,,,,,,,,,,,
2021-11-30,0.009116244813589911,0.9798711946645341,0.005015727213976269,,,,,,,,,,,,,,,,,,,,,,,,,,,,,,,,,,,,,,,,,,,,,,,,,,,,,,,,,,,,,,,,,,,,,,,,,,,0.005989428771003531,,,,,,,,,,,,,,,,,,,,,,,,,,,,,,,,,,,,,,,,,,,
2021-12-01,0.012141147310835687,0.9753630687664082,0.006673790511350832,,,,,,,,,,,,,,,,,,,,,,,,,,,,,,,,,,,,,,,,,,,,,,,,,,,,,,,,,,,,,,,,,,,,,,,,,,,0.0058121184966611165,,,,,,,,,,,,,,,,,,,,,,,,,,,,,,,,,,,,,,,,,,,
2021-12-02,0.015166049808081462,0.9708549428682823,0.008331853808725396,,,,,,,,,,,,,,,,,,,,,,,,,,,,,,,,,,,,,,,,,,,,,,,,,,,,,,,,,,,,,,,,,,,,,,,,,,,0.0056348082223187015,,,,,,,,,,,,,,,,,,,,,,,,,,,,,,,,,,,,,,,,,,,
2021-12-03,0.01819095230532724,0.9663468169701565,0.009989917106099958,,,,,,,,,,,,,,,,,,,,,,,,,,,,,,,,,,,,,,,,,,,,,,,,,,,,,,,,,,,,,,,,,,,,,,,,,,,0.005457497947976288,,,,,,,,,,,,,,,,,,,,,,,,,,,,,,,,,,,,,,,,,,,
2021-12-04,0.021215854802573014,0.9618386910720306,0.011647980403474522,,,,,,,,,,,,,,,,,,,,,,,,,,,,,,,,,,,,,,,,,,,,,,,,,,,,,,,,,,,,,,,,,,,,,,,,,,,0.005280187673633873,,,,,,,,,,,,,,,,,,,,,,,,,,,,,,,,,,,,,,,,,,,
2021-12-05,0.02424075729981879,0.9573305651739047,0.013306043700849084,,,,,,,,,,,,,,,,,,,,,,,,,,,,,,,,,,,,,,,,,,,,,,,,,,,,,,,,,,,,,,,,,,,,,,,,,,,0.005102877399291459,,,,,,,,,,,,,,,,,,,,,,,,,,,,,,,,,,,,,,,,,,,
2021-12-06,0.027265659797064565,0.9528224392757788,0.014964106998223646,,,,,,,,,,,,,,,,,,,,,,,,,,,,,,,,,,,,,,,,,,,,,,,,,,,,,,,,,,,,,,,,,,,,,,,,,,,0.004925567124949045,,,,,,,,,,,,,,,,,,,,,,,,,,,,,,,,,,,,,,,,,,,
2021-12-07,0.03029056229431034,0.9483143133776529,0.016622170295598208,,,,,,,,,,,,,,,,,,,,,,,,,,,,,,,,,,,,,,,,,,,,,,,,,,,,,,,,,,,,,,,,,,,,,,,,,,,0.0047482568506066304,,,,,,,,,,,,,,,,,,,,,,,,,,,,,,,,,,,,,,,,,,,
2021-12-08,0.033315464791556115,0.943806187479527,0.01828023359297277,,,,,,,,,,,,,,,,,,,,,,,,,,,,,,,,,,,,,,,,,,,,,,,,,,,,,,,,,,,,,,,,,,,,,,,,,,,0.004570946576264216,,,,,,,,,,,,,,,,,,,,,,,,,,,,,,,,,,,,,,,,,,,
2021-12-09,0.0363403672888019,0.9392980615814011,0.019938296890347332,,,,,,,,,,,,,,,,,,,,,,,,,,,,,,,,,,,,,,,,,,,,,,,,,,,,,,,,,,,,,,,,,,,,,,,,,,,0.004393636301921802,,,,,,,,,,,,,,,,,,,,,,,,,,,,,,,,,,,,,,,,,,,
2021-12-10,0.03936526978604767,0.9347899356832752,0.021596360187721896,,,,,,,,,,,,,,,,,,,,,,,,,,,,,,,,,,,,,,,,,,,,,,,,,,,,,,,,,,,,,,,,,,,,,,,,,,,0.004216326027579388,,,,,,,,,,,,,,,,,,,,,,,,,,,,,,,,,,,,,,,,,,,
2021-12-11,0.04239017228329345,0.9302818097851493,0.02325442348509646,,,,,,,,,,,,,,,,,,,,,,,,,,,,,,,,,,,,,,,,,,,,,,,,,,,,,,,,,,,,,,,,,,,,,,,,,,,0.004039015753236973,,,,,,,,,,,,,,,,,,,,,,,,,,,,,,,,,,,,,,,,,,,
2021-12-12,0.04541507478053922,0.9257736838870234,0.02491248678247102,,,,,,,,,,,,,,,,,,,,,,,,,,,,,,,,,,,,,,,,,,,,,,,,,,,,,,,,,,,,,,,,,,,,,,,,,,,0.003861705478894559,,,,,,,,,,,,,,,,,,,,,,,,,,,,,,,,,,,,,,,,,,,
2021-12-13,0.048439977277785,0.9212655579888975,0.026570550079845583,,,,,,,,,,,,,,,,,,,,,,,,,,,,,,,,,,,,,,,,,,,,,,,,,,,,,,,,,,,,,,,,,,,,,,,,,,,0.003684395204552145,,,,,,,,,,,,,,,,,,,,,,,,,,,,,,,,,,,,,,,,,,,
2021-12-14,0.051464879775030774,0.9167574320907717,0.028228613377220147,,,,,,,,,,,,,,,,,,,,,,,,,,,,,,,,,,,,,,,,,,,,,,,,,,,,,,,,,,,,,,,,,,,,,,,,,,,0.0035070849302097306,,,,,,,,,,,,,,,,,,,,,,,,,,,,,,,,,,,,,,,,,,,
2021-12-15,0.05448978227227655,0.9122493061926458,0.029886676674594707,,,,,,,,,,,,,,,,,,,,,,,,,,,,,,,,,,,,,,,,,,,,,,,,,,,,,,,,,,,,,,,,,,,,,,,,,,,0.0033297746558673164,,,,,,,,,,,,,,,,,,,,,,,,,,,,,,,,,,,,,,,,,,,
2021-12-16,0.057514684769522324,0.9077411802945199,0.03154473997196927,,,,,,,,,,,,,,,,,,,,,,,,,,,,,,,,,,,,,,,,,,,,,,,,,,,,,,,,,,,,,,,,,,,,,,,,,,,0.0031524643815249017,,,,,,,,,,,,,,,,,,,,,,,,,,,,,,,,,,,,,,,,,,,
2021-12-17,0.0605395872667681,0.903233054396394,0.033202803269343835,,,,,,,,,,,,,,,,,,,,,,,,,,,,,,,,,,,,,,,,,,,,,,,,,,,,,,,,,,,,,,,,,,,,,,,,,,,0.0029751541071824875,,,,,,,,,,,,,,,,,,,,,,,,,,,,,,,,,,,,,,,,,,,
2021-12-18,0.06356448976401388,0.8987249284982681,0.0348608665667184,,,,,,,,,,,,,,,,,,,,,,,,,,,,,,,,,,,,,,,,,,,,,,,,,,,,,,,,,,,,,,,,,,,,,,,,,,,0.0027978438328400733,,,,,,,,,,,,,,,,,,,,,,,,,,,,,,,,,,,,,,,,,,,
2021-12-19,0.06658939226125965,0.8942168026001422,0.03651892986409296,,,,,,,,,,,,,,,,,,,,,,,,,,,,,,,,,,,,,,,,,,,,,,,,,,,,,,,,,,,,,,,,,,,,,,,,,,,0.002620533558497659,,,,,,,,,,,,,,,,,,,,,,,,,,,,,,,,,,,,,,,,,,,
2021-12-20,0.06961429475850543,0.8897086767020164,0.03817699316146752,,,,,,,,,,,,,,,,,,,,,,,,,,,,,,,,,,,,,,,,,,,,,,,,,,,,,,,,,,,,,,,,,,,,,,,,,,,0.002443223284155245,,,,,,,,,,,,,,,,,,,,,,,,,,,,,,,,,,,,,,,,,,,
2021-12-21,0.07263919725575121,0.8852005508038905,0.03983505645884208,,,,,,,,,,,,,,,,,,,,,,,,,,,,,,,,,,,,,,,,,,,,,,,,,,,,,,,,,,,,,,,,,,,,,,,,,,,0.0022659130098128307,,,,,,,,,,,,,,,,,,,,,,,,,,,,,,,,,,,,,,,,,,,
2021-12-22,0.07566409975299698,0.8806924249057646,0.04149311975621665,,,,,,,,,,,,,,,,,,,,,,,,,,,,,,,,,,,,,,,,,,,,,,,,,,,,,,,,,,,,,,,,,,,,,,,,,,,0.0020886027354704165,,,,,,,,,,,,,,,,,,,,,,,,,,,,,,,,,,,,,,,,,,,
2021-12-23,0.07868900225024276,0.8761842990076387,0.04315118305359121,,,,,,,,,,,,,,,,,,,,,,,,,,,,,,,,,,,,,,,,,,,,,,,,,,,,,,,,,,,,,,,,,,,,,,,,,,,0.0019112924611280023,,,,,,,,,,,,,,,,,,,,,,,,,,,,,,,,,,,,,,,,,,,
2021-12-24,0.08171390474748853,0.8716761731095128,0.044809246350965774,,,,,,,,,,,,,,,,,,,,,,,,,,,,,,,,,,,,,,,,,,,,,,,,,,,,,,,,,,,,,,,,,,,,,,,,,,,0.0017339821867855872,,,,,,,,,,,,,,,,,,,,,,,,,,,,,,,,,,,,,,,,,,,
2021-12-25,0.08473880724473432,0.867168047211387,0.04646730964834034,6.91854187276091e-05,,,,,,,,,,,,,,,,,,,,,,,,,,,,,,,,,,,,,,,,,,,,,,,,,,,,,,,,,,,,,,,,,,,,,,,,,,0.0015566719124431728,,,,,,,,,,,,,,,,,,,,,,,,,,,,,,,,,,,,,,,,,,,
2021-12-26,0.09617848471774681,0.8379173601022014,0.06426215810435153,0.00012150248838146754,,,,,,,,,,,,,,,,,,,,,,,,,,,,,,,,,,,,,,,,,,,,,,,,,,,,,,,,,,,,,,,,,,,,,,,,,,0.0015180677524389277,,,,,,,,,,,,,,,,,,,,,,,,,,,,,,,,,,,,,,,,,,,
2021-12-27,0.10761816219075931,0.808666672993016,0.08205700656036272,0.00017381955803532598,,,,,,,,,,,,,,,,,,,,,,,,,,,,,,,,,,,,,,,,,,,,,,,,,,,,,,,,,,,,,,,,,,,,,,,,,,0.0014794635924346826,,,,,,,,,,,,,,,,,,,,,,,,,,,,,,,,,,,,,,,,,,,
2021-12-28,0.11905783966377183,0.7794159858838304,0.09985185501637392,0.00022613662768918442,,,,,,,,,,,,,,,,,,,,,,,,,,,,,,,,,,,,,,,,,,,,,,,,,,,,,,,,,,,,,,,,,,,,,,,,,,0.0014408594324304374,,,,,,,,,,,,,,,,,,,,,,,,,,,,,,,,,,,,,,,,,,,
2021-12-29,0.1304975171367843,0.7501652987746449,0.11764670347238511,0.00027845369734304286,,,,,,,,,,,,,,,,,,,,,,,,,,,,,,,,,,,,,,,,,,,,,,,,,,,,,,,,,,,,,,,,,,,,,,,,,,0.0014022552724261923,,,,,,,,,,,,,,,,,,,,,,,,,,,,,,,,,,,,,,,,,,,
2021-12-30,0.1419371946097968,0.7209146116654594,0.1354415519283963,0.0003307707669969013,,,,,,,,,,,,,,,,,,,,,,,,,,,,,,,,,,,,,,,,,,,,,,,,,,,,,,,,,,,,,,,,,,,,,,,,,,0.0013636511124219472,,,,,,,,,,,,,,,,,,,,,,,,,,,,,,,,,,,,,,,,,,,
2021-12-31,0.15337687208280934,0.6916639245562739,0.1532364003844075,0.00038308783665075974,,,,,,,,,,,,,,,,,,,,,,,,,,,,,,,,,,,,,,,,,,,,,,,,,,,,,,,,,,,,,,,,,,,,,,,,,,0.001325046952417702,,,,,,,,,,,,,,,,,,,,,,,,,,,,,,,,,,,,,,,,,,,
2022-01-01,0.16481654955582184,0.6624132374470884,0.1710312488404187,0.0004354049063046182,,,,,,,,,,,,,,,,,,,,,,,,,,,,,,,,,,,,,,,,,,,,,,,,,,,,,,,,,,,,,,,,,,,,,,,,,,0.001286442792413457,,,,,,,,,,,,,,,,,,,,,,,,,,,,,,,,,,,,,,,,,,,
2022-01-02,0.17625622702883434,0.6331625503379029,0.18882609729642988,0.0004877219759584766,,,,,,,,,,,,,,,,,,,,,,,,,,,,,,,,,,,,,,,,,,,,,,,,,,,,,,,,,,,,,,,,,,,,,,,,,,0.0012478386324092116,,,,,,,,,,,,,,,,,,,,,,,,,,,,,,,,,,,,,,,,,,,
2022-01-03,0.18769590450184684,0.6039118632287174,0.20662094575244108,0.0005400390456123351,,,,,,,,,,,,,,,,,,,,,,,,,,,,,,,,,,,,,,,,,,,,,,,,,,,,,,,,,,,,,,,,,,,,,,,,,,0.0012092344724049667,,,,,,,,,,,,,,,,,,,,,,,,,,,,,,,,,,,,,,,,,,,
2022-01-04,0.19913558197485934,0.5746611761195319,0.22441579420845226,0.0005923561152661936,,,,,,,,,,,,,,,,,,,,,,,,,,,,,,,,,,,,,,,,,,,,,,,,,,,,,,,,,,,,,,,,,,,,,,,,,,0.0011706303124007214,,,,,,,,,,,,,,,,,,,,,,,,,,,,,,,,,,,,,,,,,,,
2022-01-05,0.21057525944787184,0.5454104890103464,0.24221064266446346,0.0006446731849200518,,,,,,,,,,,,,,,,,,,,,,,,,,,,,,,,,,,,,,,,,,,,,,,,,,,,,,,,,,,,,,,,,,,,,,,,,,0.0011320261523964763,,,,,,,,,,,,,,,,,,,,,,,,,,,,,,,,,,,,,,,,,,,
2022-01-06,0.22201493692088436,0.5161598019011608,0.26000549112047466,0.0006969902545739103,,,,,,,,,,,,,,,,,,,,,,,,,,,,,,,,,,,,,,,,,,,,,,,,,,,,,,,,,,,,,,,,,,,,,,,,,,0.0010934219923922311,,,,,,,,,,,,,,,,,,,,,,,,,,,,,,,,,,,,,,,,,,,
2022-01-07,0.23345461439389686,0.48690911479197535,0.27780033957648587,0.0007493073242277688,,,,,,,,,,,,,,,,,,,,,,,,,,,,,,,,,,,,,,,,,,,,,,,,,,,,,,,,,,,,,,,,,,,,,,,,,,0.001054817832387986,,,,,,,,,,,,,,,,,,,,,,,,,,,,,,,,,,,,,,,,,,,
2022-01-08,0.24489429186690936,0.45765842768278986,0.29559518803249707,0.0008016243938816273,,,,,,,,,,,,,,,,,,,,,,,,,,,,,,,,,,,,,,,,,,,,,,,,,,,,,,,,,,,,,,,,,,,,,,,,,,0.0010162136723837409,,,,,,,,,,,,,,,,,,,,,,,,,,,,,,,,,,,,,,,,,,,
2022-01-09,0.25633396933992186,0.4284077405736043,0.3133900364885082,0.0008539414635354856,,,,,,,,,,,,,,,,,,,,,,,,,,,,,,,,,,,,,,,,,,,,,,,,,,,,,,,,,,,,,,,,,,,,,,,,,,0.0009776095123794958,,,,,,,,,,,,,,,,,,,,,,,,,,,,,,,,,,,,,,,,,,,
2022-01-10,0.26777364681293436,0.3991570534644188,0.3311848849445194,0.0009062585331893441,,,,,,,,,,,,,,,,,,,,,,,,,,,,,,,,,,,,,,,,,,,,,,,,,,,,,,,,,,,,,,,,,,,,,,,,,,0.0009390053523752506,,,,,,,,,,,,,,,,,,,,,,,,,,,,,,,,,,,,,,,,,,,
2022-01-11,0.27921332428594686,0.36990636635523333,0.3489797334005306,0.0009585756028432026,,,,,,,,,,,,,,,,,,,,,,,,,,,,,,,,,,,,,,,,,,,,,,,,,,,,,,,,,,,,,,,,,,,,,,,,,,0.0009004011923710055,,,,,,,,,,,,,,,,,,,,,,,,,,,,,,,,,,,,,,,,,,,
2022-01-12,0.29065300175895936,0.3406556792460478,0.3667745818565418,0.001010892672497061,,,,,,,,,,,,,,,,,,,,,,,,,,,,,,,,,,,,,,,,,,,,,,,,,,,,,,,,,,,,,,,,,,,,,,,,,,0.0008617970323667604,,,,,,,,,,,,,,,,,,,,,,,,,,,,,,,,,,,,,,,,,,,
2022-01-13,0.30209267923197186,0.31140499213686235,0.384569430312553,0.0010632097421509194,,,,,,,,,,,,,,,,,,,,,,,,,,,,,,,,,,,,,,,,,,,,,,,,,,,,,,,,,,,,,,,,,,,,,,,,,,0.0008231928723625153,,,,,,,,,,,,,,,,,,,,,,,,,,,,,,,,,,,,,,,,,,,
2022-01-14,0.31353235670498436,0.2821543050276768,0.4023642787685642,0.0011155268118047778,,,,,,,,,,,,,,,,,,,,,,,,,,,,,,,,,,,,,,,,,,,,,,,,,,,,,,,,,,,,,,,,,,,,,,,,,,0.0007845887123582702,,,,,,,,,,,,,,,,,,,,,,,,,,,,,,,,,,,,,,,,,,,
2022-01-15,0.3249720341779969,0.25290361791849125,0.4201591272245754,0.0011678438814586363,,,,,,,,,,,,,,,,,,,,,,,,,,,,,,,,,,,,,,,,,,,,,,,,,,,,,,,,,,,,,,,,,,,,,,,,,,0.0007459845523540249,,,,,,,,,,,,,,,,,,,,,,,,,,,,,,,,,,,,,,,,,,,
2022-01-16,0.33641171165100936,0.22365293080930582,0.4379539756805866,0.0012201609511124946,,,,,,,,,,,,,,,,,,,,,,,,,,,,,,,,,,,,,,,,,,,,,,,,,,,,,,,,,,,,,,,,,,,,,,,,,,0.0007073803923497798,,,,,,,,,,,,,,,,,,,,,,,,,,,,,,,,,,,,,,,,,,,
2022-01-17,0.34785138912402186,0.19440224370012027,0.4557488241365978,0.0012724780207663531,,,,,,,,,,,,,,,,,,,,,,,,,,,,,,,,,,,,,,,,,,,,,,,,,,,,,,,,,,,,,,,,,,,,,,,,,,0.0006687762323455347,,,,,,,,,,,,,,,,,,,,,,,,,,,,,,,,,,,,,,,,,,,
2022-01-18,0.3592910665970344,0.16515155659093472,0.473543672592609,0.0013247950904202116,,,,,,,,,,,,,,,,,,,,,,,,,,,,,,,,,,,,,,,,,,,,,,,,,,,,,,,,,,,,,,,,,,,,,,,,,,0.0006301720723412896,,,,,,,,,,,,,,,,,,,,,,,,,,,,,,,,,,,,,,,,,,,
2022-01-19,0.3707307440700469,0.1359008694817493,0.49133852104862014,0.00137711216007407,,,,,,,,,,,,,,,,,,,,,,,,,,,,,,,,,,,,,,,,,,,,,,,,,,,,,,,,,,,,,,,,,,,,,,,,,,0.0005915679123370444,,,,,,,,,,,,,,,,,,,,,,,,,,,,,,,,,,,,,,,,,,,
2022-01-20,0.3821704215430594,0.10665018237256374,0.5091333695046314,0.0014294292297279286,,,,,,,,,,,,,,,,,,,,,,,,,,,,,,,,,,,,,,,,,,,,,,,,,,,,,,,,,,,,,,,,,,,,,,,,,,0.0005529637523327992,,,,,,,,,,,,,,,,,,,,,,,,,,,,,,,,,,,,,,,,,,,
2022-01-21,0.3936100990160719,0.07739949526337819,0.5269282179606425,0.0014817462993817869,,,,,,,,,,,,,,,,,,,,,,,,,,,,,,,,,,,,,,,,,,,,,,,,,,,,,,,,,,,,,,,,,,,,,,,,,,0.0005143595923285541,,,,,,,,,,,,,,,,,,,,,,,,,,,,,,,,,,,,,,,,,,,
2022-01-22,0.4050497764890844,0.048148808154192764,0.5447230664166537,0.0015340633690356454,,,,,,,,8.37474144645e-05,,,,,,,,,,,,,,,,,,,,,,,,,,,,,,,,,,,,,,,,,,,,,,,,,,,,,,,,,,,,,,,,,,0.00047575543232430907,,,,,,,,,,,,,,,,,,,,,,,,,,,,,,,,,,,,,,,,,,,
2022-01-23,0.39928113703023305,0.04655921166345421,0.5507440528312286,0.002881791539393389,,,,,,,,8.361495534115757e-05,,,,,,,,,,,,,,,,,,,,,,,,,,,,,,,,,,,,,,,,,,,,,,,,,,,,,,,,,,,,,,,,,,0.00046627420788235584,,,,,,,,,,,,,,,,,,,,,,,,,,,,,,,,,,,,,,,,,,,
2022-01-24,0.3935124975713816,0.044969615172715666,0.5567650392458036,0.004229519709751134,,,,,,,,8.348249621781515e-05,,,,,,,,,,,,,,,,,,,,,,,,,,,,,,,,,,,,,,,,,,,,,,,,,,,,,,,,,,,,,,,,,,0.0004567929834404026,,,,,,,,,,,,,,,,,,,,,,,,,,,,,,,,,,,,,,,,,,,
2022-01-25,0.38774385811253026,0.04338001868197711,0.5627860256603786,0.005577247880108878,,,,,,,,8.335003709447272e-05,,,,,,,,,,,,,,,,,,,,,,,,,,,,,,,,,,,,,,,,,,,,,,,,,,,,,,,,,,,,,,,,,,0.0004473117589984493,,,,,,,,,,,,,,,,,,,,,,,,,,,,,,,,,,,,,,,,,,,
2022-01-26,0.3819752186536789,0.04179042219123856,0.5688070120749535,0.0069249760504666216,,,,,,,,8.32175779711303e-05,,,,,,,,,,,,,,,,,,,,,,,,,,,,,,,,,,,,,,,,,,,,,,,,,,,,,,,,,,,,,,,,,,0.0004378305345564961,,,,,,,,,,,,,,,,,,,,,,,,,,,,,,,,,,,,,,,,,,,
2022-01-27,0.3762065791948275,0.040200825700500015,0.5748279984895285,0.008272704220824365,,,,,,,,8.308511884778787e-05,,,,,,,,,,,,,,,,,,,,,,,,,,,,,,,,,,,,,,,,,,,,,,,,,,,,,,,,,,,,,,,,,,0.00042834931011454284,,,,,,,,,,,,,,,,,,,,,,,,,,,,,,,,,,,,,,,,,,,
2022-01-28,0.3704379397359761,0.03861122920976146,0.5808489849041034,0.00962043239118211,,,,,,,,8.295265972444546e-05,,,,,,,,,,,,,,,,,,,,,,,,,,,,,,,,,,,,,,,,,,,,,,,,,,,,,,,,,,,,,,,,,,0.0004188680856725896,,,,,,,,,,,,,,,,,,,,,,,,,,,,,,,,,,,,,,,,,,,
2022-01-29,0.36466930027712474,0.03702163271902291,0.5868699713186785,0.010968160561539854,,,,,,,,8.282020060110303e-05,,,,,,,,,,,,,,,,,,,,,,,,,,,,,,,,,,,,,,,,,,,,,,,,,,,,,,,,,,,,,,,,,,0.00040938686123063637,,,,,,,,,,,,,,,,,,,,,,,,,,,,,,,,,,,,,,,,,,,
2022-01-30,0.3589006608182734,0.03543203622828436,0.5928909577332534,0.012315888731897599,,,,,,,,8.268774147776061e-05,,,,,,,,,,,,,,,,,,,,,,,,,,,,,,,,,,,,,,,,,,,,,,,,,,,,,,,,,,,,,,,,,,0.0003999056367886831,,,,,,,,,,,,,,,,,,,,,,,,,,,,,,,,,,,,,,,,,,,
2022-01-31,0.35313202135942195,0.033842439737545804,0.5989119441478283,0.013663616902255343,,,,,,,,8.255528235441818e-05,,,,,,,,,,,,,,,,,,,,,,,,,,,,,,,,,,,,,,,,,,,,,,,,,,,,,,,,,,,,,,,,,,0.00039042441234672984,,,,,,,,,,,,,,,,,,,,,,,,,,,,,,,,,,,,,,,,,,,
2022-02-01,0.3473633819005706,0.03225284324680726,0.6049329305624033,0.015011345072613085,,,,,,,,8.242282323107576e-05,,,,,,,,,,,,,,,,,,,,,,,,,,,,,,,,,,,,,,,,,,,,,,,,,,,,,,,,,,,,,,,,,,0.0003809431879047766,,,,,,,,,,,,,,,,,,,,,,,,,,,,,,,,,,,,,,,,,,,
2022-02-02,0.3415947424417192,0.030663246756068706,0.6109539169769782,0.01635907324297083,,,,,,,,8.229036410773333e-05,,,,,,,,,,,,,,,,,,,,,,,,,,,,,,,,,,,,,,,,,,,,,,,,,,,,,,,,,,,,,,,,,,0.0003714619634628233,,,,,,,,,,,,,,,,,,,,,,,,,,,,,,,,,,,,,,,,,,,
2022-02-03,0.33582610298286786,0.029073650265330157,0.6169749033915533,0.017706801413328574,,,,,,,,8.215790498439091e-05,,,,,,,,,,,,,,,,,,,,,,,,,,,,,,,,,,,,,,,,,,,,,,,,,,,,,,,,,,,,,,,,,,0.00036198073902087013,,,,,,,,,,,,,,,,,,,,,,,,,,,,,,,,,,,,,,,,,,,
2022-02-04,0.33005746352401644,0.027484053774591604,0.6229958898061282,0.01905452958368632,,,,,,,,8.202544586104848e-05,,,,,,,,,,,,,,,,,,,,,,,,,,,,,,,,,,,,,,,,,,,,,,,,,,,,,,,,,,,,,,,,,,0.00035249951457891684,,,,,,,,,,,,,,,,,,,,,,,,,,,,,,,,,,,,,,,,,,,
2022-02-05,0.32428882406516507,0.025894457283853055,0.6290168762207031,0.02040225775404406,,,,,,,,8.189298673770606e-05,,,,,,,,,,,,,,,,,,,,,,,,,,,,,,,,,,,,,,,,,,,,,,,,,,,,,,,,,,,,,,,,,,0.0003430182901369636,,,,,,,,,,,,,,,,,,,,,,,,,,,,,,,,,,,,,,,,,,,
2022-02-06,0.3185201846063137,0.024304860793114502,0.6350378626352781,0.021749985924401805,,,,,,,,8.176052761436363e-05,,,,,,,,,,,,,,,,,,,,,,,,,,,,,,,,,,,,,,,,,,,,,,,,,,,,,,,,,,,,,,,,,,0.0003335370656950104,,,,,,,,,,,,,,,,,,,,,,,,,,,,,,,,,,,,,,,,,,,
2022-02-07,0.3127515451474623,0.022715264302375953,0.641058849049853,0.02309771409475955,,,,,,,,8.162806849102122e-05,,,,,,,,,,,,,,,,,,,,,,,,,,,,,,,,,,,,,,,,,,,,,,,,,,,,,,,,,,,,,,,,,,0.0003240558412530571,,,,,,,,,,,,,,,,,,,,,,,,,,,,,,,,,,,,,,,,,,,
2022-02-08,0.3069829056886109,0.021125667811637404,0.647079835464428,0.024445442265117294,,,,,,,,8.149560936767879e-05,,,,,,,,,,,,,,,,,,,,,,,,,,,,,,,,,,,,,,,,,,,,,,,,,,,,,,,,,,,,,,,,,,0.0003145746168111039,,,,,,,,,,,,,,,,,,,,,,,,,,,,,,,,,,,,,,,,,,,
2022-02-09,0.30121426622975955,0.01953607132089885,0.653100821879003,0.02579317043547504,,,,,,,,8.136315024433637e-05,,,,,,,,,,,,,,,,,,,,,,,,,,,,,,,,,,,,,,,,,,,,,,,,,,,,,,,,,,,,,,,,,,0.0003050933923691506,,,,,,,,,,,,,,,,,,,,,,,,,,,,,,,,,,,,,,,,,,,
2022-02-10,0.29544562677090813,0.017946474830160302,0.6591218082935779,0.02714089860583278,,,,,,,,8.123069112099394e-05,,,,,,,,,,,,,,,,,,,,,,,,,,,,,,,,,,,,,,,,,,,,,,,,,,,,,,,,,,,,,,,,,,0.0002956121679271974,,,,,,,,,,,,,,,,,,,,,,,,,,,,,,,,,,,,,,,,,,,
2022-02-11,0.28967698731205677,0.016356878339421753,0.6651427947081529,0.028488626776190525,,,,,,,,8.109823199765152e-05,,,,,,,,,,,,,,,,,,,,,,,,,,,,,,,,,,,,,,,,,,,,,,,,,,,,,,,,,,,,,,,,,,0.00028613094348524414,,,,,,,,,,,,,,,,,,,,,,,,,,,,,,,,,,,,,,,,,,,
2022-02-12,0.2839083478532054,0.0147672818486832,0.6711637811227278,0.02983635494654827,,,,,,,,8.096577287430909e-05,,,,,,,,,,,,,,,,,,,,,,,,,,,,,,,,,,,,,,,,,,,,,,,,,,,,,,,,,,,,,,,,,,0.00027664971904329085,,,,,,,,,,,,,,,,,,,,,,,,,,,,,,,,,,,,,,,,,,,
2022-02-13,0.278139708394354,0.013177685357944648,0.6771847675373028,0.031184083116906014,,,,,,,,8.083331375096667e-05,,,,,,,,,,,,,,,,,,,,,,,,,,,,,,,,,,,,,,,,,,,,,,,,,,,,,,,,,,,,,,,,,,0.0002671684946013376,,,,,,,,,,,,,,,,,,,,,,,,,,,,,,,,,,,,,,,,,,,
2022-02-14,0.2723710689355026,0.011588088867206095,0.6832057539518778,0.03253181128726376,,,,,,,,8.070085462762424e-05,,,,,,,,,,,,,,,,,,,,,,,,,,,,,,,,,,,,,,,,,,,,,,,,,,,,,,,,,,,,,,,,,,0.0002576872701593844,,,,,,,,,,,,,,,,,,,,,,,,,,,,,,,,,,,,,,,,,,,
2022-02-15,0.26660242947665125,0.00999849237646755,0.6892267403664527,0.0338795394576215,,,,,,,,8.056839550428182e-05,,,,,,,,,,,,,,,,,,,,,,,,,,,,,,,,,,,,,,,,,,,,,,,,,,,,,,,,,,,,,,,,,,0.00024820604571743114,,,,,,,,,,,,,,,,,,,,,,,,,,,,,,,,,,,,,,,,,,,
2022-02-16,0.2608337900177998,0.008408895885728997,0.6952477267810276,0.035227267627979245,,,,,,,,8.043593638093939e-05,,,,,,,,,,,,,,,,,,,,,,,,,,,,,,,,,,,,,,,,,,,,,,,,,,,,,,,,,,,,,,,,,,0.00023872482127547788,,,,,,,,,,,,,,,,,,,,,,,,,,,,,,,,,,,,,,,,,,,
2022-02-17,0.2550651505589485,0.006819299394990444,0.7012687131956026,0.03657499579833699,,,,,,,,8.030347725759697e-05,,,,,,,,,,,,,,,,,,,,,,,,,,,,,,,,,,,,,,,,,,,,,,,,,,,,,,,,,,,,,,,,,,0.00022924359683352462,,,,,,,,,,,,,,,,,,,,,,,,,,,,,,,,,,,,,,,,,,,
2022-02-18,0.2492965111000971,0.005229702904251898,0.7072896996101776,0.037922723968694734,,,,,,,,8.017101813425454e-05,,,,,,,,,,,,,,,,,,,,,,,,,,,,,,,,,,,,,,,,,,,,,,,,,,,,,,,,,,,,,,,,,,0.00021976237239157138,,,,,,,,,,,,,,,,,,,,,,,,,,,,,,,,,,,,,,,,,,,
2022-02-19,0.2435278716412457,0.0036401064135133453,0.7133106860247526,0.039270452139052475,,,,,,,,8.003855901091213e-05,,,,,,,,,,,,,,,,,,,,,,,,,,,,,,,,,,,,,,,,,,,,,,,,,,,,,,,,,,,,,,,,,,0.00021028114794961817,,,,,,,,,,,,,,4.06106009904e-05,,,,,,,,,,,,,,,,,,,,,,,,,,,,,
2022-02-20,0.23848673273119828,0.0035458418329747526,0.7085267636296038,0.04900054804158288,,,,,,,,7.99060998875697e-05,,,,,,,,,,,,,,,,,,,,,,,,,,,,,,,,,,,,,,,,,,,,,,,,,,,,,,,,,,,,,,,,,,0.00021251816686742987,,,,,,,,,,,,,,4.527742639994727e-05,,,,,,,,,,,,,,,,,,,,,,,,,,,,,
2022-02-21,0.23344559382115088,0.00345157725243616,0.7037428412344549,0.05873064394411329,,,,,,,,7.977364076422728e-05,,,,,,,,,,,,,,,,,,,,,,,,,,,,,,,,,,,,,,,,,,,,,,,,,,,,,,,,,,,,,,,,,,0.00021475518578524156,,,,,,,,,,,,,,4.994425180949455e-05,,,,,,,,,,,,,,,,,,,,,,,,,,,,,
2022-02-22,0.22840445491110345,0.003357312671897568,0.698958918839306,0.06846073984664369,,,,,,,,7.964118164088485e-05,,,,,,,,,,,,,,,,,,,,,,,,,,,,,,,,,,,,,,,,,,,,,,,,,,,,,,,,,,,,,,,,,,0.00021699220470305325,,,,,,,,,,,,,,5.461107721904182e-05,,,,,,,,,,,,,,,,,,,,,,,,,,,,,
2022-02-23,0.22336331600105602,0.0032630480913589752,0.6941749964441573,0.0781908357491741,,,,,,,,7.950872251754243e-05,,,,,,,,,,,,,,,,,,,,,,,,,,,,,,,,,,,,,,,,,,,,,,,,,,,,,,,,,,,,,,,,,,0.00021922922362086495,,,,,,,,,,,,,,5.9277902628589096e-05,,,,,,,,,,,,,,,,,,,,,,,,,,,,,
2022-02-24,0.2183221770910086,0.0031687835108203826,0.6893910740490083,0.0879209316517045,,,,,,,,7.93762633942e-05,,,,,,,,,,,,,,,,,,,,,,,,,,,,,,,,,,,,,,,,,,,,,,,,,,,,,,,,,,,,,,,,,,0.0002214662425386766,,,,,,,,,,,,,,6.394472803813637e-05,,,,,,,,,,,,,,,,,,,,,,,,,,,,,
2022-02-25,0.2132810381809612,0.00307451893028179,0.6846071516538595,0.09765102755423491,,,,,,,,7.924380427085758e-05,,,,,,,,,,,,,,,,,,,,,,,,,,,,,,,,,,,,,,,,,,,,,,,,,,,,,,,,,,,,,,,,,,0.0002237032614564883,,,,,,,,,,,,,,6.861155344768364e-05,,,,,,,,,,,,,,,,,,,,,,,,,,,,,
2022-02-26,0.20823989927091377,0.002980254349743198,0.6798232292587107,0.10738112345676532,,,,,,,,7.911134514751515e-05,,,,,,,,,,,,,,,,,,,,,,,,,,,,,,,,,,,,,,,,,,,,,,,,,,,,,,,,,,,,,,,,,,0.0002259402803743,,,,,,,,,,,,,,7.32783788572309e-05,,,,,,,,,,,,,,,,,,,,,,,,,,,,,
2022-02-27,0.20319876036086634,0.0028859897692046052,0.6750393068635618,0.11711121935929572,,,,,,,,7.897888602417273e-05,,,,,,,,,,,,,,,,,,,,,,,,,,,,,,,,,,,,,,,,,,,,,,,,,,,,,,,,,,,,,,,,,,0.0002281772992921117,,,,,,,,,,,,,,7.794520426677819e-05,,,,,,,,,,,,,,,,,,,,,,,,,,,,,
2022-02-28,0.19815762145081894,0.0027917251886660126,0.670255384468413,0.12684131526182613,,,,,,,,7.88464269008303e-05,,,,,,,,,,,,,,,,,,,,,,,,,,,,,,,,,,,,,,,,,,,,,,,,,,,,,,,,,,,,,,,,,,0.00023041431820992338,,,,,,,,,,,,,,8.261202967632544e-05,,,,,,,,,,,,,,,,,,,,,,,,,,,,,
2022-03-01,0.19311648254077152,0.00269746060812742,0.6654714620732642,0.13657141116435653,,,,,,,,7.871396777748789e-05,,,,,,,,,,,,,,,,,,,,,,,,,,,,,,,,,,,,,,,,,,,,,,,,,,,,,,,,,,,,,,,,,,0.00023265133712773508,,,,,,,,,,,,,,8.727885508587273e-05,,,,,,,,,,,,,,,,,,,,,,,,,,,,,
2022-03-02,0.1880753436307241,0.0026031960275888274,0.6606875396781153,0.14630150706688694,,,,,,,,7.858150865414545e-05,,,,,,,,,,,,,,,,,,,,,,,,,,,,,,,,,,,,,,,,,,,,,,,,,,,,,,,,,,,,,,,,,,0.00023488835604554677,,,,,,,,,,,,,,9.194568049542e-05,,,,,,,,,,,,,,,,,,,,,,,,,,,,,
2022-03-03,0.18303420472067666,0.002508931447050235,0.6559036172829665,0.15603160296941734,,,,,,,,7.844904953080304e-05,,,,,,,,,,,,,,,,,,,,,,,,,,,,,,,,,,,,,,,,,,,,,,,,,,,,,,,,,,,,,,,,,,0.00023712537496335846,,,,,,,,,,,,,,9.661250590496727e-05,,,,,,,,,,,,,,,,,,,,,,,,,,,,,
2022-03-04,0.17799306581062924,0.0024146668665116426,0.6511196948878177,0.16576169887194775,,,,,,,,7.83165904074606e-05,,,,,,,,,,,,,,,,,,,,,,,,,,,,,,,,,,,,,,,,,,,,,,,,,,,,,,,,,,,,,,,,,,0.00023936239388117016,,,,,,,,,,,,,,0.00010127933131451455,,,,,,,,,,,,,,,,,,,,,,,,,,,,,
2022-03-05,0.17295192690058184,0.00232040228597305,0.6463357724926688,0.17549179477447815,,,,,,,,7.818413128411817e-05,,,,,,,,,,,,,,,,,,,,,,,,,,,,,,,,,,,,,,,,,,,,,,,,,,,,,,,,,,,,,,,,,,0.00024159941279898185,,,,,,,,,,,,,,0.00010594615672406182,,,,,,,,,,,,,,,,,,,,,,,,,,,,,
2022-03-06,0.1679107879905344,0.002226137705434458,0.64155185009752,0.18522189067700856,,,,,,,,7.805167216077576e-05,,,,,,,,,,,,,,,,,,,,,,,,,,,,,,,,,,,,,,,,,,,,,,,,,,,,,,,,,,,,,,,,,,0.00024383643171679351,,,,,,,,,,,,,,0.00011061298213360909,,,,,,,,,,,,,,,,,,,,,,,,,,,,,
2022-03-07,0.162869649080487,0.0021318731248958648,0.6367679277023712,0.19495198657953897,,,,,,,,7.791921303743334e-05,,,,,,,,,,,,,,,,,,,,,,,,,,,,,,,,,,,,,,,,,,,,,,,,,,,,,,,,,,,,,,,,,,0.00024607345063460523,,,,,,,,,,,,,,0.00011527980754315636,,,,,,,,,,,,,,,,,,,,,,,,,,,,,
2022-03-08,0.15782851017043958,0.0020376085443572726,0.6319840053072223,0.20468208248206937,,,,,,,,7.778675391409091e-05,,,,,,,,,,,,,,,,,,,,,,,,,,,,,,,,,,,,,,,,,,,,,,,,,,,,,,,,,,,,,,,,,,0.0002483104695524169,,,,,,,,,,,,,,0.00011994663295270363,,,,,,,,,,,,,,,,,,,,,,,,,,,,,
2022-03-09,0.15278737126039216,0.00194334396381868,0.6272000829120735,0.21441217838459978,,,,,,,,7.765429479074848e-05,,,,,,,,,,,,,,,,,,,,,,,,,,,,,,,,,,,,,,,,,,,,,,,,,,,,,,,,,,,,,,,,,,0.0002505474884702286,,,,,,,,,,,,,,0.0001246134583622509,,,,,,,,,,,,,,,,,,,,,,,,,,,,,
2022-03-10,0.14774623235034473,0.0018490793832800874,0.6224161605169247,0.22414227428713018,,,,,,,,7.752183566740606e-05,,,,,,,,,,,,,,,,,,,,,,,,,,,,,,,,,,,,,,,,,,,,,,,,,,,,,,,,,,,,,,,,,,0.00025278450738804026,,,,,,,,,,,,,,0.00012928028377179817,,,,,,,,,,,,,,,,,,,,,,,,,,,,,
2022-03-11,0.1427050934402973,0.001754814802741495,0.6176322381217759,0.2338723701896606,,,,,,,,7.738937654406363e-05,,,,,,,,,,,,,,,,,,,,,,,,,,,,,,,,,,,,,,,,,,,,,,,,,,,,,,,,,,,,,,,,,,0.00025502152630585195,,,,,,,,,,,,,,0.00013394710918134545,,,,,,,,,,,,,,,,,,,,,,,,,,,,,
2022-03-12,0.1376639545302499,0.0016605502222029026,0.612848315726627,0.243602466092191,,,,,,,,7.725691742072121e-05,,,,,,,,,,,,,,,,,,,,,,,,,,,,,,,,,,,,,,,,,,,,,,,,,,,,,,,,,,,,,,,,,,0.00025725854522366364,,,,,,,,,,,,,,0.00013861393459089274,,,,,,,,,,,,,,,,,,,,,,,,,,,,,
2022-03-13,0.13262281562020248,0.00156628564166431,0.6080643933314782,0.25333256199472143,,,,,,,,7.712445829737878e-05,,,,,,,,,,,,,,,,,,,,,,,,,,,,,,,,,,,,,,,,,,,,,,,,,,,,,,,,,,,,,,,,,,0.00025949556414147534,,,,,,,,,,,,,,0.00014328076000044,,,,,,,,,,,,,,,,,,,,,,,,,,,,,
2022-03-14,0.12758167671015508,0.0014720210611257173,0.6032804709363294,0.2630626578972518,,,,,,,,7.699199917403636e-05,,,,,,,,,,,,,,,,,,,,,,,,,,,,,,,,,,,,,,,,,,,,,,,,,,,,,,,,,,,,,,,,,,0.00026173258305928703,,,,,,,,,,,,,,0.00014794758540998725,,,,,,,,,,,,,,,,,,,,,,,,,,,,,
2022-03-15,0.12254053780010765,0.0013777564805871247,0.5984965485411805,0.2727927537997822,,,,,,,,7.685954005069393e-05,,,,,,,,,,,,,,,,,,,,,,,,,,,,,,,,,,,,,,,,,,,,,,,,,,,,,,,,,,,,,,,,,,0.0002639696019770987,,,,,,,,,,,,,,0.00015261441081953453,,,,,,,,,,,,,,,,,,,,,,,,,,,,,
2022-03-16,0.11749939889006022,0.0012834919000485321,0.5937126261460317,0.2825228497023126,,,,,,,,7.672708092735152e-05,,,,,,,,,,,,,,,,,,,,,,,,,,,,,,,,,,,,,,,,,,,,,,,,,,,,,,,,,,,,,,,,,,0.0002662066208949104,,,,,,,,,,,,,,0.00015728123622908182,,,,,,,,,,,,,,,,,,,,,,,,,,,,,
2022-03-17,0.1124582599800128,0.00118922731950994,0.5889287037508829,0.29225294560484305,,,,,,,,7.659462180400909e-05,,,,,,,,,,,,,,,,,,,,,,,,,,,,,,,,,,,,,,,,,,,,,,,,,,,,,,,,,,,,,,,,,,0.0002684436398127221,,,,,,,,,,,,,,0.00016194806163862907,,,,,,,,,,,,,,,,,,,,,,,,,,,,,
2022-03-18,0.1074171210699654,0.0010949627389713473,0.584144781355734,0.30198304150737343,,,,,,,,7.646216268066667e-05,,,,,,,,,,,,,,,,,,,,,,,,,,,,,,,,,,,,,,,,,,,,,,,,,,,,,,,,,,,,,,,,,,0.0002706806587305338,,,,,,,,,,,,,,0.00016661488704817635,,,,,,,,,,,,,,,,,,,,,,,,,,,,,
2022-03-19,0.10237598215991796,0.0010006981584327545,0.5793608589605852,0.3117131374099038,0.005276408427479536,,,,,,,7.632970355732424e-05,,,,,,,,,,,,,,,,,,,,,,,,,,,,,,,,,,,,,,,,,,,,,,,,,,,,,,,,,,,,,,,,,,0.0002729176776483455,,,,,,,,,,,,,,0.00017128171245772364,,,,,,,,,,,,,,,,,,,,,,,,,,,,,
2022-03-20,0.09914929436689068,0.0010676901084869257,0.5635564428838817,0.3256823451488049,0.01016482194831178,,,,,,,7.619724443398182e-05,,,,,,,,,,,,,,,,,,,,,,,,,,,,,,,,,,,,,,,,,,,,,,,,,,,,,,,,,,,,,,,,,,0.00036643975219300133,,,,,,,,,,,,,,0.0001759485378672709,,,,,,,,,,,,,,,,,,,,,,,,,,,,,
2022-03-21,0.09592260657386341,0.0011346820585410966,0.5477520268071782,0.33965155288770604,0.015053235469144026,,,,,,,7.606478531063939e-05,,,,,,,,,,,,,,,,,,,,,,,,,,,,,,,,,,,,,,,,,,,,,,,,,,,,,,,,,,,,,,,,,,0.0004599618267376572,,,,,,,,,,,,,,0.00018061536327681818,,,,,,,,,,,,,,,,,,,,,,,,,,,,,
2022-03-22,0.09269591878083615,0.0012016740085952677,0.5319476107304747,0.35362076062660713,0.01994164898997627,,,,,,,7.593232618729697e-05,,,,,,,,,,,,,,,,,,,,,,,,,,,,,,,,,,,,,,,,,,,,,,,,,,,,,,,,,,,,,,,,,,0.0005534839012823131,,,,,,,,,,,,,,0.00018528218868636543,,,,,,,,,,,,,,,,,,,,,,,,,,,,,
2022-03-23,0.08946923098780887,0.001268665958649439,0.5161431946537711,0.3675899683655083,0.024830062510808514,,,,,,,7.579986706395454e-05,,,,,,,,,,,,,,,,,,,,,,,,,,,,,,,,,,,,,,,,,,,,,,,,,,,,,,,,,,,,,,,,,,0.0006470059758269689,,,,,,,,,,,,,,0.00018994901409591272,,,,,,,,,,,,,,,,,,,,,,,,,,,,,
2022-03-24,0.0862425431947816,0.00133565790870361,0.5003387785770677,0.38155917610440937,0.02971847603164076,,,,,,,7.566740794061212e-05,,,,,,,,,,,,,,,,,,,,,,,,,,,,,,,,,,,,,,,,,,,,,,,,,,,,,,,,,,,,,,,,,,0.0007405280503716247,,,,,,,,,,,,,,0.00019461583950546,,,,,,,,,,,,,,,,,,,,,,,,,,,,,
2022-03-25,0.08301585540175432,0.0014026498587577812,0.48453436250036414,0.39552838384331046,0.03460688955247301,,,,,,,7.553494881726969e-05,,,,,,,,,,,,,,,,,,,,,,,,,,,,,,,,,,,,,,,,,,,,,,,,,,,,,,,,,,,,,,,,,,0.0008340501249162807,,,,,,,,,,,,,,0.00019928266491500726,,,,,,,,,,,,,,,,,,,,,,,,,,,,,
2022-03-26,0.07978916760872706,0.0014696418088119521,0.4687299464236606,0.4094975915822116,0.039495303073305246,,,,,,,7.540248969392727e-05,,,,,,,,,,,,,,,,,,,,,,,,,,,,,,,,,,,,,,,,,,,,,,,,,,,,,,,,,,,,,,,,,,0.0009275721994609365,,,,,,,,,,,,,,0.00020394949032455454,,,,,,,,,,,,,,,,,,,,,,,,,,,,,
2022-03-27,0.07656247981569979,0.0015366337588661233,0.45292553034695715,0.42346679932111275,0.04438371659413749,,,,,,,7.527003057058484e-05,,,,,,,,,,,,,,,,,,,,,,,,,,,,,,,,,,,,,,,,,,,,,,,,,,,,,,,,,,,,,,,,,,0.0010210942740055923,,,,,,,,,,,,,,0.0002086163157341018,,,,,,,,,,,,,,,,,,,,,,,,,,,,,
2022-03-28,0.07333579202267251,0.0016036257089202944,0.4371211142702536,0.43743600706001384,0.04927213011496974,,,,,,,7.513757144724243e-05,,,,,,,,,,,,,,,,,,,,,,,,,,,,,,,,,,,,,,,,,,,,,,,,,,,,,,,,,,,,,,,,,,0.0011146163485502483,,,,,,,,,,,,,,0.00021328314114364908,,,,,,,,,,,,,,,,,,,,,,,,,,,,,
2022-03-29,0.07010910422964524,0.0016706176589744654,0.4213166981935501,0.45140521479891493,0.054160543635801986,,,,,,,7.50051123239e-05,,,,,,,,,,,,,,,,,,,,,,,,,,,,,,,,,,,,,,,,,,,,,,,,,,,,,,,,,,,,,,,,,,0.001208138423094904,,,,,,,,,,,,,,0.00021794996655319636,,,,,,,,,,,,,,,,,,,,,,,,,,,,,
2022-03-30,0.06688241643661796,0.0017376096090286365,0.4055122821168466,0.4653744225378161,0.059048957156634226,,,,,,,7.487265320055758e-05,,,,,,,,,,,,,,,,,,,,,,,,,,,,,,,,,,,,,,,,,,,,,,,,,,,,,,,,,,,,,,,,,,0.0013016604976395598,,,,,,,,,,,,,,0.00022261679196274362,,,,,,,,,,,,,,,,,,,,,,,,,,,,,
2022-03-31,0.0636557286435907,0.0018046015590828077,0.38970786604014307,0.47934363027671717,0.06393737067746648,,,,,,,7.474019407721515e-05,,,,,,,,,,,,,,,,,,,,,,,,,,,,,,,,,,,,,,,,,,,,,,,,,,,,,,,,,,,,,,,,,,0.0013951825721842158,,,,,,,,,,,,,,0.0002272836173722909,,,,,,,,,,,,,,,,,,,,,,,,,,,,,
2022-04-01,0.06042904085056343,0.0018715935091369788,0.3739034499634396,0.4933128380156183,0.06882578419829871,,,,,,,7.460773495387273e-05,,,,,,,,,,,,,,,,,,,,,,,,,,,,,,,,,,,,,,,,,,,,,,,,,,,,,,,,,,,,,,,,,,0.0014887046467288716,,,,,,,,,,,,,,0.00023195044278183816,,,,,,,,,,,,,,,,,,,,,,,,,,,,,
2022-04-02,0.057202353057536154,0.00193858545919115,0.35809903388673603,0.5072820457545194,0.07371419771913096,,,,,,,7.44752758305303e-05,,,,,,,,,,,,,,,,,,,,,,,,,,,,,,,,,,,,,,,,,,,,,,,,,,,,,,,,,,,,,,,,,,0.0015822267212735274,,,,,,,,,,,,,,0.00023661726819138544,,,,,,,,,,,,,,,,,,,,,,,,,,,,,
2022-04-03,0.053975665264508886,0.002005577409245321,0.34229461781003256,0.5212512534934205,0.0786026112399632,,,,,,,7.434281670718788e-05,,,,,,,,,,,,,,,,,,,,,,,,,,,,,,,,,,,,,,,,,,,,,,,,,,,,,,,,,,,,,,,,,,0.0016757487958181834,,,,,,,,,,,,,,0.00024128409360093273,,,,,,,,,,,,,,,,,,,,,,,,,,,,,
2022-04-04,0.05074897747148161,0.002072569359299492,0.32649020173332904,0.5352204612323217,0.08349102476079545,,,,,,,7.421035758384545e-05,,,,,,,,,,,,,,,,,,,,,,,,,,,,,,,,,,,,,,,,,,,,,,,,,,,,,,,,,,,,,,,,,,0.0017692708703628392,,,,,,,,,,,,,,0.00024595091901048,,,,,,,,,,,,,,,,,,,,,,,,,,,,,
2022-04-05,0.04752228967845434,0.0021395613093536632,0.3106857856566255,0.5491896689712228,0.0883794382816277,,,,,,,7.407789846050303e-05,,,,,,,,,,,,,,,,,,,,,,,,,,,,,,,,,,,,,,,,,,,,,,,,,,,,,,,,,,,,,,,,,,0.001862792944907495,,,,,,,,,,,,,,0.00025061774442002727,,,,,,,,,,,,,,,,,,,,,,,,,,,,,
2022-04-06,0.04429560188542707,0.0022065532594078346,0.294881369579922,0.5631588767101239,0.09326785180245994,,,,,,,7.39454393371606e-05,,,,,,,,,,,,,,,,,,,,,,,,,,,,,,,,,,,,,,,,,,,,,,,,,,,,,,,,,,,,,,,,,,0.001956315019452151,,,,,,,,,,,,,,0.0002552845698295745,,,,,,,,,,,,,,,,,,,,,,,,,,,,,
2022-04-07,0.041068914092399794,0.002273545209462005,0.27907695350321854,0.577128084449025,0.09815626532329219,,,,,,,7.381298021381819e-05,,,,,,,,,,,,,,,,,,,,,,,,,,,,,,,,,,,,,,,,,,,,,,,,,,,,,,,,,,,,,,,,,,0.0020498370939968065,,,,,,,,,,,,,,0.00025995139523912183,,,,,,,,,,,,,,,,,,,,,,,,,,,,,
2022-04-08,0.03784222629937252,0.0023405371595161765,0.263272537426515,0.5910972921879261,0.10304467884412444,,,,,,,7.368052109047575e-05,,,,,,,,,,,,,,,,,,,,,,,,,,,,,,,,,,,,,,,,,,,,,,,,,,,,,,,,,,,,,,,,,,0.0021433591685414625,,,,,,,,,,,,,,0.00026461822064866903,,,,,,,,,,,,,,,,,,,,,,,,,,,,,
2022-04-09,0.03461553850634526,0.002407529109570348,0.2474681213498115,0.6050664999268272,0.10793309236495667,,,,,,,7.354806196713334e-05,,,,,,,,,,,,,,,,,,,,,,,,,,,,,,,,,,,,,,,,,,,,,,,,,,,,,,,,,,,,,,,,,,0.0022368812430861185,,,,,,,,,,,,,,0.00026928504605821634,,,,,,,,,,,,,,,,,,,,,,,,,,,,,
2022-04-10,0.031388850713317984,0.0024745210596245184,0.23166370527310798,0.6190357076657284,0.11282150588578892,,,,,,,7.34156028437909e-05,,,,,,,,,,,,,,,,,,,,,,,,,,,,,,,,,,,,,,,,,,,,,,,,,,,,,,,,,,,,,,,,,,0.002330403317630774,,,,,,,,,,,,,,0.00027395187146776365,,,,,,,,,,,,,,,,,,,,,,,,,,,,,
2022-04-11,0.02816216292029071,0.0025415130096786897,0.21585928919640446,0.6330049154046294,0.11770991940662116,,,,,,,7.328314372044849e-05,,,,,,,,,,,,,,,,,,,,,,,,,,,,,,,,,,,,,,,,,,,,,,,,,,,,,,,,,,,,,,,,,,0.00242392539217543,,,,,,,,,,,,,,0.00027861869687731086,,,,,,,,,,,,,,,,,,,,,,,,,,,,,
2022-04-12,0.024935475127263435,0.002608504959732861,0.20005487311970094,0.6469741231435305,0.12259833292745341,,,,,,,7.315068459710606e-05,,,,,,,,,,,,,,,,,,,,,,,,,,,,,,,,,,,,,,,,,,,,,,,,,,,,,,,,,,,,,,,,,,0.002517447466720086,,,,,,,,,,,,,,0.00028328552228685817,,,,,,,,,,,,,,,,,,,,,,,,,,,,,
2022-04-13,0.02170878733423616,0.002675496909787032,0.18425045704299747,0.6609433308824317,0.12748674644828567,,,,,,,7.301822547376363e-05,,,,,,,,,,,,,,,,,,,,,,,,,,,,,,,,,,,,,,,,,,,,,,,,,,,,,,,,,,,,,,,,,,0.0026109695412647417,,,,,,,,,,,,,,0.0002879523476964055,,,,,,,,,,,,,,,,,,,,,,,,,,,,,
2022-04-14,0.0184820995412089,0.002742488859841203,0.16844604096629395,0.6749125386213328,0.1323751599691179,,,,,,,7.288576635042121e-05,,,,,,,,,,,,,,,,,,,,,,,,,,,,,,,,,,,,,,,,,,,,,,,,,,,,,,,,,,,,,,,,,,0.0027044916158093977,,,,,,,,,,,,,,0.0002926191731059527,,,,,,,,,,,,,,,,,,,,,,,,,,,,,
2022-04-15,0.015255411748181624,0.0028094808098953743,0.15264162488959043,0.6888817463602339,0.13726357348995014,,,,,,,7.275330722707879e-05,,,,,,,,,,,,,,,,,,,,,,,,,,,,,,,,,,,,,,,,,,,,,,,,,,,,,,,,,,,,,,,,,,0.0027980136903540537,,,,,,,,,,,,,,0.0002972859985155,,,,,,,,,,,,,,,,,,,,,,,,,,,,,
2022-04-16,0.012028723955154353,0.0028764727599495453,0.13683720881288697,0.702850954099135,0.14215198701078238,,,,,0.0002904833924151909,,7.262084810373636e-05,,,,,,,,,,,,,,,,,,,,,,,,,,,,,,,,,,,,,,,,,,,,,,,,,,,,,,,,,,,,,,,,,,0.0028915357648987092,,,,,,,,,,,,,,0.0003019528239250473,,,,,,,,,,,,,,,,,,,,,,,,,,,,,
2022-04-17,0.011649596989048917,0.00278291497037476,0.13242755444756668,0.696541631183067,0.15315804765983057,,,,,0.00043151345697013145,,0.00014440137528684026,,,,,,,,,,,,,,,,,,,,,,,,,,,,,,,,,,,,,,,,,,,,,,,,,,,,,,,,,,,,,,,,,,0.0028643271584946153,,,,,,,,,,,,,,0.0003066196493345945,,,,,,,,,,,,,,,,,,,,,,,,,,,,,
2022-04-18,0.011270470022943482,0.002689357180799975,0.1280179000822464,0.6902323082669989,0.1641641083088788,,,,,0.000572543521525072,,0.00021618190246994418,,,,,,,,,,,,,,,,,,,,,,,,,,,,,,,,,,,,,,,,,,,,,,,,,,,,,,,,,,,,,,,,,,0.002837118552090521,,,,,,,,,,,,,,0.0003112864747441418,,,,,,,,,,,,,,,,,,,,,,,,,,,,,
2022-04-19,0.010891343056838046,0.00259579939122519,0.12360824571692611,0.6839229853509309,0.17517016895792697,,,,,0.0007135735860800125,,0.00028796242965304806,,,,,,,,,,,,,,,,,,,,,,,,,,,,,,,,,,,,,,,,,,,,,,,,,,,,,,,,,,,,,,,,,,0.002809909945686427,,,,,,,,,,,,,,0.0003159533001536891,,,,,,,,,,,,,,,,,,,,,,,,,,,,,
2022-04-20,0.01051221609073261,0.002502241601650405,0.11919859135160582,0.6776136624348629,0.1861762296069752,,,,,0.0008546036506349533,,0.00035974295683615195,,,,,,,,,,,,,,,,,,,,,,,,,,,,,,,,,,,,,,,,,,,,,,,,,,,,,,,,,,,,,,,,,,0.0027827013392823325,,,,,,,,,,,,,,0.0003206201255632363,,,,,,,,,,,,,,,,,,,,,,,,,,,,,
2022-04-21,0.010133089124627175,0.00240868381207562,0.11478893698628553,0.6713043395187948,0.19718229025602338,,,,,0.0009956337151898937,,0.00043152348401925584,,,,,,,,,,,,,,,,,,,,,,,,,,,,,,,,,,,,,,,,,,,,,,,,,,,,,,,,,,,,,,,,,,0.0027554927328782386,,,,,,,,,,,,,,0.00032528695097278364,,,,,,,,,,,,,,,,,,,,,,,,,,,,,
2022-04-22,0.009753962158521739,0.002315126022500835,0.11037928262096523,0.6649950166027268,0.2081883509050716,,,,,0.0011366637797448342,,0.0005033040112023598,,,,,,,,,,,,,,,,,,,,,,,,,,,,,,,,,,,,,,,,,,,,,,,,,,,,,,,,,,,,,,,,,,0.002728284126474144,,,,,,,,,,,,,,0.00032995377638233084,,,,,,,,,,,,,,,,,,,,,,,,,,,,,
2022-04-23,0.009374835192416303,0.00222156823292605,0.10596962825564495,0.6586856936866587,0.21919441155411978,,,,,0.001277693844299775,,0.0005750845383854636,,,,,,,,,,,,,,,,,,,,,,,,,,,,,,,,,,,,,,,,,,,,,,,,,,,,,,,,,,,,,,,,,,0.0027010755200700502,,,,,,,,,,,,,,0.00033462060179187815,,,,,,,,,,,,,,,,,,,,,,,,,,,,,
2022-04-24,0.008995708226310867,0.002128010443351265,0.10155997389032466,0.6523763707705906,0.23020047220316797,,,,,0.0014187239088547154,,0.0006468650655685676,,,,,,,,,,,,,,,,,,,,,,,,,,,,,,,,,,,,,,,,,,,,,,,,,,,,,,,,,,,,,,,,,,0.002673866913665956,,,,,,,,,,,,,,0.00033928742720142546,,,,,,,,,,,,,,,,,,,,,,,,,,,,,
2022-04-25,0.008616581260205432,0.00203445265377648,0.09715031952500437,0.6460670478545226,0.2412065328522162,,,,,0.001559753973409656,,0.0007186455927516715,,,,,,,,,,,,,,,,,,,,,,,,,,,,,,,,,,,,,,,,,,,,,,,,,,,,,,,,,,,,,,,,,,0.002646658307261862,,,,,,,,,,,,,,0.00034395425261097266,,,,,,,,,,,,,,,,,,,,,,,,,,,,,
2022-04-26,0.008237454294099996,0.0019408948642016947,0.09274066515968409,0.6397577249384546,0.2522125935012644,,,,,0.0017007840379645966,,0.0007904261199347753,,,,,,,,,,,,,,,,,,,,,,,,,,,,,,,,,,,,,,,,,,,,,,,,,,,,,,,,,,,,,,,,,,0.0026194497008577675,,,,,,,,,,,,,,0.00034862107802051997,,,,,,,,,,,,,,,,,,,,,,,,,,,,,
2022-04-27,0.00785832732799456,0.0018473370746269096,0.08833101079436378,0.6334484020223865,0.2632186541503126,,,,,0.0018418141025195371,,0.0008622066471178793,,,,,,,,,,,,,,,,,,,,,,,,,,,,,,,,,,,,,,,,,,,,,,,,,,,,,,,,,,,,,,,,,,0.0025922410944536735,,,,,,,,,,,,,,0.0003532879034300673,,,,,,,,,,,,,,,,,,,,,,,,,,,,,
2022-04-28,0.0074792003618891255,0.0017537792850521247,0.0839213564290435,0.6271390791063185,0.2742247147993608,,,,,0.0019828441670744776,,0.0009339871743009832,,,,,,,,,,,,,,,,,,,,,,,,,,,,,,,,,,,,,,,,,,,,,,,,,,,,,,,,,,,,,,,,,,0.002565032488049579,,,,,,,,,,,,,,0.0003579547288396145,,,,,,,,,,,,,,,,,,,,,,,,,,,,,
2022-04-29,0.00710007339578369,0.0016602214954773396,0.07951170206372321,0.6208297561902505,0.285230775448409,,,,,0.0021238742316294183,,0.001005767701484087,,,,,,,,,,,,,,,,,,,,,,,,,,,,,,,,,,,,,,,,,,,,,,,,,,,,,,,,,,,,,,,,,,0.002537823881645485,,,,,,,,,,,,,,0.0003626215542491618,,,,,,,,,,,,,,,,,,,,,,,,,,,,,
2022-04-30,0.006720946429678254,0.0015666637059025545,0.07510204769840292,0.6145204332741825,0.2962368360974572,,,,,0.002264904296184359,,0.0010775482286671909,,,,,,,,,,,,,,,,,,,,,,,,,,,,,,,,,,,,,,,,,,,,,,,,,,,,,,,,,,,,,,,,,,0.002510615275241391,,,,,,,,,,,,,,0.0003672883796587091,,,,,,,,,,,,,,,,,,,,,,,,,,,,,
2022-05-01,0.006341819463572818,0.0014731059163277695,0.07069239333308264,0.6082111103581144,0.3072428967465054,,,,,0.0024059343607392993,,0.001149328755850295,,,,,,,,,,,,,,,,,,,,,,,,,,,,,,,,,,,,,,,,,,,,,,,,,,,,,,,,,,,,,,,,,,0.002483406668837297,,,,,,,,,,,,,,0.0003719552050682563,,,,,,,,,,,,,,,,,,,,,,,,,,,,,
2022-05-02,0.005962692497467383,0.0013795481267529844,0.06628273896776235,0.6019017874420464,0.3182489573955536,,,,,0.00254696442529424,,0.0012211092830333988,,,,,,,,,,,,,,,,,,,,,,,,,,,,,,,,,,,,,,,,,,,,,,,,,,,,,,,,,,,,,,,,,,0.002456198062433203,,,,,,,,,,,,,,0.0003766220304778036,,,,,,,,,,,,,,,,,,,,,,,,,,,,,
2022-05-03,0.005583565531361947,0.0012859903371781993,0.06187308460244206,0.5955924645259782,0.3292550180446018,,,,,0.0026879944898491807,,0.0012928898102165026,,,,,,,,,,,,,,,,,,,,,,,,,,,,,,,,,,,,,,,,,,,,,,,,,,,,,,,,,,,,,,,,,,0.0024289894560291085,,,,,,,,,,,,,,0.00038128885588735093,,,,,,,,,,,,,,,,,,,,,,,,,,,,,
2022-05-04,0.005204438565256511,0.0011924325476034142,0.057463430237121776,0.5892831416099102,0.34026107869364997,,,,,0.002829024554404121,,0.0013646703373996066,,,,,,,,,,,,,,,,,,,,,,,,,,,,,,,,,,,,,,,,,,,,,,,,,,,,,,,,,,,,,,,,,,0.0024017808496250145,,,,,,,,,,,,,,0.00038595568129689813,,,,,,,,,,,,,,,,,,,,,,,,,,,,,
2022-05-05,0.004825311599151076,0.0010988747580286291,0.05305377587180149,0.5829738186938422,0.35126713934269815,,,,,0.0029700546189590617,,0.0014364508645827105,,,,,,,,,,,,,,,,,,,,,,,,,,,,,,,,,,,,,,,,,,,,,,,,,,,,,,,,,,,,,,,,,,0.00237457224322092,,,,,,,,,,,,,,0.00039062250670644544,,,,,,,,,,,,,,,,,,,,,,,,,,,,,
2022-05-06,0.00444618463304564,0.001005316968453844,0.0486441215064812,0.5766644957777742,0.3622731999917464,,,,,0.0031110846835140024,,0.0015082313917658143,,,,,,,,,,,,,,,,,,,,,,,,,,,,,,,,,,,,,,,,,,,,,,,,,,,,,,,,,,,,,,,,,,0.002347363636816826,,,,,,,,,,,,,,0.00039528933211599275,,,,,,,,,,,,,,,,,,,,,,,,,,,,,
2022-05-07,0.004067057666940205,0.000911759178879059,0.0442344671411609,0.5703551728617061,0.3732792606407946,,,,,0.0032521147480689427,,0.0015800119189489184,,,,,,,,,,,,,,,,,,,,,,,,,,,,,,,,,,,,,,,,,,,,,,,,,,,,,,,,,,,,,,,,,,0.0023201550304127318,,,,,,,,,,,,,,0.00039995615752553995,,,,,,,,,,,,,,,,,,,,,,,,,,,,,
2022-05-08,0.0036879307008347694,0.0008182013893042739,0.039824812775840615,0.5640458499456381,0.38428532128984283,,,,,0.0033931448126238834,,0.0016517924461320222,,,,,,,,,,,,,,,,,,,,,,,,,,,,,,,,,,,,,,,,,,,,,,,,,,,,,,,,,,,,,,,,,,0.002292946424008638,,,,,,,,,,,,,,0.00040462298293508726,,,,,,,,,,,,,,,,,,,,,,,,,,,,,
2022-05-09,0.0033088037347293337,0.0007246435997294888,0.03541515841052033,0.5577365270295701,0.395291381938891,,,,,0.003534174877178824,,0.001723572973315126,,,,,,,,,,,,,,,,,,,,,,,,,,,,,,,,,,,,,,,,,,,,,,,,,,,,,,,,,,,,,,,,,,0.0022657378176045434,,,,,,,,,,,,,,0.00040928980834463446,,,,,,,,,,,,,,,,,,,,,,,,,,,,,
2022-05-10,0.002929676768623898,0.0006310858101547042,0.03100550404520004,0.551427204113502,0.4062974425879392,,,,,0.0036752049417337644,,0.00179535350049823,,,,,,,,,,,,,,,,,,,,,,,,,,,,,,,,,,,,,,,,,,,,,,,,,,,,,,,,,,,,,,,,,,0.0022385292112004494,,,,,,,,,,,,,,0.0004139566337541818,,,,,,,,,,,,,,,,,,,,,,,,,,,,,
2022-05-11,0.0025505498025184623,0.0005375280205799191,0.026595849679879754,0.545117881197434,0.4173035032369874,,,,,0.003816235006288705,,0.001867134027681334,,,,,,,,,,,,,,,,,,,,,,,,,,,,,,,,,,,,,,,,,,,,,,,,,,,,,,,,,,,,,,,,,,0.0022113206047963555,,,,,,,,,,,,,,0.0004186234591637291,,,,,,,,,,,,,,,,,,,,,,,,,,,,,
2022-05-12,0.0021714228364130266,0.000443970231005134,0.022186195314559468,0.538808558281366,0.4283095638860356,,,,,0.003957265070843646,,0.0019389145548644377,,,,,,,,,,,,,,,,,,,,,,,,,,,,,,,,,,,,,,,,,,,,,,,,,,,,,,,,,,,,,,,,,,0.002184111998392261,,,,,,,,,,,,,,0.0004232902845732763,,,,,,,,,,,,,,,,,,,,,,,,,,,,,
2022-05-13,0.001792295870307591,0.0003504124414303489,0.01777654094923918,0.5324992353652979,0.43931562453508377,,,,,0.0040982951353985865,,0.0020106950820475418,,,,,,,,,,,,,,,,,,,,,,,,,,,,,,,,,,,,,,,,,,,,,,,,,,,,,,,,,,,,,,,,,,0.0021569033919881667,,,,,,,,,,,,,,0.0004279571099828236,,,,,,,,,,,,,,,,,,,,,,,,,,,,,
2022-05-14,0.0014131689042021546,0.0002568546518555636,0.013366886583918873,0.5261899124492299,0.45032168518413196,,,,,0.004239325199953527,,0.0020824756092306454,,,,,,,,,,,,,,,,,,,,,,,,,,,,,,,,,,,,,,,,,,,,,,,,,,,,,,,,,,,,,,,,,,0.0021296947855840727,,,,,,,,,,,,,,0.0004326239353923709,,,,,,,,,,,,,,,,,,,,,,,,,,,,,
2022-05-15,0.0013743699217394383,0.0002728407068518196,0.012955977914812549,0.5154700109420659,0.458024723963304,,,,,0.0056252674450613955,,0.004140386322374052,,,,,,,,,,,,,,,,,,,,,,,,,,,,,,,,,,,,,,,,,,,,,,,,,,,,,,,,,,,,,,,,,,0.002081428212453823,,,,,,,,,,,,,,0.0004372907608019181,,,,,,,,,,,,,,,,,,,,,,,,,,,,,
2022-05-16,0.001335570939276722,0.0002888267618480756,0.012545069245706223,0.504750109434902,0.465727762742476,,,,,0.007011209690169263,,0.006198297035517458,,,,,,,,,,,,,,,,,,,,,,,,,,,,,,,,,,,,,,,,,,,,,,,,,,,,,,,,,,,,,,,,,,0.0020331616393235727,,,,,,,,,,,,,,0.0004419575862114654,,,,,,,,,,,,,,,,,,,,,,,,,,,,,
2022-05-17,0.0012967719568140058,0.00030481281684433166,0.0121341605765999,0.49403020792773794,0.47343080152164807,,,,,0.008397151935277132,,0.008256207748660864,,,,,,,,,,,,,,,,,,,,,,,,,,,,,,,,,,,,,,,,,,,,,,,,,,,,,,,,,,,,,,,,,,0.001984895066193323,,,,,,,,,,,,,,0.00044662441162101273,,,,,,,,,,,,,,,,,,,,,,,,,,,,,
2022-05-18,0.0012579729743512895,0.00032079887184058764,0.011723251907493574,0.48331030642057393,0.48113384030082007,,,,,0.009783094180384998,,0.01031411846180427,,,,,,,,,,,,,,,,,,,,,,,,,,,,,,,,,,,,,,,,,,,,,,,,,,,,,,,,,,,,,,,,,,0.0019366284930630727,,,,,,,,,,,,,,0.00045129123703055993,,,,,,,,,,,,,,,,,,,,,,,,,,,,,
2022-05-19,0.0012191739918885735,0.0003367849268368436,0.01131234323838725,0.47259040491341,0.4888368790799921,,,,,0.011169036425492867,,0.012372029174947678,,,,,,,,,,,,,,,,,,,,,,,,,,,,,,,,,,,,,,,,,,,,,,,,,,,,,,,,,,,,,,,,,,0.0018883619199328227,,,,,,,,,,,,,,0.00045595806244010724,,,,,,,,,,,,,,,,,,,,,,,,,,,,,
2022-05-20,0.0011803750094258572,0.00035277098183309966,0.010901434569280926,0.461870503406246,0.4965399178591642,,,,,0.012554978670600736,,0.014429939888091083,,,,,,,,,,,,,,,,,,,,,,,,,,,,,,,,,,,,,,,,,,,,,,,,,,,,,,,,,,,,,,,,,,0.0018400953468025727,,,,,,,,,,,,,,0.00046062488784965455,,,,,,,,,,,,,,,,,,,,,,,,,,,,,
2022-05-21,0.001141576026963141,0.0003687570368293557,0.0104905259001746,0.451150601899082,0.5042429566383362,,,,,0.013940920915708602,,0.01648785060123449,,,,,,,,,,,,,,,,,,,,,,,,,,,,,,,,,,,,,,,,,,,,,,,,,,,,,,,,,,,,,,,,,,0.0017918287736723227,,,,,,,,,,,,,,0.00046529171325920176,,,,,,,,,,,,,,,,,,,,,,,,,,,,,
2022-05-22,0.0011027770445004247,0.0003847430918256117,0.010079617231068275,0.440430700391918,0.5119459954175082,,,,,0.01532686316081647,,0.018545761314377896,,,,,,,,,,,,,,,,,,,,,,,,,,,,,,,,,,,,,,,,,,,,,,,,,,,,,,,,,,,,,,,,,,0.0017435622005420727,,,,,,,,,,,,,,0.00046995853866874907,,,,,,,,,,,,,,,,,,,,,,,,,,,,,
2022-05-23,0.0010639780620377084,0.00040072914682186766,0.00966870856196195,0.42971079888475405,0.5196490341966803,,,,,0.016712805405924337,,0.0206036720275213,,,,,,,,,,,,,,,,,,,,,,,,,,,,,,,,,,,,,,,,,,,,,,,,,,,,,,,,,,,,,,,,,,0.0016952956274118227,,,,,,,,,,,,,,0.0004746253640782964,,,,,,,,,,,,,,,,,,,,,,,,,,,,,
2022-05-24,0.0010251790795749922,0.0004167152018181237,0.009257799892855627,0.4189908973775901,0.5273520729758523,,,,,0.018098747651032206,,0.02266158274066471,,,,,,,,,,,,,,,,,,,,,,,,,,,,,,,,,,,,,,,,,,,,,,,,,,,,,,,,,,,,,,,,,,0.0016470290542815727,,,,,,,,,,,,,,0.0004792921894878436,,,,,,,,,,,,,,,,,,,,,,,,,,,,,
2022-05-25,0.000986380097112276,0.00043270125681437973,0.008846891223749301,0.4082709958704261,0.5350551117550243,,,,,0.019484689896140075,,0.024719493453808115,,,,,,,,,,,,,,,,,,,,,,,,,,,,,,,,,,,,,,,,,,,,,,,,,,,,,,,,,,,,,,,,,,0.0015987624811513229,,,,,,,,,,,,,,0.0004839590148973909,,,,,,,,,,,,,,,,,,,,,,,,,,,,,
2022-05-26,0.0009475811146495597,0.0004486873118106357,0.008435982554642977,0.39755109436326214,0.5427581505341963,,,,,0.020870632141247944,,0.02677740416695152,,,,,,,,,,,,,,,,,,,,,,,,,,,,,,,,,,,,,,,,,,,,,,,,,,,,,,,,,,,,,,,,,,0.0015504959080210727,,,,,,,,,,,,,,0.0004886258403069381,,,,,,,,,,,,,,,,,,,,,,,,,,,,,
2022-05-27,0.0009087821321868434,0.0004646733668068917,0.008025073885536652,0.3868311928560981,0.5504611893133684,,,,,0.02225657438635581,,0.02883531488009493,,,,,,,,,,,,,,,,,,,,,,,,,,,,,,,,,,,,,,,,,,,,,,,,,,,,,,,,,,,,,,,,,,0.0015022293348908229,,,,,,,,,,,,,,0.0004932926657164854,,,,,,,,,,,,,,,,,,,,,,,,,,,,,
2022-05-28,0.0008699831497241273,0.00048065942180314773,0.007614165216430328,0.3761112913489342,0.5581642280925404,,,,,0.02364251663146368,,0.030893225593238333,,,,,,,,,,,,,,,,,,,,,,,,,,,,,,,,,,,,,,,,,,,,,,,,,,,,,,,,,,,,,,,,,,0.0014539627617605726,,,,,,,,,,,,,,0.0004979594911260327,,,,,,,,,,,,,,,,,,,,,,,,,,,,,
2022-05-29,0.000831184167261411,0.0004966454767994038,0.007203256547324003,0.3653913898417702,0.5658672668717124,,,,,0.025028458876571544,,0.032951136306381745,,,,,,,,,,,,,,,,,,,,,,,,,,,,,,,,,,,,,,,,,,,,,,,,,,,,,,,,,,,,,,,,,,0.0014056961886303228,,,,,,,,,,,,,,0.0005026263165355799,,,,,,,,,,,,,,,,,,,,,,,,,,,,,
2022-05-30,0.0007923851847986947,0.0005126315317956597,0.006792347878217678,0.3546714883346062,0.5735703056508845,,,,,0.026414401121679414,,0.03500904701952515,,,,,,,,,,,,,,,,,,,,,,,,,,,,,,,,,,,,,,,,,,,,,,,,,,,,,,,,,,,,,,,,,,0.0013574296155000726,,,,,,,,,,,,,,0.0005072931419451272,,,,,,,,,,,,,,,,,,,,,,,,,,,,,
2022-05-31,0.0007535862023359785,0.0005286175867919157,0.006381439209111353,0.3439515868274422,0.5812733444300565,,,,,0.027800343366787283,,0.037066957732668555,,,,,,,,,,,,,,,,,,,,,,,,,,,,,,,,,,,,,,,,,,,,,,,,,,,,,,,,,,,,,,,,,,0.0013091630423698228,,,,,,,,,,,,,,0.0005119599673546745,,,,,,,,,,,,,,,,,,,,,,,,,,,,,
2022-06-01,0.0007147872198732622,0.0005446036417881717,0.0059705305400050285,0.33323168532027825,0.5889763832092285,,,,,0.02918628561189515,,0.03912486844581196,,,,,,,,,,,,,,,,,,,,,,,,,,,,,,,,,,,,,,,,,,,,,,,,,,,,,,,,,,,,,,,,,,0.0012608964692395726,,,,,,,,,,,,,,0.0005166267927642217,,,,,,,,,,,,,,,,,,,,,,,,,,,,,
2022-06-02,0.0006759882374105461,0.0005605896967844278,0.005559621870898704,0.3225117838131143,0.5966794219884006,,,,,0.030572227857003018,,0.041182779158955365,,,,,,,,,,,,,,,,,,,,,,,,,,,,,,,,,,,,,,,,,,,,,,,,,,,,,,,,,,,,,,,,,,0.0012126298961093228,,,,,,,,,,,,,,0.000521293618173769,,,,,,,,,,,,,,,,,,,,,,,,,,,,,
2022-06-03,0.0006371892549478298,0.0005765757517806838,0.005148713201792379,0.3117918823059503,0.6043824607675726,,,,,0.03195817010211088,,0.043240689872098774,,,,,,,,,,,,,,,,,,,,,,,,,,,,,,,,,,,,,,,,,,,,,,,,,,,,,,,,,,,,,,,,,,0.0011643633229790726,,,,,,,,,,,,,,0.0005259604435833164,,,,,,,,,,,,,,,,,,,,,,,,,,,,,
2022-06-04,0.0005983902724851135,0.0005925618067769398,0.004737804532686055,0.30107198079878633,0.6120854995467446,,,,,0.03334411234721875,,0.045298600585242176,,,,,,,,,,,,,,,,,,,,,,,,,,,,,,,,,,,,,,,,,,,,,,,,,,,,,,,,,,,,,,,,,,0.0011160967498488228,,,,,,,,,,,,,,0.0005306272689928636,,,,,,,,,,,,,,,,,,,,,,,,,,,,,
2022-06-05,0.0005595912900223973,0.0006085478617731959,0.004326895863579729,0.2903520792916223,0.6197885383259166,,,,,0.03473005459232662,,0.047356511298385584,,,,,,,,,,,,,,,,,,,,,,,,,,,,,,,,,,,,,,,,,,,,,,,,,,,,,,,,,,,,,,,,,,0.0010678301767185728,,,,,,,,,,,,,,0.0005352940944024109,,,,,,,,,,,,,,,,,,,,,,,,,,,,,
2022-06-06,0.000520792307559681,0.0006245339167694518,0.003915987194473405,0.27963217778445837,0.6274915771050887,,,,,0.03611599683743449,,0.04941442201152899,,,,,,,,,,,,,,,,,,,,,,,,,,,,,,,,,,,,,,,,,,,,,,,,,,,,,,,,,,,,,,,,,,0.0010195636035883228,,,,,,,,,,,,,,0.0005399609198119581,,,,,,,,,,,,,,,,,,,,,,,,,,,,,
2022-06-07,0.00048199332509696476,0.0006405199717657078,0.0035050785253670814,0.2689122762772944,0.6351946158842607,,,,,0.03750193908254236,,0.051472332724672394,,,,,,,,,,,,,,,,,,,,,,,,,,,,,,,,,,,,,,,,,,,,,,,,,,,,,,,,,,,,,,,,,,0.0009712970304580728,,,,,,,,,,,,,,0.0005446277452215054,,,,,,,,,,,,,,,,,,,,,,,,,,,,,
2022-06-08,0.0004431943426342486,0.0006565060267619638,0.003094169856260756,0.2581923747701304,0.6428976546634327,,,,,0.038887881327650226,,0.0535302434378158,,,,,,,,,,,,,,,,,,,,,,,,,,,,,,,,,,,,,,,,,,,,,,,,,,,,,,,,,,,,,,,,,,0.0009230304573278228,,,,,,,,,,,,,,0.0005492945706310527,,,,,,,,,,,,,,,,,,,,,,,,,,,,,
2022-06-09,0.00040439536017153224,0.0006724920817582198,0.002683261187154432,0.24747247326296645,0.6506006934426047,,,,,0.04027382357275809,,0.05558815415095921,,,,,,,,,,,,,,,,,,,,,,,,,,,,,,,,,,,,,,,,,,,,,,,,,,,,,,,,,,,,,,,,,,0.0008747638841975728,,,,,,,,,,,,,,0.0005539613960405999,,,,,,,,,,,,,,,,,,,,,,,,,,,,,
2022-06-10,0.0003655963777088162,0.0006884781367544759,0.002272352518048106,0.23675257175580244,0.6583037322217768,,,,,0.04165976581786596,,0.05764606486410262,,,,,,,,,,,,,,,,,,,,,,,,,,,,,,,,,,,,,,,,,,,,,,,,,,,,,,,,,,,,,,,,,,0.0008264973110673228,,,,,,,,,,,,,,0.0005586282214501472,,,,,,,,,,,,,,,,,,,,,,,,,,,,,
2022-06-11,0.0003267973952461,0.0007044641917507319,0.001861443848941782,0.22603267024863846,0.6660067710009488,,,,,0.04304570806297383,0.002303823299536591,0.05970397557724602,,,,,,,,,,,,,,,,,,,,,,,,,,,,,,,,,,,,,,,,,,,,,,,,,,,,,,,,,,,,,,,,,,0.0007782307379370728,,,,,,,,,,,,,,0.0005632950468596945,,,,,,,,,,,,,,,,,,,,,,,,,,,,,
2022-06-12,0.00032504439029737127,0.0007204502467469878,0.0018114867149027914,0.22033818552343098,0.6534188962601997,,,,,0.04575968595439344,0.002651141969299537,0.07487953653825177,,,,,,,,,,,,,,,,,,,,,,,,,,,,,,,,,,,,,,,,,,,,,,,,,,,,,,,,,,,,,,,,,,0.0007917442910490796,,,,,,,,,,,,,,0.0005679618722692417,,,,,,,,,,,,,,,,,,,,,,,,,,,,,
2022-06-13,0.0003232913853486425,0.0007364363017432439,0.0017615295808638008,0.2146437007982235,0.6408310215194504,,,,,0.04847366384581306,0.002998460639062483,0.09005509749925752,,,,,,,,,,,,,,,,,,,,,,,,,,,,,,,,,,,,,,,,,,,,,,,,,,,,,,,,,,,,,,,,,,0.0008052578441610864,,,,,,,,,,,,,,0.000572628697678789,,,,,,,,,,,,,,,,,,,,,,,,,,,,,
2022-06-14,0.0003215383803999138,0.0007524223567394999,0.0017115724468248104,0.20894921607301603,0.6282431467787012,,,,,0.05118764173723267,0.003345779308825429,0.10523065846026326,,,,,,,,,,,,,,,,,,,,,,,,,,,,,,,,,,,,,,,,,,,,,,,,,,,,,,,,,,,,,,,,,,0.0008187713972730932,,,,,,,,,,,,,,0.0005772955230883363,,,,,,,,,,,,,,,,,,,,,,,,,,,,,
2022-06-15,0.00031978537545118506,0.0007684084117357559,0.0016616153127858198,0.20325473134780855,0.615655272037952,,,,,0.05390161962865229,0.0036930979785883755,0.12040621942126901,,,,,,,,,,,,,,,,,,,,,,,,,,,,,,,,,,,,,,,,,,,,,,,,,,,,,,,,,,,,,,,,,,0.0008322849503851,,,,,,,,,,,,,,0.0005819623484978835,,,,,,,,,,,,,,,,,,,,,,,,,,,,,
2022-06-16,0.00031803237050245635,0.0007843944667320119,0.0016116581787468292,0.19756024662260108,0.6030673972972028,,,,,0.0566155975200719,0.004040416648351321,0.13558178038227475,,,,,,,,,,,,,,,,,,,,,,,,,,,,,,,,,,,,,,,,,,,,,,,,,,,,,,,,,,,,,,,,,,0.0008457985034971069,,,,,,,,,,,,,,0.0005866291739074309,,,,,,,,,,,,,,,,,,,,,,,,,,,,,
2022-06-17,0.00031627936555372757,0.0008003805217282679,0.0015617010447078385,0.1918657618973936,0.5904795225564535,,,,,0.05932957541149152,0.004387735318114268,0.1507573413432805,,,,,,,,,,,,,,,,,,,,,,,,,,,,,,,,,,,,,,,,,,,,,,,,,,,,,,,,,,,,,,,,,,0.0008593120566091137,,,,,,,,,,,,,,0.0005912959993169782,,,,,,,,,,,,,,,,,,,,,,,,,,,,,
2022-06-18,0.00031452636060499885,0.0008163665767245239,0.001511743910668848,0.18617127717218612,0.5778916478157043,,,,,0.06204355330291113,0.0047350539878772135,0.16593290230428626,,,,,,,,,,,,,,,,,,,,,,,,,,,,,,,,,,,,,,,,,,,,,,,,,,,,,,,,,,,,,,,,,,0.0008728256097211204,,,,,,,,,,,,,,0.0005959628247265254,,,,,,,,,,,,,,,,,,,,,,,,,,,,,
2022-06-19,0.00031277335565627014,0.0008323526317207799,0.0014617867766298573,0.18047679244697865,0.5653037730749552,,,,,0.06475753119433074,0.005082372657640159,0.181108463265292,,,,,,,,,,,,,,,,,,,,,,,,,,,,,,,,,,,,,,,,,,,,,,,,,,,,,,,,,,,,,,,,,,0.0008863391628331273,,,,,,,,,,,,,,0.0006006296501360727,,,,,,,,,,,,,,,,,,,,,,,,,,,,,
2022-06-20,0.00031102035070754136,0.0008483386867170359,0.0014118296425908667,0.17478230772177117,0.552715898334206,,,,,0.06747150908575036,0.005429691327403106,0.19628402422629776,,,,,,,,,,,,,,,,,,,,,,,,,,,,,,,,,,,,,,,,,,,,,,,,,,,,,,,,,,,,,,,,,,0.0008998527159451342,,,,,,,,,,,,,,0.0006052964755456199,,,,,,,,,,,,,,,,,,,,,,,,,,,,,
2022-06-21,0.00030926734575881265,0.000864324741713292,0.001361872508551876,0.1690878229965637,0.5401280235934567,,,,,0.07018548697716998,0.0057770099971660525,0.2114595851873035,,,,,,,,,,,,,,,,,,,,,,,,,,,,,,,,,,,,,,,,,,,,,,,,,,,,,,,,,,,,,,,,,,0.0009133662690571409,,,,,,,,,,,,,,0.0006099633009551672,,,,,,,,,,,,,,,,,,,,,,,,,,,,,
2022-06-22,0.00030751434081008393,0.000880310796709548,0.0013119153745128854,0.16339333827135621,0.5275401488527075,,,,,0.07289946486858959,0.006124328666928998,0.22663514614830926,,,,,,,,,,,,,,,,,,,,,,,,,,,,,,,,,,,,,,,,,,,,,,,,,,,,,,,,,,,,,,,,,,0.0009268798221691477,,,,,,,,,,,,,,0.0006146301263647145,,,,,,,,,,,,,,,,,,,,,,,,,,,,,
2022-06-23,0.0003057613358613552,0.000896296851705804,0.001261958240473895,0.15769885354614874,0.5149522741119583,,,,,0.0756134427600092,0.006471647336691944,0.241810707109315,,,,,,,,,,,,,,,,,,,,,,,,,,,,,,,,,,,,,,,,,,,,,,,,,,,,,,,,,,,,,,,,,,0.0009403933752811545,,,,,,,,,,,,,,0.0006192969517742617,,,,,,,,,,,,,,,,,,,,,,,,,,,,,
2022-06-24,0.00030400833091262644,0.0009122829067020599,0.0012120011064349044,0.15200436882094126,0.502364399371209,,,,,0.07832742065142881,0.0068189660064548905,0.25698626807032077,,,,,,,,,,,,,,,,,,,,,,,,,,,,,,,,,,,,,,,,,,,,,,,,,,,,,,,,,,,,,,,,,,0.0009539069283931614,,,,,,,,,,,,,,0.000623963777183809,,,,,,,,,,,,,,,,,,,,,,,,,,,,,
2022-06-25,0.0003022553259638977,0.0009282689616983159,0.0011620439723959138,0.14630988409573378,0.48977652463045984,,,,,0.08104139854284842,0.007166284676217836,0.27216182903132646,,,,,,,,,,,,,,,,,,,,,,,,,,,,,,,,,,,,,,,,,,,,,,,,,,,,,,,,,,,,,,,,,,0.0009674204815051682,,,,,,,,,,,,,,0.0006286306025933563,,,,,,,,,,,,,,,,,,,,,,,,,,,,,
2022-06-26,0.000300502321015169,0.000944255016694572,0.0011120868383569234,0.1406153993705263,0.47718864988971066,,,,,0.08375537643426804,0.007513603345980783,0.28733738999233227,,,,,,,,,,,,,,,,,,,,,,,,,,,,,,,,,,,,,,,,,,,,,,,,,,,,,,,,,,,,,,,,,,0.000980934034617175,,,,,,,,,,,,,,0.0006332974280029035,,,,,,,,,,,,,,,,,,,,,,,,,,,,,
2022-06-27,0.00029874931606644023,0.000960241071690828,0.0010621297043179327,0.13492091464531883,0.4646007751489615,,,,,0.08646935432568766,0.007860922015743729,0.30251295095333797,,,,,,,,,,,,,,,,,,,,,,,,,,,,,,,,,,,,,,,,,,,,,,,,,,,,,,,,,,,,,,,,,,0.0009944475877291818,,,,,,,,,,,,,,0.0006379642534124508,,,,,,,,,,,,,,,,,,,,,,,,,,,,,
2022-06-28,0.0002969963111177115,0.000976227126687084,0.0010121725702789421,0.12922642992011135,0.45201290040821224,,,,,0.08918333221710727,0.008208240685506674,0.3176885119143438,,,,,,,,,,,,,,,,,,,,,,,,,,,,,,,,,,,,,,,,,,,,,,,,,,,,,,,,,,,,,,,,,,0.0010079611408411887,,,,,,,,,,,,,,0.0006426310788219981,,,,,,,,,,,,,,,,,,,,,,,,,,,,,
2022-06-29,0.0002952433061689828,0.00099221318168334,0.0009622154362399515,0.12353194519490387,0.439425025667463,,,,,0.09189731010852689,0.00855555935526962,0.33286407287534947,,,,,,,,,,,,,,,,,,,,,,,,,,,,,,,,,,,,,,,,,,,,,,,,,,,,,,,,,,,,,,,,,,0.0010214746939531953,,,,,,,,,,,,,,0.0006472979042315453,,,,,,,,,,,,,,,,,,,,,,,,,,,,,
2022-06-30,0.000293490301220254,0.001008199236679596,0.0009122583022009609,0.1178374604696964,0.4268371509267138,,,,,0.0946112879999465,0.008902878025032566,0.3480396338363553,,,,,,,,,,,,,,,,,,,,,,,,,,,,,,,,,,,,,,,,,,,,,,,,,,,,,,,,,,,,,,,,,,0.0010349882470652022,,,,,,,,,,,,,,0.0006519647296410927,,,,,,,,,,,,,,,,,,,,,,,,,,,,,
2022-07-01,0.0002917372962715253,0.001024185291675852,0.0008623011681619702,0.11214297574448892,0.4142492761859646,,,,,0.09732526589136611,0.009250196694795513,0.363215194797361,,,,,,,,,,,,,,,,,,,,,,,,,,,,,,,,,,,,,,,,,,,,,,,,,,,,,,,,,,,,,,,,,,0.001048501800177209,,,,,,,,,,,,,,0.00065663155505064,,,,,,,,,,,,,,,,,,,,,,,,,,,,,
2022-07-02,0.0002899842913227966,0.001040171346672108,0.0008123440341229796,0.10644849101928144,0.4016614014452154,,,,,0.10003924378278573,0.009597515364558459,0.3783907557583668,,,,,,,,,,,,,,,,,,,,,,,,,,,,,,,,,,,,,,,,,,,,,,,,,,,,,,,,,,,,,,,,,,0.001062015353289216,,,,,,,,,,,,,,0.0006612983804601872,,,,,,,,,,,,,,,,,,,,,,,,,,,,,
2022-07-03,0.0002882312863740678,0.001056157401668364,0.000762386900083989,0.10075400629407397,0.38907352670446615,,,,,0.10275322167420534,0.009944834034321406,0.3935663167193725,,,,,,,,,,,,,,,,,,,,,,,,,,,,,,,,,,,,,,,,,,,,,,,,,,,,,,,,,,,,,,,,,,0.0010755289064012228,,,,,,,,,,,,,,0.0006659652058697345,,,,,,,,,,,,,,,,,,,,,,,,,,,,,
2022-07-04,0.0002864782814253391,0.00107214345666462,0.0007124297660449986,0.09505952156886649,0.37648565196371697,,,,,0.10546719956562495,0.010292152704084352,0.4087418776803783,,,,,,,,,,,,,,,,,,,,,,,,,,,,,,,,,,,,,,,,,,,,,,,,,,,,,,,,,,,,,,,,,,0.0010890424595132295,,,,,,,,,,,,,,0.0006706320312792818,,,,,,,,,,,,,,,,,,,,,,,,,,,,,
2022-07-05,0.0002847252764766104,0.0010881295116608762,0.000662472632006008,0.08936503684365901,0.36389777722296773,,,,,0.10818117745704456,0.010639471373847298,0.423917438641384,,,,,,,,,,,,,,,,,,,,,,,,,,,,,,,,,,,,,,,,,,,,,,,,,,,,,,,,,,,,,,,,,,0.0011025560126252363,,,,,,,,,,,,,,0.000675298856688829,,,,,,,,,,,,,,,,,,,,,,,,,,,,,
2022-07-06,0.00028297227152788165,0.001104115566657132,0.0006125154979670173,0.08367055211845154,0.35130990248221855,,,,,0.11089515534846417,0.010986790043610244,0.4390929996023897,,,,,,,,,,,,,,,,,,,,,,,,,,,,,,,,,,,,,,,,,,,,,,,,,,,,,,,,,,,,,,,,,,0.0011160695657372432,,,,,,,,,,,,,,0.0006799656820983763,,,,,,,,,,,,,,,,,,,,,,,,,,,,,
2022-07-07,0.0002812192665791529,0.0011201016216533881,0.0005625583639280267,0.07797606739324406,0.3387220277414693,,,,,0.11360913323988381,0.01133410871337319,0.4542685605633955,,,,,,,,,,,,,,,,,,,,,,,,,,,,,,,,,,,,,,,,,,,,,,,,,,,,,,,,,,,,,,,,,,0.0011295831188492499,,,,,,,,,,,,,,0.0006846325075079235,,,,,,,,,,,,,,,,,,,,,,,,,,,,,
2022-07-08,0.00027946626163042416,0.0011360876766496441,0.0005126012298890361,0.07228158266803658,0.32613415300072013,,,,,0.11632311113130342,0.011681427383136135,0.4694441215244012,,,,,,,,,,,,,,,,,,,,,,,,,,,,,,,,,,,,,,,,,,,,,,,,,,,,,,,,,,,,,,,,,,0.0011430966719612567,,,,,,,,,,,,,,0.0006892993329174708,,,,,,,,,,,,,,,,,,,,,,,,,,,,,
2022-07-09,0.00027771325668169545,0.0011520737316459,0.00046264409585004547,0.0665870979428291,0.3135462782599709,,,,,0.11903708902272303,0.01202874605289908,0.484619682485407,0.0006939661583270181,,0.00023132204792497273,,,,,,,,,,,,,,,,,,,,,,,,,,,,,,,,,,,,,,,,,,,,,,,,,,,,,,,,,,,,,,,0.0011566102250732636,,,,,,,,,,,,,,0.0006939661583270181,,,,,,,,,,,,,,,,,,,,,,,,,,,,,
2022-07-10,0.00027596025173296673,0.001148003756516448,0.0005157743366139886,0.06459942293450137,0.30437002831755516,,,,,0.11782613372454387,0.012962757376953897,0.4959709735272766,0.0006936776299443489,,0.00030471380315630684,,,,,,,,,,,,,,,,,,,,,,,,,,,,,,,,,,,,,,,,,,,,,,,,,,,,,,,,,,,,,,,0.0011294114248174205,,,,,,,,,,,,,,0.0008133843281856292,,,,,,,,,,,,,,,,,,,,,,,,,,,,,
2022-07-11,0.00027420724678423795,0.001143933781386996,0.0005689045773779319,0.06261174792617363,0.29519377837513944,,,,,0.11661517842636472,0.013896768701008713,0.5073222645691462,0.0006933891015616798,,0.0003781055583876409,,,,,,,,,,,,,,,,,,,,,,,,,,,,,,,,,,,,,,,,,,,,,,,,,,,,,,,,,,,,,,,0.0011022126245615774,,,,,,,,,,,,,,0.0009328024980442403,,,,,,,,,,,,,,,,,,,,,,,,,,,,,
2022-07-12,0.00027245424183550924,0.0011398638062575439,0.000622034818141875,0.0606240729178459,0.2860175284327237,,,,,0.11540422312818556,0.01483078002506353,0.5186735556110158,0.0006931005731790106,,0.000451497313618975,,,,,,,,,,,,,,,,,,,,,,,,,,,,,,,,,,,,,,,,,,,,,,,,,,,,,,,,,,,,,,,0.001075013824305734,,,,,,,,,,,,,,0.0010522206679028515,,,,,,,,,,,,,,,,,,,,,,,,,,,,,
2022-07-13,0.0002707012368867805,0.0011357938311280919,0.0006751650589058182,0.058636397909518155,0.276841278490308,,,,,0.11419326783000641,0.015764791349118346,0.5300248466528855,0.0006928120447963416,,0.0005248890688503091,,,,,,,,,,,,,,,,,,,,,,,,,,,,,,,,,,,,,,,,,,,,,,,,,,,,,,,,,,,,,,,0.0010478150240498909,,,,,,,,,,,,,,0.0011716388377614627,,,,,,,,,,,,,,,,,,,,,,,,,,,,,
2022-07-14,0.00026894823193805175,0.0011317238559986399,0.0007282952996697613,0.05664872290119042,0.2676650285478923,,,,,0.11298231253182725,0.016698802673173162,0.5413761376947551,0.0006925235164136724,,0.0005982808240816432,,,,,,,,,,,,,,,,,,,,,,,,,,,,,,,,,,,,,,,,,,,,,,,,,,,,,,,,,,,,,,,0.0010206162237940478,,,,,,,,,,,,,,0.0012910570076200738,,,,,,,,,,,,,,,,,,,,,,,,,,,,,
2022-07-15,0.00026719522698932303,0.0011276538808691879,0.0007814255404337046,0.054661047892862684,0.2584887786054766,,,,,0.11177135723364809,0.017632813997227978,0.5527274287366247,0.0006922349880310032,,0.0006716725793129774,,,,,,,,,,,,,,,,,,,,,,,,,,,,,,,,,,,,,,,,,,,,,,,,,,,,,,,,,,,,,,,0.0009934174235382044,,,,,,,,,,,,,,0.0014104751774786848,,,,,,,,,,,,,,,,,,,,,,,,,,,,,
2022-07-16,0.0002654422220405943,0.0011235839057397359,0.0008345557811976478,0.05267337288453495,0.24931252866306086,,,,,0.11056040193546894,0.018566825321282794,0.5640787197784943,0.0006919464596483341,,0.0007450643345443115,,,,,,,,,,,,,,,,,,,,,,,,,,,,,,,,,,,,,,,,,,,,,,,,,,,,,,,,,,,,,,,0.0009662186232823613,,,,,,,,,,,,,,0.0015298933473372957,,,,,,,,,,,,,,,,,,,,,,,,,,,,,
2022-07-17,0.00026368921709186554,0.0011195139306102839,0.0008876860219615909,0.050685697876207206,0.24013627872064514,,,,,0.10934944663728978,0.01950083664533761,0.5754300108203639,0.0006916579312656649,,0.0008184560897756455,,,,,,,,,,,,,,,,,,,,,,,,,,,,,,,,,,,,,,,,,,,,,,,,,,,,,,,,,,,,,,,0.0009390198230265182,,,,,,,,,,,,,,0.0016493115171959069,,,,,,,,,,,,,,,,,,,,,,,,,,,,,
2022-07-18,0.0002619362121431368,0.0011154439554808316,0.0009408162627255342,0.04869802286787947,0.2309600287782294,,,,,0.10813849133911063,0.020434847969392426,0.5867813018622337,0.0006913694028829958,,0.0008918478450069796,,,,,,,,,,,,,,,,,,,,,,,,,,,,,,,,,,,,,,,,,,,,,,,,,,,,,,,,,,,,,,,0.000911821022770675,,,,,,,,,,,,,,0.001768729687054518,,,,,,,,,,,,,,,,,,,,,,,,,,,,,
2022-07-19,0.0002601832071944081,0.0011113739803513796,0.0009939465034894774,0.046710347859551735,0.22178377883581368,,,,,0.10692753604093147,0.021368859293447243,0.5981325929041033,0.0006910808745003266,,0.0009652396002383137,,,,,,,,,,,,,,,,,,,,,,,,,,,,,,,,,,,,,,,,,,,,,,,,,,,,,,,,,,,,,,,0.0008846222225148318,,,,,,,,,,,,,,0.0018881478569131292,,,,,,,,,,,,,,,,,,,,,,,,,,,,,
2022-07-20,0.00025843020224567933,0.0011073040052219276,0.0010470767442534205,0.044722672851224,0.21260752889339796,,,,,0.10571658074275232,0.02230287061750206,0.6094838839459729,0.0006907923461176574,,0.0010386313554696478,,,,,,,,,,,,,,,,,,,,,,,,,,,,,,,,,,,,,,,,,,,,,,,,,,,,,,,,,,,,,,,0.0008574234222589886,,,,,,,,,,,,,,0.0020075660267717403,,,,,,,,,,,,,,,,,,,,,,,,,,,,,
2022-07-21,0.0002566771972969506,0.0011032340300924756,0.0011002069850173637,0.04273499784289626,0.20343127895098223,,,,,0.10450562544457316,0.02323688194155687,0.6208351749878425,0.0006905038177349883,,0.001112023110700982,,,,,,,,,,,,,,,,,,,,,,,,,,,,,,,,,,,,,,,,,,,,,,,,,,,,,,,,,,,,,,,0.0008302246220031455,,,,,,,,,,,,,,0.0021269841966303515,,,,,,,,,,,,,,,,,,,,,,,,,,,,,
2022-07-22,0.0002549241923482219,0.0010991640549630236,0.0011533372257813068,0.04074732283456853,0.1942550290085665,,,,,0.10329467014639401,0.024170893265611688,0.6321864660297121,0.0006902152893523191,,0.001185414865932316,,,,,,,,,,,,,,,,,,,,,,,,,,,,,,,,,,,,,,,,,,,,,,,,,,,,,,,,,,,,,,,0.0008030258217473023,,,,,,,,,,,,,,0.0022464023664889626,,,,,,,,,,,,,,,,,,,,,,,,,,,,,
2022-07-23,0.0002531711873994932,0.0010950940798335716,0.00120646746654525,0.03875964782624079,0.1850787790661508,,,,,0.10208371484821485,0.025104904589666504,0.6435377570715817,0.0006899267609696499,,0.0012588066211636501,,,,,,,,,,,,,,,,,,,,,,,,,,,,,,,,,,,,,,,,,,,,,,,,,,,,,,,,,,,,,,,0.0007758270214914591,,,,,,,,,,,,,,0.0023658205363475734,,,,,,,,,,,,,,,,,,,,,,,,,,,,,
2022-07-24,0.00025141818245076445,0.0010910241047041194,0.0012595977073091933,0.03677197281791305,0.17590252912373508,,,,,0.10087275955003569,0.02603891591372132,0.6548890481134513,0.0006896382325869808,,0.0013321983763949841,,,,,,,,,,,,,,,,,,,,,,,,,,,,,,,,,,,,,,,,,,,,,,,,,,,,,,,,,,,,,,,0.0007486282212356159,,,,,,,,,,,,,,0.0024852387062061845,,,,,,,,,,,,,,,,,,,,,,,,,,,,,
2022-07-25,0.0002496651775020357,0.0010869541295746674,0.0013127279480731366,0.034784297809585314,0.16672627918131935,,,,,0.09966180425185654,0.026972927237776136,0.666240339155321,0.0006893497042043116,,0.0014055901316263183,,,,,,,,,,,,,,,,,,,,,,,,,,,,,,,,,,,,,,,,,,,,,,,,,,,,,,,,,,,,,,,0.0007214294209797727,,,,,,,,,,,,,,0.0026046568760647957,,,,,,,,,,,,,,,,,,,,,,,,,,,,,
2022-07-26,0.00024791217255330696,0.0010828841544452154,0.0013658581888370796,0.03279662280125758,0.15755002923890363,,,,,0.09845084895367738,0.027906938561830952,0.6775916301971906,0.0006890611758216425,,0.0014789818868576525,,,,,,,,,,,,,,,,,,,,,,,,,,,,,,,,,,,,,,,,,,,,,,,,,,,,,,,,,,,,,,,0.0006942306207239296,,,,,,,,,,,,,,0.002724075045923407,,,,,,,,,,,,,,,,,,,,,,,,,,,,,
2022-07-27,0.00024615916760457825,0.0010788141793157634,0.0014189884296010229,0.030808947792929843,0.1483737792964879,,,,,0.09723989365549823,0.02884094988588577,0.6889429212390602,0.0006887726474389733,,0.0015523736420889865,,,,,,,,,,,,,,,,,,,,,,,,,,,,,,,,,,,,,,,,,,,,,,,,,,,,,,,,,,,,,,,0.0006670318204680864,,,,,,,,,,,,,,0.002843493215782018,,,,,,,,,,,,,,,,,,,,,,,,,,,,,
2022-07-28,0.0002444061626558495,0.0010747442041863114,0.001472118670364966,0.0288212727846021,0.1391975293540722,,,,,0.09602893835731907,0.029774961209940585,0.7002942122809298,0.0006884841190563042,,0.0016257653973203207,,,,,,,,,,,,,,,,,,,,,,,,,,,,,,,,,,,,,,,,,,,,,,,,,,,,,,,,,,,,,,,0.0006398330202122431,,,,,,,,,,,,,,0.002962911385640629,,,,,,,,,,,,,,,,,,,,,,,,,,,,,
2022-07-29,0.00024265315770712076,0.0010706742290568592,0.0015252489111289092,0.026833597776274365,0.13002127941165648,,,,,0.09481798305913991,0.0307089725339954,0.7116455033227995,0.0006881955906736351,,0.0016991571525516547,,,,,,,,,,,,,,,,,,,,,,,,,,,,,,,,,,,,,,,,,,,,,,,,,,,,,,,,,,,,,,,0.0006126342199564,,,,,,,,,,,,,,0.0030823295554992403,,,,,,,,,,,,,,,,,,,,,,,,,,,,,
2022-07-30,0.00024090015275839204,0.0010666042539274072,0.0015783791518928524,0.02484592276794663,0.12084502946924075,,,,,0.09360702776096076,0.031642983858050214,0.7229967943646691,0.0006879070622909659,,0.0017725489077829888,,,,,,,,,,,,,,,,,,,,,,,,,,,,,,,,,,,,,,,,,,,,,,,,,,,,,,,,,,,,,,,0.0005854354197005569,,,,,,,,,,,,,,0.003201747725357851,,,,,,,,,,,,,,,,,,,,,,,,,,,,,
2022-07-31,0.00023914714780966326,0.0010625342787979552,0.0016315093926567955,0.022858247759618894,0.11166877952682502,,,,,0.0923960724627816,0.03257699518210504,0.7343480854065387,0.0006876185339082968,,0.0018459406630143228,,,,,,,,,,,,,,,,,,,,,,,,,,,,,,,,,,,,,,,,,,,,,,,,,,,,,,,,,,,,,,,0.0005582366194447137,,,,,,,,,,,,,,0.003321165895216462,,,,,,,,,,,,,,,,,,,,,,,,,,,,,
2022-08-01,0.00023739414286093455,0.0010584643036685032,0.0016846396334207387,0.020870572751291158,0.1024925295844093,,,,,0.09118511716460245,0.033511006506159846,0.7456993764484083,0.0006873300055256276,,0.001919332418245657,,,,,,,,,,,,,,,,,,,,,,,,,,,,,,,,,,,,,,,,,,,,,,,,,,,,,,,,,,,,,,,0.0005310378191888704,,,,,,,,,,,,,,0.0034405840650750734,,,,,,,,,,,,,,,,,,,,,,,,,,,,,
2022-08-02,0.00023564113791220583,0.0010543943285390512,0.001737769874184682,0.018882897742963423,0.09331627964199357,,,,,0.08997416186642329,0.03444501783021466,0.7570506674902779,0.0006870414771429584,,0.001992724173476991,,,,,,,,,,,,,,,,,,,,,,,,,,,,,,,,,,,,,,,,,,,,,,,,,,,,,,,,,,,,,,,0.0005038390189330273,,,,,,,,,,,,,,0.0035600022349336845,,,,,,,,,,,,,,,,,,,,,,,,,,,,,
2022-08-03,0.00023388813296347708,0.001050324353409599,0.001790900114948625,0.01689522273463568,0.08414002969957787,,,,,0.08876320656824413,0.03537902915426948,0.7684019585321475,0.0006867529487602893,,0.002066115928708325,,,,,,,,,,,,,,,,,,,,,,,,,,,,,,,,,,,,,,,,,,,,,,,,,,,,,,,,,,,,,,,0.0004766402186771842,,,,,,,,,,,,,,0.0036794204047922957,,,,,,,,,,,,,,,,,,,,,,,,,,,,,
2022-08-04,0.00023213512801474834,0.001046254378280147,0.0018440303557125683,0.014907547726307945,0.07496377975716215,,,,,0.08755225127006498,0.036313040478324295,0.7797532495740171,0.0006864644203776201,,0.0021395076839396594,,,,,,,,,,,,,,,,,,,,,,,,,,,,,,,,,,,,,,,,,,,,,,,,,,,,,,,,,,,,,,,0.00044944141842134095,,,,,,,,,,,,,,0.003798838574650907,,,,,,,,,,,,,,,,,,,,,,,,,,,,,
2022-08-05,0.00023038212306601962,0.001042184403150695,0.0018971605964765116,0.012919872717980209,0.06578752981474642,,,,,0.08634129597188583,0.03724705180237911,0.7911045406158868,0.000686175891994951,,0.0022128994391709934,,,,,,,,,,,,,,,,,,,,,,,,,,,,,,,,,,,,,,,,,,,,,,,,,,,,,,,,,,,,,,,0.0004222426181654977,,,,,,,,,,,,,,0.0039182567445095184,,,,,,,,,,,,,,,,,,,,,,,,,,,,,
2022-08-06,0.00022862911811729087,0.001038114428021243,0.0019502908372404546,0.010932197709652465,0.056611279872330715,0.0006858873636122818,,,,0.08513034067370667,0.03818106312643393,0.8024558316577565,0.0006858873636122818,0.00045725823623463634,0.0022862911944023273,,,,,,,,,,,,,,,,,,,,,,,,,,,,,,,,,,,,,,,,,,,,,,,,,,,,,,,,,,,,,,,0.00039504381790965453,,,,,,,,,,,,,,0.004037674914368129,,,,,,,,,,,,,,,,,,,,,,,,,,,,,
2022-08-07,0.00022738114411918764,0.001034044452891791,0.0019354666643715177,0.0107053092184972,0.05491701277674402,0.0007587901587588627,,,,0.08378928009565767,0.039842455442269074,0.8036506768170889,0.0006822625512646977,0.0005313693036441354,0.002489877192684501,,,,,,,,,,,,,,,,,,,,,,,,,,,,,,,,,,,,,,,,,,,,,,,,,,,,,,,,,,,,,,,0.00044354860490001754,,,,,,,,,,,,,,0.00415709308422674,,,,,,,,,,,,,,,,,,,,,,,,,,,,,
2022-08-08,0.00022613317012108437,0.001029974477762339,0.0019206424915025806,0.010478420727341935,0.05322274568115732,0.0008316929539054435,,,,0.08244821951760867,0.04150384775810422,0.8048455219764215,0.0006786377389171136,0.0006054803710536344,0.002693463190966674,,,,,,,,,,,,,,,,,,,,,,,,,,,,,,,,,,,,,,,,,,,,,,,,,,,,,,,,,,,,,,,0.0004920533918903805,,,,,,,,,,,,,,0.004276511254085351,,,,,,,,,,,,,,,,,,,,,,,,,,,,,
2022-08-09,0.00022488519612298114,0.0010259045026328867,0.0019058183186336437,0.01025153223618667,0.05152847858557062,0.0009045957490520244,,,,0.08110715893955966,0.04316524007393937,0.8060403671357539,0.0006750129265695296,0.0006795914384631334,0.0028970491892488476,,,,,,,,,,,,,,,,,,,,,,,,,,,,,,,,,,,,,,,,,,,,,,,,,,,,,,,,,,,,,,,0.0005405581788807436,,,,,,,,,,,,,,0.004395929423943962,,,,,,,,,,,,,,,,,,,,,,,,,,,,,
2022-08-10,0.0002236372221248779,0.0010218345275034347,0.0018909941457647065,0.010024643745031404,0.049834211489983925,0.0009774985441986053,,,,0.07976609836151066,0.044826632389774516,0.8072352122950863,0.0006713881142219455,0.0007537025058726324,0.003100635187531021,,,,,,,,,,,,,,,,,,,,,,,,,,,,,,,,,,,,,,,,,,,,,,,,,,,,,,,,,,,,,,,0.0005890629658711065,,,,,,,,,,,,,,0.004515347593802573,,,,,,,,,,,,,,,,,,,,,,,,,,,,,
2022-08-11,0.00022238924812677463,0.0010177645523739827,0.0018761699728957696,0.00979775525387614,0.04813994439439723,0.0010504013393451861,,,,0.07842503778346166,0.046488024705609664,0.8084300574544189,0.0006677633018743614,0.0008278135732821315,0.0033042211858131942,,,,,,,,,,,,,,,,,,,,,,,,,,,,,,,,,,,,,,,,,,,,,,,,,,,,,,,,,,,,,,,0.0006375677528614695,,,,,,,,,,,,,,0.0046347657636611845,,,,,,,,,,,,,,,,,,,,,,,,,,,,,
2022-08-12,0.0002211412741286714,0.0010136945772445307,0.0018613458000268325,0.009570866762720875,0.046445677298810537,0.001123304134491767,,,,0.07708397720541266,0.04814941702144481,0.8096249026137513,0.0006641384895267773,0.0009019246406916305,0.003507807184095368,,,,,,,,,,,,,,,,,,,,,,,,,,,,,,,,,,,,,,,,,,,,,,,,,,,,,,,,,,,,,,,0.0006860725398518325,,,,,,,,,,,,,,0.004754183933519796,,,,,,,,,,,,,,,,,,,,,,,,,,,,,
2022-08-13,0.00021989330013056816,0.0010096246021150787,0.0018465216271578956,0.00934397827156561,0.04475141020322383,0.0011962069296383476,,,,0.07574291662736365,0.04981080933727996,0.8108197477730837,0.0006605136771791932,0.0009760357081011295,0.0037113931823775414,,,,,,,,,,,,,,,,,,,,,,,,,,,,,,,,,,,,,,,,,,,,,,,,,,,,,,,,,,,,,,,0.0007345773268421954,,,,,,,,,,,,,,0.004873602103378407,,,,,,,,,,,,,,,,,,,,,,,,,,,,,
2022-08-14,0.0002186453261324649,0.0010055546269856267,0.0018316974542889584,0.009117089780410344,0.04305714310763714,0.0012691097247849287,,,,0.07440185604931465,0.051472201653115106,0.8120145929324163,0.0006568888648316091,0.0010501467755106284,0.0039149791806597145,,,,,,,,,,,,,,,,,,,,,,,,,,,,,,,,,,,,,,,,,,,,,,,,,,,,,,,,,,,,,,,0.0007830821138325584,,,,,,,,,,,,,,0.004993020273237018,,,,,,,,,,,,,,,,,,,,,,,,,,,,,
2022-08-15,0.00021739735213436166,0.0010014846518561745,0.0018168732814200215,0.00889020128925508,0.04136287601205044,0.0013420125199315094,,,,0.07306079547126565,0.05313359396895025,0.8132094380917487,0.000653264052484025,0.0011242578429201276,0.0041185651789418885,,,,,,,,,,,,,,,,,,,,,,,,,,,,,,,,,,,,,,,,,,,,,,,,,,,,,,,,,,,,,,,0.0008315869008229215,,,,,,,,,,,,,,0.005112438443095629,,,,,,,,,,,,,,,,,,,,,,,,,,,,,
2022-08-16,0.00021614937813625842,0.0009974146767267225,0.0018020491085510844,0.008663312798099815,0.039668608916463746,0.0014149153150780905,,,,0.07171973489321665,0.05479498628478541,0.8144042832510812,0.0006496392401364409,0.0011983689103296266,0.004322151177224062,,,,,,,,,,,,,,,,,,,,,,,,,,,,,,,,,,,,,,,,,,,,,,,,,,,,,,,,,,,,,,,0.0008800916878132844,,,,,,,,,,,,,,0.00523185661295424,,,,,,,,,,,,,,,,,,,,,,,,,,,,,
2022-08-17,0.00021490140413815516,0.0009933447015972705,0.0017872249356821474,0.00843642430694455,0.03797434182087704,0.001487818110224671,,,,0.07037867431516764,0.056456378600620555,0.8155991284104137,0.0006460144277888568,0.0012724799777391257,0.004525737175506235,,,,,,,,,,,,,,,,,,,,,,,,,,,,,,,,,,,,,,,,,,,,,,,,,,,,,,,,,,,,,,,0.0009285964748036474,,,,,,,,,,,,,,0.0053512747828128515,,,,,,,,,,,,,,,,,,,,,,,,,,,,,
2022-08-18,0.00021365343014005192,0.0009892747264678185,0.0017724007628132105,0.008209535815789284,0.03628007472529035,0.001560720905371252,,,,0.06903761373711864,0.0581177709164557,0.8167939735697461,0.0006423896154412728,0.0013465910451486247,0.004729323173788408,,,,,,,,,,,,,,,,,,,,,,,,,,,,,,,,,,,,,,,,,,,,,,,,,,,,,,,,,,,,,,,0.0009771012617940105,,,,,,,,,,,,,,0.005470692952671463,,,,,,,,,,,,,,,,,,,,,,,,,,,,,
2022-08-19,0.00021240545614194869,0.0009852047513383665,0.0017575765899442734,0.00798264732463402,0.03458580762970365,0.0016336237005178328,,,,0.06769655315906964,0.05977916323229085,0.8179888187290786,0.0006387648030936887,0.0014207021125581237,0.004932909172070582,,,,,,,,,,,,,,,,,,,,,,,,,,,,,,,,,,,,,,,,,,,,,,,,,,,,,,,,,,,,,,,0.0010256060487843733,,,,,,,,,,,,,,0.005590111122530073,,,,,,,,,,,,,,,,,,,,,,,,,,,,,
2022-08-20,0.00021115748214384542,0.0009811347762089142,0.0017427524170753363,0.0077557588334787545,0.032891540534116956,0.0017065264956644137,,,,0.06635549258102064,0.061440555548126,0.8191836638884111,0.0006351399907461046,0.0014948131799676226,0.005136495170352756,,,,,,,,,,,,,,,,,,,,,,,,,,,,,,,,,,,,,,,,,,,,,,,,,,,,,,,,,,,,,,,0.0010741108357747364,,,,,,,,,,,,,,0.005709529292388684,,,,,,,,,,,,,,,,,,,,,,,,,,,,,
2022-08-21,0.00020990950814574218,0.0009770648010794622,0.0017279282442063993,0.00752887034232349,0.03119727343853026,0.0017794292908109945,,,,0.06501443200297163,0.06310194786396114,0.8203785090477436,0.0006315151783985204,0.0015689242473771218,0.005340081168634929,,,,,,,,,,,,,,,,,,,,,,,,,,,,,,,,,,,,,,,,,,,,,,,,,,,,,,,,,,,,,,,0.0011226156227650995,,,,,,,,,,,,,,0.005828947462247295,,,,,,,,,,,,,,,,,,,,,,,,,,,,,
2022-08-22,0.00020866153414763895,0.0009729948259500102,0.0017131040713374624,0.007301981851168225,0.02950300634294356,0.0018523320859575754,,,,0.06367337142492263,0.06476334017979629,0.821573354207076,0.0006278903660509363,0.0016430353147866208,0.005543667166917102,,,,,,,,,,,,,,,,,,,,,,,,,,,,,,,,,,,,,,,,,,,,,,,,,,,,,,,,,,,,,,,0.0011711204097554623,,,,,,,,,,,,,,0.005948365632105906,,,,,,,,,,,,,,,,,,,,,,,,,,,,,
2022-08-23,0.00020741356014953568,0.0009689248508205582,0.0016982798984685253,0.00707509336001296,0.027808739247356863,0.0019252348811041563,,,,0.062332310846873636,0.06642473249563144,0.8227681993664084,0.0006242655537033522,0.0017171463821961197,0.005747253165199275,,,,,,,,,,,,,,,,,,,,,,,,,,,,,,,,,,,,,,,,,,,,,,,,,,,,,,,,,,,,,,,0.0012196251967458254,,,,,,,,,,,,,,0.006067783801964518,,,,,,,,,,,,,,,,,,,,,,,,,,,,,
2022-08-24,0.00020616558615143245,0.0009648548756911062,0.0016834557255995884,0.006848204868857695,0.026114472151770166,0.0019981376762507374,,,,0.06099125026882463,0.06808612481146659,0.823963044525741,0.0006206407413557681,0.0017912574496056189,0.005950839163481448,,,,,,,,,,,,,,,,,,,,,,,,,,,,,,,,,,,,,,,,,,,,,,,,,,,,,,,,,,,,,,,0.0012681299837361884,,,,,,,,,,,,,,0.006187201971823129,,,,,,,,,,,,,,,,,,,,,,,,,,,,,
2022-08-25,0.0002049176121533292,0.0009607849005616541,0.0016686315527306512,0.00662131637770243,0.024420205056183468,0.002071040471397318,,,,0.05965018969077563,0.06974751712730173,0.8251578896850734,0.000617015929008184,0.0018653685170151178,0.006154425161763622,,,,,,,,,,,,,,,,,,,,,,,,,,,,,,,,,,,,,,,,,,,,,,,,,,,,,,,,,,,,,,,0.0013166347707265513,,,,,,,,,,,,,,0.00630662014168174,,,,,,,,,,,,,,,,,,,,,,,,,,,,,
2022-08-26,0.00020366963815522597,0.0009567149254322021,0.0016538073798617143,0.006394427886547165,0.02272593796059677,0.0021439432665438986,,,,0.05830912911272663,0.07140890944313688,0.8263527348444059,0.0006133911166605999,0.0019394795844246168,0.006358011160045796,,,,,,,,,,,,,,,,,,,,,,,,,,,,,,,,,,,,,,,,,,,,,,,,,,,,,,,,,,,,,,,0.0013651395577169143,,,,,,,,,,,,,,0.006426038311540351,,,,,,,,,,,,,,,,,,,,,,,,,,,,,
2022-08-27,0.0002024216641571227,0.00095264495030275,0.0016389832069927772,0.0061675393953918994,0.021031670865010073,0.0022168460616904797,,,,0.05696806853467763,0.07307030175897203,0.8275475800037384,0.0006097663043130158,0.002013590651834116,0.006561597158327969,,,,,,,,,,,,,,,,,,,,,,,,,,,,,,,,,,,,,,,,,,,,,,,,,,,,,,,,,,,,,,,0.0014136443447072774,,,,,,,,,,,,,,0.006545456481398962,,,,,,,,,,,,,,,,,,,,,,,,,,,,,
2022-08-28,0.00020117369015901947,0.000948574975173298,0.0016241590341238403,0.005940650904236635,0.019337403769423375,0.002289748856837061,,,,0.05562700795662863,0.07473169407480718,0.8287424251630708,0.0006061414919654318,0.002087701719243615,0.0067651831566101425,,,,,,,,,,,,,,,,,,,,,,,,,,,,,,,,,,,,,,,,,,,,,,,,,,,,,,,,,,,,,,,0.0014621491316976403,,,,,,,,,,,,,,0.006664874651257573,,,,,,,,,,,,,,,,,,,,,,,,,,,,,
2022-08-29,0.00019992571616091624,0.000944505000043846,0.0016093348612549034,0.00571376241308137,0.017643136673836678,0.0023626516519836415,,,,0.05428594737857963,0.07639308639064232,0.8299372703224033,0.0006025166796178477,0.002161812786653114,0.006968769154892316,,,,,,,,,,,,,,,,,,,,,,,,,,,,,,,,,,,,,,,,,,,,,,,,,,,,,,,,,,,,,,,0.0015106539186880033,,,,,,,,,,,,,,0.0067842928211161845,,,,,,,,,,,,,,,,,,,,,,,,,,,,,
2022-08-30,0.00019867774216281297,0.0009404350249143939,0.0015945106883859662,0.005486873921926105,0.015948869578249987,0.002435554447130222,,,,0.052944886800530624,0.07805447870647747,0.8311321154817358,0.0005988918672702636,0.002235923854062613,0.007172355153174489,,,,,,,,,,,,,,,,,,,,,,,,,,,,,,,,,,,,,,,,,,,,,,,,,,,,,,,,,,,,,,,0.0015591587056783664,,,,,,,,,,,,,,0.006903710990974796,,,,,,,,,,,,,,,,,,,,,,,,,,,,,
2022-08-31,0.00019742976816470973,0.0009363650497849419,0.001579686515517029,0.00525998543077084,0.01425460248266329,0.002508457242276803,,,,0.05160382622248162,0.07971587102231262,0.8323269606410683,0.0005952670549226795,0.002310034921472112,0.007375941151456664,,,,,,,,,,,,,,,,,,,,,,,,,,,,,,,,,,,,,,,,,,,,,,,,,,,,,,,,,,,,,,,0.0016076634926687292,,,,,,,,,,,,,,0.007023129160833407,,,,,,,,,,,,,,,,,,,,,,,,,,,,,
2022-09-01,0.0001961817941666065,0.0009322950746554898,0.0015648623426480922,0.0050330969396155745,0.012560335387076592,0.002581360037423384,,,,0.05026276564443262,0.08137726333814777,0.8335218058004007,0.0005916422425750954,0.002384145988881611,0.007579527149738837,,,,,,,,,,,,,,,,,,,,,,,,,,,,,,,,,,,,,,,,,,,,,,,,,,,,,,,,,,,,,,,0.0016561682796590923,,,,,,,,,,,,,,0.007142547330692018,,,,,,,,,,,,,,,,,,,,,,,,,,,,,
2022-09-02,0.00019493382016850323,0.0009282250995260378,0.0015500381697791553,0.00480620844846031,0.010866068291489894,0.002654262832569965,,,,0.04892170506638362,0.08303865565398291,0.8347166509597332,0.0005880174302275113,0.00245825705629111,0.00778311314802101,,,,,,,,,,,,,,,,,,,,,,,,,,,,,,,,,,,,,,,,,,,,,,,,,,,,,,,,,,,,,,,0.0017046730666494554,,,,,,,,,,,,,,0.007261965500550629,,,,,,,,,,,,,,,,,,,,,,,,,,,,,
2022-09-03,0.0001936858461704,0.0009241551243965858,0.0015352139969102181,0.004579319957305045,0.0091718011959032,0.0027271656277165456,0.0003895950926975454,,,0.047580644488334614,0.08470004796981806,0.8359114961190657,0.0005843926178799272,0.002532368123700609,0.007986699146303183,,0.0003895950926975454,,,,,,,,,,,,,,,,,,,,,,,,,,,,,,,,,,,,,,,,,,,,,,,,,,,,,,,,,,,,,0.0017531778536398182,,,,,,,,,,,,,,0.0073813836704092394,,,,,,,,,,,,,,,,,,,,,,,,,,,,,
2022-09-04,0.00019549321067252322,0.0009200851492671338,0.00150196632782718,0.004463416991404569,0.008911968654856127,0.002891836000769632,0.0004493879311560496,,,0.04660053214348558,0.08602375621822742,0.8344361335039139,0.0007846422996916094,0.0026876162336957198,0.008553184617262302,,0.0006749785033526039,,,,,,,,,,,,,,,,,,,,,,,,,,,,,,,,,,,,,,,,,,,,,,,,,,,,,,,,,,,,,0.0017739518472997273,,,,,,,,,,,,,,0.007500801840267851,,,,,,,,,,,,,,,,,,,,,,,,,,,,,
2022-09-05,0.00019730057517464643,0.0009160151741376817,0.001468718658744142,0.004347514025504093,0.008652136113809052,0.0030565063738227176,0.0005091807696145539,,,0.04562041979863655,0.08734746446663677,0.832960770888762,0.0009848919815032915,0.002842864343690831,0.009119670088221423,,0.0009603619140076622,,,,,,,,,,,,,,,,,,,,,,,,,,,,,,,,,,,,,,,,,,,,,,,,,,,,,,,,,,,,,0.0017947258409596364,,,,,,,,,,,,,,0.007620220010126462,,,,,,,,,,,,,,,,,,,,,,,,,,,,,
2022-09-06,0.00019910793967676963,0.0009119451990082297,0.0014354709896611043,0.004231611059603617,0.008392303572761979,0.0032211767468758035,0.000568973608073058,,,0.04464030745378751,0.08867117271504614,0.8314854082736102,0.0011851416633149737,0.002998112453685942,0.009686155559180542,,0.0012457453246627207,,,,,,,,,,,,,,,,,,,,,,,,,,,,,,,,,,,,,,,,,,,,,,,,,,,,,,,,,,,,,0.0018154998346195455,,,,,,,,,,,,,,0.007739638179985073,,,,,,,,,,,,,,,,,,,,,,,,,,,,,
2022-09-07,0.00020091530417889285,0.0009078752238787775,0.0014022233205780662,0.004115708093703142,0.008132471031714905,0.0033858471199288897,0.0006287664465315623,,,0.04366019510893848,0.0899948809634555,0.8300100456584584,0.001385391345126656,0.0031533605636810532,0.010252641030139663,,0.001531128735317779,,,,,,,,,,,,,,,,,,,,,,,,,,,,,,,,,,,,,,,,,,,,,,,,,,,,,,,,,,,,,0.0018362738282794546,,,,,,,,,,,,,,0.007859056349843685,,,,,,,,,,,,,,,,,,,,,,,,,,,,,
2022-09-08,0.00020272266868101606,0.0009038052487493255,0.0013689756514950282,0.0039998051278026655,0.007872638490667832,0.003550517492981976,0.0006885592849900665,,,0.042680082764089446,0.09131858921186485,0.8285346830433065,0.001585641026938338,0.003308608673676164,0.010819126501098782,,0.0018165121459728373,,,,,,,,,,,,,,,,,,,,,,,,,,,,,,,,,,,,,,,,,,,,,,,,,,,,,,,,,,,,,0.0018570478219393637,,,,,,,,,,,,,,0.007978474519702296,,,,,,,,,,,,,,,,,,,,,,,,,,,,,
2022-09-09,0.00020453003318313928,0.0008997352736198735,0.0013357279824119902,0.0038839021619021894,0.007612805949620757,0.003715187866035062,0.0007483521234485707,,,0.04169997041924041,0.0926422974602742,0.8270593204281547,0.00178589070875002,0.003463856783671275,0.011385611972057903,,0.002101895556627896,,,,,,,,,,,,,,,,,,,,,,,,,,,,,,,,,,,,,,,,,,,,,,,,,,,,,,,,,,,,,0.0018778218155992728,,,,,,,,,,,,,,0.008097892689560907,,,,,,,,,,,,,,,,,,,,,,,,,,,,,
2022-09-10,0.0002063373976852625,0.0008956652984904215,0.0013024803133289522,0.0037679991960017133,0.007352973408573684,0.0038798582390881476,0.000808144961907075,,,0.04071985807439138,0.09396600570868358,0.8255839578130029,0.0019861403905617023,0.0036191048936663863,0.011952097443017022,,0.0023872789672829543,,,,,,,,,,,,,,,,,,,,,,,,,,,,,,,,,,,,,,,,,,,,,,,,,,,,,,,,,,,,,0.001898595809259182,,,,,,,,,,,,,,0.008217310859419518,,,,,,,,,,,,,,,,,,,,,,,,,,,,,
2022-09-11,0.00020814476218738572,0.0008915953233609694,0.0012692326442459143,0.0036520962301012376,0.007093140867526611,0.004044528612141234,0.0008679378003655792,,,0.03973974572954234,0.09528971395709293,0.824108595197851,0.0021863900723733845,0.0037743530036614976,0.012518582913976142,,0.0026726623779380126,,,,,,,,,,,,,,,,,,,,,,,,,,,,,,,,,,,,,,,,,,,,,,,,,,,,,,,,,,,,,0.001919369802919091,,,,,,,,,,,,,,0.00833672902927813,,,,,,,,,,,,,,,,,,,,,,,,,,,,,
2022-09-12,0.0002099521266895089,0.0008875253482315173,0.0012359849751628763,0.0035361932642007615,0.006833308326479537,0.00420919898519432,0.0009277306388240833,,,0.03875963338469331,0.09661342220550229,0.8226332325826992,0.0023866397541850667,0.003929601113656608,0.013085068384935263,,0.002958045788593071,,,,,,,,,,,,,,,,,,,,,,,,,,,,,,,,,,,,,,,,,,,,,,,,,,,,,,,,,,,,,0.001940143796579,,,,,,,,,,,,,,0.00845614719913674,,,,,,,,,,,,,,,,,,,,,,,,,,,,,
2022-09-13,0.00021175949119163213,0.0008834553731020653,0.0012027373060798383,0.003420290298300286,0.006573475785432463,0.004373869358247406,0.0009875234772825877,,,0.03777952103984428,0.09793713045391164,0.8211578699675472,0.002586889435996749,0.004084849223651719,0.013651553855894383,,0.003243429199248129,,,,,,,,,,,,,,,,,,,,,,,,,,,,,,,,,,,,,,,,,,,,,,,,,,,,,,,,,,,,,0.001960917790238909,,,,,,,,,,,,,,0.008575565368995352,,,,,,,,,,,,,,,,,,,,,,,,,,,,,
2022-09-14,0.00021356685569375535,0.0008793853979726133,0.0011694896369968003,0.0033043873323998097,0.006313643244385389,0.004538539731300492,0.0010473163157410919,,,0.03679940869499524,0.099260838702321,0.8196825073523955,0.002787139117808431,0.004240097333646831,0.014218039326853503,,0.003528812609903188,,,,,,,,,,,,,,,,,,,,,,,,,,,,,,,,,,,,,,,,,,,,,,,,,,,,,,,,,,,,,0.001981691783898818,,,,,,,,,,,,,,0.008694983538853963,,,,,,,,,,,,,,,,,,,,,,,,,,,,,
2022-09-15,0.00021537422019587857,0.0008753154228431613,0.0011362419679137622,0.0031884843664993336,0.006053810703338315,0.004703210104353578,0.001107109154199596,,,0.035819296350146204,0.10058454695073035,0.8182071447372437,0.0029873887996201133,0.004395345443641941,0.014784524797812622,,0.0038141960205582462,,,,,,,,,,,,,,,,,,,,,,,,,,,,,,,,,,,,,,,,,,,,,,,,,,,,,,,,,,,,,0.002002465777558727,,,,,,,,,,,,,,0.008814401708712574,,,,,,,,,,,,,,,,,,,,,,,,,,,,,
2022-09-16,0.0002171815846980018,0.0008712454477137092,0.0011029942988307244,0.0030725814005988575,0.005793978162291241,0.004867880477406664,0.0011669019926581004,,,0.034839184005297175,0.10190825519913972,0.8167317821220917,0.0031876384814317955,0.004550593553637053,0.015351010268771743,,0.0040995794312133045,,,,,,,,,,,,,,,,,,,,,,,,,,,,,,,,,,,,,,,,,,,,,,,,,,,,,,,,,,,,,0.0020232397712186363,,,,,,,,,,,,,,0.008933819878571185,,,,,,,,,,,,,,,,,,,,,,,,,,,,,
2022-09-17,0.000218988949200125,0.0008671754725842572,0.0010697466297476862,0.002956678434698382,0.005534145621244168,0.00503255085045975,0.0012266948311166045,,,0.03385907166044814,0.10323196344754908,0.8152564195069399,0.0033878881632434777,0.004705841663632164,0.015917495739730864,,0.004384962841868363,,,,,,,,,,,,,,,,,,,,,,,,,,,,,,,,,,,,,,,,,,,,,,,,,,,,,,,,,,,,,0.0020440137648785454,,,,,,,,,,,,,,0.009053238048429797,,,,,,,,,,,,,,,,,,,,,,,,,,,,,
2022-09-18,0.0002207963137022482,0.0008631054974548051,0.0010364989606646484,0.0028407754687979057,0.005274313080197095,0.005197221223512836,0.0012864876695751087,,,0.0328789593155991,0.10455567169595843,0.8137810568917881,0.00358813784505516,0.004861089773627275,0.01648398121068998,,0.004670346252523421,,,,,,,,,,,,,,,,,,,,,,,,,,,,,,,,,,,,,,,,,,,,,,,,,,,,,,,,,,,,,0.0020647877585384545,,,,,,,,,,,,,,0.009172656218288408,,,,,,,,,,,,,,,,,,,,,,,,,,,,,
2022-09-19,0.00022260367820437142,0.0008590355223253531,0.0010032512915816103,0.00272487250289743,0.005014480539150021,0.005361891596565922,0.001346280508033613,,,0.03189884697075007,0.1058793799443678,0.8123056942766362,0.003788387526866842,0.005016337883622386,0.017050466681649102,,0.00495572966317848,,,,,,,,,,,,,,,,,,,,,,,,,,,,,,,,,,,,,,,,,,,,,,,,,,,,,,,,,,,,,0.0020855617521983636,,,,,,,,,,,,,,0.009292074388147019,,,,,,,,,,,,,,,,,,,,,,,,,,,,,
2022-09-20,0.00022441104270649463,0.0008549655471959011,0.0009700036224985723,0.002608969536996954,0.0047546479981029465,0.0055265619696190085,0.0014060733464921172,,,0.03091873462590104,0.10720308819277716,0.8108303316614844,0.003988637208678524,0.005171585993617497,0.017616952152608223,,0.005241113073833539,,,,,,,,,,,,,,,,,,,,,,,,,,,,,,,,,,,,,,,,,,,,,,,,,,,,,,,,,,,,,0.0021063357458582727,,,,,,,,,,,,,,0.00941149255800563,,,,,,,,,,,,,,,,,,,,,,,,,,,,,
2022-09-21,0.00022621840720861785,0.0008508955720664491,0.0009367559534155344,0.0024930665710964778,0.004494815457055873,0.005691232342672095,0.0014658661849506214,,,0.029938622281052006,0.10852679644118651,0.8093549690463326,0.004188886890490206,0.005326834103612608,0.01818343762356734,,0.0055264964844885965,,,,,,,,,,,,,,,,,,,,,,,,,,,,,,,,,,,,,,,,,,,,,,,,,,,,,,,,,,,,,0.002127109739518182,,,,,,,,,,,,,,0.009530910727864241,,,,,,,,,,,,,,,,,,,,,,,,,,,,,
2022-09-22,0.00022802577171074107,0.000846825596936997,0.0009035082843324964,0.002377163605196002,0.004234982916008799,0.00585590271572518,0.0015256590234091257,,,0.02895850993620297,0.10985050468959587,0.8078796064311807,0.004389136572301888,0.005482082213607719,0.01874992309452646,,0.005811879895143655,,,,,,,,,,,,,,,,,,,,,,,,,,,,,,,,,,,,,,,,,,,,,,,,,,,,,,,,,,,,,0.002147883733178091,,,,,,,,,,,,,,0.009650328897722852,,,,,,,,,,,,,,,,,,,,,,,,,,,,,
2022-09-23,0.00022983313621286426,0.0008427556218075448,0.0008702606152494585,0.002261260639295526,0.003975150374961726,0.006020573088778266,0.0015854518618676299,,,0.027978397591353937,0.11117421293800522,0.8064042438160289,0.0045893862541135704,0.00563733032360283,0.019316408565485582,,0.006097263305798713,,,,,,,,,,,,,,,,,,,,,,,,,,,,,,,,,,,,,,,,,,,,,,,,,,,,,,,,,,,,,0.002168657726838,,,,,,,,,,,,,,0.009769747067581463,,,,,,,,,,,,,,,,,,,,,,,,,,,,,
2022-09-24,0.00023164050071498748,0.0008386856466780928,0.0008370129461664204,0.00214535767339505,0.003715317833914652,0.006185243461831353,0.001645244700326134,,,0.026998285246504904,0.11249792118641458,0.804928881200877,0.004789635935925253,0.005792578433597941,0.0198828940364447,,0.006382646716453772,,,,,,,,,,,,,,,,,,,,,,,,,,,,,,,,,,,,,,,,,,,,,,,,,,,,,,,,,,,,,0.002189431720497909,,,,,,,,,,,,,,0.009889165237440075,,,,,,,,,,,,,,,,,,,,,,,,,,,,,
2022-09-25,0.0002334478652171107,0.0008346156715486408,0.0008037652770833824,0.002029454707494574,0.0034554852928675786,0.006349913834884438,0.0017050375387846384,,,0.026018172901655867,0.11382162943482395,0.8034535185857252,0.004989885617736935,0.005947826543593052,0.020449379507403824,,0.0066680301271088305,,,,,,,,,,,,,,,,,,,,,,,,,,,,,,,,,,,,,,,,,,,,,,,,,,,,,,,,,,,,,0.002210205714157818,,,,,,,,,,,,,,0.010008583407298686,,,,,,,,,,,,,,,,,,,,,,,,,,,,,
2022-09-26,0.00023525522971923392,0.0008305456964191888,0.0007705176080003445,0.001913551741594098,0.0031956527518205045,0.006514584207937524,0.0017648303772431425,,,0.025038060556806834,0.1151453376832333,0.8019781559705734,0.005190135299548617,0.006103074653588163,0.02101586497836294,,0.006953413537763888,,,,,,,,,,,,,,,,,,,,,,,,,,,,,,,,,,,,,,,,,,,,,,,,,,,,,,,,,,,,,0.0022309797078177273,,,,,,,,,,,,,,0.010128001577157297,,,,,,,,,,,,,,,,,,,,,,,,,,,,,
2022-09-27,0.00023706259422135714,0.0008264757212897367,0.0007372699389173065,0.001797648775693622,0.0029358202107734304,0.006679254580990611,0.0018246232157016467,,,0.0240579482119578,0.11646904593164266,0.8005027933554215,0.005390384981360299,0.006258322763583274,0.02158235044932206,,0.007238796948418947,,,,,,,,,,,,,,,,,,,,,,,,,,,,,,,,,,,,,,,,,,,,,,,,,,,,,,,,,,,,,0.0022517537014776364,,,,,,,,,,,,,,0.010247419747015908,,,,,,,,,,,,,,,,,,,,,,,,,,,,,
2022-09-28,0.00023886995872348033,0.0008224057461602847,0.0007040222698342684,0.0016817458097931463,0.002675987669726357,0.006843924954043697,0.001884416054160151,,,0.023077835867108768,0.11779275418005203,0.7990274307402697,0.0055906346631719814,0.006413570873578385,0.022148835920281183,,0.007524180359074006,,,,,,,,,,,,,,,,,,,,,,,,,,,,,,,,,,,,,,,,,,,,,,,,,,,,,,,,,,,,,0.0022725276951375455,,,,,,,,,,,,,,0.010366837916874518,,,,,,,,,,,,,,,,,,,,,,,,,,,,,
2022-09-29,0.00024067732322560355,0.0008183357710308326,0.0006707746007512305,0.0015658428438926702,0.002416155128679283,0.007008595327096783,0.0019442088926186552,,,0.022097723522259735,0.11911646242846138,0.7975520681251179,0.005790884344983664,0.006568818983573497,0.0227153213912403,,0.007809563769729064,,,,,,,,,,,,,,,,,,,,,,,,,,,,,,,,,,,,,,,,,,,,,,,,,,,,,,,,,,,,,0.0022933016887974546,,,,,,,,,,,,,,0.010486256086733129,,,,,,,,,,,,,,,,,,,,,,,,,,,,,
2022-09-30,0.00024248468772772677,0.0008142657959013806,0.0006375269316681925,0.001449939877992194,0.00215632258763221,0.0071732657001498685,0.0020040017310771594,,,0.0211176111774107,0.12044017067687074,0.796076705509966,0.005991134026795346,0.006724067093568607,0.02328180686219942,,0.008094947180384122,,,,,,,,,,,,,,,,,,,,,,,,,,,,,,,,,,,,,,,,,,,,,,,,,,,,,,,,,,,,,0.0023140756824573637,,,,,,,,,,,,,,0.01060567425659174,,,,,,,,,,,,,,,,,,,,,,,,,,,,,
2022-10-01,0.00024429205222985,0.0008101958207719286,0.0006042792625851546,0.0013340369120917182,0.0018964900465851364,0.007337936073202955,0.0020637945695356637,,,0.020137498832561666,0.1217638789252801,0.7946013428948142,0.006191383708607028,0.006879315203563718,0.02384829233315854,0.0004586210045751182,0.008380330591039181,0.0021679525221274362,,,,,,,,,,,,,,,,,,,,,,,,,,,,,,,,,,,,,,,,,,,,,,,,,,,,,,,,,,,,0.002334849676117273,,,,,,,,,,,,,,0.010725092426450351,,,,,,,,,,,,,,,,,,,,,,,,,,,,,
2022-10-02,0.0002460994167319732,0.0008061258456424766,0.0006018922826374299,0.001370649381885389,0.001839290339860285,0.007444489757869027,0.002158600911074715,,,0.019850117741031605,0.1211540576360829,0.7900778860240787,0.006349417752912834,0.007012780265906786,0.02497659878224711,0.0005580945691288175,0.010551284726515562,0.0034118230755488975,,,,,,,,,,,,,,,,,,,,,,,,,,,,,,,,,,,,,,,,,,,,,,,,,,,,,,,,,,,,0.002377847159680481,,,,,,,,,,,,,,0.010844510596308962,,,,,,,,,,,,,,,,,,,,,,,,,,,,,
2022-10-03,0.0002479067812340964,0.0008020558705130245,0.0005995053026897052,0.0014072618516790597,0.0017820906331354337,0.007551043442535101,0.0022534072526137665,,,0.019562736649501547,0.12054423634688571,0.7855544291533433,0.00650745179721864,0.0071462453282498525,0.026104905231335677,0.000657568133682517,0.012722238861991943,0.004655693628970359,,,,,,,,,,,,,,,,,,,,,,,,,,,,,,,,,,,,,,,,,,,,,,,,,,,,,,,,,,,,0.002420844643243689,,,,,,,,,,,,,,0.010963928766167573,,,,,,,,,,,,,,,,,,,,,,,,,,,,,
2022-10-04,0.00024971414573621964,0.0007979858953835724,0.0005971183227419805,0.0014438743214727305,0.0017248909264105826,0.007657597127201174,0.0023482135941528177,,,0.019275355557971486,0.11993441505768852,0.7810309722826079,0.006665485841524446,0.00727971039059292,0.02723321168042425,0.0007570416982362162,0.014893192997468323,0.00589956418239182,,,,,,,,,,,,,,,,,,,,,,,,,,,,,,,,,,,,,,,,,,,,,,,,,,,,,,,,,,,,0.002463842126806897,,,,,,,,,,,,,,0.011083346936026185,,,,,,,,,,,,,,,,,,,,,,,,,,,,,
2022-10-05,0.00025152151023834283,0.0007939159202541204,0.0005947313427942559,0.0014804867912664012,0.0016676912196857312,0.007764150811867247,0.002443019935691869,,,0.01898797446644143,0.11932459376849132,0.7765075154118724,0.006823519885830252,0.0074131754529359875,0.02836151812951282,0.0008565152627899157,0.017064147132944706,0.007143434735813281,,,,,,,,,,,,,,,,,,,,,,,,,,,,,,,,,,,,,,,,,,,,,,,,,,,,,,,,,,,,0.0025068396103701054,,,,,,,,,,,,,,0.011202765105884796,,,,,,,,,,,,,,,,,,,,,,,,,,,,,
2022-10-06,0.0002533288747404661,0.0007898459451246684,0.0005923443628465312,0.001517099261060072,0.0016104915129608799,0.00787070449653332,0.00253782627723092,,,0.018700593374911367,0.11871477247929413,0.7719840585411368,0.006981553930136058,0.007546640515279054,0.029489824578601387,0.0009559888273436149,0.019235101268421085,0.008387305289234741,,,,,,,,,,,,,,,,,,,,,,,,,,,,,,,,,,,,,,,,,,,,,,,,,,,,,,,,,,,,0.0025498370939333135,,,,,,,,,,,,,,0.011322183275743407,,,,,,,,,,,,,,,,,,,,,,,,,,,,,
2022-10-07,0.00025513623924258927,0.0007857759699952164,0.0005899573828988065,0.0015537117308537427,0.0015532918062360285,0.007977258181199393,0.0026326326187699712,,,0.01841321228338131,0.11810495119009694,0.7674606016704014,0.007139587974441865,0.007680105577622122,0.030618131027689958,0.0010554623918973144,0.021406055403897464,0.009631175842656204,,,,,,,,,,,,,,,,,,,,,,,,,,,,,,,,,,,,,,,,,,,,,,,,,,,,,,,,,,,,0.0025928345774965215,,,,,,,,,,,,,,0.011441601445602018,,,,,,,,,,,,,,,,,,,,,,,,,,,,,
2022-10-08,0.00025694360374471246,0.0007817059948657644,0.0005875704029510818,0.0015903242006474136,0.0014960920995111772,0.008083811865865466,0.002727438960309023,,,0.01812583119185125,0.11749512990089975,0.762937144799666,0.007297622018747671,0.007813570639965189,0.03174643747677853,0.0011549359564510136,0.023577009539373847,0.010875046396077665,,,,,,,,,,,,,,,,,,,,,,,,,,,,,,,,,,,,,,,,,,,,,,,,,,,,,,,,,,,,0.0026358320610597296,,,,,,,,,,,,,,0.01156101961546063,,,,,,,,,,,,,,,,,,,,,,,,,,,,,
2022-10-09,0.0002587509682468357,0.0007776360197363123,0.0005851834230033571,0.0016269366704410844,0.001438892392786326,0.008190365550531539,0.002822245301848074,,,0.01783845010032119,0.11688530861170256,0.7584136879289305,0.007455656063053477,0.007947035702308257,0.032874743925867096,0.001254409521004713,0.025747963674850226,0.012118916949499126,,,,,,,,,,,,,,,,,,,,,,,,,,,,,,,,,,,,,,,,,,,,,,,,,,,,,,,,,,,,0.0026788295446229377,,,,,,,,,,,,,,0.01168043778531924,,,,,,,,,,,,,,,,,,,,,,,,,,,,,
2022-10-10,0.0002605583327489589,0.0007735660446068601,0.0005827964430556324,0.001663549140234755,0.0013816926860614747,0.008296919235197613,0.002917051643387125,,,0.01755106900879113,0.11627548732250537,0.753890231058195,0.007613690107359283,0.008080500764651322,0.03400305037495567,0.0013538830855584123,0.027918917810326606,0.013362787502920586,,,,,,,,,,,,,,,,,,,,,,,,,,,,,,,,,,,,,,,,,,,,,,,,,,,,,,,,,,,,0.0027218270281861457,,,,,,,,,,,,,,0.011799855955177851,,,,,,,,,,,,,,,,,,,,,,,,,,,,,
2022-10-11,0.00026236569725108215,0.0007694960694774081,0.0005804094631079078,0.001700161610028426,0.0013244929793366233,0.008403472919863686,0.003011857984926177,,,0.017263687917261072,0.11566566603330818,0.7493667741874596,0.007771724151665089,0.00821396582699439,0.03513135682404424,0.0014533566501121118,0.03008987194580299,0.014606658056342047,,,,,,,,,,,,,,,,,,,,,,,,,,,,,,,,,,,,,,,,,,,,,,,,,,,,,,,,,,,,0.0027648245117493538,,,,,,,,,,,,,,0.011919274125036463,,,,,,,,,,,,,,,,,,,,,,,,,,,,,
2022-10-12,0.00026417306175320534,0.0007654260943479561,0.0005780224831601832,0.0017367740798220968,0.0012672932726117722,0.008510026604529758,0.003106664326465228,,,0.01697630682573101,0.11505584474411097,0.7448433173167242,0.007929758195970894,0.008347430889337457,0.036259663273132806,0.001552830214665811,0.032260826081279365,0.01585052860976351,,,,,,,,,,,,,,,,,,,,,,,,,,,,,,,,,,,,,,,,,,,,,,,,,,,,,,,,,,,,0.002807821995312562,,,,,,,,,,,,,,0.012038692294895074,,,,,,,,,,,,,,,,,,,,,,,,,,,,,
2022-10-13,0.00026598042625532853,0.0007613561192185041,0.0005756355032124585,0.0017733865496157675,0.0012100935658869208,0.008616580289195831,0.003201470668004279,,,0.01668892573420095,0.11444602345491378,0.7403198604459886,0.008087792240276701,0.008480895951680525,0.03738796972222137,0.0016523037792195105,0.03443178021675575,0.017094399163184972,,,,,,,,,,,,,,,,,,,,,,,,,,,,,,,,,,,,,,,,,,,,,,,,,,,,,,,,,,,,0.0028508194788757703,,,,,,,,,,,,,,0.012158110464753685,,,,,,,,,,,,,,,,,,,,,,,,,,,,,
2022-10-14,0.0002677877907574518,0.000757286144089052,0.0005732485232647338,0.0018099990194094383,0.0011528938591620695,0.008723133973861905,0.0032962770095433303,,,0.016401544642670893,0.11383620216571659,0.7357964035752531,0.008245826284582508,0.008614361014023592,0.03851627617130995,0.00175177734377321,0.03660273435223213,0.01833826971660643,,,,,,,,,,,,,,,,,,,,,,,,,,,,,,,,,,,,,,,,,,,,,,,,,,,,,,,,,,,,0.0028938169624389783,,,,,,,,,,,,,,0.012277528634612296,,,,,,,,,,,,,,,,,,,,,,,,,,,,,
2022-10-15,0.00026959515525957497,0.0007532161689596,0.0005708615433170091,0.0018466114892031092,0.0010956941524372182,0.008829687658527978,0.0033910833510823815,,,0.01611416355114083,0.1132263808765194,0.7312729467045177,0.008403860328888313,0.00874782607636666,0.03964458262039852,0.0018512509083269092,0.03877368848770851,0.019582140270027894,,,,,,,,,,,,,,,,,,,,,,,,,,,,,,,,,,,,,,,,,,,,,,,,,,,,,,,,,,,,0.0029368144460021864,,,,,,,,,,,,,,0.012396946804470907,,,,,,,,,,,,,,,,,,,,,,,,,,,,,
2022-10-16,0.0002714025197616982,0.0007491461938301479,0.0005684745633692844,0.0018832239589967798,0.0010384944457123668,0.00893624134319405,0.003485889692621433,,,0.015826782459610774,0.11261655958732221,0.7267494898337823,0.00856189437319412,0.008881291138709727,0.04077288906948709,0.0019507244728806084,0.04094464262318489,0.020826010823449353,,,,,,,,,,,,,,,,,,,,,,,,,,,,,,,,,,,,,,,,,,,,,,,,,,,,,,,,,,,,0.0029798119295653945,,,,,,,,,,,,,,0.012516364974329518,,,,,,,,,,,,,,,,,,,,,,,,,,,,,
2022-10-17,0.0002732098842638214,0.0007450762187006959,0.0005660875834215597,0.0019198364287904505,0.0009812947389875155,0.009042795027860123,0.0035806960341604843,,,0.015539401368080713,0.11200673829812502,0.7222260329630468,0.008719928417499925,0.009014756201052793,0.04190119551857566,0.002050198037434308,0.04311559675866127,0.022069881376870815,,,,,,,,,,,,,,,,,,,,,,,,,,,,,,,,,,,,,,,,,,,,,,,,,,,,,,,,,,,,0.0030228094131286025,,,,,,,,,,,,,,0.01263578314418813,,,,,,,,,,,,,,,,,,,,,,,,,,,,,
2022-10-18,0.0002750172487659446,0.0007410062435712439,0.000563700603473835,0.0019564488985841216,0.0009240950322626642,0.009149348712526196,0.0036755023756995355,,,0.015252020276550655,0.11139691700892783,0.7177025760923113,0.008877962461805732,0.00914822126339586,0.043029501967664224,0.0021496716019880073,0.045286550894137655,0.023313751930292278,,,,,,,,,,,,,,,,,,,,,,,,,,,,,,,,,,,,,,,,,,,,,,,,,,,,,,,,,,,,0.003065806896691811,,,,,,,,,,,,,,0.01275520131404674,,,,,,,,,,,,,,,,,,,,,,,,,,,,,
2022-10-19,0.00027682461326806784,0.0007369362684417919,0.0005613136235261104,0.001993061368377792,0.000866895325537813,0.00925590239719227,0.003770308717238587,,,0.014964639185020594,0.11078709571973064,0.7131791192215758,0.009035996506111537,0.009281686325738928,0.04415780841675279,0.0022491451665417063,0.04745750502961403,0.024557622483713737,,,,,,,,,,,,,,,,,,,,,,,,,,,,,,,,,,,,,,,,,,,,,,,,,,,,,,,,,,,,0.003108804380255019,,,,,,,,,,,,,,0.012874619483905352,,,,,,,,,,,,,,,,,,,,,,,,,,,,,
2022-10-20,0.00027863197777019103,0.0007328662933123398,0.0005589266435783857,0.002029673838171463,0.0008096956188129616,0.009362456081858343,0.0038651150587776383,,,0.014677258093490535,0.11017727443053343,0.7086556623508404,0.009194030550417344,0.009415151388081995,0.045286114865841366,0.002348618731095406,0.04962845916509041,0.0258014930371352,,,,,,,,,,,,,,,,,,,,,,,,,,,,,,,,,,,,,,,,,,,,,,,,,,,,,,,,,,,,0.003151801863818227,,,,,,,,,,,,,,0.012994037653763963,,,,,,,,,,,,,,,,,,,,,,,,,,,,,
2022-10-21,0.0002804393422723143,0.0007287963181828877,0.000556539663630661,0.002066286307965134,0.0007524959120881103,0.009469009766524416,0.0039599214003166894,,,0.014389877001960476,0.10956745314133624,0.7041322054801049,0.00935206459472315,0.009548616450425061,0.04641442131492994,0.0024480922956491053,0.051799413300566796,0.02704536359055666,,,,,,,,,,,,,,,,,,,,,,,,,,,,,,,,,,,,,,,,,,,,,,,,,,,,,,,,,,,,0.003194799347381435,,,,,,,,,,,,,,0.013113455823622574,,,,,,,,,,,,,,,,,,,,,,,,,,,,,
2022-10-22,0.00028224670677443747,0.0007247263430534357,0.0005541526836829364,0.0021028987777588046,0.0006952962053632591,0.00957556345119049,0.004054727741855741,,,0.014102495910430416,0.10895763185213905,0.6996087486093694,0.009510098639028956,0.009682081512768129,0.04754272776401851,0.0025475658602028047,0.05397036743604317,0.02828923414397812,,,,,,,,,,,,,,,,,,,,,,,,,,,,,,,,,,,,,,,,,,,,,,,,,,,,,,,,,,,,0.003237796830944643,,,,,,,,,,,,,,0.013232873993481185,,,,,,,,,,,,,,,,,,,,,,,,,,,,,
2022-10-23,0.00028405407127656066,0.0007206563679239837,0.0005517657037352117,0.0021395112475524752,0.0006380964986384078,0.009682117135856563,0.004149534083394793,,,0.013815114818900357,0.10834781056294186,0.695085291738634,0.009668132683334763,0.009815546575111196,0.048671034213107076,0.0026470394247565037,0.056141321571519555,0.029533104697399584,,,,,,,,,,,,,,,,,,,,,,,,,,,,,,,,,,,,,,,,,,,,,,,,,,,,,,,,,,,,0.0032807943145078513,,,,,,,,,,,,,,0.013352292163339797,,,,,,,,,,,,,,,,,,,,,,,,,,,,,
2022-10-24,0.0002858614357786839,0.0007165863927945317,0.000549378723787487,0.002176123717346146,0.0005808967919135564,0.009788670820522635,0.004244340424933843,,,0.013527733727370298,0.10773798927374467,0.6905618348678986,0.009826166727640568,0.009949011637454264,0.04979934066219564,0.002746512989310203,0.05831227570699594,0.030776975250821043,,,,,,,,,,,,,,,,,,,,,,,,,,,,,,,,,,,,,,,,,,,,,,,,,,,,,,,,,,,,0.0033237917980710593,,,,,,,,,,,,,,0.013471710333198408,,,,,,,,,,,,,,,,,,,,,,,,,,,,,
2022-10-25,0.0002876688002808071,0.0007125164176650796,0.0005469917438397623,0.0022127361871398165,0.0005236970851887051,0.009895224505188708,0.004339146766472894,,,0.013240352635840238,0.10712816798454748,0.686038377997163,0.009984200771946374,0.010082476699797331,0.05092764711128421,0.0028459865538639027,0.060483229842472314,0.032020845804242505,,,,,,,,,,,,,,,,,,,,,,,,,,,,,,,,,,,,,,,,,,,,,,,,,,,,,,,,,,,,0.0033667892816342674,,,,,,,,,,,,,,0.013591128503057019,,,,,,,,,,,,,,,,,,,,,,,,,,,,,
2022-10-26,0.00028947616478293035,0.0007084464425356276,0.0005446047638920377,0.0022493486569334876,0.00046649737846385375,0.01000177818985478,0.004433953108011946,,,0.012952971544310177,0.10651834669535029,0.6815149211264275,0.01014223481625218,0.010215941762140399,0.052055953560372785,0.002945460118417602,0.0626541839779487,0.03326471635766397,,,,,,,,,,,,,,,,,,,,,,,,,,,,,,,,,,,,,,,,,,,,,,,,,,,,,,,,,,,,0.0034097867651974754,,,,,,,,,,,,,,0.01371054667291563,,,,,,,,,,,,,,,,,,,,,,,,,,,,,
2022-10-27,0.00029128352928505354,0.0007043764674061754,0.000542217783944313,0.0022859611267271583,0.0004092976717390026,0.010108331874520853,0.004528759449550997,,,0.01266559045278012,0.10590852540615309,0.6769914642556921,0.010300268860557987,0.010349406824483466,0.05318426000946136,0.0030449336829713016,0.06482513811342508,0.03450858691108543,,,,,,,,,,,,,,,,,,,,,,,,,,,,,,,,,,,,,,,,,,,,,,,,,,,,,,,,,,,,0.0034527842487606835,,,,,,,,,,,,,,0.013829964842774241,,,,,,,,,,,,,,,,,,,,,,,,,,,,,
2022-10-28,0.00029309089378717673,0.0007003064922767234,0.0005398308039965883,0.002322573596520829,0.00035209796501415127,0.010214885559186928,0.004623565791090049,,,0.012378209361250059,0.1052987041169559,0.6724680073849567,0.010458302904863794,0.010482871886826532,0.05431256645854993,0.0031444072475250006,0.06699609224890146,0.03575245746450689,,,,,,,,,,,,,,,,,,,,,,,,,,,,,,,,,,,,,,,,,,,,,,,,,,,,,,,,,,,,0.003495781732323892,,,,,,,,,,,,,,0.013949383012632852,,,,,,,,,,,,,,,,,,,,,,,,,,,,,
2022-10-29,0.0002948982582893,0.0006962365171472714,0.0005374438240488636,0.0023591860663145,0.0002948982582893,0.010321439243853,0.0047183721326291,,,0.01209082826972,0.1046888828277587,0.6679445505142212,0.0106163369491696,0.0106163369491696,0.0554408729076385,0.0032438808120787,0.06916704638437784,0.036996328017928355,0.0002948982582893,,,,,,,,,,,,,,,,,,,,,,,,,,,,,,,,,,,,,,,,,,,,,,,,,,,,,,,,,,,0.0035387792158871,,,,,,0.0073724566027522,,,,,,,,0.014068801182491462,,,,,,,,,,,,,,,,,,,,,,,,,,,,,
2022-10-30,0.00029545266858931784,0.0006921665420178194,0.0005350568441011389,0.0024093889598068683,0.0003011736199758454,0.010137698277468134,0.004633896049057596,,,0.011827087388131931,0.1028996574535191,0.6581893030118633,0.010775020212999375,0.010623753218996218,0.056889559928472895,0.0036490586172039296,0.07357562222070502,0.041250517519263445,0.00038521082619393145,,,,,,,,,,,,,,,,,,,,,,,,,,,,,,,,,,,,,,,,,,,,,,,,,,,,,,,,,,,0.0035300463416866766,,,,,,0.007999948996977943,,,,,,,,0.014188219352350073,,,,,,,,,,,,,,,,,,,,,,,,,,,,,
2022-10-31,0.0002960070788893357,0.0006880965668883673,0.0005326698641534142,0.0024595918532992365,0.0003074489816623909,0.00995395731108327,0.004549419965486092,,,0.011563346506543863,0.1011104320792795,0.6484340555095053,0.010933703476829152,0.010631169488822837,0.05833824694930728,0.004054236422329159,0.07798419805703219,0.04550470702059854,0.00047552339409856297,,,,,,,,,,,,,,,,,,,,,,,,,,,,,,,,,,,,,,,,,,,,,,,,,,,,,,,,,,,0.003521313467486253,,,,,,0.008627441391203685,,,,,,,,0.014307637522208684,,,,,,,,,,,,,,,,,,,,,,,,,,,,,
2022-11-01,0.00029656148918935356,0.0006840265917589152,0.0005302828842056895,0.0025097947467916043,0.00031372434334893634,0.009770216344698403,0.004464943881914588,,,0.011299605624955794,0.09932120670503988,0.6386788080071474,0.01109238674065893,0.010638585758649457,0.059786933970141676,0.004459414227454389,0.08239277389335936,0.04975889652193363,0.0005658359620031944,,,,,,,,,,,,,,,,,,,,,,,,,,,,,,,,,,,,,,,,,,,,,,,,,,,,,,,,,,,0.0035125805932858297,,,,,,0.009254933785429428,,,,,,,,0.014427055692067295,,,,,,,,,,,,,,,,,,,,,,,,,,,,,
2022-11-02,0.0002971158994893714,0.0006799566166294632,0.000527895904257965,0.0025599976402839726,0.0003199997050354818,0.009586475378313537,0.004380467798343084,,,0.011035864743367726,0.09753198133080028,0.6289235605047895,0.011251070004488705,0.010646002028476076,0.06123562099097606,0.004864592032579618,0.08680134972968653,0.05401308602326872,0.0006561485299078259,,,,,,,,,,,,,,,,,,,,,,,,,,,,,,,,,,,,,,,,,,,,,,,,,,,,,,,,,,,0.0035038477190854063,,,,,,0.00988242617965517,,,,,,,,0.014546473861925906,,,,,,,,,,,,,,,,,,,,,,,,,,,,,
2022-11-03,0.0002976703097893893,0.0006758866415000112,0.0005255089243102403,0.002610200533776341,0.00032627506672202727,0.009402734411928673,0.00429599171477158,,,0.010772123861779656,0.09574275595656068,0.6191683130024316,0.01140975326831848,0.010653418298302693,0.06268430801181045,0.005269769837704847,0.0912099255660137,0.05826727552460382,0.0007464610978124574,,,,,,,,,,,,,,,,,,,,,,,,,,,,,,,,,,,,,,,,,,,,,,,,,,,,,,,,,,,0.0034951148448849833,,,,,,0.010509918573880913,,,,,,,,0.014665892031784518,,,,,,,,,,,,,,,,,,,,,,,,,,,,,
2022-11-04,0.00029822472008940714,0.0006718166663705592,0.0005231219443625156,0.002660403427268709,0.0003325504284085727,0.009218993445543807,0.0042115156312000765,,,0.010508382980191588,0.09395353058232107,0.6094130655000736,0.011568436532148257,0.010660834568129312,0.06413299503264484,0.005674947642830077,0.09561850140234086,0.06252146502593892,0.000836773665717089,,,,,,,,,,,,,,,,,,,,,,,,,,,,,,,,,,,,,,,,,,,,,,,,,,,,,,,,,,,0.00348638197068456,,,,,,0.011137410968106656,,,,,,,,0.014785310201643129,,,,,,,,,,,,,,,,,,,,,,,,,,,,,
2022-11-05,0.000298779130389425,0.0006677466912411071,0.0005207349644147909,0.0027106063207610774,0.00033882579009511814,0.00903525247915894,0.004127039547628573,,,0.01024464209860352,0.09216430520808147,0.5996578179977157,0.011727119795978035,0.010668250837955931,0.06558168205347924,0.006080125447955307,0.10002707723866804,0.066775654527274,0.0009270862336217204,,,,,,,,,,,,,,,,,,,,,,,,,,,,,,,,,,,,,,,,,,,,,,,,,,,,,,,,,,,0.0034776490964841364,,,,,,0.011764903362332399,,,,,,,,0.01490472837150174,,,,,,,,,,,,,,,,,,,,,,,,,,,,,
2022-11-06,0.00029933354068944286,0.0006636767161116551,0.0005183479844670662,0.0027608092142534456,0.00034510115178166363,0.008851511512774076,0.004042563464057069,,,0.009980901217015451,0.09037507983384185,0.5899025704953578,0.01188580305980781,0.01067566710778255,0.06703036907431363,0.006485303253080536,0.10443565307499521,0.0710298440286091,0.0010173988015263519,,,,,,,,,,,,,,,,,,,,,,,,,,,,,,,,,,,,,,,,,,,,,,,,,,,,,,,,,,,0.003468916222283713,,,,,,0.012392395756558141,,,,,,,,0.015024146541360351,,,,,,,,,,,,,,,,,,,,,,,,,,,,,
2022-11-07,0.0002998879509894607,0.0006596067409822031,0.0005159610045193415,0.002811012107745814,0.00035137651346820906,0.00866777054638921,0.003958087380485565,,,0.009717160335427383,0.08858585445960225,0.5801473229929999,0.012044486323637586,0.010683083377609169,0.06847905609514801,0.006890481058205765,0.10884422891132238,0.07528403352994419,0.0011077113694309834,,,,,,,,,,,,,,,,,,,,,,,,,,,,,,,,,,,,,,,,,,,,,,,,,,,,,,,,,,,0.0034601833480832895,,,,,,0.013019888150783884,,,,,,,,0.015143564711218962,,,,,,,,,,,,,,,,,,,,,,,,,,,,,
2022-11-08,0.0003004423612894785,0.000655536765852751,0.0005135740245716168,0.0028612150012381817,0.0003576518751547545,0.008484029580004344,0.003873611296914061,,,0.009453419453839314,0.08679662908536265,0.5703920754906419,0.012203169587467363,0.010690499647435788,0.0699277431159824,0.007295658863330995,0.11325280474764955,0.07953822303127928,0.0011980239373356148,,,,,,,,,,,,,,,,,,,,,,,,,,,,,,,,,,,,,,,,,,,,,,,,,,,,,,,,,,,0.003451450473882866,,,,,,0.013647380545009627,,,,,,,,0.015262982881077573,,,,,,,,,,,,,,,,,,,,,,,,,,,,,
2022-11-09,0.0003009967715894964,0.000651466790723299,0.0005111870446238922,0.00291141789473055,0.00036392723684129994,0.00830028861361948,0.003789135213342557,,,0.009189678572251246,0.08500740371112304,0.560636827988284,0.01236185285129714,0.010697915917262407,0.0713764301368168,0.007700836668456225,0.11766138058397671,0.08379241253261438,0.0012883365052402463,,,,,,,,,,,,,,,,,,,,,,,,,,,,,,,,,,,,,,,,,,,,,,,,,,,,,,,,,,,0.0034427175996824427,,,,,,0.01427487293923537,,,,,,,,0.015382401050936184,,,,,,,,,,,,,,,,,,,,,,,,,,,,,
2022-11-10,0.00030155118188951425,0.0006473968155938469,0.0005088000646761675,0.0029616207882229182,0.0003702025985278454,0.008116547647234613,0.003704659129771053,,,0.008925937690663178,0.08321817833688344,0.5508815804859261,0.012520536115126915,0.010705332187089026,0.07282511715765119,0.008106014473581453,0.12206995642030388,0.08804660203394946,0.0013786490731448778,,,,,,,,,,,,,,,,,,,,,,,,,,,,,,,,,,,,,,,,,,,,,,,,,,,,,,,,,,,0.0034339847254820192,,,,,,0.014902365333461112,,,,,,,,0.015501819220794796,,,,,,,,,,,,,,,,,,,,,,,,,,,,,
2022-11-11,0.0003021055921895321,0.0006433268404643949,0.0005064130847284428,0.0030118236817152865,0.00037647796021439086,0.007932806680849749,0.0036201830461995493,,,0.00866219680907511,0.08142895296264382,0.541126332983568,0.012679219378956691,0.010712748456915645,0.07427380417848559,0.008511192278706683,0.12647853225663105,0.09230079153528456,0.0014689616410495092,,,,,,,,,,,,,,,,,,,,,,,,,,,,,,,,,,,,,,,,,,,,,,,,,,,,,,,,,,,0.003425251851281596,,,,,,0.015529857727686855,,,,,,,,0.015621237390653407,,,,,,,,,,,,,,,,,,,,,,,,,,,,,
2022-11-12,0.00030266000248954997,0.0006392568653349429,0.0005040261047807181,0.0030620265752076548,0.00038275332190093635,0.0077490657144648825,0.0035357069626280454,,,0.008398455927487041,0.07963972758840422,0.5313710854812101,0.012837902642786468,0.010720164726742264,0.07572249119931997,0.008916370083831913,0.13088710809295823,0.09655498103661965,0.0015592742089541407,,,,,,,,,,,,,,,,,,,,,,,,,,,,,,,,,,,,,,,,,,,,,,,,,,,,,,,,,,,0.0034165189770811724,,,,,,0.0161573501219126,,,,,,,,0.015740655560512018,,,,,,,,,,,,,,,,,,,,,,,,,,,,,
2022-11-13,0.00030321441278956783,0.0006351868902054907,0.0005016391248329935,0.0031122294687000226,0.0003890286835874818,0.007565324748080016,0.0034512308790565415,,,0.008134715045898973,0.07785050221416462,0.5216158379788522,0.012996585906616245,0.010727580996568882,0.07717117822015436,0.009321547888957143,0.1352956839292854,0.10080917053795474,0.0016495867768587722,,,,,,,,,,,,,,,,,,,,,,,,,,,,,,,,,,,,,,,,,,,,,,,,,,,,,,,,,,,0.0034077861028807494,,,,,,0.01678484251613834,,,,,,,,0.015860073730370627,,,,,,,,,,,,,,,,,,,,,,,,,,,,,
2022-11-14,0.0003037688230895857,0.0006311169150760387,0.0004992521448852688,0.003162432362192391,0.0003953040452740272,0.007381583781695151,0.0033667547954850377,,,0.007870974164310904,0.07606127683992502,0.5118605904764943,0.01315526917044602,0.0107349972663955,0.07861986524098875,0.009726725694082372,0.13970425976561257,0.10506336003928984,0.0017398993447634036,,,,,,,,,,,,,,,,,,,,,,,,,,,,,,,,,,,,,,,,,,,,,,,,,,,,,,,,,,,0.003399053228680326,,,,,,0.017412334910364084,,,,,,,,0.01597949190022924,,,,,,,,,,,,,,,,,,,,,,,,,,,,,
2022-11-15,0.00030432323338960355,0.0006270469399465867,0.0004968651649375441,0.003212635255684759,0.00040157940696057266,0.007197842815310286,0.003282278711913534,,,0.007607233282722835,0.07427205146568541,0.5021053429741363,0.013313952434275796,0.01074241353622212,0.08006855226182313,0.010131903499207602,0.14411283560193974,0.10931754954062492,0.001830211912668035,,,,,,,,,,,,,,,,,,,,,,,,,,,,,,,,,,,,,,,,,,,,,,,,,,,,,,,,,,,0.0033903203544799025,,,,,,0.018039827304589827,,,,,,,,0.01609891007008785,,,,,,,,,,,,,,,,,,,,,,,,,,,,,
2022-11-16,0.0003048776436896214,0.0006229769648171346,0.0004944781849898195,0.0032628381491771274,0.00040785476864711815,0.0070141018489254196,0.00319780262834203,,,0.007343492401134767,0.0724828260914458,0.49235009547177844,0.013472635698105574,0.010749829806048739,0.08151723928265753,0.010537081304332832,0.14852141143826691,0.11357173904196002,0.0019205244805726666,,,,,,,,,,,,,,,,,,,,,,,,,,,,,,,,,,,,,,,,,,,,,,,,,,,,,,,,,,,0.003381587480279479,,,,,,0.01866731969881557,,,,,,,,0.016218328239946463,,,,,,,,,,,,,,,,,,,,,,,,,,,,,
2022-11-17,0.00030543205398963927,0.0006189069896876826,0.0004920912050420948,0.0033130410426694956,0.0004141301303336636,0.006830360882540554,0.003113326544770526,,,0.007079751519546698,0.07069360071720619,0.48259484796942054,0.01363131896193535,0.010757246075875358,0.08296592630349192,0.01094225910945806,0.1529299872745941,0.11782592854329513,0.0020108370484772983,,,,,,,,,,,,,,,,,,,,,,,,,,,,,,,,,,,,,,,,,,,,,,,,,,,,,,,,,,,0.0033728546060790556,,,,,,0.019294812093041312,,,,,,,,0.016337746409805072,,,,,,,,,,,,,,,,,,,,,,,,,,,,,
2022-11-18,0.00030598646428965713,0.0006148370145582306,0.0004897042250943701,0.0033632439361618634,0.0004204054920202091,0.006646619916155689,0.003028850461199022,,,0.0068160106379586295,0.06890437534296659,0.4728396004670626,0.013790002225765126,0.010764662345701977,0.08441461332432632,0.01134743691458329,0.15733856311092126,0.1220801180446302,0.0021011496163819295,,,,,,,,,,,,,,,,,,,,,,,,,,,,,,,,,,,,,,,,,,,,,,,,,,,,,,,,,,,0.003364121731878632,,,,,,0.019922304487267055,,,,,,,,0.016457164579663685,,,,,,,,,,,,,,,,,,,,,,,,,,,,,
2022-11-19,0.000306540874589675,0.0006107670394287785,0.0004873172451466454,0.003413446829654232,0.0004266808537067545,0.006462878949770823,0.0029443743776275183,,,0.006552269756370561,0.06711514996872697,0.4630843529647046,0.013948685489594902,0.010772078615528596,0.08586330034516071,0.01175261471970852,0.1617471389472484,0.1263343075459653,0.002191462184286561,,,,,,,,,,,,,,,,,,,,,,,,,,,,,,,,,,,,,,,,,,,,,,,,,,,,,,,,,,,0.003355388857678209,,,,,,0.020549796881492798,,,,,,,,0.016576582749522294,,,,,,,,,,,,,,,,,,,,,,,,,,,,,
2022-11-20,0.00030709528488969285,0.0006066970642993265,0.0004849302651989207,0.0034636497231466,0.00043295621539329995,0.0062791379833859575,0.0028598982940560144,,,0.006288528874782493,0.06532592459448738,0.4533291054623467,0.014107368753424679,0.010779494885355215,0.0873119873659951,0.01215779252483375,0.1661557147835756,0.13058849704730038,0.002281774752191193,,,,,,,,,,,,,,,,,,,,,,,,,,,,,,,,,,,,,,,,,,,,,,,,,,,,,,,,,,,0.0033466559834777854,,,,,,0.02117728927571854,,,,,,,,0.016696000919380907,,,,,,,,,,,,,,,,,,,,,,,,,,,,,
2022-11-21,0.0003076496951897107,0.0006026270891698744,0.0004825432852511961,0.0035138526166389682,0.0004392315770798454,0.006095397017001092,0.0027754222104845105,,,0.0060247879931944245,0.06353669922024777,0.44357385795998877,0.014266052017254456,0.010786911155181834,0.08876067438682948,0.01256297032995898,0.17056429061990275,0.1348426865486355,0.002372087320095824,,,,,,,,,,,,,,,,,,,,,,,,,,,,,,,,,,,,,,,,,,,,,,,,,,,,,,,,,,,0.003337923109277362,,,,,,0.021804781669944283,,,,,,,,0.016815419089239517,,,,,,,,,,,,,,,,,,,,,,,,,,,,,
2022-11-22,0.00030820410548972857,0.0005985571140404224,0.0004801563053034714,0.0035640555101313365,0.0004455069387663909,0.005911656050616226,0.002690946126913006,,,0.005761047111606356,0.06174747384600816,0.4338186104576308,0.014424735281084232,0.010794327425008451,0.09020936140766388,0.012968148135084208,0.17497286645622995,0.13909687604997056,0.002462399888000456,,,,,,,,,,,,,,,,,,,,,,,,,,,,,,,,,,,,,,,,,,,,,,,,,,,,,,,,,,,0.003329190235076939,,,,,,0.022432274064170026,,,,,,,,0.01693483725909813,,,,,,,,,,,,,,,,,,,,,,,,,,,,,
2022-11-23,0.00030875851578974643,0.0005944871389109704,0.00047776932535574675,0.0036142584036237043,0.0004517823004529363,0.005727915084231361,0.0026064700433415023,,,0.005497306230018287,0.05995824847176856,0.4240633629552729,0.014583418544914007,0.01080174369483507,0.09165804842849826,0.013373325940209438,0.1793814422925571,0.14335106555130567,0.002552712455905087,,,,,,,,,,,,,,,,,,,,,,,,,,,,,,,,,,,,,,,,,,,,,,,,,,,,,,,,,,,0.0033204573608765155,,,,,,0.023059766458395768,,,,,,,,0.01705425542895674,,,,,,,,,,,,,,,,,,,,,,,,,,,,,
2022-11-24,0.0003093129260897643,0.0005904171637815183,0.00047538234540802206,0.003664461297116073,0.0004580576621394818,0.005544174117846495,0.0025219939597699984,,,0.005233565348430219,0.05816902309752895,0.41430811545291496,0.014742101808743784,0.01080915996466169,0.09310673544933265,0.013778503745334668,0.1837900181288843,0.14760525505264077,0.0026430250238097188,,,,,,,,,,,,,,,,,,,,,,,,,,,,,,,,,,,,,,,,,,,,,,,,,,,,,,,,,,,0.003311724486676092,,,,,,0.02368725885262151,,,,,,,,0.017173673598815352,,,,,,,,,,,,,,,,,,,,,,,,,,,,,
2022-11-25,0.00030986733638978215,0.0005863471886520663,0.00047299536546029737,0.003714664190608441,0.00046433302382602724,0.00536043315146163,0.0024375178761984946,,,0.00496982446684215,0.05637979772328935,0.40455286795055706,0.014900785072573561,0.010816576234488309,0.09455542247016704,0.014183681550459896,0.18819859396521144,0.15185944455397585,0.00273333759171435,,,,,,,,,,,,,,,,,,,,,,,,,,,,,,,,,,,,,,,,,,,,,,,,,,,,,,,,,,,0.0033029916124756686,,,,,,0.024314751246847253,,,,,,,,0.01729309176867396,,,,,,,,,,,,,,,,,,,,,,,,,,,,,
2022-11-26,0.0003104217466898,0.0005822772135226143,0.0004706083855125727,0.003764867084100809,0.0004706083855125727,0.005176692185076764,0.0023530417926269907,,,0.004706083585254082,0.054590572349049744,0.3947976204481991,0.015059468336403337,0.010823992504314928,0.09600410949100144,0.014588859355585126,0.1926071698015386,0.15611363405531095,0.0028236501596189817,,,,,,,,,,,,,,,,,,,,,,,,,,,,,,,,,,,,,,,,,,,,,,,,,,,,,,,,,,,0.003294258738275245,,,,,,0.024942243641072993,,,,,,,,0.017412509938532574,,,,,,,,,,,,,,,,,,,,,,,,,,,,,
2022-11-27,0.00031097615698981787,0.0005782072383931622,0.00048717118479541,0.003874866483134316,0.00046544184442606296,0.005294473760144433,0.0023388499953456553,,,0.004619495481307011,0.05357218120101976,0.38699331666742043,0.014727991611043609,0.010577112162642937,0.09478081297129388,0.01491761447970645,0.19404735377469617,0.1599249469672704,0.0028275736213007716,,,,,,,,,,,,,,,,,,,,,,,,,,,,,,,,,,,,,,,,,,,,,,,,,,,,,,,,,,,0.003234811149864097,,,,,,0.02507584857718118,,,,,,,,0.022192012814974165,,,,,,,,,,,,,,,,,,,,,,,,,,,,,
2022-11-28,0.0003115305672898357,0.0005741372632637102,0.0005037339840782473,0.003984865882167823,0.0004602753033395532,0.005412255335212102,0.00232465819806432,,,0.00453290737735994,0.052553790052989775,0.3791890128866418,0.014396514885683883,0.010330231820970946,0.09355751645158633,0.015246369603827775,0.19548753774785374,0.16373625987922982,0.0028314970829825615,,,,,,,,,,,,,,,,,,,,,,,,,,,,,,,,,,,,,,,,,,,,,,,,,,,,,,,,,,,0.0031753635614529493,,,,,,0.025209453513289366,,,,,,,,0.026971515691415753,,,,,,,,,,,,,,,,,,,,,,,,,,,,,
2022-11-29,0.00031208497758985354,0.0005700672881342582,0.0005202967833610847,0.004094865281201329,0.0004551087622530435,0.005530036910279771,0.0023104664007829847,,,0.004446319273412869,0.05153539890495979,0.37138470910586313,0.014065038160324155,0.010083351479298957,0.09233421993187879,0.0155751247279491,0.19692772172101128,0.16754757279118926,0.0028354205446643513,,,,,,,,,,,,,,,,,,,,,,,,,,,,,,,,,,,,,,,,,,,,,,,,,,,,,,,,,,,0.003115915973041801,,,,,,0.025343058449397552,,,,,,,,0.03175101856785734,,,,,,,,,,,,,,,,,,,,,,,,,,,,,
2022-11-30,0.0003126393878898714,0.000565997313004806,0.000536859582643922,0.004204864680234836,0.0004499422211665337,0.005647818485347441,0.0022962746035016493,,,0.0043597311694657985,0.05051700775692981,0.36358040532508445,0.013733561434964427,0.009836471137626967,0.09111092341217124,0.015903879852070424,0.19836790569416884,0.17135888570314872,0.0028393440063461417,,,,,,,,,,,,,,,,,,,,,,,,,,,,,,,,,,,,,,,,,,,,,,,,,,,,,,,,,,,0.003056468384630653,,,,,,0.025476663385505735,,,,,,,,0.036530521444298934,,,,,,,,,,,,,,,,,,,,,,,,,,,,,
2022-12-01,0.00031319379818988926,0.000561927337875354,0.0005534223819267593,0.0043148640792683435,0.000444775680080024,0.00576560006041511,0.0022820828062203135,,,0.004273143065518728,0.04949861660889983,0.3557761015443058,0.0134020847096047,0.009589590795954976,0.08988762689246368,0.016232634976191748,0.1998080896673264,0.17517019861510816,0.0028432674680279315,,,,,,,,,,,,,,,,,,,,,,,,,,,,,,,,,,,,,,,,,,,,,,,,,,,,,,,,,,,0.002997020796219505,,,,,,0.02561026832161392,,,,,,,,0.041310024320740525,,,,,,,,,,,,,,,,,,,,,,,,,,,,,
2022-12-02,0.0003137482084899071,0.000557857362745902,0.0005699851812095967,0.00442486347830185,0.0004396091389935143,0.005883381635482778,0.002267891008938978,,,0.004186554961571658,0.048480225460869844,0.34797179776352716,0.013070607984244973,0.009342710454282987,0.08866433037275613,0.016561390100313073,0.20124827364048398,0.1789815115270676,0.0028471909297097214,,,,,,,,,,,,,,,,,,,,,,,,,,,,,,,,,,,,,,,,,,,,,,,,,,,,,,,,,,,0.002937573207808357,,,,,,0.025743873257722108,,,,,,,,0.04608952719718211,,,,,,,,,,,,,,,,,,,,,,,,,,,,,
2022-12-03,0.000314302618789925,0.0005537873876164499,0.000586547980492434,0.004534862877335357,0.0004344425979070045,0.006001163210550448,0.002253699211657643,,,0.004099966857624587,0.04746183431283986,0.3401674939827485,0.012739131258885246,0.009095830112610996,0.08744103385304859,0.016890145224434397,0.20268845761364152,0.18279282443902703,0.0028511143913915113,,,,,,,,,,,,,,,,,,,,,,,,,,,,,,,,,,,,,,,,,,,,,,,,,,,,,,,,,,,0.002878125619397209,,,,,,0.025877478193830294,,,,,,,,0.0508690300736237,,,,,,,,,,,,,,,,,,,,,,,,,,,,,
2022-12-04,0.00031485702908994284,0.0005497174124869979,0.0006031107797752714,0.004644862276368863,0.0004292760568204948,0.006118944785618117,0.0022395074143763075,,,0.004013378753677516,0.046443443164809875,0.3323631902019698,0.01240765453352552,0.008848949770939005,0.08621773733334104,0.01721890034855572,0.20412864158679908,0.18660413735098647,0.002855037853073301,,,,,,,,,,,,,,,,,,,,,,,,,,,,,,,,,,,,,,,,,,,,,,,,,,,,,,,,,,,0.0028186780309860607,,,,,,0.02601108312993848,,,,,,,,0.05564853295006529,,,,,,,,,,,,,,,,,,,,,,,,,,,,,
2022-12-05,0.0003154114393899607,0.0005456474373575458,0.0006196735790581087,0.00475486167540237,0.000424109515733985,0.0062367263606857865,0.002225315617094972,,,0.003926790649730445,0.04542505201677989,0.32455888642119113,0.012076177808165792,0.008602069429267015,0.08499444081363348,0.017547655472677046,0.20556882555995665,0.19041545026294593,0.002858961314755091,,,,,,,,,,,,,,,,,,,,,,,,,,,,,,,,,,,,,,,,,,,,,,,,,,,,,,,,,,,0.002759230442574913,,,,,,0.026144688066046667,,,,,,,,0.06042803582650688,,,,,,,,,,,,,,,,,,,,,,,,,,,,,
2022-12-06,0.00031596584968997856,0.0005415774622280938,0.000636236378340946,0.0048648610744358774,0.0004189429746474753,0.006354507935753455,0.002211123819813637,,,0.0038402025457833742,0.044406660868749906,0.3167545826404125,0.011744701082806064,0.008355189087595024,0.08377114429392593,0.01787641059679837,0.2070090095331142,0.19422676317490536,0.002862884776436881,,,,,,,,,,,,,,,,,,,,,,,,,,,,,,,,,,,,,,,,,,,,,,,,,,,,,,,,,,,0.002699782854163765,,,,,,0.026278293002154854,,,,,,,,0.06520753870294847,,,,,,,,,,,,,,,,,,,,,,,,,,,,,
2022-12-07,0.0003165202599899964,0.0005375074870986418,0.0006527991776237834,0.004974860473469385,0.00041377643356096553,0.006472289510821124,0.0021969320225323015,,,0.0037536144418363034,0.04338826972071992,0.30895027885963383,0.011413224357446336,0.008108308745923035,0.08254784777421839,0.018205165720919694,0.20844919350627178,0.1980380760868648,0.0028668082381186713,,,,,,,,,,,,,,,,,,,,,,,,,,,,,,,,,,,,,,,,,,,,,,,,,,,,,,,,,,,0.0026403352657526167,,,,,,0.026411897938263037,,,,,,,,0.06998704157939006,,,,,,,,,,,,,,,,,,,,,,,,,,,,,
2022-12-08,0.0003170746702900143,0.0005334375119691897,0.0006693619769066207,0.005084859872502891,0.0004086098924744558,0.006590071085888794,0.002182740225250966,,,0.0036670263378892325,0.04236987857268994,0.3011459750788552,0.01108174763208661,0.007861428404251044,0.08132455125451084,0.01853392084504102,0.20988937747942932,0.20184938899882424,0.002870731699800461,,,,,,,,,,,,,,,,,,,,,,,,,,,,,,,,,,,,,,,,,,,,,,,,,,,,,,,,,,,0.002580887677341469,,,,,,0.026545502874371223,,,,,,,,0.07476654445583165,,,,,,,,,,,,,,,,,,,,,,,,,,,,,
2022-12-09,0.00031762908059003214,0.0005293675368397377,0.0006859247761894581,0.005194859271536397,0.00040344335138794605,0.0067078526609564626,0.002168548427969631,,,0.0035804382339421617,0.04135148742465995,0.29334167129807653,0.010750270906726882,0.0076145480625790535,0.08010125473480328,0.018862675969162343,0.21132956145258688,0.20566070191078367,0.002874655161482251,,,,,,,,,,,,,,,,,,,,,,,,,,,,,,,,,,,,,,,,,,,,,,,,,,,,,,,,,,,0.002521440088930321,,,,,,0.02667910781047941,,,,,,,,0.07954604733227325,,,,,,,,,,,,,,,,,,,,,,,,,,,,,
2022-12-10,0.00031818349089005,0.0005252975617102857,0.0007024875754722954,0.005304858670569904,0.00039827681030143633,0.006825634236024131,0.0021543566306882955,,,0.003493850129995091,0.040333096276629975,0.28553736751729786,0.010418794181367156,0.007367667720907064,0.07887795821509573,0.019191431093283667,0.21276974542574445,0.20947201482274314,0.002878578623164041,,,,,,,,,,,,,,,,,,,,,,,,,,,,,,,,,,,,,,,,,,,,,,,,,,,,,,,,,,,0.0024619925005191726,,,,,,0.026812712746587596,,,,,,,,0.08432555020871484,,,,,,,,,,,,,,,,,,,,,,,,,,,,,
2022-12-11,0.00031873790119006786,0.0005212275865808336,0.0007190503747551327,0.005414858069603411,0.0003931102692149266,0.006943415811091801,0.0021401648334069597,,,0.0034072620260480204,0.03931470512859999,0.2777330637365192,0.010087317456007428,0.007120787379235074,0.07765466169538818,0.01952018621740499,0.21420992939890202,0.21328332773470254,0.0028825020848458308,,,,,,,,,,,,,,,,,,,,,,,,,,,,,,,,,,,,,,,,,,,,,,,,,,,,,,,,,,,0.0024025449121080245,,,,,,0.026946317682695783,,,,,,,,0.08910505308515643,,,,,,,,,,,,,,,,,,,,,,,,,,,,,
2022-12-12,0.0003192923114900857,0.0005171576114513816,0.00073561317403797,0.0055248574686369185,0.00038794372812841685,0.00706119738615947,0.0021259730361256244,,,0.0033206739221009495,0.038296313980570006,0.2699287599557405,0.0097558407306477,0.006873907037563083,0.07643136517568064,0.019848941341526316,0.21565011337205958,0.217094640646662,0.0028864255465276207,,,,,,,,,,,,,,,,,,,,,,,,,,,,,,,,,,,,,,,,,,,,,,,,,,,,,,,,,,,0.0023430973236968763,,,,,,0.02707992261880397,,,,,,,,0.09388455596159802,,,,,,,,,,,,,,,,,,,,,,,,,,,,,
2022-12-13,0.0003198467217901036,0.0005130876363219296,0.0007521759733208073,0.005634856867670425,0.00038277718704190713,0.007178978961227139,0.002111781238844289,,,0.0032340858181538787,0.03727792283254002,0.2621244561749619,0.009424364005287972,0.006627026695891092,0.07520806865597308,0.02017769646564764,0.21709029734521712,0.22090595355862144,0.0028903490082094105,,,,,,,,,,,,,,,,,,,,,,,,,,,,,,,,,,,,,,,,,,,,,,,,,,,,,,,,,,,0.0022836497352857286,,,,,,0.027213527554912156,,,,,,,,0.09866405883803961,,,,,,,,,,,,,,,,,,,,,,,,,,,,,
2022-12-14,0.00032040113209012144,0.0005090176611924775,0.0007687387726036447,0.005744856266703931,0.00037761064595539736,0.007296760536294808,0.0020975894415629537,,,0.0031474977142068082,0.03625953168451004,0.2543201523941832,0.009092887279928245,0.006380146354219103,0.07398477213626553,0.020506451589768965,0.2185304813183747,0.22471726647058088,0.002894272469891201,,,,,,,,,,,,,,,,,,,,,,,,,,,,,,,,,,,,,,,,,,,,,,,,,,,,,,,,,,,0.0022242021468745804,,,,,,0.02734713249102034,,,,,,,,0.1034435617144812,,,,,,,,,,,,,,,,,,,,,,,,,,,,,
2022-12-15,0.00032095554239013925,0.0005049476860630255,0.000785301571886482,0.005854855665737438,0.00037244410486888765,0.007414542111362478,0.0020833976442816184,,,0.0030609096102597374,0.03524114053648006,0.24651584861340456,0.008761410554568519,0.006133266012547113,0.07276147561655799,0.02083520671389029,0.21997066529153225,0.22852857938254034,0.0028981959315729907,,,,,,,,,,,,,,,,,,,,,,,,,,,,,,,,,,,,,,,,,,,,,,,,,,,,,,,,,,,0.0021647545584634323,,,,,,0.027480737427128525,,,,,,,,0.10822306459092279,,,,,,,,,,,,,,,,,,,,,,,,,,,,,
2022-12-16,0.0003215099526901571,0.0005008777109335733,0.0008018643711693195,0.005964855064770945,0.00036727756378237793,0.007532323686430147,0.002069205847000283,,,0.0029743215063126665,0.034222749388450074,0.23871154483262588,0.00842993382920879,0.005886385670875122,0.07153817909685044,0.021163961838011613,0.22141084926468982,0.23233989229449975,0.0029021193932547806,,,,,,,,,,,,,,,,,,,,,,,,,,,,,,,,,,,,,,,,,,,,,,,,,,,,,,,,,,,0.0021053069700522845,,,,,,0.02761434236323671,,,,,,,,0.11300256746736438,,,,,,,,,,,,,,,,,,,,,,,,,,,,,
2022-12-17,0.00032206436299017497,0.0004968077358041213,0.0008184271704521568,0.0060748544638044525,0.00036211102269586816,0.0076501052614978155,0.0020550140497189477,,,0.0028877334023655957,0.03320435824042009,0.23090724105184723,0.008098457103849065,0.005639505329203131,0.07031488257714288,0.021492716962132934,0.22285103323784738,0.2361512052064592,0.0029060428549365705,,,,,,,,,,,,,,,,,,,,,,,,,,,,,,,,,,,,,,,,,,,,,,,,,,,,,,,,,,,0.0020458593816411364,,,,,,0.027747947299344898,,,,,,,,0.11778207034380597,,,,,,,,,,,,,,,,,,,,,,,,,,,,,
2022-12-18,0.00032261877329019283,0.0004927377606746693,0.0008349899697349941,0.00618485386283796,0.00035694448160935845,0.007767886836565485,0.0020408222524376123,,,0.002801145298418525,0.032185967092390105,0.22310293727106856,0.007766980378489337,0.0053926249875311414,0.06909158605743533,0.02182147208625426,0.22429121721100492,0.23996251811841865,0.0029099663166183604,,,,,,,,,,,,,,,,,,,,,,,,,,,,,,,,,,,,,,,,,,,,,,,,,,,,,,,,,,,0.001986411793229988,,,,,,0.027881552235453085,,,,,,,,0.12256157322024756,,,,,,,,,,,,,,,,,,,,,,,,,,,,,
2022-12-19,0.0003231731835902107,0.0004886677855452172,0.0008515527690178314,0.006294853261871466,0.0003517779405228487,0.007885668411633153,0.002026630455156277,,,0.002714557194471454,0.03116757594436012,0.2152986334902899,0.007435503653129609,0.005145744645859152,0.06786828953772778,0.022150227210375583,0.2257314011841625,0.24377383103037809,0.0029138897783001503,,,,,,,,,,,,,,,,,,,,,,,,,,,,,,,,,,,,,,,,,,,,,,,,,,,,,,,,,,,0.0019269642048188403,,,,,,0.02801515717156127,,,,,,,,0.12734107609668915,,,,,,,,,,,,,,,,,,,,,,,,,,,,,
2022-12-20,0.00032372759389022855,0.0004845978104157652,0.0008681155683006687,0.006404852660904972,0.00034661139943633896,0.008003449986700823,0.0020124386578749412,,,0.002627969090524383,0.030149184796330136,0.20749432970951126,0.007104026927769883,0.004898864304187161,0.06664499301802024,0.022478982334496907,0.22717158515732006,0.24758514394233752,0.00291781323998194,,,,,,,,,,,,,,,,,,,,,,,,,,,,,,,,,,,,,,,,,,,,,,,,,,,,,,,,,,,0.0018675166164076923,,,,,,0.028148762107669457,,,,,,,,0.13212057897313073,,,,,,,,,,,,,,,,,,,,,,,,,,,,,
2022-12-21,0.0003242820041902464,0.0004805278352863132,0.000884678367583506,0.006514852059938479,0.00034144485834982925,0.008121231561768492,0.001998246860593606,,,0.0025413809865773127,0.02913079364830015,0.19969002592873258,0.006772550202410155,0.00465198396251517,0.06542169649831268,0.022807737458618232,0.22861176913047762,0.25139645685429696,0.0029217367016637305,,,,,,,,,,,,,,,,,,,,,,,,,,,,,,,,,,,,,,,,,,,,,,,,,,,,,,,,,,,0.0018080690279965441,,,,,,0.028282367043777644,,,,,,,,0.1369000818495723,,,,,,,,,,,,,,,,,,,,,,,,,,,,,
2022-12-22,0.0003248364144902643,0.0004764578601568611,0.0009012411668663433,0.0066248514589719865,0.0003362783172633195,0.00823901313683616,0.0019840550633122706,,,0.002454792882630242,0.028112402500270167,0.19188572214795394,0.006441073477050427,0.00440510362084318,0.06419839997860513,0.023136492582739556,0.2300519531036352,0.2552077697662564,0.0029256601633455203,,,,,,,,,,,,,,,,,,,,,,,,,,,,,,,,,,,,,,,,,,,,,,,,,,,,,,,,,,,0.0017486214395853962,,,,,,0.028415971979885827,,,,,,,,0.1416795847260139,,,,,,,,,,,,,,,,,,,,,,,,,,,,,
2022-12-23,0.00032539082479028213,0.0004723878850274091,0.0009178039661491808,0.006734850858005494,0.0003311117761768097,0.00835679471190383,0.001969863266030935,,,0.002368204778683171,0.027094011352240186,0.18408141836717526,0.006109596751690699,0.0041582232791711905,0.06297510345889759,0.02346524770686088,0.23149213707679273,0.25901908267821583,0.00292958362502731,,,,,,,,,,,,,,,,,,,,,,,,,,,,,,,,,,,,,,,,,,,,,,,,,,,,,,,,,,,0.001689173851174248,,,,,,0.028549576915994013,,,,,,,,0.14645908760245552,,,,,,,,,,,,,,,,,,,,,,,,,,,,,
2022-12-24,0.0003259452350903,0.0004683179098979571,0.0009343667654320181,0.006844850257039,0.0003259452350903,0.0084745762869715,0.0019556714687496,,,0.0022816166747361,0.0260756202042102,0.1762771145863966,0.005778120026330973,0.0039113429374992,0.06175180693919003,0.023794002830982205,0.2329323210499503,0.2628303955901753,0.0029335070867091,,,,,,,,,,,,,,,,,,,,,,,,,,,,,,,,,,,,,,,,,,,,,,,,,,,,,,,,,,,0.0016297262627631,,,,,,0.0286831818521022,,,,,,,,0.1512385904788971,0.0019556714687496,,,,,,,,,,,,,,,,,,,,,,,,,,,,
2022-12-25,0.0003675280627378493,0.000464247934768505,0.0009509295647148555,0.00665101397732665,0.00035227132840577857,0.00823519116966047,0.0020630053726822784,,,0.0022490950406270803,0.02528356036470663,0.17166010468182236,0.005635036918328535,0.0037843077828125606,0.06006871905879342,0.023247952972139625,0.2284330193727434,0.259344586933201,0.00324637591672525,,,,,,,,,,,,,,,,,,,,,,,,,,,,,,,,,,,,,,,,,,,,,,,,,,,,,,,,,,,0.0015841774178884643,,,,,,0.028475648124835242,,,,,,,,0.16720572704231584,0.0021515950211323355,,,,,,,,,,,,,,,,,,,,,,,,,,,,
2022-12-26,0.00040911089038539857,0.000460177959639053,0.0009674923639976928,0.0064571776976143,0.00037859742172125714,0.007995806052349442,0.002170339276614957,,,0.002216573406518061,0.024491500525203058,0.16704309477724807,0.005491953810326097,0.003657272628125921,0.05838563117839681,0.022701903113297048,0.2239337176955365,0.2558587782762268,0.0035592447467414,,,,,,,,,,,,,,,,,,,,,,,,,,,,,,,,,,,,,,,,,,,,,,,,,,,,,,,,,,,0.0015386285730138287,,,,,,0.028268114397568284,,,,,,,,0.1831728636057346,0.002347518573515071,,,,,,,,,,,,,,,,,,,,,,,,,,,,
2022-12-27,0.0004506937180329478,0.000456107984509601,0.0009840551632805301,0.0062633414179019496,0.0004049235150367357,0.007756420935038414,0.002277673180547636,,,0.002184051772409041,0.023699440685699485,0.16242608487267382,0.005348870702323658,0.003530237473439282,0.0567025432980002,0.022155853254454468,0.2194344160183296,0.2523729696192525,0.00387211357675755,,,,,,,,,,,,,,,,,,,,,,,,,,,,,,,,,,,,,,,,,,,,,,,,,,,,,,,,,,,0.0014930797281391928,,,,,,0.028060580670301326,,,,,,,,0.19914000016915334,0.002543442125897807,,,,,,,,,,,,,,,,,,,,,,,,,,,,
2022-12-28,0.0004922765456804971,0.0004520380093801489,0.0010006179625633674,0.0060695051381896,0.0004312496083522143,0.007517035817727386,0.0023850070844803144,,,0.0021515301383000216,0.022907380846195917,0.15780907496809957,0.00520578759432122,0.0034032023187526425,0.055019455417603585,0.02160980339561189,0.21493511434112272,0.2488871609622782,0.0041849824067737,,,,,,,,,,,,,,,,,,,,,,,,,,,,,,,,,,,,,,,,,,,,,,,,,,,,,,,,,,,0.0014475308832645572,,,,,,0.02785304694303437,,,,,,,,0.2151071367325721,0.0027393656782805425,,,,,,,,,,,,,,,,,,,,,,,,,,,,
2022-12-29,0.0005338593733280465,0.0004479680342506969,0.0010171807618462047,0.00587566885847725,0.0004575757016676928,0.007277650700416357,0.002492340988412993,,,0.002119008504191002,0.022115321006692345,0.15319206506352528,0.005062704486318782,0.0032761671640660034,0.053336367537206976,0.02106375353676931,0.2104358126639158,0.24540135230530394,0.0044978512367898505,,,,,,,,,,,,,,,,,,,,,,,,,,,,,,,,,,,,,,,,,,,,,,,,,,,,,,,,,,,0.0014019820383899214,,,,,,0.02764551321576741,,,,,,,,0.23107427329599084,0.002935289230663278,,,,,,,,,,,,,,,,,,,,,,,,,,,,
2022-12-30,0.0005754422009755958,0.00044389805912124476,0.001033743561129042,0.0056818325787649,0.00048390179498317143,0.007038265583105328,0.0025996748923456715,,,0.0020864868700819824,0.021323261167188773,0.14857505515895103,0.004919621378316343,0.0031491320093793643,0.051653279656810366,0.020517703677926734,0.20593651098670893,0.24191554364832965,0.004810720066806,,,,,,,,,,,,,,,,,,,,,,,,,,,,,,,,,,,,,,,,,,,,,,,,,,,,,,,,,,,0.0013564331935152858,,,,,,0.027437979488500453,,,,,,,,0.2470414098594096,0.0031312127830460143,,,,,,,,,,,,,,,,,,,,,,,,,,,,
2022-12-31,0.000617025028623145,0.00043982808399179276,0.0010503063604118796,0.00548799629905255,0.00051022788829865,0.0067988804657943,0.00270700879627835,,,0.0020539652359729626,0.0205312013276852,0.14395804525437678,0.004776538270313905,0.0030220968546927247,0.04997019177641376,0.019971653819084154,0.20143720930950204,0.2384297349913554,0.00512358889682215,,,,,,,,,,,,,,,,,,,,,,,,,,,,,,,,,,,,,,,,,,,,,,,,,,,,,,,,,,,0.00131088434864065,,,,,,0.027230445761233492,,,,,,,,0.26300854642282834,0.00332713633542875,,,,,,,,,,,,,,,,,,,,,,,,,,,,
2023-01-01,0.0006586078562706943,0.00043575810886234076,0.0010668691596947169,0.0052941600193402,0.0005365539816141286,0.006559495348483271,0.0028143427002110285,,,0.0020214436018639427,0.01973914148818163,0.1393410353498025,0.004633455162311466,0.0028950617000060856,0.04828710389601715,0.019425603960241573,0.19693790763229513,0.2349439263343811,0.0054364577268383,,,,,,,,,,,,,,,,,,,,,,,,,,,,,,,,,,,,,,,,,,,,,,,,,,,,,,,,,,,0.0012653355037660144,,,,,,0.027022912033966534,,,,,,,,0.2789756829862471,0.0035230598878114856,,,,,,,,,,,,,,,,,,,,,,,,,,,,
2023-01-02,0.0007001906839182436,0.00043168813373288865,0.0010834319589775542,0.00510032373962785,0.0005628800749296071,0.006320110231172243,0.002921676604143707,,,0.0019889219677549233,0.01894708164867806,0.13472402544522824,0.004490372054309028,0.0027680265453194465,0.04660401601562053,0.018879554101398997,0.19243860595508824,0.23145811767740684,0.0057493265568544505,,,,,,,,,,,,,,,,,,,,,,,,,,,,,,,,,,,,,,,,,,,,,,,,,,,,,,,,,,,0.0012197866588913786,,,,,,0.026815378306699576,,,,,,,,0.29494281954966584,0.0037189834401942213,,,,,,,,,,,,,,,,,,,,,,,,,,,,
2023-01-03,0.0007417735115657928,0.00042761815860343664,0.0010999947582603915,0.0049064874599155,0.0005892061682450857,0.006080725113861214,0.003029010508076386,,,0.0019564003336459035,0.018155021809174485,0.13010701554065396,0.00434728894630659,0.002640991390632807,0.04492092813522393,0.01833350424255642,0.18793930427788136,0.22797230902043256,0.0060621953868706,,,,,,,,,,,,,,,,,,,,,,,,,,,,,,,,,,,,,,,,,,,,,,,,,,,,,,,,,,,0.001174237814016743,,,,,,0.02660784457943262,,,,,,,,0.3109099561130846,0.003914906992576957,,,,,,,,,,,,,,,,,,,,,,,,,,,,
2023-01-04,0.0007833563392133421,0.00042354818347398464,0.0011165575575432288,0.004712651180203149,0.0006155322615605642,0.005841339996550185,0.003136344412009064,,,0.001923878699536884,0.017362961969670916,0.1254900056360797,0.004204205838304152,0.002513956235946168,0.04323784025482731,0.01778745438371384,0.18344000260067445,0.2244865003634583,0.00637506421688675,,,,,,,,,,,,,,,,,,,,,,,,,,,,,,,,,,,,,,,,,,,,,,,,,,,,,,,,,,,0.0011286889691421071,,,,,,0.02640031085216566,,,,,,,,0.32687709267650333,0.004110830544959693,,,,,,,,,,,,,,,,,,,,,,,,,,,,
2023-01-05,0.0008249391668608914,0.00041947820834453253,0.0011331203568260661,0.0045188149004907995,0.0006418583548760428,0.005601954879239157,0.003243678315941743,,,0.0018913570654278643,0.016570902130167344,0.12087299573150545,0.0040611227303017135,0.002386921081259529,0.0415547523744307,0.01724140452487126,0.17894070092346756,0.221000691706484,0.0066879330469029,,,,,,,,,,,,,,,,,,,,,,,,,,,,,,,,,,,,,,,,,,,,,,,,,,,,,,,,,,,0.0010831401242674715,,,,,,0.026192777124898703,,,,,,,,0.3428442292399221,0.004306754097342429,,,,,,,,,,,,,,,,,,,,,,,,,,,,
2023-01-06,0.0008665219945084407,0.0004154082332150805,0.0011496831561089034,0.00432497862077845,0.0006681844481915214,0.005362569761928129,0.0033510122198744216,,,0.0018588354313188449,0.015778842290663772,0.11625598582693118,0.0039180396222992745,0.0022598859265728893,0.03987166449403409,0.016695354666028683,0.17444139924626068,0.21751488304950975,0.0070008018769190505,,,,,,,,,,,,,,,,,,,,,,,,,,,,,,,,,,,,,,,,,,,,,,,,,,,,,,,,,,,0.0010375912793928357,,,,,,0.025985243397631745,,,,,,,,0.35881136580334083,0.004502677649725164,,,,,,,,,,,,,,,,,,,,,,,,,,,,
2023-01-07,0.00090810482215599,0.0004113382580856285,0.0011662459553917408,0.0041311423410661,0.000694510541507,0.0051231846446171,0.0034583461238071,,,0.001826313797209825,0.0149867824511602,0.11163897592235691,0.0037749565142968368,0.00213285077188625,0.03818857661363748,0.016149304807186102,0.16994209756905376,0.2140290743925355,0.0073136707069352,,,,,,,,,,,,,,,,,,,,,,,,,,,,,,,,,,,,,,,,,,,,,,,,,,,,,,,,,,,0.0009920424345182,,,,,,0.025777709670364787,,,,,,,,0.3747785023667596,0.0046986012021079,,,,,,,,,,,,,,,,,,,,,,,,,,,,
2023-01-08,0.0009496876498035393,0.0004072682829561764,0.001182808754674578,0.00393730606135375,0.0007208366348224785,0.0048837995273060715,0.003565680027739779,,,0.0017937921631008054,0.01419472261165663,0.10702196601778266,0.003631873406294398,0.002005815617199611,0.03650548873324087,0.015603254948343524,0.16544279589184688,0.2105432657355612,0.00762653953695135,,,,,,,,,,,,,,,,,,,,,,,,,,,,,,,,,,,,,,,,,,,,,,,,,,,,,,,,,,,0.0009464935896435643,,,,,,0.02557017594309783,,,,,,,,0.39074563893017833,0.004894524754490636,,,,,,,,,,,,,,,,,,,,,,,,,,,,
2023-01-09,0.0009912704774510885,0.0004031983078267244,0.0011993715539574154,0.0037434697816413997,0.000747162728137957,0.004644414409995043,0.003673013931672457,,,0.0017612705289917858,0.013402662772153058,0.10240495611320839,0.00348879029829196,0.0018787804625129715,0.03482240085284426,0.015057205089500945,0.16094349421464,0.20705745707858692,0.0079394083669675,,,,,,,,,,,,,,,,,,,,,,,,,,,,,,,,,,,,,,,,,,,,,,,,,,,,,,,,,,,0.0009009447447689286,,,,,,0.025362642215830872,,,,,,,,0.4067127754935971,0.005090448306873371,,,,,,,,,,,,,,,,,,,,,,,,,,,,
2023-01-10,0.001032853305098638,0.0003991283326972724,0.0012159343532402527,0.00354963350192905,0.0007734888214534357,0.004405029292684015,0.003780347835605136,,,0.0017287488948827662,0.012610602932649486,0.09778794620863412,0.003345707190289522,0.0017517453078263324,0.033139312972447654,0.014511155230658367,0.15644419253743308,0.20357164842161266,0.00825227719698365,,,,,,,,,,,,,,,,,,,,,,,,,,,,,,,,,,,,,,,,,,,,,,,,,,,,,,,,,,,0.0008553958998942929,,,,,,0.025155108488563914,,,,,,,,0.4226799120570158,0.005286371859256107,,,,,,,,,,,,,,,,,,,,,,,,,,,,
2023-01-11,0.001074436132746187,0.0003950583575678203,0.00123249715252309,0.0033557972222166997,0.0007998149147689143,0.004165644175372986,0.0038876817395378147,,,0.0016962272607737466,0.011818543093145915,0.09317093630405987,0.0032026240822870832,0.001624710153139693,0.03145622509205104,0.013965105371815788,0.1519448908602262,0.2000858397646384,0.008565146026999801,,,,,,,,,,,,,,,,,,,,,,,,,,,,,,,,,,,,,,,,,,,,,,,,,,,,,,,,,,,0.0008098470550196572,,,,,,0.024947574761296956,,,,,,,,0.4386470486204346,0.005482295411638843,,,,,,,,,,,,,,,,,,,,,,,,,,,,
2023-01-12,0.0011160189603937364,0.0003909883824383683,0.0012490599518059273,0.00316196094250435,0.0008261410080843928,0.003926259058061958,0.003995015643470493,,,0.0016637056266647268,0.011026483253642343,0.0885539263994856,0.003059540974284645,0.0014976749984530538,0.029773137211654428,0.01341905551297321,0.1474455891830193,0.1966000311076641,0.00887801485701595,,,,,,,,,,,,,,,,,,,,,,,,,,,,,,,,,,,,,,,,,,,,,,,,,,,,,,,,,,,0.0007642982101450215,,,,,,0.02474004103403,,,,,,,,0.4546141851838533,0.005678218964021578,,,,,,,,,,,,,,,,,,,,,,,,,,,,
2023-01-13,0.0011576017880412857,0.0003869184073089162,0.0012656227510887646,0.0029681246627919996,0.0008524671013998713,0.0036868739407509288,0.004102349547403171,,,0.0016311839925557074,0.010234423414138771,0.08393691649491133,0.0029164578662822065,0.0013706398437664143,0.02809004933125782,0.012873005654130631,0.1429462875058124,0.19311422245068982,0.0091908836870321,,,,,,,,,,,,,,,,,,,,,,,,,,,,,,,,,,,,,,,,,,,,,,,,,,,,,,,,,,,0.0007187493652703857,,,,,,0.02453250730676304,,,,,,,,0.4705813217472721,0.005874142516404314,,,,,,,,,,,,,,,,,,,,,,,,,,,,
2023-01-14,0.001199184615688835,0.0003828484321794642,0.0012821855503716022,0.0027742883830796494,0.00087879319471535,0.0034474888234399008,0.00420968345133585,,,0.0015986623584466875,0.0094423635746352,0.07931990659033708,0.0027733747582797683,0.0012436046890797752,0.02640696145086121,0.012326955795288051,0.1384469858286055,0.18962841379371556,0.00950375251704825,,,,,,,,,,,,,,,,,,,,,,,,,,,,,,,,,,,,,,,,,,,,,,,,,,,,,,,,,,,0.00067320052039575,,,,,,0.024324973579496083,,,,,,,,0.4865484583106908,0.00607006606878705,,,,,,,,,,,,,,,,,,,,,,,,,,,,
2023-01-15,0.0012407674433363844,0.0003787784570500122,0.0012987483496544395,0.0025804521033672995,0.0009051192880308285,0.003208103706128872,0.004317017355268529,,,0.001566140724337668,0.008650303735131627,0.07470289668576281,0.00263029165027733,0.001116569534393136,0.0247238735704646,0.011780905936445473,0.13394768415139863,0.1861426051367413,0.009816621347064399,,,,,,,,,,,,,,,,,,,,,,,,,,,,,,,,,,,,,,,,,,,,,,,,,,,,,,,,,,,0.0006276516755211142,,,,,,0.024117439852229125,,,,,,,,0.5025155948741096,0.006265989621169785,,,,,,,,,,,,,,,,,,,,,,,,,,,,
2023-01-16,0.0012823502709839335,0.00037470848192056006,0.0013153111489372768,0.0023866158236549497,0.0009314453813463071,0.002968718588817843,0.004424351259201207,,,0.0015336190902286483,0.007858243895628059,0.07008588678118854,0.0024872085422748915,0.0009895343797064965,0.023040785690067983,0.011234856077602894,0.12944838247419171,0.18265679647976701,0.01012949017708055,,,,,,,,,,,,,,,,,,,,,,,,,,,,,,,,,,,,,,,,,,,,,,,,,,,,,,,,,,,0.0005821028306464786,,,,,,0.023909906124962167,,,,,,,,0.5184827314375283,0.006461913173552521,,,,,,,,,,,,,,,,,,,,,,,,,,,,
2023-01-17,0.001323933098631483,0.00037063850679110806,0.001331873948220114,0.0021927795439426,0.0009577714746617856,0.002729333471506815,0.004531685163133886,,,0.0015010974561196287,0.007066184056124487,0.06546887687661429,0.0023441254342724534,0.0008624992250198574,0.021357697809671373,0.010688806218760316,0.12494908079698483,0.17917098782279275,0.0104423590070967,,,,,,,,,,,,,,,,,,,,,,,,,,,,,,,,,,,,,,,,,,,,,,,,,,,,,,,,,,,0.0005365539857718428,,,,,,0.023702372397695206,,,,,,,,0.5344498680009471,0.0066578367259352575,,,,,,,,,,,,,,,,,,,,,,,,,,,,
2023-01-18,0.001365515926279032,0.00036656853166165606,0.0013484367475029516,0.00199894326423025,0.0009840975679772644,0.002489948354195786,0.004639019067066565,,,0.001468575822010609,0.006274124216620915,0.06085186697204002,0.002201042326270015,0.0007354640703332183,0.019674609929274764,0.010142756359917737,0.12044977911977793,0.1756851791658185,0.01075522783711285,,,,,,,,,,,,,,,,,,,,,,,,,,,,,,,,,,,,,,,,,,,,,,,,,,,,,,,,,,,0.0004910051408972072,,,,,,0.023494838670428248,,,,,,,,0.5504170045643658,0.006853760278317993,,,,,,,,,,,,,,,,,,,,,,,,,,,,
2023-01-19,0.0014070987539265816,0.00036249855653220395,0.001364999546785789,0.0018051069845178994,0.0010104236612927427,0.002250563236884758,0.004746352970999243,,,0.0014360541879015894,0.005482064377117343,0.056234857067465754,0.0020579592182675766,0.0006084289156465788,0.017991522048878154,0.009596706501075159,0.11595047744257103,0.1721993705088442,0.011068096667129,,,,,,,,,,,,,,,,,,,,,,,,,,,,,,,,,,,,,,,,,,,,,,,,,,,,,,,,,,,0.00044545629602257136,,,,,,0.02328730494316129,,,,,,,,0.5663841411277846,0.007049683830700729,,,,,,,,,,,,,,,,,,,,,,,,,,,,
2023-01-20,0.0014486815815741307,0.00035842858140275194,0.0013815623460686263,0.0016112707048055496,0.0010367497546082214,0.002011178119573729,0.0048536868749319215,,,0.0014035325537925698,0.0046900045376137706,0.051617847162891486,0.0019148761102651384,0.0004813937609599397,0.016308434168481545,0.00905065664223258,0.11145117576536413,0.16871356185186992,0.01138096549714515,,,,,,,,,,,,,,,,,,,,,,,,,,,,,,,,,,,,,,,,,,,,,,,,,,,,,,,,,,,0.00039990745114793576,,,,,,0.023079771215894333,,,,,,,,0.5823512776912033,0.0072456073830834645,,,,,,,,,,,,,,,,,,,,,,,,,,,,
2023-01-21,0.0014902644092216798,0.0003543586062733,0.0013981251453514636,0.0014174344250932,0.0010630758479237,0.0017717930022627002,0.0049610207788646,,,0.00137101091968355,0.0038979446981102003,0.04700083725831721,0.0017717930022627002,0.0003543586062733,0.014625346288084935,0.00850460678339,0.10695187408815725,0.16522775319489566,0.0116938343271613,,,,,,0.0003543586062733,,,,,,,,,,,,,,,,,,,,,,,,,,,,,,,,,,,,,,,,,,,,,,,,,,,,,0.0003543586062733,,,,,,0.022872237488627375,,,,,,,,0.5983184142546221,0.0074415309354662,,,,,,0.0010630758479237,,,,,,,,,,,,,,,,,,,,,,
2023-01-22,0.0015318472368692293,,0.0014146879446343009,0.0013832548086481213,0.0011168344755700809,0.0017907298835260395,0.004833170591155044,,,0.0013384892855745306,0.0038080615132847287,0.045634653706514754,,0.00037458902495147143,0.014218113784279094,0.008266642993216226,0.10392740958479119,0.1614374506178421,0.01170371645795446,,,,,,0.0004074751081394071,,,,,,,,,,,,,,,,,,,,,,,,,,,,,,,,,,,,,,,,,,,,,,,,,,,,,0.0003581459833575036,,,,,,0.022532220065061476,,,,,,,,0.6076490567489105,0.007521065850076843,,,,,,0.0010579949365429285,,,,,,,,,,,,,,,,,,,,,,
2023-01-23,0.0015734300645167784,,0.0014312507439171382,0.001349075192203043,0.0011705931032164618,0.0018096667647893789,0.004705320403445486,,,0.0013059676514655108,0.0037181783284592576,0.044268470154712296,,0.00039481944362964287,0.013810881280473255,0.00802867920304245,0.10090294508142512,0.15764714804078853,0.01171359858874762,,,,,,0.0004605916100055143,,,,,,,,,,,,,,,,,,,,,,,,,,,,,,,,,,,,,,,,,,,,,,,,,,,,,0.0003619333604417071,,,,,,0.022192202641495577,,,,,,,,0.6169796992431987,0.007600600764687486,,,,,,0.0010529140251621571,,,,,,,,,,,,,,,,,,,,,,
2023-01-24,0.001615012892164328,,0.0014478135431999755,0.0013148955757579643,0.0012243517308628427,0.001828603646052718,0.004577470215735929,,,0.0012734460173564912,0.003628295143633786,0.04290228660290984,,0.0004150498623078143,0.013403648776667413,0.007790715412868675,0.09787848057805906,0.15385684546373496,0.011723480719540783,,,,,,0.0005137081118716214,,,,,,,,,,,,,,,,,,,,,,,,,,,,,,,,,,,,,,,,,,,,,,,,,,,,,0.0003657207375259107,,,,,,0.021852185217929677,,,,,,,,0.6263103417374871,0.007680135679298128,,,,,,0.0010478331137813855,,,,,,,,,,,,,,,,,,,,,,
2023-01-25,0.001656595719811877,,0.0014643763424828128,0.0012807159593128856,0.0012781103585092237,0.0018475405273160573,0.004449620028026372,,,0.0012409243832474715,0.0035384119588083144,0.04153610305110738,,0.0004352802809859857,0.012996416272861574,0.0075527516226949,0.094854016074693,0.15006654288668136,0.011733362850333943,,,,,,0.0005668246137377286,,,,,,,,,,,,,,,,,,,,,,,,,,,,,,,,,,,,,,,,,,,,,,,,,,,,,0.00036950811461011426,,,,,,0.02151216779436378,,,,,,,,0.6356409842317755,0.007759670593908772,,,,,,0.0010427522024006142,,,,,,,,,,,,,,,,,,,,,,
2023-01-26,0.0016981785474594266,,0.0014809391417656501,0.0012465363428678072,0.0013318689861556046,0.0018664774085793965,0.004321769840316815,,,0.001208402749138452,0.003448528773982843,0.04016991949930492,,0.00045551069966415713,0.012589183769055733,0.007314787832521125,0.09182955157132694,0.1462762403096278,0.011743244981127103,,,,,,0.0006199411156038357,,,,,,,,,,,,,,,,,,,,,,,,,,,,,,,,,,,,,,,,,,,,,,,,,,,,,0.00037329549169431785,,,,,,0.02117215037079788,,,,,,,,0.6449716267260639,0.007839205508519414,,,,,,0.0010376712910198428,,,,,,,,,,,,,,,,,,,,,,
2023-01-27,0.0017397613751069757,,0.0014975019410484874,0.0012123567264227285,0.0013856276138019858,0.001885414289842736,0.004193919652607257,,,0.0011758811150294323,0.0033586455891573717,0.038803735947502464,,0.00047574111834232857,0.012181951265249891,0.00707682404234735,0.08880508706796086,0.14248593773257423,0.011753127111920263,,,,,,0.0006730576174699429,,,,,,,,,,,,,,,,,,,,,,,,,,,,,,,,,,,,,,,,,,,,,,,,,,,,,0.00037708286877852145,,,,,,0.02083213294723198,,,,,,,,0.6543022692203522,0.007918740423130058,,,,,,0.0010325903796390714,,,,,,,,,,,,,,,,,,,,,,
2023-01-28,0.0017813442027545252,,0.0015140647403313248,0.00117817710997765,0.0014393862414483665,0.0019043511711060751,0.0040660694648977005,,,0.0011433594809204127,0.0032687624043319,0.037437552395700006,,0.0004959715370205,0.011774718761444052,0.006838860252173575,0.0857806225645948,0.13869563515552066,0.011763009242713424,,,,,,0.0007261741193360499,,,,,,,,,,,,,,,,,,,,,,,,,,,,,,,,,,,,,,,,,,,,,,,,,,,,,0.000380870245862725,,,,,,0.02049211552366608,,,,,,,,0.6636329117146406,0.0079982753377407,,,,,,0.0010275094682583,,,,,,,,,,,,,,,,,,,,,,
2023-01-29,0.0018229270304020743,,0.001530627539614162,0.0011439974935325715,0.0014931448690947476,0.0019232880523694144,0.003938219277188143,,,0.001110837846811393,0.0031788792195064286,0.03607136884389755,,0.0005162019556986714,0.01136748625763821,0.0066008964619998,0.08275615806122874,0.1349053325784671,0.011772891373506586,,,,,,0.0007792906212021572,,,,,,,,,,,,,,,,,,,,,,,,,,,,,,,,,,,,,,,,,,,,,,,,,,,,,0.0003846576229469286,,,,,,0.020152098100100182,,,,,,,,0.672963554208929,0.008077810252351342,,,,,,0.0010224285568775286,,,,,,,,,,,,,,,,,,,,,,
2023-01-30,0.0018645098580496234,,0.0015471903388969994,0.0011098178770874928,0.0015469034967411283,0.0019422249336327538,0.003810369089478586,,,0.0010783162127023732,0.003088996034680957,0.03470518529209509,,0.0005364323743768429,0.010960253753832371,0.006362932671826025,0.07973169355786268,0.1311150300014135,0.011782773504299746,,,,,,0.0008324071230682642,,,,,,,,,,,,,,,,,,,,,,,,,,,,,,,,,,,,,,,,,,,,,,,,,,,,,0.00038844500003113217,,,,,,0.019812080676534283,,,,,,,,0.6822941967032172,0.008157345166961986,,,,,,0.001017347645496757,,,,,,,,,,,,,,,,,,,,,,
2023-01-31,0.001906092685697173,,0.0015637531381798367,0.0010756382606424142,0.0016006621243875095,0.0019611618148960928,0.0036825189017690284,,,0.0010457945785933536,0.002999112849855486,0.03333900174029263,,0.0005566627930550143,0.01055302125002653,0.00612496888165225,0.07670722905449662,0.12732472742435993,0.011792655635092906,,,,,,0.0008855236249343714,,,,,,,,,,,,,,,,,,,,,,,,,,,,,,,,,,,,,,,,,,,,,,,,,,,,,0.0003922323771153357,,,,,,0.019472063252968384,,,,,,,,0.6916248391975056,0.008236880081572629,,,,,,0.0010122667341159856,,,,,,,,,,,,,,,,,,,,,,
2023-02-01,0.001947675513344722,,0.001580315937462674,0.0010414586441973358,0.0016544207520338902,0.001980098696159432,0.0035546687140594717,,,0.001013272944484334,0.0029092296650300143,0.031972818188490175,,0.0005768932117331858,0.010145788746220689,0.005887005091478475,0.07368276455113056,0.12353442484730637,0.011802537765886066,,,,,,0.0009386401268004785,,,,,,,,,,,,,,,,,,,,,,,,,,,,,,,,,,,,,,,,,,,,,,,,,,,,,0.0003960197541995393,,,,,,0.019132045829402484,,,,,,,,0.700955481691794,0.008316414996183272,,,,,,0.0010071858227352142,,,,,,,,,,,,,,,,,,,,,,
2023-02-02,0.0019892583409922716,,0.0015968787367455113,0.0010072790277522571,0.0017081793796802714,0.0019990355774227716,0.0034268185263499145,,,0.0009807513103753144,0.002819346480204543,0.03060663463668772,,0.0005971236304113572,0.00973855624241485,0.0056490413013047,0.0706583000477645,0.1197441222702528,0.011812419896679228,,,,,,0.0009917566286665857,,,,,,,,,,,,,,,,,,,,,,,,,,,,,,,,,,,,,,,,,,,,,,,,,,,,,0.00039980713128374284,,,,,,0.018792028405836585,,,,,,,,0.7102861241860824,0.008395949910793914,,,,,,0.0010021049113544428,,,,,,,,,,,,,,,,,,,,,,
2023-02-03,0.0020308411686398207,,0.001613441536028349,0.0009730994113071786,0.0017619380073266523,0.0020179724586861106,0.0032989683386403573,,,0.0009482296762662948,0.0027294632953790716,0.029240451084885263,,0.0006173540490895285,0.00933132373860901,0.005411077511130924,0.06763383554439843,0.11595381969319923,0.011822302027472389,,,,,,0.001044873130532693,,,,,,,,,,,,,,,,,,,,,,,,,,,,,,,,,,,,,,,,,,,,,,,,,,,,,0.00040359450836794644,,,,,,0.018452010982270686,,,,,,,,0.7196167666803707,0.008475484825404557,,,,,,0.0009970239999736715,,,,,,,,,,,,,,,,,,,,,,
2023-02-04,0.00207242399628737,,0.0016300043353111864,0.0009389197948621,0.0018156966349730332,0.00203690933994945,0.0031711181509308,,,0.0009157080421572752,0.0026395801105536,0.027874267533082805,,0.0006375844677677001,0.008924091234803169,0.00517311372095715,0.06460937104103237,0.11216351711614565,0.011832184158265549,,,,,,0.0010979896323988,,,,,,,,,,,,,,,,,,,,,,,,,,,,,,,,,,,,,,,,,,,,,,,,,,,,,0.00040738188545215003,,,,,,0.018111993558704787,,,,,,,,0.7289474091746591,0.0085550197400152,,,,,,0.0009919430885928998,,,,,,,,,,,,,,,,,,,,,,
2023-02-05,0.0021140068239349193,,0.0016465671345940237,0.0009047401784170214,0.0018694552626194142,0.0020558462212127895,0.003043267963221243,,,0.0008831864080482556,0.0025496969257281284,0.026508083981280347,,0.0006578148864458714,0.008516858730997327,0.004935149930783375,0.0615849065376663,0.10837321453909209,0.01184206628905871,,,,,,0.0011511061342649072,,,,,,,,,,,,,,,,,,,,,,,,,,,,,,,,,,,,,,,,,,,,,,,,,,,,,0.00041116926253635357,,,,,,0.017771976135138888,,,,,,,,0.7382780516689474,0.008634554654625842,,,,,,0.0009868621772121285,,,,,,,,,,,,,,,,,,,,,,
2023-02-06,0.0021555896515824684,,0.001663129933876861,0.0008705605619719429,0.0019232138902657951,0.0020747831024761285,0.0029154177755116857,,,0.0008506647739392357,0.002459813740902657,0.02514190042947789,,0.000678045305124043,0.008109626227191486,0.004697186140609599,0.05856044203430024,0.1045829119620385,0.01185194841985187,,,,,,0.0012042226361310142,,,,,,,,,,,,,,,,,,,,,,,,,,,,,,,,,,,,,,,,,,,,,,,,,,,,,0.00041495663962055716,,,,,,0.01743195871157299,,,,,,,,0.7476086941632358,0.008714089569236486,,,,,,0.000981781265831357,,,,,,,,,,,,,,,,,,,,,,
2023-02-07,0.002197172479230018,,0.0016796927331596983,0.0008363809455268643,0.0019769725179121763,0.002093719983739468,0.0027875675878021285,,,0.0008181431398302161,0.0023699305560771857,0.02377571687767543,,0.0006982757238022143,0.007702393723385647,0.004459222350435825,0.05553597753093418,0.10079260938498494,0.011861830550645032,,,,,,0.0012573391379971214,,,,,,,,,,,,,,,,,,,,,,,,,,,,,,,,,,,,,,,,,,,,,,,,,,,,,0.0004187440167047607,,,,,,0.01709194128800709,,,,,,,,0.7569393366575241,0.008793624483847129,,,,,,0.0009767003544505857,,,,,,,,,,,,,,,,,,,,,,
2023-02-08,0.002238755306877567,,0.0016962555324425356,0.0008022013290817857,0.002030731145558557,0.0021126568650028073,0.0026597174000925713,,,0.0007856215057211965,0.002280047371251714,0.022409533325872973,,0.0007185061424803858,0.007295161219579806,0.00422125856026205,0.05251151302756812,0.09700230680793137,0.011871712681438192,,,,,,0.0013104556398632285,,,,,,,,,,,,,,,,,,,,,,,,,,,,,,,,,,,,,,,,,,,,,,,,,,,,,0.0004225313937889643,,,,,,0.01675192386444119,,,,,,,,0.7662699791518125,0.008873159398457772,,,,,,0.0009716194430698143,,,,,,,,,,,,,,,,,,,,,,
2023-02-09,0.0022803381345251166,,0.001712818331725373,0.0007680217126367072,0.0020844897732049377,0.0021315937462661463,0.002531867212383014,,,0.0007530998716121769,0.002190164186426243,0.021043349774070515,,0.0007387365611585572,0.006887928715773965,0.0039832947700882745,0.04948704852420205,0.09321200423087779,0.011881594812231352,,,,,,0.0013635721417293357,,,,,,,,,,,,,,,,,,,,,,,,,,,,,,,,,,,,,,,,,,,,,,,,,,,,,0.0004263187708731679,,,,,,0.01641190644087529,,,,,,,,0.7756006216461009,0.008952694313068416,,,,,,0.0009665385316890428,,,,,,,,,,,,,,,,,,,,,,
2023-02-10,0.0023219209621726656,,0.0017293811310082102,0.0007338420961916286,0.002138248400851319,0.0021505306275294857,0.002404017024673457,,,0.0007205782375031573,0.0021002810016007714,0.019677166222268058,,0.0007589669798367287,0.006480696211968125,0.0037453309799145,0.04646258402083599,0.08942170165382422,0.011891476943024512,,,,,,0.0014166886435954427,,,,,,,,,,,,,,,,,,,,,,,,,,,,,,,,,,,,,,,,,,,,,,,,,,,,,0.00043010614795737143,,,,,,0.016071889017309392,,,,,,,,0.7849312641403892,0.009032229227679057,,,,,,0.0009614576203082714,,,,,,,,,,,,,,,,,,,,,,
2023-02-11,0.0023635037898202147,,0.0017459439302910476,0.00069966247974655,0.0021920070284977,0.002169467508792825,0.0022761668369638997,,,0.0006880566033941376,0.0020103978167753,0.0183109826704656,,0.0007791973985149,0.006073463708162285,0.003507367189740725,0.043438119517469925,0.08563139907677066,0.011901359073817673,,,,,,0.00146980514546155,,,,,,,,,,,,,,,,,,,,,,,,,,,,,,,,,,,,,,,,,,,,,,,,,,,,,0.000433893525041575,,,,,,0.015731871593743493,,,,,,,,0.7942619066346776,0.0091117641422897,,,,,,0.0009563767089274999,,,,,,,,,,,,,,,,,,,,,,
2023-02-12,0.0024050866174677643,,0.0017625067295738849,0.0006654828633014714,0.0022457656561440807,0.002188404390056164,0.0021483166492543425,,,0.000655534969285118,0.0019205146319498283,0.016944799118663142,,0.0007994278171930715,0.005666231204356444,0.0032694033995669496,0.040413655014103864,0.08184109649971708,0.011911241204610835,,,,,,0.001522921647327657,,,,,,,,,,,,,,,,,,,,,,,,,,,,,,,,,,,,,,,,,,,,,,,,,,,,,0.00043768090212577856,,,,,,0.015391854170177594,,,,,,,,0.8035925491289659,0.009191299056900344,,,,,,0.0009512957975467285,,,,,,,,,,,,,,,,,,,,,,
2023-02-13,0.0024466694451153134,,0.0017790695288567222,0.0006313032468563929,0.0022995242837904615,0.0022073412713195036,0.0020204664615447853,,,0.0006230133351760984,0.0018306314471243567,0.015578615566860687,,0.0008196582358712429,0.005258998700550603,0.0030314396093931743,0.0373891905107378,0.07805079392266351,0.011921123335403995,,,,,,0.0015760381491937642,,,,,,,,,,,,,,,,,,,,,,,,,,,,,,,,,,,,,,,,,,,,,,,,,,,,,0.00044146827920998216,,,,,,0.015051836746611695,,,,,,,,0.8129231916232542,0.009270833971510985,,,,,,0.0009462148861659571,,,,,,,,,,,,,,,,,,,,,,
2023-02-14,0.002488252272762863,,0.0017956323281395595,0.0005971236304113143,0.0023532829114368426,0.0022262781525828426,0.0018926162738352285,,,0.0005904917010670788,0.0017407482622988856,0.01421243201505823,,0.0008398886545494144,0.004851766196744763,0.0027934758192194,0.03436472600737174,0.07426049134560994,0.011931005466197155,,,,,,0.0016291546510598714,,,,,,,,,,,,,,,,,,,,,,,,,,,,,,,,,,,,,,,,,,,,,,,,,,,,,0.00044525565629418575,,,,,,0.014711819323045796,,,,,,,,0.8222538341175426,0.009350368886121629,,,,,,0.0009411339747851857,,,,,,,,,,,,,,,,,,,,,,
2023-02-15,0.002529835100410412,,0.0018121951274223968,0.0005629440139662357,0.0024070415390832238,0.002245215033846182,0.0017647660861256713,,,0.000557970066958059,0.001650865077473414,0.012846248463255772,,0.0008601190732275858,0.004444533692938922,0.0025555120290456246,0.03134026150400568,0.07047018876855636,0.011940887596990316,,,,,,0.0016822711529259785,,,,,,,,,,,,,,,,,,,,,,,,,,,,,,,,,,,,,,,,,,,,,,,,,,,,,0.0004490430333783893,,,,,,0.014371801899479897,,,,,,,,0.831584476611831,0.009429903800732272,,,,,,0.0009360530634044143,,,,,,,,,,,,,,,,,,,,,,
2023-02-16,0.0025714179280579615,,0.0018287579267052341,0.0005287643975211572,0.002460800166729605,0.0022641519151095214,0.0016369158984161141,,,0.0005254484328490394,0.0015609818926479425,0.011480064911453314,,0.0008803494919057571,0.0040373011891330825,0.0023175482388718494,0.028315797000639617,0.0666798861915028,0.011950769727783478,,,,,,0.0017353876547920857,,,,,,,,,,,,,,,,,,,,,,,,,,,,,,,,,,,,,,,,,,,,,,,,,,,,,0.0004528304104625929,,,,,,0.014031784475913998,,,,,,,,0.8409151191061194,0.009509438715342915,,,,,,0.0009309721520236429,,,,,,,,,,,,,,,,,,,,,,
2023-02-17,0.0026130007557055106,,0.0018453207259880714,0.0004945847810760787,0.0025145587943759856,0.0022830887963728604,0.001509065710706557,,,0.0004929267987400197,0.0014710987078224713,0.010113881359650856,,0.0009005799105839287,0.0036300686853272413,0.002079584448698075,0.02529133249727354,0.06288958361444923,0.011960651858576638,,,,,,0.0017885041566581927,,,,,,,,,,,,,,,,,,,,,,,,,,,,,,,,,,,,,,,,,,,,,,,,,,,,,0.0004566177875467964,,,,,,0.013691767052348099,,,,,,,,0.8502457616004078,0.009588973629953557,,,,,,0.0009258912406428714,,,,,,,,,,,,,,,,,,,,,,
2023-02-18,0.0026545835833530597,,0.0018618835252709087,0.000460405164631,0.0025683174220223664,0.0023020256776362,0.001381215522997,,,0.00046040516463100007,0.001381215522997,0.0087476978078484,,0.0009208103292621,0.0032228361815214,0.0018416206585243,0.022266867993907483,0.05909928103739565,0.011970533989369798,,,,,,0.0018416206585243,,,,,,,,,,,,,,,,,,,,,,,,,,,,,,,,,,,,,,,,,,,,,,,,,,,,,0.000460405164631,,,,,,0.0133517496287822,,,,,,,,0.859576404094696,0.0096685085445642,,,,,,0.0009208103292621,,0.000460405164631,,,,,,,,,,,,,,,,,,,,
2023-02-19,0.0026961664110006093,,0.001878446324553746,0.0005019943632109786,0.0026220760496687475,0.0022858234359383195,0.001389167483596582,,,,,0.008741577488503231,,,,0.0018983674859295106,0.02168603094336999,0.057999374115138086,0.011788052905883037,,,,,,0.0018064782405937,,,,,,,,,,,,,,,,,,,,,,,,,,,,,,,,,,,,,,,,,,,,,,,,,,,,,0.0006583703579962357,,,,,,0.013529264235070702,,,,,,,,0.8606597866330828,0.009966429389480986,,,,,,0.0010717027284304073,,0.0005358513642151535,,,,,,,,,,,,,,,,,,,,
2023-02-20,0.0027377492386481584,,0.0018950091238365834,0.0005435835617909571,0.0026758346773151287,0.002269621194240439,0.0013971194441961643,,,,,0.008735457169158065,,,,0.0019551143133347214,0.021105193892832493,0.05689946719288052,0.011605571822396276,,,,,,0.0017713358226631,,,,,,,,,,,,,,,,,,,,,,,,,,,,,,,,,,,,,,,,,,,,,,,,,,,,,0.0008563355513614714,,,,,,0.013706778841359202,,,,,,,,0.8617431691714695,0.010264350234397772,,,,,,0.0012225951275987143,,0.0006112975637993072,,,,,,,,,,,,,,,,,,,,
2023-02-21,0.002779332066295708,,0.0019115719231194211,0.0005851727603709357,0.0027295933049615094,0.002253418952542559,0.0014050714047957463,,,,,0.008729336849812896,,,,0.002011861140739932,0.020524356842294995,0.05579956027062295,0.011423090738909515,,,,,,0.0017361934047325,,,,,,,,,,,,,,,,,,,,,,,,,,,,,,,,,,,,,,,,,,,,,,,,,,,,,0.0010543007447267072,,,,,,0.013884293447647703,,,,,,,,0.8628265517098563,0.010562271079314556,,,,,,0.0013734875267670216,,0.0006867437633834607,,,,,,,,,,,,,,,,,,,,
2023-02-22,0.002820914893943257,,0.0019281347224022584,0.0006267619589509143,0.00278335193260789,0.0022372167108446785,0.0014130233653953286,,,,,0.008723216530467728,,,,0.0020686079681451427,0.0199435197917575,0.054699653348365386,0.011240609655422755,,,,,,0.0017010509868019,,,,,,,,,,,,,,,,,,,,,,,,,,,,,,,,,,,,,,,,,,,,,,,,,,,,,0.001252265938091943,,,,,,0.014061808053936205,,,,,,,,0.863909934248243,0.010860191924231342,,,,,,0.0015243799259353286,,0.0007621899629676142,,,,,,,,,,,,,,,,,,,,
2023-02-23,0.0028624977215908065,,0.0019446975216850957,0.0006683511575308928,0.0028371105602542713,0.002221014469146798,0.0014209753259949106,,,,,0.008717096211122561,,,,0.0021253547955503533,0.019362682741220005,0.05359974642610782,0.011058128571935995,,,,,,0.0016659085688713,,,,,,,,,,,,,,,,,,,,,,,,,,,,,,,,,,,,,,,,,,,,,,,,,,,,,0.0014502311314571787,,,,,,0.014239322660224707,,,,,,,,0.8649933167866298,0.011158112769148128,,,,,,0.0016752723251036359,,0.0008376361625517678,,,,,,,,,,,,,,,,,,,,
2023-02-24,0.0029040805492383556,,0.001961260320967933,0.0007099403561108714,0.0028908691879006524,0.0022048122274489178,0.001428927286594493,,,,,0.008710975891777393,,,,0.0021821016229555644,0.01878184569068251,0.05249983950385026,0.010875647488449235,,,,,,0.0016307661509407,,,,,,,,,,,,,,,,,,,,,,,,,,,,,,,,,,,,,,,,,,,,,,,,,,,,,0.001648196324822414,,,,,,0.014416837266513207,,,,,,,,0.8660766993250165,0.011456033614064914,,,,,,0.0018261647242719431,,0.0009130823621359214,,,,,,,,,,,,,,,,,,,,
2023-02-25,0.002945663376885905,,0.0019778231202507704,0.00075152955469085,0.002944627815547033,0.0021886099857510374,0.001436879247194075,,,,,0.008704855572432224,,,,0.002238848450360775,0.01820100864014501,0.05139993258159269,0.010693166404962474,,,,,,0.0015956237330100999,,,,,,,,,,,,,,,,,,,,,,,,,,,,,,,,,,,,,,,,,,,,,,,,,,,,,0.0018461615181876497,,,,,,0.014594351872801708,,,,,,,,0.8671600818634033,0.0117539544589817,,,,,,0.00197705712344025,,0.000988528561720075,,,,,,,,,,,,,,,,,,,,
2023-02-26,0.0029872462045334542,,0.0019943859195336077,0.0007931187532708285,0.002998386443193414,0.002172407744053157,0.001444831207793657,,,,,0.008698735253087057,,,,0.0022955952777659857,0.017620171589607516,0.050300025659335126,0.010510685321475713,,,,,,0.0015604813150794999,,,,,,,,,,,,,,,,,,,,,,,,,,,,,,,,,,,,,,,,,,,,,,,,,,,,,0.0020441267115528855,,,,,,0.01477186647909021,,,,,,,,0.8682434644017901,0.012051875303898486,,,,,,0.0021279495226085576,,0.0010639747613042285,,,,,,,,,,,,,,,,,,,,
2023-02-27,0.0030288290321810033,,0.002010948718816445,0.0008347079518508071,0.003052145070839795,0.0021562055023552767,0.0014527831683932393,,,,,0.008692614933741889,,,,0.0023523421051711963,0.01703933453907002,0.04920011873707756,0.010328204237988952,,,,,,0.0015253388971488999,,,,,,,,,,,,,,,,,,,,,,,,,,,,,,,,,,,,,,,,,,,,,,,,,,,,,0.002242091904918121,,,,,,0.014949381085378712,,,,,,,,0.8693268469401768,0.01234979614881527,,,,,,0.0022788419217768647,,0.001139420960888382,,,,,,,,,,,,,,,,,,,,
2023-02-28,0.003070411859828553,,0.0020275115180992823,0.0008762971504307857,0.003105903698486176,0.0021400032606573964,0.0014607351289928213,,,,,0.008686494614396722,,,,0.002409088932576407,0.016458497488532526,0.04810021181481999,0.010145723154502191,,,,,,0.0014901964792182999,,,,,,,,,,,,,,,,,,,,,,,,,,,,,,,,,,,,,,,,,,,,,,,,,,,,,0.002440057098283357,,,,,,0.015126895691667213,,,,,,,,0.8704102294785636,0.012647716993732057,,,,,,0.0024297343209451717,,0.0012148671604725356,,,,,,,,,,,,,,,,,,,,
2023-03-01,0.003111994687476102,,0.0020440743173821196,0.0009178863490107642,0.0031596623261325573,0.002123801018959516,0.0014686870895924036,,,,,0.008680374295051554,,,,0.0024658357599816176,0.01587766043799503,0.047000304892562426,0.00996324207101543,,,,,,0.0014550540612876999,,,,,,,,,,,,,,,,,,,,,,,,,,,,,,,,,,,,,,,,,,,,,,,,,,,,,0.0026380222916485927,,,,,,0.015304410297955713,,,,,,,,0.8714936120169503,0.012945637838648843,,,,,,0.002580626720113479,,0.0012903133600566893,,,,,,,,,,,,,,,,,,,,
2023-03-02,0.0031535775151236515,,0.002060637116664957,0.0009594755475907428,0.0032134209537789376,0.0021075987772616357,0.0014766390501919856,,,,,0.008674253975706385,,,,0.002522582587386828,0.015296823387457534,0.04590039797030486,0.00978076098752867,,,,,,0.0014199116433571,,,,,,,,,,,,,,,,,,,,,,,,,,,,,,,,,,,,,,,,,,,,,,,,,,,,,0.002835987485013828,,,,,,0.015481924904244215,,,,,,,,0.8725769945553371,0.013243558683565628,,,,,,0.0027315191192817862,,0.0013657595596408426,,,,,,,,,,,,,,,,,,,,
2023-03-03,0.0031951603427712006,,0.0020771999159477942,0.0010010647461707214,0.0032671795814253187,0.0020913965355637554,0.001484591010791568,,,,,0.008668133656361219,,,,0.0025793294147920393,0.014715986336920037,0.04480049104804729,0.009598279904041909,,,,,,0.0013847692254265,,,,,,,,,,,,,,,,,,,,,,,,,,,,,,,,,,,,,,,,,,,,,,,,,,,,,0.0030339526783790638,,,,,,0.015659439510532717,,,,,,,,0.8736603770937238,0.013541479528482413,,,,,,0.0028824115184500933,,0.0014412057592249963,,,,,,,,,,,,,,,,,,,,
2023-03-04,0.00323674317041875,,0.0020937627152306315,0.0010426539447507001,0.0033209382090717,0.002075194293865875,0.00149254297139115,,,,,0.00866201333701605,,,,0.00263607624219725,0.014135149286382542,0.043700584125789727,0.009415798820555148,,,,,,0.0013496268074959,,,,,,,,,,,,,,,,,,,,,,,,,,,,,,,,,,,,,,,,,,,,,,,,,,,,,0.0032319178717442995,,,,,,0.01583695411682122,,,,,,,,0.8747437596321106,0.013839400373399199,,,,,,0.0030333039176184003,,0.00151665195880915,,,,,,,,,,,,,,,,,,,,
2023-03-05,0.003278325998066299,,0.002110325514513469,0.0010842431433306784,0.003374696836718081,0.0020589920521679947,0.0015004949319907322,,,,,0.008655893017670882,,,,0.0026928230696024605,0.013554312235845046,0.04260067720353217,0.009233317737068389,,,,,,0.0013144843895653,,,,,,,,,,,,,,,,,,,,,,,,,,,,,,,,,,,,,,,,,,,,,,,,,,,,,0.0034298830651095353,,,,,,0.01601446872310972,,,,,,,,0.8758271421704974,0.014137321218315985,,,,,,0.003184196316786708,,0.0015920981583933034,,,,,,,,,,,,,,,,,,,,
2023-03-06,0.0033199088257138487,,0.002126888313796306,0.0011258323419106571,0.0034284554643644613,0.0020427898104701143,0.0015084468925903143,,,,,0.008649772698325715,,,,0.002749569897007671,0.01297347518530755,0.04150077028127459,0.009050836653581628,,,,,,0.0012793419716347,,,,,,,,,,,,,,,,,,,,,,,,,,,,,,,,,,,,,,,,,,,,,,,,,,,,,0.003627848258474771,,,,,,0.01619198332939822,,,,,,,,0.8769105247088841,0.01443524206323277,,,,,,0.003335088715955015,,0.0016675443579774571,,,,,,,,,,,,,,,,,,,,
2023-03-07,0.003361491653361398,,0.0021434511130791435,0.0011674215404906358,0.0034822140920108425,0.002026587568772234,0.0015163988531898963,,,,,0.008643652378980547,,,,0.0028063167244128818,0.012392638134770055,0.040400863359017034,0.008868355570094867,,,,,,0.0012441995537041,,,,,,,,,,,,,,,,,,,,,,,,,,,,,,,,,,,,,,,,,,,,,,,,,,,,,0.0038258134518400068,,,,,,0.016369497935686723,,,,,,,,0.8779939072472709,0.014733162908149557,,,,,,0.003485981115123322,,0.0017429905575616104,,,,,,,,,,,,,,,,,,,,
2023-03-08,0.003403074481008947,,0.002160013912361981,0.0012090107390706141,0.0035359727196572236,0.0020103853270743537,0.0015243508137894786,,,,,0.008637532059635378,,,,0.002863063551818093,0.011811801084232559,0.03930095643675946,0.008685874486608106,,,,,,0.0012090571357735,,,,,,,,,,,,,,,,,,,,,,,,,,,,,,,,,,,,,,,,,,,,,,,,,,,,,0.004023778645205243,,,,,,0.01654701254197522,,,,,,,,0.8790772897856576,0.015031083753066343,,,,,,0.0036368735142916294,,0.0018184367571457642,,,,,,,,,,,,,,,,,,,,
2023-03-09,0.0034446573086564965,,0.002176576711644818,0.0012505999376505928,0.003589731347303605,0.0019941830853764733,0.0015323027743890606,,,,,0.008631411740290211,,,,0.002919810379223303,0.011230964033695064,0.0382010495145019,0.008503393403121345,,,,,,0.0011739147178429,,,,,,,,,,,,,,,,,,,,,,,,,,,,,,,,,,,,,,,,,,,,,,,,,,,,,0.004221743838570479,,,,,,0.016724527148263724,,,,,,,,0.8801606723240444,0.015329004597983129,,,,,,0.0037877659134599364,,0.0018938829567299179,,,,,,,,,,,,,,,,,,,,
2023-03-10,0.0034862401363040456,,0.0021931395109276554,0.0012921891362305715,0.003643489974949986,0.001977980843678593,0.0015402547349886429,,,,,0.008625291420945043,,,,0.002976557206628514,0.010650126983157567,0.037101142592244334,0.008320912319634584,,,,,,0.0011387722999123,,,,,,,,,,,,,,,,,,,,,,,,,,,,,,,,,,,,,,,,,,,,,,,,,,,,,0.0044197090319357145,,,,,,0.016902041754552226,,,,,,,,0.8812440548624311,0.01562692544289991,,,,,,0.003938658312628244,,0.001969329156314071,,,,,,,,,,,,,,,,,,,,
2023-03-11,0.003527822963951595,,0.0022097023102104927,0.0013337783348105498,0.0036972486025963662,0.0019617786019807126,0.001548206695588225,,,,,0.008619171101599876,,,,0.0030333040340337247,0.010069289932620072,0.03600123566998677,0.008138431236147823,,,,,,0.0011036298819817,,,,,,,,,,,,,,,,,,,,,,,,,,,,,,,,,,,,,,,,,,,,,,,,,,,,,0.00461767422530095,,,,,,0.017079556360840728,,,,,,,,0.8823274374008179,0.0159248462878167,,,,,,0.004089550711796551,,0.002044775355898225,,,,,,,,,,,,,,,,,,,,
2023-03-12,0.003569405791599144,,0.0022262651094933305,0.0013753675333905285,0.0037510072302427474,0.001945576360282832,0.0015561586561878072,,,,,0.008613050782254708,,,,0.0030900508614389354,0.009488452882082575,0.0349013287477292,0.007955950152661064,,,,,,0.0010684874640511,,,,,,,,,,,,,,,,,,,,,,,,,,,,,,,,,,,,,,,,,,,,,,,,,,,,,0.004815639418666186,,,,,,0.01725707096712923,,,,,,,,0.8834108199392047,0.016222767132733483,,,,,,0.004240443110964858,,0.0021202215554823782,,,,,,,,,,,,,,,,,,,,
2023-03-13,0.0036109886192466937,,0.002242827908776168,0.0014169567319705072,0.0038047658578891285,0.0019293741185849517,0.0015641106167873892,,,,,0.00860693046290954,,,,0.003146797688844146,0.00890761583154508,0.033801421825471634,0.0077734690691743024,,,,,,0.0010333450461205,,,,,,,,,,,,,,,,,,,,,,,,,,,,,,,,,,,,,,,,,,,,,,,,,,,,,0.005013604612031422,,,,,,0.01743458557341773,,,,,,,,0.8844942024775914,0.01652068797765027,,,,,,0.0043913355101331646,,0.002195667755066532,,,,,,,,,,,,,,,,,,,,
2023-03-14,0.003652571446894243,,0.002259390708059005,0.0014585459305504855,0.0038585244855355097,0.0019131718768870714,0.0015720625773869715,,,,,0.008600810143564373,,,,0.0032035445162493566,0.008326778781007585,0.03270151490321407,0.0075909879856875416,,,,,,0.0009982026281899,,,,,,,,,,,,,,,,,,,,,,,,,,,,,,,,,,,,,,,,,,,,,,,,,,,,,0.005211569805396657,,,,,,0.01761210017970623,,,,,,,,0.8855775850159782,0.016818608822567055,,,,,,0.004542227909301472,,0.0022711139546506853,,,,,,,,,,,,,,,,,,,,
2023-03-15,0.003694154274541792,,0.0022759535073418424,0.0015001351291304642,0.00391228311318189,0.001896969635189191,0.0015800145379865536,,,,,0.008594689824219204,,,,0.0032602913436545677,0.007745941730470088,0.0316016079809565,0.007408506902200781,,,,,,0.0009630602102593,,,,,,,,,,,,,,,,,,,,,,,,,,,,,,,,,,,,,,,,,,,,,,,,,,,,,0.005409534998761892,,,,,,0.017789614785994733,,,,,,,,0.8866609675543649,0.01711652966748384,,,,,,0.0046931203084697795,,0.002346560154234839,,,,,,,,,,,,,,,,,,,,
2023-03-16,0.0037357371021893414,,0.0022925163066246797,0.001541724327710443,0.003966041740828271,0.0018807673934913107,0.0015879664985861356,,,,,0.008588569504874036,,,,0.003317038171059778,0.007165104679932593,0.030501701058698937,0.007226025818714021,,,,,,0.0009279177923286999,,,,,,,,,,,,,,,,,,,,,,,,,,,,,,,,,,,,,,,,,,,,,,,,,,,,,0.005607500192127128,,,,,,0.017967129392283232,,,,,,,,0.8877443500927517,0.017414450512400627,,,,,,0.004844012707638087,,0.0024220063538189923,,,,,,,,,,,,,,,,,,,,
2023-03-17,0.0037773199298368905,,0.002309079105907517,0.0015833135262904212,0.004019800368474652,0.0018645651517934304,0.0015959184591857179,,,,,0.008582449185528869,,,,0.003373784998464989,0.006584267629395096,0.02940179413644137,0.00704354473522726,,,,,,0.0008927753743980999,,,,,,,,,,,,,,,,,,,,,,,,,,,,,,,,,,,,,,,,,,,,,,,,,,,,,0.005805465385492364,,,,,,0.018144643998571734,,,,,,,,0.8888277326311383,0.017712371357317413,,,,,,0.0049949051068063945,,0.002497452553403146,,,,,,,,,,,,,,,,,,,,
2023-03-18,0.00381890275748444,,0.0023256419051903543,0.0016249027248704,0.0040735589961210334,0.00184836291009555,0.0016038704197853,,,,,0.0085763288661837,,,,0.0034305318258701996,0.0060034305788576,0.028301887214183804,0.006861063651740499,,,,,,0.0008576329564674999,,,,,,,,,,,,,,,,,,,,,,,,,,,,,,,,,,,,,,,,,,,,,,,,,,,,,0.0060034305788576,,,,,,0.018322158604860236,0.0008576329564674999,,,,,,,0.8899111151695251,0.0180102922022342,0.0008576329564674999,,0.0008576329564674999,,,0.0051457975059747,0.0034305318258701996,0.0025728987529873,,,,,,,,,,,,,,,,,,,,
2023-03-19,0.003860485585131989,,0.0023422047044731917,0.0016664919234503786,0.004127317623767414,0.0018321606683976697,0.0016118223803848822,,,,,0.008369652845431062,,,,,0.006087886651844789,0.027988455590925044,0.0069647006956593815,,,,,,0.0009266246467761535,,,,,,,,,,,,,,,,,,,,,,,,,,,,,,,,,,,,,,,,,,,,,,,,,,,,,0.006187508098914096,,,,,,0.01801647082902484,0.001325110410107232,,,,,,,0.8878655752965382,0.017964796096618618,0.0010262460855300784,,0.0008789105860548999,,,0.005559747639511243,0.0037064985871048174,0.0028296845432902247,,,,,,,,,,,,,,,,,,,,
2023-03-20,0.0039020684127795387,,0.002358767503756029,0.001708081122030357,0.004181076251413795,0.0018159584266997891,0.0016197743409844642,,,,,0.008162976824678422,,,,,0.006172342724831978,0.02767502396766628,0.007068337739578263,,,,,,0.000995616337084807,,,,,,,,,,,,,,,,,,,,,,,,,,,,,,,,,,,,,,,,,,,,,,,,,,,,,0.006371585618970593,,,,,,0.017710783053189447,0.0017925878637469644,,,,,,,0.8858200354235513,0.017919299991003036,0.001194859214592657,,0.0009001882156422999,,,0.0059736977730477855,0.0039824653483394356,0.0030864703335931496,,,,,,,,,,,,,,,,,,,,
2023-03-21,0.003943651240427088,,0.0023753303030388663,0.0017496703206103356,0.004234834879060176,0.0017997561850019088,0.0016277263015840463,,,,,0.007956300803925783,,,,,0.0062567987978191675,0.02736159234440752,0.007171974783497145,,,,,,0.0010646080273934606,,,,,,,,,,,,,,,,,,,,,,,,,,,,,,,,,,,,,,,,,,,,,,,,,,,,,0.006555663139027089,,,,,,0.017405095277354055,0.0022600653173866967,,,,,,,0.8837744955505643,0.01787380388538745,0.0013634723436552357,,0.0009214658452296999,,,0.006387647906584328,0.004258432109574053,0.003343256123896075,,,,,,,,,,,,,,,,,,,,
2023-03-22,0.003985234068074637,,0.0023918931023217036,0.0017912595191903143,0.004288593506706557,0.0017835539433040284,0.0016356782621836285,,,,,0.007749624783173144,,,,,0.006341254870806357,0.02704816072114876,0.007275611827416028,,,,,,0.0011335997177021142,,,,,,,,,,,,,,,,,,,,,,,,,,,,,,,,,,,,,,,,,,,,,,,,,,,,,0.006739740659083586,,,,,,0.01709940750151866,0.002727542771026429,,,,,,,0.8817289556775775,0.01782830777977187,0.0015320854727178142,,0.0009427434748170999,,,0.006801598040120871,0.004534398870808671,0.0036000419141989995,,,,,,,,,,,,,,,,,,,,
2023-03-23,0.004026816895722186,,0.002408455901604541,0.0018328487177702926,0.0043423521343529375,0.001767351701606148,0.0016436302227832108,,,,,0.007542948762420504,,,,,0.006425710943793546,0.02673472909789,0.00737924887133491,,,,,,0.0012025914080107678,,,,,,,,,,,,,,,,,,,,,,,,,,,,,,,,,,,,,,,,,,,,,,,,,,,,,0.006923818179140082,,,,,,0.016793719725683266,0.003195020224666161,,,,,,,0.8796834158045905,0.01778281167415629,0.0017006986017803927,,0.0009640211044044999,,,0.0072155481736574135,0.004810365632043289,0.003856827704501925,,,,,,,,,,,,,,,,,,,,
2023-03-24,0.004068399723369736,,0.0024250187008873782,0.0018744379163502713,0.004396110761999319,0.0017511494599082677,0.0016515821833827929,,,,,0.007336272741667865,,,,,0.0065101670167807355,0.02642129747463124,0.007482885915253792,,,,,,0.0012715830983194214,,,,,,,,,,,,,,,,,,,,,,,,,,,,,,,,,,,,,,,,,,,,,,,,,,,,,0.007107895699196579,,,,,,0.01648803194984787,0.0036624976783058935,,,,,,,0.8776378759316036,0.017737315568540704,0.0018693117308429714,,0.0009852987339919,,,0.007629498307193957,0.005086332393277907,0.00411361349480485,,,,,,,,,,,,,,,,,,,,
2023-03-25,0.0041099825510172855,,0.002441581500170216,0.00191602711493025,0.0044498693896457,0.0017349472182103874,0.001659534143982375,,,,,0.007129596720915225,,,,,0.006594623089767925,0.026107865851372477,0.007586522959172674,,,,,,0.001340574788628075,,,,,,,,,,,,,,,,,,,,,,,,,,,,,,,,,,,,,,,,,,,,,,,,,,,,,0.007291973219253074,,,,,,0.016182344174012476,0.004129975131945626,,,,,,,0.8755923360586166,0.017691819462925123,0.00203792485990555,,0.0010065763635792998,,,0.008043448440730499,0.005362299154512525,0.004370399285107775,,,,,,,,,,,,,,,,,,,,
2023-03-26,0.004151565378664834,,0.0024581442994530533,0.0019576163135102283,0.004503628017292081,0.001718744976512507,0.0016674861045819572,,,,,0.006922920700162586,,,,,0.006679079162755114,0.025794434228113717,0.007690160003091556,,,,,,0.0014095664789367285,,,,,,,,,,,,,,,,,,,,,,,,,,,,,,,,,,,,,,,,,,,,,,,,,,,,,0.007476050739309572,,,,,,0.015876656398177084,0.004597452585585358,,,,,,,0.8735467961856297,0.01764632335730954,0.0022065379889681285,,0.0010278539931667,,,0.008457398574267042,0.005638265915747143,0.004627185075410699,,,,,,,,,,,,,,,,,,,,
2023-03-27,0.004193148206312384,,0.0024747070987358906,0.001999205512090207,0.004557386644938462,0.0017025427348146267,0.0016754380651815392,,,,,0.006716244679409946,,,,,0.0067635352357423035,0.025481002604854957,0.007793797047010439,,,,,,0.001478558169245382,,,,,,,,,,,,,,,,,,,,,,,,,,,,,,,,,,,,,,,,,,,,,,,,,,,,,0.007660128259366067,,,,,,0.01557096862234169,0.005064930039225091,,,,,,,0.8715012563126427,0.01760082725169396,0.002375151118030707,,0.0010491316227541,,,0.008871348707803584,0.005914232676981761,0.0048839708657136245,,,,,,,,,,,,,,,,,,,,
2023-03-28,0.004234731033959933,,0.002491269898018728,0.0020407947106701857,0.004611145272584842,0.0016863404931167464,0.0016833900257811215,,,,,0.006509568658657308,,,,,0.006847991308729493,0.025167570981596193,0.007897434090929321,,,,,,0.0015475498595540356,,,,,,,,,,,,,,,,,,,,,,,,,,,,,,,,,,,,,,,,,,,,,,,,,,,,,0.007844205779422565,,,,,,0.015265280846506295,0.0055324074928648215,,,,,,,0.8694557164396558,0.01755533114607838,0.0025437642470932855,,0.0010704092523415,,,0.009285298841340127,0.0061901994382163785,0.00514075665601655,,,,,,,,,,,,,,,,,,,,
2023-03-29,0.004276313861607482,,0.002507832697301565,0.002082383909250164,0.0046649039002312235,0.001670138251418866,0.0016913419863807035,,,,,0.0063028926379046675,,,,,0.006932447381716682,0.024854139358337433,0.008001071134848202,,,,,,0.0016165415498626892,,,,,,,,,,,,,,,,,,,,,,,,,,,,,,,,,,,,,,,,,,,,,,,,,,,,,0.00802828329947906,,,,,,0.0149595930706709,0.005999884946504554,,,,,,,0.867410176566669,0.017509835040462794,0.0027123773761558645,,0.0010916868819288998,,,0.00969924897487667,0.006466166199450996,0.005397542446319474,,,,,,,,,,,,,,,,,,,,
2023-03-30,0.004317896689255031,,0.0025243954965844025,0.0021239731078301427,0.004718662527877605,0.0016539360097209857,0.0016992939469802856,,,,,0.006096216617152029,,,,,0.0070169034547038715,0.024540707735078673,0.008104708178767085,,,,,,0.0016855332401713428,,,,,,,,,,,,,,,,,,,,,,,,,,,,,,,,,,,,,,,,,,,,,,,,,,,,,0.008212360819535556,,,,,,0.014653905294835507,0.0064673624001442866,,,,,,,0.865364636693682,0.017464338934847213,0.002880990505218443,,0.0011129645115163,,,0.010113199108413214,0.006742132960685614,0.0056543282366224,,,,,,,,,,,,,,,,,,,,
2023-03-31,0.004359479516902581,,0.00254095829586724,0.0021655623064101215,0.004772421155523986,0.0016377337680231053,0.0017072459075798678,,,,,0.0058895405963993895,,,,,0.007101359527691061,0.024227276111819913,0.008208345222685967,,,,,,0.0017545249304799964,,,,,,,,,,,,,,,,,,,,,,,,,,,,,,,,,,,,,,,,,,,,,,,,,,,,,0.008396438339592053,,,,,,0.014348217519000114,0.006934839853784019,,,,,,,0.8633190968206951,0.01741884282923163,0.0030496036342810215,,0.0011342421411037,,,0.010527149241949757,0.007018099721920232,0.005911114026925325,,,,,,,,,,,,,,,,,,,,
2023-04-01,0.00440106234455013,,0.002557521095150077,0.0022071515049900997,0.004826179783170366,0.001621531526325225,0.00171519786817945,,,,,0.00568286457564675,,,,,0.00718581560067825,0.023913844488561153,0.008311982266604848,,,,,,0.00182351662078865,,,,,,,,,,,,,,,,,,,,,,,,,,,,,,,,,,,,,,,,,,,,,,,,,,,,,0.00858051585964855,,,,,,0.014042529743164719,0.007402317307423752,,,,,,,0.8612735569477081,0.017373346723616047,0.0032182167633436,,0.0011555197706911,,,0.0109410993754863,0.0072940664831548496,0.00616789981722825,,,,,,,,,,,,,,,,,,,,
2023-04-02,0.004442645172197679,,0.0025740838944329145,0.0022487407035700784,0.004879938410816747,0.0016053292846273447,0.0017231498287790322,,,,,0.0054761885548941115,,,,,0.007270271673665439,0.02360041286530239,0.008415619310523731,,,,,,0.0018925083110973035,,,,,,,,,,,,,,,,,,,,,,,,,,,,,,,,,,,,,,,,,,,,,,,,,,,,,0.008764593379705046,,,,,,0.013736841967329324,0.007869794761063482,,,,,,,0.8592280170747212,0.017327850618000466,0.0033868298924061785,,0.0011767974002784998,,,0.011355049509022842,0.007570033244389467,0.006424685607531174,,,,,,,,,,,,,,,,,,,,
2023-04-03,0.004484227999845229,,0.0025906466937157518,0.002290329902150057,0.004933697038463128,0.0015891270429294643,0.0017311017893786142,,,,,0.005269512534141471,,,,,0.007354727746652629,0.02328698124204363,0.008519256354442614,,,,,,0.001961500001405957,,,,,,,,,,,,,,,,,,,,,,,,,,,,,,,,,,,,,,,,,,,,,,,,,,,,,0.008948670899761542,,,,,,0.013431154191493929,0.008337272214703215,,,,,,,0.8571824772017342,0.017282354512384884,0.003555443021468757,,0.0011980750298659,,,0.011768999642559385,0.007846000005624085,0.0066814713978340995,,,,,,,,,,,,,,,,,,,,
2023-04-04,0.004525810827492778,,0.002607209492998589,0.0023319191007300354,0.00498745566610951,0.001572924801231584,0.0017390537499781965,,,,,0.0050628365133888326,,,,,0.007439183819639818,0.02297354961878487,0.008622893398361496,,,,,,0.0020304916917146107,,,,,,,,,,,,,,,,,,,,,,,,,,,,,,,,,,,,,,,,,,,,,,,,,,,,,0.00913274841981804,,,,,,0.013125466415658536,0.008804749668342948,,,,,,,0.8551369373287473,0.017236858406769303,0.0037240561505313356,,0.0012193526594533,,,0.012182949776095927,0.008121966766858703,0.006938257188137025,,,,,,,,,,,,,,,,,,,,
2023-04-05,0.004567393655140327,,0.0026237722922814264,0.002373508299310014,0.005041214293755891,0.0015567225595337036,0.0017470057105777785,,,,,0.004856160492636193,,,,,0.007523639892627007,0.022660117995526106,0.008726530442280379,,,,,,0.0020994833820232642,,,,,,,,,,,,,,,,,,,,,,,,,,,,,,,,,,,,,,,,,,,,,,,,,,,,,0.009316825939874537,,,,,,0.012819778639823143,0.00927222712198268,,,,,,,0.8530913974557605,0.01719136230115372,0.003892669279593914,,0.0012406302890407,,,0.01259689990963247,0.00839793352809332,0.007195042978439949,,,,,,,,,,,,,,,,,,,,
2023-04-06,0.004608976482787876,,0.0026403350915642637,0.002415097497889993,0.005094972921402271,0.0015405203178358233,0.0017549576711773608,,,,,0.004649484471883554,,,,,0.007608095965614197,0.022346686372267346,0.00883016748619926,,,,,,0.002168475072331918,,,,,,,,,,,,,,,,,,,,,,,,,,,,,,,,,,,,,,,,,,,,,,,,,,,,,0.009500903459931032,,,,,,0.012514090863987748,0.009739704575622411,,,,,,,0.8510458575827735,0.017145866195538137,0.004061282408656493,,0.0012619079186280998,,,0.013010850043169013,0.008673900289327938,0.007451828768742875,,,,,,,,,,,,,,,,,,,,
2023-04-07,0.004650559310435426,,0.002656897890847101,0.002456686696469971,0.005148731549048652,0.001524318076137943,0.0017629096317769428,,,,,0.004442808451130914,,,,,0.007692552038601386,0.022033254749008586,0.008933804530118142,,,,,,0.0022374667626405714,,,,,,,,,,,,,,,,,,,,,,,,,,,,,,,,,,,,,,,,,,,,,,,,,,,,,0.009684980979987528,,,,,,0.012208403088152353,0.010207182029262143,,,,,,,0.8490003177097866,0.017100370089922556,0.0042298955377190715,,0.0012831855482155,,,0.013424800176705555,0.008949867050562556,0.007708614559045799,,,,,,,,,,,,,,,,,,,,
2023-04-08,0.004692142138082975,,0.0026734606901299383,0.00249827589504995,0.005202490176695033,0.0015081158344400626,0.0017708615923765249,,,,,0.004236132430378275,,,,,0.007777008111588575,0.021719823125749826,0.009037441574037025,,,,,,0.002306458452949225,,,,,,,,,,,,,,,,,,,,,,,,,,,,,,,,,,,,,,,,,,,,,,,,,,,,,0.009869058500044025,,,,,,0.011902715312316958,0.010674659482901876,,,,,,,0.8469547778367996,0.017054873984306974,0.00439850866678165,,0.0013044631778029,,,0.013838750310242098,0.009225833811797176,0.007965400349348725,,,,,,,,,,,,,,,,,,,,
2023-04-09,0.004733724965730524,,0.0026900234894127757,0.0025398650936299286,0.0052562488043414145,0.0014919135927421823,0.0017788135529761071,,,,,0.004029456409625635,,,,,0.007861464184575765,0.021406391502491066,0.009141078617955906,,,,,,0.0023754501432578785,,,,,,,,,,,,,,,,,,,,,,,,,,,,,,,,,,,,,,,,,,,,,,,,,,,,,0.010053136020100523,,,,,,0.011597027536481565,0.011142136936541609,,,,,,,0.8449092379638127,0.01700937787869139,0.004567121795844229,,0.0013257408073903,,,0.01425270044377864,0.009501800573031793,0.008222186139651649,,,,,,,,,,,,,,,,,,,,
2023-04-10,0.004775307793378074,,0.002706586288695613,0.002581454292209907,0.005310007431987795,0.001475711351044302,0.0017867655135756892,,,,,0.0038227803888729968,,,,,0.007945920257562954,0.021092959879232303,0.009244715661874788,,,,,,0.002444441833566532,,,,,,,,,,,,,,,,,,,,,,,,,,,,,,,,,,,,,,,,,,,,,,,,,,,,,0.010237213540157018,,,,,,0.011291339760646172,0.011609614390181341,,,,,,,0.8428636980908257,0.01696388177307581,0.0047357349249068075,,0.0013470184369776999,,,0.014666650577315183,0.009777767334266411,0.008478971929954573,,,,,,,,,,,,,,,,,,,,
2023-04-11,0.004816890621025623,,0.0027231490879784503,0.0026230434907898855,0.005363766059634176,0.0014595091093464216,0.0017947174741752715,,,,,0.0036161043681203573,,,,,0.008030376330550143,0.020779528255973543,0.00934835270579367,,,,,,0.0025134335238751857,,,,,,,,,,,,,,,,,,,,,,,,,,,,,,,,,,,,,,,,,,,,,,,,,,,,,0.010421291060213514,,,,,,0.010985651984810777,0.012077091843821074,,,,,,,0.8408181582178389,0.016918385667460227,0.004904348053969386,,0.0013682960665651,,,0.015080600710851728,0.010053734095501029,0.0087357577202575,,,,,,,,,,,,,,,,,,,,
2023-04-12,0.004858473448673172,,0.0027397118872612876,0.0026646326893698643,0.005417524687280557,0.0014433068676485412,0.0018026694347748535,,,,,0.003409428347367718,,,,,0.008114832403537333,0.020466096632714783,0.009451989749712553,,,,,,0.0025824252141838392,,,,,,,,,,,,,,,,,,,,,,,,,,,,,,,,,,,,,,,,,,,,,,,,,,,,,0.01060536858027001,,,,,,0.010679964208975382,0.012544569297460804,,,,,,,0.838772618344852,0.016872889561844646,0.005072961183031964,,0.0013895736961525,,,0.01549455084438827,0.010329700856735647,0.008992543510560424,,,,,,,,,,,,,,,,,,,,
2023-04-13,0.004900056276320721,,0.0027562746865441253,0.0027062218879498425,0.005471283314926938,0.0014271046259506609,0.0018106213953744356,,,,,0.0032027523266150784,,,,,0.008199288476524522,0.02015266500945602,0.009555626793631436,,,,,,0.002651416904492493,,,,,,,,,,,,,,,,,,,,,,,,,,,,,,,,,,,,,,,,,,,,,,,,,,,,,0.010789446100326507,,,,,,0.01037427643313999,0.013012046751100537,,,,,,,0.836727078471865,0.016827393456229064,0.0052415743120945435,,0.0014108513257399,,,0.015908500977924813,0.010605667617970264,0.009249329300863349,,,,,,,,,,,,,,,,,,,,
2023-04-14,0.004941639103968271,,0.0027728374858269626,0.0027478110865298212,0.005525041942573319,0.0014109023842527805,0.0018185733559740178,,,,,0.002996076305862439,,,,,0.008283744549511711,0.01983923338619726,0.009659263837550317,,,,,,0.0027204085948011464,,,,,,,,,,,,,,,,,,,,,,,,,,,,,,,,,,,,,,,,,,,,,,,,,,,,,0.010973523620383004,,,,,,0.010068588657304594,0.01347952420474027,,,,,,,0.8346815385988781,0.01678189735061348,0.005410187441157122,,0.0014321289553272999,,,0.016322451111461356,0.010881634379204882,0.009506115091166275,,,,,,,,,,,,,,,,,,,,
2023-04-15,0.0049832219316158196,,0.0027894002851098,0.0027894002851098,0.0055788005702197,0.0013947001425549,0.0018265253165736,,,,,0.0027894002851098,,,,,0.0083682006224989,0.0195258017629385,0.0097629008814692,,,,0.0013947001425549,,0.0027894002851098,,,,,,,,,,,,,,,,,,,,,,,,,,,,,,,,,,,,,,,,,,,,,,,,,,,,,0.0111576011404395,,,,,,0.0097629008814692,0.013947001658380002,0.015341701917350202,,,,,,0.8326359987258911,0.0167364012449979,0.0055788005702197,,0.0014534065849147,,,0.0167364012449979,0.0111576011404395,0.0097629008814692,,,,,,,,,,,,,,,,,,,,
2023-04-16,0.005024804759263369,,0.0031288889253378214,0.003641183995309075,0.005452742700331921,0.0014912594384180785,0.0018344772771731821,,,,,0.0029825188768361605,,,,,0.008654816375513076,0.01919437675470752,0.010146075959450381,,,,0.0014180744307980071,,0.0027629638539759466,,,,,,,,,,,,,,,,,,,,,,,,,,,,,,,,,,,,,,,,,,,,,,,,,,,,,0.010832300393043871,,,,,,0.010645064655328483,0.015351704754201398,0.015672004149694437,,,,,,0.824209142814983,0.01687052273856734,0.005452742700331921,,0.0014746842145021,,,0.018992888142487757,0.011763745982369227,0.010219260950439693,,,,,,,,,,,,,,,,,,,,
2023-04-17,0.005066387586910919,,0.0034683775655658428,0.00449296770550835,0.005326684830444142,0.001587818734281257,0.0018424292377727642,,,,,0.0031756374685625215,,,,,0.00894143212852725,0.018862951746476543,0.010529251037431565,,,,0.0014414487190411143,,0.002736527422842093,,,,,,,,,,,,,,,,,,,,,,,,,,,,,,,,,,,,,,,,,,,,,,,,,,,,,0.010506999645648243,,,,,,0.011527228429187767,0.016756407850022796,0.016002306382038672,,,,,,0.815782286904075,0.017004644232136785,0.005326684830444142,,0.0014959618440895,,,0.021249375039977612,0.012369890824298952,0.010675621019410185,,,,,,,,,,,,,,,,,,,,
2023-04-18,0.005107970414558468,,0.0038078662057938646,0.005344751415707625,0.005200626960556364,0.0016843780301444358,0.0018503811983723464,,,,,0.003368756060288882,,,,,0.009228047881541426,0.018531526738245565,0.010912426115412746,,,,0.0014648230072842215,,0.002710090991708239,,,,,,,,,,,,,,,,,,,,,,,,,,,,,,,,,,,,,,,,,,,,,,,,,,,,,0.010181698898252614,,,,,,0.012409392203047051,0.018161110945844192,0.016332608614382908,,,,,,0.8073554309931669,0.017138765725706228,0.005200626960556364,,0.0015172394736768999,,,0.02350586193746747,0.012976035666228678,0.011131981088380679,,,,,,,,,,,,,,,,,,,,
2023-04-19,0.005149553242206017,,0.004147354846021886,0.006196535125906901,0.005074569090668586,0.0017809373260076144,0.0018583331589719285,,,,,0.003561874652015243,,,,,0.0095146636345556,0.018200101730014587,0.011295601193393928,,,,0.0014881972955273287,,0.0026836545605743857,,,,,,,,,,,,,,,,,,,,,,,,,,,,,,,,,,,,,,,,,,,,,,,,,,,,,0.009856398150856985,,,,,,0.013291555976906335,0.01956581404166559,0.016662910846727146,,,,,,0.7989285750822588,0.01727288721927567,0.005074569090668586,,0.0015385171032643,,,0.02576234883495733,0.013582180508158403,0.01158834115735117,,,,,,,,,,,,,,,,,,,,
2023-04-20,0.005191136069853566,,0.0044868434862499074,0.007048318836106175,0.004948511220780807,0.001877496621870793,0.0018662851195715108,,,,,0.0037549932437416036,,,,,0.009801279387569776,0.017868676721783605,0.01167877627137511,,,,0.0015115715837704356,,0.0026572181294405323,,,,,,,,,,,,,,,,,,,,,,,,,,,,,,,,,,,,,,,,,,,,,,,,,,,,,0.009531097403461357,,,,,,0.01417371975076562,0.020970517137486985,0.01699321307907138,,,,,,0.7905017191713506,0.017407008712845114,0.004948511220780807,,0.0015597947328517,,,0.028018835732447185,0.01418832535008813,0.012044701226321664,,,,,,,,,,,,,,,,,,,,
2023-04-21,0.005232718897501116,,0.004826332126477929,0.00790010254630545,0.004822453350893028,0.0019740559177339714,0.0018742370801710928,,,,,0.003948111835467965,,,,,0.01008789514058395,0.017537251713552627,0.012061951349356292,,,,0.0015349458720135428,,0.0026307816983066785,,,,,,,,,,,,,,,,,,,,,,,,,,,,,,,,,,,,,,,,,,,,,,,,,,,,,0.009205796656065728,,,,,,0.015055883524624903,0.02237522023330838,0.017323515311415617,,,,,,0.7820748632604425,0.017541130206414558,0.004822453350893028,,0.0015810723624391,,,0.030275322629937044,0.014794470192017857,0.012501061295292156,,,,,,,,,,,,,,,,,,,,
2023-04-22,0.005274301725148665,,0.00516582076670595,0.008751886256504726,0.004696395481005249,0.00207061521359715,0.0018821890407706749,,,,,0.004141230427194325,,,,,0.010374510893598126,0.01720582670532165,0.012445126427337475,,,,0.00155832016025665,,0.0026043452671728248,,,,,,,,,,,,,,,,,,,,,,,,,,,,,,,,,,,,,,,,,,,,,,,,,,,,,0.0088804959086701,,,,,,0.015938047298484186,0.023779923329129777,0.017653817543759852,,,,,,0.7736480073495344,0.017675251699983997,0.004696395481005249,,0.0016023499920264999,,,0.0325318095274269,0.015400615033947582,0.01295742136426265,,,,,,,,,,,,,,,,,,,,
2023-04-23,0.005315884552796214,,0.005505309406933972,0.009603669966704,0.004570337611117472,0.0021671745094603285,0.0018901410013702571,,,,,0.004334349018920686,,,,,0.0106611266466123,0.01687440169709067,0.012828301505318657,,,,0.001581694448499757,,0.0025779088360389714,,,,,,,,,,,,,,,,,,,,,,,,,,,,,,,,,,,,,,,,,,,,,,,,,,,,,0.008555195161274471,,,,,,0.016820211072343473,0.025184626424951173,0.017984119776104087,,,,,,0.7652211514386263,0.01780937319355344,0.004570337611117472,,0.0016236276216139,,,0.03478829642491676,0.016006759875877307,0.013413781433233142,,,,,,,,,,,,,,,,,,,,
2023-04-24,0.005357467380443764,,0.005844798047161993,0.010455453676903276,0.004444279741229693,0.002263733805323507,0.0018980929619698394,,,,,0.004527467610647047,,,,,0.010947742399626476,0.016542976688859692,0.013211476583299839,,,,0.0016050687367428643,,0.002551472404905118,,,,,,,,,,,,,,,,,,,,,,,,,,,,,,,,,,,,,,,,,,,,,,,,,,,,,0.008229894413878842,,,,,,0.017702374846202754,0.02658932952077257,0.018314422008448322,,,,,,0.7567942955277183,0.017943494687122884,0.004444279741229693,,0.0016449052512013,,,0.03704478332240661,0.016612904717807034,0.013870141502203635,,,,,,,,,,,,,,,,,,,,
2023-04-25,0.005399050208091313,,0.0061842866873900145,0.011307237387102551,0.004318221871341914,0.0023602931011866856,0.0019060449225694214,,,,,0.004720586202373408,,,,,0.01123435815264065,0.016211551680628714,0.013594651661281022,,,,0.0016284430249859714,,0.0025250359737712643,,,,,,,,,,,,,,,,,,,,,,,,,,,,,,,,,,,,,,,,,,,,,,,,,,,,,0.007904593666483214,,,,,,0.01858453862006204,0.027994032616593965,0.018644724240792557,,,,,,0.7483674396168102,0.018077616180692327,0.004318221871341914,,0.0016661828807887,,,0.039301270219896475,0.01721904955973676,0.014326501571174127,,,,,,,,,,,,,,,,,,,,
2023-04-26,0.005440633035738862,,0.006523775327618036,0.012159021097301825,0.004192164001454135,0.002456852397049864,0.0019139968831690035,,,,,0.004913704794099768,,,,,0.011520973905654826,0.015880126672397736,0.013977826739262204,,,,0.0016518173132290786,,0.0024985995426374105,,,,,,,,,,,,,,,,,,,,,,,,,,,,,,,,,,,,,,,,,,,,,,,,,,,,,0.007579292919087585,,,,,,0.01946670239392132,0.02939873571241536,0.018975026473136793,,,,,,0.7399405837059021,0.01821173767426177,0.004192164001454135,,0.0016874605103760999,,,0.04155775711738633,0.017825194401666487,0.014782861640144621,,,,,,,,,,,,,,,,,,,,
2023-04-27,0.005482215863386411,,0.006863263967846058,0.0130108048075011,0.004066106131566357,0.002553411692913043,0.0019219488437685857,,,,,0.005106823385826129,,,,,0.011807589658669002,0.015548701664166758,0.014361001817243386,,,,0.0016751916014721858,,0.002472163111503557,,,,,,,,,,,,,,,,,,,,,,,,,,,,,,,,,,,,,,,,,,,,,,,,,,,,,0.007253992171691957,,,,,,0.02034886616778061,0.030803438808236758,0.01930532870548103,,,,,,0.731513727794994,0.018345859167831213,0.004066106131566357,,0.0017087381399635,,,0.043814244014876186,0.01843133924359621,0.015239221709115115,,,,,,,,,,,,,,,,,,,,
2023-04-28,0.005523798691033961,,0.007202752608074079,0.013862588517700376,0.003940048261678578,0.0026499709887762212,0.0019299008043681678,,,,,0.005299941977552489,,,,,0.012094205411683176,0.015217276655935778,0.014744176895224568,,,,0.0016985658897152927,,0.0024457266803697038,,,,,,,,,,,,,,,,,,,,,,,,,,,,,,,,,,,,,,,,,,,,,,,,,,,,,0.006928691424296329,,,,,,0.02123102994163989,0.03220814190405816,0.019635630937825267,,,,,,0.7230868718840859,0.018479980661400656,0.003940048261678578,,0.0017300157695509001,,,0.04607073091236605,0.019037484085525937,0.015695581778085606,,,,,,,,,,,,,,,,,,,,
2023-04-29,0.00556538151868151,,0.007542241248302101,0.01471437222789965,0.0038139903917907996,0.0027465302846394002,0.00193785276496775,,,,,0.005493060569278851,,,,,0.01238082116469735,0.0148858516477048,0.01512735197320575,,,,0.0017219401779584001,,0.00241929024923585,,,,,,,,,,,,,,,,,,,,,,,,,,,,,,,,,,,,,,,,,,,,,,,,,,,,,0.0066033906769007,,,,,,0.022113193715499177,0.03361284499987955,0.0199659331701695,,,,,,0.7146600159731777,0.0186141021549701,0.0038139903917907996,,0.0017512933991383,,,0.048327217809855896,0.019643628927455664,0.0161519418470561,,,,,,,,,,,,,,,,,,,,
2023-04-30,0.005606964346329059,,0.007881729888530122,0.015566155938098927,0.0036879325219030213,0.0028430895805025783,0.001945804725567332,,,,,0.005686179161005211,,,,,0.012667436917711525,0.01455442663947382,0.015510527051186933,,,,0.001745314466201507,,0.002392853818101996,,,,,,,,,,,,,,,,,,,,,,,,,,,,,,,,,,,,,,,,,,,,,,,,,,,,,0.006278089929505072,,,,,,0.022995357489358458,0.03501754809570095,0.020296235402513737,,,,,,0.7062331600622697,0.018748223648539543,0.0036879325219030213,,0.0017725710287257,,,0.05058370470734576,0.020249773769385387,0.016608301916026594,,,,,,,,,,,,,,,,,,,,
2023-05-01,0.005648547173976609,,0.008221218528758144,0.016417939648298203,0.0035618746520152426,0.0029396488763657573,0.001953756686166914,,,,,0.005879297752731572,,,,,0.012954052670725701,0.014223001631242842,0.015893702129168116,,,,0.0017686887544446142,,0.002366417386968143,,,,,,,,,,,,,,,,,,,,,,,,,,,,,,,,,,,,,,,,,,,,,,,,,,,,,0.005952789182109443,,,,,,0.023877521263217745,0.03642225119152234,0.020626537634857972,,,,,,0.6978063041513616,0.018882345142108986,0.0035618746520152426,,0.0017938486583131,,,0.05284019160483562,0.020855918611315118,0.017064661984997086,,,,,,,,,,,,,,,,,,,,
2023-05-02,0.005690130001624158,,0.008560707168986164,0.017269723358497475,0.003435816782127464,0.0030362081722289354,0.0019617086467664966,,,,,0.006072416344457932,,,,,0.013240668423739875,0.013891576623011864,0.016276877207149296,,,,0.0017920630426877214,,0.0023399809558342895,,,,,,,,,,,,,,,,,,,,,,,,,,,,,,,,,,,,,,,,,,,,,,,,,,,,,0.005627488434713814,,,,,,0.024759685037077026,0.03782695428734374,0.02095683986720221,,,,,,0.6893794482404535,0.01901646663567843,0.003435816782127464,,0.0018151262879005001,,,0.05509667850232547,0.02146206345324484,0.017521022053967578,,,,,,,,,,,,,,,,,,,,
2023-05-03,0.005731712829271707,,0.008900195809214187,0.01812150706869675,0.0033097589122396856,0.0031327674680921144,0.0019696606073660787,,,,,0.006265534936184293,,,,,0.01352728417675405,0.013560151614780885,0.01666005228513048,,,,0.0018154373309308286,,0.0023135445247004357,,,,,,,,,,,,,,,,,,,,,,,,,,,,,,,,,,,,,,,,,,,,,,,,,,,,,0.005302187687318186,,,,,,0.025641848810936313,0.039231657383165135,0.021287142099546442,,,,,,0.6809525923295454,0.019150588129247872,0.0033097589122396856,,0.0018364039174879,,,0.05735316539981533,0.022068208295174568,0.01797738212293807,,,,,,,,,,,,,,,,,,,,
2023-05-04,0.005773295656919256,,0.009239684449442207,0.018973290778896028,0.003183701042351907,0.0032293267639552925,0.0019776125679656607,,,,,0.006458653527910654,,,,,0.013813899929768225,0.013228726606549907,0.01704322736311166,,,,0.0018388116191739357,,0.002287108093566582,,,,,,,,,,,,,,,,,,,,,,,,,,,,,,,,,,,,,,,,,,,,,,,,,,,,,0.004976886939922557,,,,,,0.026524012584795593,0.040636360478986534,0.02161744433189068,,,,,,0.6725257364186373,0.019284709622817316,0.003183701042351907,,0.0018576815470753,,,0.05960965229730519,0.022674353137104294,0.01843374219190856,,,,,,,,,,,,,,,,,,,,
2023-05-05,0.005814878484566806,,0.00957917308967023,0.019825074489095304,0.0030576431724641286,0.0033258860598184715,0.0019855645285652428,,,,,0.006651772119637015,,,,,0.014100515682782401,0.012897301598318929,0.017426402441092843,,,,0.001862185907417043,,0.0022606716624327286,,,,,,,,,,,,,,,,,,,,,,,,,,,,,,,,,,,,,,,,,,,,,,,,,,,,,0.0046515861925269285,,,,,,0.02740617635865488,0.04204106357480793,0.021947746564234916,,,,,,0.6640988805077293,0.01941883111638676,0.0030576431724641286,,0.0018789591766627,,,0.06186613919479504,0.023280497979034018,0.018890102260879057,,,,,,,,,,,,,,,,,,,,
2023-05-06,0.005856461312214355,,0.00991866172989825,0.020676858199294577,0.00293158530257635,0.0034224453556816496,0.001993516489164825,,,,,0.0068448907113633755,,,,,0.014387131435796575,0.01256587659008795,0.017809577519074027,,,,0.00188556019566015,,0.0022342352312988752,,,,,,,,,,,,,,,,,,,,,,,,,,,,,,,,,,,,,,,,,,,,,,,,,,,,,0.0043262854451313,,,,,,0.02828834013251416,0.04344576667062933,0.02227804879657915,,,,,,0.6556720245968212,0.019552952609956202,0.00293158530257635,,0.0019002368062501001,,,0.0641226260922849,0.023886642820963748,0.01934646232984955,,,,,,,,,,,,,,,,,,,,
2023-05-07,0.005898044139861904,,0.010258150370126272,0.021528641909493853,0.002805527432688571,0.0035190046515448286,0.0020014684497644073,,,,,0.007038009303089737,,,,,0.01467374718881075,0.012234451581856971,0.01819275259705521,,,,0.001908934483903257,,0.0022077988001650214,,,,,,,,,,,,,,,,,,,,,,,,,,,,,,,,,,,,,,,,,,,,,,,,,,,,,0.004000984697735671,,,,,,0.02917050390637345,0.04485046976645072,0.022608351028923387,,,,,,0.6472451686859131,0.019687074103525645,0.002805527432688571,,0.0019215144358375,,,0.06637911298977477,0.02449278766289347,0.019802822398820044,,,,,,,,,,,,,,,,,,,,
2023-05-08,0.0059396269675094536,,0.010597639010354293,0.02238042561969313,0.002679469562800793,0.0036155639474080067,0.0020094204103639894,,,,,0.007231127894816097,,,,,0.014960362941824925,0.011903026573625993,0.01857592767503639,,,,0.0019323087721463644,,0.0021813623690311677,,,,,,,,,,,,,,,,,,,,,,,,,,,,,,,,,,,,,,,,,,,,,,,,,,,,,0.0036756839503400427,,,,,,0.03005266768023273,0.04625517286227212,0.022938653261267622,,,,,,0.6388183127750049,0.019821195597095085,0.002679469562800793,,0.0019427920654249,,,0.06863559988726461,0.025098932504823198,0.020259182467790536,,,,,,,,,,,,,,,,,,,,
2023-05-09,0.005981209795157003,,0.010937127650582315,0.023232209329892402,0.002553411692913014,0.0037121232432711856,0.0020173723709635714,,,,,0.007424246486542458,,,,,0.0152469786948391,0.011571601565395015,0.01895910275301757,,,,0.0019556830603894714,,0.0021549259378973143,,,,,,,,,,,,,,,,,,,,,,,,,,,,,,,,,,,,,,,,,,,,,,,,,,,,,0.003350383202944415,,,,,,0.030934831454092017,0.04765987595809352,0.02326895549361186,,,,,,0.6303914568640969,0.019955317090664528,0.002553411692913014,,0.0019640696950123,,,0.07089208678475448,0.025705077346752925,0.020715542536761028,,,,,,,,,,,,,,,,,,,,
2023-05-10,0.006022792622804552,,0.011276616290810336,0.024083993040091678,0.0024273538230252354,0.0038086825391343646,0.0020253243315631535,,,,,0.007617365078268818,,,,,0.015533594447853277,0.011240176557164036,0.019342277830998754,,,,0.0019790573486325787,,0.002128489506763461,,,,,,,,,,,,,,,,,,,,,,,,,,,,,,,,,,,,,,,,,,,,,,,,,,,,,0.0030250824555487863,,,,,,0.0318169952279513,0.04906457905391491,0.023599257725956092,,,,,,0.6219646009531887,0.02008943858423397,0.0024273538230252354,,0.0019853473245997,,,0.07314857368224434,0.026311222188682648,0.02117190260573152,,,,,,,,,,,,,,,,,,,,
2023-05-11,0.006064375450452101,,0.011616104931038358,0.024935776750290954,0.002301295953137457,0.0039052418349975427,0.0020332762921627355,,,,,0.007810483669995179,,,,,0.01582021020086745,0.010908751548933057,0.019725452908979937,,,,0.0020024316368756857,,0.002102053075629607,,,,,,,,,,,,,,,,,,,,,,,,,,,,,,,,,,,,,,,,,,,,,,,,,,,,,0.0026997817081531577,,,,,,0.032699159001810585,0.05046928214973631,0.02392955995830033,,,,,,0.6135377450422806,0.020223560077803415,0.002301295953137457,,0.0020066249541871002,,,0.07540506057973419,0.026917367030612375,0.021628262674702012,,,,,,,,,,,,,,,,,,,,
2023-05-12,0.006105958278099651,,0.011955593571266378,0.02578756046049023,0.0021752380832496783,0.004001801130860722,0.002041228252762318,,,,,0.00800360226172154,,,,,0.016106825953881625,0.010577326540702078,0.02010862798696112,,,,0.0020258059251187926,,0.0020756166444957534,,,,,,,,,,,,,,,,,,,,,,,,,,,,,,,,,,,,,,,,,,,,,,,,,,,,,0.002374480960757529,,,,,,0.033581322775669865,0.051873985245557704,0.024259862190644566,,,,,,0.6051108891313726,0.020357681571372858,0.0021752380832496783,,0.0020279025837745,,,0.07766154747722405,0.0275235118725421,0.022084622743672504,,,,,,,,,,,,,,,,,,,,
2023-05-13,0.0061475411057472,,0.0122950822114944,0.026639344170689503,0.0020491802133619,0.0040983604267239,0.0020491802133619,,,,,0.0081967208534479,,,,,0.0163934417068958,0.0102459015324711,0.0204918030649423,0.0020491802133619,,0.0020491802133619,0.0020491802133619,,0.0020491802133619,0.0020491802133619,,,,,,,,,,,,,,,,,,,,,,,,,,,,,,,,,,,,,,,,,,,,,,,,,,,,0.0020491802133619,,,,,,0.03446348654952915,0.0532786883413791,0.0245901644229888,,,,0.0020491802133619,,0.5966840332204645,0.0204918030649423,0.0020491802133619,0.0020491802133619,0.0020491802133619,0.0020491802133619,0.0102459015324711,0.0799180343747139,0.02812965671447183,0.022540982812643,,,,,,,,,,,,,,,,,,,,
2023-05-14,0.0061308844572132495,,,0.026524451305574126,,,,,,,,0.008167611040460133,,,,,0.01618998738870554,0.010011763511491594,0.020155314056734895,0.0043481618797937965,,0.0021018734218418876,0.0020576712947027597,,,0.00237135630699665,,,,,,,,,,,,,,,,,,,,,,,,,,,,,,,,,,,,,,,,,,,,,,,,,,,,0.002107782239493436,,,,,,0.03507766615018828,0.05335268351648529,0.02647947200707018,,,,0.002107782239493436,,0.5894631211246762,0.020393735147081257,0.002910485051197296,0.0022395692732450428,0.0022395692732450428,0.002503143340748257,0.010011763511491594,0.08022670767136983,0.02897004452352586,0.025162410656256285,,,,,,,,,,,,,,,,,,,,
2023-05-15,0.006114227808679298,,,0.02640955844045875,,,,,,,,0.008138501227472367,,,,,0.01598653307051528,0.009777625490512086,0.019818825048527486,0.006647143546225694,,0.002154566630321875,0.0020661623760436193,,,0.0026935324006314,,,,,,,,,,,,,,,,,,,,,,,,,,,,,,,,,,,,,,,,,,,,,,,,,,,,0.0021663842656249716,,,,,,0.035691845750847405,0.05342667869159148,0.02836877959115156,,,,0.0021663842656249716,,0.582242209028888,0.020295667229220212,0.0037717898890326923,0.002429958333128186,0.002429958333128186,0.002957106468134614,0.009777625490512086,0.08053538096802575,0.029810432332579892,0.02778383849986957,,,,,,,,,,,,,,,,,,,,
2023-05-16,0.006097571160145347,,,0.026294665575343372,,,,,,,,0.008109391414484602,,,,,0.015783078752325017,0.00954348746953258,0.01948233604032008,0.00894612521265759,,0.0022072598388018626,0.0020746534573844785,,,0.00301570849426615,,,,,,,,,,,,,,,,,,,,,,,,,,,,,,,,,,,,,,,,,,,,,,,,,,,,0.002224986291756507,,,,,,0.03630602535150653,0.05350067386669766,0.030258087175232935,,,,0.002224986291756507,,0.5750212969330998,0.020197599311359168,0.004633094726868088,0.0026203473930113286,0.0026203473930113286,0.003411069595520971,0.00954348746953258,0.08084405426468168,0.030650820141633922,0.030405266343482857,,,,,,,,,,,,,,,,,,,,
2023-05-17,0.006080914511611396,,,0.026179772710227995,,,,,,,,0.008080281601496835,,,,,0.015579624434134758,0.009309349448553071,0.01914584703211267,0.011245106879089488,,0.00225995304728185,0.002083144538725338,,,0.0033378845879009,,,,,,,,,,,,,,,,,,,,,,,,,,,,,,,,,,,,,,,,,,,,,,,,,,,,0.0022835883178880427,,,,,,0.03692020495216566,0.053574669041803843,0.032147394759314316,,,,0.0022835883178880427,,0.5678003848373115,0.020099531393498123,0.005494399564703484,0.0028107364528944714,0.0028107364528944714,0.0038650327229073286,0.009309349448553071,0.0811527275613376,0.03149120795068795,0.03302669418709614,,,,,,,,,,,,,,,,,,,,
2023-05-18,0.0060642578630774446,,,0.026064879845112618,,,,,,,,0.008051171788509068,,,,,0.015376170115944497,0.009075211427573565,0.018809358023905265,0.013544088545521386,,0.0023126462557618377,0.0020916356200661977,,,0.00366006068153565,,,,,,,,,,,,,,,,,,,,,,,,,,,,,,,,,,,,,,,,,,,,,,,,,,,,0.0023421903440195785,,,,,,0.03753438455282479,0.05364866421691003,0.034036702343395696,,,,0.0023421903440195785,,0.5605794727415233,0.02000146347563708,0.006355704402538881,0.003001125512777614,0.003001125512777614,0.004318995850293685,0.009075211427573565,0.08146140085799353,0.03233159575974198,0.035648122030709425,,,,,,,,,,,,,,,,,,,,
2023-05-19,0.006047601214543494,,,0.02594998697999724,,,,,,,,0.008022061975521301,,,,,0.015172715797754236,0.008841073406594057,0.01847286901569786,0.015843070211953282,,0.002365339464241825,0.0021001267014070573,,,0.0039822367751704,,,,,,,,,,,,,,,,,,,,,,,,,,,,,,,,,,,,,,,,,,,,,,,,,,,,0.0024007923701511143,,,,,,0.038148564153483916,0.05372265939201622,0.035926009927477076,,,,0.0024007923701511143,,0.5533585606457351,0.019903395557776035,0.007217009240374276,0.0031915145726607573,0.0031915145726607573,0.004772958977680043,0.008841073406594057,0.08177007415464944,0.03317198356879601,0.03826954987432271,,,,,,,,,,,,,,,,,,,,
2023-05-20,0.006030944566009543,,,0.025835094114881864,,,,,,,,0.007992952162533535,,,,,0.014969261479563976,0.00860693538561455,0.01813638000749045,0.018142051878385176,,0.0024180326727218124,0.0021086177827479165,,,0.00430441286880515,,,,,,,,,,,,,,,,,,,,,,,,,,,,,,,,,,,,,,,,,,,,,,,,,,,,0.00245939439628265,,,,,,0.03876274375414304,0.053796654567122404,0.03781531751155845,,,,0.00245939439628265,,0.5461376485499468,0.019805327639914987,0.008078314078209673,0.0033819036325439,0.0033819036325439,0.0052269221050664,0.00860693538561455,0.08207874745130538,0.03401237137785005,0.040890977717936,,,,,,,,,,,,,,,,,,,,
2023-05-21,0.006014287917475592,,,0.025720201249766483,,,,,,,,0.007963842349545768,,,,,0.014765807161373715,0.008372797364635042,0.017799890999283044,0.020441033544817074,,0.0024707258812018,0.002117108864088776,,,0.0046265889624398995,,,,,,,,,,,,,,,,,,,,,,,,,,,,,,,,,,,,,,,,,,,,,,,,,,,,0.002517996422414186,,,,,,0.03937692335480217,0.05387064974222859,0.03970462509563983,,,,0.002517996422414186,,0.5389167364541586,0.019707259722053942,0.008939618916045068,0.003572292692427043,0.003572292692427043,0.005680885232452757,0.008372797364635042,0.08238742074796129,0.03485275918690408,0.04351240556154928,,,,,,,,,,,,,,,,,,,,
2023-05-22,0.0059976312689416405,,,0.025605308384651106,,,,,,,,0.007934732536558003,,,,,0.014562352843183454,0.008138659343655536,0.017463401991075635,0.022740015211248972,,0.0025234190896817874,0.0021255999454296358,,,0.00494876505607465,,,,,,,,,,,,,,,,,,,,,,,,,,,,,,,,,,,,,,,,,,,,,,,,,,,,0.0025765984485457217,,,,,,0.039991102955461294,0.05394464491733477,0.04159393267972121,,,,0.0025765984485457217,,0.5316958243583704,0.019609191804192898,0.009800923753880465,0.003762681752310186,0.003762681752310186,0.006134848359839113,0.008138659343655536,0.08269609404461722,0.03569314699595811,0.04613383340516257,,,,,,,,,,,,,,,,,,,,
2023-05-23,0.00598097462040769,,,0.02549041551953573,,,,,,,,0.007905622723570236,,,,,0.014358898524993193,0.00790452132267603,0.01712691298286823,0.02503899687768087,,0.002576112298161775,0.0021340910267704954,,,0.005270941149709401,,,,,,,,,,,,,,,,,,,,,,,,,,,,,,,,,,,,,,,,,,,,,,,,,,,,0.002635200474677257,,,,,,0.04060528255612042,0.05401864009244096,0.04348324026380258,,,,0.002635200474677257,,0.5244749122625821,0.019511123886331853,0.010662228591715861,0.003953070812193329,0.003953070812193329,0.006588811487225472,0.00790452132267603,0.08300476734127314,0.03653353480501214,0.048755261248775855,,,,,,,,,,,,,,,,,,,,
2023-05-24,0.005964317971873739,,,0.025375522654420352,,,,,,,,0.00787651291058247,,,,,0.014155444206802932,0.007670383301696521,0.016790423974660823,0.027337978544112764,,0.0026288055066417625,0.0021425821081113546,,,0.00559311724334415,,,,,,,,,,,,,,,,,,,,,,,,,,,,,,,,,,,,,,,,,,,,,,,,,,,,0.002693802500808793,,,,,,0.041219462156779546,0.054092635267547144,0.045372547847883964,,,,0.002693802500808793,,0.5172540001667939,0.01941305596847081,0.011523533429551256,0.004143459872076471,0.004143459872076471,0.007042774614611828,0.007670383301696521,0.08331344063792907,0.03737392261406617,0.05137668909238914,,,,,,,,,,,,,,,,,,,,
2023-05-25,0.005947661323339787,,,0.025260629789304975,,,,,,,,0.007847403097594702,,,,,0.013951989888612671,0.007436245280717014,0.016453934966453414,0.029636960210544662,,0.00268149871512175,0.002151073189452214,,,0.0059152933369789,,,,,,,,,,,,,,,,,,,,,,,,,,,,,,,,,,,,,,,,,,,,,,,,,,,,0.0027524045269403286,,,,,,0.04183364175743867,0.05416663044265333,0.047261855431965344,,,,0.0027524045269403286,,0.5100330880710057,0.019314988050609765,0.012384838267386653,0.004333848931959615,0.004333848931959615,0.007496737741998185,0.007436245280717014,0.08362211393458499,0.03821431042312021,0.05399811693600243,,,,,,,,,,,,,,,,,,,,
2023-05-26,0.005931004674805836,,,0.025145736924189598,,,,,,,,0.007818293284606936,,,,,0.013748535570422412,0.007202107259737507,0.016117445958246008,0.03193594187697656,,0.0027341919236017376,0.002159564270793074,,,0.00623746943061365,,,,,,,,,,,,,,,,,,,,,,,,,,,,,,,,,,,,,,,,,,,,,,,,,,,,0.0028110065530718644,,,,,,0.0424478213580978,0.05424062561775952,0.049151163016046724,,,,0.0028110065530718644,,0.5028121759752174,0.01921692013274872,0.013246143105222048,0.004524237991842758,0.004524237991842758,0.007950700869384542,0.007202107259737507,0.08393078723124092,0.03905469823217424,0.05661954477961571,,,,,,,,,,,,,,,,,,,,
2023-05-27,0.0059143480262718855,,,0.02503084405907422,,,,,,,,0.00778918347161917,,,,,0.01354508125223215,0.006967969238758,0.015780956950038602,0.03423492354340846,,0.002786885132081725,0.0021680553521339335,,,0.006559645524248399,,,,,,,,,,,,,,,,,,,,,,,,,,,,,,,,,,,,,,,,,,,,,,,,,,,,0.0028696085792033997,,,,,,0.043062000958756924,0.0543146207928657,0.051040470600128104,,,,0.0028696085792033997,,0.4955912638794292,0.019118852214887676,0.014107447943057445,0.0047146270517259,0.0047146270517259,0.0084046639967709,0.006967969238758,0.08423946052789685,0.03989508604122827,0.059240972623229,,,,,,,,,,,,,,,,,,,,
2023-05-28,0.005897691377737934,,,0.024915951193958844,,,,,,,,0.007760073658631403,,,,,0.01334162693404189,0.006733831217778492,0.015444467941831193,0.03653390520984036,,0.0028395783405617122,0.002176546433474793,,,0.006881821617883151,,,,,,,,,,,,,,,,,,,,,,,,,,,,,,,,,,,,,,,,,,,,,,,,,,,,0.0029282106053349355,,,,,,0.04367618055941606,0.054388615967971884,0.05292977818420948,,,,0.0029282106053349355,,0.48837035178364097,0.01902078429702663,0.01496875278089284,0.004905016111609043,0.004905016111609043,0.008858627124157257,0.006733831217778492,0.08454813382455277,0.0407354738502823,0.061862400466842285,,,,,,,,,,,,,,,,,,,,
2023-05-29,0.005881034729203983,,,0.024801058328843467,,,,,,,,0.007730963845643637,,,,,0.01313817261585163,0.006499693196798986,0.015107978933623787,0.03883288687627225,,0.0028922715490417,0.0021850375148156523,,,0.0072039977115179,,,,,,,,,,,,,,,,,,,,,,,,,,,,,,,,,,,,,,,,,,,,,,,,,,,,0.0029868126314664713,,,,,,0.04429036016007518,0.05446261114307807,0.05481908576829086,,,,0.0029868126314664713,,0.48114943968785273,0.018922716379165587,0.015830057618728237,0.005095405171492186,0.005095405171492186,0.009312590251543613,0.006499693196798986,0.0848568071212087,0.04157586165933633,0.06448382831045557,,,,,,,,,,,,,,,,,,,,
2023-05-30,0.005864378080670032,,,0.02468616546372809,,,,,,,,0.00770185403265587,,,,,0.012934718297661369,0.006265555175819479,0.014771489925416378,0.04113186854270415,,0.0029449647575216873,0.002193528596156512,,,0.00752617380515265,,,,,,,,,,,,,,,,,,,,,,,,,,,,,,,,,,,,,,,,,,,,,,,,,,,,0.003045414657598007,,,,,,0.04490453976073431,0.05453660631818426,0.05670839335237224,,,,0.003045414657598007,,0.4739285275920645,0.018824648461304543,0.016691362456563632,0.0052857942313753285,0.0052857942313753285,0.009766553378929971,0.006265555175819479,0.08516548041786462,0.04241624946839036,0.06710525615406886,,,,,,,,,,,,,,,,,,,,
2023-05-31,0.0058477214321360806,,,0.024571272598612713,,,,,,,,0.007672744219668104,,,,,0.012731263979471108,0.006031417154839971,0.014435000917208972,0.04343085020913605,,0.002997657966001675,0.0022020196774973715,,,0.0078483498987874,,,,,,,,,,,,,,,,,,,,,,,,,,,,,,,,,,,,,,,,,,,,,,,,,,,,0.003104016683729543,,,,,,0.045518719361393435,0.054610601493290445,0.05859770093645362,,,,0.003104016683729543,,0.46670761549627626,0.018726580543443498,0.017552667294399027,0.005476183291258471,0.005476183291258471,0.010220516506316328,0.006031417154839971,0.08547415371452055,0.04325663727744439,0.06972668399768214,,,,,,,,,,,,,,,,,,,,
2023-06-01,0.00583106478360213,,,0.024456379733497336,,,,,,,,0.007643634406680337,,,,,0.012527809661280847,0.005797279133860464,0.014098511909001564,0.04572983187556794,,0.0030503511744816624,0.002210510758838231,,,0.00817052599242215,,,,,,,,,,,,,,,,,,,,,,,,,,,,,,,,,,,,,,,,,,,,,,,,,,,,0.0031626187098610786,,,,,,0.04613289896205256,0.05468459666839663,0.06048700852053499,,,,0.0031626187098610786,,0.45948670340048803,0.018628512625582454,0.018413972132234422,0.005666572351141614,0.005666572351141614,0.010674479633702685,0.005797279133860464,0.08578282701117647,0.04409702508649842,0.07234811184129543,,,,,,,,,,,,,,,,,,,,
2023-06-02,0.005814408135068179,,,0.02434148686838196,,,,,,,,0.007614524593692571,,,,,0.012324355343090586,0.005563141112880957,0.013762022900794157,0.048028813541999844,,0.00310304438296165,0.0022190018401790903,,,0.0084927020860569,,,,,,,,,,,,,,,,,,,,,,,,,,,,,,,,,,,,,,,,,,,,,,,,,,,,0.0032212207359926144,,,,,,0.04674707856271169,0.05475859184350281,0.06237631610461637,,,,0.0032212207359926144,,0.4522657913046998,0.01853044470772141,0.01927527697006982,0.005856961411024757,0.005856961411024757,0.011128442761089043,0.005563141112880957,0.0860915003078324,0.04493741289555245,0.07496953968490871,,,,,,,,,,,,,,,,,,,,
2023-06-03,0.005797751486534228,,,0.024226594003266582,,,,,,,,0.007585414780704804,,,,,0.012120901024900325,0.00532900309190145,0.013425533892586751,0.05032779520843174,,0.0031557375914416375,0.00222749292151995,,,0.00881487817969165,,,,,,,,,,,,,,,,,,,,,,,,,,,,,,,,,,,,,,,,,,,,,,,,,,,,0.00327982276212415,,,,,,0.04736125816337081,0.054832587018609,0.06426562368869776,,,,0.00327982276212415,,0.44504487920891156,0.018432376789860365,0.020136581807905216,0.006047350470907899,0.006047350470907899,0.0115824058884754,0.00532900309190145,0.08640017360448832,0.045777800704606485,0.077590967528522,,,,,,,,,,,,,,,,,,,,
2023-06-04,0.0057810948380002765,,,0.024111701138151205,,,,,,,,0.007556304967717038,,,,,0.011917446706710065,0.0050948650709219424,0.013089044884379343,0.05262677687486363,,0.003208430799921625,0.0022359840028608096,,,0.0091370542733264,,,,,,,,,,,,,,,,,,,,,,,,,,,,,,,,,,,,,,,,,,,,,,,,,,,,0.0033384247882556855,,,,,,0.047975437764029946,0.054906582193715185,0.06615493127277913,,,,0.0033384247882556855,,0.4378239671131233,0.01833430887199932,0.02099788664574061,0.006237739530791042,0.006237739530791042,0.012036369015861756,0.0050948650709219424,0.08670884690114425,0.046618188513660515,0.08021239537213529,,,,,,,,,,,,,,,,,,,,
2023-06-05,0.005764438189466326,,,0.023996808273035825,,,,,,,,0.0075271951547292715,,,,,0.011713992388519804,0.004860727049942435,0.012752555876171936,0.054925758541295534,,0.0032611240084016125,0.002244475084201669,,,0.00945923036696115,,,,,,,,,,,,,,,,,,,,,,,,,,,,,,,,,,,,,,,,,,,,,,,,,,,,0.0033970268143872213,,,,,,0.04858961736468907,0.05498057736882137,0.0680442388568605,,,,0.0033970268143872213,,0.4306030550173351,0.018236240954138273,0.021859191483576006,0.006428128590674187,0.006428128590674187,0.012490332143248113,0.004860727049942435,0.08701752019780017,0.047458576322714545,0.08283382321574857,,,,,,,,,,,,,,,,,,,,
2023-06-06,0.005747781540932375,,,0.02388191540792045,,,,,,,,0.007498085341741505,,,,,0.011510538070329543,0.004626589028962928,0.012416066867964528,0.05722474020772743,,0.0033138172168816,0.002252966165542529,,,0.0097814064605959,,,,,,,,,,,,,,,,,,,,,,,,,,,,,,,,,,,,,,,,,,,,,,,,,,,,0.003455628840518757,,,,,,0.0492037969653482,0.05505457254392756,0.06993354644094188,,,,0.003455628840518757,,0.4233821429215468,0.018138173036277228,0.022720496321411404,0.006618517650557329,0.006618517650557329,0.012944295270634471,0.004626589028962928,0.0873261934944561,0.04829896413176858,0.08545525105936186,,,,,,,,,,,,,,,,,,,,
2023-06-07,0.005731124892398423,,,0.02376702254280507,,,,,,,,0.007468975528753739,,,,,0.011307083752139284,0.004392451007983421,0.01207957785975712,0.05952372187415932,,0.0033665104253615876,0.002261457246883388,,,0.01010358255423065,,,,,,,,,,,,,,,,,,,,,,,,,,,,,,,,,,,,,,,,,,,,,,,,,,,,0.0035142308666502925,,,,,,0.049817976566007324,0.055128567719033746,0.07182285402502327,,,,0.0035142308666502925,,0.41616123082575857,0.018040105118416184,0.0235818011592468,0.006808906710440472,0.006808906710440472,0.013398258398020828,0.004392451007983421,0.08763486679111201,0.04913935194082261,0.08807667890297514,,,,,,,,,,,,,,,,,,,,
2023-06-08,0.005714468243864472,,,0.023652129677689693,,,,,,,,0.007439865715765972,,,,,0.011103629433949023,0.0041583129870039134,0.011743088851549715,0.061822703540591224,,0.0034192036338415747,0.0022699483282242476,,,0.0104257586478654,,,,,,,,,,,,,,,,,,,,,,,,,,,,,,,,,,,,,,,,,,,,,,,,,,,,0.0035728328927818282,,,,,,0.05043215616666645,0.055202562894139925,0.07371216160910465,,,,0.0035728328927818282,,0.40894031872997033,0.01794203720055514,0.024443105997082194,0.006999295770323615,0.006999295770323615,0.013852221525407184,0.0041583129870039134,0.08794354008776795,0.04997973974987664,0.09069810674658843,,,,,,,,,,,,,,,,,,,,
2023-06-09,0.0056978115953305215,,,0.023537236812574316,,,,,,,,0.007410755902778205,,,,,0.010900175115758762,0.003924174966024407,0.011406599843342307,0.06412168520702312,,0.0034718968423215627,0.0022784394095651072,,,0.01074793474150015,,,,,,,,,,,,,,,,,,,,,,,,,,,,,,,,,,,,,,,,,,,,,,,,,,,,0.003631434918913364,,,,,,0.051046335767325576,0.05527655806924611,0.07560146919318603,,,,0.003631434918913364,,0.4017194066341821,0.017843969282694095,0.025304410834917593,0.0071896848302067575,0.0071896848302067575,0.014306184652793543,0.003924174966024407,0.08825221338442388,0.05082012755893067,0.09331953459020172,,,,,,,,,,,,,,,,,,,,
2023-06-10,0.005681154946796571,,,0.02342234394745894,,,,,,,,0.007381646089790439,,,,,0.0106967207975685,0.0036900369450449,0.0110701108351349,0.066420666873455,,0.00352459005080155,0.002286930490905967,,,0.0110701108351349,0.0073800738900899,,0.0036900369450449,,,,,,,,,,,,,,,,,,,,,,,,,,,,,,,,,,,,,,,,,,,,,,,,,0.0036900369450449,,,,,,0.0516605153679847,0.0553505532443523,0.0774907767772674,0.0073800738900899,,,0.0036900369450449,0.0073800738900899,0.39449849453839386,0.01774590136483305,0.026165715672752988,0.0073800738900899,0.0073800738900899,0.0147601477801799,0.0036900369450449,0.0885608866810798,0.0516605153679847,0.095940962433815,,,,,,,,,,,,,,,,,,,,
2023-06-11,0.005664498298262619,,,0.023307451082343562,,,,,,,,0.007352536276802673,,,,,0.01049326647937824,0.004093964185033432,0.011119075901141041,0.06654850021004673,,0.0035772832592815378,0.002295421572246826,,,0.010853321158460124,0.007473642671746779,,0.0037484411261087857,,,,,,,,,,,,,,,,,,,,,,,,,,,,,,,,,,,,,,,,,,,,,,,,,0.003736821335873339,,,,,,0.050886925509465525,0.05694517639598672,0.07650896334754563,0.007494932472971845,,,0.004629678458773571,0.007830785520906871,0.39094497640798614,0.017647833446972006,0.026124082983459272,0.007473642671746779,0.007297615982159618,0.01476871391891361,0.004093964185033432,0.08968371206096233,0.05106549696730709,0.09608592811439719,,,,,,,,,,,,,,,,,,,,
2023-06-12,0.005647841649728668,,,0.023192558217228185,,,,,,,,0.007323426463814906,,,,,0.010289812161187979,0.004497891425021964,0.011168040967147182,0.06667633354663845,,0.003629976467761525,0.0023039126535876857,,,0.01063653148178535,0.007567211453403657,,0.003806845307172671,,,,,,,,,,,,,,,,,,,,,,,,,,,,,,,,,,,,,,,,,,,,,,,,,0.0037836057267017784,,,,,,0.05011333565094635,0.05853979954762114,0.07552714991782387,0.00760979105585379,,,0.0055693199725022425,0.008281497151723844,0.3873914582775784,0.017549765529110962,0.02608245029416556,0.007567211453403657,0.0072151580742293355,0.014777280057647321,0.004497891425021964,0.09080653744084488,0.05047047856662948,0.09623089379497937,,,,,,,,,,,,,,,,,,,,
2023-06-13,0.0056311850011947166,,,0.02307766535211281,,,,,,,,0.00729431665082714,,,,,0.01008635784299772,0.004901818665010496,0.011217006033153324,0.06680416688323017,,0.0036826696762415124,0.0023124037349285453,,,0.010419741805110575,0.007660780235060536,,0.003865249488236557,,,,,,,,,,,,,,,,,,,,,,,,,,,,,,,,,,,,,,,,,,,,,,,,,0.0038303901175302177,,,,,,0.04933974579242717,0.06013442269925556,0.0745453364881021,0.0077246496387357345,,,0.006508961486230914,0.008732208782540815,0.38383794014717076,0.017451697611249917,0.026040817604871848,0.007660780235060536,0.007132700166299054,0.014785846196381031,0.004901818665010496,0.09192936282072742,0.04987546016595187,0.09637585947556154,,,,,,,,,,,,,,,,,,,,
2023-06-14,0.005614528352660766,,,0.02296277248699743,,,,,,,,0.007265206837839373,,,,,0.009882903524807458,0.005305745904999029,0.011265971099159465,0.06693200021982189,,0.0037353628847215,0.002320894816269405,,,0.0102029521284358,0.007754349016717415,,0.003923653669300442,,,,,,,,,,,,,,,,,,,,,,,,,,,,,,,,,,,,,,,,,,,,,,,,,0.003877174508358657,,,,,,0.048566155933907985,0.06172904585088999,0.07356352305838035,0.00783950822161768,,,0.007448602999959586,0.009182920413357786,0.38028442201676305,0.017353629693388873,0.025999184915578132,0.007754349016717415,0.007050242258368772,0.014794412335114743,0.005305745904999029,0.09305218820060995,0.04928044176527426,0.09652082515614373,,,,,,,,,,,,,,,,,,,,
2023-06-15,0.005597871704126815,,,0.022847879621882054,,,,,,,,0.007236097024851606,,,,,0.009679449206617197,0.00570967314498756,0.011314936165165605,0.06705983355641361,,0.0037880560932014875,0.0023293858976102646,,,0.009986162451761024,0.007847917798374293,,0.003982057850364328,,,,,,,,,,,,,,,,,,,,,,,,,,,,,,,,,,,,,,,,,,,,,,,,,0.003923958899187096,,,,,,0.04779256607538881,0.06332366900252441,0.07258170962865858,0.007954366804499624,,,0.008388244513688258,0.009633632044174757,0.37673090388635533,0.01725556177552783,0.025957552226284417,0.007847917798374293,0.006967784350438489,0.014802978473848453,0.00570967314498756,0.09417501358049249,0.04868542336459665,0.09666579083672591,,,,,,,,,,,,,,,,,,,,
2023-06-16,0.005581215055592864,,,0.022732986756766677,,,,,,,,0.0072069872118638405,,,,,0.009475994888426938,0.006113600384976093,0.011363901231171746,0.06718766689300533,,0.003840749301681475,0.0023378769789511237,,,0.00976937277508625,0.007941486580031172,,0.004040462031428214,,,,,,,,,,,,,,,,,,,,,,,,,,,,,,,,,,,,,,,,,,,,,,,,,0.0039707432900155356,,,,,,0.04701897621686963,0.06491829215415883,0.07159989619893681,0.008069225387381569,,,0.009327886027416929,0.010084343674991728,0.3731773857559476,0.017157493857666784,0.025915919536990704,0.007941486580031172,0.006885326442508208,0.014811544612582163,0.006113600384976093,0.09529783896037503,0.04809040496391904,0.0968107565173081,,,,,,,,,,,,,,,,,,,,
2023-06-17,0.0055645584070589124,,,0.0226180938916513,,,,,,,,0.007177877398876074,,,,,0.009272540570236677,0.006517527624964625,0.011412866297177887,0.06731550022959705,,0.003893442510161462,0.0023463680602919834,,,0.009552583098411475,0.00803505536168805,,0.0040988662124921,,,,,,,,,,,,,,,,,,,,,,,,,,,,,,,,,,,,,,,,,,,,,,,,,0.004017527680843975,,,,,,0.04624538635835045,0.06651291530579326,0.07061808276921505,0.008184083970263514,,,0.010267527541145599,0.010535055305808701,0.3696238676255399,0.017059425939805736,0.025874286847696992,0.00803505536168805,0.0068028685345779254,0.014820110751315875,0.006517527624964625,0.09642066434025758,0.047495386563241426,0.09695572219789028,,,,,,,,,,,,,,,,,,,,
2023-06-18,0.005547901758524962,,,0.022503201026535923,,,,,,,,0.007148767585888307,,,,,0.009069086252046415,0.0069214548649531565,0.011461831363184028,0.06744333356618877,,0.00394613571864145,0.002354859141632843,,,0.0093357934217367,0.008128624143344929,,0.004157270393555986,,,,,,,,,,,,,,,,,,,,,,,,,,,,,,,,,,,,,,,,,,,,,,,,,0.004064312071672414,,,,,,0.045471796499831275,0.06810753845742767,0.06963626933949328,0.008298942553145457,,,0.011207169054874271,0.010985766936625672,0.36607034949513223,0.016961358021944692,0.025832654158403277,0.008128624143344929,0.006720410626647643,0.014828676890049585,0.0069214548649531565,0.09754348972014011,0.046900368162563814,0.09710068787847247,,,,,,,,,,,,,,,,,,,,
2023-06-19,0.005531245109991011,,,0.022388308161420546,,,,,,,,0.007119657772900541,,,,,0.008865631933856154,0.007325382104941689,0.01151079642919017,0.06757116690278049,,0.003998828927121437,0.0023633502229737026,,,0.009119003745061924,0.008222192925001807,,0.004215674574619872,,,,,,,,,,,,,,,,,,,,,,,,,,,,,,,,,,,,,,,,,,,,,,,,,0.0041110964625008534,,,,,,0.0446982066413121,0.06970216160906209,0.06865445590977153,0.008413801136027401,,,0.012146810568602943,0.011436478567442643,0.3625168313647245,0.016863290104083647,0.02579102146910956,0.008222192925001807,0.006637952718717361,0.014837243028783297,0.007325382104941689,0.09866631510002265,0.0463053497618862,0.09724565355905464,,,,,,,,,,,,,,,,,,,,
2023-06-20,0.005514588461457059,,,0.022273415296305166,,,,,,,,0.007090547959912774,,,,,0.008662177615665893,0.007729309344930221,0.011559761495196311,0.06769900023937221,,0.004051522135601424,0.002371841304314562,,,0.00890221406838715,0.008315761706658686,,0.0042740787556837575,,,,,,,,,,,,,,,,,,,,,,,,,,,,,,,,,,,,,,,,,,,,,,,,,0.004157880853329293,,,,,,0.043924616782792913,0.07129678476069651,0.06767264248004976,0.008528659718909346,,,0.013086452082331616,0.011887190198259616,0.3589633132343168,0.016765222186222603,0.02574938877981585,0.008315761706658686,0.006555494810787078,0.014845809167517007,0.007729309344930221,0.0997891404799052,0.04571033136120859,0.09739061923963682,,,,,,,,,,,,,,,,,,,,
2023-06-21,0.005497931812923108,,,0.022158522431189792,,,,,,,,0.007061438146925008,,,,,0.008458723297475634,0.008133236584918754,0.011608726561202452,0.06782683357596393,,0.004104215344081412,0.0023803323856554214,,,0.008685424391712375,0.008409330488315565,,0.0043324829367476425,,,,,,,,,,,,,,,,,,,,,,,,,,,,,,,,,,,,,,,,,,,,,,,,,0.004204665244157732,,,,,,0.043151026924273736,0.07289140791233094,0.066690829050328,0.008643518301791291,,,0.014026093596060284,0.012337901829076587,0.3554097951039091,0.01666715426836156,0.025707756090522137,0.008409330488315565,0.006473036902856797,0.014854375306250717,0.008133236584918754,0.10091196585978773,0.04511531296053098,0.097535584920219,,,,,,,,,,,,,,,,,,,,
2023-06-22,0.0054812751643891575,,,0.02204362956607441,,,,,,,,0.007032328333937242,,,,,0.008255268979285373,0.008537163824907285,0.011657691627208592,0.06795466691255565,,0.0041569085525614,0.002388823466996281,,,0.0084686347150376,0.008502899269972443,,0.004390887117811528,,,,,,,,,,,,,,,,,,,,,,,,,,,,,,,,,,,,,,,,,,,,,,,,,0.004251449634986171,,,,,,0.04237743706575456,0.07448603106396536,0.06570901562060623,0.008758376884673236,,,0.014965735109788957,0.012788613459893558,0.3518562769735014,0.016569086350500514,0.02566612340122842,0.008502899269972443,0.0063905789949265145,0.014862941444984429,0.008537163824907285,0.10203479123967027,0.044520294559853374,0.09768055060080119,,,,,,,,,,,,,,,,,,,,
2023-06-23,0.005464618515855207,,,0.021928736700959038,,,,,,,,0.007003218520949475,,,,,0.008051814661095112,0.008941091064895818,0.011706656693214733,0.06808250024914737,,0.004209601761041387,0.0023973145483371407,,,0.008251845038362824,0.008596468051629322,,0.004449291298875414,,,,,,,,,,,,,,,,,,,,,,,,,,,,,,,,,,,,,,,,,,,,,,,,,0.004298234025814611,,,,,,0.04160384720723538,0.07608065421559979,0.06472720219088446,0.00887323546755518,,,0.01590537662351763,0.013239325090710529,0.3483027588430937,0.01647101843263947,0.025624490711934705,0.008596468051629322,0.006308121086996232,0.014871507583718139,0.008941091064895818,0.1031576166195528,0.04392527615917576,0.09782551628138338,,,,,,,,,,,,,,,,,,,,
2023-06-24,0.005447961867321255,,,0.021813843835843658,,,,,,,,0.006974108707961708,,,,,0.00784836034290485,0.00934501830488435,0.011755621759220874,0.06821033358573911,,0.0042622949695213744,0.0024058056296780003,,,0.00803505536168805,0.0086900368332862,,0.0045076954799393,,,,,,,,,,,,,,,,,,,,,,,,,,,,,,,,,,,,,,,,,,,,,,,,,0.00434501841664305,,,,,,0.040830257348716203,0.0776752773672342,0.0637453887611627,0.008988094050437125,,,0.0168450181372463,0.0136900367215275,0.344749240712686,0.016372950514778425,0.025582858022640993,0.0086900368332862,0.006225663179065951,0.014880073722451849,0.00934501830488435,0.10428044199943534,0.04333025775849815,0.09797048196196556,,,,,,,,,,,,,,,,,,,,
2023-06-25,0.005431305218787304,,,0.02169895097072828,,,,,,,,0.006944998894973942,,,,,0.00764490602471459,0.009748945544872881,0.011804586825227016,0.06833816692233083,,0.004314988178001362,0.0024142967110188595,,,0.007818265685013275,0.008783605614943079,,0.004566099661003186,,,,,,,,,,,,,,,,,,,,,,,,,,,,,,,,,,,,,,,,,,,,,,,,,0.004391802807471489,,,,,,0.040056667490197026,0.07926990051886862,0.06276357533144093,0.00910295263331907,,,0.01778465965097497,0.014140748352344473,0.34119572258227826,0.01627488259691738,0.02554122533334728,0.008783605614943079,0.006143205271135668,0.01488863986118556,0.009748945544872881,0.10540326737931789,0.04273523935782054,0.09811544764254773,,,,,,,,,,,,,,,,,,,,
2023-06-26,0.005414648570253353,,,0.021584058105612904,,,,,,,,0.006915889081986175,,,,,0.00744145170652433,0.010152872784861414,0.011853551891233157,0.06846600025892255,,0.00436768138648135,0.002422787792359719,,,0.007601476008338499,0.008877174396599958,,0.004624503842067071,,,,,,,,,,,,,,,,,,,,,,,,,,,,,,,,,,,,,,,,,,,,,,,,,0.0044385871982999285,,,,,,0.03928307763167785,0.08086452367050305,0.06178176190171917,0.009217811216201015,,,0.018724301164703642,0.014591459983161444,0.33764220445187054,0.016176814679056337,0.025499592644053565,0.008877174396599958,0.006060747363205386,0.01489720599991927,0.010152872784861414,0.10652609275920043,0.042140220957142926,0.09826041332312992,,,,,,,,,,,,,,,,,,,,
2023-06-27,0.005397991921719402,,,0.021469165240497527,,,,,,,,0.0068867792689984095,,,,,0.007237997388334069,0.010556800024849947,0.011902516957239298,0.06859383359551427,,0.0044203745949613375,0.0024312788737005787,,,0.007384686331663725,0.008970743178256836,,0.004682908023130957,,,,,,,,,,,,,,,,,,,,,,,,,,,,,,,,,,,,,,,,,,,,,,,,,0.004485371589128368,,,,,,0.038509487773158664,0.08245914682213747,0.060799948471997406,0.00933266979908296,,,0.019663942678432314,0.015042171613978415,0.3340886863214629,0.016078746761195292,0.02545795995475985,0.008970743178256836,0.0059782894552751036,0.014905772138652983,0.010556800024849947,0.10764891813908296,0.04154520255646532,0.0984053790037121,,,,,,,,,,,,,,,,,,,,
2023-06-28,0.005381335273185451,,,0.02135427237538215,,,,,,,,0.006857669456010643,,,,,0.007034543070143808,0.010960727264838478,0.01195148202324544,0.06872166693210599,,0.004473067803441325,0.0024397699550414383,,,0.00716789665498895,0.009064311959913715,,0.004741312204194843,,,,,,,,,,,,,,,,,,,,,,,,,,,,,,,,,,,,,,,,,,,,,,,,,0.004532155979956807,,,,,,0.03773589791463949,0.0840537699737719,0.059818135042275636,0.009447528381964904,,,0.020603584192160986,0.015492883244795386,0.33053516819105516,0.015980678843334248,0.025416327265466138,0.009064311959913715,0.005895831547344821,0.014914338277386693,0.010960727264838478,0.10877174351896551,0.0409501841557877,0.09855034468429429,,,,,,,,,,,,,,,,,,,,
2023-06-29,0.0053646786246515,,,0.021239379510266772,,,,,,,,0.006828559643022876,,,,,0.006831088751953547,0.01136465450482701,0.012000447089251581,0.06884950026869771,,0.004525761011921313,0.0024482610363822975,,,0.006951106978314175,0.009157880741570593,,0.0047997163852587284,,,,,,,,,,,,,,,,,,,,,,,,,,,,,,,,,,,,,,,,,,,,,,,,,0.004578940370785246,,,,,,0.03696230805612031,0.08564839312540631,0.05883632161255388,0.009562386964846849,,,0.02154322570588966,0.01594359487561236,0.32698165006064744,0.015882610925473203,0.025374694576172425,0.009157880741570593,0.00581337363941454,0.014922904416120403,0.01136465450482701,0.10989456889884805,0.0403551657551101,0.09869531036487647,,,,,,,,,,,,,,,,,,,,
2023-06-30,0.0053480219761175484,,,0.021124486645151395,,,,,,,,0.006799449830035109,,,,,0.006627634433763286,0.011768581744815543,0.012049412155257722,0.06897733360528943,,0.0045784542204013005,0.002456752117723157,,,0.0067343173016394,0.009251449523227472,,0.004858120566322614,,,,,,,,,,,,,,,,,,,,,,,,,,,,,,,,,,,,,,,,,,,,,,,,,0.004625724761613686,,,,,,0.03618871819760113,0.08724301627704073,0.05785450818283211,0.009677245547728794,,,0.02248286721961833,0.01639430650642933,0.3234281319302397,0.01578454300761216,0.02533306188687871,0.009251449523227472,0.005730915731484257,0.014931470554854115,0.011768581744815543,0.11101739427873059,0.039760147354432486,0.09884027604545864,,,,,,,,,,,,,,,,,,,,
2023-07-01,0.005331365327583598,,,0.02100959378003602,,,,,,,,0.006770340017047343,,,,,0.006424180115573027,0.012172508984804074,0.012098377221263862,0.06910516694188115,,0.004631147428881287,0.0024652431990640168,,,0.006517527624964625,0.00934501830488435,,0.0049165247473865,,,,,,,,,,,,,,,,,,,,,,,,,,,,,,,,,,,,,,,,,,,,,,,,,0.004672509152442125,,,,,,0.03541512833908195,0.08883763942867515,0.056872694753110346,0.009792104130610737,,,0.023422508733347,0.0168450181372463,0.31987461379983206,0.015686475089751115,0.025291429197584994,0.00934501830488435,0.005648457823553975,0.014940036693587825,0.012172508984804074,0.11214021965861312,0.039165128953754874,0.09898524172604083,,,,,,,,,,,,,,,,,,,,
2023-07-02,0.005314708679049647,,,0.02089470091492064,,,,,,,,0.0067412302040595765,,,,,0.006220725797382766,0.012576436224792608,0.012147342287270003,0.06923300027847287,,0.004683840637361275,0.0024737342804048764,,,0.00630073794828985,0.009438587086541229,,0.004974928928450386,,,,,,,,,,,,,,,,,,,,,,,,,,,,,,,,,,,,,,,,,,,,,,,,,0.004719293543270564,,,,,,0.03464153848056277,0.09043226258030958,0.05589088132338858,0.009906962713492683,,,0.02436215024707567,0.017295729768063275,0.31632109566942435,0.015588407171890068,0.025249796508291282,0.009438587086541229,0.0055659999156236935,0.014948602832321536,0.012576436224792608,0.11326304503849566,0.03857011055307726,0.09913020740662301,,,,,,,,,,,,,,,,,,,,
2023-07-03,0.005298052030515695,,,0.020779808049805264,,,,,,,,0.006712120391071811,,,,,0.0060172714791925045,0.012980363464781139,0.012196307353276144,0.0693608336150646,,0.004736533845841263,0.002482225361745736,,,0.006083948271615075,0.009532155868198108,,0.005033333109514272,,,,,,,,,,,,,,,,,,,,,,,,,,,,,,,,,,,,,,,,,,,,,,,,,0.0047660779340990035,,,,,,0.03386794862204359,0.09202688573194401,0.05490906789366681,0.010021821296374626,,,0.025301791760804344,0.017746441398880243,0.31276757753901663,0.015490339254029024,0.02520816381899757,0.009532155868198108,0.005483542007693411,0.014957168971055246,0.012980363464781139,0.11438587041837821,0.03797509215239965,0.0992751730872052,,,,,,,,,,,,,,,,,,,,
2023-07-04,0.005281395381981744,,,0.020664915184689887,,,,,,,,0.006683010578084044,,,,,0.005813817161002243,0.01338429070476967,0.012245272419282286,0.06948866695165631,,0.00478922705432125,0.002490716443086595,,,0.0058671585949403,0.009625724649854986,,0.005091737290578157,,,,,,,,,,,,,,,,,,,,,,,,,,,,,,,,,,,,,,,,,,,,,,,,,0.004812862324927443,,,,,,0.033094358763524415,0.09362150888357842,0.05392725446394506,0.010136679879256571,,,0.026241433274533016,0.018197153029697218,0.3092140594086089,0.015392271336167978,0.025166531129703854,0.009625724649854986,0.005401084099763129,0.014965735109788957,0.01338429070476967,0.11550869579826074,0.037380073751722045,0.09942013876778738,,,,,,,,,,,,,,,,,,,,
2023-07-05,0.0052647387334477935,,,0.02055002231957451,,,,,,,,0.006653900765096277,,,,,0.005610362842811984,0.013788217944758204,0.012294237485288427,0.06961650028824803,,0.004841920262801237,0.002499207524427455,,,0.005650368918265525,0.009719293431511865,,0.005150141471642043,,,,,,,,,,,,,,,,,,,,,,,,,,,,,,,,,,,,,,,,,,,,,,,,,0.004859646715755882,,,,,,0.03232076890500524,0.09521613203521284,0.05294544103422329,0.010251538462138516,,,0.027181074788261688,0.018647864660514185,0.3056605412782012,0.015294203418306934,0.02512489844041014,0.009719293431511865,0.005318626191832846,0.014974301248522668,0.013788217944758204,0.11663152117814328,0.03678505535104443,0.09956510444836957,,,,,,,,,,,,,,,,,,,,
2023-07-06,0.005248082084913843,,,0.020435129454459133,,,,,,,,0.00662479095210851,,,,,0.005406908524621723,0.014192145184746735,0.012343202551294568,0.06974433362483975,,0.004894613471281225,0.0025076986057683145,,,0.00543357924159075,0.009812862213168743,,0.0052085456527059286,,,,,,,,,,,,,,,,,,,,,,,,,,,,,,,,,,,,,,,,,,,,,,,,,0.004906431106584321,,,,,,0.03154717904648606,0.09681075518684726,0.051963627604501524,0.01036639704502046,,,0.028120716301990357,0.01909857629133116,0.3021070231477935,0.015196135500445889,0.025083265751116426,0.009812862213168743,0.005236168283902564,0.014982867387256378,0.014192145184746735,0.11775434655802583,0.03619003695036682,0.09971007012895174,,,,,,,,,,,,,,,,,,,,
2023-07-07,0.005231425436379891,,,0.020320236589343753,,,,,,,,0.006595681139120744,,,,,0.005203454206431462,0.014596072424735266,0.01239216761730071,0.06987216696143148,,0.004947306679761213,0.0025161896871091737,,,0.0052167895649159746,0.009906430994825622,,0.005266949833769814,,,,,,,,,,,,,,,,,,,,,,,,,,,,,,,,,,,,,,,,,,,,,,,,,0.004953215497412761,,,,,,0.030773589187966882,0.09840537833848167,0.05098181417477976,0.010481255627902406,,,0.02906035781571903,0.01954928792214813,0.2985535050173858,0.015098067582584845,0.025041633061822714,0.009906430994825622,0.0051537103759722825,0.01499143352599009,0.014596072424735266,0.11887717193790837,0.03559501854968921,0.09985503580953392,,,,,,,,,,,,,,,,,,,,
2023-07-08,0.00521476878784594,,,0.02020534372422838,,,,,,,,0.006566571326132978,,,,,0.0049999998882412,0.0149999996647238,0.01244113268330685,0.0700000002980232,,0.0049999998882412,0.0025246807684500333,0.0049999998882412,,0.0049999998882412,0.0099999997764825,0.0049999998882412,0.005325354014833699,,0.0099999997764825,,0.0049999998882412,,,,,,,,,,,,,,,,,,,,,,,,,,,,,,,,,,,,,,,,,,,,,0.0049999998882412,,,,,,0.0299999993294477,0.1000000014901161,0.050000000745058,0.01059611421078435,,,0.0299999993294477,0.0199999995529651,0.2949999868869781,0.0149999996647238,0.025000000372529,0.0099999997764825,0.005071252468042,0.0149999996647238,0.0149999996647238,0.1199999973177909,0.0350000001490116,0.1000000014901161,,,,,,,,,,,,,,,,,,,,
2023-07-09,0.005198112139311989,,,0.020090450859113,,,,,,,,0.006537461513145212,,,,,,,0.01249009774931299,0.07263022900692051,,0.005610694476802346,0.002533171849790893,0.00521606147023175,,0.005314719696928257,0.014279794413596312,0.00521606147023175,0.005383758195897585,,0.010102844630767112,,0.005413377956886286,,,,,,,,,,,,,,,,,,,,,,,,,,,,,,,,,,,,,,,,,,,,,0.0049618807762660784,,,,,,0.030309786288333744,0.09998026969177382,0.050779400792504994,0.010710972793666295,,,0.03060576100168479,0.019680346861215513,0.28928955852404814,0.014757725828011183,0.024896409229508438,0.009840173430607708,0.004988794560111718,0.014957576624250764,0.014966545556974221,0.11739147334758716,0.03404597489030232,0.09919100387820175,,,,,,,,,,,,,,,,,,,,
2023-07-10,0.005181455490778038,,,0.019975557993997625,,,,,,,,0.006508351700157445,,,,,,,0.012539062815319132,0.07526045771581784,,0.006221389065363493,0.0025416629311317525,0.0054321230522223,,0.005629439505615314,0.01855958905071012,0.0054321230522223,0.005442162376961471,,0.010205689485051721,,0.005826756025531371,,,,,,,,,,,,,,,,,,,,,,,,,,,,,,,,,,,,,,,,,,,,,0.004923761664290957,,,,,,0.030619573247219787,0.09996053789343151,0.051558800839952,0.01082583137654824,,,0.03121152267392188,0.01936069416946592,0.28357913016111813,0.014515451991298564,0.024792818086487877,0.009680347084732914,0.004906336652181436,0.014915153583777728,0.014933091449224643,0.11478294937738343,0.033091949631593044,0.09838200626628738,,,,,,,,,,,,,,,,,,,,
2023-07-11,0.005164798842244087,,,0.019860665128882245,,,,,,,,0.006479241887169678,,,,,,,0.012588027881325273,0.07789068642471515,,0.006832083653924639,0.002550154012472612,0.00564818463421285,,0.0059441593143023715,0.022839383687823935,0.00564818463421285,0.005500566558025357,,0.010308534339336333,,0.006240134094176457,,,,,,,,,,,,,,,,,,,,,,,,,,,,,,,,,,,,,,,,,,,,,0.004885642552315835,,,,,,0.03092936020610583,0.09994080609508922,0.052338200887398996,0.010940689959430185,,,0.03181728434615897,0.019041041477716333,0.2778687017981882,0.014273178154585947,0.024689226943467316,0.009520520738858122,0.004823878744251154,0.014872730543304694,0.014899637341475064,0.11217442540717969,0.032137924372883764,0.09757300865437302,,,,,,,,,,,,,,,,,,,,
2023-07-12,0.005148142193710136,,,0.019745772263766868,,,,,,,,0.006450132074181911,,,,,,,0.012636992947331414,0.08052091513361247,,0.0074427782424857855,0.0025586450938134718,0.0058642462162034,,0.006258879122989429,0.027119178324937744,0.0058642462162034,0.005558970739089243,,0.010411379193620944,,0.006653512162821543,,,,,,,,,,,,,,,,,,,,,,,,,,,,,,,,,,,,,,,,,,,,,0.004847523440340715,,,,,,0.031239147164991873,0.09992107429674692,0.053117600934846,0.01105554854231213,,,0.03242304601839606,0.018721388785966745,0.27215827343525817,0.014030904317873329,0.024585635800446756,0.00936069439298333,0.004741420836320872,0.014830307502831657,0.014866183233725485,0.10956590143697595,0.031183899114174483,0.09676401104245864,,,,,,,,,,,,,,,,,,,,
2023-07-13,0.005131485545176185,,,0.01963087939865149,,,,,,,,0.0064210222611941455,,,,,,,0.012685958013337556,0.08315114384250978,,0.008053472831046932,0.002567136175154331,0.00608030779819395,,0.006573598931676486,0.031398972962051554,0.00608030779819395,0.005617374920153129,,0.010514224047905554,,0.007066890231466628,,,,,,,,,,,,,,,,,,,,,,,,,,,,,,,,,,,,,,,,,,,,,0.004809404328365593,,,,,,0.031548934123877916,0.09990134249840463,0.053897000982293,0.011170407125194074,,,0.03302880769063315,0.018401736094217157,0.2664478450723282,0.013788630481160712,0.024482044657426195,0.009200868047108537,0.004658962928390589,0.014787884462358621,0.014832729125975908,0.10695737746677221,0.030229873855465206,0.09595501343054429,,,,,,,,,,,,,,,,,,,,
2023-07-14,0.005114828896642234,,,0.019515986533536114,,,,,,,,0.006391912448206379,,,,,,,0.012734923079343697,0.08578137255140711,,0.008664167419608078,0.0025756272564951906,0.0062963693801845,,0.006888318740363543,0.03567876759916536,0.0062963693801845,0.0056757791012170145,,0.010617068902190165,,0.007480268300111714,,,,,,,,,,,,,,,,,,,,,,,,,,,,,,,,,,,,,,,,,,,,,0.004771285216390472,,,,,,0.031858721082763955,0.09988161070006232,0.054676401029739995,0.011285265708076017,,,0.03363456936287024,0.018082083402467565,0.26073741670939826,0.013546356644448093,0.024378453514405634,0.009041041701233743,0.004576505020460307,0.014745461421885587,0.014799275018226329,0.10434885349656847,0.02927584859675593,0.09514601581862991,,,,,,,,,,,,,,,,,,,,
2023-07-15,0.005098172248108283,,,0.019401093668420737,,,,,,,,0.006362802635218613,,,,,,,0.012783888145349838,0.08841160126030442,,0.009274862008169224,0.00258411833783605,0.00651243096217505,,0.0072030385490506,0.03995856223627917,0.00651243096217505,0.0057341832822809,,0.010719913756474776,,0.0078936463687568,,,,,,,,,,,,,,,,,,,,,,,,,,,,,,,,,,,,,,,,,,,,,0.00473316610441535,,,,,,0.03216850804165,0.09986187890172003,0.055455801077187,0.011400124290957964,,,0.034240331035107326,0.017762430710717977,0.25502698834646825,0.013304082807735476,0.024274862371385073,0.00888121535535895,0.004494047112530025,0.01470303838141255,0.01476582091047675,0.10174032952636472,0.02832182333804665,0.09433701820671556,,,,,,,,,,,,,,,,,,,,
2023-07-16,0.005081515599574331,,,0.01928620080330536,,,,,,,,0.006333692822230846,,,,,,,0.01283285321135598,0.09104182996920174,,0.00988555659673037,0.0025926094191769094,0.0067284925441656,,0.0075177583577376575,0.04423835687339298,0.0067284925441656,0.005792587463344786,,0.010822758610759386,,0.008307024437401885,,,,,,,,,,,,,,,,,,,,,,,,,,,,,,,,,,,,,,,,,,,,,0.0046950469924402286,,,,,,0.03247829500053604,0.09984214710337774,0.056235201124633996,0.011514982873839907,,,0.034846092707344414,0.01744277801896839,0.2493165599835383,0.013061808971022857,0.024171271228364512,0.008721389009484158,0.004411589204599743,0.014660615340939515,0.014732366802727171,0.099131805556161,0.02736779807933737,0.09352802059480118,,,,,,,,,,,,,,,,,,,,
2023-07-17,0.00506485895104038,,,0.019171307938189983,,,,,,,,0.006304583009243079,,,,,,,0.012881818277362119,0.09367205867809905,,0.010496251185291516,0.002601100500517769,0.00694455412615615,,0.007832478166424715,0.04851815151050679,0.00694455412615615,0.005850991644408671,,0.010925603465043997,,0.00872040250604697,,,,,,,,,,,,,,,,,,,,,,,,,,,,,,,,,,,,,,,,,,,,,0.004656927880465107,,,,,,0.03278808195942209,0.09982241530503544,0.057014601172081,0.011629841456721853,,,0.0354518543795815,0.017123125327218797,0.24360613162060832,0.01281953513431024,0.02406768008534395,0.008561562663609365,0.004329131296669461,0.014618192300466478,0.014698912694977593,0.09652328158595724,0.026413772820628092,0.09271902298288683,,,,,,,,,,,,,,,,,,,,
2023-07-18,0.0050482023025064295,,,0.019056415073074606,,,,,,,,0.006275473196255313,,,,,,,0.01293078334336826,0.09630228738699638,,0.011106945773852663,0.0026095915818586286,0.0071606157081467,,0.008147197975111771,0.0527979461476206,0.0071606157081467,0.005909395825472557,,0.011028448319328608,,0.009133780574692057,,,,,,,,,,,,,,,,,,,,,,,,,,,,,,,,,,,,,,,,,,,,,0.0046188087684899855,,,,,,0.033097868918308126,0.09980268350669315,0.057794001219528,0.011744700039603796,,,0.03605761605181859,0.01680347263546921,0.23789570325767834,0.012577261297597621,0.02396408894232339,0.008401736317734571,0.004246673388739179,0.014575769259993442,0.014665458587228014,0.09391475761575352,0.025459747561918815,0.09191002537097245,,,,,,,,,,,,,,,,,,,,
2023-07-19,0.005031545653972479,,,0.01894152220795923,,,,,,,,0.006246363383267547,,,,,,,0.012979748409374402,0.0989325160958937,,0.01171764036241381,0.0026180826631994883,0.00737667729013725,,0.008461917783798829,0.05707774078473441,0.00737667729013725,0.005967800006536443,,0.011131293173613218,,0.009547158643337144,,,,,,,,,,,,,,,,,,,,,,,,,,,,,,,,,,,,,,,,,,,,,0.004580689656514864,,,,,,0.03340765587719417,0.09978295170835084,0.058573401266974995,0.011859558622485743,,,0.03666337772405568,0.01648381994371962,0.23218527489474838,0.012334987460885004,0.02386049779930283,0.008241909971859779,0.004164215480808897,0.014533346219520408,0.014632004479478435,0.09130623364554977,0.024505722303209534,0.0911010277590581,,,,,,,,,,,,,,,,,,,,
2023-07-20,0.005014889005438527,,,0.01882662934284385,,,,,,,,0.006217253570279781,,,,,,,0.013028713475380543,0.10156274480479102,,0.012328334950974957,0.002626573744540348,0.0075927388721278005,,0.008776637592485887,0.06135753542184823,0.0075927388721278005,0.006026204187600329,,0.01123413802789783,,0.009960536711982229,,,,,,,,,,,,,,,,,,,,,,,,,,,,,,,,,,,,,,,,,,,,,0.004542570544539742,,,,,,0.03371744283608021,0.09976321991000855,0.059352801314422,0.011974417205367686,,,0.03726913939629277,0.01616416725197003,0.22647484653181837,0.012092713624172385,0.02375690665628227,0.008082083625984986,0.004081757572878614,0.014490923179047372,0.014598550371728856,0.08869770967534603,0.023551697044500258,0.09029203014714374,,,,,,,,,,,,,,,,,,,,
2023-07-21,0.004998232356904576,,,0.018711736477728474,,,,,,,,0.006188143757292014,,,,,,,0.013077678541386684,0.10419297351368834,,0.012939029539536104,0.002635064825881207,0.00780880045411835,,0.009091357401172943,0.06563733005896204,0.00780880045411835,0.006084608368664214,,0.01133698288218244,,0.010373914780627314,,,,,,,,,,,,,,,,,,,,,,,,,,,,,,,,,,,,,,,,,,,,,0.004504451432564622,,,,,,0.03402722979496626,0.09974348811166625,0.060132201361868996,0.01208927578824963,,,0.03787490106852986,0.01584451456022044,0.22076441816888842,0.011850439787459768,0.02365331551326171,0.007922257280110194,0.003999299664948332,0.014448500138574336,0.014565096263979277,0.08608918570514229,0.02259767178579098,0.08948303253522936,,,,,,,,,,,,,,,,,,,,
2023-07-22,0.004981575708370625,,,0.018596843612613094,,,,,,,,0.006159033944304247,,,,,,,0.013126643607392826,0.10682320222258565,,0.01354972412809725,0.0026435559072220667,0.0080248620361089,,0.00940607720986,0.06991712469607585,0.0080248620361089,0.0061430125497281,,0.01143982773646705,,0.0107872928492724,,,,,,,,,,,,,,,,,,,,,,,,,,,,,,,,,,,,,,,,,,,,,0.0044663323205895,,,,,,0.0343370167538523,0.09972375631332396,0.060911601409315994,0.012204134371131575,,,0.03848066274076695,0.015524861868470852,0.21505398980595844,0.011608165950747151,0.02354972437024115,0.0077624309342354,0.00391684175701805,0.014406077098101301,0.014531642156229698,0.08348066173493855,0.0216436465270817,0.08867403492331499,,,,,,,,,,,,,,,,,,,,
2023-07-23,0.004964919059836674,,,0.01848195074749772,,,,,,,,0.00612992413131648,,,,,,,0.013175608673398967,0.10945343093148296,,0.014160418716658397,0.0026520469885629263,0.00824092361809945,,0.009720797018547058,0.07419691933318966,0.00824092361809945,0.0062014167307919855,,0.011542672590751661,,0.011200670917917484,,,,,,,,,,,,,,,,,,,,,,,,,,,,,,,,,,,,,,,,,,,,,0.004428213208614379,,,,,,0.034646803712738344,0.09970402451498167,0.061691001456763,0.01231899295401352,,,0.039086424413004035,0.015205209176721262,0.20934356144302846,0.011365892114034533,0.02344613322722059,0.007602604588360607,0.003834383849087768,0.014363654057628265,0.014498188048480121,0.08087213776473481,0.02068962126837242,0.08786503731140063,,,,,,,,,,,,,,,,,,,,
2023-07-24,0.004948262411302723,,,0.01836705788238234,,,,,,,,0.0061008143183287145,,,,,,,0.013224573739405106,0.11208365964038028,,0.014771113305219543,0.002660538069903786,0.00845698520009,,0.010035516827234116,0.07847671397030347,0.00845698520009,0.006259820911855871,,0.011645517445036273,,0.011614048986562571,,,,,,,,,,,,,,,,,,,,,,,,,,,,,,,,,,,,,,,,,,,,,0.004390094096639257,,,,,,0.034956590671624384,0.09968429271663937,0.062470401504209995,0.012433851536895465,,,0.039692186085241124,0.014885556484971672,0.2036331330800985,0.011123618277321914,0.02334254208420003,0.007442778242485815,0.003751925941157486,0.014321231017155229,0.014464733940730543,0.07826361379453108,0.019735596009663143,0.08705603969948628,,,,,,,,,,,,,,,,,,,,
2023-07-25,0.004931605762768772,,,0.018252165017266966,,,,,,,,0.006071704505340948,,,,,,,0.01327353880541125,0.1147138883492776,,0.01538180789378069,0.002669029151244645,0.00867304678208055,,0.010350236635921172,0.08275650860741728,0.00867304678208055,0.006318225092919757,,0.011748362299320882,,0.012027427055207658,,,,,,,,,,,,,,,,,,,,,,,,,,,,,,,,,,,,,,,,,,,,,0.004351974984664136,,,,,,0.03526637763051043,0.09966456091829708,0.06324980155165699,0.01254871011977741,,,0.04029794775747821,0.014565903793222083,0.1979227047171685,0.010881344440609297,0.02323895094117947,0.007282951896611022,0.0036694680332272035,0.014278807976682193,0.014431279832980964,0.07565508982432734,0.018781570750953866,0.0862470420875719,,,,,,,,,,,,,,,,,,,,
2023-07-26,0.004914949114234821,,,0.018137272152151586,,,,,,,,0.006042594692353182,,,,,,,0.013322503871417389,0.11734411705817492,,0.015992502482341835,0.0026775202325855047,0.0088891083640711,,0.010664956444608228,0.08703630324453109,0.0088891083640711,0.006376629273983643,,0.011851207153605494,,0.012440805123852743,,,,,,,,,,,,,,,,,,,,,,,,,,,,,,,,,,,,,,,,,,,,,0.004313855872689014,,,,,,0.03557616458939647,0.09964482911995477,0.064029201599104,0.012663568702659354,,,0.0409037094297153,0.014246251101472495,0.19221227635423854,0.01063907060389668,0.023135359798158908,0.0071231255507362284,0.0035870101252969216,0.014236384936209157,0.014397825725231385,0.0730465658541236,0.017827545492244586,0.08543804447565755,,,,,,,,,,,,,,,,,,,,
2023-07-27,0.00489829246570087,,,0.018022379287036212,,,,,,,,0.006013484879365415,,,,,,,0.01337146893742353,0.11997434576707225,,0.01660319707090298,0.0026860113139263644,0.009105169946061649,,0.010979676253295287,0.0913160978816449,0.009105169946061649,0.006435033455047529,,0.011954052007890105,,0.012854183192497828,,,,,,,,,,,,,,,,,,,,,,,,,,,,,,,,,,,,,,,,,,,,,0.0042757367607138925,,,,,,0.035885951548282516,0.09962509732161248,0.064808601646551,0.012778427285541297,,,0.0415094711019524,0.013926598409722903,0.18650184799130856,0.010396796767184061,0.023031768655138347,0.006963299204861436,0.0035045522173666396,0.014193961895736122,0.014364371617481806,0.07043804188391986,0.01687352023353531,0.08462904686374317,,,,,,,,,,,,,,,,,,,,
2023-07-28,0.004881635817166919,,,0.017907486421920832,,,,,,,,0.005984375066377648,,,,,,,0.013420434003429672,0.12260457447596956,,0.017213891659464128,0.002694502395267224,0.0093212315280522,,0.011294396061982345,0.0955958925187587,0.0093212315280522,0.006493437636111415,,0.012056896862174715,,0.013267561261142913,,,,,,,,,,,,,,,,,,,,,,,,,,,,,,,,,,,,,,,,,,,,,0.004237617648738772,,,,,,0.036195738507168555,0.09960536552327018,0.06558800169399799,0.012893285868423244,,,0.04211523277418948,0.013606945717973315,0.18079141962837858,0.010154522930471442,0.022928177512117787,0.006803472858986644,0.0034220943094363573,0.014151538855263086,0.014330917509732227,0.06782951791371612,0.015919494974826028,0.08382004925182882,,,,,,,,,,,,,,,,,,,,
2023-07-29,0.004864979168632967,,,0.017792593556805455,,,,,,,,0.0059552652533898815,,,,,,,0.013469399069435813,0.12523480318486688,,0.017824586248025274,0.0027029934766080836,0.00953729311004275,,0.011609115870669401,0.09987568715587251,0.00953729311004275,0.006551841817175301,,0.012159741716459326,,0.013680939329787999,,,,,,,,,,,,,,,,,,,,,,,,,,,,,,,,,,,,,,,,,,,,,0.00419949853676365,,,,,,0.0365055254660546,0.09958563372492789,0.066367401741445,0.013008144451305187,,,0.042720994446426575,0.013287293026223727,0.17508099126544863,0.009912249093758825,0.022824586369097226,0.00664364651311185,0.003339636401506075,0.01410911581479005,0.014297463401982648,0.06522099394351238,0.014965469716116751,0.08301105163991444,,,,,,,,,,,,,,,,,,,,
2023-07-30,0.004848322520099016,,,0.017677700691690078,,,,,,,,0.005926155440402116,,,,,,,0.013518364135441954,0.1278650318937642,,0.01843528083658642,0.002711484557948943,0.009753354692033301,,0.011923835679356457,0.10415548179298632,0.009753354692033301,0.006610245998239186,,0.012262586570743937,,0.014094317398433087,,,,,,,,,,,,,,,,,,,,,,,,,,,,,,,,,,,,,,,,,,,,,0.004161379424788529,,,,,,0.03681531242494064,0.0995659019265856,0.067146801788892,0.013123003034187133,,,0.043326756118663656,0.012967640334474137,0.16937056290251865,0.009669975257046208,0.022720995226076665,0.006483820167237057,0.0032571784935757925,0.014066692774317015,0.01426400929423307,0.06261246997330863,0.014011444457407471,0.08220205402800008,,,,,,,,,,,,,,,,,,,,
2023-07-31,0.0048316658715650655,,,0.0175628078265747,,,,,,,,0.005897045627414349,,,,,,,0.013567329201448094,0.1304952606026615,,0.019045975425147566,0.0027199756392898024,0.00996941627402385,,0.012238555488043515,0.10843527643010013,0.00996941627402385,0.0066686501793030714,,0.012365431425028547,,0.014507695467078172,,,,,,,,,,,,,,,,,,,,,,,,,,,,,,,,,,,,,,,,,,,,,0.004123260312813407,,,,,,0.03712509938382669,0.0995461701282433,0.06792620183633899,0.013237861617069076,,,0.04393251779090075,0.012647987642724547,0.16366013453958866,0.00942770142033359,0.022617404083056104,0.006323993821362265,0.003174720585645511,0.01402426973384398,0.01423055518648349,0.0600039460031049,0.013057419198698194,0.08139305641608571,,,,,,,,,,,,,,,,,,,,
2023-08-01,0.004815009223031115,,,0.017447914961459324,,,,,,,,0.005867935814426583,,,,,,,0.013616294267454237,0.13312548931155882,,0.019656670013708712,0.002728466720630662,0.0101854778560144,,0.012553275296730573,0.11271507106721396,0.0101854778560144,0.006727054360366957,,0.012468276279313158,,0.014921073535723257,,,,,,,,,,,,,,,,,,,,,,,,,,,,,,,,,,,,,,,,,,,,,0.004085141200838286,,,,,,0.03743488634271273,0.099526438329901,0.068705601883786,0.013352720199951023,,,0.044538279463137834,0.012328334950974958,0.15794970617665868,0.009185427583620972,0.022513812940035544,0.006164167475487471,0.0030922626777152287,0.013981846693370943,0.014197101078733912,0.057395422032901156,0.012103393939988917,0.08058405880417135,,,,,,,,,,,,,,,,,,,,
2023-08-02,0.004798352574497163,,,0.017333022096343947,,,,,,,,0.005838826001438816,,,,,,,0.013665259333460376,0.13575571802045616,,0.02026736460226986,0.0027369578019715217,0.01040153943800495,,0.01286799510541763,0.11699486570432777,0.01040153943800495,0.006785458541430842,,0.01257112113359777,,0.015334451604368343,,,,,,,,,,,,,,,,,,,,,,,,,,,,,,,,,,,,,,,,,,,,,0.004047022088863164,,,,,,0.03774467330159877,0.0995067065315587,0.069485001931233,0.013467578782832966,,,0.04514404113537493,0.012008682259225368,0.1522392778137287,0.008943153746908353,0.022410221797014983,0.006004341129612679,0.0030098047697849463,0.013939423652897907,0.014163646970984335,0.05478689806269742,0.011149368681279637,0.079775061192257,,,,,,,,,,,,,,,,,,,,
2023-08-03,0.004781695925963212,,,0.01721812923122857,,,,,,,,0.005809716188451049,,,,,,,0.013714224399466518,0.13838594672935345,,0.020878059190831008,0.002745448883312381,0.010617601019995499,,0.013182714914104686,0.12127466034144158,0.010617601019995499,0.006843862722494728,,0.012673965987882379,,0.015747829673013428,,,,,,,,,,,,,,,,,,,,,,,,,,,,,,,,,,,,,,,,,,,,,0.004008902976888043,,,,,,0.03805446026048481,0.09948697473321641,0.07026440197868,0.01358243736571491,,,0.04574980280761201,0.01168902956747578,0.14652884945079875,0.008700879910195736,0.022306630653994422,0.005844514783737886,0.002927346861854665,0.01389700061242487,0.014130192863234756,0.05217837409249368,0.01019534342257036,0.07896606358034262,,,,,,,,,,,,,,,,,,,,
2023-08-04,0.004765039277429261,,,0.017103236366113193,,,,,,,,0.005780606375463283,,,,,,,0.013763189465472659,0.1410161754382508,,0.021488753779392154,0.0027539399646532405,0.010833662601986049,,0.013497434722791746,0.12555445497855539,0.010833662601986049,0.006902266903558614,,0.01277681084216699,,0.016161207741658513,,,,,,,,,,,,,,,,,,,,,,,,,,,,,,,,,,,,,,,,,,,,,0.003970783864912921,,,,,,0.03836424721937086,0.0994672429348741,0.07104380202612699,0.013697295948596856,,,0.04635556447984911,0.01136937687572619,0.14081842108786877,0.00845860607348312,0.02220303951097386,0.005684688437863093,0.0028448889539243825,0.013854577571951836,0.014096738755485177,0.04956985012228994,0.00924131816386108,0.07815706596842825,,,,,,,,,,,,,,,,,,,,
2023-08-05,0.00474838262889531,,,0.016988343500997816,,,,,,,,0.005751496562475517,,,,,,,0.0138121545314788,0.1436464041471481,,0.0220994483679533,0.0027624310459941,0.0110497241839766,,0.0138121545314788,0.1298342496156692,0.0110497241839766,0.0069606710846225,0.0138121545314788,0.012879655696451602,,0.0165745858103036,0.0027624310459941,,,,,,,,,,,,,,,,,,,,,,,,,,,,,,,,,,,,,,,,,,,,0.0039326647529377996,,,,,,0.0386740341782569,0.09944751113653182,0.071823202073574,0.0138121545314788,0.0110497241839766,,0.046961326152086195,0.0110497241839766,0.13510799272493879,0.0082163322367705,0.0220994483679533,0.0055248620919883,0.0027624310459941,0.0138121545314788,0.014063284647735598,0.046961326152086195,0.0082872929051518,0.0773480683565139,,,,,,,,,,,,,,,,,,,,
2023-08-06,0.004731725980361359,,,0.016873450635882435,,,,,,,,0.00572238674948775,,,,,,,0.0135235296994713,0.1476052239440478,,0.02171951515733131,,0.010859757578665608,,0.01358632143611812,0.13036513860736568,0.01105512095639453,0.007019075265686386,0.013830529293045322,0.012982500550736211,,0.017229240659817773,0.0027661059949812537,,,,,,,,,,,,,,,,,,,,,,,,,,,,,,,,,,,,,,,,,,,,0.0038945456409626785,,,,,,0.03885572574210235,0.09809597807803322,0.0707419190023626,0.014035195644412643,0.011013257350506478,,0.04785176875771247,0.010859757578665608,0.1324037953896762,0.007974058400057882,0.021668348527912582,,0.002714939394666354,0.014137528903250103,0.013816857479161853,0.04656330083629909,0.008400650961058437,0.07689743718833884,,,,,,,,,,,,,,,,,,,,
2023-08-07,0.004715069331827408,,,0.01675855777076706,,,,,,,,0.005693276936499984,,,,,,,0.013234904867463801,0.1515640437409475,,0.021339581946709322,,0.010669790973354614,,0.01336048834075744,0.1308960275990622,0.011060517728812459,0.0070774794467502716,0.013848904054611843,0.013085345405020822,,0.01788389550933195,0.0027697809439684072,,,,,,,,,,,,,,,,,,,,,,,,,,,,,,,,,,,,,,,,,,,,0.0038564265289875574,,,,,,0.03903741730594781,0.09674444501953464,0.06966063593115118,0.014258236757346486,0.010976790517036357,,0.04874221136333874,0.010669790973354614,0.12969959805441364,0.007731784563345265,0.021237248687871864,,0.002667447743338607,0.014462903275021408,0.013570430310588105,0.04616527552051197,0.008514009016965071,0.0764468060201638,,,,,,,,,,,,,,,,,,,,
2023-08-08,0.004698412683293457,,,0.01664366490565168,,,,,,,,0.005664167123512217,,,,,,,0.0129462800354563,0.1555228635378472,,0.020959648736087334,,0.010479824368043622,,0.013134655245396759,0.13142691659075867,0.011065914501230388,0.007135883627814157,0.013867278816178365,0.013188190259305434,,0.01853855035884612,0.002773455892955561,,,,,,,,,,,,,,,,,,,,,,,,,,,,,,,,,,,,,,,,,,,,0.003818307417012436,,,,,,0.03921910886979327,0.09539291196103604,0.06857935285993978,0.01448127787028033,0.010940323683566235,,0.04963265396896502,0.010479824368043622,0.12699540071915105,0.007489510726632647,0.020806148847831146,,0.002619956092010861,0.01478827764679271,0.01332400314201436,0.045767250204724864,0.008627367072871707,0.07599617485198873,,,,,,,,,,,,,,,,,,,,
2023-08-09,0.004681756034759506,,,0.016528772040536308,,,,,,,,0.0056350573105244505,,,,,,,0.0126576552034488,0.1594816833347469,,0.020579715525465343,,0.010289857762732628,,0.01290882215003608,0.13195780558245518,0.011071311273648316,0.007194287808878043,0.013885653577744886,0.013291035113590043,,0.019193205208360292,0.0027771308419427144,,,,,,,,,,,,,,,,,,,,,,,,,,,,,,,,,,,,,,,,,,,,0.0037801883050373143,,,,,,0.03940080043363872,0.09404137890253746,0.06749806978872837,0.014704318983214172,0.010903856850096115,,0.050523096574591295,0.010289857762732628,0.12429120338388848,0.007247236889920029,0.020375049007790427,,0.0025724644406831146,0.015113652018564015,0.013077575973440612,0.045369224888937756,0.008740725128778343,0.07554554368381368,,,,,,,,,,,,,,,,,,,,
2023-08-10,0.004665099386225555,,,0.016413879175420927,,,,,,,,0.005605947497536684,,,,,,,0.012369030371441301,0.1634405031316466,,0.020199782314843352,,0.010099891157421636,,0.012682989054675398,0.13248869457415166,0.011076708046066246,0.007252691989941929,0.013904028339311408,0.013393879967874655,,0.019847860057874464,0.002780805790929868,,,,,,,,,,,,,,,,,,,,,,,,,,,,,,,,,,,,,,,,,,,,0.0037420691930621927,,,,,,0.039582491997484176,0.09268984584403886,0.06641678671751697,0.014927360096148014,0.010867390016625993,,0.05141353918021757,0.010099891157421636,0.1215870060486259,0.007004963053207412,0.019943949167749712,,0.002524972789355368,0.015439026390335318,0.012831148804866866,0.04497119957315064,0.00885408318468498,0.07509491251563863,,,,,,,,,,,,,,,,,,,,
2023-08-11,0.004648442737691603,,,0.016298986310305554,,,,,,,,0.005576837684548918,,,,,,,0.0120804055394338,0.1673993229285463,,0.019819849104221365,,0.009909924552110642,,0.012457155959314719,0.13301958356584814,0.011082104818484175,0.007311096171005815,0.01392240310087793,0.013496724822159266,,0.020502514907388636,0.0027844807399170215,,,,,,,,,,,,,,,,,,,,,,,,,,,,,,,,,,,,,,,,,,,,0.003703950081087071,,,,,,0.03976418356132963,0.09133831278554028,0.06533550364630555,0.015150401209081857,0.010830923183155872,,0.05230398178584385,0.009909924552110642,0.11888280871336333,0.006762689216494793,0.019512849327708994,,0.0024774811380276216,0.015764400762106622,0.012584721636293119,0.04457317425736353,0.008967441240591616,0.07464428134746358,,,,,,,,,,,,,,,,,,,,
2023-08-12,0.004631786089157652,,,0.016184093445190173,,,,,,,,0.005547727871561152,,,,,,,0.0117917807074263,0.171358142725446,,0.019439915893599377,,0.00971995794679965,,0.012231322863954038,0.13355047255754465,0.011087501590902105,0.0073695003520697,0.01394077786244445,0.013599569676443875,,0.02115716975690281,0.002788155688904175,,,,,,,,,,,,,,,,,,,,,,,,,,,,,,,,,,,,,,,,,,,,0.00366583096911195,,,,,,0.039945875125175084,0.08998677972704168,0.06425422057509415,0.0153734423220157,0.01079445634968575,,0.05319442439147012,0.00971995794679965,0.11617861137810076,0.006520415379782176,0.019081749487668276,,0.0024299894866998753,0.016089775133877927,0.012338294467719373,0.044175148941576425,0.00908079929649825,0.07419365017928853,,,,,,,,,,,,,,,,,,,,
2023-08-13,0.0046151294406237015,,,0.016069200580074796,,,,,,,,0.005518618058573385,,,,,,,0.011503155875418801,0.1753169625223457,,0.019059982682977386,,0.009529991341488657,,0.012005489768593357,0.13408136154924113,0.011092898363320034,0.007427904533133586,0.013959152624010972,0.013702414530728487,,0.021811824606416983,0.0027918306378913287,,,,,,,,,,,,,,,,,,,,,,,,,,,,,,,,,,,,,,,,,,,,0.0036277118571368286,,,,,,0.040127566689020545,0.0886352466685431,0.06317293750388274,0.015596483434949543,0.010757989516215628,,0.054084866997096394,0.009529991341488657,0.11347441404283817,0.006278141543069557,0.018650649647627558,,0.0023824978353721286,0.016415149505649228,0.012091867299145628,0.04377712362578931,0.009194157352404886,0.07374301901111348,,,,,,,,,,,,,,,,,,,,
2023-08-14,0.004598472792089751,,,0.01595430771495942,,,,,,,,0.005489508245585618,,,,,,,0.0112145310434113,0.1792757823192454,,0.018680049472355395,,0.009340024736177665,,0.011779656673232677,0.13461225054093764,0.011098295135737964,0.007486308714197472,0.013977527385577494,0.013805259385013098,,0.022466479455931155,0.0027955055868784822,,,,,,,,,,,,,,,,,,,,,,,,,,,,,,,,,,,,,,,,,,,,0.003589592745161707,,,,,,0.040309258252866,0.0872837136100445,0.06209165443267133,0.015819524547883386,0.010721522682745507,,0.05497530960272267,0.009340024736177665,0.1107702167075756,0.00603586770635694,0.01821954980758684,,0.0023350061840443823,0.016740523877420532,0.01184544013057188,0.0433790983100022,0.009307515408311522,0.07329238784293841,,,,,,,,,,,,,,,,,,,,
2023-08-15,0.004581816143555799,,,0.015839414849844042,,,,,,,,0.005460398432597852,,,,,,,0.0109259062114038,0.1832346021161451,,0.018300116261733407,,0.00915005813086667,,0.011553823577871996,0.13514313953263413,0.011103691908155893,0.007544712895261357,0.013995902147144015,0.013908104239297708,,0.02312113430544533,0.002799180535865636,,,,,,,,,,,,,,,,,,,,,,,,,,,,,,,,,,,,,,,,,,,,0.003551473633186586,,,,,,0.040490949816711454,0.08593218055154592,0.061010371361459925,0.01604256566081723,0.010685055849275385,,0.05586575220834894,0.00915005813086667,0.10806601937231303,0.0057935938696443215,0.01778844996754612,,0.0022875145327166356,0.017065898249191837,0.011599012961998134,0.04298107299421509,0.009420873464218157,0.07284175667476336,,,,,,,,,,,,,,,,,,,,
2023-08-16,0.004565159495021848,,,0.015724521984728665,,,,,,,,0.005431288619610085,,,,,,,0.010637281379396301,0.18719342191304478,,0.01792018305111142,,0.008960091525555679,,0.011327990482511317,0.1356740285243306,0.01110908868057382,0.007603117076325243,0.014014276908710536,0.014010949093582319,,0.023775789154959502,0.0028028554848527894,,,,,,,,,,,,,,,,,,,,,,,,,,,,,,,,,,,,,,,,,,,,0.0035133545212114644,,,,,,0.04067264138055691,0.08458064749304732,0.05992908829024852,0.016265606773751072,0.010648589015805265,,0.056756194813975216,0.008960091525555679,0.10536182203705044,0.0055513200329317045,0.017357350127505403,,0.0022400228813888893,0.01739127262096314,0.011352585793424387,0.04258304767842798,0.009534231520124793,0.07239112550658831,,,,,,,,,,,,,,,,,,,,
2023-08-17,0.004548502846487897,,,0.015609629119613288,,,,,,,,0.005402178806622319,,,,,,,0.0103486565473888,0.1911522417099445,,0.01754024984048943,,0.008770124920244687,,0.011102157387150636,0.13620491751602712,0.01111448545299175,0.007661521257389128,0.014032651670277058,0.01411379394786693,,0.024430444004473674,0.002806530433839943,,,,,,,,,,,,,,,,,,,,,,,,,,,,,,,,,,,,,,,,,,,,0.003475235409236343,,,,,,0.04085433294440237,0.08322911443454874,0.05884780521903711,0.016488647886684915,0.010612122182335143,,0.05764663741960149,0.008770124920244687,0.10265762470178788,0.005309046196219086,0.016926250287464688,,0.002192531230061143,0.017716646992734442,0.011106158624850641,0.04218502236264087,0.009647589576031429,0.07194049433841326,,,,,,,,,,,,,,,,,,,,
2023-08-18,0.004531846197953946,,,0.01549473625449791,,,,,,,,0.005373068993634553,,,,,,,0.0100600317153813,0.19511106150684418,,0.017160316629867438,,0.008580158314933693,,0.010876324291789956,0.1367358065077236,0.01111988222540968,0.007719925438453014,0.01405102643184358,0.01421663880215154,,0.025085098853987846,0.0028102053828270965,,,,,,,,,,,,,,,,,,,,,,,,,,,,,,,,,,,,,,,,,,,,0.0034371162972612213,,,,,,0.04103602450824782,0.08187758137605014,0.05776652214782571,0.016711688999618758,0.010575655348865022,,0.05853708002522777,0.008580158314933693,0.0999534273665253,0.005066772359506469,0.016495150447423966,,0.0021450395787333963,0.018042021364505747,0.010859731456276896,0.041786997046853756,0.009760947631938065,0.07148986317023821,,,,,,,,,,,,,,,,,,,,
2023-08-19,0.004515189549419995,,,0.015379843389382534,,,,,,,,0.005343959180646786,,,,,,,0.009771406883373801,0.1990698813037439,,0.01678038341924545,,0.008390191709622699,,0.010650491196429275,0.1372666954994201,0.01112527899782761,0.0077783296195169,0.0140694011934101,0.014319483656436151,,0.025739753703502018,0.00281388033181425,,,,,,,,,,,,,,,,,,,,,,,,,,,,,,,,,,,,,,,,,,,,0.0033989971852861,,,,,,0.04121771607209328,0.08052604831755156,0.0566852390766143,0.0169347301125526,0.0105391885153949,,0.059427522630854046,0.008390191709622699,0.09724923003126272,0.00482449852279385,0.01606405060738325,,0.00209754792740565,0.01836739573627705,0.010613304287703148,0.04138897173106665,0.009874305687844701,0.07103923200206316,,,,,,,,,,,,,,,,,,,,
2023-08-20,0.004498532900886044,,,0.015264950524267157,,,,,,,,0.0053148493676590195,,,,,,,0.009482782051366299,0.20302870110064358,,0.016400450208623463,,0.008200225104311707,,0.010424658101068594,0.1377975844911166,0.011130675770245539,0.007836733800580786,0.01408777595497662,0.014422328510720762,,0.026394408553016193,0.0028175552808014036,,,,,,,,,,,,,,,,,,,,,,,,,,,,,,,,,,,,,,,,,,,,0.0033608780733109787,,,,,,0.04139940763593873,0.07917451525905296,0.055603956005402896,0.017157771225486444,0.010502721681924778,,0.060317965236480316,0.008200225104311707,0.09454503269600015,0.004582224686081233,0.015632950767342533,,0.0020500562760779033,0.018692770108048352,0.010366877119129403,0.04099094641527954,0.009987663743751336,0.0705886008338881,,,,,,,,,,,,,,,,,,,,
2023-08-21,0.004481876252352093,,,0.01515005765915178,,,,,,,,0.005285739554671253,,,,,,,0.0091941572193588,0.2069875208975433,,0.01602051699800147,,0.008010258499000715,,0.010198825005707915,0.13832847348281307,0.011136072542663468,0.007895137981644672,0.014106150716543142,0.014525173365005372,,0.027049063402530365,0.002821230229788557,,,,,,,,,,,,,,,,,,,,,,,,,,,,,,,,,,,,,,,,,,,,0.003322758961335857,,,,,,0.041581099199784186,0.07782298220055438,0.05452267293419148,0.017380812338420287,0.010466254848454657,,0.06120840784210659,0.008010258499000715,0.09184083536073756,0.004339950849368614,0.015201850927301815,,0.002002564624750157,0.019018144479819657,0.010120449950555655,0.040592921099492425,0.010101021799657972,0.07013796966571305,,,,,,,,,,,,,,,,,,,,
2023-08-22,0.004465219603818142,,,0.015035164794036401,,,,,,,,0.005256629741683486,,,,,,,0.008905532387351301,0.21094634069444299,,0.01564058378737948,,0.007820291893689721,,0.009972991910347234,0.13885936247450958,0.011141469315081398,0.007953542162708558,0.014124525478109664,0.014628018219289983,,0.027703718252044537,0.0028249051787757108,,,,,,,,,,,,,,,,,,,,,,,,,,,,,,,,,,,,,,,,,,,,0.0032846398493607356,,,,,,0.04176279076362965,0.07647144914205578,0.05344138986298008,0.01760385345135413,0.010429788014984535,,0.06209885044773287,0.007820291893689721,0.089136638025475,0.004097677012655997,0.014770751087261096,,0.001955072973422411,0.01934351885159096,0.00987402278198191,0.04019489578370532,0.010214379855564608,0.069687338497538,,,,,,,,,,,,,,,,,,,,
2023-08-23,0.004448562955284191,,,0.014920271928921024,,,,,,,,0.00522751992869572,,,,,,,0.008616907555343799,0.21490516049134267,,0.015260650576757493,,0.007630325288378728,,0.009747158814986553,0.13939025146620607,0.011146866087499326,0.008011946343772443,0.014142900239676185,0.014730863073574595,,0.028358373101558712,0.0028285801277628643,,,,,,,,,,,,,,,,,,,,,,,,,,,,,,,,,,,,,,,,,,,,0.0032465207373856145,,,,,,0.0419444823274751,0.0751199160835572,0.05236010679176867,0.017826894564287973,0.010393321181514415,,0.06298929305335914,0.007630325288378728,0.08643244069021241,0.0038554031759433782,0.014339651247220378,,0.0019075813220946643,0.019668893223362266,0.009627595613408164,0.0397968704679182,0.010327737911471242,0.06923670732936295,,,,,,,,,,,,,,,,,,,,
2023-08-24,0.004431906306750239,,,0.014805379063805647,,,,,,,,0.005198410115707954,,,,,,,0.0083282827233363,0.2188639802882424,,0.014880717366135504,,0.007440358683067735,,0.009521325719625873,0.13992114045790255,0.011152262859917255,0.008070350524836328,0.014161275001242707,0.014833707927859204,,0.029013027951072884,0.002832255076750018,,,,,,,,,,,,,,,,,,,,,,,,,,,,,,,,,,,,,,,,,,,,0.003208401625410493,,,,,,0.042126173891320555,0.0737683830250586,0.05127882372055727,0.018049935677221816,0.010356854348044293,,0.06387973565898541,0.007440358683067735,0.08372824335494984,0.003613129339230761,0.013908551407179661,,0.0018600896707669178,0.01999426759513357,0.009381168444834418,0.039398845152131094,0.010441095967377878,0.0687860761611879,,,,,,,,,,,,,,,,,,,,
2023-08-25,0.004415249658216288,,,0.01469048619869027,,,,,,,,0.005169300302720187,,,,,,,0.0080396578913288,0.22282280008514208,,0.014500784155513514,,0.0072503920777567425,,0.009295492624265194,0.14045202944959906,0.011157659632335185,0.008128754705900215,0.014179649762809228,0.014936552782143816,,0.029667682800587056,0.0028359300257371715,,,,,,,,,,,,,,,,,,,,,,,,,,,,,,,,,,,,,,,,,,,,0.0031702825134353714,,,,,,0.04230786545516601,0.07241684996656002,0.050197540649345854,0.01827297679015566,0.010320387514574172,,0.06477017826461169,0.0072503920777567425,0.08102404601968727,0.003370855502518144,0.013477451567138943,,0.0018125980194391715,0.02031964196690487,0.00913474127626067,0.039000819836343986,0.010554454023284515,0.06833544499301283,,,,,,,,,,,,,,,,,,,,
2023-08-26,0.0043985930096823375,,,0.014575593333574893,,,,,,,,0.005140190489732421,,,,,,,0.0077510330593213,0.22678161988204176,,0.014120850944891525,,0.00706042547244575,,0.009069659528904513,0.14098291844129554,0.011163056404753114,0.0081871588869641,0.01419802452437575,0.015039397636428427,,0.030322337650101228,0.002839604974724325,,,,,,,,,,,,,,,,,,,,,,,,,,,,,,,,,,,,,,,,,,,,0.00313216340146025,,,,,,0.04248955701901147,0.07106531690806142,0.049116257578134453,0.0184960179030895,0.01028392068110405,,0.06566062087023797,0.00706042547244575,0.07831984868442468,0.0031285816658055254,0.013046351727098225,,0.001765106368111425,0.020645016338676176,0.008888314107686923,0.03860279452055687,0.01066781207919115,0.06788481382483778,,,,,,,,,,,,,,,,,,,,
2023-08-27,0.004381936361148387,,,0.014460700468459516,,,,,,,,0.005111080676744654,,,,,,,0.0074624082273138,0.23074043967894148,,0.013740917734269536,,0.006870458867134757,,0.008843826433543832,0.14151380743299205,0.011168453177171044,0.008245563068027987,0.014216399285942271,0.015142242490713036,,0.0309769924996154,0.0028432799237114786,,,,,,,,,,,,,,,,,,,,,,,,,,,,,,,,,,,,,,,,,,,,0.0030940442894851284,,,,,,0.042671248582856924,0.06971378384956284,0.04803497450692304,0.018719059016023342,0.010247453847633928,,0.06655106347586424,0.006870458867134757,0.07561565134916211,0.0028863078290929083,0.012615251887057508,,0.0017176147167836785,0.02097039071044748,0.008641886939113178,0.03820476920476976,0.010781170135097787,0.06743418265666273,,,,,,,,,,,,,,,,,,,,
2023-08-28,0.004365279712614436,,,0.014345807603344139,,,,,,,,0.005081970863756888,,,,,,,0.007173783395306299,0.2346992594758412,,0.013360984523647547,,0.006680492261823764,,0.008617993338183152,0.14204469642468853,0.011173849949588973,0.008303967249091871,0.014234774047508792,0.015245087344997648,,0.03163164734912957,0.002846954872698632,,,,,,,,,,,,,,,,,,,,,,,,,,,,,,,,,,,,,,,,,,,,0.0030559251775100073,,,,,,0.04285294014670238,0.06836225079106424,0.04695369143571164,0.018942100128957185,0.010210987014163807,,0.06744150608149052,0.006680492261823764,0.07291145401389953,0.0026440339923802895,0.01218415204701679,,0.001670123065455932,0.02129576508221878,0.008395459770539432,0.037806743888982655,0.010894528191004421,0.06698355148848768,,,,,,,,,,,,,,,,,,,,
2023-08-29,0.004348623064080484,,,0.01423091473822876,,,,,,,,0.005052861050769121,,,,,,,0.0068851585632988,0.23865807927274088,,0.012981051313025557,,0.006490525656512772,,0.008392160242822471,0.14257558541638504,0.011179246722006903,0.008362371430155759,0.014253148809075314,0.015347932199282259,,0.03228630219864374,0.0028506298216857857,,,,,,,,,,,,,,,,,,,,,,,,,,,,,,,,,,,,,,,,,,,,0.0030178060655348857,,,,,,0.04303463171054783,0.06701071773256564,0.04587240836450023,0.019165141241891028,0.010174520180693685,,0.06833194868711678,0.006490525656512772,0.07020725667863696,0.0024017601556676725,0.011753052206976072,,0.0016226314141281858,0.021621139453990086,0.008149032601965684,0.03740871857319554,0.011007886246911057,0.06653292032031263,,,,,,,,,,,,,,,,,,,,
2023-08-30,0.004331966415546533,,,0.014116021873113383,,,,,,,,0.005023751237781355,,,,,,,0.0065965337312913,0.24261689906964057,,0.012601118102403568,,0.006300559051201779,,0.00816632714746179,0.14310647440808152,0.01118464349442483,0.008420775611219643,0.014271523570641835,0.015450777053566869,,0.032940957048157915,0.0028543047706729393,,,,,,,,,,,,,,,,,,,,,,,,,,,,,,,,,,,,,,,,,,,,0.002979686953559764,,,,,,0.04321632327439329,0.06565918467406706,0.044791125293288825,0.01938818235482487,0.010138053347223565,,0.06922239129274307,0.006300559051201779,0.06750305934337439,0.0021594863189550537,0.011321952366935353,,0.0015751397628004393,0.02194651382576139,0.007902605433391939,0.03701069325740843,0.011121244302817693,0.06608228915213757,,,,,,,,,,,,,,,,,,,,
2023-08-31,0.004315309767012582,,,0.014001129007998006,,,,,,,,0.0049946414247935885,,,,,,,0.006307908899283799,0.24657571886654028,,0.012221184891781579,,0.006110592445890786,,0.007940494052101111,0.143637363399778,0.01119004026684276,0.008479179792283529,0.014289898332208357,0.01555362190785148,,0.03359561189767209,0.002857979719660093,,,,,,,,,,,,,,,,,,,,,,,,,,,,,,,,,,,,,,,,,,,,0.002941567841584643,,,,,,0.04339801483823875,0.06430765161556848,0.04370984222207742,0.019611223467758714,0.010101586513753444,,0.07011283389836934,0.006110592445890786,0.0647988620081118,0.0019172124822424367,0.010890852526894635,,0.0015276481114726928,0.022271888197532695,0.007656178264818192,0.036612667941621324,0.011234602358724328,0.06563165798396252,,,,,,,,,,,,,,,,,,,,
2023-09-01,0.004298653118478631,,,0.013886236142882629,,,,,,,,0.004965531611805822,,,,,,,0.0060192840672763,0.25053453866344,,0.01184125168115959,,0.005920625840579793,,0.007714660956740431,0.14416825239147452,0.01119543703926069,0.008537583973347414,0.014308273093774878,0.01565646676213609,,0.034250266747186266,0.0028616546686472464,,,,,,,,,,,,,,,,,,,,,,,,,,,,,,,,,,,,,,,,,,,,0.0029034487296095216,,,,,,0.0435797064020842,0.06295611855706988,0.04262855915086601,0.019834264580692557,0.010065119680283322,,0.07100327650399561,0.005920625840579793,0.06209466467284923,0.001674938645529818,0.010459752686853918,,0.0014801564601449465,0.022597262569304,0.007409751096244446,0.03621464262583421,0.011347960414630964,0.06518102681578747,,,,,,,,,,,,,,,,,,,,
2023-09-02,0.00428199646994468,,,0.013771343277767252,,,,,,,,0.004936421798818055,,,,,,,0.0057306592352688,0.25449335846033966,,0.0114613184705376,,0.0057306592352688,,0.0074888278613797505,0.144699141383171,0.011200833811678619,0.0085959881544113,0.0143266478553414,0.0157593116164207,0.0085959881544113,0.03490492159670044,0.0028653296176344,0.006902839438143082,,,,,,,,,,,,,,,,,,,,,,,,,,,,,,,,,,,,,,,,,,,0.0028653296176344,,,,,,0.043761397965929656,0.06160458549857129,0.0415472760796546,0.0200573056936264,0.0100286528468132,0.0014326648088172,0.07189371910962189,0.0057306592352688,0.059390467337586655,0.0014326648088172,0.0100286528468132,,0.0014326648088172,0.0229226369410753,0.0071633239276707,0.0358166173100471,0.0114613184705376,0.06473039564761242,0.0014326648088172,,,,,,,,,,,,,,,,,,,
2023-09-03,0.004265339821410729,,,0.013656450412651875,,,,,,,,0.004907311985830289,,,,,,,0.005775743080968272,0.25511429700758553,,0.01126011086827404,,0.005567617876554939,,0.007262994766019069,0.1443598195910453,0.011175429403128705,0.008954989258199915,0.01443935747790546,0.015820854676089072,0.00879984136138642,0.037279695901390734,0.003095996757370536,0.007023366641362067,,,,,,,,,,,,,,,,,,,,,,,,,,,,,,,,,,,,,,,,,,,0.0030127466639636715,,,,,,0.043341287496414985,0.06111104839614449,0.04077107046863854,0.02033997433526175,0.01046136247792414,0.0014279387157460197,0.07199765720053924,0.005681515245842494,0.05793537989911901,0.0014361175126396035,0.0099202369206718,,0.0014231232510480392,0.022312096536292535,0.007240491270619825,0.035453203333807796,0.01126011086827404,0.06487447320931138,,,,,,,,,,,,,,,,,,,,
2023-09-04,0.004248683172876778,,,0.013541557547536498,,,,,,,,0.004878202172842522,,,,,,,0.005820826926667743,0.2557352355548314,,0.01105890326601048,,0.0054045765178410785,,0.007037161670658389,0.1440204977989196,0.011150024994578789,0.009313990361988529,0.014552067100469522,0.015882397735757444,0.009003694568361538,0.03965447020608104,0.0033266638971066716,0.007143893844581053,,,,,,,,,,,,,,,,,,,,,,,,,,,,,,,,,,,,,,,,,,,0.003160163710292943,,,,,,0.042921177026900306,0.060617511293717695,0.039994864857622464,0.0206226429768971,0.010894072109035079,0.0014232126226748393,0.07210159529145659,0.005632371256416188,0.05648029246065136,0.0014395702164620072,0.0098118209945304,,0.0014135816932788787,0.021701556131509772,0.00731765861356895,0.035089789357568485,0.01105890326601048,0.06501855077101032,,,,,,,,,,,,,,,,,,,,
2023-09-05,0.004232026524342827,,,0.013426664682421121,,,,,,,,0.004849092359854756,,,,,,,0.005865910772367215,0.25635617410207723,,0.010857695663746917,,0.005241535159127218,,0.006811328575297709,0.1436811760067939,0.011124620586028873,0.009672991465777143,0.014664776723033582,0.015943940795425816,0.009207547775336658,0.042029244510771335,0.003557331036842807,0.007264421047800038,,,,,,,,,,,,,,,,,,,,,,,,,,,,,,,,,,,,,,,,,,,0.0033075807566222146,,,,,,0.042501066557385635,0.06012397419129089,0.0392186592466064,0.02090531161853245,0.011326781740146018,0.001418486529603659,0.07220553338237394,0.005583227266989882,0.05502520502218371,0.0014430229202844107,0.009703405068389001,,0.0014040401355097179,0.02109101572672701,0.007394825956518075,0.03472637538132918,0.010857695663746917,0.06516262833270928,,,,,,,,,,,,,,,,,,,,
2023-09-06,0.004215369875808876,,,0.013311771817305744,,,,,,,,0.00481998254686699,,,,,,,0.005910994618066686,0.2569771126493231,,0.010656488061483357,,0.005078493800413357,,0.006585495479937029,0.1433418542146682,0.011099216177478959,0.010031992569565757,0.014777486345597642,0.016005483855094187,0.009411400982311777,0.04440401881546163,0.003787998176578943,0.007384948251019023,,,,,,,,,,,,,,,,,,,,,,,,,,,,,,,,,,,,,,,,,,,0.0034549978029514857,,,,,,0.04208095608787096,0.05963043708886409,0.03844245363559033,0.0211879802601678,0.011759491371256958,0.0014137604365324786,0.0723094714732913,0.005534083277563576,0.05357011758371606,0.0014464756241068144,0.0095949891422476,,0.001394498577740557,0.020480475321944244,0.0074719932994672,0.034362961405089876,0.010656488061483357,0.06530670589440823,,,,,,,,,,,,,,,,,,,,
2023-09-07,0.004198713227274924,,,0.013196878952190365,,,,,,,,0.004790872733879223,,,,,,,0.0059560784637661575,0.257598051196569,,0.010455280459219797,,0.004915452441699496,,0.0063596623845763485,0.1430025324225425,0.011073811768929045,0.010390993673354372,0.014890195968161704,0.01606702691476256,0.009615254189286895,0.04677879312015193,0.0040186653163150786,0.0075054754542380085,,,,,,,,,,,,,,,,,,,,,,,,,,,,,,,,,,,,,,,,,,,0.0036024148492807572,,,,,,0.04166084561835629,0.05913689998643729,0.037666248024574266,0.02147064890180315,0.012192201002367897,0.0014090343434612982,0.07241340956420865,0.00548493928813727,0.05211503014524842,0.001449928327929218,0.0094865732161062,,0.0013849570199713965,0.019869934917161478,0.007549160642416325,0.033999547428850564,0.010455280459219797,0.06545078345610718,,,,,,,,,,,,,,,,,,,,
2023-09-08,0.0041820565787409735,,,0.013081986087074988,,,,,,,,0.004761762920891456,,,,,,,0.0060011623094656285,0.25821898974381485,,0.010254072856956236,,0.0047524110829856355,,0.006133829289215668,0.1426632106304168,0.011048407360379129,0.010749994777142986,0.015002905590725764,0.01612856997443093,0.009819107396262015,0.04915356742484223,0.004249332456051214,0.007626002657456994,,,,,,,,,,,,,,,,,,,,,,,,,,,,,,,,,,,,,,,,,,,0.0037498318956100288,,,,,,0.04124073514884162,0.058643362884010494,0.03689004241355819,0.0217533175434385,0.012624910633478835,0.0014043082503901179,0.07251734765512599,0.005435795298710964,0.050659942706780765,0.0014533810317516214,0.0093781572899648,,0.0013754154622022357,0.019259394512378715,0.00762632798536545,0.03363613345261126,0.010254072856956236,0.06559486101780614,,,,,,,,,,,,,,,,,,,,
2023-09-09,0.004165399930207023,,,0.012967093221959611,,,,,,,,0.00473265310790369,,,,,,,0.0060462461551651,0.25883992829106073,,0.010052865254692674,,0.004589369724271775,,0.005907996193854988,0.1423238888382911,0.011023002951829213,0.0111089958809316,0.015115615213289826,0.0161901130340993,0.010022960603237135,0.05152834172953253,0.00447999959578735,0.0077465298606759795,,,,,,,,,,,,,,,,,,,,,,,,,,,,,,,,,,,,,,,,,,,0.0038972489419393,,,,,,0.04082062467932694,0.05814982578158369,0.036113836802542126,0.02203598618507385,0.013057620264589774,0.0013995821573189375,0.07262128574604335,0.005386651309284658,0.049204855268313114,0.0014568337355740251,0.0092697413638234,,0.001365873904433075,0.018648854107595952,0.007703495328314575,0.03327271947637195,0.010052865254692674,0.0657389385795051,,,,,,,,,,,,,,,,,,,,
2023-09-10,0.004148743281673072,,,0.012852200356844234,,,,,,,,0.004703543294915923,,,,,,,0.006091330000864571,0.2594608668383066,,0.009851657652429114,,0.004426328365557914,,0.005682163098494307,0.1419845670461654,0.010997598543279299,0.011467996984720214,0.015228324835853886,0.01625165609376767,0.010226813810212253,0.053903116034222834,0.004710666735523486,0.007867057063894964,,,,,,,,,,,,,,,,,,,,,,,,,,,,,,,,,,,,,,,,,,,0.004044665988268571,,,,,,0.04040051420981227,0.05765628867915689,0.03533763119152606,0.0223186548267092,0.013490329895700714,0.0013948560642477572,0.0727252238369607,0.0053375073198583525,0.04774976782984547,0.0014602864393964286,0.009161325437682,,0.0013563323466639144,0.018038313702813186,0.0077806626712637,0.03290930550013264,0.009851657652429114,0.06588301614120404,,,,,,,,,,,,,,,,,,,,
2023-09-11,0.00413208663313912,,,0.012737307491728857,,,,,,,,0.0046744334819281575,,,,,,,0.006136413846564043,0.2600818053855524,,0.009650450050165554,,0.004263287006844053,,0.005456330003133628,0.1416452452540397,0.010972194134729385,0.011826998088508829,0.015341034458417946,0.016313199153436042,0.010430667017187372,0.05627789033891313,0.004941333875259622,0.00798758426711395,,,,,,,,,,,,,,,,,,,,,,,,,,,,,,,,,,,,,,,,,,,0.004192083034597843,,,,,,0.0399804037402976,0.05716275157673009,0.034561425580509994,0.02260132346834455,0.013923039526811653,0.0013901299711765768,0.07282916192787804,0.005288363330432046,0.046294680391377824,0.0014637391432188321,0.0090529095115406,,0.0013467907888947536,0.01742777329803042,0.007857830014212825,0.03254589152389334,0.009650450050165554,0.066027093702903,,,,,,,,,,,,,,,,,,,,
2023-09-12,0.004115429984605169,,,0.01262241462661348,,,,,,,,0.004645323668940391,,,,,,,0.006181497692263514,0.2607027439327983,,0.009449242447901993,,0.0041002456481301925,,0.0052304969077729465,0.141305923461914,0.01094678972617947,0.012185999192297443,0.015453744080982008,0.016374742213104414,0.010634520224162492,0.05865266464360343,0.005172001014995757,0.008108111470332935,,,,,,,,,,,,,,,,,,,,,,,,,,,,,,,,,,,,,,,,,,,0.0043395000809271144,,,,,,0.03956029327078292,0.056669214474303294,0.03378521996949392,0.0228839921099799,0.014355749157922593,0.0013854038781053965,0.0729331000187954,0.005239219341005741,0.04483959295291017,0.0014671918470412358,0.008944493585399201,,0.0013372492311255928,0.016817232893247658,0.00793499735716195,0.03218247754765403,0.009449242447901993,0.06617117126460195,,,,,,,,,,,,,,,,,,,,
2023-09-13,0.004098773336071218,,,0.012507521761498103,,,,,,,,0.004616213855952624,,,,,,,0.006226581537962986,0.2613236824800442,,0.009248034845638433,,0.003937204289416332,,0.005004663812412265,0.1409666016697883,0.010921385317629553,0.012545000296086059,0.015566453703546068,0.016436285272772785,0.01083837343113761,0.061027438948293725,0.005402668154731893,0.00822863867355192,,,,,,,,,,,,,,,,,,,,,,,,,,,,,,,,,,,,,,,,,,,0.004486917127256386,,,,,,0.03914018280126825,0.056175677371876495,0.033009014358477855,0.02316666075161525,0.014788458789033532,0.001380677785034216,0.07303703810971275,0.0051900753515794346,0.04338450551444252,0.0014706445508636393,0.0088360776592578,,0.0013277076733564323,0.016206692488464895,0.008012164700111075,0.03181906357141472,0.009248034845638433,0.0663152488263009,,,,,,,,,,,,,,,,,,,,
2023-09-14,0.004082116687537267,,,0.012392628896382724,,,,,,,,0.004587104042964857,,,,,,,0.006271665383662457,0.26194462102729005,,0.009046827243374873,,0.0037741629307024714,,0.004778830717051586,0.1406272798776626,0.01089598090907964,0.012904001399874673,0.015679163326110128,0.016497828332441157,0.01104222663811273,0.06340221325298404,0.005633335294468029,0.008349165876770906,,,,,,,,,,,,,,,,,,,,,,,,,,,,,,,,,,,,,,,,,,,0.0046343341735856575,,,,,,0.03872007233175358,0.05568214026944969,0.03223280874746179,0.0234493293932506,0.015221168420144471,0.0013759516919630357,0.0731409762006301,0.005140931362153128,0.041929418075974875,0.0014740972546860428,0.0087276617331164,,0.0013181661155872715,0.01559615208368213,0.0080893320430602,0.03145564959517541,0.009046827243374873,0.06645932638799985,,,,,,,,,,,,,,,,,,,,
2023-09-15,0.004065460039003316,,,0.012277736031267347,,,,,,,,0.004557994229977091,,,,,,,0.006316749229361929,0.2625655595745359,,0.00884561964111131,,0.0036111215719886107,,0.004552997621690905,0.1402879580855369,0.010870576500529725,0.013263002503663288,0.01579187294867419,0.01655937139210953,0.011246079845087848,0.06577698755767433,0.005864002434204164,0.008469693079989892,,,,,,,,,,,,,,,,,,,,,,,,,,,,,,,,,,,,,,,,,,,0.004781751219914929,,,,,,0.038299961862238906,0.05518860316702289,0.031456603136445715,0.02373199803488595,0.015653878051255413,0.0013712255988918554,0.07324491429154745,0.005091787372726823,0.04047433063750723,0.0014775499585084465,0.008619245806975,,0.0013086245578181107,0.014985611678899365,0.008166499386009326,0.031092235618936107,0.00884561964111131,0.06660340394969881,,,,,,,,,,,,,,,,,,,,
2023-09-16,0.004048803390469365,,,0.01216284316615197,,,,,,,,0.004528884416989325,,,,,,,0.006361833075061401,0.26318649812178174,,0.00864441203884775,,0.00344808021327475,,0.004327164526330226,0.1399486362934112,0.01084517209197981,0.013622003607451902,0.01590458257123825,0.0166209144517779,0.011449933052062967,0.06815176186236463,0.0060946695739403,0.008590220283208877,,,,,,,,,,,,,,,,,,,,,,,,,,,,,,,,,,,,,,,,,,,0.0049291682662442,,,,,,0.037879851392724234,0.05469506606459609,0.03068039752542965,0.0240146666765213,0.01608658768236635,0.001366499505820675,0.0733488523824648,0.005042643383300517,0.03901924319903958,0.00148100266233085,0.0085108298808336,,0.00129908300004895,0.0143750712741166,0.00824366672895845,0.030728821642696802,0.00864441203884775,0.06674748151139775,,,,,,,,,,,,,,,,,,,,
2023-09-17,0.0040321467419354145,,,0.012047950301036593,,,,,,,,0.004499774604001559,,,,,,,0.0064069169207608715,0.2638074366690276,,0.00844320443658419,,0.003285038854560889,,0.0041013314309695445,0.1396093145012855,0.010819767683429894,0.013981004711240516,0.01601729219380231,0.016682457511446272,0.011653786259038085,0.07052653616705493,0.0063253367136764365,0.008710747486427863,,,,,,,,,,,,,,,,,,,,,,,,,,,,,,,,,,,,,,,,,,,0.005076585312573472,,,,,,0.037459740923209556,0.054201528962169294,0.029904191914413583,0.02429733531815665,0.016519297313477288,0.0013617734127494947,0.07345279047338216,0.00499349939387421,0.03756415576057193,0.0014844553661532537,0.008402413954692201,,0.0012895414422797893,0.013764530869333836,0.008320834071907575,0.030365407666457494,0.00844320443658419,0.06689155907309671,,,,,,,,,,,,,,,,,,,,
2023-09-18,0.004015490093401463,,,0.011933057435921216,,,,,,,,0.004470664791013792,,,,,,,0.006452000766460343,0.2644283752162735,,0.008241996834320628,,0.0031219974958470284,,0.003875498335608865,0.1392699927091598,0.01079436327487998,0.01434000581502913,0.016130001816366372,0.016744000571114644,0.011857639466013205,0.07290131047174522,0.006556003853412572,0.008831274689646848,,,,,,,,,,,,,,,,,,,,,,,,,,,,,,,,,,,,,,,,,,,0.005224002358902743,,,,,,0.037039630453694884,0.053707991859742496,0.029127986303397517,0.024580003959792,0.01695200694458823,0.0013570473196783143,0.0735567285642995,0.004944355404447905,0.03610906832210428,0.0014879080699756572,0.008293998028550801,,0.0012799998845106286,0.013153990464551072,0.0083980014148567,0.030001993690218186,0.008241996834320628,0.06703563663479567,,,,,,,,,,,,,,,,,,,,
2023-09-19,0.003998833444867511,,,0.01181816457080584,,,,,,,,0.004441554978026025,,,,,,,0.006497084612159814,0.26504931376351937,,0.008040789232057068,,0.0029589561371331677,,0.003649665240248184,0.1389306709170341,0.010768958866330065,0.014699006918817745,0.016242711438930434,0.016805543630783015,0.012061492672988325,0.07527608477643552,0.006786670993148707,0.008951801892865834,,,,,,,,,,,,,,,,,,,,,,,,,,,,,,,,,,,,,,,,,,,0.005371419405232015,,,,,,0.03661951998418021,0.05321445475731569,0.028351780692381447,0.024862672601427348,0.017384716575699167,0.001352321226607134,0.07366066665521685,0.004895211415021599,0.03465398088363664,0.0014913607737980607,0.0081855821024094,,0.001270458326741468,0.012543450059768308,0.008475168757805825,0.029638579713978878,0.008040789232057068,0.06717971419649463,,,,,,,,,,,,,,,,,,,,
2023-09-20,0.00398217679633356,,,0.011703271705690462,,,,,,,,0.004412445165038258,,,,,,,0.006542168457859286,0.26567025231076524,,0.007839581629793507,,0.002795914778419307,,0.003423832144887503,0.1385913491249084,0.01074355445778015,0.015058008022606359,0.016355421061494492,0.016867086690451387,0.012265345879963443,0.07765085908112582,0.0070173381328848435,0.00907232909608482,,,,,,,,,,,,,,,,,,,,,,,,,,,,,,,,,,,,,,,,,,,0.005518836451561286,,,,,,0.036199409514665534,0.05272091765488889,0.027575575081365378,0.0251453412430627,0.017817426206810108,0.0013475951335359536,0.07376460474613421,0.004846067425595292,0.033198893445168985,0.0014948134776204644,0.008077166176268,,0.0012609167689723072,0.011932909654985543,0.00855233610075495,0.02927516573773957,0.007839581629793507,0.06732379175819357,,,,,,,,,,,,,,,,,,,,
2023-09-21,0.0039655201477996095,,,0.011588378840575085,,,,,,,,0.004383335352050492,,,,,,,0.006587252303558757,0.2662911908580111,,0.007638374027529947,,0.002632873419705446,,0.0031979990495268236,0.1382520273327827,0.010718150049230234,0.015417009126394973,0.016468130684058554,0.01692862975011976,0.012469199086938563,0.08002563338581611,0.007248005272620979,0.009192856299303805,,,,,,,,,,,,,,,,,,,,,,,,,,,,,,,,,,,,,,,,,,,0.005666253497890557,,,,,,0.03577929904515086,0.052227380552462094,0.02679936947034931,0.02542800988469805,0.018250135837921046,0.0013428690404647732,0.07386854283705156,0.004796923436168987,0.03174380600670133,0.001498266181442868,0.0079687502501266,,0.0012513752112031464,0.01132236925020278,0.008629503443704075,0.028911751761500265,0.007638374027529947,0.06746786931989253,,,,,,,,,,,,,,,,,,,,
2023-09-22,0.003948863499265659,,,0.011473485975459708,,,,,,,,0.0043542255390627265,,,,,,,0.006632336149258229,0.26691212940525694,,0.007437166425266386,,0.0024698320609915854,,0.0029721659541661425,0.137912705540657,0.01069274564068032,0.015776010230183588,0.016580840306622616,0.01699017280978813,0.012673052293913682,0.08240040769050641,0.007478672412357115,0.009313383502522789,,,,,,,,,,,,,,,,,,,,,,,,,,,,,,,,,,,,,,,,,,,0.005813670544219829,,,,,,0.03535918857563619,0.05173384345003529,0.026023163859333245,0.0257106785263334,0.018682845469031983,0.001338142947393593,0.0739724809279689,0.004747779446742681,0.03028871856823369,0.0015017188852652717,0.0078603343239852,,0.0012418336534339857,0.010711828845420015,0.0087066707866532,0.028548337785260957,0.007437166425266386,0.06761194688159149,,,,,,,,,,,,,,,,,,,,
2023-09-23,0.003932206850731708,,,0.01135859311034433,,,,,,,,0.00432511572607496,,,,,,,0.0066774199949577,0.2675330679525028,,0.007235958823002825,,0.0023067907022777247,,0.002746332858805463,0.1375733837485313,0.010667341232130405,0.016135011333972202,0.016693549929186674,0.017051715869456502,0.0128769055008888,0.08477518199519672,0.00770933955209325,0.009433910705741774,,,,,,,,,,,,,,,,,,,,,,,,,,,,,,,,,,,,,,,,,,,0.0059610875905491,,,,,,0.03493907810612152,0.0512403063476085,0.025246958248317176,0.02599334716796875,0.019115555100142925,0.0013334168543224125,0.07407641901888626,0.004698635457316375,0.02883363112976604,0.0015051715890876752,0.0077519183978438004,,0.001232292095664825,0.01010128844063725,0.008783838129602326,0.02818492380902165,0.007235958823002825,0.06775602444329043,,,,,,,,,,,,,,,,,,,,
2023-09-24,0.003915550202197756,,,0.011243700245228952,,,,,,,,0.004296005913087193,,,,,,,0.006722503840657172,0.2681540064997487,,0.007034751220739264,,0.002143749343563864,,0.002520499763444782,0.1372340619564056,0.01064193682358049,0.016494012437760816,0.016806259551750736,0.01711325892912487,0.01308075870786392,0.08714995629988702,0.007940006691829387,0.00955443790896076,,,,,,,,,,,,,,,,,,,,,,,,,,,,,,,,,,,,,,,,,,,0.006108504636878372,,,,,,0.03451896763660685,0.05074676924518169,0.024470752637301106,0.0262760158096041,0.019548264731253866,0.0013286907612512322,0.07418035710980361,0.004649491467890069,0.027378543691298392,0.0015086242929100786,0.0076435024717024,,0.0012227505378956643,0.009490748035854486,0.008861005472551451,0.027821509832782344,0.007034751220739264,0.06790010200498939,,,,,,,,,,,,,,,,,,,,
2023-09-25,0.0038988935536638054,,,0.011128807380113575,,,,,,,,0.004266896100099426,,,,,,,0.006767587686356644,0.26877494504699456,,0.006833543618475704,,0.001980707984850003,,0.0022946666680841027,0.1368947401642799,0.010616532415030574,0.01685301354154943,0.016918969174314798,0.01717480198879324,0.01328461191483904,0.08952473060457732,0.008170673831565521,0.009674965112179745,,,,,,,,,,,,,,,,,,,,,,,,,,,,,,,,,,,,,,,,,,,0.0062559216832076435,,,,,,0.03409885716709217,0.05025323214275489,0.02369454702628504,0.026558684451239448,0.019980974362364803,0.0013239646681800518,0.07428429520072095,0.004600347478463763,0.02592345625283074,0.0015120769967324824,0.007535086545561001,,0.0012132089801265035,0.008880207631071722,0.008938172815500574,0.027458095856543036,0.006833543618475704,0.06804417956668835,,,,,,,,,,,,,,,,,,,,
2023-09-26,0.003882236905129854,,,0.0110139145149982,,,,,,,,0.00423778628711166,,,,,,,0.006812671532056115,0.26939588359424044,,0.006632336016212144,,0.0018176666261361428,,0.0020688335727234216,0.1365554183721542,0.01059112800648066,0.017212014645338045,0.017031678796878856,0.017236345048461613,0.013488465121814158,0.09189950490926763,0.008401340971301657,0.00979549231539873,,,,,,,,,,,,,,,,,,,,,,,,,,,,,,,,,,,,,,,,,,,0.006403338729536915,,,,,,0.0336787466975775,0.049759695040328095,0.02291834141526897,0.0268413530928748,0.02041368399347574,0.0013192385751088715,0.07438823329163831,0.0045512034890374566,0.024468368814363095,0.0015155297005548859,0.0074266706194196005,,0.001203667422357343,0.008269667226288958,0.0090153401584497,0.027094681880303728,0.006632336016212144,0.06818825712838729,,,,,,,,,,,,,,,,,,,,
2023-09-27,0.0038655802565959034,,,0.01089902164988282,,,,,,,,0.0042086764741238935,,,,,,,0.006857755377755586,0.2700168221414863,,0.006431128413948582,,0.001654625267422282,,0.0018430004773627405,0.1362160965800285,0.010565723597930746,0.01757101574912666,0.017144388419442918,0.017297888108129985,0.013692318328789277,0.09427427921395792,0.008632008111037794,0.009916019518617716,,,,,,,,,,,,,,,,,,,,,,,,,,,,,,,,,,,,,,,,,,,0.006550755775866186,,,,,,0.03325863622806283,0.04926615793790129,0.022142135804252904,0.02712402173451015,0.020846393624586682,0.0013145124820376911,0.07449217138255566,0.004502059499611151,0.02301328137589545,0.0015189824043772894,0.0073182546932782,,0.0011941258645881822,0.007659126821506193,0.009092507501398825,0.02673126790406442,0.006431128413948582,0.06833233469008625,,,,,,,,,,,,,,,,,,,,
2023-09-28,0.003848923608061952,,,0.010784128784767442,,,,,,,,0.004179566661136127,,,,,,,0.006902839223455057,0.27063776068873213,,0.006229920811685022,,0.0014915839087084213,,0.0016171673820020611,0.1358767747879028,0.01054031918938083,0.017930016852915273,0.01725709804200698,0.017359431167798357,0.013896171535764397,0.09664905351864822,0.00886267525077393,0.010036546721836702,,,,,,,,,,,,,,,,,,,,,,,,,,,,,,,,,,,,,,,,,,,0.006698172822195458,,,,,,0.03283852575854815,0.04877262083547449,0.021365930193236835,0.0274066903761455,0.021279103255697623,0.0013097863889665108,0.07459610947347302,0.004452915510184845,0.0215581939374278,0.001522435108199693,0.0072098387671368,,0.0011845843068190214,0.007048586416723429,0.00916967484434795,0.026367853927825112,0.006229920811685022,0.0684764122517852,,,,,,,,,,,,,,,,,,,,
2023-09-29,0.003832266959528001,,,0.010669235919652065,,,,,,,,0.004150456848148361,,,,,,,0.006947923069154529,0.271258699235978,,0.006028713209421461,,0.0013285425499945606,,0.00139133428664138,0.1355374529957771,0.010514914780830914,0.018289017956703887,0.017369807664571038,0.01742097422746673,0.014100024742739515,0.09902382782333852,0.009093342390510066,0.010157073925055687,,,,,,,,,,,,,,,,,,,,,,,,,,,,,,,,,,,,,,,,,,,0.006845589868524729,,,,,,0.03241841528903348,0.04827908373304769,0.02058972458222077,0.02768935901778085,0.02171181288680856,0.0013050602958953304,0.07470004756439036,0.0044037715207585395,0.020103106498960147,0.0015258878120220966,0.0071014228409954005,,0.0011750427490498608,0.006438046011940663,0.009246842187297075,0.026004439951585807,0.006028713209421461,0.06862048981348415,,,,,,,,,,,,,,,,,,,,
2023-09-30,0.00381561031099405,,,0.010554343054536688,,,,,,,,0.004121347035160594,,,,,,,0.006993006914854,0.2718796377832239,0.003496503457427,0.0058275056071579005,,0.0011655011912807,,0.0011655011912807,0.1351981312036514,0.010489510372281,0.0186480190604925,0.0174825172871351,0.0174825172871351,0.014303877949714635,0.10139860212802881,0.0093240095302462,0.010277601128274673,0.0011655011912807,,,,,,,,,,,,,,,,,,,,,,,,,,,,,,,,,,,,,,,,,,0.006993006914854,,,,,,0.031998304819518805,0.047785546630620894,0.0198135189712047,0.0279720276594162,0.0221445225179195,0.00130033420282415,0.07480398565530771,0.004354627531332233,0.0186480190604925,0.0015293405158445,0.006993006914854,,0.0011655011912807,0.0058275056071579005,0.0093240095302462,0.0256410259753465,0.0058275056071579005,0.0687645673751831,,,,,,,,,,,,,,,,,,,,
2023-10-01,0.003798953662460099,,,0.010439450189421311,,,,,,,,0.004092237222172827,,,,,,,0.006859400683814343,0.2698826695030385,0.0035458443619842787,0.00596781246297589,,0.0011819481566946678,,,0.13513153152806415,0.0101729570098021,0.018446594443438293,0.017206573725811046,0.017264645746243826,0.015778032022637178,0.10735910545502385,0.009745945322460304,0.010549336036836488,0.001530380225241368,,,,,,,,,,,,,,,,,,,,,,,,,,,,,,,,,,,,,,,,,,0.007265904752005376,,,,,,0.03184273236660982,0.04671771205695606,0.019396253329302525,0.02755374674286161,0.022108582846288128,0.0012956081097529697,0.07335192696856595,0.004305483541905927,0.018504666463871073,0.0015327932196669038,0.006801328675854636,,,0.006025884483408669,0.009049081197839972,0.025305995118937257,0.005735524422821676,0.0672378420962819,,,,,,,,,,,,,,,,,,,,
2023-10-02,0.0037822970139261476,,,0.010324557324305934,,,,,,,,0.004063127409185061,,,,,,,0.006725794452774686,0.26788570122285316,0.0035951852665415574,0.006108119318793879,,0.0011983951221086358,,,0.13506493185247692,0.0098564036473232,0.018245169826384088,0.016930630164486992,0.01704677420535255,0.017252186095559723,0.11331960878201888,0.010167881114674407,0.010821070945398303,0.0018952592592020358,,,,,,,,,,,,,,,,,,,,,,,,,,,,,,,,,,,,,,,,,,0.00753880258915675,,,,,,0.03168715991370084,0.045649877483291225,0.018978987687400348,0.02713546582630702,0.022072643174656757,0.0012908820166817893,0.0718998682818242,0.0042563395524796216,0.018361313867249644,0.0015362459234893073,0.0066096504368552715,,,0.006224263359659437,0.008774152865433744,0.024970964262528015,0.00564354323848545,0.0657111168173807,,,,,,,,,,,,,,,,,,,,
2023-10-03,0.0037656403653921968,,,0.010209664459190557,,,,,,,,0.004034017596197295,,,,,,,0.0065921882217350285,0.26588873294266785,0.003644526171098836,0.006248426174611868,,0.0012148420875226036,,,0.13499833217688967,0.0095398502848443,0.01804374520932988,0.016654686603162938,0.016828902664461274,0.018726340168482264,0.1192801121090139,0.01058981690688851,0.011092805853960119,0.0022601382931627034,,,,,,,,,,,,,,,,,,,,,,,,,,,,,,,,,,,,,,,,,,0.0078117004263081255,,,,,,0.03153158746079185,0.04458204290962639,0.018561722045498174,0.02671718490975243,0.022036703503025383,0.001286155923610609,0.07044780959508243,0.004207195563053315,0.018217961270628216,0.001539698627311711,0.006417972197855907,,,0.006422642235910204,0.008499224533027514,0.02463593340611877,0.005551562054149225,0.06418439153847949,,,,,,,,,,,,,,,,,,,,
2023-10-04,0.0037489837168582455,,,0.01009477159407518,,,,,,,,0.004004907783209529,,,,,,,0.006458581990695372,0.2638917646624825,0.0036938670756561146,0.006388733030429858,,0.0012312890529365716,,,0.13493173250130241,0.0092232969223654,0.01784232059227567,0.016378743041838884,0.01661103112357,0.02020049424140481,0.12524061543600895,0.011011752699102614,0.011364540762521934,0.0026250173271233712,,,,,,,,,,,,,,,,,,,,,,,,,,,,,,,,,,,,,,,,,,0.008084598263459501,,,,,,0.03137601500788286,0.04351420833596155,0.018144456403596,0.026298903993197842,0.022000763831394012,0.0012814298305394286,0.06899575090834068,0.00415805157362701,0.018074608674006787,0.0015431513311341145,0.006226293958856543,,,0.006621021112160972,0.008224296200621286,0.024300902549709527,0.005459580869813001,0.06265766625957829,,,,,,,,,,,,,,,,,,,,
2023-10-05,0.0037323270683242947,,,0.009979878728959803,,,,,,,,0.003975797970221762,,,,,,,0.006324975759655714,0.2618947963822971,0.0037432079802133932,0.006529039886247847,,0.0012477360183505393,,,0.13486513282571516,0.0089067435598865,0.017640895975221466,0.016102799480514834,0.016393159582678726,0.021674648314327354,0.13120111876300397,0.011433688491316717,0.011636275671083749,0.002989896361084039,,,,,,,,,,,,,,,,,,,,,,,,,,,,,,,,,,,,,,,,,,0.008357496100610875,,,,,,0.031220442554973877,0.042446373762296714,0.017727190761693823,0.025880623076643253,0.02196482415976264,0.0012767037374682483,0.06754369222159891,0.004108907584200704,0.017931256077385358,0.001546604034956518,0.006034615719857179,,,0.00681939998841174,0.007949367868215058,0.023965871693300285,0.005367599685476776,0.06113094098067709,,,,,,,,,,,,,,,,,,,,
2023-10-06,0.0037156704197903435,,,0.009864985863844426,,,,,,,,0.003946688157233995,,,,,,,0.0061913695286160576,0.25989782810211176,0.0037925488847706714,0.006669346742065836,,0.0012641829837645073,,,0.1347985331501279,0.0085901901974076,0.017439471358167258,0.01582685591919078,0.01617528804178745,0.023148802387249895,0.137161622089999,0.011855624283530822,0.011908010579645564,0.003354775395044707,,,,,,,,,,,,,,,,,,,,,,,,,,,,,,,,,,,,,,,,,,0.00863039393776225,,,,,,0.03106487010206489,0.04137853918863188,0.01730992511979165,0.025462342160088663,0.02192888448813127,0.001271977644397068,0.06609163353485714,0.004059763594774397,0.01778790348076393,0.0015500567387789217,0.005842937480857815,,,0.007017778864662508,0.0076744395358088295,0.023630840836891043,0.00527561850114055,0.05960421570177588,,,,,,,,,,,,,,,,,,,,
2023-10-07,0.003699013771256392,,,0.00975009299872905,,,,,,,,0.003917578344246229,,,,,,,0.0060577632975764,0.2579008598219264,0.00384188978932795,0.0068096535978838255,,0.0012806299491784751,,,0.13473193347454068,0.0082736368349287,0.017238046741113053,0.015550912357866726,0.015957416500896174,0.02462295646017244,0.14312212541699404,0.012277560075744926,0.01217974548820738,0.003719654429005375,,,,,,,,,,,,,,,,,,,,,,,,,,,,,,,,,,,,,,,,,,0.008903291774913625,,,,,,0.030909297649155905,0.040310704614967045,0.016892659477889475,0.025044061243534074,0.0218929448164999,0.0012672515513258876,0.06463957484811539,0.004010619605348091,0.0176445508841425,0.0015535094426013252,0.00565125924185845,,,0.007216157740913276,0.0073995112034026,0.0232958099804818,0.0051836373168043254,0.058077490422874675,,,,,,,,,,,,,,,,,,,,
2023-10-08,0.0036823571227224414,,,0.009635200133613672,,,,,,,,0.0038884685312584625,,,,,,,0.005924157066536743,0.2559038915417411,0.0038912306938852287,0.006949960453701815,,0.0012970769145924429,,,0.13466533379895343,0.0079570834724498,0.017036622124058844,0.015274968796542672,0.0157395449600049,0.026097110533094985,0.1490826287439891,0.01269949586795903,0.012451480396769195,0.004084533462966043,,,,,,,,,,,,,,,,,,,,,,,,,,,,,,,,,,,,,,,,,,0.009176189612065,,,,,,0.030753725196246917,0.03924287004130221,0.016475393835987298,0.024625780326979485,0.02185700514486853,0.0012625254582547072,0.06318751616137362,0.003961475615921786,0.017501198287521072,0.0015569621464237289,0.005459581002859086,,,0.007414536617164043,0.007124582870996371,0.02296077912407256,0.005091656132468101,0.056550765143973475,,,,,,,,,,,,,,,,,,,,
2023-10-09,0.00366570047418849,,,0.009520307268498295,,,,,,,,0.0038593587182706958,,,,,,,0.005790550835497086,0.25390692326155573,0.003940571598442508,0.007090267309519805,,0.0013135238800064109,,,0.13459873412336618,0.0076405301099709,0.016835197507004636,0.014999025235218618,0.015521673419113625,0.027571264606017526,0.1550431320709841,0.013121431660173133,0.01272321530533101,0.0044494124969267105,,,,,,,,,,,,,,,,,,,,,,,,,,,,,,,,,,,,,,,,,,0.009449087449216374,,,,,,0.030598152743337933,0.03817503546763737,0.016058128194085124,0.024207499410424896,0.021821065473237155,0.0012577993651835268,0.06173545747463186,0.003912331626495479,0.017357845690899643,0.0015604148502461324,0.005267902763859722,,,0.007612915493414811,0.006849654538590143,0.022625748267663316,0.004999674948131876,0.055024039865072275,,,,,,,,,,,,,,,,,,,,
2023-10-10,0.0036490438256545393,,,0.009405414403382918,,,,,,,,0.00383024890528293,,,,,,,0.005656944604457429,0.25190995498137037,0.003989912502999786,0.007230574165337794,,0.0013299708454203786,,,0.13453213444777895,0.007323976747492,0.01663377288995043,0.014723081673894564,0.01530380187822235,0.029045418678940067,0.16100363539797913,0.013543367452387236,0.012994950213892825,0.004814291530887378,,,,,,,,,,,,,,,,,,,,,,,,,,,,,,,,,,,,,,,,,,0.00972198528636775,,,,,,0.030442580290428945,0.03710720089397254,0.01564086255218295,0.023789218493870307,0.021785125801605784,0.0012530732721123465,0.0602833987878901,0.003863187637069174,0.017214493094278215,0.0015638675540685359,0.005076224524860357,,,0.007811294369665579,0.006574726206183915,0.02229071741125407,0.00490769376379565,0.05349731458617107,,,,,,,,,,,,,,,,,,,,
2023-10-11,0.003632387177120588,,,0.009290521538267541,,,,,,,,0.003801139092295163,,,,,,,0.0055233383734177716,0.24991298670118503,0.004039253407557064,0.007370881021155783,,0.0013464178108343466,,,0.1344655347721917,0.0070074233850131,0.016432348272896222,0.01444713811257051,0.015085930337331075,0.030519572751862616,0.16696413872497418,0.01396530324460134,0.01326668512245464,0.005179170564848046,,,,,,,,,,,,,,,,,,,,,,,,,,,,,,,,,,,,,,,,,,0.009994883123519125,,,,,,0.03028700783751996,0.0360393663203077,0.015223596910280773,0.023370937577315717,0.021749186129974413,0.0012483471790411661,0.058831340101148336,0.0038140436476428678,0.017071140497656786,0.0015673202578909396,0.004884546285860993,,,0.008009673245916346,0.006299797873777686,0.02195568655484483,0.0048157125794594255,0.05197058930726986,,,,,,,,,,,,,,,,,,,,
2023-10-12,0.003615730528586637,,,0.00917562867315216,,,,,,,,0.0037720292793073963,,,,,,,0.005389732142378114,0.24791601842099967,0.004088594312114343,0.007511187876973772,,0.0013628647762483144,,,0.13439893509660444,0.0066908700225342,0.016230923655842014,0.014171194551246456,0.0148680587964398,0.03199372682478516,0.1729246420519692,0.014387239036815443,0.013538420031016456,0.005544049598808714,,,,,,,,,,,,,,,,,,,,,,,,,,,,,,,,,,,,,,,,,,0.0102677809606705,,,,,,0.030131435384610973,0.034971531746642866,0.0148063312683786,0.022952656660761128,0.021713246458343043,0.0012436210859699858,0.05737928141440658,0.003764899658216562,0.016927787901035357,0.001570772961713343,0.0046928680468616285,,,0.008208052122167115,0.006024869541371458,0.021620655698435586,0.004723731395123201,0.05044386402836866,,,,,,,,,,,,,,,,,,,,
2023-10-13,0.003599073880052686,,,0.009060735808036784,,,,,,,,0.0037429194663196304,,,,,,,0.005256125911338457,0.24591905014081433,0.004137935216671621,0.007651494732791761,,0.0013793117416622822,,,0.1343323354210172,0.0063743166600553,0.01602949903878781,0.013895250989922404,0.014650187255548525,0.0334678808977077,0.17888514537896422,0.014809174829029546,0.013810154939578271,0.005908928632769382,,,,,,,,,,,,,,,,,,,,,,,,,,,,,,,,,,,,,,,,,,0.010540678797821876,,,,,,0.02997586293170199,0.03390369717297803,0.014389065626476424,0.02253437574420654,0.021677306786711672,0.0012388949928988054,0.055927222727664816,0.0037157556687902557,0.01678443530441393,0.0015742256655357466,0.004501189807862264,,,0.008406430998417883,0.0057499412089652285,0.021285624842026344,0.004631750210786975,0.04891713874946746,,,,,,,,,,,,,,,,,,,,
2023-10-14,0.003582417231518735,,,0.008945842942921407,,,,,,,,0.0037138096533318636,,,,,,,0.005122519680298801,0.24392208186062897,0.0041872761212289,0.0077918015886097505,,0.0013957587070762502,,,0.13426573574542994,0.0060577632975764,0.0158280744217336,0.01361930742859835,0.014432315714657251,0.03494203497063025,0.18484564870595926,0.01523111062124365,0.014081889848140086,0.00627380766673005,,,,,,,,,,,,,,,,,,,,,,,,,,,,,,,,,,,,,,,,,,0.01081357663497325,,,,,,0.029820290478793005,0.0328358625993132,0.013971799984574249,0.02211609482765195,0.0216413671150803,0.001234168899827625,0.054475164040923056,0.00366661167936395,0.0166410827077925,0.0015776783693581503,0.0043095115688629,,,0.008604809874668651,0.005475012876559,0.0209505939856171,0.00453976902645075,0.04739041347056625,,,,,,,,,,,,,,,,,,,,
2023-10-15,0.003565760582984784,,,0.00883095007780603,,,,,,,,0.003684699840344097,,,,,,,0.004988913449259143,0.2419251135804436,0.0042366170257861786,0.00793210844442774,,0.001412205672490218,,,0.1341991360698427,0.0057412099350975,0.015626649804679392,0.013343363867274298,0.014214444173765975,0.03641618904355279,0.1908061520329543,0.015653046413457754,0.014353624756701901,0.006638686700690718,,,,,,,,,,,,,,,,,,,,,,,,,,,,,,,,,,,,,,,,,,0.011086474472124625,,,,,,0.029664718025884017,0.03176802802564836,0.013554534342672075,0.02169781391109736,0.021605427443448927,0.0012294428067564447,0.053023105354181296,0.003617467689937644,0.01649773011117107,0.0015811310731805538,0.004117833329863535,,,0.008803188750919419,0.005200084544152771,0.020615563129207856,0.004447787842114526,0.045863688191665045,,,,,,,,,,,,,,,,,,,,
2023-10-16,0.0035491039344508328,,,0.008716057212690653,,,,,,,,0.003655590027356331,,,,,,,0.0048553072182194856,0.23992814530025827,0.004285957930343458,0.008072415300245729,,0.001428652637904186,,,0.13413253639425546,0.0054246565726186,0.015425225187625187,0.013067420305950244,0.0139965726328747,0.03789034311647533,0.19676665535994933,0.016074982205671856,0.014625359665263717,0.0070035657346513855,,,,,,,,,,,,,,,,,,,,,,,,,,,,,,,,,,,,,,,,,,0.011359372309276,,,,,,0.029509145572975033,0.030700193451983524,0.0131372687007699,0.02127953299454277,0.021569487771817556,0.0012247167136852644,0.05157104666743953,0.003568323700511338,0.016354377514549642,0.0015845837770029573,0.003926155090864171,,,0.009001567627170186,0.004925156211746543,0.020280532272798614,0.004355806657778301,0.044336962912763844,,,,,,,,,,,,,,,,,,,,
2023-10-17,0.0035324472859168815,,,0.008601164347575276,,,,,,,,0.003626480214368564,,,,,,,0.004721700987179829,0.2379311770200729,0.004335298834900736,0.008212722156063718,,0.0014450996033181537,,,0.1340659367186682,0.0051081032101397,0.015223800570570978,0.01279147674462619,0.013778701091983425,0.03936449718939788,0.20272715868694435,0.01649691799788596,0.014897094573825532,0.007368444768612053,,,,,,,,,,,,,,,,,,,,,,,,,,,,,,,,,,,,,,,,,,0.011632270146427376,,,,,,0.029353573120066045,0.02963235887831869,0.012720003058867724,0.020861252077988182,0.021533548100186185,0.001219990620614084,0.05011898798069778,0.003519179711085032,0.016211024917928214,0.001588036480825361,0.003734476851864807,,,0.009199946503420955,0.004650227879340315,0.019945501416389372,0.004263825473442076,0.042810237633862644,,,,,,,,,,,,,,,,,,,,
2023-10-18,0.0035157906373829307,,,0.008486271482459899,,,,,,,,0.0035973704013807974,,,,,,,0.004588094756140172,0.23593420873988757,0.004384639739458015,0.008353029011881709,,0.0014615465687321215,,,0.13399933704308098,0.0047915498476608,0.015022375953516772,0.012515533183302136,0.013560829551092151,0.04083865126232042,0.2086876620139394,0.016918853790100063,0.015168829482387347,0.007733323802572721,,,,,,,,,,,,,,,,,,,,,,,,,,,,,,,,,,,,,,,,,,0.011905167983578751,,,,,,0.02919800066715706,0.02856452430465385,0.01230273741696555,0.020442971161433593,0.021497608428554815,0.0012152645275429036,0.04866692929395601,0.003470035721658726,0.016067672321306785,0.0015914891846477645,0.0035427986128654426,,,0.009398325379671722,0.004375299546934086,0.01961047055998013,0.0041718442891058504,0.04128351235496144,,,,,,,,,,,,,,,,,,,,
2023-10-19,0.0034991339888489795,,,0.008371378617344521,,,,,,,,0.0035682605883930315,,,,,,,0.004454488525100515,0.2339372404597022,0.004433980644015293,0.008493335867699698,,0.0014779935341460895,,,0.13393273736749373,0.0044749964851819,0.014820951336462565,0.012239589621978082,0.013342958010200875,0.04231280533524296,0.21464816534093445,0.017340789582314168,0.015440564390949162,0.00809820283653339,,,,,,,,,,,,,,,,,,,,,,,,,,,,,,,,,,,,,,,,,,0.012178065820730125,,,,,,0.029042428214248073,0.027496689730989017,0.011885471775063374,0.020024690244879004,0.021461668756923444,0.0012105384344717233,0.04721487060721425,0.0034208917322324202,0.015924319724685356,0.0015949418884701682,0.0033511203738660787,,,0.009596704255922489,0.0041003712145278575,0.019275439703570887,0.004079863104769626,0.03975678707606023,,,,,,,,,,,,,,,,,,,,
2023-10-20,0.003482477340315028,,,0.008256485752229144,,,,,,,,0.0035391507754052648,,,,,,,0.004320882294060857,0.23194027217951685,0.004483321548572571,0.008633642723517687,,0.0014944404995600575,,,0.13386613769190647,0.004158443122703,0.014619526719408357,0.011963646060654028,0.0131250864693096,0.0437869594081655,0.22060866866792947,0.01776272537452827,0.015712299299510978,0.008463081870494058,,,,,,,,,,,,,,,,,,,,,,,,,,,,,,,,,,,,,,,,,,0.0124509636578815,,,,,,0.02888685576133909,0.026428855157324183,0.011468206133161199,0.019606409328324415,0.02142572908529207,0.001205812341400543,0.04576281192047249,0.003371747742806114,0.015780967128063927,0.0015983945922925717,0.0031594421348667143,,,0.009795083132173258,0.0038254428821216284,0.018940408847161645,0.003987881920433401,0.03823006179715903,,,,,,,,,,,,,,,,,,,,
2023-10-21,0.0034658206917810774,,,0.008141592887113767,,,,,,,,0.003510040962417498,,,,,,,0.0041872760630212,0.2299433038993315,0.00453266245312985,0.008773949579335676,,0.0015108874649740252,,,0.13379953801631922,0.0038418897602241,0.01441810210235415,0.011687702499329974,0.012907214928418325,0.04526111348108805,0.2265691719949245,0.018184661166742375,0.015984034208072793,0.008827960904454726,,,,,,,,,,,,,,,,,,,,,,,,,,,,,,,,,,,,,,,,,,0.012723861495032875,,,,,,0.0287312833084301,0.025361020583659345,0.011050940491259025,0.019188128411769825,0.0213897894136607,0.0012010862483293626,0.044310753233730724,0.003322603753379808,0.0156376145314425,0.0016018472961149752,0.00296776389586735,,,0.009993462008424025,0.0035505145497154,0.018605377990752403,0.0038959007360971757,0.03670333651825783,,,,,,,,,,,,,,,,,,,,
2023-10-22,0.003449164043247126,,,0.00802670002199839,,,,,,,,0.003480931149429732,,,,,,,0.004053669831981544,0.22794633561914615,0.0045820033576871285,0.008914256435153665,,0.001527334430387993,,,0.13373293834073197,0.0035253363977452,0.014216677485299943,0.011411758938005922,0.012689343387527051,0.04673526755401059,0.23252967532191954,0.01860659695895648,0.016255769116634608,0.009192839938415394,,,,,,,,,,,,,,,,,,,,,,,,,,,,,,,,,,,,,,,,,,0.012996759332184249,,,,,,0.028575710855521116,0.02429318600999451,0.01063367484935685,0.018769847495215236,0.021353849742029328,0.0011963601552581822,0.042858694546988964,0.0032734597639535023,0.015494261934821072,0.001605299999937379,0.0027760856568679855,,,0.010191840884674792,0.003275586217309171,0.018270347134343157,0.0038039195517609505,0.03517661123935662,,,,,,,,,,,,,,,,,,,,
2023-10-23,0.0034325073947131753,,,0.007911807156883013,,,,,,,,0.0034518213364419653,,,,,,,0.003920063600941886,0.22594936733896082,0.0046313442622444075,0.009054563290971655,,0.001543781395801961,,,0.13366633866514474,0.0032087830352663,0.014015252868245735,0.011135815376681868,0.012471471846635775,0.04820942162693313,0.23849017864891456,0.01902853275117058,0.016527504025196423,0.009557718972376061,,,,,,,,,,,,,,,,,,,,,,,,,,,,,,,,,,,,,,,,,,0.013269657169335626,,,,,,0.02842013840261213,0.023225351436329675,0.010216409207454674,0.018351566578660647,0.021317910070397957,0.0011916340621870019,0.041406635860247204,0.0032243157745271965,0.015350909338199643,0.0016087527037597824,0.002584407417868621,,,0.010390219760925561,0.003000657884902943,0.017935316277933915,0.0037119383674247258,0.033649885960455414,,,,,,,,,,,,,,,,,,,,
2023-10-24,0.003415850746179224,,,0.007796914291767636,,,,,,,,0.0034227115234541985,,,,,,,0.0037864573699022287,0.22395239905877545,0.004680685166801686,0.009194870146789644,,0.0015602283612159288,,,0.1335997389895575,0.0028922296727874,0.013813828251191528,0.010859871815357814,0.0122536003057445,0.04968357569985568,0.24445068197590958,0.019450468543384683,0.01679923893375824,0.00992259800633673,,,,,,,,,,,,,,,,,,,,,,,,,,,,,,,,,,,,,,,,,,0.013542555006487,,,,,,0.028264565949703144,0.022157516862664837,0.0097991435655525,0.017933285662106058,0.021281970398766586,0.0011869079691158215,0.039954577173505444,0.00317517178510089,0.015207556741578214,0.0016122054075821861,0.0023927291788692568,,,0.01058859863717633,0.0027257295524967147,0.017600285421524673,0.0036199571830885006,0.032123160681554214,,,,,,,,,,,,,,,,,,,,
2023-10-25,0.003399194097645273,,,0.007682021426652259,,,,,,,,0.0033936017104664326,,,,,,,0.0036528511388625715,0.2219554307785901,0.004730026071358965,0.009335177002607633,,0.0015766753266298968,,,0.13353313931397023,0.0025756763103085,0.013612403634137321,0.010583928254033762,0.012035728764853225,0.05115772977277822,0.2504111853029046,0.019872404335598788,0.017070973842320054,0.010287477040297397,,,,,,,,,,,,,,,,,,,,,,,,,,,,,,,,,,,,,,,,,,0.013815452843638375,,,,,,0.02810899349679416,0.021089682289000003,0.009381877923650325,0.01751500474555147,0.021246030727135216,0.001182181876044641,0.038502518486763684,0.0031260277956745844,0.015064204144956786,0.0016156581114045896,0.0022010509398698924,,,0.010786977513427097,0.0024508012200904856,0.017265254565115427,0.003527975998752276,0.030596435402653013,,,,,,,,,,,,,,,,,,,,
2023-10-26,0.003382537449111322,,,0.007567128561536882,,,,,,,,0.003364491897478666,,,,,,,0.0035192449078229144,0.21995846249840476,0.004779366975916243,0.009475483858425622,,0.0015931222920438646,,,0.133466539638383,0.0022591229478296,0.013410979017083113,0.010307984692709708,0.01181785722396195,0.052631883845700764,0.2563716886298997,0.020294340127812893,0.01734270875088187,0.010652356074258065,,,,,,,,,,,,,,,,,,,,,,,,,,,,,,,,,,,,,,,,,,0.01408835068078975,,,,,,0.027953421043885172,0.02002184771533517,0.00896461228174815,0.01709672382899688,0.02121009105550384,0.0011774557829734608,0.03705045980002192,0.0030768838062482785,0.014920851548335357,0.0016191108152269931,0.002009372700870528,,,0.010985356389677865,0.0021758728876842574,0.016930223708706185,0.0034359948144160506,0.029069710123751806,,,,,,,,,,,,,,,,,,,,
2023-10-27,0.003365880800577371,,,0.007452235696421505,,,,,,,,0.003335382084490899,,,,,,,0.0033856386767832573,0.21796149421821942,0.004828707880473522,0.009615790714243611,,0.0016095692574578323,,,0.13339993996279575,0.0019425695853507,0.013209554400028908,0.010032041131385654,0.011599985683070677,0.054106037918623305,0.2623321919568947,0.020716275920027,0.017614443659443684,0.011017235108218733,,,,,,,,,,,,,,,,,,,,,,,,,,,,,,,,,,,,,,,,,,0.014361248517941124,,,,,,0.027797848590976185,0.018954013141670334,0.008547346639845974,0.01667844291244229,0.02117415138387247,0.0011727296899022802,0.03559840111328016,0.0030277398168219727,0.014777498951713928,0.0016225635190493968,0.0018176944618711645,,,0.011183735265928633,0.0019009445552780283,0.016595192852296943,0.003344013630079826,0.0275429848448506,,,,,,,,,,,,,,,,,,,,
2023-10-28,0.00334922415204342,,,0.007337342831306128,,,,0.0016260162228718003,,,,0.003306272271503133,,,,,,,0.0032520324457436006,0.21596452593803406,0.0048780487850308,0.0097560975700616,,0.0016260162228718003,,,0.1333333402872085,0.0016260162228718003,0.0130081297829747,0.0097560975700616,0.0113821141421794,0.05558019199154585,0.2682926952838897,0.0211382117122411,0.0178861785680055,0.0113821141421794,0.0032520324457436006,,,,,,,,,,,,,,,,,,,,,,,,,,,,,,,,,,,,,,,,,0.0146341463550925,,,,,,0.0276422761380672,0.0178861785680055,0.0081300809979438,0.0162601619958877,0.0211382117122411,0.0011680035968311,0.0341463424265384,0.0029785958273956664,0.0146341463550925,0.0016260162228718003,0.0016260162228718003,,,0.0113821141421794,0.0016260162228718003,0.0162601619958877,0.0032520324457436006,0.0260162595659494,,,,,,,,,,,,,,,,,,,,
2023-10-29,0.0033325675035094687,,,0.007222449966190748,,,,0.002083054107580561,,,,0.0032771624585153664,,,,,,,0.003250357295785554,0.21373560637622685,0.004932770488916722,0.00992277540665644,,,,,0.13149039127996984,0.001682413080873461,0.013516539075810975,0.009464899946968653,0.01120454779759573,0.05618114089714234,0.27055834127323963,0.022329246292688947,0.017819730831044,0.011834126564540947,0.005654203564128093,,,,,,,,,,,,,,,,,,,,,,,,,,,,,,,,,,,,,,,,,0.014397670448358543,,,,,,0.027055693025301565,0.01741908977939076,0.008068658694225685,0.015965614101982488,0.02066944775703755,0.0011632775037599195,0.03349917455177215,0.0029294518379693606,0.014340436002904789,,,,,0.01120454779759573,0.0016251786478927754,0.01670966170994293,,0.025487748473616543,,,,,,,,,,,,,,,,,,,,
2023-10-30,0.0033159108549755175,,,0.007107557101075371,,,,0.002540091992289322,,,,0.0032480526455275997,,,,,,,0.0032486821458275078,0.21150668681441964,0.004987492192802643,0.010089453243251278,,,,,0.12964744227273117,0.0017388099388751218,0.014024948368647249,0.009173702323875708,0.011026981453012058,0.05678208980273883,0.27282398726258955,0.023520280873136793,0.0177532830940825,0.012286138986902492,0.008056374682512586,,,,,,,,,,,,,,,,,,,,,,,,,,,,,,,,,,,,,,,,,0.014161194541624586,,,,,,0.02646910991253593,0.016952000990776022,0.008007236390507572,0.01567106620807727,0.020200683801834,0.0011585514106887394,0.032852006677005906,0.0028803078485430548,0.014046725650717079,,,,,0.011026981453012058,0.0016243410729137502,0.017159161423998166,,0.024959237381283684,,,,,,,,,,,,,,,,,,,,
2023-10-31,0.0032992542064415667,,,0.006992664235959994,,,,0.0029971298769980825,,,,0.0032189428325398338,,,,,,,0.0032470069958694613,0.20927776725261243,0.005042213896688565,0.010256131079846117,,,,,0.1278044932654925,0.0017952067968767824,0.014533357661483524,0.008882504700782761,0.010849415108428385,0.05738303870833531,0.27508963325193947,0.02471131545358464,0.017686835357121,0.012738151409264039,0.010458545800897077,,,,,,,,,,,,,,,,,,,,,,,,,,,,,,,,,,,,,,,,,0.013924718634890629,,,,,,0.025882526799770295,0.01648491220216128,0.007945814086789457,0.015376518314172059,0.01973191984663045,0.0011538253176175588,0.032204838802239656,0.0028311638591167485,0.013753015298529367,,,,,0.010849415108428385,0.0016235034979347252,0.017608661138053396,,0.02443072628895083,,,,,,,,,,,,,,,,,,,,
2023-11-01,0.0032825975579076155,,,0.006877771370844617,,,,0.003454167761706843,,,,0.003189833019552067,,,,,,,0.003245331845911415,0.2070488476908052,0.0050969356005744855,0.010422808916440958,,,,,0.12596154425825387,0.0018516036548784432,0.015041766954319798,0.008591307077689814,0.010671848763844714,0.0579839876139318,0.27735527924128933,0.025902350034032486,0.017620387620159498,0.013190163831625586,0.01286071691928157,,,,,,,,,,,,,,,,,,,,,,,,,,,,,,,,,,,,,,,,,0.01368824272815667,,,,,,0.025295943687004656,0.01601782341354654,0.007884391783071343,0.015081970420266844,0.0192631558914269,0.0011490992245463787,0.031557670927473414,0.0027820198696904427,0.013459304946341656,,,,,0.010671848763844714,0.0016226659229557003,0.01805816085210863,,0.02390221519661797,,,,,,,,,,,,,,,,,,,,
2023-11-02,0.0032659409093736646,,,0.00676287850572924,,,,0.003911205646415604,,,,0.0031607232065643002,,,,,,,0.0032436566959533684,0.204819928128998,0.005151657304460407,0.010589486753035797,,,,,0.12411859525101519,0.0019080005128801038,0.015550176247156074,0.008300109454596867,0.010494282419261043,0.058584936519528286,0.27962092523063925,0.027093384614480333,0.017553939883198,0.013642176253987132,0.015262888037666063,,,,,,,,,,,,,,,,,,,,,,,,,,,,,,,,,,,,,,,,,0.013451766821422713,,,,,,0.02470936057423902,0.015550734624931803,0.007822969479353228,0.01478742252636163,0.01879439193622335,0.001144373131475198,0.030910503052707167,0.002732875880264137,0.013165594594153946,,,,,0.010494282419261043,0.0016218283479766753,0.01850766056616386,,0.023373704104285114,,,,,,,,,,,,,,,,,,,,
2023-11-03,0.0032492842608397134,,,0.006647985640613863,,,,0.004368243531124365,,,,0.0031316133935765343,,,,,,,0.003241981545995322,0.20259100856719078,0.0052063790083463285,0.010756164589630636,,,,,0.12227564624377654,0.0019643973708817646,0.01605858553999235,0.008008911831503922,0.010316716074677372,0.05918588542512477,0.28188657121998917,0.02828441919492818,0.0174874921462365,0.014094188676348679,0.017665059156050555,,,,,,,,,,,,,,,,,,,,,,,,,,,,,,,,,,,,,,,,,0.013215290914688756,,,,,,0.024122777461473385,0.015083645836317064,0.007761547175635115,0.014492874632456415,0.0183256279810198,0.001139647038404018,0.03026333517794092,0.002683731890837831,0.012871884241966235,,,,,0.010316716074677372,0.0016209907729976504,0.01895716028021909,,0.022845193011952255,,,,,,,,,,,,,,,,,,,,
2023-11-04,0.003232627612305762,,,0.006533092775498486,,,,0.004825281415833126,,,,0.0031025035805887675,,,,,,,0.0032403063960372755,0.20036208900538358,0.00526110071223225,0.010922842426225475,,,,,0.12043269723653788,0.002020794228883425,0.016566994832828624,0.007717714208410975,0.0101391497300937,0.05978683433072126,0.2841522172093391,0.029475453775376026,0.017421044409275,0.014546201098710224,0.02006723027443505,,,,,,,,,,,,,,,,,,,,,,,,,,,,,,,,,,,,,,,,,0.0129788150079548,,,,,,0.02353619434870775,0.014616557047702324,0.007700124871917,0.0141983267385512,0.01785686402581625,0.0011349209453328374,0.02961616730317467,0.0026345879014115247,0.012578173889778525,,,,,0.0101391497300937,0.0016201531980186252,0.019406659994274326,,0.0223166819196194,,,,,,,,,,,,,,,,,,,,
2023-11-05,0.0032159709637718113,,,0.006418199910383109,,,,0.005282319300541886,,,,0.0030733937676010008,,,,,,,0.003238631246079229,0.19813316944357637,0.005315822416118172,0.011089520262820314,,,,,0.11858974822929921,0.002077191086885086,0.017075404125664898,0.007426516585318029,0.00996158338551003,0.060387783236317744,0.286417863198689,0.030666488355823873,0.0173545966723135,0.01499821352107177,0.02246940139281954,,,,,,,,,,,,,,,,,,,,,,,,,,,,,,,,,,,,,,,,,0.012742339101220843,,,,,,0.022949611235942115,0.014149468259087585,0.007638702568198885,0.013903778844645987,0.0173881000706127,0.0011301948522616572,0.02896899942840843,0.002585443911985219,0.012284463537590815,,,,,0.00996158338551003,0.0016193156230396002,0.019856159708329556,,0.02178817082728654,,,,,,,,,,,,,,,,,,,,
2023-11-06,0.00319931431523786,,,0.006303307045267732,,,,0.005739357185250647,,,,0.003044283954613235,,,,,,,0.0032369560961211827,0.19590424988176913,0.005370544120004093,0.011256198099415153,,,,,0.11674679922206055,0.0021335879448867467,0.017583813418501175,0.0071353189622250825,0.009784017040926359,0.060988732141914234,0.2886835091880389,0.03185752293627172,0.017288148935352,0.015450225943433317,0.024871572511204032,,,,,,,,,,,,,,,,,,,,,,,,,,,,,,,,,,,,,,,,,0.012505863194486886,,,,,,0.022363028123176476,0.013682379470472846,0.007577280264480771,0.013609230950740773,0.016919336115409148,0.0011254687591904767,0.02832183155364218,0.002536299922558913,0.011990753185403102,,,,,0.009784017040926359,0.0016184780480605753,0.02030565942238479,,0.021259659734953685,,,,,,,,,,,,,,,,,,,,
2023-11-07,0.0031826576667039093,,,0.0061884141801523546,,,,0.0061963950699594076,,,,0.003015174141625468,,,,,,,0.0032352809461631362,0.19367533031996192,0.005425265823890015,0.011422875936009992,,,,,0.1149038502148219,0.0021899848028884075,0.01809222271133745,0.0068441213391321355,0.009606450696342686,0.06158968104751072,0.29094915517738884,0.03304855751671956,0.0172217011983905,0.015902238365794862,0.027273743629588527,,,,,,,,,,,,,,,,,,,,,,,,,,,,,,,,,,,,,,,,,0.012269387287752929,,,,,,0.021776445010410844,0.013215290681858106,0.007515857960762657,0.013314683056835558,0.0164505721602056,0.0011207426661192965,0.027674663678875937,0.0024871559331326068,0.011697042833215392,,,,,0.009606450696342686,0.0016176404730815501,0.02075515913644002,,0.02073114864262083,,,,,,,,,,,,,,,,,,,,
2023-11-08,0.003166001018169958,,,0.0060735213150369775,,,,0.006653432954668168,,,,0.002986064328637702,,,,,,,0.0032336057962050898,0.19144641075815472,0.005479987527775936,0.011589553772604833,,,,,0.11306090120758323,0.002246381660890068,0.018600632004173723,0.006552923716039189,0.009428884351759015,0.0621906299531072,0.2932148011667387,0.03423959209716741,0.017155253461428998,0.01635425078815641,0.029675914747973018,,,,,,,,,,,,,,,,,,,,,,,,,,,,,,,,,,,,,,,,,0.01203291138101897,,,,,,0.021189861897645206,0.012748201893243367,0.007454435657044543,0.013020135162930343,0.01598180820500205,0.001116016573048116,0.027027495804109687,0.002438011943706301,0.011403332481027682,,,,,0.009428884351759015,0.0016168028981025252,0.021204658850495255,,0.02020263755028797,,,,,,,,,,,,,,,,,,,,
2023-11-09,0.003149344369636007,,,0.0059586284499216005,,,,0.007110470839376929,,,,0.0029569545156499354,,,,,,,0.0032319306462470433,0.1892174911963475,0.005534709231661857,0.011756231609199672,,,,,0.11121795220034458,0.0023027785188917287,0.01910904129701,0.006261726092946243,0.009251318007175343,0.06279157885870369,0.2954804471560886,0.03543062667761526,0.0170888057244675,0.016806263210517956,0.03207808586635751,,,,,,,,,,,,,,,,,,,,,,,,,,,,,,,,,,,,,,,,,0.011796435474285013,,,,,,0.02060327878487957,0.012281113104628628,0.007393013353326428,0.012725587269025129,0.0155130442497985,0.0011112904799769358,0.02638032792934344,0.002388867954279995,0.011109622128839971,,,,,0.009251318007175343,0.0016159653231235002,0.021654158564550486,,0.019674126457955115,,,,,,,,,,,,,,,,,,,,
2023-11-10,0.003132687721102056,,,0.0058437355848062235,,,,0.0075675087240856895,,,,0.0029278447026621687,,,,,,,0.003230255496288997,0.1869885716345403,0.005589430935547778,0.011922909445794511,,,,,0.10937500319310592,0.0023591753768933896,0.019617450589846274,0.005970528469853296,0.009073751662591672,0.06339252776430018,0.29774609314543854,0.036621661258063105,0.017022357987506,0.017258275632879502,0.034480256984742004,,,,,,,,,,,,,,,,,,,,,,,,,,,,,,,,,,,,,,,,,0.011559959567551056,,,,,,0.020016695672113935,0.011814024316013888,0.007331591049608314,0.012431039375119916,0.01504428029459495,0.0011065643869057552,0.025733160054577195,0.0023397239648536893,0.01081591177665226,,,,,0.009073751662591672,0.0016151277481444752,0.02210365827860572,,0.019145615365622256,,,,,,,,,,,,,,,,,,,,
2023-11-11,0.0031160310725681047,,,0.0057288427196908465,,,,0.008024546608794451,,,,0.0028987348896744028,,,,,,,0.00322858034633095,0.1847596520727331,0.0056441526394337,0.01208958728238935,,,,,0.10753205418586725,0.00241557223489505,0.020125859882682548,0.00567933084676035,0.008896185318008,0.06399347666989666,0.30001173913478846,0.03781269583851095,0.0169559102505445,0.01771028805524105,0.0368824281031265,,,,,,,,,,,,,,,,,,,,,,,,,,,,,,,,,,,,,,,,,0.0113234836608171,,,,,,0.0194301125593483,0.01134693552739915,0.0072701687458902,0.0121364914812147,0.0145755163393914,0.0011018382938345751,0.02508599217981095,0.002290579975427383,0.010522201424464549,,,,,0.008896185318008,0.0016142901731654503,0.02255315799266095,,0.0186171042732894,,,,,,,,,,,,,,,,,,,,
2023-11-12,0.0030993744240341535,,,0.0056139498545754694,,,,0.00848158449350321,,,,0.002869625076686636,,,,,,,0.0032269051963729036,0.18253073251092589,0.0056988743433196215,0.01225626511898419,,,,,0.10568910517862859,0.002471969092896711,0.020634269175518825,0.005388133223667403,0.008718618973424328,0.06459442557549315,0.3022773851241384,0.0390037304189588,0.016889462513583,0.018162300477602596,0.039284599221510993,,,,,,,,,,,,,,,,,,,,,,,,,,,,,,,,,,,,,,,,,0.011087007754083143,,,,,,0.018843529446582664,0.01087984673878441,0.007208746442172086,0.011841943587309486,0.01410675238418785,0.0010971122007633945,0.024438824305044703,0.002241435986001077,0.010228491072276838,,,,,0.008718618973424328,0.0016134525981864251,0.02300265770671618,,0.01808859318095654,,,,,,,,,,,,,,,,,,,,
2023-11-13,0.0030827177755002027,,,0.005499056989460089,,,,0.008938622378211972,,,,0.0028405152636988692,,,,,,,0.003225230046414857,0.18030181294911865,0.005753596047205543,0.012422942955579028,,,,,0.10384615617138993,0.0025283659508983716,0.0211426784683551,0.005096935600574457,0.008541052628840657,0.06519537448108964,0.3045430311134883,0.04019476499940665,0.0168230147766215,0.01861431289996414,0.041686770339895485,,,,,,,,,,,,,,,,,,,,,,,,,,,,,,,,,,,,,,,,,0.010850531847349186,,,,,,0.018256946333817026,0.01041275795016967,0.007147324138453971,0.011547395693404272,0.0136379884289843,0.0010923861076922144,0.023791656430278457,0.0021922919965747713,0.009934780720089128,,,,,0.008541052628840657,0.0016126150232074002,0.023452157420771415,,0.017560082088623686,,,,,,,,,,,,,,,,,,,,
2023-11-14,0.0030660611269662514,,,0.005384164124344712,,,,0.009395660262920732,,,,0.0028114054507111033,,,,,,,0.0032235548964568107,0.17807289338731144,0.0058083177510914645,0.012589620792173867,,,,,0.10200320716415127,0.002584762808900032,0.021651087761191373,0.004805737977481511,0.008363486284256986,0.06579632338668612,0.3068086771028382,0.04138579957985449,0.01675656703966,0.01906632532232569,0.044088941458279976,,,,,,,,,,,,,,,,,,,,,,,,,,,,,,,,,,,,,,,,,0.010614055940615229,,,,,,0.017670363221051394,0.009945669161554932,0.007085901834735857,0.011252847799499057,0.01316922447378075,0.0010876600146210338,0.02314448855551221,0.002143148007148465,0.009641070367901418,,,,,0.008363486284256986,0.0016117774482283752,0.023901657134826646,,0.01703157099629083,,,,,,,,,,,,,,,,,,,,
2023-11-15,0.0030494044784323006,,,0.005269271259229335,,,,0.009852698147629494,,,,0.0027822956377233365,,,,,,,0.0032218797464987643,0.17584397382550424,0.005863039454977386,0.012756298628768706,,,,,0.10016025815691261,0.002641159666901693,0.02215949705402765,0.004514540354388564,0.008185919939673315,0.06639727229228261,0.3090743230921881,0.042576834160302335,0.016690119302698498,0.019518337744687232,0.04649111257666447,,,,,,,,,,,,,,,,,,,,,,,,,,,,,,,,,,,,,,,,,0.01037758003388127,,,,,,0.017083780108285755,0.009478580372940193,0.007024479531017742,0.010958299905593844,0.012700460518577199,0.0010829339215498537,0.022497320680745964,0.0020940040177221592,0.009347360015713707,,,,,0.008185919939673315,0.00161093987324935,0.02435115684888188,,0.01650305990395797,,,,,,,,,,,,,,,,,,,,
2023-11-16,0.0030327478298983494,,,0.005154378394113958,,,,0.010309736032338254,,,,0.0027531858247355698,,,,,,,0.003220204596540718,0.17361505426369703,0.005917761158863307,0.012922976465363547,,,,,0.09831730914967396,0.0026975565249033537,0.022667906346863925,0.0042233427312956175,0.008008353595089644,0.0669982211978791,0.311339969081538,0.043767868740750185,0.016623671565737,0.01997035016704878,0.048893283695048965,,,,,,,,,,,,,,,,,,,,,,,,,,,,,,,,,,,,,,,,,0.010141104127147315,,,,,,0.01649719699552012,0.009011491584325453,0.006963057227299629,0.010663752011688628,0.01223169656337365,0.0010782078284786731,0.021850152805979718,0.0020448600282958534,0.009053649663525995,,,,,0.008008353595089644,0.001610102298270325,0.02480065656293711,,0.015974548811625112,,,,,,,,,,,,,,,,,,,,
2023-11-17,0.003016091181364398,,,0.005039485528998581,,,,0.010766773917047015,,,,0.002724076011747804,,,,,,,0.0032185294465826714,0.1713861347018898,0.005972482862749228,0.013089654301958386,,,,,0.0964743601424353,0.002753953382905014,0.0231763156397002,0.0039321451082026705,0.007830787250505972,0.06759917010347558,0.3136056150708879,0.044958903321198035,0.0165572238287755,0.020422362589410326,0.05129545481343346,,,,,,,,,,,,,,,,,,,,,,,,,,,,,,,,,,,,,,,,,0.009904628220413356,,,,,,0.015910613882754485,0.008544402795710714,0.006901634923581514,0.010369204117783415,0.0117629326081701,0.001073481735407493,0.021202984931213472,0.0019957160388695476,0.008759939311338285,,,,,0.007830787250505972,0.0016092647232913001,0.02525015627699234,,0.015446037719292257,,,,,,,,,,,,,,,,,,,,
2023-11-18,0.0029994345328304473,,,0.004924592663883204,,,,0.011223811801755775,,,,0.002694966198760037,,,,,,,0.003216854296624625,0.16915721514008258,0.00602720456663515,0.013256332138553225,,,,,0.09463141113519663,0.0028103502409066753,0.023684724932536476,0.0036409474851097244,0.0076532209059223,0.06820011900907207,0.31587126106023783,0.04614993790164588,0.016490776091814,0.020874375011771872,0.05369762593181795,,,,,,,,,,,,,,,,,,,,,,,,,,,,,,,,,,,,,,,,,0.0096681523136794,,,,,,0.015324030769988848,0.008077314007095975,0.006840212619863399,0.0100746562238782,0.01129416865296655,0.0010687556423363124,0.020555817056447226,0.0019465720494432413,0.008466228959150574,,,,,0.0076532209059223,0.0016084271483122752,0.025699655991047576,,0.014917526626959401,,,,,,,,,,,,,,,,,,,,
2023-11-19,0.002982777884296496,,,0.004809699798767827,,,,0.011680849686464536,,,,0.0026658563857722703,,,,,,,0.0032151791466665785,0.16692829557827538,0.006081926270521071,0.013423009975148064,,,,,0.09278846212795797,0.0028667470989083357,0.02419313422537275,0.0033497498620167782,0.007475654561338628,0.06880106791466856,0.31813690704958775,0.04734097248209372,0.0164243283548525,0.02132638743413342,0.05609979705020244,,,,,,,,,,,,,,,,,,,,,,,,,,,,,,,,,,,,,,,,,0.009431676406945443,,,,,,0.014737447657223212,0.007610225218481235,0.006778790316145285,0.009780108329972986,0.010825404697763,0.0010640295492651323,0.019908649181680976,0.0018974280600169355,0.008172518606962864,,,,,0.007475654561338628,0.0016075895733332502,0.02614915570510281,,0.014389015534626544,,,,,,,,,,,,,,,,,,,,
2023-11-20,0.0029661212357625453,,,0.00469480693365245,,,,0.012137887571173296,,,,0.0026367465727845044,,,,,,,0.003213503996708532,0.16469937601646817,0.006136647974406993,0.013589687811742903,,,,,0.0909455131207193,0.002923143956909996,0.024701543518209024,0.003058552238923831,0.007298088216754957,0.06940201682026503,0.32040255303893767,0.04853200706254157,0.016357880617891,0.021778399856494962,0.05850196816858693,,,,,,,,,,,,,,,,,,,,,,,,,,,,,,,,,,,,,,,,,0.009195200500211486,,,,,,0.014150864544457577,0.007143136429866496,0.006717368012427171,0.009485560436067773,0.01035664074255945,0.0010593034561939517,0.019261481306914734,0.0018482840705906296,0.007878808254775153,,,,,0.007298088216754957,0.001606751998354225,0.02659865541915804,,0.013860504442293687,,,,,,,,,,,,,,,,,,,,
2023-11-21,0.002949464587228594,,,0.004579914068537073,,,,0.012594925455882058,,,,0.0026076367597967377,,,,,,,0.0032118288467504856,0.16247045645466096,0.0061913696782929135,0.013756365648337744,,,,,0.08910256411348065,0.0029795408149116574,0.0252099528110453,0.002767354615830885,0.007120521872171286,0.07000296572586152,0.3226681990282876,0.04972304164298942,0.016291432880929498,0.022230412278856512,0.06090413928697142,,,,,,,,,,,,,,,,,,,,,,,,,,,,,,,,,,,,,,,,,0.008958724593477529,,,,,,0.01356428143169194,0.0066760476412517575,0.006655945708709057,0.009191012542162556,0.0098878767873559,0.0010545773631227716,0.018614313432148484,0.0017991400811643238,0.007585097902587442,,,,,0.007120521872171286,0.0016059144233752,0.02704815513321327,,0.01333199334996083,,,,,,,,,,,,,,,,,,,,
2023-11-22,0.002932807938694643,,,0.004465021203421696,,,,0.013051963340590817,,,,0.002578526946808971,,,,,,,0.003210153696792439,0.16024153689285375,0.006246091382178836,0.013923043484932583,,,,,0.08725961510624199,0.003035937672913318,0.025718362103881575,0.002476156992737939,0.006942955527587614,0.07060391463145801,0.32493384501763745,0.050914076223437264,0.016224985143967998,0.022682424701218055,0.06330631040535592,,,,,,,,,,,,,,,,,,,,,,,,,,,,,,,,,,,,,,,,,0.00872224868674357,,,,,,0.012977698318926305,0.006208958852637017,0.006594523404990942,0.008896464648257343,0.009419112832152349,0.001049851270051591,0.017967145557382238,0.0017499960917380175,0.007291387550399732,,,,,0.006942955527587614,0.0016050768483961751,0.0274976548472685,,0.012803482257627972,,,,,,,,,,,,,,,,,,,,
2023-11-23,0.002916151290160692,,,0.004350128338306319,,,,0.013509001225299579,,,,0.002549417133821205,,,,,,,0.0032084785468343927,0.15801261733104655,0.006300813086064757,0.014089721321527422,,,,,0.08541666609900334,0.0030923345309149786,0.02622677139671785,0.002184959369644992,0.006765389183003943,0.0712048635370545,0.32719949100698736,0.05210511080388511,0.0161585374070065,0.023134437123579606,0.06570848152374041,,,,,,,,,,,,,,,,,,,,,,,,,,,,,,,,,,,,,,,,,0.008485772780009615,,,,,,0.01239111520616067,0.005741870064022278,0.006533101101272828,0.008601916754352129,0.008950348876948799,0.0010451251769804106,0.017319977682615992,0.0017008521023117113,0.0069976771982120205,,,,,0.006765389183003943,0.00160423927341715,0.027947154561323736,,0.012274971165295115,,,,,,,,,,,,,,,,,,,,
2023-11-24,0.0028994946416267407,,,0.004235235473190942,,,,0.013966039110008339,,,,0.0025203073208334382,,,,,,,0.0032068033968763463,0.1557836977692393,0.006355534789950678,0.014256399158122261,,,,,0.08357371709176467,0.0031487313889166394,0.026735180689554126,0.001893761746552045,0.006587822838420272,0.07180581244265098,0.3294651369963373,0.05329614538433296,0.016092089670045,0.02358644954594115,0.0681106526421249,,,,,,,,,,,,,,,,,,,,,,,,,,,,,,,,,,,,,,,,,0.008249296873275656,,,,,,0.011804532093395034,0.00527478127540754,0.006471678797554714,0.008307368860446914,0.00848158492174525,0.0010403990839092303,0.016672809807849746,0.0016517081128854059,0.00670396684602431,,,,,0.006587822838420272,0.001603401698438125,0.02839665427537897,,0.011746460072962258,,,,,,,,,,,,,,,,,,,,
2023-11-25,0.00288283799309279,,,0.004120342608075565,,,,0.0144230769947171,,,,0.0024911975078456714,,,,,,,0.0032051282469183,0.1535547782074321,0.0064102564938366,0.0144230769947171,,,,,0.081730768084526,0.0032051282469183,0.0272435899823904,0.0016025641234591,0.0064102564938366,0.07240676134824747,0.3317307829856872,0.0544871799647808,0.0160256419330835,0.024038461968302696,0.0705128237605094,,,,,,,,,,,,,,,,,,,,,,,,,,,,,,,,,,,,,,,,,0.0080128209665417,,,,,,0.0112179489806294,0.0048076924867928,0.0064102564938366,0.0080128209665417,0.0080128209665417,0.00103567299083805,0.0160256419330835,0.0016025641234591,0.0064102564938366,,,,,0.0064102564938366,0.0016025641234591,0.0288461539894342,,0.0112179489806294,,,,,,,,,,,,,,,,,,,,
2023-11-26,0.0028661813445588387,,,0.004005449742960188,,,,0.01453932323160446,,,,0.0024620876948579055,,,,,,,0.0033963669584842083,0.15112663340428237,0.006521585276849261,0.013940229330078812,,,,,0.07940827150568583,0.0031229216089871106,0.026734151220547828,0.0016421163745689536,0.0062308334454428,0.07202959273404082,0.32867607658374165,0.054883530829101794,0.015808182070031727,0.024117009148799915,0.08094180765606099,,,,,,,,,,,,,,,,,,,,,,,,,,,,,,,,,,,,,,,,,0.00801773837468181,,,,,,0.010975146977995877,0.004852975634137342,0.006213580989944042,0.007879502577928847,0.0077911732452255675,0.0010309468977668696,0.015808182070031727,,0.0063341725506775,,,,,0.006309584085275155,0.001609854146538775,0.028476526259466787,,0.011009705930648862,,,,,,,,,,,,,,,,,,,,
2023-11-27,0.0028495246960248874,,,0.0038905568778448106,,,,0.01465556946849182,,,,0.0024329778818701388,,,,,,,0.0035876056700501167,0.1486984886011326,0.006632914059861922,0.013457381665440521,,,,,0.07708577492684564,0.0030407149710559214,0.026224712458705255,0.0016816686256788073,0.006051410397049,0.07165242411983416,0.32562137018179604,0.05527988169342279,0.015590722206979957,0.024195556329297135,0.09137079155161258,,,,,,,,,,,,,,,,,,,,,,,,,,,,,,,,,,,,,,,,,0.008022655782821918,,,,,,0.010732344975362353,0.004898258781481884,0.006016905486051485,0.007746184189315993,0.0075695255239094355,0.0010262208046956892,0.015590722206979957,,0.006258088607518401,,,,,0.0062089116767137095,0.00161714416961845,0.028106898529499373,,0.010801462880668323,,,,,,,,,,,,,,,,,,,,
2023-11-28,0.0028328680474909366,,,0.0037756640127294336,,,,0.01477181570537918,,,,0.002403868068882372,,,,,,,0.003778844381616025,0.14627034379798287,0.006744242842874584,0.012974534000802233,,,,,0.07476327834800545,0.002958508333124732,0.025715273696862682,0.0017212208767886606,0.0058719873486552,0.0712752555056275,0.3225666637798505,0.055676232557743774,0.015373262343928185,0.02427410350979435,0.10179977544716418,,,,,,,,,,,,,,,,,,,,,,,,,,,,,,,,,,,,,,,,,0.008027573190962029,,,,,,0.010489542972728829,0.004943541928826427,0.0058202299821589285,0.007612865800703141,0.0073478778025933035,0.0010214947116245088,0.015373262343928185,,0.006182004664359302,,,,,0.006108239268152265,0.001624434192698125,0.02773727079953196,,0.010593219830687783,,,,,,,,,,,,,,,,,,,,
2023-11-29,0.0028162113989569854,,,0.0036607711476140566,,,,0.014888061942266538,,,,0.002374758255894606,,,,,,,0.003970083093181934,0.1438421989948331,0.006855571625887245,0.012491686336163942,,,,,0.07244078176916527,0.002876301695193543,0.02520583493502011,0.0017607731278985142,0.0056925643002614,0.07089808689142084,0.3195119573779049,0.05607258342206477,0.015155802480876415,0.02435265069029157,0.11222875934271577,,,,,,,,,,,,,,,,,,,,,,,,,,,,,,,,,,,,,,,,,0.00803249059910214,,,,,,0.010246740970095303,0.004988825076170969,0.005623554478266371,0.007479547412090288,0.007126230081277171,0.0010167686185533285,0.015155802480876415,,0.006105920721200202,,,,,0.00600756685959082,0.0016317242157778001,0.027367643069564546,,0.010384976780707244,,,,,,,,,,,,,,,,,,,,
2023-11-30,0.0027995547504230346,,,0.003545878282498676,,,,0.0150043081791539,,,,0.0023456484429068393,,,,,,,0.004161321804747842,0.14141405419168337,0.006966900408899906,0.012008838671525654,,,,,0.07011828519032509,0.0027940950572623536,0.024696396173177537,0.0018003253790083678,0.0055131412518676,0.07052091827721418,0.31645725097595934,0.05646893428638576,0.014938342617824642,0.02443119787078879,0.12265774323826736,,,,,,,,,,,,,,,,,,,,,,,,,,,,,,,,,,,,,,,,,0.00803740800724225,,,,,,0.01000393896746178,0.0050341082235155115,0.005426878974373814,0.0073462290234774345,0.006904582359961039,0.0010120425254821481,0.014938342617824642,,0.006029836778041103,,,,,0.005906894451029375,0.001639014238857475,0.026998015339597135,,0.010176733730726705,,,,,,,,,,,,,,,,,,,,
2023-12-01,0.0027828981018890833,,,0.003430985417383299,,,,0.015120554416041258,,,,0.0023165386299190726,,,,,,,0.0043525605163137505,0.1389859093885336,0.0070782291919125676,0.011525991006887365,,,,,0.0677957886114849,0.0027118884193311644,0.02418695741133496,0.0018398776301182215,0.0053337182034738,0.07014374966300753,0.31340254457401373,0.056865285150706754,0.01472088275477287,0.02450974505128601,0.13308672713381897,,,,,,,,,,,,,,,,,,,,,,,,,,,,,,,,,,,,,,,,,0.008042325415382358,,,,,,0.009761136964828256,0.0050793913708600535,0.005230203470481257,0.007212910634864582,0.006682934638644907,0.0010073164324109678,0.01472088275477287,,0.0059537528348820035,,,,,0.00580622204246793,0.00164630426193715,0.02662838760962972,,0.009968490680746164,,,,,,,,,,,,,,,,,,,,
2023-12-02,0.002766241453355132,,,0.003316092552267922,,,,0.01523680065292862,,,,0.0022874288169313067,,,,,,,0.004543799227879659,0.13655776458538388,0.007189557974925228,0.011043143342249075,,,,,0.06547329203264471,0.002629681781399975,0.02367751864949239,0.001879429881228075,0.00515429515508,0.06976658104880086,0.3103478381720682,0.05726163601502775,0.0145034228917211,0.02458829223178323,0.14351571102937055,,,,,,,,,,,,,,,,,,,,,,,,,,,,,,,,,,,,,,,,,0.008047242823522469,,,,,,0.009518334962194732,0.0051246745182045965,0.0050335279665887,0.007079592246251729,0.006461286917328775,0.0010025903393397874,0.0145034228917211,,0.005877668891722904,,,,,0.005705549633906485,0.001653594285016825,0.026258759879662308,,0.009760247630765625,,,,,,,,,,,,,,,,,,,,
2023-12-03,0.0027495848048211813,,,0.003201199687152545,,,,0.015353046889815978,,,,0.00225831900394354,,,,,,,0.0047350379394455674,0.13412961978223412,0.00730088675793789,0.010560295677610786,,,,,0.06315079545380453,0.002547475143468786,0.023168079887649816,0.0019189821323379287,0.0049748721066862,0.0693894124345942,0.3072931317701226,0.05765798687934874,0.014285963028669328,0.024666839412280445,0.15394469492492213,,,,,,,,,,,,,,,,,,,,,,,,,,,,,,,,,,,,,,,,,0.008052160231662579,,,,,,0.009275532959561208,0.005169957665549139,0.004836852462696143,0.006946273857638876,0.006239639196012643,0.000997864246268607,0.014285963028669328,,0.005801584948563805,,,,,0.005604877225345041,0.0016608843080965,0.025889132149694894,,0.009552004580785086,,,,,,,,,,,,,,,,,,,,
2023-12-04,0.00273292815628723,,,0.003086306822037168,,,,0.015469293126703337,,,,0.002229209190955773,,,,,,,0.004926276651011476,0.13170147497908438,0.0074122155409505515,0.010077448012972497,,,,,0.06082829887496435,0.0024652685055375967,0.022658641125807243,0.0019585343834477823,0.0047954490582924,0.06901224382038755,0.304238425368177,0.05805433774366973,0.014068503165617557,0.024745386592777665,0.16437367882047374,,,,,,,,,,,,,,,,,,,,,,,,,,,,,,,,,,,,,,,,,0.008057077639802688,,,,,,0.009032730956927684,0.005215240812893681,0.004640176958803585,0.006812955469026023,0.00601799147469651,0.0009931381531974267,0.014068503165617557,,0.005725501005404705,,,,,0.005504204816783595,0.001668174331176175,0.02551950441972748,,0.009343761530804547,,,,,,,,,,,,,,,,,,,,
2023-12-05,0.002716271507753279,,,0.002971413956921791,,,,0.015585539363590698,,,,0.0022000993779680072,,,,,,,0.005117515362577384,0.12927333017593462,0.007523544323963212,0.009594600348334207,,,,,0.05850580229612416,0.0023830618676064074,0.02214920236396467,0.0019980866345576356,0.0046160260098986,0.0686350752061809,0.3011837189662314,0.05845068860799072,0.013851043302565785,0.024823933773274885,0.17480266271602535,,,,,,,,,,,,,,,,,,,,,,,,,,,,,,,,,,,,,,,,,0.008061995047942798,,,,,,0.00878992895429416,0.005260523960238223,0.004443501454911028,0.00667963708041317,0.005796343753380378,0.0009884120601262464,0.013851043302565785,,0.005649417062245606,,,,,0.0054035324082221505,0.00167546435425585,0.025149876689760067,,0.009135518480824008,,,,,,,,,,,,,,,,,,,,
2023-12-06,0.002699614859219328,,,0.002856521091806414,,,,0.01570178560047806,,,,0.0021709895649802404,,,,,,,0.005308754074143293,0.12684518537278489,0.007634873106975874,0.009111752683695917,,,,,0.05618330571728398,0.0023008552296752177,0.021639763602122098,0.0020376388856674895,0.0044366029615048,0.06825790659197423,0.29812901256428587,0.058847039472311714,0.013633583439514013,0.024902480953772104,0.18523164661157693,,,,,,,,,,,,,,,,,,,,,,,,,,,,,,,,,,,,,,,,,0.008066912456082908,,,,,,0.008547126951660634,0.005305807107582765,0.0042468259510184715,0.006546318691800317,0.005574696032064246,0.000983685967055066,0.013633583439514013,,0.005573333119086507,,,,,0.005302859999660706,0.001682754377335525,0.024780248959792653,,0.008927275430843469,,,,,,,,,,,,,,,,,,,,
2023-12-07,0.0026829582106853767,,,0.002741628226691037,,,,0.015818031837365416,,,,0.0021418797519924745,,,,,,,0.0054999927857092,0.12441704056963514,0.007746201889988535,0.008628905019057628,,,,,0.053860809138443794,0.0022186485917440285,0.021130324840279525,0.002077191136777343,0.004257179913111,0.06788073797776757,0.29507430616234026,0.05924339033663271,0.013416123576462243,0.02498102813426932,0.1956606305071285,,,,,,,,,,,,,,,,,,,,,,,,,,,,,,,,,,,,,,,,,0.008071829864223019,,,,,,0.008304324949027112,0.005351090254927308,0.004050150447125914,0.006413000303187464,0.005353048310748114,0.0009789598739838856,0.013416123576462243,,0.005497249175927407,,,,,0.00520218759109926,0.0016900444004152,0.02441062122982524,,0.00871903238086293,,,,,,,,,,,,,,,,,,,,
2023-12-08,0.002666301562151426,,,0.00262673536157566,,,,0.015934278074252777,,,,0.0021127699390047078,,,,,,,0.005691231497275109,0.12198889576648539,0.007857530673001196,0.00814605735441934,,,,,0.05153831255960361,0.0021364419538128392,0.020620886078436953,0.0021167433878871962,0.0040777568647172,0.06750356936356092,0.2920195997603947,0.0596397412009537,0.01319866371341047,0.02505957531476654,0.2060896144026801,,,,,,,,,,,,,,,,,,,,,,,,,,,,,,,,,,,,,,,,,0.008076747272363127,,,,,,0.008061522946393587,0.00539637340227185,0.003853474943233357,0.006279681914574611,0.005131400589431982,0.0009742337809127053,0.01319866371341047,,0.005421165232768308,,,,,0.005101515182537816,0.001697334423494875,0.024040993499857825,,0.008510789330882389,,,,,,,,,,,,,,,,,,,,
2023-12-09,0.0026496449136174747,,,0.002511842496460283,,,,0.016050524311140138,,,,0.002083660126016941,,,,,,,0.005882470208841017,0.11956075096333565,0.007968859456013857,0.00766320968978105,,,,,0.049215815980763425,0.00205423531588165,0.02011144731659438,0.00215629563899705,0.0038983338163234,0.06712640074935426,0.2889648933584491,0.06003609206527469,0.0129812038503587,0.02513812249526376,0.21651859829823172,,,,,,,,,,,,,,,,,,,,,,,,,,,,,,,,,,,,,,,,,0.008081664680503238,,,,,,0.007818720943760063,0.005441656549616392,0.0036567994393408,0.006146363525961759,0.00490975286811585,0.0009695076878415249,0.0129812038503587,,0.005345081289609208,,,,,0.005000842773976371,0.00170462444657455,0.023671365769890415,,0.008302546280901851,,,,,,,,,,,,,,,,,,,,
2023-12-10,0.0026329882650835234,,,0.002396949631344906,,,,0.016166770548027495,,,,0.002054550313029175,,,,,,,0.006073708920406926,0.11713260616018589,0.00808018823902652,0.00718036202514276,,,,,0.04689331940192324,0.0019720286779504608,0.019602008554751804,0.0021958478901069035,0.0037189107679296,0.06674923213514761,0.28591018695650355,0.06043244292959568,0.012763743987306928,0.02521666967576098,0.2269475821937833,,,,,,,,,,,,,,,,,,,,,,,,,,,,,,,,,,,,,,,,,0.008086582088643348,,,,,,0.007575918941126539,0.005486939696960934,0.003460123935448243,0.0060130451373489055,0.004688105146799718,0.0009647815947703446,0.012763743987306928,,0.005268997346450109,,,,,0.004900170365414926,0.001711914469654225,0.023301738039923,,0.00809430323092131,,,,,,,,,,,,,,,,,,,,
2023-12-11,0.0026163316165495726,,,0.002282056766229529,,,,0.016283016784914856,,,,0.0020254405000414083,,,,,,,0.006264947631972834,0.11470446135703616,0.00819151702203918,0.006697514360504471,,,,,0.044570822823083056,0.0018898220400192715,0.019092569792909235,0.0022354001412167573,0.0035394877195358,0.06637206352094094,0.28285548055455795,0.060828793793916675,0.012546284124255156,0.0252952168562582,0.23737656608933488,,,,,,,,,,,,,,,,,,,,,,,,,,,,,,,,,,,,,,,,,0.008091499496783457,,,,,,0.007333116938493015,0.005532222844305476,0.0032634484315556857,0.005879726748736052,0.004466457425483586,0.0009600555016991642,0.012546284124255156,,0.0051929134032910095,,,,,0.004799497956853481,0.0017192044927339,0.022932110309955588,,0.007886060180940771,,,,,,,,,,,,,,,,,,,,
2023-12-12,0.0025996749680156214,,,0.0021671639011141518,,,,0.016399263021802217,,,,0.0019963306870536416,,,,,,,0.006456186343538743,0.1122763165538864,0.00830284580505184,0.006214666695866181,,,,,0.04224832624424287,0.0018076154020880823,0.01858313103106666,0.0022749523923266107,0.003360064671142,0.06599489490673428,0.2798007741526124,0.06122514465823767,0.012328824261203386,0.025373764036755415,0.24780554998488646,,,,,,,,,,,,,,,,,,,,,,,,,,,,,,,,,,,,,,,,,0.008096416904923567,,,,,,0.007090314935859491,0.005577505991650019,0.0030667729276631283,0.005746408360123199,0.004244809704167454,0.0009553294086279839,0.012328824261203386,,0.00511682946013191,,,,,0.004698825548292036,0.0017264945158135749,0.022562482579988174,,0.007677817130960232,,,,,,,,,,,,,,,,,,,,
2023-12-13,0.0025830183194816706,,,0.0020522710359987748,,,,0.016515509258689574,,,,0.0019672208740658757,,,,,,,0.006647425055104651,0.10984817175073666,0.008414174588064503,0.005731819031227893,,,,,0.03992582966540269,0.001725408764156893,0.01807369226922409,0.002314504643436464,0.0031806416227482,0.06561772629252763,0.2767460677506668,0.06162149552255866,0.012111364398151614,0.025452311217252634,0.2582345338804381,,,,,,,,,,,,,,,,,,,,,,,,,,,,,,,,,,,,,,,,,0.008101334313063677,,,,,,0.006847512933225967,0.005622789138994561,0.0028700974237705714,0.005613089971510346,0.004023161982851321,0.0009506033155568035,0.012111364398151614,,0.005040745516972811,,,,,0.0045981531397305915,0.00173378453889325,0.02219285485002076,,0.007469574080979693,,,,,,,,,,,,,,,,,,,,
2023-12-14,0.0025663616709477193,,,0.0019373781708833977,,,,0.016631755495576935,,,,0.0019381110610781089,,,,,,,0.0068386637666705595,0.10742002694758691,0.008525503371077164,0.005248971366589602,,,,,0.0376033330865625,0.0016432021262257038,0.017564253507381514,0.002354056894546318,0.0030012185743544,0.06524055767832097,0.27369136134872124,0.062017846386879655,0.011893904535099843,0.025530858397749854,0.2686635177759897,,,,,,,,,,,,,,,,,,,,,,,,,,,,,,,,,,,,,,,,,0.008106251721203788,,,,,,0.006604710930592442,0.005668072286339103,0.0026734219198780145,0.005479771582897494,0.003801514261535189,0.0009458772224856232,0.011893904535099843,,0.004964661573813711,,,,,0.004497480731169146,0.001741074561972925,0.021823227120053346,,0.007261331030999154,,,,,,,,,,,,,,,,,,,,
2023-12-15,0.002549705022413768,,,0.0018224853057680172,,,,0.016748001732464296,,,,0.0019090012480903421,,,,,,,0.007029902478236468,0.10499188214443717,0.008636832154089825,0.004766123701951314,,,,,0.03528083650772232,0.0015609954882945145,0.01705481474553894,0.0023936091456561717,0.0028217955259606,0.0648633890641143,0.27063665494677563,0.06241419725120065,0.011676444672048071,0.025609405578247074,0.27909250167154126,,,,,,,,,,,,,,,,,,,,,,,,,,,,,,,,,,,,,,,,,0.008111169129343896,,,,,,0.006361908927958918,0.005713355433683645,0.002476746415985457,0.005346453194284641,0.003579866540219057,0.0009411511294144428,0.011676444672048071,,0.004888577630654612,,,,,0.004396808322607701,0.0017483645850526,0.021453599390085933,,0.007053087981018615,,,,,,,,,,,,,,,,,,,,
2023-12-16,0.0025330483738798173,,,0.0017075924406526402,,,,0.016864247969351653,,,,0.0018798914351025762,,,,,,,0.0072211411898023764,0.10256373734128742,0.008748160937102487,0.004283276037313023,,,,,0.032958339928882134,0.001478788850363325,0.01654537598369637,0.002433161396766025,0.0026423724775668,0.06448622044990765,0.2675819485448301,0.06281054811552164,0.011458984808996299,0.02568795275874429,0.28952148556709284,,,,,,,,,,,,,,,,,,,,,,,,,,,,,,,,,,,,,,,,,0.008116086537484007,,,,,,0.0061191069253253945,0.005758638581028187,0.0022800709120929,0.0052131348056717874,0.003358218818902925,0.0009364250363432624,0.011458984808996299,,0.004812493687495513,,,,,0.004296135914046257,0.001755654608132275,0.02108397166011852,,0.006844844931038075,,,,,,,,,,,,,,,,,,,,
2023-12-17,0.002516391725345866,,,0.0015926995755372632,,,,0.016980494206239014,,,,0.0018507816221148094,,,,,,,0.007412379901368285,0.10013559253813767,0.008859489720115148,0.0038004283726747346,,,,,0.03063584335004195,0.0013965822124321358,0.016035937221853796,0.0024727136478758785,0.002462949429173,0.064109051835701,0.2645272421428845,0.06320689897984264,0.011241524945944527,0.02576649993924151,0.2999504694626445,,,,,,,,,,,,,,,,,,,,,,,,,,,,,,,,,,,,,,,,,0.008121003945624117,,,,,,0.00587630492269187,0.00580392172837273,0.0020833954082003434,0.005079816417058935,0.003136571097586793,0.0009316989432720821,0.011241524945944527,,0.004736409744336413,,,,,0.004195463505484812,0.00176294463121195,0.020714343930151105,,0.006636601881057536,,,,,,,,,,,,,,,,,,,,
2023-12-18,0.0024997350768119152,,,0.0014778067104218862,,,,0.017096740443126375,,,,0.0018216718091270427,,,,,,,0.007603618612934193,0.09770744773498792,0.008970818503127809,0.003317580708036446,,,,,0.028313346771201765,0.0013143755745009466,0.015526498460011223,0.0025122658989857323,0.0022835263807792,0.06373188322149434,0.2614725357409389,0.06360324984416361,0.011024065082892756,0.02584504711973873,0.31037945335819606,,,,,,,,,,,,,,,,,,,,,,,,,,,,,,,,,,,,,,,,,0.008125921353764226,,,,,,0.005633502920058346,0.005849204875717272,0.001886719904307786,0.004946498028446082,0.0029149233762706603,0.0009269728502009017,0.011024065082892756,,0.004660325801177314,,,,,0.0040947910969233664,0.0017702346542916249,0.020344716200183695,,0.006428358831076997,,,,,,,,,,,,,,,,,,,,
2023-12-19,0.002483078428277964,,,0.0013629138453065091,,,,0.017212986680013732,,,,0.0017925619961392768,,,,,,,0.007794857324500101,0.09527930293183817,0.009082147286140471,0.0028347330433981556,,,,,0.02599085019236158,0.0012321689365697571,0.01501705969816865,0.0025518181500955857,0.0021041033323854,0.06335471460728767,0.2584178293389934,0.06399960070848461,0.010806605219840986,0.02592359430023595,0.32080843725374764,,,,,,,,,,,,,,,,,,,,,,,,,,,,,,,,,,,,,,,,,0.008130838761904336,,,,,,0.005390700917424822,0.005894488023061814,0.0016900444004152287,0.004813179639833229,0.0026932756549545283,0.0009222467571297214,0.010806605219840986,,0.004584241858018215,,,,,0.003994118688361922,0.0017775246773713,0.019975088470216278,,0.0062201157810964575,,,,,,,,,,,,,,,,,,,,
2023-12-20,0.0024664217797440127,,,0.0012480209801911321,,,,0.017329232916901093,,,,0.00176345218315151,,,,,,,0.00798609603606601,0.09285115812868844,0.009193476069153132,0.002351885378759867,,,,,0.023668353613521396,0.001149962298638568,0.014507620936326076,0.0025913704012054395,0.0019246802839916,0.06297754599308102,0.25536312293704777,0.0643959515728056,0.010589145356789214,0.026002141480733168,0.3312374211492992,,,,,,,,,,,,,,,,,,,,,,,,,,,,,,,,,,,,,,,,,0.008135756170044446,,,,,,0.005147898914791298,0.0059397711704063565,0.0014933688965226713,0.004679861251220376,0.0024716279336383963,0.000917520664058541,0.010589145356789214,,0.004508157914859115,,,,,0.0038934462798004767,0.001784814700450975,0.019605460740248867,,0.006011872731115918,,,,,,,,,,,,,,,,,,,,
2023-12-21,0.002449765131210062,,,0.001133128115075755,,,,0.017445479153788454,,,,0.0017343423701637432,,,,,,,0.008177334747631918,0.09042301332553868,0.009304804852165793,0.0018690377141215766,,,,,0.021345857034681212,0.0010677556607073787,0.013998182174483504,0.002630922652315293,0.0017452572355978,0.06260037737887436,0.25230841653510216,0.0647923024371266,0.010371685493737442,0.026080688661230384,0.3416664050448508,,,,,,,,,,,,,,,,,,,,,,,,,,,,,,,,,,,,,,,,,0.008140673578184557,,,,,,0.004905096912157774,0.005985054317750899,0.001296693392630114,0.0045465428626075225,0.0022499802123222643,0.0009127945709873607,0.010371685493737442,,0.0044320739717000155,,,,,0.003792773871239032,0.00179210472353065,0.019235833010281454,,0.005803629681135378,,,,,,,,,,,,,,,,,,,,
2023-12-22,0.0024331084826761107,,,0.001018235249960378,,,,0.01756172539067581,,,,0.0017052325571759773,,,,,,,0.008368573459197826,0.08799486852238894,0.009416133635178455,0.001386190049483288,,,,,0.01902336045584102,0.0009855490227761894,0.013488743412640931,0.0026704749034251463,0.001565834187204,0.062223208764667706,0.24925371013315661,0.06518865330144759,0.01015422563068567,0.026159235841727604,0.35209538894040243,,,,,,,,,,,,,,,,,,,,,,,,,,,,,,,,,,,,,,,,,0.008145590986324665,,,,,,0.004662294909524249,0.0060303374650954415,0.0011000178887375575,0.00441322447399467,0.0020283324910061323,0.0009080684779161803,0.01015422563068567,,0.004355990028540917,,,,,0.003692101462677587,0.001799394746610325,0.01886620528031404,,0.005595386631154839,,,,,,,,,,,,,,,,,,,,
2023-12-23,0.00241645183414216,,,0.000903342384845,,,,0.017677971627563172,,,,0.0016761227441882106,,,,,,,0.008559812170763735,0.0855667237192392,0.009527462418191116,0.000903342384845,,,,,0.01670086387700084,0.000903342384845,0.012979304650798358,0.002710027154535,0.0013864111388102,0.061846040150461044,0.24619900373121104,0.06558500416576858,0.0099367657676339,0.026237783022224823,0.362524372835954,,,,,,0.0016750418581068,,0.0016750418581068,,0.0013864111388102,0.0013864111388102,,,,,,,,,,,,,,,,,,,,,,,,,,,,,,0.008150508394464776,,,,,,0.004419492906890725,0.006075620612439984,0.000903342384845,0.004279906085381817,0.00180668476969,0.000903342384845,0.0099367657676339,,0.004279906085381817,,,,,0.003591429054116142,0.00180668476969,0.018496577550346626,,0.0053871435811743,,,,,,,,,,,,,,,,,,,,
2023-12-24,0.0023997951856082086,,,0.000909460952570742,,,,0.017502862229732553,,,,0.0016470129312004438,,,,,,,0.008312718515038982,0.08324199857556124,0.009335175458025834,,,,,,0.01613479958905366,0.0009018318704052053,0.012811717165667216,,0.001481986505192842,0.05979861035372037,0.24016004058510243,0.06399599508204981,0.00961655534047166,0.02571101681401369,0.3773833735890332,,,,,,0.0016622379485592062,,0.0017859579557330681,,0.0017319225742193204,0.0017456569434476036,,,,,,,,,,,,,,,,,,,,,,,,,,,,,,0.008127515719804308,,,,,,0.00434813000642204,0.005919424434458545,,0.004157447432849602,,,0.009651229405010635,,0.004157447432849602,,,,,0.0035239540032176975,,0.01792246162689737,,0.005285931006905475,,,,,,,,,,,,,,,,,,,,
2023-12-25,0.0023831385370742574,,,0.000915579520296484,,,,0.017327752831901935,,,,0.0016179031182126779,,,,,,,0.00806562485931423,0.08091727343188329,0.00914288849786055,,,,,,0.01556873530110648,0.0009003213559654107,0.012644129680536076,,0.001577561871575484,0.05775118055697969,0.23412107743899382,0.06240698599833104,0.009296344913309421,0.025184250605802552,0.3922423743421123,,,,,,0.0016494340390116125,,0.0018968740533593363,,0.002077434009628441,0.002104902748085007,,,,,,,,,,,,,,,,,,,,,,,,,,,,,,0.00810452304514384,,,,,,0.0042767671059533545,0.0057632282564771065,,0.004034988780317387,,,0.009365693042387371,,0.004034988780317387,,,,,0.003456478952319253,,0.01734834570344812,,0.00518471843263665,,,,,,,,,,,,,,,,,,,,
2023-12-26,0.0023664818885403066,,,0.000921698088022226,,,,0.017152643434071316,,,,0.0015887933052249111,,,,,,,0.007818531203589477,0.07859254828820533,0.008950601537695268,,,,,,0.0150026710131593,0.000898810841525616,0.012476542195404934,,0.0016731372379581257,0.05570375076023901,0.22808211429288522,0.06081797691461227,0.008976134486147182,0.02465748439759142,0.40710137509519145,,,,,,0.0016366301294640187,,0.0020077901509856044,,0.0024229454450375608,0.0024641485527224106,,,,,,,,,,,,,,,,,,,,,,,,,,,,,,0.008081530370483373,,,,,,0.0042054042054846695,0.005607032078495667,,0.003912530127785172,,,0.009080156679764107,,0.003912530127785172,,,,,0.003389003901420809,,0.016774229779998866,,0.005083505858367825,,,,,,,,,,,,,,,,,,,,
2023-12-27,0.0023498252400063553,,,0.0009278166557479679,,,,0.0169775340362407,,,,0.0015596834922371444,,,,,,,0.0075714375478647235,0.07626782314452737,0.008758314577529985,,,,,,0.01443660672521212,0.0008973003270858214,0.012308954710273793,,0.001768712604340768,0.05365632096349833,0.2220431511467766,0.05922896783089349,0.008655924058984943,0.02413071818938028,0.42196037584827056,,,,,,0.001623826219916425,,0.0021187062486118726,,0.002768456880446681,0.0028233943573598144,,,,,,,,,,,,,,,,,,,,,,,,,,,,,,0.008058537695822907,,,,,,0.004134041305015984,0.0054508359005142285,,0.0037900714752529575,,,0.008794620317140843,,0.0037900714752529575,,,,,0.0033215288505223646,,0.01620011385654961,,0.004982293284099,,,,,,,,,,,,,,,,,,,,
2023-12-28,0.002333168591472404,,,0.0009339352234737099,,,,0.01680242463841008,,,,0.0015305736792493784,,,,,,,0.007324343892139971,0.07394309800084942,0.008566027617364701,,,,,,0.013870542437264939,0.0008957898126460268,0.012141367225142651,,0.0018642879707234097,0.05160889116675765,0.216004188000668,0.05763995874717472,0.008335713631822703,0.023603951981169147,0.43681937660134973,,,,,,0.0016110223103688313,,0.0022296223462381407,,0.0031139683158558015,0.0031826401619972178,,,,,,,,,,,,,,,,,,,,,,,,,,,,,,0.00803554502116244,,,,,,0.0040626784045472986,0.00529463972253279,,0.0036676128227207424,,,0.008509083954517578,,0.0036676128227207424,,,,,0.00325405379962392,,0.01562599793310036,,0.004881080709830175,,,,,,,,,,,,,,,,,,,,
2023-12-29,0.0023165119429384533,,,0.0009400537911994519,,,,0.016627315240579463,,,,0.0015014638662616117,,,,,,,0.007077250236415218,0.07161837285717146,0.00837374065719942,,,,,,0.01330447814931776,0.0008942792982062321,0.01197377974001151,,0.0019598633371060515,0.049561461370016976,0.2099652248545594,0.05605094966345595,0.008015503204660464,0.02307718577295801,0.45167837735442884,,,,,,0.0015982184008212375,,0.002340538443864409,,0.0034594797512649215,0.003541885966634621,,,,,,,,,,,,,,,,,,,,,,,,,,,,,,0.008012552346501972,,,,,,0.003991315504078613,0.005138443544551351,,0.0035451541701885273,,,0.008223547591894314,,0.0035451541701885273,,,,,0.0031865787487254755,,0.015051882009651105,,0.00477986813556135,,,,,,,,,,,,,,,,,,,,
2023-12-30,0.002299855294404502,,,0.0009461723589251939,,,,0.016452205842748844,,,,0.001472354053273845,,,,,,,0.006830156580690466,0.06929364771349351,0.008181453697034137,,,,,,0.01273841386137058,0.0008927687837664374,0.011806192254880369,,0.0020554387034886937,0.0475140315732763,0.2039262617084508,0.05446194057973718,0.007695292777498225,0.022550419564746876,0.466537378107508,,,,,,0.0015854144912736438,,0.002451454541490677,,0.003804991186674042,0.003901131771272025,,,,,,,,,,,,,,,,,,,,,,,,,,,,,,0.007989559671841505,,,,,,0.003919952603609928,0.004982247366569913,,0.0034226955176563127,,,0.00793801122927105,,0.0034226955176563127,,,,,0.003119103697827031,,0.014477766086201852,,0.004678655561292525,,,,,,,,,,,,,,,,,,,,
2023-12-31,0.0022831986458705512,,,0.000952290926650936,,,,0.016277096444918225,,,,0.001443244240286079,,,,,,,0.006583062924965712,0.06696892256981556,0.007989166736868855,,,,,,0.0121723495734234,0.0008912582693266428,0.011638604769749226,,0.002151014069871336,0.04546660177653562,0.1978872985623422,0.05287293149601841,0.007375082350335986,0.02202365335653574,0.48139637886058717,,,,,,0.00157261058172605,,0.002562370639116945,,0.004150502622083162,0.004260377575909429,,,,,,,,,,,,,,,,,,,,,,,,,,,,,,0.007966566997181037,,,,,,0.0038485897031412418,0.004826051188588474,,0.003300236865124098,,,0.007652474866647786,,0.003300236865124098,,,,,0.003051628646928587,,0.0139036501627526,,0.0045774429870237,,,,,,,,,,,,,,,,,,,,
2024-01-01,0.0022665419973366,,,0.000958409494376678,,,,0.016101987047087606,,,,0.0014141344272983122,,,,,,,0.00633596926924096,0.0646441974261376,0.007796879776703572,,,,,,0.01160628528547622,0.0008897477548868482,0.011471017284618086,,0.0022465894362539776,0.043419171979794946,0.19184833541623358,0.051283922412299635,0.0070548719231737465,0.021496887148324605,0.4962553796136663,,,,,,0.0015598066721784563,,0.0026732867367432137,,0.004496014057492283,0.004619623380546832,,,,,,,,,,,,,,,,,,,,,,,,,,,,,,0.00794357432252057,,,,,,0.0037772268026725567,0.004669855010607035,,0.003177778212591883,,,0.007366938504024522,,0.003177778212591883,,,,,0.0029841535960301426,,0.013329534239303345,,0.004476230412754875,,,,,,,,,,,,,,,,,,,,
2024-01-02,0.0022498853488026487,,,0.00096452806210242,,,,0.015926877649256987,,,,0.0013850246143105455,,,,,,,0.006088875613516207,0.06231947228245965,0.007604592816538289,,,,,,0.01104022099752904,0.0008882372404470536,0.011303429799486944,,0.0023421648026366194,0.04137174218305426,0.18580937227012498,0.049694913328580864,0.006734661496011507,0.020970120940113468,0.5111143803667455,,,,,,0.0015470027626308626,,0.002784202834369482,,0.004841525492901403,0.0049788691851842355,,,,,,,,,,,,,,,,,,,,,,,,,,,,,,0.007920581647860104,,,,,,0.003705863902203871,0.004513658832625596,,0.003055319560059668,,,0.0070814021414012576,,0.003055319560059668,,,,,0.0029166785451316983,,0.012755418315854092,,0.00437501783848605,,,,,,,,,,,,,,,,,,,,
2024-01-03,0.0022332287002686975,,,0.000970646629828162,,,,0.01575176825142637,,,,0.0013559148013227796,,,,,,,0.0058417819577914545,0.059994747138781696,0.0074123058563730065,,,,,,0.01047415670958186,0.0008867267260072589,0.011135842314355804,,0.0024377401690192616,0.039324312386313585,0.17977040912401637,0.048105904244862094,0.006414451068849268,0.020443354731902334,0.5259733811198246,,,,,,0.0015341988530832688,,0.00289511893199575,,0.005187036928310523,0.005338114989821639,,,,,,,,,,,,,,,,,,,,,,,,,,,,,,0.007897588973199636,,,,,,0.003634501001735186,0.004357462654644158,,0.002932860907527453,,,0.006795865778777993,,0.002932860907527453,,,,,0.002849203494233254,,0.01218130239240484,,0.004273805264217225,,,,,,,,,,,,,,,,,,,,
2024-01-04,0.0022165720517347467,,,0.0009767651975539039,,,,0.015576658853595752,,,,0.0013268049883350128,,,,,,,0.005594688302066702,0.05767002199510374,0.007220018896207723,,,,,,0.009908092421634679,0.0008852162115674643,0.010968254829224661,,0.0025333155354019033,0.03727688258957291,0.1737314459779078,0.04651689516114332,0.006094240641687028,0.0199165885236912,0.5408323818729037,,,,,,0.001521394943535675,,0.003006035029622018,,0.005532548363719643,0.005697360794459042,,,,,,,,,,,,,,,,,,,,,,,,,,,,,,0.007874596298539168,,,,,,0.0035631381012665004,0.004201266476662719,,0.002810402254995238,,,0.006510329416154728,,0.002810402254995238,,,,,0.0027817284433348096,,0.011607186468955585,,0.0041725926899484,,,,,,,,,,,,,,,,,,,,
2024-01-05,0.002199915403200796,,,0.000982883765279646,,,,0.015401549455765133,,,,0.001297695175347246,,,,,,,0.005347594646341949,0.05534529685142578,0.00702773193604244,,,,,,0.0093420281336875,0.0008837056971276696,0.010800667344093521,,0.0026288909017845455,0.035229452792832225,0.16769248283179916,0.04492788607742455,0.005774030214524789,0.019389822315480063,0.5556913826259828,,,,,,0.0015085910339880811,,0.0031169511272482863,,0.005878059799128764,0.006056606599096446,,,,,,,,,,,,,,,,,,,,,,,,,,,,,,0.0078516036238787,,,,,,0.003491775200797815,0.004045070298681281,,0.002687943602463023,,,0.006224793053531464,,0.002687943602463023,,,,,0.0027142533924363653,,0.011033070545506332,,0.004071380115679575,,,,,,,,,,,,,,,,,,,,
2024-01-06,0.002183258754666844,,,0.000989002333005388,,,,0.015226440057934516,,,,0.0012685853623594801,,,,,,,0.005100500990617197,0.05302057170774783,0.006835444975877158,,,,,,0.00877596384574032,0.0008821951826878749,0.010633079858962379,,0.0027244662681671873,0.03318202299609155,0.16165351968569058,0.04333887699370578,0.00545381978736255,0.018863056107268926,0.570550383379062,,,,,,0.0014957871244404876,,0.0032278672248745545,,0.006223571234537884,0.00641585240373385,,,,,,,,,,,,,,,,,,,,,,,,,,,,,,0.007828610949218233,,,,,,0.0034204123003291295,0.0038888741206998417,,0.0025654849499308083,,,0.0059392566909082,,0.0025654849499308083,,,,,0.002646778341537921,,0.010458954622057079,,0.00397016754141075,,,,,,,,,,,,,,,,,,,,
2024-01-07,0.0021666021061328934,,,0.0009951209007311298,,,,0.015051330660103897,,,,0.0012394755493717134,,,,,,,0.004853407334892443,0.05069584656406988,0.006643158015711875,,,,,,0.00820989955779314,0.0008806846682480803,0.010465492373831237,,0.002820041634549829,0.03113459319935087,0.15561455653958195,0.04174986790998701,0.0051336093602003105,0.018336289899057792,0.5854093841321412,,,,,,0.0014829832148928936,,0.0033387833225008226,,0.0065690826699470045,0.006775098208371253,,,,,,,,,,,,,,,,,,,,,,,,,,,,,,0.0078056182745577666,,,,,,0.003349049399860444,0.0037326779427184027,,0.0024430262973985937,,,0.005653720328284936,,0.0024430262973985937,,,,,0.0025793032906394767,,0.009884838698607824,,0.003868954967141925,,,,,,,,,,,,,,,,,,,,
2024-01-08,0.0021499454575989426,,,0.001001239468456872,,,,0.014876221262273278,,,,0.0012103657363839466,,,,,,,0.004606313679167691,0.04837112142039192,0.006450871055546592,,,,,,0.00764383526984596,0.0008791741538082857,0.010297904888700096,,0.0029156170009324712,0.029087163402610194,0.14957559339347337,0.04016085882626824,0.004813398933038071,0.01780952369084666,0.6002683848852203,,,,,,0.0014701793053452999,,0.0034496994201270908,,0.0069145941053561245,0.007134344013008657,,,,,,,,,,,,,,,,,,,,,,,,,,,,,,0.007782625599897299,,,,,,0.0032776864993917586,0.003576481764736964,,0.0023205676448663786,,,0.005368183965661672,,0.0023205676448663786,,,,,0.0025118282397410324,,0.009310722775158571,,0.0037677423928731,,,,,,,,,,,,,,,,,,,,
2024-01-09,0.0021332888090649918,,,0.0010073580361826138,,,,0.01470111186444266,,,,0.0011812559233961807,,,,,,,0.004359220023442938,0.04604639627671396,0.00625858409538131,,,,,,0.00707777098189878,0.0008776636393684911,0.010130317403568954,,0.0030111923673151134,0.027039733605869518,0.14353663024736474,0.03857184974254947,0.004493188505875832,0.01728275748263552,0.6151273856382995,,,,,,0.0014573753957977061,,0.003560615517753359,,0.007260105540765244,0.00749358981764606,,,,,,,,,,,,,,,,,,,,,,,,,,,,,,0.007759632925236831,,,,,,0.003206323598923073,0.0034202855867555256,,0.0021981089923341635,,,0.0050826476030384074,,0.0021981089923341635,,,,,0.002444353188842588,,0.008736606851709319,,0.003666529818604275,,,,,,,,,,,,,,,,,,,,
2024-01-10,0.00211663216053104,,,0.001013476603908356,,,,0.01452600246661204,,,,0.001152146110408414,,,,,,,0.0041121263677181856,0.04372167113303601,0.006066297135216028,,,,,,0.0065117066939516,0.0008761531249286965,0.009962729918437812,,0.003106767733697755,0.02499230380912884,0.13749766710125616,0.036982840658830694,0.004172978078713593,0.016755991274424384,0.6299863863913786,,,,,,0.0014445714862501124,,0.003671531615379627,,0.007605616976174365,0.007852835622283463,,,,,,,,,,,,,,,,,,,,,,,,,,,,,,0.007736640250576365,,,,,,0.0031349606984543876,0.0032640894087740866,,0.002075650339801949,,,0.004797111240415143,,0.002075650339801949,,,,,0.0023768781379441438,,0.008162490928260064,,0.00356531724433545,,,,,,,,,,,,,,,,,,,,
2024-01-11,0.0020999755119970893,,,0.0010195951716340979,,,,0.014350893068781423,,,,0.001123036297420648,,,,,,,0.003865032711993432,0.04139694598935806,0.005874010175050744,,,,,,0.00594564240600442,0.0008746426104889017,0.009795142433306672,,0.003202343100080397,0.022944874012388157,0.13145870395514753,0.035393831575111924,0.0038527676515513537,0.01622922506621325,0.6448453871444577,,,,,,0.0014317675767025187,,0.003782447713005895,,0.007951128411583484,0.008212081426920866,,,,,,,,,,,,,,,,,,,,,,,,,,,,,,0.007713647575915897,,,,,,0.003063597797985702,0.003107893230792648,,0.0019531916872697337,,,0.004511574877791879,,0.0019531916872697337,,,,,0.002309403087045699,,0.007588375004810811,,0.003464104670066625,,,,,,,,,,,,,,,,,,,,
2024-01-12,0.0020833188634631385,,,0.00102571373935984,,,,0.014175783670950804,,,,0.0010939264844328812,,,,,,,0.0036179390562686795,0.0390722208456801,0.0056817232148854615,,,,,,0.0053795781180572405,0.0008731320960491071,0.009627554948175531,,0.003297918466463039,0.02089744421564748,0.12541974080903895,0.033804822491393154,0.0035325572243891145,0.015702458858002116,0.6597043878975368,,,,,,0.001418963667154925,,0.0038933638106321633,,0.008296639846992606,0.008571327231558271,,,,,,,,,,,,,,,,,,,,,,,,,,,,,,0.0076906549012554296,,,,,,0.0029922348975170167,0.002951697052811209,,0.001830733034737519,,,0.004226038515168615,,0.001830733034737519,,,,,0.0022419280361472547,,0.007014259081361558,,0.0033628920957978,,,,,,,,,,,,,,,,,,,,
2024-01-13,0.002066662214929187,,,0.001031832307085582,,,,0.014000674273120186,,,,0.0010648166714451145,,,,,,,0.003370845400543927,0.03674749570200214,0.005489436254720179,,,,,,0.004813513830110059,0.0008716215816093125,0.009459967463044389,,0.003393493832845681,0.018850014418906803,0.11938077766293034,0.03221581340767438,0.0032123467972268753,0.015175692649790979,0.6745633886506159,,,,,,0.0014061597576073312,,0.0040042799082584315,,0.008642151282401726,0.008930573036195674,,,,,,,,,,,,,,,,,,,,,,,,,,,,,,0.007667662226594963,,,,,,0.0029208719970483313,0.0027955008748297705,,0.001708274382205304,,,0.003940502152545351,,0.001708274382205304,,,,,0.0021744529852488104,,0.006440143157912304,,0.003261679521528975,,,,,,,,,,,,,,,,,,,,
2024-01-14,0.002050005566395236,,,0.0010379508748113238,,,,0.013825564875289569,,,,0.0010357068584573486,,,,,,,0.0031237517448191744,0.03442277055832419,0.005297149294554896,,,,,,0.004247449542162879,0.0008701110671695178,0.009292379977913247,,0.003489069199228323,0.016802584622166127,0.11334181451682174,0.030626804323955613,0.002892136370064636,0.014648926441579843,0.6894223894036952,,,,,,0.0013933558480597374,,0.0041151960058847,,0.008987662717810846,0.009289818840833079,,,,,,,,,,,,,,,,,,,,,,,,,,,,,,0.007644669551934495,,,,,,0.0028495090965796463,0.002639304696848332,,0.0015858157296730893,,,0.0036549657899220865,,0.0015858157296730893,,,,,0.002106977934350366,,0.005866027234463051,,0.00316046694726015,,,,,,,,,,,,,,,,,,,,
2024-01-15,0.002033348917861285,,,0.001044069442537066,,,,0.01365045547745895,,,,0.0010065970454695818,,,,,,,0.0028766580890944218,0.03209804541464624,0.005104862334389613,,,,,,0.0036813852542156994,0.0008686005527297232,0.009124792492782106,,0.003584644565610965,0.01475515482542545,0.10730285137071313,0.029037795240236836,0.002571925942902397,0.014122160233368708,0.7042813901567744,,,,,,0.0013805519385121437,,0.004226112103510968,,0.009333174153219966,0.009649064645470481,,,,,,,,,,,,,,,,,,,,,,,,,,,,,,0.007621676877274028,,,,,,0.0027781461961109604,0.002483108518866893,,0.0014633570771408742,,,0.0033694294272988224,,0.0014633570771408742,,,,,0.0020395028834519218,,0.005291911311013798,,0.003059254372991325,,,,,,,,,,,,,,,,,,,,
2024-01-16,0.0020166922693273335,,,0.0010501880102628078,,,,0.01347534607962833,,,,0.000977487232481815,,,,,,,0.002629564433369669,0.02977332027096828,0.004912575374224331,,,,,,0.0031153209662685196,0.0008670900382899286,0.008957205007650964,,0.0036802199319936066,0.012707725028684773,0.10126388822460453,0.027448786156518065,0.002251715515740157,0.013595394025157574,0.7191403909098535,,,,,,0.00136774802896455,,0.004337028201137236,,0.009678685588629086,0.010008310450107884,,,,,,,,,,,,,,,,,,,,,,,,,,,,,,0.007598684202613561,,,,,,0.0027067832956422753,0.0023269123408854544,,0.001340898424608659,,,0.0030838930646755573,,0.001340898424608659,,,,,0.0019720278325534774,,0.004717795387564543,,0.0029580417987225003,,,,,,,,,,,,,,,,,,,,
2024-01-17,0.0020000356207933827,,,0.00105630657798855,,,,0.013300236681797712,,,,0.0009483774194940491,,,,,,,0.0023824707776449157,0.027448595127290323,0.004720288414059048,,,,,,0.00254925667832134,0.000865579523850134,0.008789617522519822,,0.003775795298376249,0.010660295231944089,0.09522492507849592,0.025859777072799295,0.0019315050885779176,0.013068627816946439,0.7339993916629326,,,,,,0.0013549441194169562,,0.004447944298763504,,0.010024197024038208,0.010367556254745289,,,,,,,,,,,,,,,,,,,,,,,,,,,,,,0.007575691527953093,,,,,,0.0026354203951735895,0.002170716162904016,,0.0012184397720764444,,,0.002798356702052293,,0.0012184397720764444,,,,,0.001904552781655033,,0.00414367946411529,,0.0028568292244536752,,,,,,,,,,,,,,,,,,,,
2024-01-18,0.001983378972259432,,,0.0010624251457142918,,,,0.013125127283967093,,,,0.0009192676065062824,,,,,,,0.002135377121920163,0.025123869983612372,0.004528001453893766,,,,,,0.00198319239037416,0.0008640690094103393,0.008622030037388682,,0.0038713706647588906,0.008612865435203412,0.08918596193238731,0.024270767989080524,0.0016112946614156784,0.012541861608735303,0.7488583924160117,,,,,,0.0013421402098693625,,0.004558860396389772,,0.010369708459447327,0.010726802059382692,,,,,,,,,,,,,,,,,,,,,,,,,,,,,,0.007552698853292626,,,,,,0.0025640574947049044,0.002014519984922577,,0.0010959811195442293,,,0.002512820339429029,,0.0010959811195442293,,,,,0.0018370777307565886,,0.0035695635406660375,,0.00275561665018485,,,,,,,,,,,,,,,,,,,,
2024-01-19,0.001966722323725481,,,0.001068543713440034,,,,0.012950017886136476,,,,0.0008901577935185156,,,,,,,0.0018882834661954105,0.02279914483993442,0.004335714493728483,,,,,,0.0014171281024269802,0.0008625584949705446,0.008454442552257541,,0.003966946031141533,0.0065654356384627355,0.08314699878627871,0.022681758905361754,0.0012910842342534392,0.012015095400524168,0.7637173931690908,,,,,,0.0013293363003217687,,0.00466977649401604,,0.010715219894856447,0.011086047864020095,,,,,,,,,,,,,,,,,,,,,,,,,,,,,,0.007529706178632159,,,,,,0.0024926945942362186,0.0018583238069411383,,0.0009735224670120147,,,0.002227283976805765,,0.0009735224670120147,,,,,0.0017696026798581443,,0.0029954476172167847,,0.002654404075916025,,,,,,,,,,,,,,,,,,,,
2024-01-20,0.0019500656751915294,,,0.0010746622811657759,,,,0.012774908488305857,,,,0.00086104798053075,,,,,,,0.0016411898104706582,0.020474419696256466,0.0041434275335632,,,,,,0.0008510638144798,0.00086104798053075,0.0082868550671264,,0.0040625213975241745,0.00451800584172205,0.0771080356401701,0.021092749821642984,0.0009708738070912,0.011488329192313032,0.77857639392217,,0.00086104798053075,0.002450251321230683,0.00086104798053075,,0.001316532390774175,,0.0047806925916423085,,0.011060731330265567,0.0114452936686575,,,,,,,,,,,,,,,0.0009708738070912,,,,,,,,,,,,,,,0.0075067135039716916,,,,,,0.0024213316937675335,0.0017021276289597,,0.0008510638144798,,,0.0019417476141825,,0.0008510638144798,,,,,0.0017021276289597,,0.0024213316937675335,,0.0025531915016472,,0.00086104798053075,,,,,,,,,,,,,,,,,,
2024-01-21,0.0019334090266575786,,,0.0010807808488915178,,,,0.012360326029357474,,,,0.0008780289091741267,,,,,,,0.0016232106813199945,0.01982210325409786,0.004036082771444945,,,,,,,,0.008271788989077268,,0.003958066140264457,0.004478552867809585,0.07495706278409447,0.020543342985634063,0.0010151125752599268,0.011406930189834706,0.7801518436698687,,0.00088653795603858,0.0030622035781215163,0.0009227967339461923,,0.0014317547557722548,,0.005162480215187198,,0.011711727761264326,0.012874176908683522,,,,,,,,,,,,,,,0.0009768345352040883,,,,,,,,,,,,,,,0.0074425222507367465,,,,,,0.0024270173081666294,,,,,,0.0019536690704082733,,0.0008761295407782613,,,,,0.00168300162927368,,0.002387844115998725,,,,0.000936273375243291,,,,,,,,,,,,,,,,,,
2024-01-22,0.0019167523781236278,,,0.00108689941661726,,,,0.011945743570409091,,,,0.0008950098378175033,,,,,,,0.0016052315521693306,0.019169786811939257,0.003928738009326691,,,,,,,,0.008256722911028138,,0.0038536108830047387,0.004439099893897119,0.07280608992801883,0.019993936149625142,0.0010593513434286536,0.01132553118735638,0.7817272934175673,,0.0009120279315464099,0.0036741558350123493,0.0009845454873616344,,0.0015469771207703344,,0.005544267838732086,,0.012362724192263082,0.014303060148709542,,,,,,,,,,,,,,,0.0009827952633169766,,,,,,,,,,,,,,,0.007378330997501801,,,,,,0.0024327029225657253,,,,,,0.001965590526634047,,0.0009011952670767226,,,,,0.0016638756295876602,,0.002354356538229917,,,,0.0010114987699558322,,,,,,,,,,,,,,,,,,
2024-01-23,0.001900095729589676,,,0.0010930179843430018,,,,0.01153116111146071,,,,0.00091199076646088,,,,,,,0.001587252423018667,0.018517470369780655,0.003821393247208436,,,,,,,,0.008241656832979007,,0.0037491556257450206,0.004399646919984654,0.0706551170719432,0.019444529313616225,0.0011035901115973804,0.011244132184878054,0.7833027431652659,,0.0009375179070542399,0.004286108091903183,0.0010462942407770768,,0.0016621994857684143,,0.005926055462276975,,0.013013720623261841,0.015731943388735563,,,,,,,,,,,,,,,0.0009887559914298649,,,,,,,,,,,,,,,0.0073141397442668555,,,,,,0.0024383885369648212,,,,,,0.00197751198285982,,0.0009262609933751839,,,,,0.0016447496299016402,,0.0023208689604611085,,,,0.0010867241646683732,,,,,,,,,,,,,,,,,,
2024-01-24,0.0018834390810557253,,,0.001099136552068744,,,,0.011116578652512327,,,,0.0009289716951042566,,,,,,,0.0015692732938680032,0.01786515392762205,0.0037140484850901813,,,,,,,,0.008226590754929876,,0.003644700368485303,0.0043601939460721885,0.06850414421586756,0.018895122477607305,0.0011478288797661072,0.011162733182399728,0.7848781929129647,,0.0009630078825620699,0.0048980603487940155,0.001108042994192519,,0.001777421850766494,,0.006307843085821863,,0.0136647170542606,0.017160826628761585,,,,,,,,,,,,,,,0.0009947167195427532,,,,,,,,,,,,,,,0.00724994849103191,,,,,,0.0024440741513639167,,,,,,0.0019894334390855935,,0.0009513267196736453,,,,,0.0016256236302156202,,0.0022873813826923004,,,,0.0011619495593809142,,,,,,,,,,,,,,,,,,
2024-01-25,0.0018667824325217745,,,0.0011052551197944858,,,,0.010701996193563944,,,,0.0009459526237476333,,,,,,,0.0015512941647173393,0.017212837485463445,0.003606703722971927,,,,,,,,0.008211524676880745,,0.003540245111225585,0.0043207409721597225,0.06635317135979193,0.018345715641598384,0.001192067647934834,0.011081334179921402,0.7864536426606633,,0.0009884978580699,0.005510012605684849,0.0011697917476079613,,0.001892644215764574,,0.006689630709366752,,0.014315713485259358,0.018589709868787607,,,,,,,,,,,,,,,0.0010006774476556417,,,,,,,,,,,,,,,0.007185757237796965,,,,,,0.0024497597657630126,,,,,,0.002001354895311367,,0.0009763924459721065,,,,,0.0016064976305296002,,0.002253893804923492,,,,0.0012371749540934555,,,,,,,,,,,,,,,,,,
2024-01-26,0.0018501257839878228,,,0.001111373687520228,,,,0.010287413734615562,,,,0.0009629335523910099,,,,,,,0.0015333150355666756,0.01656052104330484,0.0034993589608536724,,,,,,,,0.008196458598831615,,0.003435789853965867,0.004281287998247257,0.06420219850371629,0.017796308805589463,0.0012363064161035608,0.010999935177443076,0.7880290924083619,,0.00101398783357773,0.0061219648625756825,0.0012315405010234035,,0.0020078665807626538,,0.00707141833291164,,0.014966709916258114,0.02001859310881363,,,,,,,,,,,,,,,0.00100663817576853,,,,,,,,,,,,,,,0.00712156598456202,,,,,,0.0024554453801621085,,,,,,0.00201327635153714,,0.0010014581722705678,,,,,0.0015873716308435802,,0.0022204062271546834,,,,0.0013124003488059963,,,,,,,,,,,,,,,,,,
2024-01-27,0.001833469135453872,,,0.0011174922552459699,,,,0.009872831275667179,,,,0.0009799144810343865,,,,,,,0.0015153359064160117,0.01590820460114624,0.003392014198735418,,,,,,,,0.008181392520782486,,0.003331334596706149,0.004241835024334792,0.062051225647640665,0.017246901969580543,0.0012805451842722877,0.01091853617496475,0.7896045421560606,,0.0010394778090855599,0.0067339171194665155,0.0012932892544388458,,0.002123088945760733,,0.0074532059564565295,,0.015617706347256873,0.02144747634883965,,,,,,,,,,,,,,,0.0010125989038814183,,,,,,,,,,,,,,,0.007057374731327075,,,,,,0.0024611309945612044,,,,,,0.0020251978077629137,,0.0010265238985690292,,,,,0.0015682456311575605,,0.0021869186493858753,,,,0.0013876257435185375,,,,,,,,,,,,,,,,,,
2024-01-28,0.0018168124869199212,,,0.0011236108229717118,,,,0.009458248816718796,,,,0.0009968954096777633,,,,,,,0.001497356777265348,0.015255888158987634,0.0032846694366171635,,,,,,,,0.008166326442733355,,0.0032268793394464312,0.004202382050422326,0.05990025279156502,0.016697495133571626,0.0013247839524410145,0.010837137172486426,0.7911799919037592,,0.0010649677845933898,0.007345869376357349,0.001355038007854288,,0.002238311310758813,,0.007834993580001419,,0.01626870277825563,0.02287635958886567,,,,,,,,,,,,,,,0.0010185596319943065,,,,,,,,,,,,,,,0.006993183478092129,,,,,,0.0024668166089603003,,,,,,0.0020371192639886872,,0.0010515896248674906,,,,,0.0015491196314715405,,0.002153431071617067,,,,0.0014628511382310785,,,,,,,,,,,,,,,,,,
2024-01-29,0.0018001558383859695,,,0.0011297293906974539,,,,0.009043666357770413,,,,0.00101387633832114,,,,,,,0.0014793776481146844,0.01460357171682903,0.0031773246744989086,,,,,,,,0.008151260364684224,,0.0031224240821867135,0.004162929076509861,0.057749279935489395,0.016148088297562705,0.0013690227206097413,0.0107557381700081,0.7927554416514578,,0.0010904577601012198,0.007957821633248182,0.0014167867612697302,,0.002353533675756893,,0.008216781203546308,,0.016919699209254388,0.024305242828891696,,,,,,,,,,,,,,,0.0010245203601071948,,,,,,,,,,,,,,,0.006928992224857184,,,,,,0.002472502223359396,,,,,,0.0020490407202144604,,0.001076655351165952,,,,,0.0015299936317855205,,0.0021199434938482583,,,,0.0015380765329436196,,,,,,,,,,,,,,,,,,
2024-01-30,0.0017834991898520187,,,0.0011358479584231958,,,,0.00862908389882203,,,,0.0010308572669645165,,,,,,,0.0014613985189640204,0.013951255274670425,0.003069979912380654,,,,,,,,0.008136194286635094,,0.0030179688249269954,0.004123476102597396,0.05559830707941375,0.015598681461553784,0.001413261488778468,0.010674339167529774,0.7943308913991565,,0.0011159477356090497,0.008569773890139014,0.0014785355146851725,,0.0024687560407549726,,0.008598568827091195,,0.017570695640253146,0.025734126068917715,,,,,,,,,,,,,,,0.0010304810882200831,,,,,,,,,,,,,,,0.006864800971622239,,,,,,0.0024781878377584917,,,,,,0.002060962176440234,,0.001101721077464413,,,,,0.0015108676320995007,,0.0020864559160794502,,,,0.0016133019276561608,,,,,,,,,,,,,,,,,,
2024-01-31,0.0017668425413180679,,,0.001141966526148938,,,,0.008214501439873647,,,,0.001047838195607893,,,,,,,0.0014434193898133568,0.013298938832511821,0.0029626351502623997,,,,,,,,0.008121128208585963,,0.0029135135676672773,0.00408402312868493,0.053447334223338125,0.015049274625544864,0.0014575002569471947,0.010592940165051449,0.7959063411468552,,0.0011414377111168797,0.009181726147029848,0.001540284268100615,,0.0025839784057530525,,0.008980356450636084,,0.018221692071251905,0.027163009308943737,,,,,,,,,,,,,,,0.0010364418163329714,,,,,,,,,,,,,,,0.006800609718387294,,,,,,0.0024838734521575876,,,,,,0.002072883632666007,,0.0011267868037628745,,,,,0.0014917416324134807,,0.0020529683383106417,,,,0.0016885273223687016,,,,,,,,,,,,,,,,,,
2024-02-01,0.001750185892784117,,,0.0011480850938746798,,,,0.007799918980925266,,,,0.00106481912425127,,,,,,,0.001425440260662693,0.012646622390353216,0.002855290388144145,,,,,,,,0.008106062130536832,,0.0028090583104075596,0.004044570154772465,0.05129636136726249,0.014499867789535943,0.0015017390251159215,0.010511541162573123,0.7974817908945538,,0.0011669276866247097,0.009793678403920682,0.0016020330215160568,,0.002699200770751132,,0.009362144074180973,,0.018872688502250663,0.02859189254896976,,,,,,,,,,,,,,,0.0010424025444458597,,,,,,,,,,,,,,,0.006736418465152348,,,,,,0.0024895590665566835,,,,,,0.0020848050888917806,,0.0011518525300613356,,,,,0.0014726156327274607,,0.0020194807605418332,,,,0.0017637527170812429,,,,,,,,,,,,,,,,,,
2024-02-02,0.0017335292442501654,,,0.001154203661600422,,,,0.007385336521976883,,,,0.0010818000528946465,,,,,,,0.0014074611315120292,0.011994305948194613,0.0027479456260258908,,,,,,,,0.008090996052487701,,0.002704603053147842,0.00400511718086,0.049145388511186855,0.013950460953527024,0.0015459777932846483,0.010430142160094797,0.7990572406422525,,0.0011924176621325396,0.010405630660811514,0.0016637817749314992,,0.002814423135749212,,0.00974393169772586,,0.01952368493324942,0.03002077578899578,,,,,,,,,,,,,,,0.001048363272558748,,,,,,,,,,,,,,,0.006672227211917403,,,,,,0.0024952446809557794,,,,,,0.002096726545117554,,0.001176918256359797,,,,,0.0014534896330414407,,0.001985993182773025,,,,0.0018389781117937837,,,,,,,,,,,,,,,,,,
2024-02-03,0.0017168725957162146,,,0.0011603222293261638,,,,0.0069707540630285,,,,0.001098780981538023,,,,,,,0.0013894820023613655,0.011341989506036008,0.0026406008639076363,,,,,,,,0.00807592997443857,,0.0026001477958881238,0.0039656642069475345,0.04699441565511122,0.013401054117518104,0.001590216561453375,0.01034874315761647,0.8006326903899511,,0.0012179076376403696,0.011017582917702348,0.0017255305283469416,,0.0029296455007472915,,0.010125719321270751,,0.02017468136424818,0.031449659029021804,,,,,,,,,,,,,,,0.0010543240006716365,,,,,,,,,,,,,,,0.006608035958682458,,,,,,0.0025009302953548753,,,,,,0.0021086480013433272,,0.0012019839826582584,,,,,0.0014343636333554208,,0.0019525056050042166,,,,0.001914203506506325,,,,,,,,,,,,,,,,,,
2024-02-04,0.0017002159471822638,,,0.0011664407970519057,,,,0.006556171604080118,,,,0.0011157619101813997,,,,,,,0.0013715028732107018,0.010689673063877405,0.002533256101789382,,,,,,,,0.00806086389638944,,0.0024956925386284056,0.0039262112330350684,0.044843442799035585,0.012851647281509185,0.001634455329622102,0.010267344155138145,0.8022081401376497,,0.0012433976131481996,0.01162953517459318,0.0017872792817623837,,0.0030448678657453714,,0.010507506944815639,,0.020825677795246935,0.03287854226904782,,,,,,,,,,,,,,,0.0010602847287845248,,,,,,,,,,,,,,,0.006543844705447513,,,,,,0.002506615909753971,,,,,,0.0021205694575691008,,0.0012270497089567197,,,,,0.001415237633669401,,0.0019190180272354084,,,,0.001989428901218866,,,,,,,,,,,,,,,,,,
2024-02-05,0.001683559298648312,,,0.0011725593647776479,,,,0.006141589145131735,,,,0.0011327428388247765,,,,,,,0.001353523744060038,0.0100373566217188,0.0024259113396711274,,,,,,,,0.008045797818340309,,0.002391237281368688,0.0038867582591226033,0.04269246994295995,0.012302240445500264,0.0016786940977908287,0.010185945152659819,0.8037835898853484,,0.0012688875886560295,0.012241487431484014,0.0018490280351778259,,0.003160090230743451,,0.010889294568360528,,0.021476674226245693,0.03430742550907384,,,,,,,,,,,,,,,0.001066245456897413,,,,,,,,,,,,,,,0.006479653452212568,,,,,,0.0025123015241530666,,,,,,0.002132490913794874,,0.0012521154352551811,,,,,0.001396111633983381,,0.0018855304494666,,,,0.002064654295931407,,,,,,,,,,,,,,,,,,
2024-02-06,0.0016669026501143613,,,0.0011786779325033898,,,,0.005727006686183352,,,,0.0011497237674681531,,,,,,,0.0013355446149093742,0.009385040179560196,0.002318566577552873,,,,,,,,0.008030731740291178,,0.0022867820241089703,0.0038473052852101377,0.040541497086884315,0.011752833609491344,0.0017229328659595555,0.010104546150181493,0.805359039633047,,0.0012943775641638595,0.012853439688374848,0.0019107767885932683,,0.0032753125957415306,,0.011271082191905417,,0.022127670657244452,0.03573630874909987,,,,,,,,,,,,,,,0.0010722061850103014,,,,,,,,,,,,,,,0.006415462198977622,,,,,,0.0025179871385521625,,,,,,0.0021444123700206474,,0.0012771811615536423,,,,,0.001376985634297361,,0.0018520428716977918,,,,0.002139879690643948,,,,,,,,,,,,,,,,,,
2024-02-07,0.0016502460015804105,,,0.0011847965002291319,,,,0.00531242422723497,,,,0.0011667046961115297,,,,,,,0.0013175654857587103,0.008732723737401592,0.002211221815434618,,,,,,,,0.008015665662242048,,0.002182326766849252,0.003807852311297672,0.03839052423080868,0.011203426773482425,0.0017671716341282823,0.010023147147703167,0.8069344893807457,,0.0013198675396716895,0.01346539194526568,0.0019725255420087106,,0.003390534960739611,,0.011652869815450304,,0.022778667088243207,0.03716519198912589,,,,,,,,,,,,,,,0.0010781669131231897,,,,,,,,,,,,,,,0.006351270945742677,,,,,,0.0025236727529512584,,,,,,0.002156333826246421,,0.0013022468878521036,,,,,0.0013578596346113412,,0.0018185552939289835,,,,0.002215105085356489,,,,,,,,,,,,,,,,,,
2024-02-08,0.0016335893530464588,,,0.0011909150679548738,,,,0.004897841768286587,,,,0.0011836856247549065,,,,,,,0.0012995863566080466,0.008080407295242988,0.0021038770533163636,,,,,,,,0.008000599584192917,,0.002077871509589534,0.003768399337385207,0.036239551374733045,0.010654019937473504,0.0018114104022970091,0.009941748145224841,0.8085099391284444,,0.0013453575151795194,0.014077344202156514,0.0020342742954241526,,0.0035057573257376903,,0.012034657438995195,,0.023429663519241965,0.03859407522915191,,,,,,,,,,,,,,,0.001084127641236078,,,,,,,,,,,,,,,0.006287079692507732,,,,,,0.0025293583673503543,,,,,,0.002168255282472194,,0.001327312614150565,,,,,0.0013387336349253212,,0.001785067716160175,,,,0.0022903304800690302,,,,,,,,,,,,,,,,,,
2024-02-09,0.001616932704512508,,,0.001197033635680616,,,,0.004483259309338204,,,,0.0012006665533982831,,,,,,,0.001281607227457383,0.007428090853084384,0.001996532291198109,,,,,,,,0.007985533506143786,,0.0019734162523298163,0.0037289463634727414,0.03408857851865741,0.010104613101464585,0.001855649170465736,0.009860349142746515,0.810085388876143,,0.0013708474906873494,0.014689296459047346,0.002096023048839595,,0.0036209796907357705,,0.012416445062540082,,0.024080659950240724,0.04002295846917793,,,,,,,,,,,,,,,0.0010900883693489662,,,,,,,,,,,,,,,0.006222888439272786,,,,,,0.0025350439817494502,,,,,,0.0021801767386979676,,0.0013523783404490262,,,,,0.0013196076352393012,,0.0017515801383913667,,,,0.0023655558747815715,,,,,,,,,,,,,,,,,,
2024-02-10,0.0016002760559785572,,,0.0012031522034063578,,,,0.004068676850389821,,,,0.0012176474820416597,,,,,,,0.0012636280983067192,0.0067757744109257795,0.0018891875290798547,,,,,,,,0.007970467428094657,,0.0018689609950700986,0.003689493389560276,0.031937605662581775,0.009555206265455665,0.0018998879386344625,0.009778950140268191,0.8116608386238416,,0.0013963374661951793,0.01530124871593818,0.0021577718022550373,,0.00373620205573385,,0.01279823268608497,,0.024731656381239482,0.04145184170920395,,,,,,,,,,,,,,,0.0010960490974618545,,,,,,,,,,,,,,,0.006158697186037841,,,,,,0.002540729596148546,,,,,,0.002192098194923741,,0.0013774440667474875,,,,,0.0013004816355532813,,0.0017180925606225584,,,,0.0024407812694941123,,,,,,,,,,,,,,,,,,
2024-02-11,0.0015836194074446064,,,0.0012092707711320997,,,,0.0036540943914414384,,,,0.0012346284106850363,,,,,,,0.0012456489691560553,0.006123457968767176,0.0017818427669616002,,,,,,,,0.007955401350045526,,0.0017645057378103805,0.0036500404156478107,0.02978663280650614,0.009005799429446744,0.0019441267068031893,0.009697551137789865,0.8132362883715403,,0.0014218274417030093,0.015913200972829014,0.0022195205556704797,,0.00385142442073193,,0.01318002030962986,,0.02538265281223824,0.042880724949229974,,,,,,,,,,,,,,,0.0011020098255747428,,,,,,,,,,,,,,,0.006094505932802896,,,,,,0.0025464152105476416,,,,,,0.0022040196511495143,,0.001402509793045949,,,,,0.0012813556358672613,,0.00168460498285375,,,,0.0025160066642066535,,,,,,,,,,,,,,,,,,
2024-02-12,0.0015669627589106547,,,0.0012153893388578418,,,,0.003239511932493057,,,,0.001251609339328413,,,,,,,0.0012276698400053917,0.0054711415266085715,0.0016744980048433453,,,,,,,,0.007940335271996396,,0.0016600504805506624,0.003610587441735345,0.027635659950430505,0.008456392593437825,0.0019883654749719166,0.009616152135311539,0.8148117381192389,,0.0014473174172108393,0.016525153229719848,0.0022812693090859216,,0.00396664678573001,,0.013561807933174748,,0.026033649243237,0.04430960818925599,,,,,,,,,,,,,,,0.0011079705536876311,,,,,,,,,,,,,,,0.006030314679567951,,,,,,0.0025521008249467375,,,,,,0.002215941107375288,,0.0014275755193444103,,,,,0.0012622296361812415,,0.0016511174050849416,,,,0.0025912320589191943,,,,,,,,,,,,,,,,,,
2024-02-13,0.0015503061103767039,,,0.0012215079065835837,,,,0.0028249294735446743,,,,0.0012685902679717897,,,,,,,0.0012096907108547278,0.004818825084449967,0.0015671532427250908,,,,,,,,0.007925269193947265,,0.0015555952232909447,0.0035711344678228795,0.025484687094354877,0.007906985757428904,0.002032604243140643,0.009534753132833213,0.8163871878669375,,0.0014728073927186692,0.017137105486610682,0.002343018062501364,,0.004081869150728089,,0.013943595556719639,,0.026684645674235757,0.04573849142928202,,,,,,,,,,,,,,,0.0011139312818005194,,,,,,,,,,,,,,,0.005966123426333006,,,,,,0.0025577864393458334,,,,,,0.0022278625636010614,,0.0014526412456428715,,,,,0.0012431036364952215,,0.0016176298273161333,,,,0.0026664574536317356,,,,,,,,,,,,,,,,,,
2024-02-14,0.001533649461842753,,,0.0012276264743093259,,,,0.0024103470145962914,,,,0.0012855711966151663,,,,,,,0.001191711581704064,0.004166508642291362,0.0014598084806068364,,,,,,,,0.007910203115898134,,0.001451139966031227,0.0035316814939104144,0.023333714238279242,0.007357578921419984,0.0020768430113093698,0.009453354130354887,0.8179626376146363,,0.0014982973682264992,0.017749057743501512,0.0024047668159168064,,0.004197091515726169,,0.014325383180264526,,0.027335642105234516,0.04716737466930804,,,,,,,,,,,,,,,0.001119892009913408,,,,,,,,,,,,,,,0.0059019321730980605,,,,,,0.0025634720537449293,,,,,,0.0022397840198268345,,0.0014777069719413328,,,,,0.0012239776368092015,,0.001584142249547325,,,,0.002741682848344277,,,,,,,,,,,,,,,,,,
2024-02-15,0.0015169928133088014,,,0.0012337450420350678,,,,0.0019957645556479085,,,,0.001302552125258543,,,,,,,0.0011737324525534004,0.0035141922001327604,0.001352463718488582,,,,,,,,0.007895137037849003,,0.0013466847087715088,0.003492228519997949,0.021182741382203607,0.006808172085411065,0.0021210817794780966,0.009371955127876561,0.8195380873623349,,0.0015237873437343292,0.018361010000392343,0.0024665155693322483,,0.004312313880724249,,0.014707170803809413,,0.027986638536233274,0.04859625790933406,,,,,,,,,,,,,,,0.0011258527380262962,,,,,,,,,,,,,,,0.005837740919863115,,,,,,0.002569157668144025,,,,,,0.002251705476052608,,0.001502772698239794,,,,,0.0012048516371231817,,0.0015506546717785168,,,,0.0028169082430568176,,,,,,,,,,,,,,,,,,
2024-02-16,0.0015003361647748506,,,0.0012398636097608099,,,,0.0015811820966995255,,,,0.0013195330539019197,,,,,,,0.0011557533234027365,0.0028618757579741555,0.0012451189563703275,,,,,,,,0.007880070959799873,,0.0012422294515117907,0.003452775546085483,0.019031768526127972,0.006258765249402144,0.0021653205476468234,0.009290556125398235,0.8211135371100335,,0.0015492773192421591,0.018972962257283177,0.0025282643227476907,,0.004427536245722329,,0.015088958427354304,,0.028637634967232033,0.05002514114936008,,,,,,,,,,,,,,,0.0011318134661391845,,,,,,,,,,,,,,,0.0057735496666281695,,,,,,0.002574843282543121,,,,,,0.002263626932278381,,0.0015278384245382554,,,,,0.0011857256374371618,,0.0015171670940097083,,,,0.002892133637769359,,,,,,,,,,,,,,,,,,
2024-02-17,0.0014836795162409,,,0.0012459821774865518,,,,0.0011665996377511418,,,,0.0013365139825452963,,,,,,,0.0011377741942520728,0.00220955931581555,0.0011377741942520728,,,,,,,,0.007865004881750742,,0.0011377741942520728,0.003413322572173018,0.01688079567005234,0.0057093584133932245,0.00220955931581555,0.00920915712291991,0.8226889868577322,0.0029673590324819,0.001574767294749989,0.019584914514174014,0.002590013076163133,,0.004542758610720408,,0.015470746050899193,0.0014836795162409,0.029288631398230788,0.0514540243893861,,,,,,,,,,0.0011665996377511418,,0.0012902395974378918,,,0.0011377741942520728,,,,,,,,,,,,,,,0.0057093584133932245,,,,,,0.002580528896942217,,,,,,0.0022755483885041547,,0.0015529041508367167,,,,,0.0011665996377511418,,0.0014836795162409,,,,0.0029673590324819,,,,,,,,,,,,,,,,,,
2024-02-18,0.0015095304448290035,,,0.0012521007452122937,,,,0.001203887338176285,,,,0.001353494911188673,,,,,,,,0.002211173071936196,,,,,,,,,0.007849938803701611,,,,0.016583708572267923,0.005663356702175981,,0.009038162600648141,0.8191403051217397,0.003014281155109128,0.001600257270257819,0.01996514873046955,0.0026517618295785754,,0.004533416462696261,,0.0161050583452119,0.0015095304448290035,0.03058852760365144,0.05223298824525298,,,,,,,,,,0.0014470417202877013,,0.0013231115850170798,,,0.0011495437733859137,,,,,,,,,,,,,,,0.0057076127781155,,,,,,0.0025862145113413125,,,,,,,,0.001577969877135178,,,,,,,0.001509642935291409,,,,0.003014281155109128,,,,,,,,,,,,,,,,,,
2024-02-19,0.001535381373417107,,,0.0012582193129380358,,,,0.0012411750386014284,,,,0.0013704758398320497,,,,,,,,0.002212786828056842,,,,,,,,,0.00783487272565248,,,,0.016286621474483506,0.005617354990958737,,0.008867168078376373,0.8155916233857473,0.0030612032777363554,0.001625747245765649,0.02034538294676509,0.0027135105829940174,,0.004524074314672113,,0.016739370639524607,0.001535381373417107,0.031888423809072086,0.05301195210111985,,,,,,,,,,0.0017274838028242608,,0.0013559835725962678,,,0.0011613133525197547,,,,,,,,,,,,,,,0.0057058671428377745,,,,,,0.0025919001257404084,,,,,,,,0.0016030356034336395,,,,,,,0.0015356063543419181,,,,0.0030612032777363554,,,,,,,,,,,,,,,,,,
2024-02-20,0.0015612323020052106,,,0.0012643378806637777,,,,0.0012784627390265717,,,,0.001387456768475426,,,,,,,,0.0022144005841774877,,,,,,,,,0.00781980664760335,,,,0.01598953437669909,0.005571353279741493,,0.008696173556104605,0.8120429416497549,0.003108125400363583,0.001651237221273479,0.020725617163060626,0.0027752593364094597,,0.004514732166647966,,0.017373682933837314,0.0015612323020052106,0.033188320014492734,0.05379091595698673,,,,,,,,,,0.00200792588536082,,0.0013888555601754558,,,0.0011730829316535956,,,,,,,,,,,,,,,0.00570412150756005,,,,,,0.0025975857401395043,,,,,,,,0.0016281013297321009,,,,,,,0.0015615697733924272,,,,0.003108125400363583,,,,,,,,,,,,,,,,,,
2024-02-21,0.0015870832305933142,,,0.0012704564483895198,,,,0.0013157504394517151,,,,0.001404437697118803,,,,,,,,0.0022160143402981335,,,,,,,,,0.00780474056955422,,,,0.01569244727891467,0.00552535156852425,,0.008525179033832837,0.8084942599137624,0.003155047522990811,0.001676727196781309,0.021105851379356166,0.002837008089824902,,0.0045053900186238175,,0.018007995228150022,0.0015870832305933142,0.03448821621991339,0.0545698798128536,,,,,,,,,,0.00228836796789738,,0.0014217275477546437,,,0.0011848525107874363,,,,,,,,,,,,,,,0.0057023758722823245,,,,,,0.0026032713545386,,,,,,,,0.001653167056030562,,,,,,,0.0015875331924429363,,,,0.003155047522990811,,,,,,,,,,,,,,,,,,
2024-02-22,0.001612934159181418,,,0.0012765750161152617,,,,0.0013530381398768583,,,,0.0014214186257621797,,,,,,,,0.0022176280964187793,,,,,,,,,0.007789674491505089,,,,0.015395360181130253,0.0054793498573070054,,0.008354184511561068,0.80494557817777,0.0032019696456180385,0.001702217172289139,0.021486085595651704,0.0028987568432403445,,0.00449604787059967,,0.01864230752246273,0.001612934159181418,0.035788112425334036,0.05534884366872048,,,,,,,,,,0.002568810050433939,,0.0014545995353338315,,,0.0011966220899212773,,,,,,,,,,,,,,,0.0057006302370046,,,,,,0.002608956968937696,,,,,,,,0.0016782327823290232,,,,,,,0.0016134966114934456,,,,0.0032019696456180385,,,,,,,,,,,,,,,,,,
2024-02-23,0.0016387850877695215,,,0.0012826935838410039,,,,0.0013903258403020018,,,,0.0014383995544055561,,,,,,,,0.002219241852539425,,,,,,,,,0.007774608413455958,,,,0.015098273083345836,0.005433348146089762,,0.0081831899892893,0.8013968964417776,0.0032488917682452663,0.0017277071477969689,0.02186631981194724,0.0029605055966557864,,0.0044867057225755225,,0.019276619816775437,0.0016387850877695215,0.03708800863075468,0.056127807524587355,,,,,,,,,,0.0028492521329704984,,0.0014874715229130195,,,0.0012083916690551182,,,,,,,,,,,,,,,0.0056988846017268745,,,,,,0.002614642583336792,,,,,,,,0.0017032985086274845,,,,,,,0.0016394600305439547,,,,0.0032488917682452663,,,,,,,,,,,,,,,,,,
2024-02-24,0.001664636016357625,,,0.0012888121515667458,,,,0.001427613540727145,,,,0.001455380483048933,,,,,,,,0.002220855608660071,,,,,,,,,0.007759542335406828,,,,0.014801185985561419,0.0053873464348725185,,0.008012195467017532,0.7978482147057852,0.0032958138908724937,0.0017531971233047988,0.022246554028242778,0.0030222543500712288,,0.004477363574551375,,0.019910932111088145,0.001664636016357625,0.03838790483617534,0.056906771380454226,,,,,,,,,,0.003129694215507058,,0.0015203435104922075,,,0.0012201612481889592,,,,,,,,,,,,,,,0.00569713896644915,,,,,,0.0026203281977358875,,,,,,,,0.001728364234925946,,,,,,,0.0016654234495944637,,,,0.0032958138908724937,,,,,,,,,,,,,,,,,,
2024-02-25,0.0016904869449457286,,,0.0012949307192924877,,,,0.0014649012411522885,,,,0.0014723614116923095,,,,,,,,0.002222469364780717,,,,,,,,,0.007744476257357697,,,,0.014504098887777001,0.005341344723655274,,0.007841200944745764,0.7942995329697927,0.0033427360134997215,0.0017786870988126288,0.022626788244538315,0.003084003103486671,,0.004468021426527228,,0.020545244405400852,0.0016904869449457286,0.039687801041595985,0.0576857352363211,,,,,,,,,,0.0034101362980436174,,0.0015532154980713955,,,0.0012319308273228001,,,,,,,,,,,,,,,0.0056953933311714245,,,,,,0.0026260138121349834,,,,,,,,0.0017534299612244073,,,,,,,0.0016913868686449728,,,,0.0033427360134997215,,,,,,,,,,,,,,,,,,
2024-02-26,0.0017163378735338321,,,0.0013010492870182298,,,,0.0015021889415774317,,,,0.0014893423403356861,,,,,,,,0.0022240831209013627,,,,,,,,,0.007729410179308567,,,,0.014207011789992584,0.005295343012438031,,0.007670206422473996,0.7907508512338003,0.0033896581361269494,0.0018041770743204588,0.023007022460833852,0.0031457518569021135,,0.00445867927850308,,0.02117955669971356,0.0017163378735338321,0.04098769724701663,0.058464699092187974,,,,,,,,,,0.0036905783805801767,,0.0015860874856505835,,,0.001243700406456641,,,,,,,,,,,,,,,0.0056936476958937,,,,,,0.0026316994265340793,,,,,,,,0.0017784956875228687,,,,,,,0.0017173502876954819,,,,0.0033896581361269494,,,,,,,,,,,,,,,,,,
2024-02-27,0.0017421888021219357,,,0.0013071678547439717,,,,0.001539476642002575,,,,0.001506323268979063,,,,,,,,0.0022256968770220085,,,,,,,,,0.007714344101259436,,,,0.013909924692208166,0.005249341301220787,,0.007499211900202227,0.7872021694978079,0.0034365802587541768,0.0018296670498282887,0.02338725667712939,0.0032075006103175555,,0.004449337130478933,,0.021813868994026268,0.0017421888021219357,0.04228759345243728,0.05924366294805485,,,,,,,,,,0.003971020463116736,,0.0016189594732297715,,,0.001255469985590482,,,,,,,,,,,,,,,0.0056919020606159745,,,,,,0.002637385040933175,,,,,,,,0.00180356141382133,,,,,,,0.001743313706745991,,,,0.0034365802587541768,,,,,,,,,,,,,,,,,,
2024-02-28,0.0017680397307100392,,,0.0013132864224697138,,,,0.0015767643424277184,,,,0.0015233041976224395,,,,,,,,0.0022273106331426543,,,,,,,,,0.007699278023210306,,,,0.013612837594423749,0.005203339590003544,,0.007328217377930459,0.7836534877618154,0.0034835023813814046,0.0018551570253361187,0.023767490893424927,0.003269249363732998,,0.004439994982454784,,0.022448181288338975,0.0017680397307100392,0.04358748965785793,0.06002262680392173,,,,,,,,,,0.004251462545653296,,0.0016518314608089594,,,0.0012672395647243227,,,,,,,,,,,,,,,0.00569015642533825,,,,,,0.002643070655332271,,,,,,,,0.0018286271401197912,,,,,,,0.0017692771257965,,,,0.0034835023813814046,,,,,,,,,,,,,,,,,,
2024-02-29,0.0017938906592981428,,,0.0013194049901954557,,,,0.0016140520428528616,,,,0.0015402851262658161,,,,,,,,0.0022289243892633,,,,,,,,,0.007684211945161175,,,,0.013315750496639332,0.0051573378787862995,,0.007157222855658691,0.780104806025823,0.0035304245040086325,0.0018806470008439487,0.024147725109720467,0.00333099811714844,,0.004430652834430637,,0.023082493582651683,0.0017938906592981428,0.04488738586327858,0.0608015906597886,,,,,,,,,,0.004531904628189855,,0.0016847034483881474,,,0.0012790091438581637,,,,,,,,,,,,,,,0.0056884107900605245,,,,,,0.002648756269731367,,,,,,,,0.0018536928664182526,,,,,,,0.0017952405448470091,,,,0.0035304245040086325,,,,,,,,,,,,,,,,,,
2024-03-01,0.0018197415878862463,,,0.0013255235579211978,,,,0.001651339743278005,,,,0.001557266054909193,,,,,,,,0.002230538145383946,,,,,,,,,0.007669145867112044,,,,0.013018663398854914,0.005111336167569056,,0.006986228333386923,0.7765561242898306,0.00357734662663586,0.0019061369763517786,0.024527959326016004,0.003392746870563882,,0.004421310686406489,,0.02371680587696439,0.0018197415878862463,0.04618728206869923,0.06158055451565548,,,,,,,,,,0.004812346710726415,,0.0017175754359673354,,,0.0012907787229920046,,,,,,,,,,,,,,,0.0056866651547828,,,,,,0.0026544418841304624,,,,,,,,0.0018787585927167137,,,,,,,0.0018212039638975182,,,,0.00357734662663586,,,,,,,,,,,,,,,,,,
2024-03-02,0.00184559251647435,,,0.0013316421256469398,,,,0.0016886274437031483,,,,0.0015742469835525693,,,,,,,,0.002232151901504592,,,,,,,,,0.007654079789062913,,,,0.012721576301070497,0.005065334456351812,,0.006815233811115155,0.7730074425538381,0.0036242687492630877,0.0019316269518596086,0.02490819354231154,0.0034544956239793245,,0.004411968538382342,,0.024351118171277095,0.00184559251647435,0.047487178274119884,0.06235951837152236,,,,,,,,,,0.005092788793262974,,0.0017504474235465234,,,0.0013025483021258456,,,,,,,,,,,,,,,0.0056849195195050745,,,,,,0.0026601274985295583,,,,,,,,0.001903824319015175,,,,,,,0.0018471673829480273,,,,0.0036242687492630877,,,,,,,,,,,,,,,,,,
2024-03-03,0.0018714434450624537,,,0.0013377606933726817,,,,0.0017259151441282915,,,,0.0015912279121959461,,,,,,,,0.0022337656576252377,,,,,,,,,0.007639013711013783,,,,0.01242448920328608,0.005019332745134568,,0.006644239288843386,0.7694587608178457,0.0036711908718903155,0.0019571169273674385,0.02528842775860708,0.003516244377394767,,0.004402626390358194,,0.024985430465589806,0.0018714434450624537,0.04878707447954053,0.06313848222738923,,,,,,,,,,0.005373230875799533,,0.0017833194111257114,,,0.0013143178812596865,,,,,,,,,,,,,,,0.00568317388422735,,,,,,0.0026658131129286542,,,,,,,,0.0019288900453136365,,,,,,,0.0018731308019985366,,,,0.0036711908718903155,,,,,,,,,,,,,,,,,,
2024-03-04,0.0018972943736505572,,,0.0013438792610984238,,,,0.001763202844553435,,,,0.0016082088408393227,,,,,,,,0.0022353794137458835,,,,,,,,,0.007623947632964652,,,,0.012127402105501662,0.004973331033917325,,0.006473244766571618,0.7659100790818533,0.003718112994517543,0.0019826069028752685,0.025668661974902616,0.0035779931308102093,,0.004393284242334047,,0.02561974275990251,0.0018972943736505572,0.05008697068496118,0.0639174460832561,,,,,,,,,,0.005653672958336093,,0.0018161913987048994,,,0.0013260874603935274,,,,,,,,,,,,,,,0.005681428248949625,,,,,,0.00267149872732775,,,,,,,,0.001953955771612098,,,,,,,0.0018990942210490456,,,,0.003718112994517543,,,,,,,,,,,,,,,,,,
2024-03-05,0.0019231453022386608,,,0.0013499978288241657,,,,0.0018004905449785784,,,,0.0016251897694826993,,,,,,,,0.0022369931698665293,,,,,,,,,0.007608881554915522,,,,0.011830315007717244,0.004927329322700081,,0.00630225024429985,0.7623613973458608,0.003765035117144771,0.0020080968783830985,0.026048896191198156,0.003639741884225651,,0.004383942094309899,,0.02625405505421522,0.0019231453022386608,0.05138686689038183,0.06469640993912298,,,,,,,,,,0.005934115040872653,,0.0018490633862840874,,,0.0013378570395273684,,,,,,,,,,,,,,,0.0056796826136719,,,,,,0.002677184341726846,,,,,,,,0.001979021497910559,,,,,,,0.0019250576400995547,,,,0.003765035117144771,,,,,,,,,,,,,,,,,,
2024-03-06,0.0019489962308267643,,,0.0013561163965499078,,,,0.0018377782454037216,,,,0.0016421706981260761,,,,,,,,0.002238606925987175,,,,,,,,,0.007593815476866391,,,,0.011533227909932827,0.004881327611482837,,0.006131255722028082,0.7588127156098684,0.0038119572397719986,0.0020335868538909284,0.026429130407493694,0.0037014906376410936,,0.004374599946285751,,0.026888367348527925,0.0019489962308267643,0.052686763095802475,0.06547537379498986,,,,,,,,,,0.0062145571234092116,,0.0018819353738632754,,,0.001349626618661209,,,,,,,,,,,,,,,0.005677936978394175,,,,,,0.002682869956125942,,,,,,,,0.00200408722420902,,,,,,,0.0019510210591500638,,,,0.0038119572397719986,,,,,,,,,,,,,,,,,,
2024-03-07,0.0019748471594148677,,,0.0013622349642756497,,,,0.0018750659458288649,,,,0.0016591516267694527,,,,,,,,0.002240220682107821,,,,,,,,,0.0075787493988172605,,,,0.01123614081214841,0.0048353259002655935,,0.005960261199756314,0.755264033873876,0.003858879362399226,0.0020590768293987584,0.02680936462378923,0.003763239391056536,,0.0043652577982616035,,0.027522679642840636,0.0019748471594148677,0.05398665930122313,0.06625433765085673,,,,,,,,,,0.006494999205945771,,0.0019148073614424631,,,0.00136139619779505,,,,,,,,,,,,,,,0.00567619134311645,,,,,,0.0026885555705250374,,,,,,,,0.002029152950507482,,,,,,,0.001976984478200573,,,,0.003858879362399226,,,,,,,,,,,,,,,,,,
2024-03-08,0.0020006980880029716,,,0.0013683535320013918,,,,0.0019123536462540083,,,,0.0016761325554128293,,,,,,,,0.002241834438228467,,,,,,,,,0.00756368332076813,,,,0.010939053714363992,0.00478932418904835,,0.005789266677484545,0.7517153521378835,0.003905801485026454,0.002084566804906589,0.027189598840084768,0.003824988144471978,,0.004355915650237456,,0.02815699193715334,0.0020006980880029716,0.05528655550664378,0.06703330150672361,,,,,,,,,,0.006775441288482331,,0.0019476793490216511,,,0.001373165776928891,,,,,,,,,,,,,,,0.005674445707838725,,,,,,0.0026942411849241333,,,,,,,,0.002054218676805943,,,,,,,0.002002947897251082,,,,0.003905801485026454,,,,,,,,,,,,,,,,,,
2024-03-09,0.002026549016591075,,,0.0013744720997271337,,,,0.0019496413466791515,,,,0.0016931134840562061,,,,,,,,0.0022434481943491126,,,,,,,,,0.007548617242718999,,,,0.010641966616579575,0.004743322477831106,,0.005618272155212777,0.7481666704018911,0.003952723607653682,0.0021100567804144188,0.027569833056380305,0.0038867368978874202,,0.0043465735022133085,,0.028791304231466048,0.002026549016591075,0.05658645171206443,0.06781226536259048,,,,,,,,,,0.00705588337101889,,0.001980551336600839,,,0.001384935356062732,,,,,,,,,,,,,,,0.005672700072561,,,,,,0.002699926799323229,,,,,,,,0.0020792844031044043,,,,,,,0.0020289113163015913,,,,0.003952723607653682,,,,,,,,,,,,,,,,,,
2024-03-10,0.0020523999451791787,,,0.0013805906674528756,,,,0.001986929047104295,,,,0.0017100944126995827,,,,,,,,0.0022450619504697585,,,,,,,,,0.007533551164669868,,,,0.010344879518795157,0.004697320766613862,,0.005447277632941009,0.7446179886658987,0.003999645730280909,0.0021355467559222487,0.027950067272675842,0.003948485651302862,,0.004337231354189161,,0.029425616525778756,0.0020523999451791787,0.05788634791748508,0.06859122921845735,,,,,,,,,,0.00733632545355545,,0.002013423324180027,,,0.0013967049351965729,,,,,,,,,,,,,,,0.005670954437283275,,,,,,0.002705612413722325,,,,,,,,0.0021043501294028657,,,,,,,0.0020548747353521003,,,,0.003999645730280909,,,,,,,,,,,,,,,,,,
2024-03-11,0.0020782508737672823,,,0.0013867092351786178,,,,0.002024216747529438,,,,0.0017270753413429593,,,,,,,,0.0022466757065904043,,,,,,,,,0.0075184850866207385,,,,0.01004779242101074,0.004651319055396619,,0.005276283110669241,0.7410693069299062,0.0040465678529081365,0.0021610367314300787,0.02833030148897138,0.0040102344047183046,,0.004327889206165014,,0.030059928820091463,0.0020782508737672823,0.059186244122905726,0.06937019307432424,,,,,,,,,,0.007616767536092009,,0.002046295311759215,,,0.0014084745143304136,,,,,,,,,,,,,,,0.00566920880200555,,,,,,0.002711298028121421,,,,,,,,0.002129415855701327,,,,,,,0.0020808381544026094,,,,0.0040465678529081365,,,,,,,,,,,,,,,,,,
2024-03-12,0.002104101802355386,,,0.0013928278029043599,,,,0.0020615044479545814,,,,0.0017440562699863361,,,,,,,,0.00224828946271105,,,,,,,,,0.007503419008571608,,,,0.00975070532322632,0.0046053173441793745,,0.005105288588397473,0.7375206251939138,0.004093489975535365,0.0021865267069379087,0.028710535705266917,0.004071983158133747,,0.004318547058140866,,0.03069424111440417,0.002104101802355386,0.060486140328326374,0.07014915693019111,,,,,,,,,,0.007897209618628567,,0.002079167299338403,,,0.0014202440934642548,,,,,,,,,,,,,,,0.005667463166727825,,,,,,0.002716983642520517,,,,,,,,0.0021544815819997884,,,,,,,0.0021068015734531185,,,,0.004093489975535365,,,,,,,,,,,,,,,,,,
2024-03-13,0.0021299527309434894,,,0.0013989463706301018,,,,0.0020987921483797247,,,,0.0017610371986297125,,,,,,,,0.002249903218831696,,,,,,,,,0.007488352930522477,,,,0.009453618225441903,0.004559315632962131,,0.004934294066125704,0.7339719434579214,0.004140412098162592,0.0022120166824457386,0.029090769921562454,0.004133731911549189,,0.004309204910116718,,0.031328553408716875,0.0021299527309434894,0.06178603653374702,0.07092812078605798,,,,,,,,,,0.008177651701165127,,0.002112039286917591,,,0.0014320136725980955,,,,,,,,,,,,,,,0.0056657175314501,,,,,,0.002722669256919613,,,,,,,,0.0021795473082982493,,,,,,,0.0021327649925036276,,,,0.004140412098162592,,,,,,,,,,,,,,,,,,
2024-03-14,0.002155803659531593,,,0.0014050649383558437,,,,0.0021360798488048683,,,,0.0017780181272730893,,,,,,,,0.002251516974952342,,,,,,,,,0.007473286852473346,,,,0.009156531127657486,0.004513313921744888,,0.004763299543853936,0.730423261721929,0.00418733422078982,0.0022375066579535686,0.02947100413785799,0.004195480664964632,,0.00429986276209257,,0.031962865703029586,0.002155803659531593,0.06308593273916767,0.07170708464192485,,,,,,,,,,0.008458093783701687,,0.002144911274496779,,,0.0014437832517319364,,,,,,,,,,,,,,,0.005663971896172375,,,,,,0.0027283548713187083,,,,,,,,0.002204613034596711,,,,,,,0.0021587284115541366,,,,0.00418733422078982,,,,,,,,,,,,,,,,,,
2024-03-15,0.0021816545881196965,,,0.0014111835060815858,,,,0.0021733675492300116,,,,0.001794999055916466,,,,,,,,0.0022531307310729876,,,,,,,,,0.0074582207744242155,,,,0.008859444029873069,0.004467312210527643,,0.004592305021582168,0.7268745799859365,0.004234256343417048,0.0022629966334613985,0.02985123835415353,0.004257229418380074,,0.004290520614068423,,0.03259717799734229,0.0021816545881196965,0.06438582894458833,0.07248604849779174,,,,,,,,,,0.008738535866238246,,0.002177783262075967,,,0.0014555528308657774,,,,,,,,,,,,,,,0.00566222626089465,,,,,,0.002734040485717804,,,,,,,,0.002229678760895172,,,,,,,0.0021846918306046457,,,,0.004234256343417048,,,,,,,,,,,,,,,,,,
2024-03-16,0.0022075055167078,,,0.0014173020738073277,,,,0.002210655249655155,,,,0.0018119799845598425,,,,,,,,0.0022547444871936335,,,,,,,,,0.007443154696375085,,,,0.008562356932088651,0.0044213104993104,,0.0044213104993104,0.7233258982499441,0.004281178466044275,0.0022884866089692285,0.03023147257044907,0.004318978171795516,0.002483054995536717,0.004281178466044275,,0.033231490291655,0.0022075055167078,0.06568572515000898,0.0732650123536586,0.0027397261001169,,,0.006107662493983816,,,0.002483054995536717,,,0.009018977948774808,0.0054794522002339,0.002210655249655155,,,0.0014673224099996183,,,,,,,,,,,,,,,0.005660480625616925,,,,,,0.0027397261001169,,,,,,,,0.0022547444871936335,,,,,,,0.002210655249655155,,,,0.004281178466044275,,,,,,,,,,,,,,,,,,
2024-03-17,0.002222713602442977,,,0.0014234206415330696,,,,,,,,0.0018289609132032193,,,,,,,,0.002307571244332245,,,,,,,,,0.007428088618325954,,,,,,,0.004409080810787785,0.71551162270563,0.004388181045041551,,0.031156137968147396,0.005754981184422525,0.002532035702772884,0.004403601720696225,,0.032717536879880736,,0.06941007234023083,0.07272761924901881,0.0027752320853653947,,,0.008628460800363816,,,0.0025628770540822316,,,0.009003035430352873,0.005665899861404368,0.0022693645192442347,,,0.0014790919891334593,,,,,,,,,,,,,,,0.005725027295207378,,,,,,0.0027752320853653947,,,,,,,,,,,,,,,,,,,0.004261632581081078,,,,,,,,,,,,,,,,,,
2024-03-18,0.0022379216881781537,,,0.0014295392092588117,,,,,,,,0.0018459418418465957,,,,,,,,0.0023603980014708565,,,,,,,,,0.007413022540276824,,,,,,,0.0043968511222651704,0.7076973471613157,0.004495183624038827,,0.03208080336584572,0.007190984197049534,0.002581016410009051,0.004526024975348175,,0.032203583468106464,,0.07313441953045269,0.07219022614437903,0.00281073807061389,,,0.011149259106743817,,,0.002642699112627746,,,0.008987092911930936,0.005852347522574836,0.0023280737888333146,,,0.0014908615682673,,,,,,,,,,,,,,,0.00578957396479783,,,,,,0.00281073807061389,,,,,,,,,,,,,,,,,,,0.004242086696117881,,,,,,,,,,,,,,,,,,
2024-03-19,0.0022531297739133305,,,0.0014356577769845539,,,,,,,,0.0018629227704899725,,,,,,,,0.002413224758609468,,,,,,,,,0.007397956462227693,,,,,,,0.004384621433742556,0.6998830716170016,0.004602186203036103,,0.03300546876354405,0.008626987209676543,0.0026299971172452177,0.004648448230000124,,0.0316896300563322,,0.07685876672067456,0.07165283303973924,0.0028462440558623845,,,0.013670057413123816,,,0.0027225211711732608,,,0.008971150393509,0.006038795183745304,0.0023867830584223945,,,0.0015026311474011411,,,,,,,,,,,,,,,0.005854120634388283,,,,,,0.0028462440558623845,,,,,,,,,,,,,,,,,,,0.004222540811154684,,,,,,,,,,,,,,,,,,
2024-03-20,0.0022683378596485074,,,0.0014417763447102958,,,,,,,,0.0018799036991333493,,,,,,,,0.002466051515748079,,,,,,,,,0.007382890384178563,,,,,,,0.00437239174521994,0.6920687960726875,0.004709188782033379,,0.033930134161242374,0.010062990222303551,0.002678977824481385,0.004770871484652074,,0.031175676644557934,,0.08058311391089641,0.07111543993509944,0.0028817500411108792,,,0.016190855719503815,,,0.0028023432297187754,,,0.008955207875087063,0.0062252428449157725,0.0024454923280114744,,,0.0015144007265349819,,,,,,,,,,,,,,,0.005918667303978736,,,,,,0.0028817500411108792,,,,,,,,,,,,,,,,,,,0.004202994926191486,,,,,,,,,,,,,,,,,,
2024-03-21,0.0022835459453836838,,,0.0014478949124360377,,,,,,,,0.0018968846277767257,,,,,,,,0.0025188782728866907,,,,,,,,,0.007367824306129432,,,,,,,0.0043601620566973255,0.6842545205283733,0.004816191361030655,,0.034854799558940705,0.01149899323493056,0.002727958531717552,0.004893294739304024,,0.03066172323278367,,0.08430746110111827,0.07057804683045965,0.002917256026359374,,,0.018711654025883814,,,0.00288216528826429,,,0.008939265356665128,0.006411690506086241,0.0025042015976005543,,,0.0015261703056688228,,,,,,,,,,,,,,,0.005983213973569189,,,,,,0.002917256026359374,,,,,,,,,,,,,,,,,,,0.0041834490412282896,,,,,,,,,,,,,,,,,,
2024-03-22,0.0022987540311188606,,,0.0014540134801617798,,,,,,,,0.0019138655564201025,,,,,,,,0.002571705030025302,,,,,,,,,0.007352758228080301,,,,,,,0.004347932368174711,0.6764402449840592,0.004923193940027931,,0.03577946495663903,0.01293499624755757,0.0027769392389537188,0.005015717993955973,,0.0301477698210094,,0.08803180829134012,0.07004065372581987,0.002952762011607869,,,0.021232452332263816,,,0.0029619873468098045,,,0.008923322838243191,0.006598138167256708,0.002562910867189634,,,0.0015379398848026637,,,,,,,,,,,,,,,0.006047760643159641,,,,,,0.002952762011607869,,,,,,,,,,,,,,,,,,,0.004163903156265092,,,,,,,,,,,,,,,,,,
2024-03-23,0.0023139621168540374,,,0.0014601320478875217,,,,,,,,0.0019308464850634794,,,,,,,,0.0026245317871639137,,,,,,,,,0.0073376921500311705,,,,,,,0.004335702679652096,0.668625969439745,0.005030196519025206,,0.03670413035433736,0.01437099926018458,0.0028259199461898856,0.005138141248607923,,0.029633816409235132,,0.09175615548156199,0.06950326062118008,0.0029882679968563637,,,0.023753250638643815,,,0.003041809405355319,,,0.008907380319821256,0.006784585828427177,0.002621620136778714,,,0.0015497094639365047,,,,,,,,,,,,,,,0.006112307312750094,,,,,,0.0029882679968563637,,,,,,,,,,,,,,,,,,,0.0041443572713018954,,,,,,,,,,,,,,,,,,
2024-03-24,0.0023291702025892143,,,0.0014662506156132636,,,,,,,,0.0019478274137068557,,,,,,,,0.0026773585443025253,,,,,,,,,0.007322626071982041,,,,,,,0.0043234729911294815,0.6608116938954308,0.005137199098022483,,0.03762879575203568,0.015807002272811586,0.0028749006534260525,0.005260564503259873,,0.029119862997460867,,0.09548050267178385,0.06896586751654028,0.0030237739821048584,,,0.026274048945023814,,,0.0031216314639008337,,,0.00889143780139932,0.006971033489597645,0.002680329406367794,,,0.0015614790430703456,,,,,,,,,,,,,,,0.006176853982340547,,,,,,0.0030237739821048584,,,,,,,,,,,,,,,,,,,0.004124811386338698,,,,,,,,,,,,,,,,,,
2024-03-25,0.002344378288324391,,,0.0014723691833390057,,,,,,,,0.0019648083423502325,,,,,,,,0.002730185301441137,,,,,,,,,0.00730755999393291,,,,,,,0.004311243302606867,0.6529974183511167,0.005244201677019758,,0.038553461149734014,0.017243005285438595,0.0029238813606622194,0.005382987757911822,,0.028605909585686602,,0.0992048498620057,0.06842847441190049,0.0030592799673533535,,,0.028794847251403813,,,0.0032014535224463483,,,0.008875495282977383,0.0071574811507681135,0.002739038675956874,,,0.0015732486222041864,,,,,,,,,,,,,,,0.006241400651931,,,,,,0.0030592799673533535,,,,,,,,,,,,,,,,,,,0.0041052655013755004,,,,,,,,,,,,,,,,,,
2024-03-26,0.002359586374059568,,,0.0014784877510647478,,,,,,,,0.0019817892709936094,,,,,,,,0.0027830120585797483,,,,,,,,,0.007292493915883779,,,,,,,0.004299013614084252,0.6451831428068024,0.005351204256017034,,0.03947812654743234,0.018679008298065604,0.0029728620678983863,0.005505411012563772,,0.028091956173912334,,0.10292919705222756,0.06789108130726071,0.003094785952601848,,,0.031315645557783815,,,0.003281275580991863,,,0.008859552764555448,0.007343928811938581,0.0027977479455459538,,,0.0015850182013380273,,,,,,,,,,,,,,,0.006305947321521452,,,,,,0.003094785952601848,,,,,,,,,,,,,,,,,,,0.004085719616412304,,,,,,,,,,,,,,,,,,
2024-03-27,0.0023747944597947448,,,0.0014846063187904897,,,,,,,,0.0019987701996369857,,,,,,,,0.0028358388157183594,,,,,,,,,0.007277427837834648,,,,,,,0.004286783925561637,0.6373688672624883,0.00545820683501431,,0.04040279194513067,0.020115011310692616,0.003021842775134553,0.005627834267215722,,0.027578002762138065,,0.10665354424244941,0.06735368820262091,0.003130291937850343,,,0.03383644386416382,,,0.0033610976395373774,,,0.008843610246133511,0.007530376473109049,0.0028564572151350337,,,0.0015967877804718682,,,,,,,,,,,,,,,0.006370493991111905,,,,,,0.003130291937850343,,,,,,,,,,,,,,,,,,,0.004066173731449106,,,,,,,,,,,,,,,,,,
2024-03-28,0.0023900025455299216,,,0.0014907248865162316,,,,,,,,0.0020157511282803625,,,,,,,,0.002888665572856971,,,,,,,,,0.007262361759785518,,,,,,,0.004274554237039022,0.6295545917181742,0.005565209414011586,,0.04132745734282899,0.021551014323319625,0.0030708234823707205,0.005750257521867671,,0.0270640493503638,,0.11037789143267127,0.06681629509798112,0.0031657979230988375,,,0.03635724217054381,,,0.0034409196980828916,,,0.008827667727711576,0.007716824134279517,0.0029151664847241136,,,0.0016085573596057092,,,,,,,,,,,,,,,0.006435040660702358,,,,,,0.0031657979230988375,,,,,,,,,,,,,,,,,,,0.00404662784648591,,,,,,,,,,,,,,,,,,
2024-03-29,0.0024052106312650984,,,0.0014968434542419738,,,,,,,,0.002032732056923739,,,,,,,,0.0029414923299955825,,,,,,,,,0.007247295681736387,,,,,,,0.004262324548516407,0.62174031617386,0.005672211993008862,,0.04225212274052732,0.022987017335946634,0.0031198041896068874,0.005872680776519621,,0.026550095938589535,,0.11410223862289313,0.06627890199334133,0.0032013039083473326,,,0.038878040476923816,,,0.0035207417566284066,,,0.008811725209289639,0.007903271795449985,0.0029738757543131935,,,0.0016203269387395501,,,,,,,,,,,,,,,0.00649958733029281,,,,,,0.0032013039083473326,,,,,,,,,,,,,,,,,,,0.004027081961522712,,,,,,,,,,,,,,,,,,
2024-03-30,0.002420418717000275,,,0.0015029620219677157,,,,,,,,0.0020497129855671157,,,,,,,,0.002994319087134194,,,,,,,,,0.007232229603687256,,,,,,,0.004250094859993793,0.6139260406295459,0.005779214572006138,,0.04317678813822565,0.024423020348573642,0.0031687848968430543,0.005995104031171571,,0.026036142526815267,,0.11782658581311499,0.06574150888870155,0.0032368098935958273,,,0.04139883878330382,,,0.0036005638151739208,,,0.008795782690867704,0.008089719456620454,0.0030325850239022734,,,0.001632096517873391,,,,,,,,,,,,,,,0.006564133999883263,,,,,,0.0032368098935958273,,,,,,,,,,,,,,,,,,,0.004007536076559515,,,,,,,,,,,,,,,,,,
2024-03-31,0.0024356268027354517,,,0.0015090805896934576,,,,,,,,0.0020666939142104926,,,,,,,,0.0030471458442728055,,,,,,,,,0.0072171635256381254,,,,,,,0.004237865171471178,0.6061117650852317,0.005886217151003414,,0.04410145353592398,0.02585902336120065,0.003217765604079221,0.0061175272858235204,,0.025522189115040998,,0.12155093300333686,0.06520411578406175,0.003272315878844322,,,0.04391963708968381,,,0.0036803858737194358,,,0.008779840172445768,0.008276167117790922,0.0030912942934913533,,,0.001643866097007232,,,,,,,,,,,,,,,0.006628680669473716,,,,,,0.003272315878844322,,,,,,,,,,,,,,,,,,,0.003987990191596318,,,,,,,,,,,,,,,,,,
2024-04-01,0.0024508348884706285,,,0.0015151991574191997,,,,,,,,0.002083674842853869,,,,,,,,0.003099972601411417,,,,,,,,,0.007202097447588996,,,,,,,0.004225635482948563,0.5982974895409175,0.005993219730000689,,0.0450261189336223,0.02729502637382766,0.003266746311315388,0.00623995054047547,,0.025008235703266733,,0.1252752801935587,0.06466672267942196,0.003307821864092817,,,0.046440435396063816,,,0.00376020793226495,,,0.008763897654023831,0.00846261477896139,0.003150003563080433,,,0.0016556356761410727,,,,,,,,,,,,,,,0.006693227339064169,,,,,,0.003307821864092817,,,,,,,,,,,,,,,,,,,0.003968444306633121,,,,,,,,,,,,,,,,,,
2024-04-02,0.0024660429742058053,,,0.0015213177251449418,,,,,,,,0.0021006557714972457,,,,,,,,0.0031527993585500286,,,,,,,,,0.007187031369539865,,,,,,,0.0042134057944259486,0.5904832139966034,0.006100222308997965,,0.04595078433132063,0.02873102938645467,0.0033157270185515553,0.00636237379512742,,0.024494282291492468,,0.12899962738378057,0.06412932957478218,0.003343327849341312,,,0.04896123370244382,,,0.003840029990810465,,,0.008747955135601896,0.008649062440131857,0.003208712832669513,,,0.001667405255274914,,,,,,,,,,,,,,,0.006757774008654621,,,,,,0.003343327849341312,,,,,,,,,,,,,,,,,,,0.003948898421669923,,,,,,,,,,,,,,,,,,
2024-04-03,0.002481251059940982,,,0.0015274362928706837,,,,,,,,0.0021176367001406226,,,,,,,,0.0032056261156886397,,,,,,,,,0.007171965291490734,,,,,,,0.004201176105903334,0.5826689384522892,0.0062072248879952415,,0.046875449729018956,0.030167032399081677,0.0033647077257877222,0.0064847970497793695,,0.0239803288797182,,0.13272397457400242,0.06359193647014239,0.0033788338345898065,,,0.051482032008823814,,,0.003919852049355979,,,0.008732012617179959,0.008835510101302325,0.003267422102258593,,,0.0016791748344087546,,,,,,,,,,,,,,,0.006822320678245074,,,,,,0.0033788338345898065,,,,,,,,,,,,,,,,,,,0.0039293525367067265,,,,,,,,,,,,,,,,,,
2024-04-04,0.002496459145676159,,,0.0015335548605964256,,,,,,,,0.002134617628783999,,,,,,,,0.0032584528728272517,,,,,,,,,0.007156899213441603,,,,,,,0.004188946417380718,0.574854662907975,0.006314227466992517,,0.04780011512671728,0.03160303541170868,0.003413688433023889,0.006607220304431319,,0.02346637546794393,,0.13644832176422428,0.06305454336550259,0.003414339819838301,,,0.054002830315203816,,,0.003999674107901494,,,0.008716070098758024,0.009021957762472794,0.003326131371847673,,,0.0016909444135425956,,,,,,,,,,,,,,,0.0068868673478355265,,,,,,0.003414339819838301,,,,,,,,,,,,,,,,,,,0.003909806651743529,,,,,,,,,,,,,,,,,,
2024-04-05,0.002511667231411336,,,0.0015396734283221677,,,,,,,,0.0021515985574273758,,,,,,,,0.0033112796299658628,,,,,,,,,0.007141833135392473,,,,,,,0.004176716728858104,0.5670403873636609,0.0064212300459897936,,0.04872478052441561,0.0330390384243357,0.003462669140260056,0.006729643559083269,,0.022952422056169666,,0.14017266895444613,0.0625171502608628,0.003449845805086796,,,0.05652362862158381,,,0.004079496166447008,,,0.008700127580336087,0.009208405423643262,0.0033848406414367527,,,0.0017027139926764365,,,,,,,,,,,,,,,0.006951414017425979,,,,,,0.003449845805086796,,,,,,,,,,,,,,,,,,,0.003890260766780332,,,,,,,,,,,,,,,,,,
2024-04-06,0.0025268753171465127,,,0.0015457919960479097,,,,,,,,0.002168579486070752,,,,,,,,0.0033641063871044743,,,,,,,,,0.007126767057343343,,,,,,,0.004164487040335489,0.5592261118193468,0.006528232624987069,,0.04964944592211394,0.0344750414369627,0.003511649847496223,0.0068520668137352185,,0.0224384686443954,,0.143897016144668,0.06197975715622301,0.003485351790335291,,,0.059044426927963814,,,0.004159318224992523,,,0.008684185061914151,0.00939485308481373,0.0034435499110258326,,,0.0017144835718102772,,,,,,,,,,,,,,,0.0070159606870164315,,,,,,0.003485351790335291,,,,,,,,,,,,,,,,,,,0.003870714881817135,,,,,,,,,,,,,,,,,,
2024-04-07,0.0025420834028816895,,,0.0015519105637736516,,,,,,,,0.002185560414714129,,,,,,,,0.003416933144243086,,,,,,,,,0.007111700979294212,,,,,,,0.004152257351812874,0.5514118362750327,0.006635235203984345,,0.050574111319812265,0.035911044449589716,0.0035606305547323898,0.006974490068387168,,0.021924515232621133,,0.14762136333488984,0.06144236405158322,0.0035208577755837856,,,0.061565225234343816,,,0.004239140283538037,,,0.008668242543492216,0.009581300745984199,0.0035022591806149125,,,0.0017262531509441184,,,,,,,,,,,,,,,0.007080507356606884,,,,,,0.0035208577755837856,,,,,,,,,,,,,,,,,,,0.0038511689968539374,,,,,,,,,,,,,,,,,,
2024-04-08,0.0025572914886168663,,,0.0015580291314993937,,,,,,,,0.0022025413433575058,,,,,,,,0.0034697599013816974,,,,,,,,,0.007096634901245081,,,,,,,0.00414002766329026,0.5435975607307184,0.00674223778298162,,0.05149877671751059,0.037347047462216725,0.0036096112619685566,0.007096913323039118,,0.021410561820846864,,0.1513457105251117,0.06090497094694343,0.0035563637608322807,,,0.0640860235407238,,,0.004318962342083552,,,0.008652300025070279,0.009767748407154667,0.0035609684502039924,,,0.0017380227300779591,,,,,,,,,,,,,,,0.007145054026197337,,,,,,0.0035563637608322807,,,,,,,,,,,,,,,,,,,0.0038316231118907403,,,,,,,,,,,,,,,,,,
2024-04-09,0.002572499574352043,,,0.0015641476992251358,,,,,,,,0.002219522272000882,,,,,,,,0.003522586658520309,,,,,,,,,0.0070815688231959505,,,,,,,0.004127797974767645,0.5357832851864043,0.006849240361978897,,0.05242344211520892,0.03878305047484373,0.0036585919692047235,0.0072193365776910675,,0.0208966084090726,,0.15507005771533355,0.06036757784230364,0.0035918697460807754,,,0.06660682184710381,,,0.004398784400629067,,,0.008636357506648344,0.009954196068325136,0.003619677719793072,,,0.0017497923092118003,,,,,,,,,,,,,,,0.007209600695787789,,,,,,0.0035918697460807754,,,,,,,,,,,,,,,,,,,0.0038120772269275432,,,,,,,,,,,,,,,,,,
2024-04-10,0.0025877076600872195,,,0.0015702662669508777,,,,,,,,0.002236503200644259,,,,,,,,0.00357541341565892,,,,,,,,,0.00706650274514682,,,,,,,0.00411556828624503,0.5279690096420901,0.0069562429409761725,,0.05334810751290725,0.04021905348747074,0.0037075726764408904,0.007341759832343017,,0.020382654997298334,,0.1587944049055554,0.05983018473766385,0.00362737573132927,,,0.06912762015348381,,,0.004478606459174582,,,0.008620414988226407,0.010140643729495604,0.003678386989382152,,,0.001761561888345641,,,,,,,,,,,,,,,0.007274147365378242,,,,,,0.00362737573132927,,,,,,,,,,,,,,,,,,,0.003792531341964346,,,,,,,,,,,,,,,,,,
2024-04-11,0.0026029157458223964,,,0.0015763848346766196,,,,,,,,0.0022534841292876358,,,,,,,,0.003628240172797532,,,,,,,,,0.007051436667097689,,,,,,,0.004103338597722415,0.5201547340977759,0.007063245519973449,,0.054272772910605574,0.04165505650009775,0.0037565533836770573,0.007464183086994967,,0.019868701585524066,,0.1625187520957773,0.05929279163302406,0.003662881716577765,,,0.0716484184598638,,,0.004558428517720096,,,0.008604472469804472,0.010327091390666072,0.0037370962589712317,,,0.001773331467479482,,,,,,,,,,,,,,,0.007338694034968695,,,,,,0.003662881716577765,,,,,,,,,,,,,,,,,,,0.003772985457001149,,,,,,,,,,,,,,,,,,
2024-04-12,0.002618123831557573,,,0.0015825034024023617,,,,,,,,0.002270465057931012,,,,,,,,0.003681066929936143,,,,,,,,,0.007036370589048558,,,,,,,0.0040911089091998,0.5123404585534618,0.007170248098970725,,0.0551974383083039,0.04309105951272476,0.0038055340909132246,0.0075866063416469166,,0.019354748173749797,,0.16624309928599915,0.05875539852838427,0.0036983877018262595,,,0.0741692167662438,,,0.00463825057626561,,,0.008588529951382535,0.010513539051836539,0.0037958055285603116,,,0.0017851010466133229,,,,,,,,,,,,,,,0.007403240704559147,,,,,,0.0036983877018262595,,,,,,,,,,,,,,,,,,,0.0037534395720379516,,,,,,,,,,,,,,,,,,
2024-04-13,0.00263333191729275,,,0.0015886219701281036,,,,,,,,0.002287445986574389,,,,,,,,0.0037338936870747546,,,,,,,,,0.007021304510999428,,,,,,,0.004078879220677185,0.5045261830091476,0.007277250677968,,0.05612210370600223,0.04452706252535177,0.0038545147981493915,0.007709029596298866,,0.018840794761975532,,0.169967446476221,0.05821800542374448,0.0037338936870747546,0.0103626940399408,,0.07669001507262381,,0.0155440410599112,0.004718072634811125,,,0.0085725874329606,0.010699986713007007,0.0038545147981493915,,0.0103626940399408,0.0017968706257471636,,,,,,,,,,,,,,,0.0074677873741496,,,,,,0.0037338936870747546,,,,,,,,,,,,,,,,,,,0.0037338936870747546,0.0103626940399408,,,,,,,,,,,,,,,,,
2024-04-14,0.002648540003027927,,,0.0015947405378538455,,,,,,,,0.0023044269152177658,,,,,,,,0.0037648309475375604,,,,,,,,,0.007006238432950297,,,,,,,0.004066649532154571,0.4941900647467091,0.007222791839878764,,0.0576366752253047,0.04341389367445586,0.00454362873486901,0.007681870522598358,,0.018747059827936473,,0.16747307347222445,0.05802233891916413,0.0040399065781464545,0.010389243623995674,,0.08130223390513225,,0.01698636587354394,0.00716336804630582,,,0.008825791930402782,0.010891452811414381,,,0.011062533123463003,0.0018086402048810048,,,,,,,,,,,,,,,0.007435003944644353,,,,,,,,,,,,,,,,,,,,,,,,,0.0037917431676507537,0.010920131667738834,,,,,,,,,,,,,,,,,
2024-04-15,0.0026637480887631037,,,0.0016008591055795877,,,,,,,,0.002321407843861142,,,,,,,,0.0037957682080003666,,,,,,,,,0.006991172354901167,,,,,,,0.004054419843631956,0.48385394648427055,0.007168333001789527,,0.059151246744607165,0.04230072482355996,0.005232742671588629,0.00765471144889785,,0.018653324893897417,,0.1649787004682279,0.05782667241458378,0.004345919469218154,0.010415793208050549,,0.08591445273764069,,0.018428690687176678,0.009608663457800514,,,0.009078996427844963,0.011082918909821753,,,0.011762372206985207,0.0018204097840148455,,,,,,,,,,,,,,,0.007402220515139106,,,,,,,,,,,,,,,,,,,,,,,,,0.0038495926482267524,0.011477569295536871,,,,,,,,,,,,,,,,,
2024-04-16,0.0026789561744982805,,,0.0016069776733053298,,,,,,,,0.002338388772504519,,,,,,,,0.0038267054684631725,,,,,,,,,0.006976106276852036,,,,,,,0.004042190155109341,0.47351782822183197,0.00711387416370029,,0.060665818263909634,0.041187555972664054,0.005921856608308247,0.007627552375197342,,0.018559589959858357,,0.16248432746423136,0.05763100591000343,0.0046519323602898545,0.010442342792105423,,0.09052667157014913,,0.019871015500809414,0.012053958869295209,,,0.009332200925287146,0.011274385008229127,,,0.01246221129050741,0.0018321793631486864,,,,,,,,,,,,,,,0.007369437085633858,,,,,,,,,,,,,,,,,,,,,,,,,0.003907442128802751,0.012035006923334906,,,,,,,,,,,,,,,,,
2024-04-17,0.0026941642602334574,,,0.0016130962410310717,,,,,,,,0.0023553697011478953,,,,,,,,0.0038576427289259787,,,,,,,,,0.0069610401988029055,,,,,,,0.004029960466586727,0.46318170995939345,0.007059415325611054,,0.0621803897832121,0.040074387121768154,0.0066109705450278665,0.007600393301496834,,0.018465855025819298,,0.15998995446023478,0.05743533940542308,0.004957945251361554,0.010468892376160298,,0.09513889040265756,,0.021313340314442153,0.014499254280789905,,,0.009585405422729329,0.0114658511066365,,,0.013162050374029614,0.0018439489422825274,,,,,,,,,,,,,,,0.007336653656128611,,,,,,,,,,,,,,,,,,,,,,,,,0.003965291609378751,0.012592444551132941,,,,,,,,,,,,,,,,,
2024-04-18,0.0027093723459686338,,,0.0016192148087568136,,,,,,,,0.002372350629791272,,,,,,,,0.0038885799893887845,,,,,,,,,0.006945974120753775,,,,,,,0.004017730778064111,0.45284559169695493,0.007004956487521817,,0.06369496130251458,0.03896121827087225,0.007300084481747486,0.007573234227796326,,0.018372120091780242,,0.15749558145623824,0.05723967290084273,0.0052639581424332536,0.010495441960215172,,0.099751109235166,,0.022755665128074892,0.016944549692284597,,,0.009838609920171512,0.011657317205043873,,,0.013861889457551818,0.0018557185214163683,,,,,,,,,,,,,,,0.007303870226623364,,,,,,,,,,,,,,,,,,,,,,,,,0.004023141089954749,0.013149882178930976,,,,,,,,,,,,,,,,,
2024-04-19,0.0027245804317038106,,,0.0016253333764825557,,,,,,,,0.002389331558434649,,,,,,,,0.003919517249851591,,,,,,,,,0.006930908042704644,,,,,,,0.0040055010895414965,0.44250947343451635,0.0069504976494325806,,0.06520953282181705,0.03784804941997635,0.007989198418467104,0.007546075154095818,,0.018278385157741182,,0.1550012084522417,0.05704400639626238,0.005569971033504954,0.010521991544270047,,0.10436332806767444,,0.02419798994170763,0.019389845103779293,,,0.010091814417613695,0.011848783303451247,,,0.014561728541074022,0.0018674881005502093,,,,,,,,,,,,,,,0.007271086797118116,,,,,,,,,,,,,,,,,,,,,,,,,0.004080990570530748,0.013707319806729013,,,,,,,,,,,,,,,,,
2024-04-20,0.0027397885174389874,,,0.0016314519442082976,,,,,,,,0.0024063124870780253,,,,,,,,0.003950454510314397,,,,,,,,,0.006915841964655514,,,,,,,0.003993271401018882,0.4321733551720778,0.006896038811343344,,0.06672410434111951,0.03673488056908044,0.008678312355186723,0.00751891608039531,,0.018184650223702123,,0.15250683544824514,0.05684833989168203,0.005875983924576653,0.010548541128324922,,0.10897554690018288,,0.02564031475534037,0.021835140515273986,,,0.010345018915055876,0.01204024940185862,,,0.015261567624596226,0.00187925767968405,,,,,,,,,,,,,,,0.007238303367612869,,,,,,,,,,,,,,,,,,,,,,,,,0.004138840051106747,0.014264757434527047,,,,,,,,,,,,,,,,,
2024-04-21,0.0027549966031741643,,,0.0016375705119340395,,,,,,,,0.002423293415721402,,,,,,,,0.003981391770777202,,,,,,,,,0.006900775886606383,,,,,,,0.003981041712496267,0.42183723690963926,0.006841579973254107,,0.06823867586042198,0.03562171171818454,0.009367426291906341,0.007491757006694802,,0.018090915289663067,,0.1500124624442486,0.05665267338710168,0.006181996815648353,0.010575090712379796,,0.11358776573269132,,0.027082639568973107,0.024280435926768682,,,0.010598223412498059,0.012231715500265992,,,0.01596140670811843,0.0018910272588178911,,,,,,,,,,,,,,,0.007205519938107622,,,,,,,,,,,,,,,,,,,,,,,,,0.004196689531682746,0.014822195062325082,,,,,,,,,,,,,,,,,
2024-04-22,0.002770204688909341,,,0.0016436890796597816,,,,,,,,0.002440274344364779,,,,,,,,0.004012329031240009,,,,,,,,,0.006885709808557253,,,,,,,0.0039688120239736524,0.41150111864720074,0.006787121135164871,,0.06975324737972445,0.03450854286728863,0.01005654022862596,0.007464597932994294,,0.017997180355624007,,0.14751808944025202,0.05645700688252133,0.0064880097067200534,0.010601640296434671,,0.11819998456519976,,0.028524964382605843,0.026725731338263378,,,0.010851427909940242,0.012423181598673366,,,0.016661245791640633,0.0019027968379517319,,,,,,,,,,,,,,,0.0071727365086023745,,,,,,,,,,,,,,,,,,,,,,,,,0.004254539012258745,0.015379632690123119,,,,,,,,,,,,,,,,,
2024-04-23,0.002785412774644518,,,0.0016498076473855238,,,,,,,,0.0024572552730081553,,,,,,,,0.004043266291702815,,,,,,,,,0.006870643730508122,,,,,,,0.003956582335451038,0.40116500038476216,0.006732662297075634,,0.07126781889902692,0.033395374016392726,0.01074565416534558,0.007437438859293786,,0.017903445421584948,,0.14502371643625547,0.05626134037794098,0.006794022597791752,0.010628189880489546,,0.1228122033977082,,0.029967289196238582,0.02917102674975807,,,0.011104632407382423,0.01261464769708074,,,0.017361084875162837,0.0019145664170855728,,,,,,,,,,,,,,,0.007139953079097127,,,,,,,,,,,,,,,,,,,,,,,,,0.004312388492834744,0.015937070317921152,,,,,,,,,,,,,,,,,
2024-04-24,0.0028006208603796948,,,0.0016559262151112657,,,,,,,,0.002474236201651532,,,,,,,,0.004074203552165621,,,,,,,,,0.006855577652458991,,,,,,,0.003944352646928423,0.3908288821223236,0.006678203458986398,,0.07278239041832939,0.032282205165496826,0.011434768102065198,0.007410279785593278,,0.017809710487545892,,0.14252934343225893,0.05606567387336063,0.0071000354888634525,0.01065473946454442,,0.12742442223021663,,0.03140961400987132,0.03161632216125277,,,0.011357836904824605,0.012806113795488114,,,0.01806092395868504,0.0019263359962194138,,,,,,,,,,,,,,,0.007107169649591879,,,,,,,,,,,,,,,,,,,,,,,,,0.0043702379734107425,0.01649450794571919,,,,,,,,,,,,,,,,,
2024-04-25,0.0028158289461148716,,,0.0016620447828370076,,,,,,,,0.002491217130294909,,,,,,,,0.0041051408126284265,,,,,,,,,0.0068405115744098605,,,,,,,0.0039321229584058075,0.38049276385988506,0.006623744620897161,,0.07429696193763186,0.03116903631460092,0.012123882038784816,0.0073831207118927695,,0.017715975553506833,,0.14003497042826238,0.055870007368780276,0.007406048379935153,0.010681289048599295,,0.13203664106272506,,0.03285193882350406,0.03406161757274746,,,0.011611041402266788,0.012997579893895486,,,0.018760763042207244,0.0019381055753532547,,,,,,,,,,,,,,,0.007074386220086632,,,,,,,,,,,,,,,,,,,,,,,,,0.004428087453986742,0.017051945573517226,,,,,,,,,,,,,,,,,
2024-04-26,0.0028310370318500484,,,0.0016681633505627497,,,,,,,,0.0025081980589382854,,,,,,,,0.004136078073091233,,,,,,,,,0.00682544549636073,,,,,,,0.003919893269883193,0.37015664559744654,0.006569285782807925,,0.07581153345693432,0.03005586746370502,0.012812995975504435,0.0073559616381922615,,0.017622240619467773,,0.13754059742426583,0.05567434086419993,0.007712061271006852,0.01070783863265417,,0.1366488598952335,,0.0342942636371368,0.036506912984242156,,,0.011864245899708971,0.01318904599230286,,,0.019460602125729448,0.0019498751544870956,,,,,,,,,,,,,,,0.007041602790581385,,,,,,,,,,,,,,,,,,,,,,,,,0.004485936934562741,0.017609383201315262,,,,,,,,,,,,,,,,,
2024-04-27,0.0028462451175852253,,,0.0016742819182884916,,,,,,,,0.002525178987581662,,,,,,,,0.004167015333554039,,,,,,,,,0.006810379418311599,,,,,,,0.003907663581360578,0.35982052733500797,0.006514826944718688,,0.07732610497623679,0.028942698612809112,0.013502109912224055,0.007328802564491754,,0.017528505685428714,,0.13504622442026926,0.055478674359619576,0.008018074162078552,0.010734388216709044,,0.14126107872774196,,0.03573658845076954,0.03895220839573685,,,0.012117450397151154,0.013380512090710232,,,0.020160441209251652,0.0019616447336209364,,,,,,,,,,,,,,,0.007008819361076137,,,,,,,,,,,,,,,,,,,,,,,,,0.0045437864151387395,0.018166820829113296,,,,,,,,,,,,,,,,,
2024-04-28,0.002861453203320402,,,0.0016804004860142335,,,,,,,,0.0025421599162250385,,,,,,,,0.004197952594016845,,,,,,,,,0.006795313340262469,,,,,,,0.0038954338928379635,0.3494844090725694,0.006460368106629451,,0.07884067649553926,0.02782952976191321,0.014191223848943673,0.007301643490791246,,0.017434770751389658,,0.13255185141627274,0.05528300785503923,0.008324087053150252,0.01076093780076392,,0.1458732975602504,,0.03717891326440227,0.04139750380723155,,,0.012370654894593335,0.013571978189117605,,,0.020860280292773856,0.0019734143127547775,,,,,,,,,,,,,,,0.00697603593157089,,,,,,,,,,,,,,,,,,,,,,,,,0.004601635895714738,0.018724258456911332,,,,,,,,,,,,,,,,,
2024-04-29,0.0028766612890555785,,,0.0016865190537399756,,,,,,,,0.0025591408448684154,,,,,,,,0.004228889854479651,,,,,,,,,0.006780247262213338,,,,,,,0.003883204204315349,0.33914829081013087,0.006405909268540215,,0.08035524801484173,0.026716360911017305,0.014880337785663292,0.007274484417090738,,0.017341035817350598,,0.13005747841227616,0.05508734135045888,0.008630099944221951,0.010787487384818795,,0.1504855163927588,,0.03862123807803501,0.04384279921872624,,,0.012623859392035518,0.01376344428752498,,,0.02156011937629606,0.0019851838918886183,,,,,,,,,,,,,,,0.006943252502065643,,,,,,,,,,,,,,,,,,,,,,,,,0.004659485376290738,0.019281696084709365,,,,,,,,,,,,,,,,,
2024-04-30,0.0028918693747907553,,,0.0016926376214657177,,,,,,,,0.002576121773511792,,,,,,,,0.004259827114942457,,,,,,,,,0.006765181184164208,,,,,,,0.003870974515792734,0.32881217254769235,0.0063514504304509785,,0.0818698195341442,0.0256031920601214,0.01556945172238291,0.00724732534339023,,0.01724730088331154,,0.12756310540827961,0.05489167484587853,0.008936112835293651,0.01081403696887367,,0.15509773522526726,,0.04006356289166775,0.04628809463022093,,,0.012877063889477701,0.013954910385932353,,,0.022259958459818263,0.001996953471022459,,,,,,,,,,,,,,,0.006910469072560396,,,,,,,,,,,,,,,,,,,,,,,,,0.0047173348568667365,0.019839133712507402,,,,,,,,,,,,,,,,,
2024-05-01,0.002907077460525932,,,0.0016987561891914596,,,,,,,,0.0025931027021551686,,,,,,,,0.004290764375405263,,,,,,,,,0.006750115106115077,,,,,,,0.003858744827270119,0.3184760542852538,0.006296991592361741,,0.08338439105344667,0.024490023209225498,0.01625856565910253,0.007220166269689722,,0.017153565949272483,,0.12506873240428307,0.05469600834129818,0.009242125726365352,0.010840586552928544,,0.15970995405777572,,0.04150588770530049,0.04873339004171563,,,0.013130268386919882,0.014146376484339725,,,0.022959797543340467,0.0020087230501563,,,,,,,,,,,,,,,0.006877685643055149,,,,,,,,,,,,,,,,,,,,,,,,,0.004775184337442735,0.02039657134030544,,,,,,,,,,,,,,,,,
2024-05-02,0.002922285546261109,,,0.0017048747569172015,,,,,,,,0.0026100836307985454,,,,,,,,0.004321701635868069,,,,,,,,,0.006735049028065946,,,,,,,0.0038465151387475044,0.3081399360228152,0.006242532754272505,,0.08489896257274915,0.023376854358329594,0.01694767959582215,0.007193007195989214,,0.017059831015233423,,0.12257435940028652,0.05450034183671783,0.00954813861743705,0.010867136136983419,,0.16432217289028414,,0.04294821251893323,0.051178685453210325,,,0.013383472884362065,0.014337842582747099,,,0.02365963662686267,0.0020204926292901413,,,,,,,,,,,,,,,0.006844902213549901,,,,,,,,,,,,,,,,,,,,,,,,,0.004833033818018735,0.020954008968103476,,,,,,,,,,,,,,,,,
2024-05-03,0.002937493631996286,,,0.0017109933246429437,,,,,,,,0.002627064559441922,,,,,,,,0.004352638896330875,,,,,,,,,0.006719982950016816,,,,,,,0.0038342854502248897,0.2978038177603767,0.006188073916183269,,0.0864135340920516,0.02226368550743369,0.017636793532541765,0.007165848122288706,,0.016966096081194364,,0.12007998639628996,0.05430467533213748,0.009854151508508751,0.010893685721038293,,0.16893439172279257,,0.04439053733256597,0.05362398086470502,,,0.013636677381804248,0.01452930868115447,,,0.024359475710384874,0.002032262208423982,,,,,,,,,,,,,,,0.006812118784044654,,,,,,,,,,,,,,,,,,,,,,,,,0.0048908832985947335,0.02151144659590151,,,,,,,,,,,,,,,,,
2024-05-04,0.0029527017177314627,,,0.0017171118923686856,,,,,,,,0.0026440454880852986,,,,,,,,0.0043835761567936815,,,,,,,,,0.0067049168719676856,,,,,,,0.0038220557617022746,0.28746769949793816,0.0061336150780940315,,0.08792810561135408,0.021150516656537784,0.018325907469261386,0.007138689048588198,,0.016872361147155308,,0.11758561339229341,0.05410900882755713,0.010160164399580451,0.010920235305093168,,0.17354661055530102,,0.0458328621461987,0.05606927627619972,,,0.01388988187924643,0.014720774779561845,,,0.025059314793907078,0.0020440317875578227,,,,,,,,,,,,,,,0.0067793353545394066,,,,,,,,,,,,,,,,,,,,,,,,,0.004948732779170732,0.022068884223699545,,,,,,,,,,,,,,,,,
2024-05-05,0.0029679098034666395,,,0.0017232304600944275,,,,,,,,0.0026610264167286754,,,,,,,,0.004414513417256487,,,,,,,,,0.006689850793918555,,,,,,,0.00380982607317966,0.2771315812354996,0.006079156240004795,,0.08944267713065654,0.02003734780564188,0.019015021405981002,0.00711152997488769,,0.016778626213116248,,0.11509124038829685,0.05391334232297678,0.01046617729065215,0.010946784889148043,,0.17815882938780947,,0.04727518695983145,0.05851457168769441,,,0.014143086376688613,0.014912240877969218,,,0.025759153877429282,0.002055801366691664,,,,,,,,,,,,,,,0.006746551925034159,,,,,,,,,,,,,,,,,,,,,,,,,0.005006582259746731,0.02262632185149758,,,,,,,,,,,,,,,,,
2024-05-06,0.002983117889201816,,,0.0017293490278201696,,,,,,,,0.0026780073453720517,,,,,,,,0.004445450677719293,,,,,,,,,0.006674784715869424,,,,,,,0.0037975963846570452,0.266795462973061,0.006024697401915559,,0.09095724864995902,0.018924178954745977,0.019704135342700622,0.007084370901187182,,0.01668489127907719,,0.1125968673843003,0.053717675818396426,0.01077219018172385,0.010973334473202917,,0.1827710482203179,,0.04871751177346418,0.0609598670991891,,,0.014396290874130795,0.015103706976376592,,,0.02645899296095149,0.0020675709458255046,,,,,,,,,,,,,,,0.0067137684955289115,,,,,,,,,,,,,,,,,,,,,,,,,0.00506443174032273,0.023183759479295615,,,,,,,,,,,,,,,,,
2024-05-07,0.0029983259749369927,,,0.0017354675955459117,,,,,,,,0.0026949882740154286,,,,,,,,0.004476387938182099,,,,,,,,,0.006659718637820293,,,,,,,0.0037853666961344306,0.2564593447106225,0.005970238563826322,,0.09247182016926148,0.017811010103850073,0.02039324927942024,0.007057211827486674,,0.016591156345038133,,0.11010249438030376,0.05352200931381608,0.01107820307279555,0.010999884057257792,,0.18738326705282632,,0.05015983658709692,0.0634051625106838,,,0.014649495371572977,0.015295173074783964,,,0.027158832044473693,0.002079340524959346,,,,,,,,,,,,,,,0.006680985066023664,,,,,,,,,,,,,,,,,,,,,,,,,0.005122281220898729,0.023741197107093652,,,,,,,,,,,,,,,,,
2024-05-08,0.0030135340606721695,,,0.0017415861632716536,,,,,,,,0.0027119692026588054,,,,,,,,0.004507325198644906,,,,,,,,,0.006644652559771163,,,,,,,0.0037731370076118155,0.24612322644818396,0.005915779725737085,,0.09398639168856396,0.01669784125295417,0.02108236321613986,0.007030052753786166,,0.016497421410999073,,0.10760812137630721,0.053326342809235726,0.01138421596386725,0.011026433641312667,,0.19199548588533477,,0.05160216140072966,0.0658504579221785,,,0.01490269986901516,0.015486639173191338,,,0.027858671127995897,0.0020911101040931865,,,,,,,,,,,,,,,0.006648201636518417,,,,,,,,,,,,,,,,,,,,,,,,,0.005180130701474728,0.02429863473489169,,,,,,,,,,,,,,,,,
2024-05-09,0.0030287421464073464,,,0.0017477047309973955,,,,,,,,0.0027289501313021818,,,,,,,,0.004538262459107711,,,,,,,,,0.006629586481722032,,,,,,,0.0037609073190892008,0.2357871081857454,0.005861320887647849,,0.09550096320786641,0.015584672402058266,0.021771477152859476,0.0070028936800856575,,0.016403686476960014,,0.10511374837231065,0.05313067630465538,0.01169022885493895,0.011052983225367541,,0.19660770471784322,,0.0530444862143624,0.06829575333367319,,,0.015155904366457341,0.01567810527159871,,,0.0285585102115181,0.0021028796832270272,,,,,,,,,,,,,,,0.00661541820701317,,,,,,,,,,,,,,,,,,,,,,,,,0.005237980182050727,0.024856072362689722,,,,,,,,,,,,,,,,,
2024-05-10,0.003043950232142523,,,0.0017538232987231376,,,,,,,,0.0027459310599455586,,,,,,,,0.004569199719570517,,,,,,,,,0.006614520403672901,,,,,,,0.003748677630566586,0.2254509899233068,0.005806862049558612,,0.0970155347271689,0.014471503551162362,0.022460591089579096,0.0069757346063851495,,0.016309951542920958,,0.1026193753683141,0.052935009800075025,0.01199624174601065,0.011079532809422416,,0.20121992355035165,,0.05448681102799514,0.07074104874516789,,,0.015409108863899524,0.015869571370006084,,,0.029258349295040304,0.0021146492623608684,,,,,,,,,,,,,,,0.006582634777507922,,,,,,,,,,,,,,,,,,,,,,,,,0.005295829662626726,0.025413509990487755,,,,,,,,,,,,,,,,,
2024-05-11,0.0030591583178777,,,0.0017599418664488796,,,,,,,,0.0027629119885889354,,,,,,,,0.004600136980033323,,,,,,,,,0.00659945432562377,,,,,,,0.003736447942043971,0.21511487166086826,0.0057524032114693755,,0.09853010624647136,0.013358334700266457,0.023149705026298716,0.006948575532684641,,0.0162162166088819,,0.10012500236431754,0.05273934329549468,0.012302254637082349,0.01110608239347729,,0.2058321423828601,,0.055929135841627876,0.07318634415666257,,0.0057524032114693755,0.015662313361341707,0.016061037468413458,,0.0047846888191998,0.029958188378562508,0.0021264188414947096,0.005353679143202725,,,,,,,,,,,,,,0.006549851348002675,,,,,,,,,,,,,,,,,,,,,,,,,0.005353679143202725,0.025970947618285792,,,,,,,,,,,,,,,,,
2024-05-12,0.003074366403612877,,,0.0017660604341746215,,,,,,,,0.0027798929172323118,,,,,,,,0.004631074240496129,,,,,,,,,0.0065843882475746405,,,,,,,0.0037242182535213563,0.21153687295459558,0.006345175142909902,,0.09591809943750762,0.013644859355519507,0.02550337607196217,0.007693854848011537,,,,0.09809362892771048,0.05144147890886022,0.013229483394839156,0.011650969019337,,0.20471474432962983,,0.057108351373158,0.07502329008032874,,0.0057410596221285515,0.015297044409505443,0.015902711377878218,,0.004807906458154317,0.03257538893237885,0.0021381884206285503,0.005339317816717932,,,,,,,,,,,,,,0.006898226216435358,,,,,,,,,,,,,,,,,,,,,,,,,0.005357704183552338,0.02527324851031324,,,,,,,,,,,,,,,,,
2024-05-13,0.0030895744893480537,,,0.0017721790019003636,,,,,,,,0.0027968738458756886,,,,,,,,0.0046620115009589356,,,,,,,,,0.00656932216952551,,,,,,,0.0037119885649987416,0.20795887424832293,0.006937947074350427,,0.09330609262854389,0.013931384010772556,0.027857047117625627,0.008439134163338432,,,,0.09606225549110341,0.050143614522225766,0.014156712152595965,0.012195855645196709,,0.20359734627639955,,0.05828756690468812,0.0768602360039949,,0.0057297160327877275,0.014931775457669178,0.015744385287342982,,0.004831124097108836,0.03519258948619519,0.002149957999762391,0.005324956490233139,,,,,,,,,,,,,,0.0072466010848680415,,,,,,,,,,,,,,,,,,,,,,,,,0.005361729223901951,0.024575549402340687,,,,,,,,,,,,,,,,,
2024-05-14,0.0031047825750832305,,,0.0017782975696261057,,,,,,,,0.0028138547745190654,,,,,,,,0.004692948761421741,,,,,,,,,0.006554256091476379,,,,,,,0.003699758876476127,0.20438087554205026,0.007530719005790953,,0.09069408581958015,0.014217908666025608,0.03021071816328908,0.009184413478665329,,,,0.09403088205449635,0.04884575013559131,0.015083940910352773,0.012740742271056416,,0.20247994822316928,,0.059466782436218245,0.07869718192766105,,0.0057183724434469035,0.014566506505832914,0.015586059196807745,,0.004854341736063353,0.03780979004001153,0.0021617275788962317,0.005310595163748346,,,,,,,,,,,,,,0.007594975953300724,,,,,,,,,,,,,,,,,,,,,,,,,0.0053657542642515646,0.023877850294368137,,,,,,,,,,,,,,,,,
2024-05-15,0.0031199906608184074,,,0.0017844161373518476,,,,,,,,0.0028308357031624418,,,,,,,,0.004723886021884547,,,,,,,,,0.006539190013427248,,,,,,,0.003687529187953512,0.20080287683577758,0.008123490937231479,,0.0880820790106164,0.014504433321278657,0.032564389208952535,0.009929692793992223,,,,0.09199950861788928,0.04754788574895685,0.01601116966810958,0.013285628896916125,,0.201362550169939,,0.06064599796774837,0.08053412785132721,,0.005707028854106079,0.01420123755399665,0.015427733106272507,,0.004877559375017871,0.04042699059382788,0.002173497158030073,0.005296233837263553,,,,,,,,,,,,,,0.007943350821733407,,,,,,,,,,,,,,,,,,,,,,,,,0.0053697793046011775,0.023180151186395586,,,,,,,,,,,,,,,,,
2024-05-16,0.003135198746553584,,,0.0017905347050775895,,,,,,,,0.0028478166318058186,,,,,,,,0.004754823282347354,,,,,,,,,0.006524123935378118,,,,,,,0.003675299499430897,0.19722487812950493,0.008716262868672005,,0.08547007220165267,0.014790957976531707,0.03491806025461599,0.01067497210931912,,,,0.08996813518128222,0.0462500213623224,0.016938398425866388,0.013830515522775835,,0.20024515211670874,,0.0618252134992785,0.08237107377499338,,0.005695685264765255,0.013835968602160385,0.015269407015737268,,0.004900777013972389,0.04304419114764422,0.002185266737163914,0.00528187251077876,,,,,,,,,,,,,,0.00829172569016609,,,,,,,,,,,,,,,,,,,,,,,,,0.00537380434495079,0.022482452078423032,,,,,,,,,,,,,,,,,
2024-05-17,0.003150406832288761,,,0.0017966532728033316,,,,,,,,0.0028647975604491954,,,,,,,,0.00478576054281016,,,,,,,,,0.006509057857328988,,,,,,,0.0036630698109082825,0.19364687942323225,0.009309034800112529,,0.08285806539268893,0.015077482631784756,0.03727173130027944,0.011420251424646016,,,,0.08793676174467514,0.04495215697568794,0.017865627183623195,0.014375402148635544,,0.19912775406347846,,0.06300442903080862,0.08420801969865954,,0.005684341675424431,0.01347069965032412,0.01511108092520203,,0.004923994652926907,0.045661391701460566,0.0021970363162977548,0.005267511184293967,,,,,,,,,,,,,,0.008640100558598773,,,,,,,,,,,,,,,,,,,,,,,,,0.005377829385300403,0.02178475297045048,,,,,,,,,,,,,,,,,
2024-05-18,0.0031656149180239374,,,0.0018027718405290735,,,,,,,,0.0028817784890925718,,,,,,,,0.0048166978032729655,,,,,,,,,0.006493991779279857,,,,,,,0.0036508401223856674,0.1900688807169596,0.009901806731553055,,0.08024605858372519,0.015364007287037806,0.0396254023459429,0.01216553073997291,,,,0.08590538830806808,0.043654292589053484,0.018792855941380006,0.014920288774495253,,0.1980103560102482,,0.06418364456233874,0.08604496562232569,,0.005672998086083607,0.013105430698487856,0.014952754834666793,,0.004947212291881425,0.048278592255276906,0.0022088058954315955,0.005253149857809174,,,,,,,,,,,,,,0.008988475427031456,,,,,,,,,,,,,,,,,,,,,,,,,0.005381854425650016,0.02108705386247793,,,,,,,,,,,,,,,,,
2024-05-19,0.0031808230037591143,,,0.0018088904082548154,,,,,,,,0.0028987594177359486,,,,,,,,0.004847635063735771,,,,,,,,,0.006478925701230726,,,,,,,0.0036386104338630527,0.18649088201068692,0.010494578662993581,,0.07763405177476146,0.015650531942290855,0.04197907339160635,0.012910810055299805,,,,0.08387401487146101,0.04235642820241903,0.019720084699136813,0.015465175400354962,,0.19689295795701792,,0.06536286009386887,0.08788191154599186,,0.005661654496742783,0.012740161746651591,0.014794428744131555,,0.004970429930835942,0.050895792809093246,0.0022205754745654362,0.0052387885313243815,,,,,,,,,,,,,,0.00933685029546414,,,,,,,,,,,,,,,,,,,,,,,,,0.00538587946599963,0.020389354754505377,,,,,,,,,,,,,,,,,
2024-05-20,0.003196031089494291,,,0.0018150089759805576,,,,,,,,0.0029157403463793254,,,,,,,,0.004878572324198577,,,,,,,,,0.0064638596231815955,,,,,,,0.003626380745340438,0.18291288330441424,0.011087350594434107,,0.07502204496579772,0.015937056597543905,0.04433274443726981,0.013656089370626701,,,,0.08184264143485395,0.04105856381578457,0.02064731345689362,0.01601006202621467,,0.19577555990378764,,0.06654207562539899,0.08971885746965802,,0.005650310907401959,0.012374892794815327,0.014636102653596317,,0.004993647569790461,0.053512993362909586,0.0022323450536992774,0.005224427204839588,,,,,,,,,,,,,,0.009685225163896822,,,,,,,,,,,,,,,,,,,,,,,,,0.005389904506349243,0.019691655646532826,,,,,,,,,,,,,,,,,
2024-05-21,0.003211239175229468,,,0.0018211275437062997,,,,,,,,0.0029327212750227018,,,,,,,,0.004909509584661384,,,,,,,,,0.006448793545132465,,,,,,,0.0036141510568178234,0.1793348845981416,0.011680122525874633,,0.07241003815683397,0.016223581252796958,0.04668641548293326,0.014401368685953597,,,,0.07981126799824688,0.039760699429150115,0.021574542214650428,0.01655494865207438,,0.19465816185055737,,0.06772129115692911,0.09155580339332418,,0.005638967318061135,0.012009623842979062,0.01447777656306108,,0.0050168652087449785,0.056130193916725926,0.0022441146328331186,0.005210065878354795,,,,,,,,,,,,,,0.010033600032329506,,,,,,,,,,,,,,,,,,,,,,,,,0.005393929546698856,0.018993956538560272,,,,,,,,,,,,,,,,,
2024-05-22,0.0032264472609646448,,,0.0018272461114320416,,,,,,,,0.0029497022036660786,,,,,,,,0.00494044684512419,,,,,,,,,0.006433727467083334,,,,,,,0.0036019213682952087,0.1757568858918689,0.012272894457315157,,0.06979803134787024,0.016510105908050007,0.04904008652859672,0.015146648001280492,,,,0.07777989456163982,0.03846283504251565,0.022501770972407235,0.017099835277934086,,0.1935407637973271,,0.06890050668845923,0.09339274931699035,,0.00562762372872031,0.011644354891142798,0.014319450472525842,,0.005040082847699496,0.05874739447054227,0.0022558842119669593,0.005195704551870003,,,,,,,,,,,,,,0.01038197490076219,,,,,,,,,,,,,,,,,,,,,,,,,0.005397954587048469,0.01829625743058772,,,,,,,,,,,,,,,,,
2024-05-23,0.0032416553466998216,,,0.0018333646791577835,,,,,,,,0.002966683132309455,,,,,,,,0.0049713841055869954,,,,,,,,,0.006418661389034203,,,,,,,0.0035896916797725936,0.17217888718559626,0.012865666388755685,,0.0671860245389065,0.016796630563303057,0.05139375757426017,0.015891927316607386,,,,0.07574852112503275,0.037164970655881195,0.023428999730164046,0.0176447219037938,,0.1924233657440968,,0.07007972221998936,0.0952296952406565,,0.005616280139379486,0.011279085939306533,0.014161124381990605,,0.005063300486654014,0.06136459502435862,0.0022676537911008,0.005181343225385209,,,,,,,,,,,,,,0.010730349769194871,,,,,,,,,,,,,,,,,,,,,,,,,0.005401979627398083,0.01759855832261517,,,,,,,,,,,,,,,,,
2024-05-24,0.003256863432434998,,,0.0018394832468835256,,,,,,,,0.0029836640609528318,,,,,,,,0.005002321366049802,,,,,,,,,0.0064035953109850725,,,,,,,0.003577461991249979,0.16860088847932359,0.01345843832019621,,0.06457401772994276,0.017083155218556106,0.053747428619923626,0.016637206631934284,,,,0.07371714768842569,0.03586710626924674,0.02435622848792085,0.018189608529653505,,0.19130596769086655,,0.07125893775151948,0.09706664116432266,,0.005604936550038662,0.010913816987470269,0.014002798291455367,,0.005086518125608532,0.06398179557817496,0.002279423370234641,0.005166981898900417,,,,,,,,,,,,,,0.011078724637627555,,,,,,,,,,,,,,,,,,,,,,,,,0.0054060046677476955,0.01690085921464262,,,,,,,,,,,,,,,,,
2024-05-25,0.003272071518170175,,,0.0018456018146092675,,,,,,,,0.0030006449895962086,,,,,,,,0.005033258626512608,,,,,,,,,0.006388529232935943,,,,,,,0.003565232302727364,0.1650228897730509,0.014051210251636734,,0.06196201092097903,0.017369679873809156,0.05610109966558709,0.01738248594726118,,,,0.07168577425181863,0.03456924188261228,0.02528345724567766,0.018734495155513214,,0.19018856963763625,,0.0724381532830496,0.09890358708798883,,0.005593592960697838,0.010548548035634004,0.013844472200920128,,0.00510973576456305,0.0665989961319913,0.002291192949368482,0.005152620572415624,,,,,,,,,,,,,,0.011427099506060238,,,,,,,,,,,,,,,,,,,,,,,,,0.0054100297080973084,0.016203160106670066,,,,,,,,,,,,,,,,,
2024-05-26,0.0032872796039053517,,,0.0018517203823350094,,,,,,,,0.003017625918239585,,,,,,,,0.005064195886975414,,,,,,,,,0.006373463154886812,,,,,,,0.003553002614204749,0.16144489106677823,0.014643982183077262,,0.059350004112015284,0.017656204529062205,0.058454770711250534,0.018127765262588073,,,,0.06965440081521156,0.033271377495977826,0.02621068600343447,0.019279381781372923,,0.18907117158440598,,0.07361736881457973,0.10074053301165499,,0.005582249371357014,0.01018327908379774,0.01368614611038489,,0.0051329534035175674,0.06921619668580764,0.002302962528502323,0.0051382592459308304,,,,,,,,,,,,,,0.01177547437449292,,,,,,,,,,,,,,,,,,,,,,,,,0.005414054748446921,0.015505460998697516,,,,,,,,,,,,,,,,,
2024-05-27,0.0033024876896405285,,,0.0018578389500607515,,,,,,,,0.003034606846882962,,,,,,,,0.00509513314743822,,,,,,,,,0.006358397076837681,,,,,,,0.0035407729256821344,0.15786689236050558,0.015236754114517786,,0.05673799730305155,0.017942729184315255,0.060808441756913995,0.01887304457791497,,,,0.06762302737860448,0.03197351310934337,0.027137914761191276,0.019824268407232632,,0.1879537735311757,,0.07479658434610985,0.10257747893532115,,0.00557090578201619,0.009818010131961475,0.013527820019849653,,0.005156171042472086,0.07183339723962398,0.0023147321076361638,0.005123897919446038,,,,,,,,,,,,,,0.012123849242925604,,,,,,,,,,,,,,,,,,,,,,,,,0.005418079788796534,0.014807761890724963,,,,,,,,,,,,,,,,,
2024-05-28,0.0033176957753757053,,,0.0018639575177864937,,,,,,,,0.0030515877755263386,,,,,,,,0.005126070407901025,,,,,,,,,0.0063433309987885505,,,,,,,0.0035285432371595198,0.15428889365423293,0.015829526045958314,,0.05412599049408781,0.018229253839568305,0.06316211280257744,0.019618323893241866,,,,0.06559165394199742,0.030675648722708913,0.028065143518948087,0.02036915503309234,,0.18683637547794543,,0.07597579987763997,0.1044144248589873,,0.005559562192675366,0.00945274118012521,0.013369493929314415,,0.0051793886814266036,0.07445059779344032,0.0023265016867700045,0.005109536592961245,,,,,,,,,,,,,,0.012472224111358288,,,,,,,,,,,,,,,,,,,,,,,,,0.005422104829146148,0.014110062782752411,,,,,,,,,,,,,,,,,
2024-05-29,0.003332903861110882,,,0.0018700760855122356,,,,,,,,0.003068568704169715,,,,,,,,0.005157007668363832,,,,,,,,,0.006328264920739421,,,,,,,0.003516313548636905,0.15071089494796025,0.016422297977398838,,0.05151398368512407,0.018515778494821354,0.0655157838482409,0.02036360320856876,,,,0.06356028050539037,0.029377784336074457,0.02899237227670489,0.02091404165895205,,0.18571897742471516,,0.0771550154091701,0.10625137078265347,,0.005548218603334541,0.009087472228288946,0.013211167838779177,,0.005202606320381121,0.07706779834725667,0.0023382712659038457,0.0050951752664764515,,,,,,,,,,,,,,0.01282059897979097,,,,,,,,,,,,,,,,,,,,,,,,,0.005426129869495761,0.01341236367477986,,,,,,,,,,,,,,,,,
2024-05-30,0.003348111946846059,,,0.0018761946532379775,,,,,,,,0.003085549632813092,,,,,,,,0.005187944928826638,,,,,,,,,0.00631319884269029,,,,,,,0.00350408386011429,0.14713289624168757,0.017015069908839362,,0.04890197687616033,0.018802303150074404,0.06786945489390435,0.02110888252389566,,,,0.06152890706878329,0.02807991994944,0.0299196010344617,0.02145892828481176,,0.1846015793714849,,0.07833423094070022,0.10808831670631963,,0.005536875013993717,0.008722203276452681,0.01305284174824394,,0.005225823959335639,0.07968499890107301,0.002350040845037687,0.005080813939991659,,,,,,,,,,,,,,0.013168973848223653,,,,,,,,,,,,,,,,,,,,,,,,,0.005430154909845374,0.012714664566807308,,,,,,,,,,,,,,,,,
2024-05-31,0.003363320032581236,,,0.0018823132209637196,,,,,,,,0.0031025305614564686,,,,,,,,0.005218882189289444,,,,,,,,,0.006298132764641159,,,,,,,0.0034918541715916753,0.1435548975354149,0.01760784184027989,,0.046289970067196595,0.019088827805327453,0.07022312593956781,0.02185416183922255,,,,0.059497533632176226,0.026782055562805544,0.030846829792218505,0.022003814910671465,,0.1834841813182546,,0.07951344647223035,0.10992526262998578,,0.005525531424652893,0.008356934324616417,0.012894515657708702,,0.005249041598290157,0.08230219945488935,0.0023618104241715275,0.005066452613506866,,,,,,,,,,,,,,0.013517348716656337,,,,,,,,,,,,,,,,,,,,,,,,,0.005434179950194987,0.012016965458834756,,,,,,,,,,,,,,,,,
2024-06-01,0.0033785281183164127,,,0.0018884317886894615,,,,,,,,0.003119511490099845,,,,,,,,0.0052498194497522495,,,,,,,,,0.006283066686592028,,,,,,,0.0034796244830690606,0.13997689882914224,0.018200613771720414,,0.04367796325823285,0.019375352460580503,0.07257679698523127,0.022599441154549448,,,,0.05746616019556916,0.025484191176171084,0.031774058549975316,0.022548701536531178,,0.18236678326502434,,0.08069266200376046,0.11176220855365196,,0.005514187835312069,0.007991665372780152,0.012736189567173465,,0.005272259237244675,0.0849194000087057,0.0023735800033053683,0.005052091287022073,,,,,,,,,,,,,,0.013865723585089019,,,,,,,,,,,,,,,,,,,,,,,,,0.0054382049905446,0.011319266350862205,,,,,,,,,,,,,,,,,
2024-06-02,0.0033937362040515895,,,0.0018945503564152036,,,,,,,,0.003136492418743222,,,,,,,,0.005280756710215056,,,,,,,,,0.006268000608542898,,,,,,,0.0034673947945464455,0.13639890012286957,0.018793385703160942,,0.041065956449269116,0.019661877115833552,0.07493046803089472,0.023344720469876342,,,,0.055434786758962094,0.024186326789536628,0.03270128730773212,0.023093588162390884,,0.18124938521179407,,0.0818718775352906,0.11359915447731811,,0.005502844245971245,0.007626396420943888,0.012577863476638227,,0.0052954768761991925,0.08753660056252204,0.002385349582439209,0.00503772996053728,,,,,,,,,,,,,,0.014214098453521702,,,,,,,,,,,,,,,,,,,,,,,,,0.0054422300308942136,0.010621567242889653,,,,,,,,,,,,,,,,,
2024-06-03,0.0034089442897867663,,,0.0019006689241409455,,,,,,,,0.003153473347386598,,,,,,,,0.005311693970677862,,,,,,,,,0.006252934530493767,,,,,,,0.003455165106023831,0.13282090141659691,0.019386157634601466,,0.03845394964030538,0.019948401771086605,0.07728413907655818,0.024089999785203237,,,,0.05340341332235503,0.022888462402902172,0.03362851606548893,0.023638474788250596,,0.1801319871585638,,0.08305109306682071,0.11543610040098427,,0.005491500656630421,0.0072611274691076234,0.012419537386102988,,0.00531869451515371,0.09015380111633838,0.00239711916157305,0.005023368634052487,,,,,,,,,,,,,,0.014562473321954386,,,,,,,,,,,,,,,,,,,,,,,,,0.0054462550712438265,0.0099238681349171,,,,,,,,,,,,,,,,,
2024-06-04,0.003424152375521943,,,0.0019067874918666874,,,,,,,,0.003170454276029975,,,,,,,,0.005342631231140668,,,,,,,,,0.006237868452444636,,,,,,,0.003442935417501216,0.12924290271032424,0.019978929566041994,,0.035841942831341636,0.020234926426339655,0.07963781012222163,0.024835279100530135,,,,0.05137203988574797,0.021590598016267715,0.03455574482324574,0.024183361414110302,,0.17901458910533352,,0.08423030859835084,0.11727304632465044,,0.005480157067289597,0.006895858517271359,0.012261211295567752,,0.005341912154108229,0.09277100167015473,0.0024088887407068913,0.005009007307567694,,,,,,,,,,,,,,0.014910848190387068,,,,,,,,,,,,,,,,,,,,,,,,,0.005450280111593439,0.00922616902694455,,,,,,,,,,,,,,,,,
2024-06-05,0.00343936046125712,,,0.0019129060595924295,,,,,,,,0.003187435204673352,,,,,,,,0.005373568491603474,,,,,,,,,0.006222802374395505,,,,,,,0.0034307057289786015,0.12566490400405156,0.020571701497482518,,0.03322993602237791,0.020521451081592704,0.08199148116788509,0.02558055841585703,,,,0.0493406664491409,0.020292733629633256,0.035482973581002546,0.02472824803997001,,0.17789719105210325,,0.08540952412988097,0.11910999224831659,,0.005468813477948772,0.006530589565435094,0.012102885205032513,,0.005365129793062746,0.09538820222397107,0.002420658319840732,0.004994645981082901,,,,,,,,,,,,,,0.01525922305881975,,,,,,,,,,,,,,,,,,,,,,,,,0.005454305151943052,0.008528469918971996,,,,,,,,,,,,,,,,,
2024-06-06,0.003454568546992297,,,0.0019190246273181714,,,,,,,,0.003204416133316728,,,,,,,,0.0054045057520662795,,,,,,,,,0.006207736296346375,,,,,,,0.003418476040455987,0.12208690529777891,0.021164473428923043,,0.030617929213414163,0.020807975736845754,0.08434515221354853,0.026325837731183924,,,,0.04730929301253384,0.0189948692429988,0.036410202338759357,0.02527313466582972,,0.17677979299887298,,0.08658873966141109,0.12094693817198277,,0.005457469888607948,0.00616532061359883,0.011944559114497275,,0.005388347432017264,0.09800540277778741,0.0024324278989745728,0.004980284654598108,,,,,,,,,,,,,,0.015607597927252435,,,,,,,,,,,,,,,,,,,,,,,,,0.005458330192292666,0.007830770810999445,,,,,,,,,,,,,,,,,
2024-06-07,0.003469776632727473,,,0.0019251431950439136,,,,,,,,0.003221397061960105,,,,,,,,0.005435443012529086,,,,,,,,,0.006192670218297244,,,,,,,0.0034062463519333717,0.11850890659150623,0.02175724536036357,,0.02800592240445042,0.021094500392098803,0.086698823259212,0.02707111704651082,,,,0.04527791957592677,0.017697004856364343,0.03733743109651616,0.02581802129168943,,0.1756623949456427,,0.08776795519294121,0.12278388409564892,,0.005446126299267124,0.005800051661762565,0.011786233023962037,,0.005411565070971782,0.10062260333160375,0.002444197478108414,0.004965923328113315,,,,,,,,,,,,,,0.015955972795685117,,,,,,,,,,,,,,,,,,,,,,,,,0.005462355232642279,0.007133071703026895,,,,,,,,,,,,,,,,,
2024-06-08,0.00348498471846265,,,0.0019312617627696555,,,,,,,,0.003238377990603482,,,,,,,,0.005466380272991892,,,,,,,,,0.006177604140248114,,,,,,,0.0033940166634107566,0.11493090788523357,0.022350017291804095,,0.02539391559548669,0.021381025047351853,0.08905249430487545,0.027816396361837716,,,,0.0432465461393197,0.016399140469729883,0.03826465985427297,0.02636290791754914,0.005466380272991892,0.17454499689241243,,0.08894717072447134,0.12462083001931508,0.006435372595054342,0.0054347827099263,0.0054347827099263,0.0116279069334268,,0.0054347827099263,0.10323980388542009,0.0024559670572422546,0.0049515620016285225,,,,,,0.02331900953625633,,,,,,,,0.0163043476641178,,,,,,,,,,,,,,,,,,,,,,,,,0.005466380272991892,0.006435372595054342,,,,,,,,,,,,,,,,,
2024-06-09,0.003500192804197827,,,0.0019373803304953976,,,,,,,,0.003255358919246858,,,,,,,,0.005454136511876317,,,,,,,,,0.006162538062198983,,,,,,,0.003381786974888142,0.11173075043951117,0.021844542419005658,,,0.02076378702518657,0.08729667552480733,0.027644569227482967,,,,0.042255297138278025,0.016106196912005526,0.037928464955517195,0.02684600293702838,0.005436221790053663,0.17146200775390572,,0.09019359254411281,0.1267467142481889,0.008741938612989218,0.005525608803422702,,0.012059110809960123,,0.005386594375262769,0.1071084260364018,0.002467736636376096,0.004937200675143729,,,,,,0.025234430945212223,,,,,,,,0.015893765891502994,,,,,,,,,,,,,,,,,,,,,,,,,,0.006758808363450715,,,,,,,,,,,,,,,,,
2024-06-10,0.0035154008899330037,,,0.0019434988982211395,,,,,,,,0.003272339847890235,,,,,,,,0.005441892750760744,,,,,,,,,0.006147471984149853,,,,,,,0.0033695572863655272,0.10853059299378877,0.021339067546207225,,,0.020146549003021284,0.0855408567447392,0.027472742093128215,,,,0.041264048137236345,0.01581325335428117,0.03759227005676141,0.02732909795650762,0.005406063307115435,0.16837901861539903,,0.09144001436375429,0.12887259847706273,0.011048504630924095,0.005616434896919103,,0.012490314686493444,,0.005338406040599238,0.1109770481873835,0.0024795062155099365,0.004922839348658936,,,,,,0.02714985235416812,,,,,,,,0.015483184118888191,,,,,,,,,,,,,,,,,,,,,,,,,,0.0070822441318470885,,,,,,,,,,,,,,,,,
2024-06-11,0.0035306089756681805,,,0.0019496174659468814,,,,,,,,0.0032893207765336114,,,,,,,,0.005429648989645169,,,,,,,,,0.006132405906100722,,,,,,,0.0033573275978429126,0.10533043554806638,0.02083359267340879,,,0.019529310980856,0.08378503796467107,0.027300914958773466,,,,0.04027279913619467,0.015520309796556813,0.037256075158005636,0.027812192975986857,0.005375904824177206,0.16529602947689231,,0.09268643618339577,0.13099848270593653,0.01335507064885897,0.005707260990415505,,0.012921518563026767,,0.005290217705935707,0.11484567033836522,0.0024912757946437773,0.004908478022174144,,,,,,0.029065273763124014,,,,,,,,0.015072602346273386,,,,,,,,,,,,,,,,,,,,,,,,,,0.0074056799002434615,,,,,,,,,,,,,,,,,
2024-06-12,0.003545817061403357,,,0.0019557360336726233,,,,,,,,0.003306301705176988,,,,,,,,0.0054174052285295956,,,,,,,,,0.006117339828051592,,,,,,,0.003345097909320298,0.10213027810234399,0.020328117800610352,,,0.018912072958690716,0.08202921918460294,0.027129087824418713,,,,0.039281550135153,0.015227366238832456,0.03691988025924985,0.028295287995466097,0.005345746341238977,0.1622130403383856,,0.09393285800303725,0.13312436693481036,0.01566163666679385,0.005798087083911907,,0.01335272243956009,,0.005242029371272176,0.11871429248934694,0.0025030453737776184,0.00489411669568935,,,,,,0.03098069517207991,,,,,,,,0.014662020573658582,,,,,,,,,,,,,,,,,,,,,,,,,,0.007729115668639834,,,,,,,,,,,,,,,,,
2024-06-13,0.0035610251471385338,,,0.0019618546013983654,,,,,,,,0.003323282633820365,,,,,,,,0.005405161467414021,,,,,,,,,0.006102273750002461,,,,,,,0.003332868220797683,0.09893012065662159,0.019822642927811916,,,0.018294834936525433,0.08027340040453482,0.026957260690063965,,,,0.038290301134111325,0.0149344226811081,0.03658368536049408,0.028778383014945338,0.005315587858300748,0.1591300511998789,,0.09517927982267872,0.1352502511636842,0.017968202684728724,0.0058889131774083085,,0.013783926316093414,,0.005193841036608645,0.12258291464032864,0.0025148149529114596,0.004879755369204557,,,,,,0.032896116581035806,,,,,,,,0.014251438801043778,,,,,,,,,,,,,,,,,,,,,,,,,,0.008052551437036207,,,,,,,,,,,,,,,,,
2024-06-14,0.0035762332328737106,,,0.0019679731691241075,,,,,,,,0.0033402635624637414,,,,,,,,0.0053929177062984465,,,,,,,,,0.0060872076719533305,,,,,,,0.003320638532275068,0.09572996321089919,0.019317168055013482,,,0.017677596914360147,0.07851758162446668,0.026785433555709216,,,,0.037299052133069645,0.014641479123383743,0.036247490461738294,0.029261478034424578,0.005285429375362519,0.1560470620613722,,0.0964257016423202,0.137376135392558,0.0202747687026636,0.0059797392709047105,,0.014215130192626737,,0.005145652701945115,0.12645153679131035,0.0025265845320453003,0.004865394042719765,,,,,,0.0348115379899917,,,,,,,,0.013840857028428974,,,,,,,,,,,,,,,,,,,,,,,,,,0.008375987205432582,,,,,,,,,,,,,,,,,
2024-06-15,0.0035914413186088874,,,0.0019740917368498492,,,,,,,,0.003357244491107118,,,,,,,,0.005380673945182873,,,,,,,,,0.0060721415939042,,,,,,,0.0033084088437524534,0.0925298057651768,0.018811693182215046,,,0.017060358892194864,0.07676176284439855,0.026613606421354463,,,,0.03630780313202797,0.014348535565659386,0.03591129556298252,0.029744573053903815,0.005255270892424291,0.15296407292286548,,0.09767212346196168,0.13950201962143183,0.022581334720598478,0.006070565364401113,,0.014646334069160058,,0.005097464367281583,0.13032015894229207,0.002538354111179141,0.004851032716234971,,,,,,0.036726959398947594,,,,,,,,0.01343027525581417,,,,,,,,,,,,,,,,,,,,,,,,,,0.008699422973828953,,,,,,,,,,,,,,,,,
2024-06-16,0.0036066494043440643,,,0.001980210304575592,,,,,,,,0.003374225419750495,,,,,,,,0.005368430184067298,,,,,,,,,0.006057075515855069,,,,,,,0.0032961791552298383,0.0893296483194544,0.01830621830941661,,,0.01644312087002958,0.07500594406433042,0.026441779286999714,,,,0.0353165541309863,0.01405559200793503,0.03557510066422674,0.030227668073383056,0.005225112409486062,0.1498810837843588,,0.09891854528160315,0.14162790385030566,0.024887900738533354,0.006161391457897514,,0.015077537945693381,,0.0050492760326180525,0.13418878109327378,0.0025501236903129818,0.004836671389750179,,,,,,0.03864238080790349,,,,,,,,0.013019693483199367,,,,,,,,,,,,,,,,,,,,,,,,,,0.009022858742225328,,,,,,,,,,,,,,,,,
2024-06-17,0.003621857490079241,,,0.0019863288723013335,,,,,,,,0.0033912063483938714,,,,,,,,0.005356186422951725,,,,,,,,,0.006042009437805938,,,,,,,0.0032839494667072236,0.086129490873732,0.017800743436618173,,,0.015825882847864296,0.0732501252842623,0.026269952152644965,,,,0.034325305129944625,0.013762648450210673,0.03523890576547096,0.030710763092862296,0.005194953926547834,0.14679809464585208,,0.10016496710124463,0.14375378807917946,0.02719446675646823,0.006252217551393916,,0.015508741822226705,,0.005001087697954522,0.13805740324425547,0.002561893269446823,0.004822310063265386,,,,,,0.04055780221685938,,,,,,,,0.012609111710584563,,,,,,,,,,,,,,,,,,,,,,,,,,0.009346294510621701,,,,,,,,,,,,,,,,,
2024-06-18,0.003637065575814418,,,0.001992447440027075,,,,,,,,0.003408187277037248,,,,,,,,0.00534394266183615,,,,,,,,,0.0060269433597568076,,,,,,,0.003271719778184609,0.08292933342800961,0.01729526856381974,,,0.015208644825699011,0.07149430650419417,0.026098125018290213,,,,0.033334056128902945,0.013469704892486316,0.03490271086671518,0.031193858112341537,0.005164795443609605,0.1437151055073454,,0.10141138892088611,0.1458796723080533,0.029501032774403108,0.006343043644890318,,0.015939945698760026,,0.00495289936329099,0.1419260253952372,0.002573662848580664,0.0048079487367805925,,,,,,0.04247322362581528,,,,,,,,0.012198529937969757,,,,,,,,,,,,,,,,,,,,,,,,,,0.009669730279018074,,,,,,,,,,,,,,,,,
2024-06-19,0.0036522736615495948,,,0.0019985660077528177,,,,,,,,0.003425168205680625,,,,,,,,0.005331698900720576,,,,,,,,,0.006011877281707677,,,,,,,0.0032594900896619943,0.07972917598228721,0.016789793691021303,,,0.014591406803533727,0.06973848772412604,0.025926297883935464,,,,0.03234280712786127,0.013176761334761962,0.0345665159679594,0.03167695313182078,0.0051346369606713755,0.14063211636883868,,0.10265781074052759,0.1480055565369271,0.031807598792337986,0.00643386973838672,,0.01637114957529335,,0.00490471102862746,0.1457946475462189,0.002585432427714505,0.004793587410295799,,,,,,0.044388645034771176,,,,,,,,0.011787948165354955,,,,,,,,,,,,,,,,,,,,,,,,,,0.009993166047414447,,,,,,,,,,,,,,,,,
2024-06-20,0.0036674817472847716,,,0.0020046845754785594,,,,,,,,0.0034421491343240014,,,,,,,,0.005319455139605002,,,,,,,,,0.005996811203658546,,,,,,,0.0032472604011393796,0.07652901853656482,0.01628431881822287,,,0.013974168781368444,0.06798266894405791,0.02575447074958071,,,,0.0313515581268196,0.012883817777037605,0.03423032106920362,0.03216004815130002,0.005104478477733147,0.13754912723033197,,0.10390423256016906,0.15013144076580093,0.03411416481027286,0.006524695831883121,,0.016802353451826672,,0.004856522693963928,0.14966326969720062,0.0025972020068483455,0.004779226083811007,,,,,,0.046304066443727074,,,,,,,,0.01137736639274015,,,,,,,,,,,,,,,,,,,,,,,,,,0.01031660181581082,,,,,,,,,,,,,,,,,
2024-06-21,0.0036826898330199484,,,0.0020108031432043015,,,,,,,,0.003459130062967378,,,,,,,,0.005307211378489427,,,,,,,,,0.005981745125609415,,,,,,,0.0032350307126167645,0.07332886109084243,0.015778843945424434,,,0.01335693075920316,0.06622685016398978,0.025582643615225963,,,,0.030360309125777918,0.012590874219313248,0.03389412617044785,0.03264314317077926,0.005074319994794918,0.13446613809182528,,0.10515065437981054,0.15225732499467476,0.03642073082820774,0.006615521925379523,,0.017233557328359995,,0.004808334359300398,0.15353189184818233,0.0026089715859821862,0.004764864757326214,,,,,,0.048219487852682964,,,,,,,,0.010966784620125345,,,,,,,,,,,,,,,,,,,,,,,,,,0.010640037584207195,,,,,,,,,,,,,,,,,
2024-06-22,0.0036978979187551253,,,0.0020169217109300436,,,,,,,,0.0034761109916107546,,,,,,,,0.005294967617373854,,,,,,,,,0.0059666790475602855,,,,,,,0.00322280102409415,0.07012870364512003,0.015273369072625997,,,0.012739692737037876,0.06447103138392166,0.025410816480871214,,,,0.029369060124736245,0.012297930661588892,0.033557931271692064,0.03312623819025849,0.00504416151185669,0.13138314895331857,,0.10639707619945202,0.15438320922354856,0.038727296846142616,0.006706348018875924,,0.01766476120489332,,0.004760146024636867,0.15740051399916405,0.0026207411651160274,0.004750503430841421,,,,,,0.050134909261638855,,,,,,,,0.010556202847510542,,,,,,,,,,,,,,,,,,,,,,,,,,0.010963473352603566,,,,,,,,,,,,,,,,,
2024-06-23,0.003713106004490302,,,0.0020230402786557853,,,,,,,,0.0034930919202541314,,,,,,,,0.005282723856258279,,,,,,,,,0.005951612969511155,,,,,,,0.0032105713355715347,0.06692854619939764,0.014767894199827561,,,0.012122454714872591,0.06271521260385352,0.02523898934651646,,,,0.02837781112369457,0.012004987103864535,0.03322173637293629,0.03360933320973773,0.005014003028918461,0.12830015981481185,,0.1076434980190935,0.1565090934524224,0.04103386286407749,0.006797174112372326,,0.018095965081426642,,0.0047119576899733355,0.16126913615014576,0.0026325107442498686,0.004736142104356628,,,,,,0.05205033067059475,,,,,,,,0.010145621074895736,,,,,,,,,,,,,,,,,,,,,,,,,,0.01128690912099994,,,,,,,,,,,,,,,,,
2024-06-24,0.003728314090225479,,,0.0020291588463815275,,,,,,,,0.003510072848897508,,,,,,,,0.0052704800951427055,,,,,,,,,0.005936546891462024,,,,,,,0.00319834164704892,0.06372838875367523,0.014262419327029126,,,0.011505216692707307,0.060959393823785395,0.025067162212161712,,,,0.027386562122652894,0.011712043546140178,0.032885541474180505,0.03409242822921697,0.004983844545980233,0.12521717067630517,,0.10888991983873497,0.1586349776812962,0.043340428882012366,0.006888000205868728,,0.018527168957959965,,0.004663769355309805,0.16513775830112745,0.0026442803233837093,0.004721780777871835,,,,,,0.05396575207955065,,,,,,,,0.009735039302280934,,,,,,,,,,,,,,,,,,,,,,,,,,0.011610344889396313,,,,,,,,,,,,,,,,,
2024-06-25,0.0037435221759606558,,,0.0020352774141072696,,,,,,,,0.0035270537775408846,,,,,,,,0.005258236334027131,,,,,,,,,0.005921480813412894,,,,,,,0.0031861119585263054,0.06052823130795284,0.013756944454230691,,,0.010887978670542022,0.05920357504371727,0.02489533507780696,,,,0.026395313121611218,0.011419099988415822,0.03254934657542473,0.03457552324869621,0.004953686063042004,0.12213418153779845,,0.11013634165837645,0.16076086191017003,0.045646994899947245,0.00697882629936513,,0.018958372834493288,,0.004615581020646273,0.16900638045210917,0.00265604990251755,0.0047074194513870415,,,,,,0.05588117348850655,,,,,,,,0.009324457529666128,,,,,,,,,,,,,,,,,,,,,,,,,,0.011933780657792686,,,,,,,,,,,,,,,,,
2024-06-26,0.003758730261695832,,,0.0020413959818330113,,,,,,,,0.0035440347061842614,,,,,,,,0.005245992572911556,,,,,,,,,0.005906414735363763,,,,,,,0.0031738822700036907,0.05732807386223045,0.013251469581432255,,,0.010270740648376738,0.05744775626364914,0.02472350794345221,,,,0.025404064120569544,0.011126156430691465,0.03221315167666895,0.035058618268175454,0.0049235275801037745,0.11905119239929174,,0.11138276347801793,0.16288674613904386,0.04795356091788212,0.0070696523928615316,,0.019389576711026608,,0.004567392685982743,0.17287500260309088,0.002667819481651391,0.004693058124902249,,,,,,0.057796594897462444,,,,,,,,0.008913875757051324,,,,,,,,,,,,,,,,,,,,,,,,,,0.012257216426189061,,,,,,,,,,,,,,,,,
2024-06-27,0.003773938347431009,,,0.0020475145495587534,,,,,,,,0.003561015634827638,,,,,,,,0.005233748811795983,,,,,,,,,0.005891348657314633,,,,,,,0.003161652581481076,0.05412791641650805,0.01274599470863382,,,0.009653502626211454,0.055691937483581005,0.024551680809097462,,,,0.024412815119527868,0.010833212872967108,0.03187695677791317,0.035541713287654694,0.004893369097165546,0.11596820326078504,,0.1126291852976594,0.1650126303679177,0.050260126935816996,0.007160478486357934,,0.01982078058755993,,0.004519204351319212,0.17674362475407257,0.0026795890607852323,0.004678696798417456,,,,,,0.05971201630641833,,,,,,,,0.00850329398443652,,,,,,,,,,,,,,,,,,,,,,,,,,0.012580652194585432,,,,,,,,,,,,,,,,,
2024-06-28,0.003789146433166186,,,0.0020536331172844955,,,,,,,,0.0035779965634710146,,,,,,,,0.005221505050680408,,,,,,,,,0.005876282579265502,,,,,,,0.003149422892958461,0.05092775897078565,0.012240519835835384,,,0.00903626460404617,0.05393611870351288,0.02437985367474271,,,,0.023421566118486194,0.010540269315242752,0.03154076187915739,0.036024808307133935,0.004863210614227317,0.11288521412227834,,0.11387560711730088,0.1671385145967915,0.052566692953751874,0.007251304579854335,,0.020251984464093254,,0.004471016016655681,0.18061224690505429,0.002691358639919073,0.0046643354719326634,,,,,,0.061627437715374225,,,,,,,,0.008092712211821717,,,,,,,,,,,,,,,,,,,,,,,,,,0.012904087962981807,,,,,,,,,,,,,,,,,
2024-06-29,0.0038043545189013627,,,0.002059751685010237,,,,,,,,0.0035949774921143914,,,,,,,,0.0052092612895648345,,,,,,,,,0.005861216501216371,,,,,,,0.003137193204435846,0.047727601525063265,0.011735044963036949,,,0.008419026581880887,0.05218029992344475,0.02420802654038796,,,,0.022430317117444518,0.010247325757518397,0.03120456698040161,0.036507903326613175,0.004833052131289089,0.10980222498377162,,0.11512202893694236,0.1692643988256653,0.054873258971686746,0.007342130673350737,,0.020683188340626577,,0.00442282768199215,0.184480869056036,0.002703128219052914,0.00464997414544787,,,,,,0.06354285912433012,,,,,,,,0.007682130439206913,,,,,,,,,,,,,,,,,,,,,,,,,,0.01322752373137818,,,,,,,,,,,,,,,,,
2024-06-30,0.0038195626046365395,,,0.0020658702527359797,,,,,,,,0.0036119584207577682,,,,,,,,0.00519701752844926,,,,,,,,,0.0058461504231672404,,,,,,,0.003124963515913231,0.04452744407934087,0.011229570090238512,,,0.0078017885597156025,0.05042448114337662,0.024036199406033208,,,,0.021439068116402844,0.00995438219979404,0.030868372081645834,0.036990998346092416,0.00480289364835086,0.10671923584526492,,0.11636845075658384,0.17139028305453913,0.057179824989621625,0.007432956766847139,,0.021114392217159897,,0.004374639347328619,0.18834949120701772,0.0027148977981867545,0.004635612818963077,,,,,,0.06545828053328602,,,,,,,,0.007271548666592109,,,,,,,,,,,,,,,,,,,,,,,,,,0.013550959499774553,,,,,,,,,,,,,,,,,
2024-07-01,0.003834770690371716,,,0.0020719888204617214,,,,,,,,0.0036289393494011446,,,,,,,,0.005184773767333686,,,,,,,,,0.00583108434511811,,,,,,,0.0031127338273906164,0.04132728663361847,0.010724095217440078,,,0.007184550537550318,0.048668662363308496,0.02386437227167846,,,,0.020447819115361168,0.009661438642069684,0.030532177182890054,0.037474093365571656,0.004772735165412631,0.10363624670675822,,0.11761487257622531,0.17351616728341296,0.059486391007556504,0.007523782860343541,,0.02154559609369322,,0.004326451012665088,0.19221811335799943,0.0027266673773205957,0.0046212514924782845,,,,,,0.06737370194224192,,,,,,,,0.006860966893977303,,,,,,,,,,,,,,,,,,,,,,,,,,0.013874395268170926,,,,,,,,,,,,,,,,,
2024-07-02,0.0038499787761068927,,,0.002078107388187463,,,,,,,,0.0036459202780445214,,,,,,,,0.005172530006218112,,,,,,,,,0.005816018267068979,,,,,,,0.0031005041388680018,0.03812712918789607,0.010218620344641643,,,0.006567312515385034,0.04691284358324037,0.02369254513732371,,,,0.01945657011431949,0.009368495084345327,0.030195982284134275,0.0379571883850509,0.004742576682474403,0.10055325756825151,,0.11886129439586679,0.1756420515122868,0.061792957025491375,0.007614608953839942,,0.021976799970226543,,0.004278262678001557,0.19608673550898115,0.002738436956454437,0.004606890165993491,,,,,,0.06928912335119781,,,,,,,,0.006450385121362499,,,,,,,,,,,,,,,,,,,,,,,,,,0.014197831036567299,,,,,,,,,,,,,,,,,
2024-07-03,0.0038651868618420696,,,0.0020842259559132057,,,,,,,,0.003662901206687898,,,,,,,,0.005160286245102537,,,,,,,,,0.005800952189019848,,,,,,,0.003088274450345387,0.03492697174217367,0.009713145471843206,,,0.005950074493219749,0.045157024803172234,0.023520718002968958,,,,0.018465321113277817,0.00907555152662097,0.0298597873853785,0.03844028340453013,0.0047124181995361735,0.09747026842974481,,0.12010771621550827,0.1777679357411606,0.06409952304342625,0.007705435047336344,,0.022408003846759866,,0.004230074343338027,0.19995535765996286,0.0027502065355882776,0.004592528839508698,,,,,,0.0712045447601537,,,,,,,,0.0060398033487476955,,,,,,,,,,,,,,,,,,,,,,,,,,0.014521266804963674,,,,,,,,,,,,,,,,,
2024-07-04,0.0038803949475772464,,,0.0020903445236389474,,,,,,,,0.0036798821353312746,,,,,,,,0.005148042483986964,,,,,,,,,0.0057858861109707175,,,,,,,0.0030760447618227724,0.031726814296451286,0.009207670599044772,,,0.005332836471054467,0.04340120602310411,0.02334889086861421,,,,0.01747407211223614,0.008782607968896614,0.029523592486622716,0.03892337842400937,0.004682259716597945,0.09438727929123811,,0.12135413803514974,0.17989381997003442,0.06640608906136114,0.007796261140832745,,0.02283920772329319,,0.004181886008674495,0.20382397981094458,0.0027619761147221183,0.004578167513023906,,,,,,0.0731199661691096,,,,,,,,0.005629221576132892,,,,,,,,,,,,,,,,,,,,,,,,,,0.014844702573360045,,,,,,,,,,,,,,,,,
2024-07-05,0.0038956030333124232,,,0.0020964630913646895,,,,,,,,0.0036968630639746514,,,,,,,,0.005135798722871389,,,,,,,,,0.005770820032921588,,,,,,,0.0030638150733001573,0.028526656850728888,0.008702195726246335,,,0.004715598448889181,0.04164538724303598,0.023177063734259457,,,,0.016482823111194467,0.008489664411172257,0.02918739758786694,0.03940647344348861,0.004652101233659716,0.09130429015273141,,0.12260055985479122,0.18201970419890823,0.06871265507929601,0.007887087234329147,,0.023270411599826513,,0.004133697674010965,0.2076926019619263,0.002773745693855959,0.004563806186539112,,,,,,0.0750353875780655,,,,,,,,0.005218639803518088,,,,,,,,,,,,,,,,,,,,,,,,,,0.01516813834175642,,,,,,,,,,,,,,,,,
2024-07-06,0.0039108111190476,,,0.0021025816590904316,,,,,,,,0.003713843992618028,,,,,,,,0.005123554961755815,,,,,,,,,0.005755753954872457,,,,,,,0.0030515853847775426,0.025326499405006486,0.0081967208534479,,,0.0040983604267239,0.03988956846296785,0.023005236599904708,,,,0.015491574110152792,0.0081967208534479,0.02885120268911116,0.03988956846296785,0.004621942750721487,0.08822130101422469,0.0083565460518002,0.1238469816744327,0.18414558842778206,0.0710192210972309,0.00797791332782555,,0.023701615476359836,,0.004085509339347433,0.21156122411290798,0.0027855152729898,0.004549444860054319,,,,,,0.07695080898702139,,0.0027855152729898,,,,,,0.004808058030903283,,,,,,,,,,,,,,,,,,,,,,,,,,0.015491574110152792,,,,,,,,,,,,,,,,,
2024-07-07,0.003888352552736056,,,0.0021087002268161733,,,,,,,,0.0037308249212614046,,,,,,,,0.005111311200640241,,,,,,,,,0.005740687876823326,,,,,,,0.0030393556962549275,0.025378780237155042,0.008011231961496536,,,0.004072148757889655,0.038968234130325484,0.02244463751170155,,,,0.015129663339827093,,0.029051825758956654,0.03970555504340499,0.004591784267783259,0.0867170163075484,0.008436414797047459,0.12353126824434309,0.18437345844826528,0.07561468563619113,0.007884984968335439,,0.02348644284176676,,0.0040373210046839025,0.21138798764773772,0.0028950029130403523,0.004535083533569527,,,,,,0.07586473757622847,,0.002881794966967887,,,,,,0.005302090874119117,,,,,,,,,,,,,,,,,,,,,,,,,,0.015003557732381408,,,,,,,,,,,,,,,,,
2024-07-08,0.003865893986424512,,,0.0021148187945419154,,,,,,,,0.0037478058499047814,,,,,,,,0.005099067439524666,,,,,,,,,0.005725621798774195,,,,,,,0.003027126007732313,0.0254310610693036,0.007825743069545173,,,0.004045937089055409,0.038046899797683116,0.021884038423498387,,,,0.014767752569501394,,0.029252448828802152,0.039521541623842124,0.00456162578484503,0.08521273160087212,0.008516283542294716,0.12321555481425349,0.1846013284687485,0.08021015017515136,0.0077920566088453295,,0.023271270207173685,,0.003989132670020372,0.21121475118256744,0.003004490553090904,0.0045207222070847335,,,,,,0.07477866616543555,,0.002978074660945973,,,,,,0.005796123717334952,,,,,,,,,,,,,,,,,,,,,,,,,,0.014515541354610023,,,,,,,,,,,,,,,,,
2024-07-09,0.003843435420112968,,,0.0021209373622676575,,,,,,,,0.003764786778548158,,,,,,,,0.005086823678409093,,,,,,,,,0.0057105557207250655,,,,,,,0.003014896319209698,0.025483341901452156,0.0076402541775938086,,,0.004019725420221164,0.03712556546504075,0.02132343933529523,,,,0.014405841799175693,,0.029453071898647647,0.03933752820427926,0.004531467301906802,0.08370844689419582,0.008596152287541974,0.12289984138416388,0.1848291984892317,0.08480561471411159,0.00769912824935522,,0.023056097572580606,,0.00394094433535684,0.21104151471739718,0.0031139781931414563,0.00450636088059994,,,,,,0.07369259475464261,,0.00307435435492406,,,,,,0.006290156560550786,,,,,,,,,,,,,,,,,,,,,,,,,,0.014027524976838639,,,,,,,,,,,,,,,,,
2024-07-10,0.003820976853801424,,,0.0021270559299933992,,,,,,,,0.0037817677071915346,,,,,,,,0.005074579917293518,,,,,,,,,0.005695489642675935,,,,,,,0.0030026666306870835,0.025535622733600712,0.007454765285642444,,,0.003993513751386919,0.03620423113239838,0.020762840247092067,,,,0.014043931028849994,,0.029653694968493145,0.039153514784716396,0.0045013088189685725,0.08220416218751952,0.008676021032789232,0.12258412795407427,0.18505706850971493,0.08940107925307181,0.0076061998898651105,,0.02284092493798753,,0.00389275600069331,0.2108682782522269,0.0032234658331920085,0.004491999554115148,,,,,,0.07260652334384969,,0.0031706340489021465,,,,,,0.00678418940376662,,,,,,,,,,,,,,,,,,,,,,,,,,0.013539508599067255,,,,,,,,,,,,,,,,,
2024-07-11,0.00379851828748988,,,0.0021331744977191413,,,,,,,,0.003798748635834911,,,,,,,,0.0050623361561779445,,,,,,,,,0.005680423564626804,,,,,,,0.002990436942164469,0.02558790356574927,0.0072692763936910805,,,0.003967302082552674,0.03528289679975601,0.020202241158888908,,,,0.013682020258524295,,0.02985431803833864,0.038969501365153536,0.004471150336030344,0.08069987748084324,0.008755889778036489,0.12226841452398465,0.18528493853019817,0.09399654379203204,0.007513271530375,,0.022625752303394454,,0.0038445676660297783,0.21069504178705664,0.0033329534732425606,0.004477638227630355,,,,,,0.07152045193305677,,0.0032669137428802332,,,,,,0.007278222246982455,,,,,,,,,,,,,,,,,,,,,,,,,,0.013051492221295872,,,,,,,,,,,,,,,,,
2024-07-12,0.003776059721178336,,,0.0021392930654448835,,,,,,,,0.003815729564478288,,,,,,,,0.00505009239506237,,,,,,,,,0.005665357486577673,,,,,,,0.002978207253641854,0.025640184397897826,0.007083787501739717,,,0.003941090413718429,0.034361562467113645,0.01964164207068575,,,,0.013320109488198596,,0.030054941108184133,0.03878548794559067,0.004440991853092115,0.07919559277416695,0.008835758523283747,0.12195270109389506,0.1855128085506814,0.09859200833099227,0.007420343170884891,,0.02241057966880138,,0.0037963793313662477,0.21052180532188636,0.003442441113293113,0.004463276901145561,,,,,,0.07043438052226385,,0.00336319343685832,,,,,,0.007772255090198289,,,,,,,,,,,,,,,,,,,,,,,,,,0.012563475843524487,,,,,,,,,,,,,,,,,
2024-07-13,0.0037536011548667918,,,0.002145411633170625,,,,,,,,0.0038327104931216646,,,,,,,,0.005037848633946795,,,,,,,,,0.005650291408528543,,,,,,,0.002965977565119239,0.025692465230046382,0.006898298609788352,,,0.003914878744884183,0.03344022813447128,0.019081042982482588,,,,0.012958198717872897,,0.03025556417802963,0.0386014745260278,0.004410833370153886,0.07769130806749065,0.008915627268531005,0.12163698766380544,0.1857406785711646,0.1031874728699525,0.00732741481139478,,0.022195407034208303,,0.0037481909967027167,0.2103485688567161,0.0035519287533436646,0.004448915574660769,,,,,,0.06934830911147091,,0.003459473130836406,,,,,,0.008266287933414124,,,,,,,,,,,,,,,,,,,,,,,,,,0.012075459465753103,,,,,,,,,,,,,,,,,
2024-07-14,0.0037311425885552477,,,0.0021515302008963677,,,,,,,,0.003849691421765041,,,,,,,,0.005025604872831222,,,,,,,,,0.005635225330479412,,,,,,,0.002953747876596624,0.02574474606219494,0.006712809717836988,,,0.0038886670760499378,0.03251889380182891,0.01852044389427943,,,,0.012596287947547196,,0.030456187247875126,0.03841746110646494,0.004380674887215658,0.07618702336081437,0.008995496013778262,0.12132127423371583,0.18596854859164783,0.10778293740891273,0.007234486451904671,,0.021980234399615228,,0.0037000026620391856,0.21017533239154584,0.0036614163933942167,0.004434554248175976,,,,,,0.06826223770067799,,0.003555752824814493,,,,,,0.008760320776629959,,,,,,,,,,,,,,,,,,,,,,,,,,0.011587443087981718,,,,,,,,,,,,,,,,,
2024-07-15,0.0037086840222437037,,,0.0021576487686221094,,,,,,,,0.003866672350408418,,,,,,,,0.005013361111715647,,,,,,,,,0.005620159252430281,,,,,,,0.0029415181880740092,0.025797026894343496,0.006527320825885624,,,0.0038624554072156925,0.03159755946918654,0.017959844806076267,,,,0.012234377177221497,,0.03065681031772062,0.03823344768690208,0.004350516404277429,0.07468273865413808,0.00907536475902552,0.12100556080362623,0.18619641861213104,0.11237840194787296,0.007141558092414561,,0.02176506176502215,,0.003651814327375655,0.21000209592637556,0.003770904033444769,0.004420192921691183,,,,,,0.06717616628988507,,0.0036520325187925796,,,,,,0.009254353619845793,,,,,,,,,,,,,,,,,,,,,,,,,,0.011099426710210334,,,,,,,,,,,,,,,,,
2024-07-16,0.0036862254559321597,,,0.0021637673363478515,,,,,,,,0.0038836532790517946,,,,,,,,0.0050011173506000735,,,,,,,,,0.00560509317438115,,,,,,,0.0029292884995513946,0.025849307726492052,0.006341831933934261,,,0.0038362437383814476,0.030676225136544173,0.01739924571787311,,,,0.011872466406895798,,0.030857433387566118,0.03804943426733921,0.0043203579213392,0.07317845394746178,0.009155233504272777,0.12068984737353662,0.18642428863261426,0.1169738664868332,0.007048629732924451,,0.021549889130429073,,0.003603625992712124,0.2098288594612053,0.0038803916734953207,0.00440583159520639,,,,,,0.06609009487909215,,0.003748312212770666,,,,,,0.009748386463061628,,,,,,,,,,,,,,,,,,,,,,,,,,0.01061141033243895,,,,,,,,,,,,,,,,,
2024-07-17,0.0036637668896206156,,,0.0021698859040735936,,,,,,,,0.003900634207695171,,,,,,,,0.004988873589484499,,,,,,,,,0.00559002709633202,,,,,,,0.00291705881102878,0.02590158855864061,0.006156343041982896,,,0.0038100320695472023,0.029754890803901805,0.016838646629669947,,,,0.011510555636570097,,0.031058056457411613,0.037865420847776346,0.0042901994384009715,0.07167416924078548,0.009235102249520035,0.12037413394344701,0.18665215865309748,0.12156933102579343,0.0069557013734343415,,0.021334716495835997,,0.003555437658048593,0.20965562299603502,0.003989879313545873,0.004391470268721597,,,,,,0.06500402346829921,,0.0038445919067487525,,,,,,0.01024241930627746,,,,,,,,,,,,,,,,,,,,,,,,,,0.010123393954667565,,,,,,,,,,,,,,,,,
2024-07-18,0.0036413083233090716,,,0.0021760044717993353,,,,,,,,0.003917615136338547,,,,,,,,0.004976629828368925,,,,,,,,,0.005574961018282889,,,,,,,0.002904829122506165,0.025953869390789166,0.005970854150031533,,,0.003783820400712957,0.028833556471259437,0.01627804754146679,,,,0.011148644866244398,,0.03125867952725711,0.037681407428213486,0.004260040955462743,0.0701698845341092,0.009314970994767293,0.1200584205133574,0.1868800286735807,0.12616479556475366,0.006862773013944232,,0.021119543861242922,,0.0035072493233850623,0.20948238653086476,0.004099366953596425,0.0043771089422368036,,,,,,0.06391795205750629,,0.003940871600726839,,,,,,0.010736452149493297,,,,,,,,,,,,,,,,,,,,,,,,,,0.00963537757689618,,,,,,,,,,,,,,,,,
2024-07-19,0.0036188497569975275,,,0.0021821230395250774,,,,,,,,0.003934596064981925,,,,,,,,0.004964386067253351,,,,,,,,,0.005559894940233759,,,,,,,0.0028925994339835505,0.026006150222937723,0.005785365258080169,,,0.0037576087318787117,0.02791222213861707,0.01571744845326363,,,,0.0107867340959187,,0.031459302597102605,0.037497394008650625,0.004229882472524514,0.06866559982743291,0.00939483974001455,0.1197427070832678,0.1871078986940639,0.1307602601037139,0.006769844654454122,,0.020904371226649846,,0.003459060988721531,0.20930915006569448,0.004208854593646977,0.004362747615752011,,,,,,0.06283188064671337,,0.004037151294704926,,,,,,0.01123048499270913,,,,,,,,,,,,,,,,,,,,,,,,,,0.009147361199124796,,,,,,,,,,,,,,,,,
2024-07-20,0.0035963911906859835,,,0.0021882416072508196,,,,,,,,0.003951576993625301,,,,,,,,0.004952142306137776,,,,,,,,,0.005544828862184628,,,,,,,0.0028803697454609354,0.026058431055086283,0.0055998763661288045,,,0.0037313970630444664,0.026990887805974702,0.01515684936506047,,,,0.010424823325593,,0.0316599256669481,0.03731338058908776,0.004199723989586285,0.06716131512075663,0.009474708485261808,0.11942699365317819,0.18733576871454716,0.1353557246426741,0.006676916294964012,,0.02068919859205677,,0.003410872654058,0.20913591360052422,0.004318342233697529,0.004348386289267218,,,,,,0.06174580923592045,,0.004133430988683013,,,,,,0.011724517835924965,,,,,,,,,,,,,,,,,,,,,,,,,,0.008659344821353412,,,,,,,,,,,,,,,,,
2024-07-21,0.0035739326243744395,,,0.0021943601749765613,,,,,,,,0.003968557922268677,,,,,,,,0.004939898545022203,,,,,,,,,0.0055297627841354976,,,,,,,0.0028681400569383207,0.02611071188723484,0.00541438747417744,,,0.0037051853942102215,0.026069553473332334,0.01459625027685731,,,,0.010062912555267301,,0.031860548736793594,0.03712936716952489,0.004169565506648057,0.06565703041408033,0.009554577230509067,0.11911128022308858,0.18756363873503037,0.13995118918163435,0.006583987935473903,,0.02047402595746369,,0.003362684319394469,0.20896267713535396,0.004427829873748081,0.0043340249627824255,,,,,,0.06065973782512752,,0.004229710682661099,,,,,,0.0122185506791408,,,,,,,,,,,,,,,,,,,,,,,,,,0.008171328443582027,,,,,,,,,,,,,,,,,
2024-07-22,0.0035514740580628954,,,0.0022004787427023034,,,,,,,,0.003985538850912054,,,,,,,,0.004927654783906628,,,,,,,,,0.005514696706086368,,,,,,,0.0028559103684157056,0.026162992719383396,0.005228898582226076,,,0.003678973725375976,0.025148219140689966,0.01403565118865415,,,,0.009701001784941602,,0.032061171806639095,0.03694535374996203,0.004139407023709828,0.06415274570740404,0.009634445975756323,0.11879556679299898,0.1877915087555136,0.14454665372059455,0.006491059575983792,,0.020258853322870616,,0.003314495984730938,0.20878944067018368,0.004537317513798633,0.004319663636297632,,,,,,0.05957366641433459,,0.004325990376639185,,,,,,0.012712583522356633,,,,,,,,,,,,,,,,,,,,,,,,,,0.007683312065810644,,,,,,,,,,,,,,,,,
2024-07-23,0.0035290154917513514,,,0.0022065973104280455,,,,,,,,0.004002519779555431,,,,,,,,0.004915411022791054,,,,,,,,,0.005499630628037237,,,,,,,0.002843680679893091,0.026215273551531953,0.005043409690274713,,,0.003652762056541731,0.024226884808047598,0.013475052100450989,,,,0.009339091014615903,,0.03226179487648459,0.03676134033039917,0.004109248540771599,0.06264846100072774,0.009714314721003581,0.11847985336290937,0.1880193787759968,0.1491421182595548,0.006398131216493683,,0.02004368068827754,,0.0032663076500674074,0.20861620420501342,0.0046468051538491855,0.004305302309812839,,,,,,0.05848759500354167,,0.004422270070617272,,,,,,0.013206616365572469,,,,,,,,,,,,,,,,,,,,,,,,,,0.00719529568803926,,,,,,,,,,,,,,,,,
2024-07-24,0.0035065569254398073,,,0.002212715878153787,,,,,,,,0.004019500708198807,,,,,,,,0.00490316726167548,,,,,,,,,0.005484564549988106,,,,,,,0.0028314509913704763,0.02626755438368051,0.004857920798323348,,,0.0036265503877074856,0.02330555047540523,0.012914453012247829,,,,0.008977180244290202,,0.032462417946330084,0.0365773269108363,0.0040790900578333705,0.06114417629405146,0.009794183466250838,0.11816413993281975,0.18824724879648003,0.15373758279851502,0.006305202857003573,,0.019828508053684465,,0.0032181193154038764,0.20844296773984314,0.004756292793899738,0.004290940983328046,,,,,,0.05740152359274875,,0.0045185497645953586,,,,,,0.013700649208788301,,,,,,,,,,,,,,,,,,,,,,,,,,0.006707279310267876,,,,,,,,,,,,,,,,,
2024-07-25,0.0034840983591282633,,,0.0022188344458795293,,,,,,,,0.004036481636842184,,,,,,,,0.004890923500559906,,,,,,,,,0.0054694984719389755,,,,,,,0.0028192213028478616,0.026319835215829066,0.004672431906371984,,,0.0036003387188732403,0.022384216142762862,0.01235385392404467,,,,0.008615269473964503,,0.03266304101617558,0.036393313491273435,0.0040489315748951414,0.05963989158737516,0.009874052211498096,0.11784842650273014,0.18847511881696324,0.15833304733747527,0.006212274497513463,,0.01961333541909139,,0.0031699309807403453,0.20826973127467288,0.004865780433950289,0.004276579656843253,,,,,,0.05631545218195582,,0.004614829458573446,,,,,,0.014194682052004137,,,,,,,,,,,,,,,,,,,,,,,,,,0.006219262932496491,,,,,,,,,,,,,,,,,
2024-07-26,0.0034616397928167193,,,0.0022249530136052714,,,,,,,,0.004053462565485561,,,,,,,,0.004878679739444332,,,,,,,,,0.005454432393889845,,,,,,,0.002806991614325247,0.026372116047977623,0.00448694301442062,,,0.003574127050038995,0.021462881810120495,0.01179325483584151,,,,0.008253358703638802,,0.03286366408602107,0.036209300071710575,0.004018773091956913,0.058135606880698874,0.009953920956745355,0.11753271307264054,0.18870298883744646,0.16292851187643548,0.0061193461380233535,,0.01939816278449831,,0.0031217426460768143,0.2080964948095026,0.004975268074000842,0.00426221833035846,,,,,,0.05522938077116289,,0.004711109152551532,,,,,,0.014688714895219973,,,,,,,,,,,,,,,,,,,,,,,,,,0.005731246554725107,,,,,,,,,,,,,,,,,
2024-07-27,0.003439181226505175,,,0.002231071581331013,,,,,,,,0.004070443494128937,,,,,,,,0.004866435978328757,,,,,,,,,0.005439366315840714,,,,,,,0.002794761925802632,0.02642439688012618,0.004301454122469257,,,0.0035479153812047496,0.020541547477478127,0.01123265574763835,,,,0.007891447933313103,,0.033064287155866574,0.036025286652147714,0.003988614609018684,0.056631322174022586,0.010033789701992611,0.11721699964255093,0.18893085885792968,0.1675239764153957,0.006026417778533244,,0.019182990149905235,,0.0030735543114132832,0.20792325834433234,0.005084755714051394,0.004247857003873668,,,,,,0.05414330936036997,,0.004807388846529618,,,,,,0.015182747738435805,,,,,,,,,,,,,,,,,,,,,,,,,,0.005243230176953722,,,,,,,,,,,,,,,,,
2024-07-28,0.003416722660193631,,,0.0022371901490567557,,,,,,,,0.004087424422772314,,,,,,,,0.004854192217213183,,,,,,,,,0.005424300237791583,,,,,,,0.002782532237280017,0.026476677712274736,0.004115965230517892,,,0.0035217037123705048,0.01962021314483576,0.01067205665943519,,,,0.007529537162987404,,0.03326491022571207,0.03584127323258485,0.003958456126080456,0.05512703746734629,0.01011365844723987,0.11690128621246132,0.1891587288784129,0.17211944095435594,0.005933489419043134,,0.01896781751531216,,0.0030253659767497526,0.20775002187916208,0.005194243354101945,0.0042334956773888745,,,,,,0.05305723794957705,,0.0049036685405077045,,,,,,0.01567678058165164,,,,,,,,,,,,,,,,,,,,,,,,,,0.004755213799182338,,,,,,,,,,,,,,,,,
2024-07-29,0.003394264093882087,,,0.0022433087167824974,,,,,,,,0.004104405351415691,,,,,,,,0.004841948456097609,,,,,,,,,0.0054092341597424525,,,,,,,0.002770302548757402,0.026528958544423293,0.003930476338566529,,,0.0034954920435362595,0.01869887881219339,0.01011145757123203,,,,0.007167626392661705,,0.03346553329555756,0.03565725981302198,0.003928297643142227,0.05362275276067,0.010193527192487128,0.11658557278237172,0.1893865988988961,0.17671490549331617,0.005840561059553023,,0.018752644880719083,,0.0029771776420862216,0.2075767854139918,0.005303730994152498,0.004219134350904081,,,,,,0.05197116653878412,,0.004999948234485792,,,,,,0.016170813424867474,,,,,,,,,,,,,,,,,,,,,,,,,,0.004267197421410953,,,,,,,,,,,,,,,,,
2024-07-30,0.003371805527570543,,,0.0022494272845082395,,,,,,,,0.004121386280059067,,,,,,,,0.004829704694982034,,,,,,,,,0.005394168081693322,,,,,,,0.0027580728602347874,0.02658123937657185,0.003744987446615165,,,0.003469280374702014,0.017777544479551023,0.00955085848302887,,,,0.006805715622336006,,0.03366615636540306,0.03547324639345912,0.0038981391602039978,0.05211846805399371,0.010273395937734384,0.11626985935228211,0.18961446891937936,0.1813103700322764,0.005747632700062915,,0.018537472246126008,,0.0029289893074226905,0.20740354894882154,0.00541321863420305,0.004204773024419289,,,,,,0.0508850951279912,,0.005096227928463879,,,,,,0.01666484626808331,,,,,,,,,,,,,,,,,,,,,,,,,,0.003779181043639569,,,,,,,,,,,,,,,,,
2024-07-31,0.003349346961258999,,,0.0022555458522339816,,,,,,,,0.004138367208702444,,,,,,,,0.004817460933866461,,,,,,,,,0.005379102003644191,,,,,,,0.0027458431717121727,0.026633520208720406,0.0035594985546638005,,,0.003443068705867769,0.016856210146908655,0.00899025939482571,,,,0.006443804852010307,,0.03386677943524855,0.03528923297389626,0.0038679806772657695,0.05061418334731742,0.010353264682981643,0.1159541459221925,0.18984233893986258,0.18590583457123663,0.005654704340572804,,0.01832229961153293,,0.0028808009727591594,0.20723031248365126,0.005522706274253602,0.004190411697934496,,,,,,0.04979902371719827,,0.005192507622441965,,,,,,0.017158879111299145,,,,,,,,,,,,,,,,,,,,,,,,,,0.0032911646658681844,,,,,,,,,,,,,,,,,
2024-08-01,0.003326888394947455,,,0.0022616644199597233,,,,,,,,0.004155348137345821,,,,,,,,0.004805217172750886,,,,,,,,,0.005364035925595061,,,,,,,0.002733613483189558,0.026685801040868963,0.003374009662712437,,,0.0034168570370335235,0.015934875814266287,0.00842966030662255,,,,0.006081894081684606,,0.034067402505094053,0.03510521955433339,0.0038378221943275405,0.04910989864064113,0.010433133428228901,0.11563843249210289,0.1900702089603458,0.19050129911019686,0.005561775981082694,,0.018107126976939853,,0.002832612638095629,0.207057076018481,0.005632193914304154,0.004176050371449702,,,,,,0.04871295230640535,,0.005288787316420051,,,,,,0.017652911954514978,,,,,,,,,,,,,,,,,,,,,,,,,,0.0028031482880968,,,,,,,,,,,,,,,,,
2024-08-02,0.0033044298286359105,,,0.0022677829876854654,,,,,,,,0.004172329065989197,,,,,,,,0.0047929734116353125,,,,,,,,,0.00534896984754593,,,,,,,0.0027213837946669433,0.02673808187301752,0.0031885207707610724,,,0.0033906453681992786,0.01501354148162392,0.00786906121841939,,,,0.005719983311358907,,0.03426802557493955,0.034921206134770524,0.003807663711389312,0.04760561393396484,0.010513002173476158,0.11532271906201329,0.190298078980829,0.1950967636491571,0.005468847621592585,,0.017891954342346778,,0.0027844243034320978,0.20688383955331072,0.0057416815543547065,0.00416168904496491,,,,,,0.04762688089561243,,0.0053850670103981375,,,,,,0.018146944797730814,,,,,,,,,,,,,,,,,,,,,,,,,,0.0023151319103254173,,,,,,,,,,,,,,,,,
2024-08-03,0.0032819712623243665,,,0.0022739015554112075,,,,,,,,0.004189309994632574,,,,,,,,0.004780729650519738,,,,,,,,,0.0053339037694968,,,,,,,0.002709154106144328,0.026790362705166076,0.0030030318788097084,,,0.003364433699365033,0.01409220714898155,0.007308462130216233,0.0029585799202322,,,0.005358072541033209,,0.03446864864478504,0.034737192715207664,0.003777505228451083,0.046101329227288546,0.010592870918723416,0.11500700563192368,0.19052594900131223,0.1996922281881173,0.005375919262102475,,0.017676781707753702,,0.0027362359687685667,0.20671060308814046,0.005851169194405258,0.004147327718480117,,,,,,0.0465408094848195,,0.005481346704376225,,0.002015856593581143,,,,0.01864097764094665,,,,,,,,,,,,,,,,,,,,,,,,,,0.0018271155325540335,0.0029585799202322,,,,,,,,,,,,,,,,
2024-08-04,0.0032595126960128225,,,0.002280020123136949,,,,,,,,0.004206290923275951,,,,,,,,0.004768485889404164,,,,,,,,,0.005318837691447669,,,,,,,0.0026969244176217135,0.026239018404989305,0.0030677269425636255,,,0.003338222030530788,0.013847240967498608,0.0073177485222307055,0.0029422020639425003,,,0.005211355663569891,,0.033765847678296226,0.035375959417294815,0.0036872371835799836,0.046264008535737415,0.010403011760596777,0.1148719547892965,0.18636256198043977,0.20605389875847666,0.005282990902612365,,0.01785189288091798,,0.0026880476341050357,0.2048115010062853,0.005908373898516079,0.004253000309940232,,,,,,0.04685224720188188,,0.00544137509548037,,0.0019962797000794754,,,,0.018364171349232784,,,,,,,,,,,,,,,,,,,,,,,,,,0.0018560902365909876,0.0032707543134511,,,,,,,,,,,,,,,,
2024-08-05,0.0032370541297012784,,,0.0022861386908626913,,,,,,,,0.004223271851919327,,,,,,,,0.00475624212828859,,,,,,,,,0.005303771613398539,,,,,,,0.0026846947290990984,0.025687674104812538,0.003132422006317542,,,0.0033120103616965427,0.013602274786015665,0.007327034914245179,0.0029258242076528,,,0.005064638786106573,,0.0330630467118074,0.036014726119381966,0.0035969691387088844,0.04642668784418629,0.010213152602470136,0.11473690394666933,0.1821991749595673,0.21241556932883598,0.005190062543122255,,0.018027004054082252,,0.002639859299441505,0.2029123989244302,0.005965578602626899,0.0043586729014003485,,,,,,0.04716368491894425,,0.005401403486584515,,0.0019767028065778083,,,,0.018087365057518918,,,,,,,,,,,,,,,,,,,,,,,,,,0.0018850649406279417,0.0035829287066699994,,,,,,,,,,,,,,,,
2024-08-06,0.0032145955633897344,,,0.0022922572585884335,,,,,,,,0.004240252780562704,,,,,,,,0.004743998367173015,,,,,,,,,0.005288705535349408,,,,,,,0.0026724650405764837,0.025136329804635767,0.0031971170700714592,,,0.0032857986928622974,0.013357308604532723,0.007336321306259653,0.0029094463513631,,,0.004917921908643254,,0.03236024574531858,0.036653492821469125,0.003506701093837785,0.04658936715263516,0.010023293444343497,0.11460185310404215,0.17803578793869484,0.21877723989919534,0.005097134183632146,,0.01820211522724653,,0.002591670964777974,0.20101329684257505,0.00602278330673772,0.004464345492860464,,,,,,0.04747512263600663,,0.00536143187768866,,0.001957125913076141,,,,0.017810558765805052,,,,,,,,,,,,,,,,,,,,,,,,,,0.0019140396446648959,0.0038951030998888993,,,,,,,,,,,,,,,,
2024-08-07,0.0031921369970781903,,,0.002298375826314175,,,,,,,,0.004257233709206081,,,,,,,,0.0047317546060574416,,,,,,,,,0.005273639457300278,,,,,,,0.002660235352053869,0.024584985504458996,0.0032618121338253763,,,0.003259587024028052,0.013112342423049782,0.007345607698274126,0.0028930684950734,,,0.004771205031179936,,0.031657444778829764,0.037292259523556276,0.0034164330489666857,0.04675204646108404,0.009833434286216858,0.11446680226141498,0.17387240091782238,0.22513891046955467,0.005004205824142035,,0.018377226400410805,,0.002543482630114443,0.1991141947607199,0.0060799880108485405,0.0045700180843205795,,,,,,0.047786560353069,,0.005321460268792806,,0.0019375490195744736,,,,0.017533752474091183,,,,,,,,,,,,,,,,,,,,,,,,,,0.00194301434870185,0.004207277493107799,,,,,,,,,,,,,,,,
2024-08-08,0.0031696784307666463,,,0.0023044943940399173,,,,,,,,0.004274214637849457,,,,,,,,0.004719510844941867,,,,,,,,,0.005258573379251147,,,,,,,0.0026480056635312544,0.024033641204282225,0.0033265071975792935,,,0.003233375355193807,0.01286737624156684,0.0073548940902885985,0.0028766906387837003,,,0.004624488153716618,,0.030954643812340945,0.03793102622564343,0.003326165004095586,0.04691472576953291,0.009643575128090219,0.11433175141878779,0.16970901389694992,0.23150058103991403,0.004911277464651926,,0.01855233757357508,,0.002495294295450912,0.19721509267886478,0.006137192714959361,0.004675690675780696,,,,,,0.04809799807013138,,0.005281488659896951,,0.0019179721260728063,,,,0.017256946182377317,,,,,,,,,,,,,,,,,,,,,,,,,,0.001971989052738804,0.0045194518863266985,,,,,,,,,,,,,,,,
2024-08-09,0.0031472198644551023,,,0.0023106129617656594,,,,,,,,0.004291195566492834,,,,,,,,0.004707267083826293,,,,,,,,,0.005243507301202016,,,,,,,0.0026357759750086397,0.023482296904105457,0.00339120226133321,,,0.003207163686359562,0.012622410060083897,0.007364180482303072,0.002860312782494,,,0.0044777712762533,,0.030251842845852125,0.03856979292773058,0.0032358969592244866,0.04707740507798178,0.009453715969963578,0.11419670057616062,0.16554562687607746,0.23786225161027336,0.004818349105161816,,0.018727448746739355,,0.0024471059607873813,0.19531599059700963,0.006194397419070181,0.004781363267240811,,,,,,0.048409435787193755,,0.005241517051001096,,0.0018983952325711388,,,,0.01698013989066345,,,,,,,,,,,,,,,,,,,,,,,,,,0.0020009637567757585,0.004831626279545599,,,,,,,,,,,,,,,,
2024-08-10,0.0031247612981435582,,,0.002316731529491401,,,,,,,,0.00430817649513621,,,,,,,,0.004695023322710719,,,,,,,,,0.005228441223152885,,,,,,,0.0026235462864860246,0.022930952603928686,0.0034558973250871272,,,0.0031809520175253166,0.012377443878600954,0.007373466874317546,0.0028439349262043,,,0.004331054398789982,,0.029549041879363306,0.03920855962981773,0.0031456289143533874,0.04724008438643065,0.009263856811836939,0.11406164973353344,0.161382239855205,0.2442239221806327,0.004725420745671706,,0.018902559919903632,,0.0023989176261238502,0.19341688851515448,0.006251602123181002,0.004887035858700928,,,,,,0.048720873504256135,,0.005201545442105241,,0.0018788183390694715,,,,0.016703333598949585,,,,,,,,,,,,,,,,,,,,,,,,,,0.0020299384608127124,0.005143800672764497,,,,,,,,,,,,,,,,
2024-08-11,0.003102302731832014,,,0.0023228500972171436,,,,,,,,0.004325157423779587,,,,,,,,0.004682779561595145,,,,,,,,,0.005213375145103755,,,,,,,0.00261131659796341,0.022379608303751915,0.003520592388841044,,,0.0031547403486910713,0.012132477697118012,0.007382753266332019,0.0028275570699146002,,,0.004184337521326664,,0.028846240912874486,0.03984732633190489,0.0030553608694822883,0.04740276369487952,0.0090739976537103,0.11392659889090627,0.1572188528343325,0.25058559275099207,0.0046324923861815965,,0.019077671093067905,,0.002350729291460319,0.19151778643329936,0.006308806827291823,0.004992708450161043,,,,,,0.049032311221318514,,0.005161573833209387,,0.0018592414455678042,,,,0.01642652730723572,,,,,,,,,,,,,,,,,,,,,,,,,,0.002058913164849667,0.005455975065983398,,,,,,,,,,,,,,,,
2024-08-12,0.00307984416552047,,,0.0023289686649428853,,,,,,,,0.004342138352422964,,,,,,,,0.004670535800479571,,,,,,,,,0.005198309067054624,,,,,,,0.002599086909440795,0.021828264003575147,0.003585287452594961,,,0.003128528679856826,0.01188751151563507,0.0073920396583464915,0.0028111792136249,,,0.004037620643863345,,0.028143439946385667,0.04048609303399204,0.0029650928246111887,0.0475654430033284,0.00888413849558366,0.1137915480482791,0.15305546581346008,0.2569472633213514,0.004539564026691487,,0.01925278226623218,,0.002302540956796788,0.18961868435144422,0.006366011531402643,0.005098381041621159,,,,,,0.04934374893838089,,0.0051216022243135316,,0.0018396645520661367,,,,0.016149721015521853,,,,,,,,,,,,,,,,,,,,,,,,,,0.0020878878688866207,0.005768149459202298,,,,,,,,,,,,,,,,
2024-08-13,0.003057385599208926,,,0.0023350872326686274,,,,,,,,0.00435911928106634,,,,,,,,0.004658292039363996,,,,,,,,,0.005183242989005493,,,,,,,0.00258685722091818,0.021276919703398376,0.003649982516348878,,,0.0031023170110225807,0.011642545334152127,0.007401326050360965,0.0027948013573352,,,0.003890903766400027,,0.027440638979896848,0.04112485973607919,0.002874824779740089,0.04772812231177727,0.00869427933745702,0.11365649720565192,0.1488920787925876,0.26330893389171073,0.004446635667201377,,0.019427893439396455,,0.002254352622133257,0.1877195822695891,0.006423216235513464,0.005204053633081275,,,,,,0.049655186655443266,,0.005081630615417677,,0.0018200876585644694,,,,0.015872914723807988,,,,,,,,,,,,,,,,,,,,,,,,,,0.002116862572923575,0.0060803238524211965,,,,,,,,,,,,,,,,
2024-08-14,0.003034927032897382,,,0.0023412058003943696,,,,,,,,0.004376100209709717,,,,,,,,0.004646048278248422,,,,,,,,,0.0051681769109563624,,,,,,,0.0025746275323955655,0.020725575403221605,0.0037146775801027952,,,0.003076105342188336,0.011397579152669184,0.007410612442375439,0.0027784235010455,,,0.003744186888936709,,0.026737838013408028,0.04176362643816634,0.00278455673486899,0.04789080162022614,0.00850442017933038,0.11352144636302475,0.14472869177171513,0.2696706044620701,0.004353707307711267,,0.01960300461256073,,0.0022061642874697265,0.18582048018773395,0.006480420939624284,0.0053097262245413905,,,,,,0.04996662437250564,,0.0050416590065218226,,0.0018005107650628021,,,,0.015596108432094118,,,,,,,,,,,,,,,,,,,,,,,,,,0.0021458372769605294,0.006392498245640097,,,,,,,,,,,,,,,,
2024-08-15,0.003012468466585838,,,0.0023473243681201112,,,,,,,,0.004393081138353094,,,,,,,,0.004633804517132848,,,,,,,,,0.005153110832907233,,,,,,,0.002562397843872951,0.020174231103044837,0.003779372643856712,,,0.00304989367335409,0.011152612971186242,0.007419898834389912,0.0027620456447558003,,,0.003597470011473391,,0.02603503704691921,0.0424023931402535,0.0026942886899978904,0.048053480928675014,0.008314561021203742,0.11338639552039757,0.14056530475084267,0.27603227503242944,0.004260778948221158,,0.019778115785725008,,0.0021579759528061954,0.1839213781058788,0.006537625643735105,0.005415398816001506,,,,,,0.05027806208956802,,0.005001687397625968,,0.0017809338715611348,,,,0.015319302140380252,,,,,,,,,,,,,,,,,,,,,,,,,,0.0021748119809974834,0.006704672638858997,,,,,,,,,,,,,,,,
2024-08-16,0.002990009900274294,,,0.0023534429358458534,,,,,,,,0.00441006206699647,,,,,,,,0.004621560756017274,,,,,,,,,0.005138044754858102,,,,,,,0.002550168155350336,0.019622886802868066,0.003844067707610629,,,0.003023682004519845,0.0109076467897033,0.007429185226404384,0.0027456677884661,,,0.0034507531340100726,,0.02533223608043039,0.04304115984234065,0.002604020645126791,0.048216160237123884,0.008124701863077101,0.1132513446777704,0.1364019177299702,0.2823939456027888,0.004167850588731047,,0.01995322695888928,,0.0021097876181426643,0.18202227602402368,0.006594830347845925,0.005521071407461622,,,,,,0.05058949980663039,,0.004961715788730113,,0.0017613569780594673,,,,0.015042495848666387,,,,,,,,,,,,,,,,,,,,,,,,,,0.0022037866850344377,0.0070168470320778956,,,,,,,,,,,,,,,,
2024-08-17,0.00296755133396275,,,0.0023595615035715955,,,,,,,,0.004427042995639847,,,,,,,,0.0046093169949017,,,,,,,,,0.005122978676808971,,,,,,,0.0025379384668277214,0.019071542502691295,0.003908762771364546,,,0.0029974703356856,0.010662680608220359,0.007438471618418858,0.0027292899321764,,,0.0033040362565467545,,0.02462943511394157,0.0436799265444278,0.0025137526002556917,0.04837883954557276,0.007934842704950462,0.11311629383514321,0.13223853070909775,0.28875561617314816,0.004074922229240938,,0.020128338132053558,,0.0020615992834791333,0.18012317394216854,0.006652035051956746,0.005626743998921738,,,,,,0.05090093752369277,,0.004921744179834258,,0.0017417800845578,,,,0.01476568955695252,,,,,,,,,,,,,,,,,,,,,,,,,,0.0022327613890713916,0.007329021425296796,,,,,,,,,,,,,,,,
2024-08-18,0.002945092767651206,,,0.002365680071297337,,,,,,,,0.004444023924283224,,,,,,,,0.004597073233786125,,,,,,,,,0.005107912598759841,,,,,,,0.0025257087783051063,0.018520198202514528,0.003973457835118463,,,0.0029712586668513546,0.010417714426737416,0.007447758010433332,0.0027129120758867,,,0.003157319379083436,,0.02392663414745275,0.044318693246514954,0.0024234845553845925,0.04854151885402163,0.007744983546823823,0.11298124299251604,0.12807514368822528,0.29511728674350746,0.003981993869750828,,0.020303449305217835,,0.0020134109488156027,0.1782240718603134,0.006709239756067567,0.005732416590381853,,,,,,0.05121237524075514,,0.004881772570938404,,0.0017222031910561328,,,,0.014488883265238655,,,,,,,,,,,,,,,,,,,,,,,,,,0.002261736093108346,0.007641195818515696,,,,,,,,,,,,,,,,
2024-08-19,0.002922634201339662,,,0.0023717986390230793,,,,,,,,0.0044610048529266,,,,,,,,0.0045848294726705515,,,,,,,,,0.0050928465207107105,,,,,,,0.0025134790897824912,0.017968853902337757,0.00403815289887238,,,0.0029450469980171093,0.010172748245254474,0.007457044402447805,0.002696534219597,,,0.003010602501620118,,0.02322383318096393,0.044957459948602105,0.002333216510513493,0.0487041981624705,0.007555124388697184,0.11284619214988886,0.12391175666735282,0.3014789573138668,0.003889065510260718,,0.020478560478382108,,0.0019652226141520716,0.17632496977845827,0.006766444460178387,0.00583808918184197,,,,,,0.05152381295781752,,0.004841800962042548,,0.0017026262975544655,,,,0.014212076973524787,,,,,,,,,,,,,,,,,,,,,,,,,,0.0022907107971453,0.007953370211734595,,,,,,,,,,,,,,,,
2024-08-20,0.002900175635028118,,,0.0023779172067488214,,,,,,,,0.0044779857815699774,,,,,,,,0.004572585711554977,,,,,,,,,0.00507778044266158,,,,,,,0.0025012494012598765,0.017417509602160985,0.004102847962626297,,,0.002918835329182864,0.009927782063771531,0.007466330794462277,0.0026801563633073,,,0.0028638856241568,,0.02252103221447511,0.04559622665068926,0.0022429484656423934,0.048866877470919376,0.007365265230570544,0.11271114130726169,0.11974836964648036,0.30784062788422617,0.0037961371507706084,,0.020653671651546385,,0.0019170342794885406,0.17442586769660312,0.0068236491642892074,0.005943761773302085,,,,,,0.0518352506748799,,0.004801829353146694,,0.001683049404052798,,,,0.01393527068181092,,,,,,,,,,,,,,,,,,,,,,,,,,0.0023196855011822543,0.008265544604953495,,,,,,,,,,,,,,,,
2024-08-21,0.002877717068716574,,,0.002384035774474563,,,,,,,,0.004494966710213354,,,,,,,,0.004560341950439403,,,,,,,,,0.005062714364612449,,,,,,,0.002489019712737262,0.016866165301984218,0.004167543026380214,,,0.002892623660348619,0.009682815882288589,0.007475617186476751,0.0026637785070176,,,0.0027171687466934816,,0.02181823124798629,0.046234993352776414,0.0021526804207712942,0.049029556779368245,0.007175406072443904,0.11257609046463452,0.1155849826256079,0.3142022984545855,0.003703208791280498,,0.020828782824710658,,0.0018688459448250095,0.172526765614748,0.006880853868400028,0.006049434364762201,,,,,,0.052146688391942274,,0.004761857744250839,,0.0016634725105511307,,,,0.013658464390097054,,,,,,,,,,,,,,,,,,,,,,,,,,0.0023486602052192086,0.008577718998172395,,,,,,,,,,,,,,,,
2024-08-22,0.0028552585024050297,,,0.0023901543422003052,,,,,,,,0.00451194763885673,,,,,,,,0.004548098189323829,,,,,,,,,0.005047648286563318,,,,,,,0.002476790024214647,0.016314821001807447,0.00423223809013413,,,0.0028664119915143733,0.009437849700805648,0.007484903578491225,0.0026474006507279,,,0.0025704518692301636,,0.021115430281497472,0.046873760054863566,0.002062412375900195,0.049192236087817115,0.006985546914317265,0.11244103962200734,0.11142159560473544,0.3205639690249449,0.0036102804317903886,,0.021003893997874935,,0.001820657610161479,0.17062766353289285,0.006938058572510848,0.006155106956222317,,,,,,0.05245812610900465,,0.004721886135354984,,0.0016438956170494634,,,,0.013381658098383188,,,,,,,,,,,,,,,,,,,,,,,,,,0.0023776349092561625,0.008889893391391294,,,,,,,,,,,,,,,,
2024-08-23,0.0028327999360934857,,,0.0023962729099260473,,,,,,,,0.0045289285675001074,,,,,,,,0.004535854428208254,,,,,,,,,0.0050325822085141875,,,,,,,0.0024645603356920325,0.015763476701630676,0.0042969331538880474,,,0.0028402003226801285,0.009192883519322705,0.007494189970505698,0.0026310227944382,,,0.002423734991766845,,0.020412629315008653,0.047512526756950724,0.0019721443310290955,0.04935491539626599,0.006795687756190626,0.11230598877938017,0.10725820858386298,0.3269256395953042,0.003517352072300279,,0.02117900517103921,,0.0017724692754979478,0.1687285614510377,0.006995263276621669,0.0062607795476824326,,,,,,0.052769563826067026,,0.0046819145264591295,,0.001624318723547796,,,,0.013104851806669322,,,,,,,,,,,,,,,,,,,,,,,,,,0.0024066096132931165,0.009202067784610194,,,,,,,,,,,,,,,,
2024-08-24,0.0028103413697819417,,,0.002402391477651789,,,,,,,,0.004545909496143484,,,,,,,,0.0045236106670926805,,,,,,,,,0.005017516130465057,,,,,,,0.0024523306471694174,0.015212132401453906,0.0043616282176419646,,,0.002813988653845883,0.008947917337839763,0.00750347636252017,0.0026146449381485,,,0.002277018114303527,,0.019709828348519833,0.048151293459037875,0.001881876286157996,0.04951759470471486,0.006605828598063986,0.11217093793675299,0.1030948215629905,0.33328731016566354,0.0034244237128101688,,0.021354116344203485,,0.0017242809408344168,0.1668294593691826,0.00705246798073249,0.006366452139142548,,,,,,0.053081001543129405,,0.004641942917563275,,0.0016047418300461286,,,,0.012828045514955456,,,,,,,,,,,,,,,,,,,,,,,,,,0.002435584317330071,0.009514242177829094,,,,,,,,,,,,,,,,
2024-08-25,0.0027878828034703976,,,0.0024085100453775316,,,,,,,,0.00456289042478686,,,,,,,,0.004511366905977106,,,,,,,,,0.005002450052415926,,,,,,,0.0024401009586468027,0.014660788101277137,0.004426323281395882,,,0.002787776985011638,0.00870295115635682,0.007512762754534644,0.0025982670818588,,,0.002130301236840209,,0.019007027382031014,0.048790060161125026,0.0017916082412868968,0.04968027401316374,0.006415969439937346,0.11203588709412582,0.09893143454211804,0.3396489807360229,0.0033314953533200593,,0.02152922751736776,,0.0016760926061708857,0.16493035728732744,0.007109672684843311,0.006472124730602664,,,,,,0.053392439260191785,,0.0046019713086674205,,0.0015851649365444614,,,,0.012551239223241589,,,,,,,,,,,,,,,,,,,,,,,,,,0.002464559021367025,0.009826416571047993,,,,,,,,,,,,,,,,
2024-08-26,0.0027654242371588536,,,0.0024146286131032733,,,,,,,,0.0045798713534302374,,,,,,,,0.004499123144861532,,,,,,,,,0.004987383974366795,,,,,,,0.002427871270124188,0.014109443801100366,0.004491018345149799,,,0.002761565316177393,0.008457984974873878,0.007522049146549118,0.0025818892255691,,,0.0019835843593768907,,0.018304226415542194,0.04942882686321218,0.0017013401964157972,0.04984295332161261,0.006226110281810707,0.11190083625149864,0.09476804752124558,0.34601065130638226,0.0032385669938299498,,0.021704338690532038,,0.0016279042715073551,0.1630312552054723,0.0071668773889541305,0.006577797322062781,,,,,,0.05370387697725416,,0.004561999699771565,,0.0015655880430427939,,,,0.012274432931527723,,,,,,,,,,,,,,,,,,,,,,,,,,0.002493533725403979,0.010138590964266893,,,,,,,,,,,,,,,,
2024-08-27,0.0027429656708473095,,,0.0024207471808290154,,,,,,,,0.004596852282073614,,,,,,,,0.004486879383745958,,,,,,,,,0.004972317896317665,,,,,,,0.0024156415816015734,0.013558099500923597,0.004555713408903716,,,0.0027353536473431472,0.008213018793390935,0.0075313355385635905,0.0025655113692794,,,0.0018368674819135727,,0.017601425449053375,0.05006759356529933,0.0016110721515446976,0.05000563263006148,0.006036251123684067,0.11176578540887146,0.09060466050037312,0.3523723218767416,0.0031456386343398394,,0.02187944986369631,,0.001579715936843824,0.16113215312361717,0.007224082093064951,0.006683469913522895,,,,,,0.05401531469431654,,0.004522028090875711,,0.0015460111495411266,,,,0.011997626639813855,,,,,,,,,,,,,,,,,,,,,,,,,,0.0025225084294409335,0.010450765357485793,,,,,,,,,,,,,,,,
2024-08-28,0.0027205071045357655,,,0.0024268657485547575,,,,,,,,0.00461383321071699,,,,,,,,0.004474635622630384,,,,,,,,,0.004957251818268535,,,,,,,0.0024034118930789583,0.013006755200746827,0.004620408472657633,,,0.0027091419785089024,0.007968052611907993,0.007540621930578063,0.0025491335129897,,,0.0016901506044502547,,0.016898624482564555,0.05070636026738648,0.0015208041066735985,0.05016831193851035,0.005846391965557428,0.11163073456624428,0.08644127347950066,0.3587339924471009,0.00305271027484973,,0.022054561036860588,,0.001531527602180293,0.15923305104176202,0.007281286797175772,0.006789142504983012,,,,,,0.05432675241137891,,0.004482056481979856,,0.0015264342560394593,,,,0.01172082034809999,,,,,,,,,,,,,,,,,,,,,,,,,,0.0025514831334778874,0.010762939750704692,,,,,,,,,,,,,,,,
2024-08-29,0.002698048538224221,,,0.002432984316280499,,,,,,,,0.004630814139360367,,,,,,,,0.00446239186151481,,,,,,,,,0.004942185740219404,,,,,,,0.0023911822045563436,0.012455410900570056,0.00468510353641155,,,0.002682930309674657,0.00772308643042505,0.007549908322592537,0.0025327556567,,,0.0015434337269869362,,0.016195823516075736,0.05134512696947363,0.001430536061802499,0.05033099124695922,0.005656532807430788,0.11149568372361711,0.0822778864586282,0.36509566301746027,0.0029597819153596204,,0.022229672210024864,,0.0014833392675167624,0.15733394895990688,0.007338491501286593,0.006894815096443128,,,,,,0.05463819012844129,,0.004442084873084002,,0.0015068573625377918,,,,0.011444014056386124,,,,,,,,,,,,,,,,,,,,,,,,,,0.0025804578375148417,0.011075114143923592,,,,,,,,,,,,,,,,
2024-08-30,0.002675589971912677,,,0.0024391028840062413,,,,,,,,0.004647795068003744,,,,,,,,0.004450148100399235,,,,,,,,,0.004927119662170273,,,,,,,0.002378952516033729,0.011904066600393287,0.004749798600165466,,,0.0026567186408404117,0.007478120248942109,0.007559194714607011,0.0025163778004103,,,0.0013967168495236182,,0.015493022549586916,0.05198389367156079,0.0013402680169313998,0.0504936705554081,0.005466673649304149,0.11136063288098993,0.07811449943775574,0.3714573335878196,0.00286685355586951,,0.022404783383189138,,0.001435150932853231,0.15543484687805176,0.007395696205397413,0.007000487687903243,,,,,,0.05494962784550367,,0.004402113264188146,,0.0014872804690361247,,,,0.011167207764672258,,,,,,,,,,,,,,,,,,,,,,,,,,0.0026094325415517957,0.011387288537142493,,,,,,,,,,,,,,,,
2024-08-31,0.002653131405601133,,,0.0024452214517319834,,,,,,,,0.00466477599664712,,,,,,,,0.004437904339283661,,,,,,,,,0.0049120535841211425,,,,,,,0.002366722827511114,0.011352722300216516,0.004814493663919383,,,0.0026305069720061664,0.007233154067459166,0.0075684811066214835,0.0024999999441206,,,0.0012499999720603,,0.014790221583098099,0.05262266037364794,0.0012499999720603,0.05065634986385697,0.005276814491177509,0.11122558203836276,0.07395111241688326,0.377819004158179,0.0027739251963794,,0.022579894556353414,,0.0013869625981897,0.1535357447961966,0.007452900909508234,0.007106160279363359,0.00126141352423775,,,,,0.05526106556256604,,0.004362141655292292,0.0013869625981897,0.0014677035755344572,,,,0.01089040147295839,,,,,,,,,,,,,,,,,,,,,,,,,,0.00263840724558875,0.011699462930361391,,,,,,,,,,,,,,,,
2024-09-01,0.002630672839289589,,,0.002451340019457725,,,,,,,,0.004681756925290497,,,,,,,,0.004425660578168087,,,,,,,,,0.004896987506072013,,,,,,,0.002354493138988499,0.01129343121456688,0.0047912883612932534,,,0.002604295303171921,0.007153048687974794,0.00747125985106405,0.0024900965571369787,,,,,0.014861028694126326,0.05209488223218131,,0.05013106219537018,0.005261438471885932,0.1112868761466372,0.0729520815380272,0.3824179648820843,0.0027963524123399523,,0.02222184818951749,,0.0013981762061699762,0.15235836520081472,0.007760192907880956,0.006914079172323268,0.001278073372737859,,,,,0.05393614632443384,,0.004755719203828942,0.0014728982371577323,0.0015367815636680429,,,,0.010742275212015477,,,,,,,,,,,,,,,,,,,,,,,,,,0.0026615744011775485,0.012235939796526124,,,,,,,,,,,,,,,,
2024-09-02,0.002608214272978045,,,0.0024574585871834673,,,,,,,,0.004698737853933874,,,,,,,,0.004413416817052512,,,,,,,,,0.004881921428022882,,,,,,,0.0023422634504658845,0.011234140128917243,0.004768083058667123,,,0.0025780836343376762,0.007072943308490421,0.0073740385955066165,0.002480193170153357,,,,,0.014931835805154552,0.051567104090714674,,0.04960577452688339,0.005246062452594354,0.11134817025491164,0.07195305065917112,0.38701692560598966,0.002818779628300504,,0.02186380182268157,,0.001409389814150252,0.15118098560543286,0.00806748490625368,0.006721998065283176,0.001294733221237968,,,,,0.052611227086301636,,0.005149296752365592,0.0015588338761257643,0.0016058595518016285,,,,0.010594148951072564,,,,,,,,,,,,,,,,,,,,,,,,,,0.002684741556766347,0.012772416662690855,,,,,,,,,,,,,,,,
2024-09-03,0.002585755706666501,,,0.0024635771549092094,,,,,,,,0.00471571878257725,,,,,,,,0.004401173055936939,,,,,,,,,0.004866855349973751,,,,,,,0.0023300337619432698,0.011174849043267605,0.004744877756040993,,,0.0025518719655034305,0.006992837929006048,0.007276817339949183,0.0024702897831697357,,,,,0.015002642916182779,0.05103932594924804,,0.0490804868583966,0.0052306864333027765,0.11140946436318608,0.07095401978031506,0.39161588632989497,0.002841206844261056,,0.021505755455845647,,0.001420603422130528,0.15000360601005097,0.008374776904626402,0.006529916958243085,0.001311393069738077,,,,,0.051286307848169434,,0.005542874300902242,0.0016447695150937965,0.0016749375399352142,,,,0.010446022690129649,,,,,,,,,,,,,,,,,,,,,,,,,,0.0027079087123551455,0.013308893528855588,,,,,,,,,,,,,,,,
2024-09-04,0.002563297140354957,,,0.002469695722634951,,,,,,,,0.004732699711220627,,,,,,,,0.004388929294821365,,,,,,,,,0.00485178927192462,,,,,,,0.0023178040734206547,0.01111555795761797,0.004721672453414863,,,0.0025256602966691856,0.006912732549521676,0.007179596084391749,0.0024603863961861145,,,,,0.015073450027211005,0.05051154780778141,,0.04855519918990981,0.005215310414011199,0.11147075847146051,0.06995498890145899,0.39621484705380033,0.002863634060221608,,0.021147709089009727,,0.001431817030110804,0.1488262264146691,0.008682068902999125,0.0063378358512029935,0.0013280529182381857,,,,,0.04996138861003723,,0.005936451849438891,0.0017307051540618287,0.0017440155280687999,,,,0.010297896429186736,,,,,,,,,,,,,,,,,,,,,,,,,,0.002731075867943944,0.013845370395020321,,,,,,,,,,,,,,,,
2024-09-05,0.0025408385740434128,,,0.002475814290360693,,,,,,,,0.004749680639864004,,,,,,,,0.0043766855337057904,,,,,,,,,0.00483672319387549,,,,,,,0.00230557438489804,0.011056266871968333,0.004698467150788732,,,0.0024994486278349403,0.006832627170037303,0.007082374828834315,0.0024504830092024928,,,,,0.015144257138239232,0.04998376966631478,,0.048029911521423024,0.005199934394719621,0.11153205257973495,0.06895595802260292,0.40081380777770564,0.00288606127618216,,0.020789662722173804,,0.00144303063809108,0.14764884681928722,0.008989360901371849,0.006145754744162902,0.0013447127667382947,,,,,0.04863646937190503,,0.006330029397975542,0.001816640793029861,0.0018130935162023855,,,,0.010149770168243822,,,,,,,,,,,,,,,,,,,,,,,,,,0.0027542430235327426,0.014381847261185052,,,,,,,,,,,,,,,,
2024-09-06,0.0025183800077318687,,,0.0024819328580864353,,,,,,,,0.00476666156850738,,,,,,,,0.004364441772590216,,,,,,,,,0.004821657115826359,,,,,,,0.0022933446963754253,0.010996975786318697,0.004675261848162602,,,0.002473236959000695,0.0067525217905529305,0.006985153573276882,0.0024405796222188715,,,,,0.01521506424926746,0.04945599152484814,,0.04750462385293623,0.005184558375428044,0.11159334668800938,0.06795692714374685,0.405412768501611,0.002908488492142712,,0.020431616355337884,,0.001454244246071356,0.14647146722390536,0.009296652899744571,0.005953673637122811,0.0013613726152384036,,,,,0.04731155013377283,,0.006723606946512192,0.001902576431997893,0.001882171504335971,,,,0.010001643907300909,,,,,,,,,,,,,,,,,,,,,,,,,,0.002777410179121541,0.014918324127349785,,,,,,,,,,,,,,,,
2024-09-07,0.0024959214414203247,,,0.002488051425812177,,,,,,,,0.004783642497150757,,,,,,,,0.004352198011474642,,,,,,,,,0.004806591037777228,,,,,,,0.00228111500785281,0.01093768470066906,0.004652056545536472,,,0.00244702529016645,0.006672416411068558,0.006887932317719448,0.00243067623523525,,,,,0.015285871360295685,0.048928213383381505,,0.046979336184449445,0.005169182356136467,0.11165464079628383,0.06695789626489078,0.4100117292255163,0.0029309157081032636,,0.02007356998850196,,0.0014654578540516318,0.14529408762852347,0.009603944898117294,0.005761592530082719,0.0013780324637385126,,,,,0.045986630895640625,,0.007117184495048842,0.0019885120709659254,0.0019512494924695566,,,,0.009853517646357996,,,,,,,,,,,,,,,,,,,,,,,,,,0.0028005773347103396,0.015454800993514518,,,,,,,,,,,,,,,,
2024-09-08,0.0024734628751087806,,,0.0024941699935379195,,,,,,,,0.004800623425794133,,,,,,,,0.004339954250359068,,,,,,,,,0.0047915249597280975,,,,,,,0.0022688853193301955,0.010878393615019423,0.004628851242910341,,,0.0024208136213322044,0.006592311031584185,0.006790711062162015,0.0024207728482516285,,,,,0.015356678471323913,0.048400435241914876,,0.04645404851596266,0.005153806336844889,0.11171593490455826,0.06595886538603471,0.4146106899494217,0.0029533429240638158,,0.019715523621666037,,0.0014766714620319079,0.1441167080331416,0.009911236896490016,0.005569511423042628,0.0013946923122386216,,,,,0.04466171165750842,,0.007510762043585492,0.002074447709933957,0.002020327480603142,,,,0.00970539138541508,,,,,,,,,,,,,,,,,,,,,,,,,,0.002823744490299138,0.01599127785967925,,,,,,,,,,,,,,,,
2024-09-09,0.0024510043087972366,,,0.0025002885612636612,,,,,,,,0.00481760435443751,,,,,,,,0.004327710489243493,,,,,,,,,0.004776458881678967,,,,,,,0.002256655630807581,0.010819102529369786,0.004605645940284211,,,0.0023946019524979595,0.006512205652099813,0.00669348980660458,0.0024108694612680072,,,,,0.01542748558235214,0.047872657100448246,,0.045928760847475866,0.005138430317553312,0.1117772290128327,0.06495983450717864,0.419209650673327,0.002975770140024368,,0.019357477254830117,,0.001487885070012184,0.14293932843775972,0.01021852889486274,0.0053774303160025365,0.0014113521607387303,,,,,0.04333679241937622,,0.007904339592122143,0.0021603833489019894,0.002089405468736728,,,,0.009557265124472168,,,,,,,,,,,,,,,,,,,,,,,,,,0.0028469116458879366,0.01652775472584398,,,,,,,,,,,,,,,,
2024-09-10,0.0024285457424856926,,,0.0025064071289894034,,,,,,,,0.004834585283080887,,,,,,,,0.0043154667281279195,,,,,,,,,0.004761392803629836,,,,,,,0.002244425942284966,0.01075981144372015,0.004582440637658081,,,0.002368390283663714,0.00643210027261544,0.006596268551047147,0.0024009660742843855,,,,,0.015498292693380366,0.04734487895898161,,0.04540347317898908,0.005123054298261735,0.11183852312110715,0.06396080362832257,0.42380861139723236,0.0029981973559849197,,0.018999430887994193,,0.0014990986779924598,0.14176194884237786,0.010525820893235463,0.005185349208962445,0.0014280120092388393,,,,,0.04201187318124402,,0.008297917140658792,0.0022463189878700216,0.0021584834568703134,,,,0.009409138863529254,,,,,,,,,,,,,,,,,,,,,,,,,,0.002870078801476735,0.017064231592008712,,,,,,,,,,,,,,,,
2024-09-11,0.0024060871761741485,,,0.0025125256967151455,,,,,,,,0.004851566211724263,,,,,,,,0.004303222967012345,,,,,,,,,0.004746326725580706,,,,,,,0.002232196253762351,0.010700520358070514,0.00455923533503195,,,0.002342178614829469,0.006351994893131067,0.006499047295489713,0.0023910626873007643,,,,,0.015569099804408593,0.04681710081751497,,0.04487818551050229,0.005107678278970157,0.11189981722938158,0.0629617727494665,0.42840757212113767,0.0030206245719454714,,0.018641384521158273,,0.0015103122859727357,0.14058456924699597,0.010833112891608185,0.004993268101922354,0.0014446718577389482,,,,,0.040686953943111816,,0.008691494689195441,0.002332254626838054,0.002227561445003899,,,,0.009261012602586341,,,,,,,,,,,,,,,,,,,,,,,,,,0.0028932459570655336,0.017600708458173447,,,,,,,,,,,,,,,,
2024-09-12,0.0023836286098626045,,,0.002518644264440887,,,,,,,,0.00486854714036764,,,,,,,,0.004290979205896771,,,,,,,,,0.004731260647531575,,,,,,,0.0022199665652397364,0.010641229272420876,0.00453603003240582,,,0.0023159669459952236,0.006271889513646695,0.00640182603993228,0.002381159300317143,,,,,0.01563990691543682,0.04628932267604834,,0.0443528978420155,0.00509230225967858,0.11196111133765602,0.06196274187061043,0.43300653284504304,0.0030430517879060236,,0.01828333815432235,,0.0015215258939530118,0.1394071896516141,0.011140404889980908,0.004801186994882262,0.0014613317062390572,,,,,0.039362034704979613,,0.00908507223773209,0.002418190265806086,0.0022966394331374847,,,,0.009112886341643426,,,,,,,,,,,,,,,,,,,,,,,,,,0.002916413112654332,0.018137185324338178,,,,,,,,,,,,,,,,
2024-09-13,0.0023611700435510604,,,0.0025247628321666293,,,,,,,,0.004885528069011017,,,,,,,,0.004278735444781197,,,,,,,,,0.004716194569482445,,,,,,,0.0022077368767171217,0.01058193818677124,0.00451282472977969,,,0.0022897552771609783,0.006191784134162322,0.0063046047843748464,0.0023712559133335213,,,,,0.015710714026465046,0.04576154453458171,,0.04382761017352871,0.005076926240387003,0.11202240544593045,0.060963710991754363,0.43760549356894834,0.0030654790038665758,,0.017925291787486426,,0.0015327395019332879,0.13822981005623222,0.01144769688835363,0.004609105887842171,0.0014779915547391662,,,,,0.03803711546684741,,0.009478649786268742,0.002504125904774118,0.0023657174212710704,,,,0.008964760080700513,,,,,,,,,,,,,,,,,,,,,,,,,,0.0029395802682431306,0.018673662190502913,,,,,,,,,,,,,,,,
2024-09-14,0.0023387114772395164,,,0.0025308813998923714,,,,,,,,0.004902508997654393,,,,,,,,0.004266491683665623,,,,,,,,,0.004701128491433315,,,,,,,0.002195507188194507,0.010522647101121604,0.00448961942715356,,,0.0022635436083267334,0.006111678754677949,0.006207383528817412,0.0023613525263499,,,,,0.015781521137493273,0.04523376639311508,,0.04330232250504192,0.005061550221095425,0.11208369955420489,0.059964680112898294,0.4422044542928537,0.0030879062198271275,,0.017567245420650506,,0.0015439531099135637,0.13705243046085036,0.011754988886726353,0.0044170247808020795,0.0014946514032392751,,,,,0.03671219622871521,,0.009872227334805393,0.0025900615437421505,0.002434795409404656,,,,0.0088166338197576,,,,,,,,,,,,,,,,,,,,,,,,,,0.002962747423831929,0.019210139056667644,,,,,,,,,,,,,,,,
2024-09-15,0.0023162529109279724,,,0.002536999967618113,,,,,,,,0.00491948992629777,,,,,,,,0.004254247922550049,,,,,,,,,0.004686062413384184,,,,,,,0.002183277499671892,0.010463356015471968,0.004466414124527429,,,0.0022373319394924877,0.006031573375193577,0.0061101622732599795,0.0023514491393662787,,,,,0.0158523282485215,0.04470598825164844,,0.042777034836555136,0.0050461742018038476,0.11214499366247933,0.058965649234042225,0.446803415016759,0.0031103334357876792,,0.017209199053814583,,0.0015551667178938396,0.13587505086546847,0.012062280885099077,0.004224943673761988,0.001511311251739384,,,,,0.03538727699058301,,0.010265804883342042,0.0026759971827101823,0.0025038733975382417,,,,0.008668507558814686,,,,,,,,,,,,,,,,,,,,,,,,,,0.0029859145794207276,0.019746615922832375,,,,,,,,,,,,,,,,
2024-09-16,0.0022937943446164283,,,0.002543118535343855,,,,,,,,0.004936470854941147,,,,,,,,0.004242004161434474,,,,,,,,,0.004670996335335053,,,,,,,0.0021710478111492773,0.010404064929822331,0.004443208821901299,,,0.002211120270658243,0.0059514679957092045,0.006012941017702545,0.002341545752382657,,,,,0.015923135359549725,0.04417821011018181,,0.04225174716806834,0.0050307981825122704,0.11220628777075377,0.057966618355186156,0.45140237574066433,0.0031327606517482314,,0.016851152686978663,,0.0015663803258741157,0.1346976712700866,0.0123695728834718,0.004032862566721897,0.0015279711002394929,,,,,0.034062357752450804,,0.010659382431878691,0.0027619328216782145,0.0025729513856718273,,,,0.008520381297871773,,,,,,,,,,,,,,,,,,,,,,,,,,0.003009081735009526,0.020283092788997106,,,,,,,,,,,,,,,,
2024-09-17,0.0022713357783048843,,,0.0025492371030695973,,,,,,,,0.004953451783584523,,,,,,,,0.0042297604003189,,,,,,,,,0.0046559302572859226,,,,,,,0.0021588181226266626,0.010344773844172693,0.004420003519275169,,,0.0021849086018239975,0.005871362616224831,0.005915719762145112,0.0023316423653990358,,,,,0.015993942470577952,0.04365043196871518,,0.04172645949958156,0.005015422163220693,0.1122675818790282,0.05696758747633009,0.4560013364645697,0.0031551878677087836,,0.01649310632014274,,0.0015775939338543918,0.13352029167470472,0.012676864881844522,0.0038407814596818054,0.0015446309487396018,,,,,0.0327374385143186,,0.011052959980415342,0.0028478684606462468,0.002642029373805413,,,,0.008372255036928858,,,,,,,,,,,,,,,,,,,,,,,,,,0.0030322488905983247,0.02081956965516184,,,,,,,,,,,,,,,,
2024-09-18,0.0022488772119933402,,,0.002555355670795339,,,,,,,,0.0049704327122279,,,,,,,,0.004217516639203326,,,,,,,,,0.004640864179236792,,,,,,,0.0021465884341040475,0.010285482758523057,0.0043967982166490385,,,0.002158696932989752,0.005791257236740459,0.005818498506587678,0.002321738978415414,,,,,0.01606474958160618,0.043122653827248544,,0.04120117183109477,0.005000046143929115,0.11232887598730265,0.05596855659747402,0.46060029718847506,0.0031776150836693353,,0.016135059953306816,,0.0015888075418346677,0.13234291207932286,0.012984156880217246,0.003648700352641714,0.0015612907972397108,,,,,0.0314125192761864,,0.011446537528951993,0.0029338040996142786,0.0027111073619389987,,,,0.008224128775985945,,,,,,,,,,,,,,,,,,,,,,,,,,0.003055416046187123,0.021356046521326572,,,,,,,,,,,,,,,,
2024-09-19,0.002226418645681796,,,0.002561474238521081,,,,,,,,0.004987413640871277,,,,,,,,0.004205272878087752,,,,,,,,,0.004625798101187661,,,,,,,0.002134358745581433,0.010226191672873421,0.0043735929140229085,,,0.002132485264155507,0.005711151857256087,0.005721277251030245,0.002311835591431793,,,,,0.016135556692634407,0.04259487568578191,,0.04067588416260798,0.004984670124637538,0.11239017009557709,0.05496952571861795,0.46519925791238037,0.003200042299629887,,0.015777013586470896,,0.0016000211498149435,0.13116553248394097,0.013291448878589969,0.0034566192456016226,0.0015779506457398197,,,,,0.030087600038054198,,0.011840115077488642,0.003019739738582311,0.0027801853500725843,,,,0.008076002515043031,,,,,,,,,,,,,,,,,,,,,,,,,,0.0030785832017759217,0.021892523387491307,,,,,,,,,,,,,,,,
2024-09-20,0.002203960079370252,,,0.0025675928062468233,,,,,,,,0.005004394569514653,,,,,,,,0.004193029116972178,,,,,,,,,0.00461073202313853,,,,,,,0.002122129057058818,0.010166900587223785,0.0043503876113967785,,,0.0021062735953212616,0.0056310464777717135,0.005624055995472811,0.0023019322044481715,,,,,0.016206363803662634,0.04206709754431528,,0.040150596494121185,0.004969294105345961,0.11245146420385152,0.05397049483976188,0.4697982186362857,0.003222469515590439,,0.015418967219634974,,0.0016112347577952196,0.1299881528885591,0.013598740876962691,0.003264538138561531,0.0015946104942399287,,,,,0.028762680799921996,,0.012233692626025292,0.003105675377550343,0.00284926333820617,,,,0.007927876254100118,,,,,,,,,,,,,,,,,,,,,,,,,,0.00310175035736472,0.022429000253656038,,,,,,,,,,,,,,,,
2024-09-21,0.002181501513058708,,,0.002573711373972565,,,,,,,,0.00502137549815803,,,,,,,,0.004180785355856604,,,,,,,,,0.0045956659450894,,,,,,,0.0021098993685362034,0.010107609501574147,0.004327182308770648,,,0.0020800619264870167,0.005550941098287341,0.005526834739915377,0.00229202881746455,,,,,0.01627717091469086,0.04153931940284865,,0.0396253088256344,0.004953918086054383,0.11251275831212595,0.05297146396090581,0.47439717936019105,0.0032448967315509914,,0.015060920852799052,,0.0016224483657754957,0.12881077329317722,0.013906032875335414,0.0030724570315214398,0.0016112703427400375,,,,,0.027437761561789793,,0.01262727017456194,0.0031916110165183752,0.002918341326339755,,,,0.007779749993157205,,,,,,,,,,,,,,,,,,,,,,,,,,0.0031249175129535187,0.02296547711982077,,,,,,,,,,,,,,,,
2024-09-22,0.002159042946747164,,,0.0025798299416983075,,,,,,,,0.005038356426801407,,,,,,,,0.004168541594741029,,,,,,,,,0.004580599867040269,,,,,,,0.0020976696800135883,0.01004831841592451,0.004303977006144518,,,0.0020538502576527714,0.005470835718802969,0.005429613484357943,0.0022821254304809285,,,,,0.016347978025719086,0.04101154126138201,,0.03910002115714761,0.004938542066762806,0.11257405242040039,0.05197243308204974,0.47899614008409636,0.003267323947511543,,0.01470287448596313,,0.0016336619737557716,0.12763339369779536,0.014213324873708136,0.0028803759244813484,0.0016279301912401464,,,,,0.02611284232365759,,0.013020847723098593,0.0032775466554864074,0.0029874193144733413,,,,0.007631623732214291,,,,,,,,,,,,,,,,,,,,,,,,,,0.003148084668542317,0.0235019539859855,,,,,,,,,,,,,,,,
2024-09-23,0.00213658438043562,,,0.002585948509424049,,,,,,,,0.005055337355444783,,,,,,,,0.004156297833625455,,,,,,,,,0.004565533788991138,,,,,,,0.0020854399914909737,0.009989027330274874,0.004280771703518388,,,0.002027638588818526,0.005390730339318596,0.00533239222880051,0.0022722220434973073,,,,,0.016418785136747313,0.040483763119915375,,0.03857473348866082,0.004923166047471229,0.11263534652867484,0.05097340220319367,0.4835951008080017,0.003289751163472095,,0.014344828119127207,,0.0016448755817360474,0.12645601410241347,0.014520616872080859,0.002688294817441257,0.0016445900397402554,,,,,0.02478792308552539,,0.013414425271635243,0.0033634822944544392,0.0030564973026069265,,,,0.0074834974712713765,,,,,,,,,,,,,,,,,,,,,,,,,,0.0031712518241311157,0.024038430852150232,,,,,,,,,,,,,,,,
2024-09-24,0.002114125814124076,,,0.0025920670771497913,,,,,,,,0.005072318284088159,,,,,,,,0.004144054072509881,,,,,,,,,0.004550467710942008,,,,,,,0.002073210302968359,0.009929736244625238,0.004257566400892257,,,0.0020014269199842808,0.005310624959834223,0.005235170973243076,0.0022623186565136856,,,,,0.01648959224777554,0.039955984978448746,,0.038049445820174034,0.004907790028179651,0.11269664063694927,0.049974371324337595,0.48819406153190703,0.003312178379432647,,0.013986781752291285,,0.0016560891897163235,0.1252786345070316,0.014827908870453581,0.0024962137104011656,0.0016612498882403643,,,,,0.023463003847393187,,0.013808002820171892,0.003449417933422472,0.0031255752907405126,,,,0.007335371210328463,,,,,,,,,,,,,,,,,,,,,,,,,,0.0031944189797199142,0.024574907718314967,,,,,,,,,,,,,,,,
2024-09-25,0.002091667247812532,,,0.0025981856448755334,,,,,,,,0.005089299212731537,,,,,,,,0.004131810311394307,,,,,,,,,0.0045354016328928775,,,,,,,0.002060980614445744,0.009870445158975602,0.004234361098266127,,,0.0019752152511500354,0.005230519580349851,0.005137949717685643,0.0022524152695300643,,,,,0.016560399358803768,0.039428206836982116,,0.03752415815168725,0.004892414008888074,0.1127579347452237,0.048975340445481526,0.4927930222558124,0.003334605595393199,,0.013628735385455363,,0.0016673027976965996,0.12410125491164972,0.015135200868826306,0.002304132603361074,0.0016779097367404733,,,,,0.022138084609260984,,0.014201580368708541,0.0035353535723905037,0.003194653278874098,,,,0.00718724494938555,,,,,,,,,,,,,,,,,,,,,,,,,,0.0032175861353087127,0.0251113845844797,,,,,,,,,,,,,,,,
2024-09-26,0.002069208681500988,,,0.002604304212601275,,,,,,,,0.005106280141374913,,,,,,,,0.004119566550278732,,,,,,,,,0.004520335554843747,,,,,,,0.002048750925923129,0.009811154073325964,0.004211155795639997,,,0.0019490035823157901,0.005150414200865478,0.0050407284621282085,0.002242511882546443,,,,,0.016631206469831992,0.03890042869551548,,0.036998870483200455,0.004877037989596497,0.11281922885349815,0.04797630956662546,0.4973919829797177,0.003357032811353751,,0.013270689018619442,,0.0016785164056768755,0.12292387531626785,0.01544249286719903,0.0021120514963209828,0.001694569585240582,,,,,0.020813165371128782,,0.01459515791724519,0.0036212892113585363,0.003263731267007684,,,,0.007039118688442637,,,,,,,,,,,,,,,,,,,,,,,,,,0.0032407532908975112,0.025647861450644432,,,,,,,,,,,,,,,,
2024-09-27,0.002046750115189444,,,0.0026104227803270172,,,,,,,,0.005123261070018289,,,,,,,,0.0041073227891631585,,,,,,,,,0.004505269476794617,,,,,,,0.0020365212374005145,0.009751862987676328,0.004187950493013867,,,0.0019227919134815453,0.005070308821381105,0.004943507206570776,0.0022326084955628213,,,,,0.01670201358086022,0.03837265055404884,,0.03647358281471366,0.004861661970304919,0.11288052296177259,0.04697727868776939,0.5019909437036231,0.0033794600273143027,,0.01291264265178352,,0.0016897300136571513,0.12174649572088597,0.015749784865571752,0.0019199703892808914,0.001711229433740691,,,,,0.01948824613299658,,0.014988735465781843,0.003707224850326568,0.003332809255141269,,,,0.0068909924274997226,,,,,,,,,,,,,,,,,,,,,,,,,,0.0032639204464863097,0.026184338316809164,,,,,,,,,,,,,,,,
2024-09-28,0.0020242915488779,,,0.0026165413480527594,,,,,,,,0.005140241998661667,,,,,,,,0.004095079028047585,,,,,,,,,0.004490203398745486,,,,,,,0.0020242915488779,0.009692571902026692,0.004164745190387736,,,0.0018965802446473002,0.004990203441896733,0.0048462859510133415,0.0022227051085792,,,,,0.016772820691888447,0.03784487241258221,,0.035948295146226876,0.0048462859510133415,0.11294181707004702,0.04597824780891332,0.5065899044275284,0.003401887243274855,,0.012554596284947598,,0.0017009436216374274,0.1205691161255041,0.016057076863944475,0.0017278892822408,0.0017278892822408,,,,,0.01816332689486438,,0.015382313014318492,0.0037931604892946003,0.003401887243274855,,,,0.006742866166556809,,,,,,,,,,,,,,,,,,,,,,,,,,0.0032870876020751083,0.026720815182973895,,,0.0040485830977559,,,,,,,,,,,,,
2024-09-29,0.002042087654228312,,,0.002622659915778501,,,,,,,,0.005157222927305043,,,,,,,,0.00408283526693201,,,,,,,,,0.0044751373206963554,,,,,,,0.002041619848580855,0.009609228475407346,0.004141539887761606,,,0.001927353655489765,0.00491009806241236,0.004849254617944246,0.0022128017215955788,,,,,0.0162719075534758,0.037421991474859924,,0.035132440505549305,0.004944200513862226,0.11087976561837072,0.04643872637479071,0.5066347030834073,,,0.012196549918111674,,,0.11864528741820575,0.01635446497571782,,0.0017728637186726786,,,,,0.018130848259066308,,0.015719520454738414,0.0042977990489729495,0.0036580722546708058,,,,0.006900487406667079,,,,,,,,,,,,,,,,,,,,,,,,,,0.003287234453255342,0.02964364976200847,,,0.0041668106998605115,,,,,,,,,,,,,
2024-09-30,0.002059883759578724,,,0.002628778483504243,,,,,,,,0.005174203855948419,,,,,,,,0.004070591505816436,,,,,,,,,0.004460071242647225,,,,,,,0.0020589481482838103,0.009525885048788001,0.004118334585135476,,,0.00195812706633223,0.0048299926829279876,0.0048522232848751505,0.002202898334611957,,,,,0.01577099441506315,0.036999110537137635,,0.034316585864871726,0.00504211507671111,0.10881771416669442,0.0468992049406681,0.5066795017392862,,,0.011838503551275753,,,0.1167214587109074,0.01665185308749117,,0.0018178381551045572,,,,,0.01809836962326823,,0.016056727895158336,0.004802437608651299,0.003914257266066757,,,,0.007058108646777348,,,,,,,,,,,,,,,,,,,,,,,,,,0.0032873813044355764,0.03256648434104305,,,0.004285038301965124,,,,,,,,,,,,,
2024-10-01,0.0020776798649291355,,,0.0026348970512299853,,,,,,,,0.005191184784591797,,,,,,,,0.004058347744700862,,,,,,,,,0.004445005164598094,,,,,,,0.0020762764479867655,0.009442541622168656,0.004095129282509345,,,0.0019889004771746948,0.004749887303443615,0.004855191951806055,0.002192994947628336,,,,,0.015270081276650502,0.036576229599415346,,0.033500731224194155,0.005140029639559995,0.1067556627150181,0.04735968350654549,0.5067243003951651,,,0.011480457184439831,,,0.11479763000360904,0.01694924119926452,,0.0018628125915364357,,,,,0.01806589098747016,,0.016393935335578258,0.005307076168329648,0.004170442277462708,,,,0.007215729886887618,,,,,,,,,,,,,,,,,,,,,,,,,,0.0032875281556158102,0.035489318920077624,,,0.004403265904069735,,,,,,,,,,,,,
2024-10-02,0.0020954759702795475,,,0.002641015618955727,,,,,,,,0.005208165713235173,,,,,,,,0.0040461039835852875,,,,,,,,,0.004429939086548963,,,,,,,0.0020936047476897207,0.00935919819554931,0.004071923979883215,,,0.00201967388801716,0.004669781923959242,0.00485816061873696,0.002183091560644714,,,,,0.014769168138237854,0.036153348661693056,,0.032684876583516584,0.00523794420240888,0.1046936112633418,0.047820162072422887,0.5067690990510441,,,0.01112241081760391,,,0.1128738012963107,0.017246629311037865,,0.0019077870279683143,,,,,0.018033412351672082,,0.01673114277599818,0.005811714728007997,0.004426627288858659,,,,0.007373351126997887,,,,,,,,,,,,,,,,,,,,,,,,,,0.0032876750067960445,0.0384121534991122,,,0.004521493506174347,,,,,,,,,,,,,
2024-10-03,0.0021132720756299596,,,0.002647134186681469,,,,,,,,0.005225146641878549,,,,,,,,0.004033860222469713,,,,,,,,,0.0044148730084998325,,,,,,,0.002110933047392676,0.009275854768929965,0.004048718677257085,,,0.0020504472988596245,0.00458967654447487,0.004861129285667865,0.002173188173661093,,,,,0.014268254999825206,0.03573046772397077,,0.03186902194283901,0.005335858765257764,0.1026315598116655,0.04828064063830028,0.5068138977069231,,,0.010764364450767987,,,0.11094997258901235,0.01754401742281121,,0.001952761464400193,,,,,0.01800093371587401,,0.017068350216418098,0.006316353287686346,0.00468281230025461,,,,0.007530972367108157,,,,,,,,,,,,,,,,,,,,,,,,,,0.0032878218579762784,0.04133498807814678,,,0.004639721108278958,,,,,,,,,,,,,
2024-10-04,0.002131068180980371,,,0.0026532527544072112,,,,,,,,0.005242127570521927,,,,,,,,0.004021616461354139,,,,,,,,,0.004399806930450702,,,,,,,0.002128261347095631,0.009192511342310621,0.004025513374630954,,,0.0020812207097020896,0.004509571164990497,0.004864097952598769,0.0021632847866774716,,,,,0.013767341861412558,0.03530758678624848,,0.031053167302161438,0.005433773328106649,0.1005695083599892,0.048741119204177674,0.506858696362802,,,0.010406318083932066,,,0.109026143881714,0.01784140553458456,,0.0019977359008320713,,,,,0.017968455080075933,,0.01740555765683802,0.006820991847364696,0.004938997311650561,,,,0.007688593607218427,,,,,,,,,,,,,,,,,,,,,,,,,,0.0032879687091565126,0.04425782265718135,,,0.00475794871038357,,,,,,,,,,,,,
2024-10-05,0.002148864286330783,,,0.002659371322132953,,,,,,,,0.005259108499165303,,,,,,,,0.004009372700238565,,,,,,,,,0.004384740852401571,,,,,,,0.0021455896467985863,0.009109167915691276,0.004002308072004824,,,0.0021119941205445542,0.004429465785506124,0.004867066619529674,0.00215338139969385,,,,,0.01326642872299991,0.03488470584852619,,0.030237312661483863,0.005531687890955534,0.09850745690831289,0.04920159777005506,0.5069034950186809,,,0.010048271717096144,,,0.10710231517441565,0.018138793646357905,,0.00204271033726395,,,,,0.01793597644427786,,0.017742765097257942,0.007325630407043045,0.005195182323046513,,,,0.007846214847328696,,,,,,,,,,,,,,,,,,,,,,,,,,0.0032881155603367465,0.04718065723621592,,,0.0048761763124881815,,,,,,,,,,,,,
2024-10-06,0.0021666603916811952,,,0.0026654898898586955,,,,,,,,0.005276089427808679,,,,,,,,0.003997128939122991,,,,,,,,,0.004369674774352441,,,,,,,0.0021629179465015415,0.00902582448907193,0.003979102769378694,,,0.0021427675313870193,0.004349360406021752,0.004870035286460578,0.0021434780127102286,,,,,0.012765515584587262,0.0344618249108039,,0.029421458020806292,0.005629602453804418,0.09644540545663659,0.049662076335932455,0.5069482936745598,,,0.00969022535026022,,,0.10517848646711729,0.01843618175813125,,0.0020876847736958286,,,,,0.017903497808479787,,0.018079972537677864,0.007830268966721394,0.005451367334442464,,,,0.008003836087438966,,,,,,,,,,,,,,,,,,,,,,,,,,0.0032882624115169808,0.050103491815250506,,,0.0049944039145927936,,,,,,,,,,,,,
2024-10-07,0.0021844564970316073,,,0.002671608457584437,,,,,,,,0.005293070356452057,,,,,,,,0.003984885178007417,,,,,,,,,0.00435460869630331,,,,,,,0.0021802462462044967,0.008942481062452585,0.003955897466752564,,,0.002173540942229484,0.0042692550265373795,0.004873003953391483,0.002133574625726607,,,,,0.012264602446174614,0.03403894397308161,,0.02860560338012872,0.0057275170166533025,0.09438335400496028,0.05012255490180985,0.5069930923304388,,,0.009332178983424299,,,0.10325465775981894,0.0187335698699046,,0.002132659210127707,,,,,0.01787101917268171,,0.018417179978097786,0.008334907526399742,0.005707552345838415,,,,0.008161457327549235,,,,,,,,,,,,,,,,,,,,,,,,,,0.0032884092626972146,0.053026326394285075,,,0.005112631516697405,,,,,,,,,,,,,
2024-10-08,0.0022022526023820193,,,0.0026777270253101793,,,,,,,,0.005310051285095433,,,,,,,,0.003972641416891843,,,,,,,,,0.00433954261825418,,,,,,,0.002197574545907452,0.00885913763583324,0.003932692164126434,,,0.002204314353071949,0.004189149647053006,0.004875972620322387,0.0021236712387429856,,,,,0.011763689307761966,0.03361606303535932,,0.027789748739451146,0.0058254315795021865,0.09232130255328397,0.050583033467687236,0.5070378909863177,,,0.008974132616588377,,,0.1013308290525206,0.01903095798167795,,0.002177633646559586,,,,,0.017838540536883638,,0.018754387418517707,0.008839546086078093,0.0059637373572343656,,,,0.008319078567659505,,,,,,,,,,,,,,,,,,,,,,,,,,0.003288556113877449,0.05594916097331966,,,0.005230859118802017,,,,,,,,,,,,,
2024-10-09,0.002220048707732431,,,0.0026838455930359214,,,,,,,,0.005327032213738809,,,,,,,,0.003960397655776268,,,,,,,,,0.004324476540205049,,,,,,,0.002214902845610407,0.008775794209213894,0.003909486861500304,,,0.0022350877639144137,0.004109044267568634,0.004878941287253293,0.0021137678517593643,,,,,0.011262776169349318,0.03319318209763703,,0.02697389409877357,0.005923346142351071,0.09025925110160767,0.05104351203356463,0.5070826896421966,,,0.008616086249752455,,,0.09940700034522224,0.019328346093451295,,0.0022226080829914644,,,,,0.017806061901085562,,0.01909159485893763,0.009344184645756442,0.0062199223686303165,,,,0.008476699807769775,,,,,,,,,,,,,,,,,,,,,,,,,,0.0032887029650576828,0.05887199555235423,,,0.005349086720906628,,,,,,,,,,,,,
2024-10-10,0.002237844813082843,,,0.002689964160761663,,,,,,,,0.005344013142382187,,,,,,,,0.003948153894660694,,,,,,,,,0.004309410462155918,,,,,,,0.0022322311453133624,0.008692450782594549,0.003886281558874173,,,0.0022658611747568788,0.004028938888084262,0.004881909954184197,0.0021038644647757426,,,,,0.01076186303093667,0.032770301159914736,,0.026158039458096,0.006021260705199956,0.08819719964993136,0.05150399059944202,0.5071274882980755,,,0.008258039882916533,,,0.09748317163792389,0.01962573420522464,,0.002267582519423343,,,,,0.01777358326528749,,0.01942880229935755,0.00984882320543479,0.0064761073800262674,,,,0.008634321047880044,,,,,,,,,,,,,,,,,,,,,,,,,,0.0032888498162379166,0.061794830131388805,,,0.00546731432301124,,,,,,,,,,,,,
2024-10-11,0.002255640918433255,,,0.002696082728487405,,,,,,,,0.005360994071025563,,,,,,,,0.00393591013354512,,,,,,,,,0.0042943443841067875,,,,,,,0.0022495594450163176,0.008609107355975204,0.0038630762562480428,,,0.0022966345855993434,0.0039488335085998885,0.004884878621115102,0.0020939610777921214,,,,,0.010260949892524022,0.03234742022219245,,0.02534218481741843,0.00611917526804884,0.08613514819825506,0.05196446916531942,0.5071722869539544,,,0.007899993516080612,,,0.09555934293062554,0.01992312231699799,,0.0023125569558552217,,,,,0.017741104629489413,,0.01976600973977747,0.010353461765113139,0.006732292391422218,,,,0.008791942287990313,,,,,,,,,,,,,,,,,,,,,,,,,,0.003288996667418151,0.06471766471042338,,,0.005585541925115851,,,,,,,,,,,,,
2024-10-12,0.0022734370237836666,,,0.0027022012962131473,,,,,,,,0.005377974999668939,,,,,,,,0.003923666372429546,,,,,,,,,0.004279278306057657,,,,,,,0.0022668877447192728,0.008525763929355858,0.0038398709536219128,,,0.0023274079964418085,0.003868728129115516,0.004887847288046006,0.0020840576908085,,,,,0.009760036754111374,0.03192453928447016,,0.024526330176740854,0.006217089830897725,0.08407309674657876,0.05242494773119681,0.5072170856098335,,,0.007541947149244688,,,0.0936355142233272,0.020220510428771335,,0.0023575313922871,,,,,0.01770862599369134,,0.02010321718019739,0.01085810032479149,0.006988477402818169,,,,0.008949563528100583,,,,,,,,,,,,,,,,,,,,,,,,,,0.0032891435185983847,0.06764049928945795,,,0.005703769527220463,,,,,,,,,,,,,
2024-10-13,0.0022912331291340786,,,0.002708319863938889,,,,,,,,0.005394955928312316,,,,,,,,0.003911422611313971,,,,,,,,,0.004264212228008527,,,,,,,0.002284216044422228,0.008442420502736513,0.0038166656509957824,,,0.002358181407284273,0.003788622749631144,0.004890815954976911,0.0020741543038248784,,,,,0.009259123615698726,0.03150165834674787,,0.02371047553606328,0.006315004393746609,0.08201104529490245,0.0528854262970742,0.5072618842657124,,,0.007183900782408766,,,0.09171168551602885,0.020517898540544685,,0.0024025058287189785,,,,,0.017676147357893267,,0.020440424620617313,0.011362738884469838,0.00724466241421412,,,,0.009107184768210853,,,,,,,,,,,,,,,,,,,,,,,,,,0.003289290369778619,0.07056333386849253,,,0.005821997129325075,,,,,,,,,,,,,
2024-10-14,0.0023090292344844906,,,0.002714438431664631,,,,,,,,0.005411936856955693,,,,,,,,0.0038991788501983975,,,,,,,,,0.004249146149959396,,,,,,,0.002301544344125183,0.008359077076117168,0.003793460348369652,,,0.0023889548181267382,0.003708517370146771,0.004893784621907815,0.002064250916841257,,,,,0.008758210477286078,0.031078777409025583,,0.022894620895385707,0.006412918956595494,0.07994899384322615,0.05334590486295159,0.5073066829215913,,,0.006825854415572846,,,0.0897878568087305,0.020815286652318032,,0.002447480265150857,,,,,0.01764366872209519,,0.020777632061037235,0.011867377444148187,0.007500847425610071,,,,0.009264806008321122,,,,,,,,,,,,,,,,,,,,,,,,,,0.003289437220958853,0.07348616844752712,,,0.005940224731429687,,,,,,,,,,,,,
2024-10-15,0.0023268253398349027,,,0.0027205569993903733,,,,,,,,0.005428917785599069,,,,,,,,0.0038869350890828234,,,,,,,,,0.004234080071910265,,,,,,,0.0023188726438281384,0.008275733649497824,0.003770255045743522,,,0.002419728228969203,0.0036284119906623983,0.00489675328883872,0.002054347529857636,,,,,0.00825729733887343,0.030655896471303293,,0.022078766254708136,0.006510833519444379,0.07788694239154983,0.053806383428828986,0.5073514815774702,,,0.006467808048736923,,,0.08786402810143215,0.02111267476409138,,0.0024924547015827358,,,,,0.017611190086297118,,0.021114839501457157,0.012372016003826536,0.007757032437006022,,,,0.009422427248431392,,,,,,,,,,,,,,,,,,,,,,,,,,0.003289584072139087,0.07640900302656169,,,0.006058452333534298,,,,,,,,,,,,,
2024-10-16,0.0023446214451853147,,,0.002726675567116115,,,,,,,,0.005445898714242446,,,,,,,,0.0038746913279672493,,,,,,,,,0.004219013993861135,,,,,,,0.0023362009435310936,0.008192390222878477,0.0037470497431173915,,,0.002450501639811668,0.003548306611178026,0.004899721955769625,0.002044444142874014,,,,,0.0077563842004607815,0.030233015533581,,0.02126291161403056,0.006608748082293264,0.07582489093987353,0.05426686199470637,0.5073962802333492,,,0.006109761681900999,,,0.08594019939413379,0.021410062875864725,,0.0025374291380146144,,,,,0.01757871145049904,,0.02145204694187708,0.012876654563504885,0.008013217448401973,,,,0.009580048488541661,,,,,,,,,,,,,,,,,,,,,,,,,,0.003289730923319321,0.07933183760559626,,,0.006176679935638909,,,,,,,,,,,,,
2024-10-17,0.0023624175505357263,,,0.002732794134841857,,,,,,,,0.005462879642885823,,,,,,,,0.0038624475668516747,,,,,,,,,0.004203947915812004,,,,,,,0.002353529243234049,0.008109046796259133,0.003723844440491261,,,0.0024812750506541326,0.003468201231693653,0.0049026906227005295,0.002034540755890393,,,,,0.0072554710620481334,0.02981013459585871,,0.020447056973352987,0.0067066626451421476,0.07376283948819723,0.054727340560583766,0.5074410788892281,,,0.005751715315065079,,,0.08401637068683544,0.02170745098763807,,0.002582403574446493,,,,,0.01754623281470097,,0.021789254382297,0.013381293123183235,0.008269402459797924,,,,0.009737669728651931,,,,,,,,,,,,,,,,,,,,,,,,,,0.0032898777744995553,0.08225467218463084,,,0.006294907537743521,,,,,,,,,,,,,
2024-10-18,0.0023802136558861383,,,0.002738912702567599,,,,,,,,0.005479860571529199,,,,,,,,0.003850203805736101,,,,,,,,,0.004188881837762873,,,,,,,0.002370857542937004,0.008025703369639788,0.003700639137865131,,,0.0025120484614965977,0.0033880958522092804,0.004905659289631434,0.0020246373689067716,,,,,0.006754557923635485,0.029387253658136422,,0.019631202332675415,0.006804577207991032,0.07170078803652093,0.05518781912646116,0.507485877545107,,,0.005393668948229156,,,0.08209254197953708,0.022004839099411422,,0.0026273780108783716,,,,,0.017513754178902892,,0.022126461822716922,0.013885931682861584,0.008525587471193875,,,,0.0098952909687622,,,,,,,,,,,,,,,,,,,,,,,,,,0.003290024625679789,0.08517750676366542,,,0.0064131351398481334,,,,,,,,,,,,,
2024-10-19,0.0023980097612365503,,,0.002745031270293341,,,,,,,,0.005496841500172576,,,,,,,,0.0038379600446205265,,,,,,,,,0.004173815759713743,,,,,,,0.0023881858426399592,0.007942359943020443,0.0036774338352390007,,,0.0025428218723390623,0.003307990472724908,0.0049086279565623385,0.00201473398192315,,,,,0.006253644785222837,0.028964372720414133,,0.018815347691997844,0.006902491770839916,0.06963873658484462,0.055648297692338554,0.5075306762009859,,,0.005035622581393236,,,0.08016871327223873,0.022302227211184765,,0.0026723524473102503,,,,,0.01748127554310482,,0.022463669263136844,0.014390570242539933,0.008781772482589828,,,,0.01005291220887247,,,,,,,,,,,,,,,,,,,,,,,,,,0.003290171476860023,0.08810034134269999,,,0.006531362741952745,,,,,,,,,,,,,
2024-10-20,0.002415805866586962,,,0.0027511498380190834,,,,,,,,0.005513822428815953,,,,,,,,0.0038257162835049524,,,,,,,,,0.0041587496816646126,,,,,,,0.0024055141423429145,0.007859016516401097,0.0036542285326128703,,,0.0025735952831815274,0.0032278850932405357,0.004911596623493243,0.0020048305949395286,,,,,0.005752731646810189,0.028541491782691844,,0.01799949305132027,0.007000406333688801,0.06757668513316831,0.05610877625821595,0.5075754748568648,,,0.004677576214557312,,,0.07824488456494039,0.022599615322958115,,0.002717326883742129,,,,,0.017448796907306746,,0.022800876703556766,0.014895208802218283,0.009037957493985779,,,,0.01021053344898274,,,,,,,,,,,,,,,,,,,,,,,,,,0.0032903183280402573,0.09102317592173456,,,0.006649590344057356,,,,,,,,,,,,,
2024-10-21,0.002433601971937374,,,0.002757268405744825,,,,,,,,0.005530803357459329,,,,,,,,0.0038134725223893783,,,,,,,,,0.004143683603615482,,,,,,,0.0024228424420458697,0.007775673089781752,0.0036310232299867403,,,0.002604368694023992,0.0031477797137561625,0.0049145652904241475,0.0019949272079559073,,,,,0.005251818508397541,0.028118610844969555,,0.017183638410642695,0.007098320896537686,0.06551463368149202,0.056569254824093335,0.5076202735127437,,,0.004319529847721392,,,0.07632105585764204,0.022897003434731462,,0.002762301320174007,,,,,0.01741631827150867,,0.023138084143976688,0.015399847361896632,0.00929414250538173,,,,0.01036815468909301,,,,,,,,,,,,,,,,,,,,,,,,,,0.003290465179220491,0.09394601050076914,,,0.006767817946161968,,,,,,,,,,,,,
2024-10-22,0.002451398077287786,,,0.0027633869734705672,,,,,,,,0.005547784286102706,,,,,,,,0.003801228761273804,,,,,,,,,0.004128617525566351,,,,,,,0.002440170741748825,0.007692329663162406,0.00360781792736061,,,0.002635142104866457,0.00306767433427179,0.004917533957355052,0.0019850238209722856,,,,,0.004750905369984893,0.027695729907247266,,0.016367783769965123,0.007196235459386571,0.0634525822298157,0.05702973338997073,0.5076650721686228,,,0.003961483480885469,,,0.07439722715034369,0.02319439154650481,,0.002807275756605886,,,,,0.017383839635710597,,0.02347529158439661,0.015904485921574982,0.00955032751677768,,,,0.010525775929203278,,,,,,,,,,,,,,,,,,,,,,,,,,0.0032906120304007254,0.09686884507980371,,,0.006886045548266579,,,,,,,,,,,,,
2024-10-23,0.002469194182638198,,,0.0027695055411963094,,,,,,,,0.005564765214746083,,,,,,,,0.00378898500015823,,,,,,,,,0.00411355144751722,,,,,,,0.00245749904145178,0.007608986236543061,0.0035846126247344795,,,0.0026659155157089222,0.002987568954787418,0.004920502624285957,0.0019751204339886644,,,,,0.004249992231572245,0.027272848969524977,,0.015551929129287552,0.007294150022235455,0.0613905307781394,0.05749021195584812,0.5077098708245017,,,0.003603437114049545,,,0.07247339844304534,0.023491779658278155,,0.0028522501930377643,,,,,0.01735136099991252,,0.02381249902481653,0.01640912448125333,0.009806512528173631,,,,0.010683397169313548,,,,,,,,,,,,,,,,,,,,,,,,,,0.0032907588815809592,0.0997916796588383,,,0.007004273150371191,,,,,,,,,,,,,
2024-10-24,0.00248699028798861,,,0.002775624108922051,,,,,,,,0.0055817461433894594,,,,,,,,0.0037767412390426556,,,,,,,,,0.00409848536946809,,,,,,,0.0024748273411547353,0.007525642809923716,0.0035614073221083495,,,0.002696688926551387,0.0029074635753030447,0.004923471291216862,0.001965217047005043,,,,,0.003749079093159597,0.026849968031802687,,0.014736074488609977,0.007392064585084339,0.059328479326463096,0.05795069052172551,0.5077546694803806,,,0.003245390747213625,,,0.070549569735747,0.0237891677700515,,0.002897224629469643,,,,,0.017318882364114448,,0.02414970646523645,0.01691376304093168,0.010062697539569582,,,,0.010841018409423819,,,,,,,,,,,,,,,,,,,,,,,,,,0.0032909057327611935,0.10271451423787287,,,0.0071225007524758025,,,,,,,,,,,,,
2024-10-25,0.0025047863933390217,,,0.002781742676647793,,,,,,,,0.005598727072032836,,,,,,,,0.0037644974779270815,,,,,,,,,0.004083419291418959,,,,,,,0.0024921556408576905,0.00744229938330437,0.003538202019482219,,,0.0027274623373938515,0.0028273581958186723,0.004926439958147766,0.0019553136600214214,,,,,0.003248165954746949,0.026427087094080398,,0.013920219847932402,0.007489979147933224,0.05726642787478679,0.0584111690876029,0.5077994681362595,,,0.0028873443803777016,,,0.06862574102844864,0.024086555881824852,,0.0029421990659015216,,,,,0.01728640372831637,,0.024486913905656372,0.01741840160061003,0.010318882550965533,,,,0.010998639649534087,,,,,,,,,,,,,,,,,,,,,,,,,,0.0032910525839414274,0.10563734881690745,,,0.007240728354580414,,,,,,,,,,,,,
2024-10-26,0.0025225824986894337,,,0.0027878612443735353,,,,,,,,0.005615708000676213,,,,,,,,0.0037522537168115074,,,,,,,,,0.004068353213369829,,,,,,,0.0025094839405606457,0.007358955956685026,0.0035149967168560886,,,0.0027582357482363166,0.0027472528163343,0.004929408625078671,0.0019454102730378001,,,,,0.0027472528163343,0.02600420615635811,,0.013104365207254833,0.007587893710782109,0.055204376423110484,0.0588716476534803,0.5078442667921385,,,0.0025292980135417833,,,0.06670191232115029,0.0243839439935982,,0.0029871735023334002,,,0.0025292980135417833,,0.0172539250925183,0.015175787421564217,0.024824121346076294,0.017923040160288378,0.010575067562361484,,,,0.011156260889644358,,,,,,,,,,,,,,,,,,,,,,,,,,0.0032911994351216617,0.10856018339594202,,0.005287533781180742,0.007358955956685026,,,,,,,,,,,,,
2024-10-27,0.0025307595608999728,,,0.002793979812099277,,,,,,,,0.0056326889293195894,,,,,,,,0.0037400099556959333,,,,,,,,,0.004053287135320698,,,,,,,0.0025221898085164957,0.007198466395493576,0.0034917914142299587,,,0.003156460552764551,0.0027526324666285987,0.004932377292009575,0.0019355068860541784,,,,,0.0027526324666285987,0.025282476152529224,,0.013257327099487905,0.007420393329131842,0.053335121845260985,0.05726582203282125,0.505072675556654,,,0.0025338041419412176,,,0.06577752678034204,0.024149447989960486,,0.003501929626855493,,,0.0025280104064654995,,0.016739562859791966,0.015367122760619035,0.026694147071490648,0.019915780279829706,0.010496918337940654,,,,0.010867612419089992,,,,,,,,,,,,,,,,,,,,,,,,,,0.0032913462863018955,0.11253423634029566,,0.005632722132196169,0.007213384644100643,,,,,,,,,,,,,
2024-10-28,0.002538936623110512,,,0.002800098379825019,,,,,,,,0.005649669857962966,,,,,,,,0.003727766194580359,,,,,,,,,0.0040382210572715675,,,,,,,0.0025348956764723453,0.007037976834302127,0.0034685861116038287,,,0.0035546853572927858,0.0027580121169228974,0.00493534595894048,0.0019256034990705571,,,,,0.0027580121169228974,0.024560746148700338,,0.013410288991720977,0.007252892947481577,0.05146586726741148,0.055659996412162197,0.5023010843211697,,,0.0025383102703406516,,,0.06485314123953381,0.02391495198632277,,0.004016685751377586,,,0.0025267227993892158,,0.016225200627065634,0.015558458099673855,0.028564172796905003,0.021908520399371037,0.010418769113519822,,,,0.010578963948535625,,,,,,,,,,,,,,,,,,,,,,,,,,0.00329149313748213,0.11650828928464932,,0.005977910483211594,0.0070678133315162615,,,,,,,,,,,,,
2024-10-29,0.002547113685321051,,,0.002806216947550761,,,,,,,,0.005666650786606343,,,,,,,,0.0037155224334647846,,,,,,,,,0.004023154979222437,,,,,,,0.0025476015444281953,0.006877487273110678,0.003445380808977698,,,0.003952910161821021,0.002763391767217196,0.004938314625871384,0.0019157001120869357,,,,,0.002763391767217196,0.023839016144871456,,0.013563250883954048,0.007085392565831311,0.04959661268956198,0.054054170791503146,0.4995294930856853,,,0.002542816398740086,,,0.06392875569872557,0.023680455982685058,,0.004531441875899679,,,0.0025254351923129316,,0.0157108383943393,0.015749793438728673,0.030434198522319357,0.023901260518912365,0.010340619889098991,,,,0.01029031547798126,,,,,,,,,,,,,,,,,,,,,,,,,,0.0032916399886623636,0.12048234222900296,,0.00632309883422702,0.006922242018931879,,,,,,,,,,,,,
2024-10-30,0.00255529074753159,,,0.002812335515276503,,,,,,,,0.0056836317152497194,,,,,,,,0.0037032786723492105,,,,,,,,,0.004008088901173306,,,,,,,0.0025603074123840453,0.006716997711919228,0.003422175506351568,,,0.0043511349663492545,0.0027687714175114947,0.00494128329280229,0.0019057967251033142,,,,,0.0027687714175114947,0.02311728614104257,,0.01371621277618712,0.006917892184181045,0.04772735811171248,0.052448345170844096,0.49675790185020086,,,0.0025473225271395203,,,0.06300437015791732,0.023445959979047346,,0.005046198000421772,,,0.002524147585236648,,0.015196476161612966,0.015941128777783493,0.032304224247733715,0.025894000638453693,0.01026247066467816,,,,0.010001667007426893,,,,,,,,,,,,,,,,,,,,,,,,,,0.0032917868398425975,0.1244563951733566,,0.0066682871852424466,0.006776670706347497,,,,,,,,,,,,,
2024-10-31,0.002563467809742129,,,0.002818454083002245,,,,,,,,0.005700612643893096,,,,,,,,0.0036910349112336364,,,,,,,,,0.003993022823124175,,,,,,,0.002573013280339895,0.006556508150727778,0.003398970203725438,,,0.004749359770877489,0.0027741510678057934,0.004944251959733194,0.001895893338119693,,,,,0.0027741510678057934,0.022395556137213685,,0.013869174668420192,0.006750391802530779,0.04585810353386298,0.050842519550185046,0.49398631061471643,,,0.002551828655538954,,,0.062079984617109084,0.023211463975409633,,0.005560954124943864,,,0.002522859978160364,,0.014682113928886634,0.01613246411683831,0.034174249973148066,0.02788674075799502,0.010184321440257329,,,,0.009713018536872528,,,,,,,,,,,,,,,,,,,,,,,,,,0.0032919336910228318,0.12843044811771026,,0.007013475536257873,0.006631099393763115,,,,,,,,,,,,,
2024-11-01,0.0025716448719526686,,,0.002824572650727987,,,,,,,,0.005717593572536472,,,,,,,,0.0036787911501180623,,,,,,,,,0.003977956745075045,,,,,,,0.002585719148295745,0.006396018589536329,0.0033757649010993074,,,0.005147584575405723,0.002779530718100092,0.004947220626664099,0.0018859899511360714,,,,,0.002779530718100092,0.0216738261333848,,0.014022136560653264,0.006582891420880513,0.043988848956013474,0.049236693929525996,0.49121471937923206,,,0.0025563347839383885,,,0.061155599076300846,0.022976967971771917,,0.006075710249465957,,,0.0025215723710840803,,0.014167751696160302,0.01632379945589313,0.03604427569856242,0.02987948087753635,0.010106172215836498,,,,0.00942437006631816,,,,,,,,,,,,,,,,,,,,,,,,,,0.0032920805422030656,0.13240450106206392,,0.007358663887273299,0.006485528081178733,,,,,,,,,,,,,
2024-11-02,0.0025798219341632077,,,0.002830691218453729,,,,,,,,0.0057345745011798495,,,,,,,,0.0036665473890024882,,,,,,,,,0.003962890667025915,,,,,,,0.002598425016251595,0.00623552902834488,0.003352559598473177,,,0.005545809379933958,0.002784910368394391,0.004950189293595003,0.00187608656415245,,,,,0.002784910368394391,0.020952096129555918,,0.014175098452886337,0.006415391039230247,0.042119594378163976,0.047630868308866946,0.4884431281437477,,,0.002560840912337823,,,0.0602312135354926,0.022742471968134205,,0.00659046637398805,,,0.0025202847640077965,,0.01365338946343397,0.01651513479494795,0.037914301423976775,0.03187222099707768,0.010028022991415668,,,,0.009135721595763795,,,,,,,,,,,,,,,,,,,,,,,,,,0.0032922273933833,0.13637855400641755,,0.0077038522382887244,0.00633995676859435,,,,,,,,,,,,,
2024-11-03,0.0025879989963737467,,,0.0028368097861794714,,,,,,,,0.005751555429823226,,,,,,,,0.0036543036278869137,,,,,,,,,0.003947824588976784,,,,,,,0.0026111308842074444,0.0060750394671534305,0.003329354295847047,,,0.005944034184462193,0.00279029001868869,0.004953157960525908,0.0018661831771688286,,,,,0.00279029001868869,0.020230366125727033,,0.014328060345119409,0.006247890657579982,0.04025033980031447,0.046025042688207896,0.48567153690826326,,,0.0025653470407372573,,,0.05930682799468436,0.022507975964496493,,0.0071052224985101425,,,0.0025189971569315123,,0.013139027230707636,0.016706470134002765,0.03978432714939113,0.033864961116619005,0.009949873766994835,,,,0.00884707312520943,,,,,,,,,,,,,,,,,,,,,,,,,,0.0032923742445635337,0.1403526069507712,,0.008049040589304151,0.006194385456009969,,,,,,,,,,,,,
2024-11-04,0.002596176058584286,,,0.002842928353905213,,,,,,,,0.005768536358466602,,,,,,,,0.00364205986677134,,,,,,,,,0.003932758510927653,,,,,,,0.0026238367521632944,0.005914549905961981,0.0033061489932209166,,,0.006342258988990428,0.0027956696689829886,0.004956126627456812,0.0018562797901852072,,,,,0.0027956696689829886,0.019508636121898147,,0.014481022237352481,0.0060803902759297155,0.03838108522246497,0.044419217067548845,0.48289994567277883,,,0.002569853169136691,,,0.058382442453876124,0.022273479960858777,,0.007619978623032236,,,0.0025177095498552285,,0.012624664997981302,0.016897805473057585,0.041654352874805484,0.03585770123616033,0.009871724542574005,,,,0.008558424654655063,,,,,,,,,,,,,,,,,,,,,,,,,,0.003292521095743768,0.14432665989512483,,0.008394228940319578,0.006048814143425586,,,,,,,,,,,,,
2024-11-05,0.002604353120794825,,,0.002849046921630955,,,,,,,,0.0057855172871099795,,,,,,,,0.0036298161056557655,,,,,,,,,0.0039176924328785225,,,,,,,0.0026365426201191444,0.005754060344770532,0.003282943690594786,,,0.0067404837935186625,0.0028010493192772872,0.004959095294387717,0.0018463764032015857,,,,,0.0028010493192772872,0.018786906118069262,,0.014633984129585552,0.00591288989427945,0.03651183064461547,0.042813391446889795,0.48012835443729446,,,0.0025743592975361255,,,0.05745805691306788,0.022038983957221064,,0.008134734747554329,,,0.0025164219427789448,,0.01211030276525497,0.017089140812112404,0.043524378600219835,0.03785044135570166,0.009793575318153174,,,,0.008269776184100696,,,,,,,,,,,,,,,,,,,,,,,,,,0.003292667946924002,0.1483007128394785,,0.008739417291335004,0.005903242830841204,,,,,,,,,,,,,
2024-11-06,0.002612530183005364,,,0.0028551654893566973,,,,,,,,0.005802498215753356,,,,,,,,0.0036175723445401914,,,,,,,,,0.0039026263548293917,,,,,,,0.0026492484880749944,0.005593570783579083,0.003259738387968656,,,0.007138708598046897,0.002806428969571586,0.004962063961318622,0.0018364730162179644,,,,,0.002806428969571586,0.018065176114240376,,0.014786946021818624,0.005745389512629184,0.03464257606676597,0.04120756582623074,0.4773567632018101,,,0.00257886542593556,,,0.05653367137225964,0.021804487953583352,,0.00864949087207642,,,0.002515134335702661,,0.011595940532528638,0.01728047615116722,0.04539440432563419,0.039843181475242996,0.009715426093732344,,,,0.00798112771354633,,,,,,,,,,,,,,,,,,,,,,,,,,0.003292814798104236,0.15227476578383214,,0.009084605642350429,0.005757671518256822,,,,,,,,,,,,,
2024-11-07,0.002620707245215903,,,0.002861284057082439,,,,,,,,0.005819479144396732,,,,,,,,0.0036053285834246173,,,,,,,,,0.003887560276780261,,,,,,,0.002661954356030844,0.005433081222387633,0.003236533085342526,,,0.00753693340257513,0.0028118086198658846,0.0049650326282495265,0.0018265696292343427,,,,,0.0028118086198658846,0.01734344611041149,,0.014939907914051696,0.005577889130978918,0.03277332148891647,0.039601740205571695,0.47458517196632566,,,0.002583371554334994,,,0.055609285831451395,0.02156999194994564,,0.009164246996598515,,,0.0025138467286263773,,0.011081578299802306,0.01747181149022204,0.04726443005104855,0.041835921594784324,0.009637276869311512,,,,0.007692479242991965,,,,,,,,,,,,,,,,,,,,,,,,,,0.00329296164928447,0.1562488187281858,,0.009429793993365855,0.005612100205672439,,,,,,,,,,,,,
2024-11-08,0.002628884307426442,,,0.0028674026248081807,,,,,,,,0.0058364600730401095,,,,,,,,0.0035930848223090428,,,,,,,,,0.0038724941987311303,,,,,,,0.002674660223986694,0.005272591661196183,0.0032133277827163954,,,0.007935158207103365,0.0028171882701601833,0.004968001295180431,0.0018166662422507214,,,,,0.0028171882701601833,0.01662171610658261,,0.015092869806284768,0.0054103887493286516,0.030904066911066966,0.03799591458491264,0.47181358073084123,,,0.002587877682734428,,,0.05468490029064316,0.021335495946307924,,0.009679003121120607,,,0.002512559121550093,,0.010567216067075972,0.01766314682927686,0.0491344557764629,0.04382866171432565,0.009559127644890681,,,,0.007403830772437598,,,,,,,,,,,,,,,,,,,,,,,,,,0.003293108500464704,0.16022287167253943,,0.009774982344381282,0.0054665288930880575,,,,,,,,,,,,,
2024-11-09,0.002637061369636981,,,0.0028735211925339232,,,,,,,,0.005853441001683486,,,,,,,,0.003580841061193469,,,,,,,,,0.0038574281206820004,,,,,,,0.002687366091942544,0.005112102100004734,0.0031901224800902654,,,0.0083333830116316,0.002822567920454482,0.0049709699621113355,0.0018067628552671,,,,,0.002822567920454482,0.015899986102753724,,0.015245831698517839,0.005242888367678386,0.029034812333217464,0.036390088964253595,0.46904198949535686,,,0.0025923838111338625,,,0.05376051474983491,0.02110099994267021,,0.010193759245642699,,,0.0025112715144738093,,0.01005285383434964,0.01785448216833168,0.05100448150187725,0.04582140183386699,0.009480978420469851,,,,0.007115182301883233,,,,,,,,,,,,,,,,,,,,,,,,,,0.003293255351644938,0.1641969246168931,,0.010120170695396707,0.005320957580503676,,,,,,,,,,,,,
2024-11-10,0.0026452384318475203,,,0.002879639760259665,,,,,,,,0.005870421930326862,,,,,,,,0.0035685973000778946,,,,,,,,,0.0038423620426328697,,,,,,,0.0027000719598983935,0.004951612538813285,0.003166917177464135,,,0.008731607816159835,0.0028279475707487806,0.00497393862904224,0.0017968594682834784,,,,,0.0028279475707487806,0.01517825609892484,,0.015398793590750911,0.00507538798602812,0.027165557755367963,0.03478426334359454,0.4662703982598725,,,0.0025968899395332964,,,0.052836129209026673,0.0208665039390325,,0.010708515370164793,,,0.0025099839073975255,,0.009538491601623306,0.018045817507386496,0.05287450722729161,0.047814141953408315,0.009402829196049019,,,,0.006826533831328867,,,,,,,,,,,,,,,,,,,,,,,,,,0.003293402202825172,0.16817097756124672,,0.010465359046412133,0.005175386267919293,,,,,,,,,,,,,
2024-11-11,0.0026534154940580598,,,0.0028857583279854075,,,,,,,,0.0058874028589702395,,,,,,,,0.0035563535389623205,,,,,,,,,0.003827295964583739,,,,,,,0.0027127778278542435,0.004791122977621835,0.0031437118748380045,,,0.00912983262068807,0.0028333272210430793,0.0049769072959731445,0.0017869560812998572,,,,,0.0028333272210430793,0.014456526095095954,,0.015551755482983983,0.004907887604377855,0.02529630317751846,0.033178437722935494,0.46349880702438806,,,0.002601396067932731,,,0.051911743668218435,0.020632007935394783,,0.011223271494686885,,,0.0025086963003212418,,0.009024129368896974,0.018237152846441316,0.05474453295270597,0.04980688207294964,0.009324679971628188,,,,0.006537885360774501,,,,,,,,,,,,,,,,,,,,,,,,,,0.0032935490540054063,0.17214503050560037,,0.01081054739742756,0.005029814955334911,,,,,,,,,,,,,
2024-11-12,0.002661592556268599,,,0.002891876895711149,,,,,,,,0.005904383787613616,,,,,,,,0.0035441097778467464,,,,,,,,,0.003812229886534608,,,,,,,0.0027254836958100935,0.004630633416430385,0.0031205065722118746,,,0.009528057425216304,0.002838706871337378,0.004979875962904049,0.0017770526943162357,,,,,0.002838706871337378,0.013734796091267069,,0.015704717375217055,0.0047403872227275885,0.02342704859966896,0.03157261210227644,0.46072721578890363,,,0.002605902196332165,,,0.05098735812741019,0.02039751193175707,,0.011738027619208977,,,0.002507408693244958,,0.008509767136170642,0.018428488185496132,0.05661455867812032,0.05179962219249097,0.009246530747207358,,,,0.006249236890220135,,,,,,,,,,,,,,,,,,,,,,,,,,0.00329369590518564,0.17611908344995403,,0.011155735748442986,0.004884243642750529,,,,,,,,,,,,,
2024-11-13,0.002669769618479138,,,0.002897995463436891,,,,,,,,0.005921364716256992,,,,,,,,0.0035318660167311723,,,,,,,,,0.0037971638084854775,,,,,,,0.002738189563765943,0.004470143855238936,0.003097301269585744,,,0.009926282229744537,0.0028440865216316767,0.004982844629834954,0.0017671493073326142,,,,,0.0028440865216316767,0.013013066087438185,,0.015857679267450128,0.004572886841077322,0.02155779402181946,0.02996678648161739,0.45795562455341926,,,0.0026104083247315995,,,0.05006297258660195,0.02016301592811936,,0.012252783743731071,,,0.002506121086168674,,0.007995404903444308,0.018619823524550952,0.05848458440353467,0.0537923623120323,0.009168381522786526,,,,0.0059605884196657685,,,,,,,,,,,,,,,,,,,,,,,,,,0.0032938427563658744,0.18009313639430768,,0.011500924099458413,0.004738672330166147,,,,,,,,,,,,,
2024-11-14,0.002677946680689677,,,0.0029041140311626334,,,,,,,,0.0059383456449003695,,,,,,,,0.003519622255615598,,,,,,,,,0.0037820977304363467,,,,,,,0.002750895431721793,0.004309654294047487,0.0030740959669596137,,,0.010324507034272772,0.0028494661719259753,0.004985813296765859,0.001757245920348993,,,,,0.0028494661719259753,0.0122913360836093,,0.0160106411596832,0.004405386459427056,0.019688539443969956,0.02836096086095834,0.4551840333179349,,,0.0026149144531310334,,,0.049138587045793714,0.019928519924481643,,0.012767539868253163,,,0.00250483347909239,,0.007481042670717976,0.01881115886360577,0.060354610128949035,0.05578510243157363,0.009090232298365695,,,,0.005671939949111402,,,,,,,,,,,,,,,,,,,,,,,,,,0.0032939896075461082,0.1840671893386613,,0.011846112450473838,0.004593101017581765,,,,,,,,,,,,,
2024-11-15,0.002686123742900216,,,0.002910232598888375,,,,,,,,0.005955326573543746,,,,,,,,0.0035073784945000236,,,,,,,,,0.003767031652387217,,,,,,,0.002763601299677643,0.0041491647328560375,0.0030508906643334837,,,0.010722731838801007,0.002854845822220274,0.004988781963696763,0.0017473425333653714,,,,,0.002854845822220274,0.011569606079780416,,0.016163603051916272,0.004237886077776791,0.017819284866120458,0.026755135240299287,0.45241244208245046,,,0.002619420581530468,,,0.04821420150498547,0.01969402392084393,,0.013282295992775257,,,0.0025035458720161063,,0.006966680437991642,0.01900249420266059,0.062224635854363386,0.057777842551114955,0.009012083073944865,,,,0.005383291478557036,,,,,,,,,,,,,,,,,,,,,,,,,,0.0032941364587263425,0.18804124228301494,,0.012191300801489264,0.004447529704997382,,,,,,,,,,,,,
2024-11-16,0.002694300805110755,,,0.002916351166614117,,,,,,,,0.005972307502187122,,,,,,,,0.0034951347333844495,,,,,,,,,0.003751965574338086,,,,,,,0.0027763071676334926,0.003988675171664588,0.0030276853617073538,,,0.011120956643329242,0.002860225472514573,0.004991750630627668,0.00173743914638175,,,,,0.002860225472514573,0.010847876075951531,,0.016316564944149344,0.004070385696126525,0.015950030288270953,0.025149309619640237,0.44964085084696603,,,0.002623926709929902,,,0.04728981596417723,0.019459527917206218,,0.01379705211729735,,,0.0025022582649398225,,0.00645231820526531,0.019193829541715408,0.06409466157977774,0.05977058267065628,0.008933933849524033,,,,0.005094643008002671,,,,,,,,,,,,,,,,,,,,,,,,,,0.0032942833099065764,0.1920152952273686,,0.01253648915250469,0.004301958392413,,,,,,,,,,,,,
2024-11-17,0.002702477867321294,,,0.0029224697343398593,,,,,,,,0.0059892884308304995,,,,,,,,0.0034828909722688754,,,,,,,,,0.0037368994962889554,,,,,,,0.0027890130355893426,0.0038281856104731386,0.003004480059081223,,,0.011519181447857477,0.002865605122808872,0.004994719297558572,0.0017275357593981287,,,,,0.002865605122808872,0.010126146072122647,,0.016469526836382416,0.003902885314476259,0.014080775710421455,0.023543483998981186,0.44686925961148166,,,0.002628432838329336,,,0.04636543042336899,0.019225031913568506,,0.014311808241819442,,,0.0025009706578635383,,0.005937955972538978,0.019385164880770227,0.06596468730519209,0.06176332279019761,0.008855784625103202,,,,0.004805994537448305,,,,,,,,,,,,,,,,,,,,,,,,,,0.0032944301610868107,0.19598934817172226,,0.012881677503520116,0.004156387079828619,,,,,,,,,,,,,
2024-11-18,0.0027106549295318333,,,0.002928588302065601,,,,,,,,0.006006269359473876,,,,,,,,0.0034706472111533013,,,,,,,,,0.0037218334182398246,,,,,,,0.0028017189035451926,0.003667696049281689,0.002981274756455093,,,0.01191740625238571,0.0028709847731031705,0.004997687964489477,0.001717632372414507,,,,,0.0028709847731031705,0.009404416068293762,,0.016622488728615485,0.003735384932825993,0.01221152113257195,0.021937658378322136,0.4440976683759973,,,0.0026329389667287704,,,0.04544104488256075,0.01899053590993079,,0.014826564366341536,,,0.0024996830507872545,,0.005423593739812644,0.019576500219825047,0.06783471303060645,0.06375606290973894,0.008777635400682372,,,,0.0045173460668939385,,,,,,,,,,,,,,,,,,,,,,,,,,0.0032945770122670445,0.1999634011160759,,0.013226865854535542,0.004010815767244236,,,,,,,,,,,,,
2024-11-19,0.0027188319917423724,,,0.0029347068697913427,,,,,,,,0.006023250288117252,,,,,,,,0.0034584034500377272,,,,,,,,,0.003706767340190694,,,,,,,0.002814424771501042,0.00350720648809024,0.002958069453828963,,,0.012315631056913945,0.002876364423397469,0.005000656631420381,0.0017077289854308857,,,,,0.002876364423397469,0.008682686064464876,,0.016775450620848557,0.003567884551175727,0.010342266554722451,0.020331832757663086,0.44132607714051286,,,0.0026374450951282048,,,0.0445166593417525,0.018756039906293077,,0.015341320490863628,,,0.002498395443710971,,0.004909231507086312,0.019767835558879863,0.0697047387560208,0.06574880302928027,0.00869948617626154,,,,0.004228697596339572,,,,,,,,,,,,,,,,,,,,,,,,,,0.0032947238634472784,0.20393745406042957,,0.013572054205550969,0.0038652444546598535,,,,,,,,,,,,,
2024-11-20,0.0027270090539529114,,,0.0029408254375170853,,,,,,,,0.0060402312167606295,,,,,,,,0.003446159688922153,,,,,,,,,0.003691701262141563,,,,,,,0.002827130639456892,0.003346716926898791,0.002934864151202832,,,0.01271385586144218,0.002881744073691768,0.005003625298351287,0.0016978255984472642,,,,,0.002881744073691768,0.007960956060635991,,0.01692841251308163,0.0034003841695254616,0.008473011976872946,0.018726007137004036,0.43855448590502843,,,0.0026419512235276387,,,0.04359227380094426,0.018521543902655365,,0.015856076615385722,,,0.002497107836634687,,0.00439486927435998,0.019959170897934683,0.07157476448143515,0.0677415431488216,0.008621336951840709,,,,0.003940049125785206,,,,,,,,,,,,,,,,,,,,,,,,,,0.0032948707146275126,0.2079115070047832,,0.013917242556566395,0.0037196731420754713,,,,,,,,,,,,,
2024-11-21,0.002735186116163451,,,0.002946944005242827,,,,,,,,0.006057212145404006,,,,,,,,0.0034339159278065786,,,,,,,,,0.0036766351840924324,,,,,,,0.002839836507412742,0.003186227365707341,0.002911658848576702,,,0.013112080665970414,0.0028871237239860665,0.005006593965282191,0.0016879222114636427,,,,,0.0028871237239860665,0.007239226056807109,,0.017081374405314702,0.0032328837878751954,0.006603757399023448,0.017120181516344986,0.43578289466954406,,,0.002646457351927073,,,0.042667888260136025,0.018287047899017653,,0.016370832739907814,,,0.0024958202295584033,,0.0038805070416336462,0.020150506236989503,0.0734447902068495,0.06973428326836292,0.008543187727419879,,,,0.00365140065523084,,,,,,,,,,,,,,,,,,,,,,,,,,0.0032950175658077465,0.21188555994913683,,0.014262430907581822,0.003574101829491089,,,,,,,,,,,,,
2024-11-22,0.00274336317837399,,,0.0029530625729685686,,,,,,,,0.006074193074047382,,,,,,,,0.0034216721666910045,,,,,,,,,0.0036615691060433025,,,,,,,0.0028525423753685917,0.003025737804515891,0.002888453545950572,,,0.013510305470498649,0.002892503374280365,0.005009562632213096,0.0016780188244800215,,,,,0.002892503374280365,0.006517496052978224,,0.017234336297547774,0.003065383406224929,0.004734502821173943,0.015514355895685936,0.4330113034340597,,,0.0026509634803265074,,,0.04174350271932778,0.018052551895379937,,0.016885588864429906,,,0.002494532622482119,,0.003366144808907314,0.02034184157604432,0.07531481593226387,0.07172702338790425,0.008465038502999046,,,,0.003362752184676474,,,,,,,,,,,,,,,,,,,,,,,,,,0.0032951644169879808,0.21585961289349048,,0.014607619258597247,0.0034285305169067075,,,,,,,,,,,,,
2024-11-23,0.002751540240584529,,,0.002959181140694311,,,,,,,,0.006091174002690759,,,,,,,,0.0034094284055754304,,,,,,,,,0.003646503027994172,,,,,,,0.0028652482433244417,0.0028652482433244417,0.0028652482433244417,,,0.013908530275026884,0.002897883024574664,0.005012531299144,0.0016681154374964,,,,,0.002897883024574664,0.0057957660491493364,,0.017387298189780846,0.002897883024574664,0.0028652482433244417,0.013908530275026884,0.43023971219857526,,,0.0026554696087259418,,,0.04081911717851954,0.017818055891742225,,0.017400344988952,,,0.0024932450154058353,,0.0028517825761809803,0.02053317691509914,0.07718484165767822,0.0737197635074456,0.008386889278578216,,,,0.0030741037141221086,,,,,,,,,,,,,,,,,,,,,,,,,,0.0032953112681682146,0.21983366583784414,0.0175438597798347,0.014952807609612673,0.003282959204322325,,,,,,,,,,,,,
2024-11-24,0.002759717302795068,,,0.002965299708420053,,,,,,,,0.006108154931334136,,,,,,,,0.0033971846444598563,,,,,,,,,0.003631436949945041,,,,,,,,0.002826365440601599,,,,0.013511141379629856,0.00289526055778629,0.00496291191250615,0.0016582120505127785,,,,,,0.00565636124324809,,0.01720865121694854,,0.0028276177430857866,0.014053680773247848,0.42515963267180173,,,0.0026599757371253757,,,0.03948404720133456,0.01861893507053269,,0.017378906935586382,,,0.0024919574083295515,,,0.022343312872440606,0.07613015666027502,0.07391307654879271,0.008223783497842693,,,,0.003484312270995254,,,,,,,,,,,,,,,,,,,,,,,,,,0.003295458119348449,0.22503879635284338,0.0173365897034749,0.014742660164345165,0.003918801866044886,,,,,,,,,,,,,
2024-11-25,0.0027678943650056072,,,0.0029714182761457954,,,,,,,,0.006125135859977512,,,,,,,,0.003384940883344282,,,,,,,,,0.0036163708718959103,,,,,,,,0.002787482637878756,,,,0.013113752484232829,0.002892638090997916,0.0049132925258683,0.0016483086635291572,,,,,,0.005516956437346844,,0.017030004244116236,,0.0027899872428471316,0.014198831271468811,0.4200795531450282,,,0.00266448186552481,,,0.03814897722414958,0.019419814249323156,,0.017357468882220763,,,0.0024906698012532678,,,0.02415344882978207,0.07507547166287183,0.07410638959013983,0.00806067771710717,,,,0.003894520827868399,,,,,,,,,,,,,,,,,,,,,,,,,,0.0032956049705286827,0.23024392686784262,0.017129319627115096,0.014532512719077656,0.004554644527767448,,,,,,,,,,,,,
2024-11-26,0.0027760714272161463,,,0.002977536843871537,,,,,,,,0.006142116788620889,,,,,,,,0.003372697122228708,,,,,,,,,0.0036013047938467796,,,,,,,,0.002748599835155913,,,,0.0127163635888358,0.0028900156242095427,0.00486367313923045,0.0016384052765455357,,,,,,0.005377551631445597,,0.01685135727128393,,0.0027523567426084765,0.014343981769689776,0.41499947361825473,,,0.0026689879939242444,,,0.0368139072469646,0.02022069342811362,,0.017336030828855147,,,0.002489382194176984,,,0.025963584787123538,0.07402078666546863,0.07429970263148696,0.007897571936371646,,,,0.004304729384741544,,,,,,,,,,,,,,,,,,,,,,,,,,0.003295751821708917,0.23544905738284183,0.016922049550755297,0.014322365273810148,0.00519048718949001,,,,,,,,,,,,,
2024-11-27,0.0027842484894266854,,,0.002983655411597279,,,,,,,,0.006159097717264266,,,,,,,,0.0033604533611131335,,,,,,,,,0.003586238715797649,,,,,,,,0.00270971703243307,,,,0.012318974693438772,0.002887393157421169,0.0048140537525926,0.0016285018895619142,,,,,,0.005238146825544351,,0.016672710298451625,,0.0027147262423698215,0.014489132267910739,0.4099193940914812,,,0.0026734941223236783,,,0.03547883726977962,0.021021572606904085,,0.01731459277548953,,,0.0024880945871007,,,0.027773720744465002,0.07296610166806544,0.07449301567283409,0.0077344661556361235,,,,0.00471493794161469,,,,,,,,,,,,,,,,,,,,,,,,,,0.003295898672889151,0.24065418789784107,0.016714779474395498,0.01411221782854264,0.005826329851212572,,,,,,,,,,,,,
2024-11-28,0.0027924255516372245,,,0.0029897739793230214,,,,,,,,0.006176078645907642,,,,,,,,0.0033482095999975594,,,,,,,,,0.003571172637748518,,,,,,,,0.0026708342297102274,,,,0.011921585798041744,0.002884770690632795,0.00476443436595475,0.001618598502578293,,,,,,0.005098742019643104,,0.01649406332561932,,0.0026770957421311664,0.014634282766131703,0.4048393145647077,,,0.0026780002507231127,,,0.03414376729259464,0.02182245178569455,,0.017293154722123914,,,0.002486806980024416,,,0.02958385670180647,0.07191141667066224,0.07468632871418121,0.0075713603749006,,,,0.005125146498487835,,,,,,,,,,,,,,,,,,,,,,,,,,0.0032960455240693847,0.2458593184128403,0.016507509398035698,0.013902070383275131,0.006462172512935133,,,,,,,,,,,,,
2024-11-29,0.0028006026138477635,,,0.002995892547048763,,,,,,,,0.006193059574551019,,,,,,,,0.0033359658388819853,,,,,,,,,0.0035561065596993882,,,,,,,,0.0026319514269873847,,,,0.011524196902644716,0.002882148223844421,0.0047148149793169,0.0016086951155946713,,,,,,0.004959337213741857,,0.016315416352787014,,0.0026394652418925114,0.014779433264352668,0.39975923503793415,,,0.002682506379122547,,,0.03280869731540966,0.022623330964485017,,0.017271716668758298,,,0.0024855193729481323,,,0.03139399265914793,0.07085673167325905,0.07487964175552833,0.007408254594165077,,,,0.00553535505536098,,,,,,,,,,,,,,,,,,,,,,,,,,0.003296192375249619,0.2510644489278395,0.016300239321675895,0.013691922938007623,0.0070980151746576955,,,,,,,,,,,,,
2024-11-30,0.0028087796760583026,,,0.0030020111147745047,,,,,,,,0.006210040503194396,,,,,,,,0.0033237220777664112,,,,,,,,,0.0035410404816502575,,,,,,,,0.0025930686242645416,,,,0.011126808007247687,0.0028795257570560476,0.00466519559267905,0.00159879172861105,,,,,,0.004819932407840611,,0.01613676937995471,,0.0026018347416538563,0.014924583762573631,0.3946791555111606,,,0.002687012507521981,,,0.03147362733822468,0.023424210143275483,,0.01725027861539268,,,0.0024842317658718485,,,0.0332041286164894,0.06980204667585585,0.07507295479687545,0.007245148813429554,,,,0.0059455636122341254,,,,,,,,,,,,,,,,,,,,,,,,,,0.003296339226429853,0.2562695794428388,0.016092969245316096,0.013481775492740116,0.007733857836380257,,,,,,,,,,,,,
2024-12-01,0.0028169567382688417,,,0.0030081296825002473,,,,,,,,0.006227021431837772,,,,,,,,0.003311478316650837,,,,,,,,,0.0035259744036011268,,,,,,,,0.002554185821541699,,,,0.01072941911185066,0.0028769032902676737,0.0046155762060412,0.0015888883416274285,,,,,,0.004680527601939364,,0.015958122407122403,,0.0025642042414152012,0.015069734260794596,0.3895990759843871,,,0.0026915186359214153,,,0.0301385573610397,0.02422508932206595,,0.017228840562027063,,,0.0024829441587955648,,,0.03501426457383087,0.06874736167845266,0.07526626783822257,0.00708204303269403,,,,0.006355772169107271,,,,,,,,,,,,,,,,,,,,,,,,,,0.003296486077610087,0.261474709957838,0.015885699168956297,0.013271628047472606,0.008369700498102818,,,,,,,,,,,,,
2024-12-02,0.002825133800479381,,,0.003014248250225989,,,,,,,,0.006244002360481149,,,,,,,,0.003299234555535263,,,,,,,,,0.003510908325551996,,,,,,,,0.002515303018818856,,,,0.010332030216453632,0.0028742808234793,0.00456595681940335,0.001578984954643807,,,,,,0.004541122796038118,,0.015779475434290098,,0.002526573741176546,0.01521488475901556,0.38451899645761356,,,0.0026960247643208497,,,0.02880348738385472,0.02502596850085641,,0.017207402508661446,,,0.0024816565517192806,,,0.036824400531172335,0.06769267668104946,0.0754595808795697,0.006918937251958508,,,,0.006765980725980416,,,,,,,,,,,,,,,,,,,,,,,,,,0.003296632928790321,0.2666798404728372,0.015678429092596497,0.013061480602205099,0.00900554315982538,,,,,,,,,,,,,
2024-12-03,0.0028333108626899203,,,0.0030203668179517307,,,,,,,,0.006260983289124526,,,,,,,,0.0032869907944196885,,,,,,,,,0.0034958422475028653,,,,,,,,0.002476420216096013,,,,0.009934641321056604,0.002871658356690926,0.0045163374327655,0.0015690815676601857,,,,,,0.004401717990136871,,0.015600828461457793,,0.002488943240937891,0.015360035257236523,0.3794389169308401,,,0.0027005308927202836,,,0.02746841740666974,0.025826847679646877,,0.017185964455295827,,,0.002480368944642997,,,0.038634536488513796,0.06663799168364627,0.07565289392091681,0.006755831471222985,,,,0.007176189282853561,,,,,,,,,,,,,,,,,,,,,,,,,,0.0032967797799705553,0.2718849709878365,0.015471159016236696,0.012851333156937591,0.009641385821547941,,,,,,,,,,,,,
2024-12-04,0.0028414879249004594,,,0.0030264853856774732,,,,,,,,0.006277964217767902,,,,,,,,0.0032747470333041144,,,,,,,,,0.0034807761694537346,,,,,,,,0.0024375374133731704,,,,0.009537252425659577,0.002869035889902552,0.00446671804612765,0.0015591781806765642,,,,,,0.004262313184235625,,0.015422181488625487,,0.002451312740699236,0.015505185755457488,0.37435883740406656,,,0.002705037021119718,,,0.02613334742948476,0.026627726858437343,,0.01716452640193021,,,0.002479081337566713,,,0.04044467244585526,0.06558330668624307,0.07584620696226395,0.006592725690487461,,,,0.0075863978397267065,,,,,,,,,,,,,,,,,,,,,,,,,,0.003296926631150789,0.2770901015028357,0.015263888939876895,0.012641185711670083,0.010277228483270503,,,,,,,,,,,,,
2024-12-05,0.0028496649871109984,,,0.003032603953403215,,,,,,,,0.006294945146411279,,,,,,,,0.0032625032721885403,,,,,,,,,0.0034657100914046047,,,,,,,,0.0023986546106503272,,,,0.009139863530262547,0.0028664134231141786,0.0044170986594898,0.0015492747936929428,,,,,,0.004122908378334378,,0.015243534515793182,,0.002413682240460581,0.01565033625367845,0.36927875787729303,,,0.0027095431495191523,,,0.02479827745229978,0.02742860603722781,,0.017143088348564595,,,0.0024777937304904293,,,0.04225480840319673,0.06452862168883988,0.07603952000361107,0.006429619909751938,,,,0.007996606396599852,,,,,,,,,,,,,,,,,,,,,,,,,,0.0032970734823310234,0.28229523201783496,0.015056618863517095,0.012431038266402574,0.010913071144993066,,,,,,,,,,,,,
2024-12-06,0.0028578420493215375,,,0.0030387225211289566,,,,,,,,0.006311926075054656,,,,,,,,0.003250259511072966,,,,,,,,,0.003450644013355474,,,,,,,,0.0023597718079274846,,,,0.00874247463486552,0.0028637909563258047,0.00436747927285195,0.0015393714067093215,,,,,,0.0039835035724331315,,0.015064887542960877,,0.002376051740221926,0.015795486751899415,0.3641986783505195,,,0.0027140492779185866,,,0.0234632074751148,0.02822948521601827,,0.01712165029519898,,,0.0024765061234141455,,,0.04406494436053819,0.06347393669143668,0.07623283304495819,0.006266514129016415,,,,0.008406814953472997,,,,,,,,,,,,,,,,,,,,,,,,,,0.0032972203335112573,0.2875003625328342,0.014849348787157294,0.012220890821135066,0.011548913806715628,,,,,,,,,,,,,
2024-12-07,0.0028660191115320766,,,0.003044841088854699,,,,,,,,0.006328907003698032,,,,,,,,0.003238015749957392,,,,,,,,,0.003435577935306343,,,,,,,,0.002320889005204642,,,,0.008345085739468492,0.002861168489537431,0.0043178598862141,0.0015294680197257,,,,,,0.0038440987665318855,,0.014886240570128571,,0.002338421239983271,0.01594063725012038,0.35911859882374597,,,0.0027185554063180206,,,0.02212813749792982,0.029030364394808737,,0.017100212241833362,,,0.0024752185163378613,,,0.045875080317879666,0.06241925169403349,0.07642614608630531,0.006103408348280891,,,,0.008817023510346142,,,,,,,,,,,,,,,,,,,,,,,,,,0.0032973671846914915,0.29270549304783344,0.014642078710797493,0.012010743375867557,0.012184756468438189,,,,,,,,,,,,,
2024-12-08,0.0028741961737426156,,,0.003050959656580441,,,,,,,,0.006345887932341409,,,,,,,,0.003225771988841818,,,,,,,,,0.0034205118572572125,,,,,,,,0.0022820062024817987,,,,0.007947696844071463,0.002858546022749057,0.00426824049957625,0.0015195646327420785,,,,,,0.0037046939606306386,,0.014707593597296266,,0.002300790739744616,0.016085787748341344,0.3540385192969725,,,0.002723061534717455,,,0.02079306752074484,0.029831243573599203,,0.017078774188467743,,,0.0024739309092615775,,,0.047685216275221126,0.06136456669663029,0.07661945912765243,0.005940302567545368,,,,0.009227232067219288,,,,,,,,,,,,,,,,,,,,,,,,,,0.0032975140358717254,0.29791062356283265,0.014434808634437694,0.011800595930600049,0.01282059913016075,,,,,,,,,,,,,
2024-12-09,0.0028823732359531547,,,0.0030570782243061834,,,,,,,,0.006362868860984786,,,,,,,,0.0032135282277262435,,,,,,,,,0.0034054457792080817,,,,,,,,0.002243123399758956,,,,0.007550307948674436,0.0028559235559606835,0.0042186211129384,0.001509661245758457,,,,,,0.003565289154729392,,0.01452894662446396,,0.002263160239505961,0.016230938246562306,0.34895843977019897,,,0.0027275676631168893,,,0.01945799754355986,0.03063212275238967,,0.017057336135102127,,,0.0024726433021852938,,,0.049495352232562594,0.0603098816992271,0.07681277216899955,0.005777196786809845,,,,0.009637440624092433,,,,,,,,,,,,,,,,,,,,,,,,,,0.0032976608870519592,0.30311575407783187,0.014227538558077894,0.011590448485332541,0.013456441791883312,,,,,,,,,,,,,
2024-12-10,0.002890550298163694,,,0.003063196792031925,,,,,,,,0.006379849789628162,,,,,,,,0.0032012844666106694,,,,,,,,,0.003390379701158951,,,,,,,,0.002204240597036113,,,,0.007152919053277408,0.0028533010891723097,0.0041690017263005495,0.0014997578587748357,,,,,,0.0034258843488281458,,0.014350299651631655,,0.0022255297392673058,0.01637608874478327,0.34387836024342544,,,0.002732073791516323,,,0.01812292756637488,0.031433001931180135,,0.01703589808173651,,,0.00247135569510901,,,0.05130548818990406,0.0592551967018239,0.07700608521034667,0.0056140910060743215,,,,0.010047649180965578,,,,,,,,,,,,,,,,,,,,,,,,,,0.0032978077382321935,0.30832088459283113,0.014020268481718093,0.011380301040065034,0.014092284453605873,,,,,,,,,,,,,
2024-12-11,0.0028987273603742333,,,0.0030693153597576668,,,,,,,,0.006396830718271539,,,,,,,,0.0031890407054950953,,,,,,,,,0.0033753136231098203,,,,,,,,0.0021653577943132702,,,,0.00675553015788038,0.0028506786223839358,0.0041193823396627,0.0014898544717912143,,,,,,0.0032864795429268993,,0.01417165267879935,,0.0021878992390286507,0.016521239243004235,0.3387982807166519,,,0.0027365799199157576,,,0.0167878575891899,0.0322338811099706,,0.01701446002837089,,,0.0024700680880327263,,,0.05311562414724552,0.05820051170442071,0.07719939825169381,0.005450985225338799,,,,0.010457857737838723,,,,,,,,,,,,,,,,,,,,,,,,,,0.0032979545894124274,0.31352601510783035,0.013812998405358292,0.011170153594797524,0.014728127115328435,,,,,,,,,,,,,
2024-12-12,0.0029069044225847724,,,0.0030754339274834093,,,,,,,,0.006413811646914915,,,,,,,,0.003176796944379521,,,,,,,,,0.0033602475450606904,,,,,,,,0.0021264749915904275,,,,0.006358141262483352,0.002848056155595562,0.00406976295302485,0.0014799510848075928,,,,,,0.0031470747370256525,,0.013993005705967045,,0.0021502687387899956,0.0166663897412252,0.3337182011898784,,,0.002741086048315192,,,0.015452787612004922,0.03303476028876107,,0.016993021975005275,,,0.002468780480956442,,,0.054925760104586996,0.05714582670701751,0.07739271129304093,0.005287879444603276,,,,0.010868066294711869,,,,,,,,,,,,,,,,,,,,,,,,,,0.0032981014405926616,0.31873114562282956,0.013605728328998493,0.010960006149530016,0.015363969777050996,,,,,,,,,,,,,
2024-12-13,0.0029150814847953115,,,0.003081552495209151,,,,,,,,0.006430792575558292,,,,,,,,0.003164553183263947,,,,,,,,,0.0033451814670115597,,,,,,,,0.0020875921888675844,,,,0.005960752367086325,0.002845433688807188,0.004020143566387,0.0014700476978239713,,,,,,0.003007669931124406,,0.01381435873313474,,0.0021126382385513406,0.016811540239446164,0.3286381216631049,,,0.0027455921767146263,,,0.014117717634819942,0.033835639467551526,,0.01697158392163966,,,0.0024674928738801583,,,0.056735896061928456,0.05609114170961432,0.07758602433438805,0.0051247736638677524,,,,0.011278274851585014,,,,,,,,,,,,,,,,,,,,,,,,,,0.0032982482917728955,0.3239362761378288,0.013398458252638693,0.010749858704262507,0.015999812438773558,,,,,,,,,,,,,
2024-12-14,0.0029232585470058505,,,0.0030876710629348927,,,,,,,,0.006447773504201669,,,,,,,,0.003152309422148373,,,,,,,,,0.003330115388962429,,,,,,,,0.0020487093861447417,,,,0.005563363471689295,0.0028428112220188146,0.00397052417974915,0.00146014431084035,,,,,,0.0028682651252231596,,0.013635711760302436,,0.0020750077383126855,0.016956690737667125,0.3235580421363313,,,0.00275009830511406,,,0.012782647657634962,0.034636518646342,,0.016950145868274043,,,0.0024662052668038745,,,0.05854603201926992,0.05503645671221112,0.07777933737573517,0.00496166788313223,,,,0.01168848340845816,,,,,,,,,,,,,,,,,,,,,,,,,,0.0032983951429531298,0.32914140665282804,0.013191188176278892,0.010539711258995,0.01663565510049612,,,,,,,,,,,,,
2024-12-15,0.0029314356092163896,,,0.0030937896306606353,,,,,,,,0.006464754432845045,,,,,,,,0.0031400656610327984,,,,,,,,,0.003315049310913298,,,,,,,,0.0020098265834218986,,,,0.005165974576292268,0.0028401887552304407,0.0039209047931113,0.0014502409238567285,,,,,,0.002728860319321913,,0.013457064787470129,,0.0020373772380740305,0.01710184123588809,0.31847796260955785,,,0.0027546044335134945,,,0.011447577680449982,0.03543739782513246,,0.016928707814908427,,,0.0024649176597275908,,,0.06035616797661139,0.05398177171480793,0.07797265041708229,0.004798562102396707,,,,0.012098691965331304,,,,,,,,,,,,,,,,,,,,,,,,,,0.0032985419941333636,0.33434653716782725,0.012983918099919091,0.010329563813727492,0.01727149776221868,,,,,,,,,,,,,
2024-12-16,0.0029396126714269287,,,0.003099908198386377,,,,,,,,0.006481735361488422,,,,,,,,0.0031278218999172243,,,,,,,,,0.0032999832328641674,,,,,,,,0.001970943780699056,,,,0.00476858568089524,0.002837566288442067,0.00387128540647345,0.001440337536873107,,,,,,0.0025894555134206667,,0.013278417814637823,,0.0019997467378353754,0.017246991734109055,0.3133978830827843,,,0.002759110561912929,,,0.010112507703265002,0.03623827700392293,,0.016907269761542807,,,0.002463630052651307,,,0.06216630393395285,0.05292708671740473,0.07816596345842941,0.004635456321661183,,,,0.01250890052220445,,,,,,,,,,,,,,,,,,,,,,,,,,0.003298688845313598,0.3395516676828265,0.012776648023559291,0.010119416368459984,0.017907340423941244,,,,,,,,,,,,,
2024-12-17,0.0029477897336374678,,,0.0031060267661121186,,,,,,,,0.006498716290131799,,,,,,,,0.0031155781388016502,,,,,,,,,0.0032849171548150367,,,,,,,,0.001932060977976213,,,,0.004371196785498212,0.002834943821653693,0.0038216660198355998,0.0014304341498894858,,,,,,0.0024500507075194203,,0.01309977084180552,,0.00196211623759672,0.01739214223233002,0.3083178035560108,,,0.002763616690312363,,,0.008777437726080022,0.03703915618271339,,0.01688583170817719,,,0.002462342445575023,,,0.06397643989129433,0.051872401720001536,0.07835927649977653,0.00447235054092566,,,,0.012919109079077595,,,,,,,,,,,,,,,,,,,,,,,,,,0.0032988356964938318,0.3447567981978258,0.01256937794719949,0.009909268923192474,0.018543183085663807,,,,,,,,,,,,,
2024-12-18,0.002955966795848007,,,0.003112145333837861,,,,,,,,0.006515697218775175,,,,,,,,0.003103334377686076,,,,,,,,,0.003269851076765906,,,,,,,,0.0018931781752533701,,,,0.003973807890101185,0.0028323213548653195,0.0037720466331977497,0.0014205307629058643,,,,,,0.0023106459016181734,,0.012921123868973214,,0.001924485737358065,0.017537292730550984,0.3032377240292373,,,0.002768122818711797,,,0.0074423677488950415,0.037840035361503856,,0.016864393654811575,,,0.002461054838498739,,,0.06578657584863579,0.05081771672259834,0.07855258954112367,0.004309244760190137,,,,0.01332931763595074,,,,,,,,,,,,,,,,,,,,,,,,,,0.0032989825476740656,0.349961928712825,0.01236210787083969,0.009699121477924967,0.019179025747386367,,,,,,,,,,,,,
2024-12-19,0.002964143858058546,,,0.003118263901563603,,,,,,,,0.006532678147418552,,,,,,,,0.003091090616570502,,,,,,,,,0.003254784998716776,,,,,,,,0.0018542953725305274,,,,0.0035764189947041555,0.0028296988880769456,0.0037224272465598996,0.0014106273759222428,,,,,,0.002171241095716927,,0.012742476896140909,,0.00188685523711941,0.017682443228771945,0.29815764450246374,,,0.0027726289471112315,,,0.0061072977717100616,0.03864091454029432,,0.016842955601445955,,,0.0024597672314224553,,,0.06759671180597725,0.049763031725195146,0.07874590258247079,0.0041461389794546135,,,,0.013739526192823886,,,,,,,,,,,,,,,,,,,,,,,,,,0.0032991293988543,0.3551670592278242,0.01215483779447989,0.009488974032657457,0.01981486840910893,,,,,,,,,,,,,
2024-12-20,0.002972320920269085,,,0.0031243824692893446,,,,,,,,0.006549659076061929,,,,,,,,0.0030788468554549275,,,,,,,,,0.0032397189206676454,,,,,,,,0.0018154125698076845,,,,0.003179030099307128,0.0028270764212885717,0.0036728078599220495,0.0014007239889386213,,,,,,0.0020318362898156805,,0.012563829923308604,,0.001849224736880755,0.01782759372699291,0.29307756497569026,,,0.0027771350755106654,,,0.0047722277945250816,0.03944179371908479,,0.01682151754808034,,,0.0024584796243461715,,,0.06940684776331872,0.04870834672779195,0.07893921562381791,0.00398303319871909,,,,0.01414973474969703,,,,,,,,,,,,,,,,,,,,,,,,,,0.0032992762500345337,0.3603721897428235,0.01194756771812009,0.00927882658738995,0.02045071107083149,,,,,,,,,,,,,
2024-12-21,0.002980497982479624,,,0.003130501037015087,,,,,,,,0.006566640004705305,,,,,,,,0.0030666030943393534,,,,,,,,,0.0032246528426185146,,,,,,,,0.0017765297670848416,,,,0.0027816412039101,0.002824453954500198,0.0036231884732842,0.001390820601955,,,,,,0.0018924314839144335,,0.012385182950476298,,0.0018115942366421,0.017972744225213874,0.28799748544891673,,,0.0027816412039101,,,0.0034371578173401,0.040242672897875253,,0.016800079494714723,0.0041724615730345,0.001390820601955,0.0024571920172698873,,,0.07121698372066018,0.047653661730388756,0.07913252866516503,0.0038199274179835665,,,,0.014559943306570176,,,,,,,,,,,,,,,,,,,,,,,,,,0.003299423101214768,0.3655773202578227,0.01174029764176029,0.009068679142122442,0.021086553732554053,,,,,,,,,,,,,
2024-12-22,0.0029886750446901636,,,0.003136619604740829,,,,,,,,0.006583620933348682,,,,,,,,0.0030543593332237793,,,,,,,,,0.003209586764569384,,,,,,,,0.0018080498711141092,,,,0.002774809718262281,0.0028218314877118244,,0.0013892808970662072,,,,,,0.0018729771046699466,,0.012206535977643993,,,0.01787312754424328,0.2834638340088228,,,0.0027785617941325142,,,0.0033625346404732677,0.040129082998083404,,0.01697433940578428,0.004252592199398842,0.0015034027026211733,0.0024559044101936035,,,0.07347423820534629,0.04683560087522931,0.07788193386624603,0.003836697783429196,,,,0.014511049556035828,,,,,,,,,,,,,,,,,,,,,,,,,,0.003299569952395002,0.3701845012782585,0.011599316707274451,0.008894242006742058,0.020773255343859327,,,,,,,,,,,,,
2024-12-23,0.0029968521069007026,,,0.0031427381724665714,,,,,,,,0.006600601861992059,,,,,,,,0.003042115572108205,,,,,,,,,0.003194520686520253,,,,,,,,0.0018395699751433765,,,,0.002767978232614462,0.0028192090209234505,,0.0013877411921774142,,,,,,0.0018535227254254595,,0.012027889004811687,,,0.01777351086327269,0.2789301825687289,,,0.002775482384354928,,,0.0032879114636064355,0.040015493098291555,,0.017148599316853835,0.004332722825763185,0.0016159848032873464,0.00245461680311732,,,0.0757314926900324,0.04601754002006986,0.07663133906732705,0.003853468148874826,,,,0.014462155805501479,,,,,,,,,,,,,,,,,,,,,,,,,,0.003299716803575236,0.37479168229869436,0.011458335772788614,0.008719804871361677,0.020459956955164605,,,,,,,,,,,,,
2024-12-24,0.0030050291691112417,,,0.003148856740192313,,,,,,,,0.006617582790635435,,,,,,,,0.003029871810992631,,,,,,,,,0.0031794546084711224,,,,,,,,0.001871090079172644,,,,0.0027611467469666425,0.0028165865541350766,,0.0013862014872886214,,,,,,0.0018340683461809727,,0.011849242031979382,,,0.017673894182302096,0.274396531128635,,,0.0027724029745773426,,,0.0032132882867396033,0.039901903198499705,,0.01732285922792339,0.0044128534521275286,0.0017285669039535196,0.002453329196041036,,,0.07798874717471851,0.04519947916491041,0.07538074426840806,0.003870238514320456,,,,0.014413262054967131,,,,,,,,,,,,,,,,,,,,,,,,,,0.00329986365475547,0.3793988633191302,0.011317354838302776,0.008545367735981293,0.02014665856646988,,,,,,,,,,,,,
2024-12-25,0.003013206231321781,,,0.0031549753079180547,,,,,,,,0.006634563719278812,,,,,,,,0.003017628049877057,,,,,,,,,0.0031643885304219917,,,,,,,,0.0019026101832019114,,,,0.0027543152613188236,0.0028139640873467027,,0.0013846617823998287,,,,,,0.0018146139669364858,,0.011670595059147077,,,0.017574277501331503,0.26986287968854106,,,0.002769323564799757,,,0.003138665109872771,0.039788313298707856,,0.01749711913899295,0.004492984078491871,0.001841149004619693,0.0024520415889647523,,,0.08024600165940464,0.04438141830975097,0.07413014946948907,0.0038870088797660855,,,,0.014364368304432783,,,,,,,,,,,,,,,,,,,,,,,,,,0.0033000105059357043,0.38400604433956603,0.01117637390381694,0.008370930600600911,0.019833360177775157,,,,,,,,,,,,,
2024-12-26,0.00302138329353232,,,0.0031610938756437973,,,,,,,,0.006651544647922189,,,,,,,,0.0030053842887614824,,,,,,,,,0.003149322452372862,,,,,,,,0.001934130287231179,,,,0.0027474837756710046,0.002811341620558329,,0.0013831220775110357,,,,,,0.001795159587691999,,0.011491948086314771,,,0.01747466082036091,0.2653292282484472,,,0.0027662441550221715,,,0.003064041933005939,0.039674723398916006,,0.017671379050062507,0.004573114704856214,0.001953731105285866,0.002450753981888468,,,0.08250325614409075,0.043563357454591514,0.07287955467057008,0.003903779245211715,,,,0.014315474553898436,,,,,,,,,,,,,,,,,,,,,,,,,,0.003300157357115938,0.38861322536000187,0.011035392969331101,0.008196493465220528,0.01952006178908043,,,,,,,,,,,,,
2024-12-27,0.003029560355742859,,,0.003167212443369539,,,,,,,,0.006668525576565565,,,,,,,,0.0029931405276459083,,,,,,,,,0.003134256374323731,,,,,,,,0.0019656503912604466,,,,0.0027406522900231857,0.0028087191537699554,,0.0013815823726222429,,,,,,0.001775705208447512,,0.011313301113482466,,,0.017375044139390318,0.26079557680835325,,,0.0027631647452445855,,,0.002989418756139107,0.03956113349912416,,0.017845638961132063,0.0046532453312205565,0.0020663132059520395,0.0024494663748121843,,,0.08476051062877686,0.04274529659943207,0.07162895987165109,0.003920549610657345,,,,0.014266580803364086,,,,,,,,,,,,,,,,,,,,,,,,,,0.0033003042082961724,0.39322040638043765,0.010894412034845265,0.008022056329840144,0.01920676340038571,,,,,,,,,,,,,
2024-12-28,0.003037737417953398,,,0.0031733310110952807,,,,,,,,0.006685506505208942,,,,,,,,0.0029808967665303342,,,,,,,,,0.0031191902962746003,,,,,,,,0.0019971704952897137,,,,0.0027338208043753663,0.0028060966869815815,,0.00138004266773345,,,,,,0.001756250829203025,,0.01113465414065016,,,0.017275427458419725,0.2562619253682593,,,0.002760085335467,,,0.0029147955792722747,0.03944754359933231,,0.01801989887220162,0.0047333759575849,0.0021788953066182127,0.0024481787677359005,,,0.08701776511346297,0.04192723574427262,0.0703783650727321,0.003937319976102974,,,,0.014217687052829739,,,,,,,,,,,,,,,,,,,,,,,,,,0.0033004510594764063,0.39782758740087354,0.010753431100359426,0.007847619194459763,0.018893465011690983,,,,,,,,,,,,,
2024-12-29,0.003045914480163937,,,0.0031794495788210232,,,,,,,,0.006702487433852319,,,,,,,,0.00296865300541476,,,,,,,,,0.0031041242182254696,,,,,,,,0.0020286905993189813,,,,0.0027269893187275474,0.0028034742201932077,,0.001378502962844657,,,,,,0.0017367964499585382,,0.010956007167817855,,,0.017175810777449133,0.2517282739281654,,,0.0027570059256894143,,,0.0028401724024054425,0.03933395369954046,,0.018194158783271176,0.004813506583949243,0.0022914774072843856,0.0024468911606596168,,,0.08927501959814908,0.04110917488911317,0.0691277702738131,0.003954090341548604,,,,0.01416879330229539,,,,,,,,,,,,,,,,,,,,,,,,,,0.00330059791065664,0.4024347684213093,0.01061245016587359,0.00767318205907938,0.01858016662299626,,,,,,,,,,,,,
2024-12-30,0.003054091542374476,,,0.003185568146546765,,,,,,,,0.006719468362495695,,,,,,,,0.002956409244299186,,,,,,,,,0.003089058140176339,,,,,,,,0.002060210703348249,,,,0.0027201578330797284,0.0028008517534048338,,0.0013769632579558643,,,,,,0.0017173420707140513,,0.01077736019498555,,,0.017076194096478536,0.24719462248807147,,,0.0027539265159118283,,,0.0027655492255386103,0.03922036379974861,,0.01836841869434073,0.004893637210313585,0.002404059507950559,0.002445603553583333,,,0.09153227408283521,0.040291114033953725,0.06787717547489412,0.0039708607069942345,,,,0.014119899551761041,,,,,,,,,,,,,,,,,,,,,,,,,,0.0033007447618368744,0.40704194944174515,0.010471469231387752,0.007498744923698997,0.018266868234301535,,,,,,,,,,,,,
2024-12-31,0.0030622686045850157,,,0.0031916867142725066,,,,,,,,0.0067364492911390714,,,,,,,,0.002944165483183612,,,,,,,,,0.003073992062127208,,,,,,,,0.0020917308073775164,,,,0.0027133263474319095,0.00279822928661646,,0.0013754235530670715,,,,,,0.0016978876914695643,,0.010598713222153245,,,0.016976577415507944,0.24266097104797757,,,0.0027508471061342427,,,0.002690926048671778,0.03910677389995676,,0.018542678605410288,0.004973767836677928,0.002516641608616732,0.002444315946507049,,,0.09378952856752132,0.03947305317879428,0.06662658067597513,0.003987631072439864,,,,0.014071005801226694,,,,,,,,,,,,,,,,,,,,,,,,,,0.0033008916130171082,0.411649130462181,0.010330488296901915,0.007324307788318614,0.01795356984560681,,,,,,,,,,,,,
2025-01-01,0.0030704456667955543,,,0.003197805281998249,,,,,,,,0.006753430219782449,,,,,,,,0.0029319217220680374,,,,,,,,,0.0030589259840780782,,,,,,,,0.0021232509114067835,,,,0.0027064948617840905,0.0027956068198280865,,0.0013738838481782785,,,,,,0.0016784333122250774,,0.01042006624932094,,,0.01687696073453735,0.23812731960788364,,,0.002747767696356657,,,0.0026163028718049464,0.03899318400016491,,0.018716938516479847,0.005053898463042271,0.0026292237092829054,0.002443028339430765,,,0.09604678305220743,0.038654992323634826,0.06537598587705613,0.004004401437885494,,,,0.014022112050692346,,,,,,,,,,,,,,,,,,,,,,,,,,0.0033010384641973425,0.4162563114826168,0.010189507362416077,0.007149870652938231,0.017640271456912087,,,,,,,,,,,,,
2025-01-02,0.003078622729006094,,,0.003203923849723991,,,,,,,,0.006770411148425825,,,,,,,,0.0029196779609524633,,,,,,,,,0.0030438599060289475,,,,,,,,0.002154771015436051,,,,0.002699663376136271,0.0027929843530397126,,0.0013723441432894857,,,,,,0.0016589789329805905,,0.010241419276488634,,,0.016777344053566758,0.23359366816778973,,,0.0027446882865790716,,,0.0025416796949381142,0.03887959410037306,,0.018891198427549404,0.005134029089406614,0.0027418058099490782,0.0024417407323544813,,,0.09830403753689354,0.03783693146847538,0.06412539107813714,0.0040211718033311234,,,,0.013973218300157998,,,,,,,,,,,,,,,,,,,,,,,,,,0.0033011853153775764,0.42086349250305266,0.01004852642793024,0.006975433517557849,0.017326973068217365,,,,,,,,,,,,,
2025-01-03,0.003086799791216633,,,0.0032100424174497325,,,,,,,,0.0067873920770692014,,,,,,,,0.002907434199836889,,,,,,,,,0.0030287938279798168,,,,,,,,0.0021862911194653186,,,,0.002692831890488452,0.0027903618862513387,,0.001370804438400693,,,,,,0.0016395245537361037,,0.01006277230365633,,,0.016677727372596166,0.22906001672769583,,,0.0027416088768014856,,,0.002467056518071282,0.03876600420058121,,0.01906545833861896,0.005214159715770957,0.0028543879106152515,0.0024404531252781975,,,0.10056129202157965,0.037018870613315935,0.06287479627921816,0.004037942168776753,,,,0.013924324549623649,,,,,,,,,,,,,,,,,,,,,,,,,,0.0033013321665578107,0.4254706735234885,0.009907545493444402,0.006800996382177466,0.01701367467952264,,,,,,,,,,,,,
2025-01-04,0.003094976853427172,,,0.003216160985175475,,,,,,,,0.006804373005712579,,,,,,,,0.002895190438721315,,,,,,,,,0.003013727749930686,,,,,,,,0.002217811223494586,,,,0.0026860004048406333,0.002787739419462965,,0.0013692647335119,,,,,,0.0016200701744916168,,0.009884125330824025,,,0.016578110691625573,0.2245263652876019,,,0.0027385294670239,,,0.00239243334120445,0.03865241430078936,,0.019239718249688516,0.005294290342135299,0.0029669700112814248,0.0024391655182019138,,,0.10281854650626576,0.03620080975815648,0.061624201480299165,0.004054712534222383,,,,0.013875430799089301,,,,,,,,,,,,,,,,,,,,,,,,,,0.0033014790177380445,0.43007785454392433,0.009766564558958565,0.006626559246797083,0.016700376290827913,,,,,,,,,,,,,
2025-01-05,0.003103153915637711,,,0.0032222795529012168,,,,,,,,0.006821353934355955,,,,,,,,0.002882946677605741,,,,,,,,,0.0029986616718815553,,,,,,,,0.0022493313275238538,,,,0.0026791689191928143,0.0027851169526745914,,0.0013677250286231071,,,,,,0.0016006157952471298,,0.00970547835799172,,,0.01647849401065498,0.219992713847508,,,0.0027354500572463144,,,0.0023178101643376177,0.03853882440099752,,0.019413978160758072,0.005374420968499642,0.003079552111947598,0.0024378779111256296,,,0.10507580099095187,0.03538274890299704,0.06037360668138018,0.004071482899668012,,,,0.013826537048554953,,,,,,,,,,,,,,,,,,,,,,,,,,0.0033016258689182788,0.43468503556436017,0.009625583624472727,0.0064521221114167,0.01638707790213319,,,,,,,,,,,,,
2025-01-06,0.00311133097784825,,,0.0032283981206269593,,,,,,,,0.0068383348629993315,,,,,,,,0.002870702916490167,,,,,,,,,0.0029835955938324246,,,,,,,,0.002280851431553121,,,,0.0026723374335449954,0.0027824944858862175,,0.0013661853237343143,,,,,,0.001581161416002643,,0.009526831385159413,,,0.016378877329684387,0.21545906240741408,,,0.0027323706474687284,,,0.0022431869874707856,0.03842523450120567,,0.019588238071827628,0.005454551594863985,0.0031921342126137713,0.002436590304049346,,,0.10733305547563798,0.03456468804783759,0.05912301188246119,0.004088253265113643,,,,0.013777643298020604,,,,,,,,,,,,,,,,,,,,,,,,,,0.0033017727200985126,0.439292216584796,0.00948460268998689,0.006277684976036318,0.016073779513438465,,,,,,,,,,,,,
2025-01-07,0.003119508040058789,,,0.003234516688352701,,,,,,,,0.006855315791642709,,,,,,,,0.0028584591553745924,,,,,,,,,0.002968529515783294,,,,,,,,0.0023123715355823885,,,,0.002665505947897176,0.0027798720190978436,,0.0013646456188455215,,,,,,0.001561707036758156,,0.009348184412327107,,,0.016279260648713795,0.21092541096732015,,,0.002729291237691143,,,0.0021685638106039534,0.03831164460141382,,0.019762497982897184,0.005534682221228328,0.0033047163132799446,0.002435302696973062,,,0.1095903099603241,0.03374662719267814,0.057872417083542196,0.0041050236305592725,,,,0.013728749547486256,,,,,,,,,,,,,,,,,,,,,,,,,,0.003301919571278747,0.44389939760523184,0.009343621755501052,0.006103247840655935,0.015760481124743743,,,,,,,,,,,,,
2025-01-08,0.0031276851022693283,,,0.0032406352560784427,,,,,,,,0.006872296720286085,,,,,,,,0.0028462153942590183,,,,,,,,,0.002953463437734164,,,,,,,,0.002343891639611656,,,,0.002658674462249357,0.0027772495523094697,,0.0013631059139567285,,,,,,0.001542252657513669,,0.009169537439494802,,,0.016179643967743202,0.20639175952722622,,,0.0027262118279135572,,,0.0020939406337371212,0.03819805470162197,,0.01993675789396674,0.005614812847592671,0.003417298413946118,0.0024340150898967783,,,0.11184756444501022,0.03292856633751869,0.0566218222846232,0.004121793996004902,,,,0.013679855796951908,,,,,,,,,,,,,,,,,,,,,,,,,,0.0033020664224589808,0.4485065786256677,0.009202640821015216,0.005928810705275552,0.015447182736049017,,,,,,,,,,,,,
2025-01-09,0.0031358621644798673,,,0.0032467538238041853,,,,,,,,0.0068892776489294615,,,,,,,,0.002833971633143444,,,,,,,,,0.002938397359685033,,,,,,,,0.002375411743640923,,,,0.002651842976601538,0.0027746270855210963,,0.0013615662090679357,,,,,,0.0015227982782691821,,0.008990890466662496,,,0.01608002728677261,0.20185810808713234,,,0.0027231324181359717,,,0.002019317456870289,0.03808446480183012,,0.0201110178050363,0.0056949434739570134,0.003529880514612291,0.0024327274828204945,,,0.11410481892969633,0.03211050548235925,0.05537122748570422,0.004138564361450532,,,,0.01363096204641756,,,,,,,,,,,,,,,,,,,,,,,,,,0.0033022132736392146,0.45311375964610345,0.009061659886529377,0.005754373569895169,0.015133884347354293,,,,,,,,,,,,,
2025-01-10,0.0031440392266904064,,,0.003252872391529927,,,,,,,,0.006906258577572839,,,,,,,,0.00282172787202787,,,,,,,,,0.0029233312816359025,,,,,,,,0.0024069318476701907,,,,0.002645011490953719,0.0027720046187327224,,0.001360026504179143,,,,,,0.0015033438990246953,,0.008812243493830193,,,0.015980410605802017,0.1973244566470384,,,0.0027200530083583857,,,0.001944694280003457,0.03797087490203827,,0.020285277716105856,0.005775074100321357,0.0036424626152784644,0.0024314398757442103,,,0.11636207341438244,0.031292444627199795,0.05412063268678523,0.004155334726896161,,,,0.013582068295883211,,,,,,,,,,,,,,,,,,,,,,,,,,0.003302360124819449,0.45772094066653934,0.00892067895204354,0.005579936434514787,0.014820585958659569,,,,,,,,,,,,,
2025-01-11,0.003152216288900946,,,0.0032589909592556686,,,,,,,,0.006923239506216215,,,,,,,,0.002809484110912296,,,,,,,,,0.0029082652035867717,,,,,,,,0.0024384519516994583,,,,0.0026381800053059,0.0027693821519443485,,0.00135848679929035,,,,,,0.0014838895197802084,,0.008633596520997888,,,0.015880793924831424,0.19279080520694447,,,0.0027169735985808,,,0.001870071103136625,0.03785728500224642,,0.020459537627175412,0.005855204726685699,0.0037550447159446377,0.0024301522686679265,,,0.11861932789906857,0.03047438377204035,0.052870037887866234,0.004172105092341791,,,,0.013533174545348864,,,,,,,,,,,,,,,,,,,,,,,,,,0.0033025069759996827,0.4623281216869751,0.008779698017557703,0.005405499299134404,0.014507287569964845,,,,,,,,,,,,,
2025-01-12,0.0031603933511114846,,,0.003265109526981411,,,,,,,,0.0069402204348595915,,,,,,,,0.002797240349796722,,,,,,,,,0.002893199125537641,,,,,,,,0.002469972055728726,,,,0.002631348519658081,0.0027667596851559746,,0.0013569470944015572,,,,,,0.0014644351405357216,,0.008454949548165582,,,0.01578117724386083,0.18825715376685057,,,0.0027138941888032145,,,0.0017954479262697928,0.03774369510245457,,0.02063379753824497,0.005935335353050042,0.003867626816610811,0.0024288646615916428,,,0.12087658238375468,0.0296563229168809,0.051619443088947246,0.004188875457787421,,,,0.013484280794814516,,,,,,,,,,,,,,,,,,,,,,,,,,0.003302653827179917,0.46693530270741096,0.008638717083071866,0.005231062163754021,0.014193989181270121,,,,,,,,,,,,,
2025-01-13,0.003168570413322024,,,0.003271228094707153,,,,,,,,0.006957201363502969,,,,,,,,0.0027849965886811473,,,,,,,,,0.0028781330474885103,,,,,,,,0.0025014921597579934,,,,0.002624517034010262,0.0027641372183676008,,0.0013554073895127644,,,,,,0.0014449807612912345,,0.008276302575333277,,,0.01568156056289024,0.18372350232675666,,,0.0027108147790256285,,,0.0017208247494029606,0.037630105202662724,,0.020808057449314524,0.006015465979414385,0.003980208917276983,0.002427577054515359,,,0.12313383686844079,0.02883826206172145,0.05036884829002826,0.00420564582323305,,,,0.013435387044280166,,,,,,,,,,,,,,,,,,,,,,,,,,0.003302800678360151,0.4715424837278468,0.008497736148586028,0.005056625028373638,0.013880690792575397,,,,,,,,,,,,,
2025-01-14,0.003176747475532563,,,0.0032773466624328946,,,,,,,,0.006974182292146345,,,,,,,,0.002772752827565573,,,,,,,,,0.0028630669694393795,,,,,,,,0.0025330122637872605,,,,0.002617685548362443,0.0027615147515792273,,0.0013538676846239714,,,,,,0.0014255263820467476,,0.008097655602500971,,,0.015581943881919646,0.17918985088666273,,,0.002707735369248043,,,0.0016462015725361284,0.037516515302870874,,0.020982317360384084,0.0060955966057787275,0.004092791017943157,0.0024262894474390753,,,0.1253910913531269,0.028020201206562005,0.049118253491109265,0.00422241618867868,,,,0.013386493293745819,,,,,,,,,,,,,,,,,,,,,,,,,,0.003302947529540385,0.47614966474828263,0.00835675521410019,0.004882187892993255,0.013567392403880673,,,,,,,,,,,,,
2025-01-15,0.0031849245377431022,,,0.003283465230158637,,,,,,,,0.0069911632207897215,,,,,,,,0.002760509066449999,,,,,,,,,0.0028480008913902496,,,,,,,,0.002564532367816528,,,,0.002610854062714624,0.0027588922847908534,,0.0013523279797351786,,,,,,0.0014060720028022608,,0.007919008629668666,,,0.015482327200949051,0.17465619944656882,,,0.0027046559594704573,,,0.0015715783956692963,0.037402925403079025,,0.02115657727145364,0.006175727232143071,0.00420537311860933,0.002425001840362791,,,0.127648345837813,0.027202140351402556,0.04786765869219028,0.0042391865541243105,,,,0.013337599543211471,,,,,,,,,,,,,,,,,,,,,,,,,,0.003303094380720619,0.48075684576871847,0.008215774279614353,0.004707750757612873,0.013254094015185949,,,,,,,,,,,,,
2025-01-16,0.0031931015999536413,,,0.003289583797884379,,,,,,,,0.007008144149433099,,,,,,,,0.002748265305334425,,,,,,,,,0.002832934813341119,,,,,,,,0.0025960524718457957,,,,0.0026040225770668046,0.0027562698180024795,,0.0013507882748463858,,,,,,0.0013866176235577737,,0.007740361656836361,,,0.015382710519978459,0.17012254800647492,,,0.0027015765496928718,,,0.0014969552188024641,0.037289335503287176,,0.021330837182523196,0.006255857858507413,0.004317955219275503,0.0024237142332865073,,,0.12990560032249912,0.026384079496243107,0.046617063893271284,0.00425595691956994,,,,0.013288705792677123,,,,,,,,,,,,,,,,,,,,,,,,,,0.0033032412319008533,0.4853640267891543,0.008074793345128516,0.00453331362223249,0.012940795626491225,,,,,,,,,,,,,
2025-01-17,0.0032012786621641804,,,0.0032957023656101214,,,,,,,,0.007025125078076475,,,,,,,,0.002736021544218851,,,,,,,,,0.002817868735291988,,,,,,,,0.0026275725758750632,,,,0.0025971910914189857,0.0027536473512141057,,0.0013492485699575928,,,,,,0.0013671632443132868,,0.007561714684004055,,,0.015283093839007866,0.16558889656638098,,,0.0026984971399152857,,,0.0014223320419356322,0.037175745603495326,,0.021505097093592752,0.006335988484871756,0.0044305373199416765,0.0024224266262102235,,,0.13216285480718523,0.025566018641083658,0.045366469094352296,0.00427272728501557,,,,0.013239812042142774,,,,,,,,,,,,,,,,,,,,,,,,,,0.003303388083081087,0.48997120780959014,0.007933812410642678,0.0043588764868521075,0.0126274972377965,,,,,,,,,,,,,
2025-01-18,0.0032094557243747194,,,0.003301820933335863,,,,,,,,0.0070421060067198515,,,,,,,,0.002723777783103277,,,,,,,,,0.0028028026572428574,,,,,,,,0.002659092679904331,,,,0.0025903596057711667,0.002751024884425732,,0.0013477088650688,,,,,,0.0013477088650688,,0.00738306771117175,,,0.015183477158037273,0.16105524512628708,,,0.0026954177301377,,,0.0013477088650688,0.03706215570370348,,0.02167935700466231,0.006416119111236099,0.00454311942060785,0.0024211390191339398,,,0.13442010929187134,0.024747957785924212,0.04411587429543331,0.004289497650461199,0.0056589593101913594,,,0.013190918291608426,,,,,,,,,,,,,,,,,,,,,,,,,,0.003303534934261321,0.494578388830026,0.007792831476156841,0.004184439351471725,0.012314198849101775,,,,,,,,,,,,,
2025-01-19,0.0032176327865852585,,,0.0033079395010616047,,,,,,,,0.007059086935363228,,,,,,,,0.0027115340219877023,,,,,,,,,0.0027877365791937267,,,,,,,,0.002690612783933598,,,,0.0026186068734248198,0.0027484024176373583,,,,,,,,,,0.007204420738339445,,,0.015053093631563303,0.15772556055647624,,,,,,,0.037968878601012404,,0.021672319534922064,0.006394999886521918,0.0046908850116388805,0.002419851412057656,,,0.13890256573046952,0.02533433435573458,0.04387560706319548,0.004271233751967898,0.005641536874463766,,,0.01305360211214665,,,,,,,,,,,,,,,,,,,,,,,,,,0.0033036817854415553,0.49265413979689276,0.007800620103981057,0.004404361596763363,0.01209452012803264,,,,,,,,,,,,,
2025-01-20,0.003225809848795798,,,0.0033140580687873473,,,,,,,,0.007076067864006605,,,,,,,,0.002699290260872128,,,,,,,,,0.002772670501144596,,,,,,,,0.0027221328879628655,,,,0.002646854141078473,0.0027457799508489845,,,,,,,,,,0.007025773765507139,,,0.014922710105089332,0.15439587598666543,,,,,,,0.03887560149832133,,0.021665282065181816,0.006373880661807736,0.00483865060266991,0.002418563804981372,,,0.1433850221690677,0.025920710925544953,0.04363533983095766,0.004252969853474596,0.005624114438736174,,,0.012916285932684877,,,,,,,,,,,,,,,,,,,,,,,,,,0.003303828636621789,0.4907298907637596,0.007808408731805273,0.004624283842055002,0.011874841406963503,,,,,,,,,,,,,
2025-01-21,0.0032339869110063367,,,0.003320176636513089,,,,,,,,0.0070930487926499815,,,,,,,,0.002687046499756554,,,,,,,,,0.0027576044230954652,,,,,,,,0.002753652991992133,,,,0.0026751014087321254,0.0027431574840606106,,,,,,,,,,0.006847126792674834,,,0.014792326578615362,0.1510661914168546,,,,,,,0.03978232439563026,,0.02165824459544157,0.006352761437093555,0.004986416193700941,0.002417276197905088,,,0.1478674786076659,0.02650708749535532,0.04339507259871983,0.004234705954981295,0.005606692003008581,,,0.012778969753223101,,,,,,,,,,,,,,,,,,,,,,,,,,0.0033039754878020234,0.4888056417306264,0.00781619735962949,0.004844206087346641,0.011655162685894368,,,,,,,,,,,,,
2025-01-22,0.003242163973216876,,,0.0033262952042388307,,,,,,,,0.007110029721293358,,,,,,,,0.00267480273864098,,,,,,,,,0.0027425383450463353,,,,,,,,0.0027851730960214,,,,0.0027033486763857785,0.0027405350172722367,,,,,,,,,,0.006668479819842529,,,0.014661943052141392,0.14773650684704379,,,,,,,0.04068904729293918,,0.021651207125701327,0.006331642212379374,0.005134181784731971,0.0024159885908288043,,,0.15234993504626407,0.02709346406516569,0.04315480536648201,0.004216442056487994,0.005589269567280988,,,0.012641653573761326,,,,,,,,,,,,,,,,,,,,,,,,,,0.0033041223389822572,0.4868813926974932,0.007823985987453706,0.00506412833263828,0.011435483964825232,,,,,,,,,,,,,
2025-01-23,0.0032503410354274152,,,0.003332413771964573,,,,,,,,0.007127010649936735,,,,,,,,0.002662558977525406,,,,,,,,,0.0027274722669972046,,,,,,,,0.002816693200050668,,,,0.0027315959440394316,0.0027379125504838633,,,,,,,,,,0.006489832847010223,,,0.01453155952566742,0.14440682227723295,,,,,,,0.041595770190248106,,0.02164416965596108,0.006310522987665192,0.005281947375763002,0.0024147009837525205,,,0.15683239148486225,0.027679840634976062,0.04291453813424418,0.004198178157994692,0.0055718471315533945,,,0.01250433739429955,,,,,,,,,,,,,,,,,,,,,,,,,,0.0033042691901624915,0.48495714366436005,0.007831774615277922,0.0052840505779299185,0.011215805243756097,,,,,,,,,,,,,
2025-01-24,0.0032585180976379543,,,0.003338532339690315,,,,,,,,0.0071439915785801115,,,,,,,,0.0026503152164098313,,,,,,,,,0.002712406188948074,,,,,,,,0.0028482133040799353,,,,0.0027598432116930846,0.0027352900836954894,,,,,,,,,,0.006311185874177918,,,0.01440117599919345,0.14107713770742214,,,,,,,0.04250249308755703,,0.021637132186220834,0.00628940376295101,0.005429712966794032,0.0024134133766762367,,,0.16131484792346043,0.02826621720478643,0.04267427090200636,0.004179914259501391,0.005554424695825802,,,0.012367021214837775,,,,,,,,,,,,,,,,,,,,,,,,,,0.0033044160413427254,0.48303289463122684,0.007839563243102138,0.005503972823221557,0.010996126522686962,,,,,,,,,,,,,
2025-01-25,0.0032666951598484934,,,0.0033446509074160566,,,,,,,,0.007160972507223488,,,,,,,,0.0026380714552942572,,,,,,,,,0.002697340110898943,,,,,,,,0.002879733408109203,,,,0.0027880904793467377,0.0027326676169071155,,,,,,,,,,0.006132538901345613,,,0.01427079247271948,0.1377474531376113,,,,,,,0.04340921598486596,,0.02163009471648059,0.006268284538236829,0.0055774785578250625,0.0024121257695999525,,,0.1657973043620586,0.0288525937745968,0.04243400366976853,0.004161650361008089,0.0055370022600982095,,,0.012229705035376001,,,,,,,,,,,,,,,,,,,,,,,,,,0.0033045628925229597,0.48110864559809363,0.007847351870926354,0.0057238950685131965,0.010776447801617826,,,,,,,,,,,,,
2025-01-26,0.0032748722220590325,,,0.003350769475141799,,,,,,,,0.007177953435866865,,,,,,,,0.002625827694178683,,,,,,,,,0.0026822740328498124,,,,,,,,0.0029112535121384705,,,,0.0028163377470003907,0.0027300451501187416,,,,,,,,,,0.005953891928513307,,,0.01414040894624551,0.13441776856780047,,,,,,,0.04431593888217489,,0.02162305724674034,0.006247165313522648,0.005725244148856092,0.002410838162523669,,,0.1702797608006568,0.02943897034440717,0.04219373643753071,0.0041433864625147875,0.005519579824370616,,,0.012092388855914226,,,,,,,,,,,,,,,,,,,,,,,,,,0.0033047097437031935,0.4791843965649605,0.00785514049875057,0.005943817313804835,0.01055676908054869,,,,,,,,,,,,,
2025-01-27,0.0032830492842695715,,,0.003356888042867541,,,,,,,,0.0071949343645102415,,,,,,,,0.002613583933063109,,,,,,,,,0.0026672079548006817,,,,,,,,0.0029427736161677376,,,,0.0028445850146540433,0.002727422683330368,,,,,,,,,,0.005775244955681002,,,0.01401002541977154,0.13108808399798966,,,,,,,0.04522266177948381,,0.021616019777000096,0.0062260460888084665,0.005873009739887123,0.002409550555447385,,,0.17476221723925497,0.03002534691421754,0.04195346920529288,0.004125122564021486,0.005502157388643023,,,0.01195507267645245,,,,,,,,,,,,,,,,,,,,,,,,,,0.003304856594883428,0.4772601475318273,0.007862929126574787,0.006163739559096474,0.010337090359479554,,,,,,,,,,,,,
2025-01-28,0.0032912263464801106,,,0.0033630066105932825,,,,,,,,0.007211915293153618,,,,,,,,0.002601340171947535,,,,,,,,,0.002652141876751552,,,,,,,,0.002974293720197005,,,,0.0028728322823076964,0.0027248002165419943,,,,,,,,,,0.0055965979828486966,,,0.01387964189329757,0.12775839942817882,,,,,,,0.046129384676792735,,0.021608982307259852,0.006204926864094285,0.006020775330918153,0.0024082629483711013,,,0.17924467367785316,0.03061172348402791,0.04171320197305506,0.004106858665528185,0.00548473495291543,,,0.011817756496990676,,,,,,,,,,,,,,,,,,,,,,,,,,0.0033050034460636616,0.4753358984986941,0.007870717754399003,0.006383661804388112,0.010117411638410418,,,,,,,,,,,,,
2025-01-29,0.0032994034086906497,,,0.003369125178319025,,,,,,,,0.007228896221796995,,,,,,,,0.002589096410831961,,,,,,,,,0.002637075798702421,,,,,,,,0.0030058138242262727,,,,0.0029010795499613494,0.0027221777497536204,,,,,,,,,,0.005417951010016391,,,0.013749258366823598,0.124428714858368,,,,,,,0.04703610757410166,,0.021601944837519604,0.006183807639380104,0.006168540921949184,0.0024069753412948175,,,0.18372713011645134,0.03119810005383828,0.04147293474081723,0.004088594767034884,0.005467312517187838,,,0.011680440317528901,,,,,,,,,,,,,,,,,,,,,,,,,,0.0033051502972438955,0.4734116494655609,0.007878506382223219,0.006603584049679751,0.009897732917341282,,,,,,,,,,,,,
2025-01-30,0.0033075804709011888,,,0.0033752437460447668,,,,,,,,0.0072458771504403715,,,,,,,,0.0025768526497163863,,,,,,,,,0.0026220097206532903,,,,,,,,0.00303733392825554,,,,0.0029293268176150025,0.0027195552829652465,,,,,,,,,,0.005239304037184086,,,0.013618874840349628,0.12109903028855717,,,,,,,0.04794283047141059,,0.02159490736777936,0.006162688414665923,0.0063163065129802146,0.0024056877342185333,,,0.1882095865550495,0.031784476623648646,0.04123266750857941,0.004070330868541582,0.005449890081460245,,,0.011543124138067126,,,,,,,,,,,,,,,,,,,,,,,,,,0.0033052971484241298,0.4714874004324277,0.007886295010047435,0.006823506294971389,0.009678054196272146,,,,,,,,,,,,,
2025-01-31,0.0033157575331117283,,,0.0033813623137705093,,,,,,,,0.007262858079083748,,,,,,,,0.002564608888600812,,,,,,,,,0.0026069436426041596,,,,,,,,0.003068854032284808,,,,0.0029575740852686556,0.0027169328161768726,,,,,,,,,,0.0050606570643517805,,,0.013488491313875658,0.11776934571874634,,,,,,,0.04884955336871952,,0.021587869898039114,0.006141569189951741,0.0064640721040112445,0.0024044001271422495,,,0.19269204299364767,0.03237085319345902,0.04099240027634158,0.00405206697004828,0.005432467645732651,,,0.01140580795860535,,,,,,,,,,,,,,,,,,,,,,,,,,0.0033054439996043636,0.46956315139929455,0.007894083637871651,0.007043428540263029,0.00945837547520301,,,,,,,,,,,,,
2025-02-01,0.003323934595322267,,,0.003387480881496251,,,,,,,,0.007279839007727125,,,,,,,,0.002552365127485238,,,,,,,,,0.002591877564555029,,,,,,,,0.003100374136314075,,,,0.002985821352922308,0.002714310349388499,,,,,,,,,,0.004882010091519475,,,0.013358107787401687,0.11443966114893553,,,,,,,0.04975627626602844,,0.02158083242829887,0.00612044996523756,0.006611837695042274,0.0024031125200659658,,,0.19717449943224585,0.03295722976326939,0.04075213304410376,0.004033803071554979,0.005415045210005059,,,0.011268491779143575,,,,,,,,,,,,,,,,,,,,,,,,,,0.003305590850784598,0.46763890236616135,0.007901872265695867,0.007263350785554667,0.009238696754133875,,,,,,,,,,,,,
2025-02-02,0.0033321116575328064,,,0.0033935994492219927,,,,,,,,0.0072968199363705015,,,,,,,,0.002540121366369664,,,,,,,,,0.002576811486505898,,,,,,,,0.0031318942403433425,,,,0.0030140686205759612,0.0027116878826001253,,,,,,,,,,0.00470336311868717,,,0.013227724260927717,0.11110997657912469,,,,,,,0.05066299916333737,,0.02157379495855862,0.006099330740523378,0.006759603286073305,0.002401824912989682,,,0.20165695587084403,0.033543606333079755,0.04051186581186593,0.004015539173061677,0.005397622774277466,,,0.0111311755996818,,,,,,,,,,,,,,,,,,,,,,,,,,0.0033057377019648317,0.46571465333302814,0.007909660893520083,0.007483273030846307,0.00901901803306474,,,,,,,,,,,,,
2025-02-03,0.0033402887197433455,,,0.0033997180169477352,,,,,,,,0.007313800865013878,,,,,,,,0.00252787760525409,,,,,,,,,0.0025617454084567674,,,,,,,,0.00316341434437261,,,,0.0030423158882296143,0.0027090654158117514,,,,,,,,,,0.0045247161458548645,,,0.013097340734453747,0.10778029200931387,,,,,,,0.05156972206064629,,0.021566757488818377,0.006078211515809197,0.006907368877104336,0.002400537305913398,,,0.20613941230944222,0.03412998290289013,0.0402715985796281,0.0039972752745683765,0.005380200338549873,,,0.010993859420220025,,,,,,,,,,,,,,,,,,,,,,,,,,0.003305884553145066,0.463790404299895,0.0079174495213443,0.007703195276137945,0.008799339311995604,,,,,,,,,,,,,
2025-02-04,0.0033484657819538846,,,0.003405836584673477,,,,,,,,0.007330781793657255,,,,,,,,0.002515633844138516,,,,,,,,,0.0025466793304076375,,,,,,,,0.0031949344484018772,,,,0.0030705631558832673,0.0027064429490233776,,,,,,,,,,0.004346069173022559,,,0.012966957207979777,0.10445060743950305,,,,,,,0.05247644495795522,,0.021559720019078132,0.006057092291095015,0.007055134468135366,0.002399249698837114,,,0.2106218687480404,0.0347163594727005,0.04003133134739028,0.003979011376075075,0.00536277790282228,,,0.01085654324075825,,,,,,,,,,,,,,,,,,,,,,,,,,0.0033060314043253,0.4618661552667618,0.007925238149168515,0.007923117521429584,0.008579660590926469,,,,,,,,,,,,,
2025-02-05,0.0033566428441644237,,,0.0034119551523992186,,,,,,,,0.0073477627223006315,,,,,,,,0.0025033900830229413,,,,,,,,,0.0025316132523585068,,,,,,,,0.003226454552431145,,,,0.0030988104235369204,0.002703820482235004,,,,,,,,,,0.004167422200190254,,,0.012836573681505805,0.10112092286969221,,,,,,,0.053383167855264146,,0.021552682549337884,0.006035973066380834,0.007202900059166396,0.0023979620917608303,,,0.21510432518663858,0.035302736042510864,0.03979106411515245,0.003960747477581773,0.005345355467094687,,,0.010719227061296476,,,,,,,,,,,,,,,,,,,,,,,,,,0.003306178255505534,0.4599419062336286,0.007933026776992732,0.008143039766721222,0.008359981869857333,,,,,,,,,,,,,
2025-02-06,0.0033648199063749627,,,0.003418073720124961,,,,,,,,0.007364743650944008,,,,,,,,0.002491146321907367,,,,,,,,,0.002516547174309376,,,,,,,,0.0032579746564604124,,,,0.0031270576911905735,0.0027011980154466302,,,,,,,,,,0.003988775227357948,,,0.012706190155031835,0.09779123829988139,,,,,,,0.05428989075257307,,0.02154564507959764,0.006014853841666653,0.007350665650197426,0.0023966744846845465,,,0.21958678162523676,0.035889112612321236,0.03955079688291463,0.003942483579088472,0.005327933031367095,,,0.0105819108818347,,,,,,,,,,,,,,,,,,,,,,,,,,0.003306325106685768,0.4580176572004954,0.007940815404816948,0.008362962012012861,0.008140303148788197,,,,,,,,,,,,,
2025-02-07,0.003372996968585502,,,0.003424192287850703,,,,,,,,0.007381724579587385,,,,,,,,0.002478902560791793,,,,,,,,,0.0025014810962602453,,,,,,,,0.00328949476048968,,,,0.0031553049588442265,0.0026985755486582563,,,,,,,,,,0.003810128254525643,,,0.012575806628557864,0.09446155373007056,,,,,,,0.055196613649882,,0.021538607609857395,0.0059937346169524714,0.007498431241228457,0.0023953868776082628,,,0.22406923806383494,0.0364754891821316,0.0393105296506768,0.00392421968059517,0.005310510595639501,,,0.010444594702372925,,,,,,,,,,,,,,,,,,,,,,,,,,0.003306471957866002,0.4560934081673622,0.007948604032641164,0.0085828842573045,0.007920624427719061,,,,,,,,,,,,,
2025-02-08,0.003381174030796041,,,0.0034303108555764445,,,,,,,,0.0073987055082307615,,,,,,,,0.002466658799676219,,,,,,,,,0.0024864150182111145,,,,,,,,0.0033210148645189475,,,,0.003183552226497879,0.0026959530818698825,,,,,,,,,,0.0036314812816933377,,,0.012445423102083894,0.09113186916025974,,,,,,,0.05610333654719092,,0.021531570140117147,0.00597261539223829,0.007646196832259487,0.0023940992705319786,,,0.22855169450243312,0.03706186575194197,0.03907026241843898,0.003905955782101869,0.005293088159911908,,,0.01030727852291115,,,,,,,,,,,,,,,,,,,,,,,,,,0.003306618809046236,0.45416915913422906,0.00795639266046538,0.008802806502596138,0.007700945706649926,,,,,,,,,,,,,
2025-02-09,0.00338935109300658,,,0.003436429423302187,,,,,,,,0.007415686436874138,,,,,,,,0.002454415038560645,,,,,,,,,0.002471348940161984,,,,,,,,0.0033525349685482146,,,,0.003211799494151532,0.0026933306150815086,,,,,,,,,,0.0034528343088610323,,,0.012315039575609924,0.08780218459044892,,,,,,,0.05701005944449985,,0.021524532670376902,0.005951496167524109,0.007793962423290517,0.002392811663455695,,,0.2330341509410313,0.037648242321752345,0.03882999518620115,0.0038876918836085674,0.0052756657241843155,,,0.010169962343449374,,,,,,,,,,,,,,,,,,,,,,,,,,0.00330676566022647,0.45224491010109585,0.007964181288289596,0.009022728747887777,0.00748126698558079,,,,,,,,,,,,,
2025-02-10,0.003397528155217119,,,0.003442547991027929,,,,,,,,0.007432667365517514,,,,,,,,0.0024421712774450707,,,,,,,,,0.002456282862112853,,,,,,,,0.003384055072577482,,,,0.0032400467618051852,0.002690708148293135,,,,,,,,,,0.003274187336028727,,,0.012184656049135954,0.0844725000206381,,,,,,,0.057916782341808776,,0.021517495200636658,0.005930376942809928,0.007941728014321548,0.002391524056379411,,,0.23751660737962949,0.03823461889156271,0.03858972795396333,0.0038694279851152658,0.005258243288456723,,,0.0100326461639876,,,,,,,,,,,,,,,,,,,,,,,,,,0.0033069125114067043,0.45032066106796265,0.007971969916113812,0.009242650993179415,0.007261588264511654,,,,,,,,,,,,,
2025-02-11,0.0034057052174276585,,,0.0034486665587536705,,,,,,,,0.0074496482941608915,,,,,,,,0.002429927516329496,,,,,,,,,0.002441216784063723,,,,,,,,0.0034155751766067497,,,,0.0032682940294588383,0.0026880856815047613,,,,,,,,,,0.0030955403631964216,,,0.012054272522661983,0.08114281545082727,,,,,,,0.0588235052391177,,0.02151045773089641,0.005909257718095745,0.008089493605352579,0.0023902364493031273,,,0.24199906381822767,0.03882099546137308,0.0383494607217255,0.0038511640866219646,0.00524082085272913,,,0.009895329984525825,,,,,,,,,,,,,,,,,,,,,,,,,,0.003307059362586938,0.4483964120348295,0.007979758543938028,0.009462573238471054,0.007041909543442518,,,,,,,,,,,,,
2025-02-12,0.0034138822796381976,,,0.003454785126479413,,,,,,,,0.007466629222804268,,,,,,,,0.002417683755213922,,,,,,,,,0.0024261507060145925,,,,,,,,0.003447095280636017,,,,0.003296541297112491,0.0026854632147163874,,,,,,,,,,0.002916893390364118,,,0.011923888996188013,0.07781313088101643,,,,,,,0.05973022813642663,,0.021503420261156165,0.005888138493381564,0.00823725919638361,0.0023889488422268435,,,0.24648152025682585,0.039407372031183455,0.03810919348948768,0.003832900188128663,0.005223398417001536,,,0.00975801380506405,,,,,,,,,,,,,,,,,,,,,,,,,,0.0033072062137671724,0.4464721630016963,0.007987547171762244,0.009682495483762692,0.006822230822373382,,,,,,,,,,,,,
2025-02-13,0.0034220593418487367,,,0.0034609036942051547,,,,,,,,0.007483610151447644,,,,,,,,0.002405439994098348,,,,,,,,,0.0024110846279654617,,,,,,,,0.003478615384665285,,,,0.003324788564766144,0.0026828407479280135,,,,,,,,,,0.0027382464175318127,,,0.011793505469714041,0.07448344631120561,,,,,,,0.06063695103373555,,0.02149638279141592,0.005867019268667383,0.008385024787414638,0.0023876612351505593,,,0.25096397669542403,0.03999374860099382,0.03786892625724985,0.0038146362896353614,0.005205975981273944,,,0.009620697625602276,,,,,,,,,,,,,,,,,,,,,,,,,,0.0033073530649474062,0.4445479139685631,0.00799533579958646,0.009902417729054333,0.006602552101304247,,,,,,,,,,,,,
2025-02-14,0.0034302364040592758,,,0.0034670222619308973,,,,,,,,0.0075005910800910215,,,,,,,,0.002393196232982774,,,,,,,,,0.002396018549916331,,,,,,,,0.003510135488694552,,,,0.003353035832419797,0.00268021828113964,,,,,,,,,,0.0025595994446995073,,,0.011663121943240071,0.07115376174139479,,,,,,,0.061543673931044485,,0.021489345321675672,0.0058459000439532015,0.008532790378445669,0.0023863736280742755,,,0.2554464331340222,0.04058012517080419,0.03762865902501203,0.0037963723911420603,0.005188553545546351,,,0.0094833814461405,,,,,,,,,,,,,,,,,,,,,,,,,,0.0033074999161276405,0.44262366493542993,0.008003124427410677,0.010122339974345971,0.0063828733802351115,,,,,,,,,,,,,
2025-02-15,0.003438413466269815,,,0.003473140829656639,,,,,,,,0.007517572008734398,,,,,,,,0.0023809524718672,,,,,,,,,0.0023809524718672,,,,,,,,0.0035416555927238196,,,,0.00338128310007345,0.002677595814351266,,,,,,,,,,0.0023809524718672,,,0.011532738416766102,0.06782407717158397,,,,,,,0.062450396828353405,,0.021482307851935428,0.00582478081923902,0.0086805559694767,0.0023850860209979918,0.0047619049437344,,0.2599288895726204,0.041166501740614564,0.0373883917927742,0.0037781084926487587,0.005171131109818758,,,0.009346065266678725,,,,,,,,,,,,,,,,,,,,,,,,,,0.0033076467673078744,0.4406994159022967,0.008010913055234893,0.01034226221963761,0.006163194659165976,,,,,,,,,,,,,
2025-02-16,0.003446590528480354,,,0.0034792593973823806,,,,,,,,0.007534552937377774,,,,,,,,0.002388924410167543,,,,,,,,,0.002388924410167543,,,,,,,,0.003573175696753087,,,,,0.0026749733475628923,,,,,,,,,,0.002397123282121133,,,0.011648785383884017,0.06692120622444366,,,,,,,0.06190220341973361,,0.021052389283708874,0.005803661594524839,0.008683694587532608,0.002954084656569907,0.004777848820335089,,0.26625425306459266,0.04093903911277828,0.03827139934790986,0.0037361820016354745,0.005181555388151566,,,0.009468851887693547,,,,,,,,,,,,,,,,,,,,,,,,,,0.0033077936184881087,0.43393336790835574,0.008139620699304415,0.010151605501527031,0.006580863096695775,,,,,,,,,,,,,
2025-02-17,0.003454767590690893,,,0.003485377965108123,,,,,,,,0.0075515338660211515,,,,,,,,0.0023968963484678855,,,,,,,,,0.0023968963484678855,,,,,,,,0.0036046958007823543,,,,,0.0026723508807745184,,,,,,,,,,0.0024132940923750667,,,0.011764832351001932,0.06601833527730334,,,,,,,0.061354010011113826,,0.02062247071548232,0.005782542369810658,0.008686833205588516,0.0035230832921418227,0.004793792696935778,,0.272579616556565,0.040711576484942,0.039154406903045516,0.0036942555106221904,0.005191979666484373,,,0.009591638508708372,,,,,,,,,,,,,,,,,,,,,,,,,,0.0033079404696683425,0.4271673199144148,0.008268328343373937,0.009960948783416454,0.006998531534225574,,,,,,,,,,,,,
2025-02-18,0.003462944652901432,,,0.003491496532833865,,,,,,,,0.007568514794664528,,,,,,,,0.002404868286768228,,,,,,,,,0.002404868286768228,,,,,,,,0.003636215904811622,,,,,0.0026697284139861445,,,,,,,,,,0.002429464902629,,,0.011880879318119845,0.06511546433016302,,,,,,,0.06080581660249403,,0.020192552147255766,0.005761423145096476,0.008689971823644425,0.004092081927713738,0.004809736573536468,,0.27890498004853725,0.04048411385710572,0.040037414458181174,0.003652329019608906,0.005202403944817181,,,0.009714425129723194,,,,,,,,,,,,,,,,,,,,,,,,,,0.0033080873208485764,0.42040127192047383,0.00839703598744346,0.009770292065305875,0.007416199971755373,,,,,,,,,,,,,
2025-02-19,0.003471121715111971,,,0.0034976151005596066,,,,,,,,0.007585495723307904,,,,,,,,0.0024128402250685713,,,,,,,,,0.0024128402250685713,,,,,,,,0.0036677360088408894,,,,,0.002667105947197771,,,,,,,,,,0.002445635712882933,,,0.01199692628523776,0.06421259338302271,,,,,,,0.060257623193874246,,0.019762633579029215,0.005740303920382295,0.008693110441700333,0.004661080563285654,0.0048256804501371564,,0.2852303435405095,0.04025665122926944,0.04092042201331684,0.0036104025285956217,0.005212828223149988,,,0.009837211750738017,,,,,,,,,,,,,,,,,,,,,,,,,,0.0033082341720288106,0.41363522392653285,0.008525743631512981,0.009579635347195296,0.007833868409285173,,,,,,,,,,,,,
2025-02-20,0.0034792987773225106,,,0.003503733668285349,,,,,,,,0.0076024766519512815,,,,,,,,0.0024208121633689144,,,,,,,,,0.0024208121633689144,,,,,,,,0.0036992561128701565,,,,,0.002664483480409397,,,,,,,,,,0.0024618065231368667,,,0.012112973252355675,0.0633097224358824,,,,,,,0.05970942978525445,,0.01933271501080266,0.005719184695668114,0.008696249059756241,0.00523007919885757,0.004841624326737846,,0.29155570703248185,0.04002918860143316,0.041803429568452496,0.0035684760375823375,0.005223252501482796,,,0.00995999837175284,,,,,,,,,,,,,,,,,,,,,,,,,,0.0033083810232090445,0.40686917593259186,0.008654451275582504,0.009388978629084718,0.008251536846814973,,,,,,,,,,,,,
2025-02-21,0.0034874758395330493,,,0.003509852236011091,,,,,,,,0.007619457580594658,,,,,,,,0.002428784101669257,,,,,,,,,0.002428784101669257,,,,,,,,0.003730776216899424,,,,,0.0026618610136210233,,,,,,,,,,0.0024779773333908,,,0.01222902021947359,0.06240685148874209,,,,,,,0.05916123637663466,,0.018902796442576107,0.005698065470953932,0.00869938767781215,0.005799077834429484,0.004857568203338536,,0.2978810705244541,0.03980172597359688,0.042686437123588154,0.0035265495465690534,0.005233676779815603,,,0.010082784992767664,,,,,,,,,,,,,,,,,,,,,,,,,,0.0033085278743892788,0.40010312793865094,0.008783158919652027,0.00919832191097414,0.008669205284344771,,,,,,,,,,,,,
2025-02-22,0.003495652901743589,,,0.0035159708037368325,,,,,,,,0.007636438509238034,,,,,,,,0.0024367560399695997,,,,,,,,,0.0024367560399695997,,,,,,,,0.0037622963209286917,,,,,0.0026592385468326494,,,,,,,,,,0.002494148143644733,,,0.012345067186591506,0.06150398054160177,,,,,,,0.058613042968014874,,0.018472877874349553,0.00567694624623975,0.008702526295868058,0.006368076470001399,0.0048735120799392245,,0.3042064340164264,0.0395742633457606,0.04356944467872381,0.0034846230555557692,0.005244101058148411,,,0.010205571613782487,,,,,,,,,,,,,,,,,,,,,,,,,,0.0033086747255695126,0.39333707994470996,0.00891186656372155,0.009007665192863562,0.00908687372187457,,,,,,,,,,,,,
2025-02-23,0.0035038299639541274,,,0.003522089371462575,,,,,,,,0.0076534194378814115,,,,,,,,0.0024447279782699428,,,,,,,,,0.0024447279782699428,,,,,,,,0.003793816424957959,,,,,0.002656616080044276,,,,,,,,,,0.0025103189538986668,,,0.01246111415370942,0.06060110959446146,,,,,,,0.05806484955939508,,0.018042959306123,0.005655827021525569,0.008705664913923966,0.006937075105573315,0.004889455956539914,,0.3105317975083987,0.03934680071792431,0.04445245223385947,0.0034426965645424847,0.005254525336481217,,,0.01032835823479731,,,,,,,,,,,,,,,,,,,,,,,,,,0.003308821576749747,0.386571031950769,0.009040574207791072,0.008817008474752983,0.00950454215940437,,,,,,,,,,,,,
2025-02-24,0.003512007026164667,,,0.0035282079391883167,,,,,,,,0.007670400366524788,,,,,,,,0.002452699916570286,,,,,,,,,0.002452699916570286,,,,,,,,0.0038253365289872268,,,,,0.002653993613255902,,,,,,,,,,0.0025264897641526,,,0.012577161120827334,0.05969823864732114,,,,,,,0.057516656150775294,,0.01761304073789645,0.005634707796811388,0.008708803531979874,0.0075060737411452305,0.004905399833140603,,0.316857161000371,0.03911933809008803,0.04533545978899513,0.0034007700735292005,0.005264949614814025,,,0.010451144855812132,,,,,,,,,,,,,,,,,,,,,,,,,,0.0033089684279299808,0.37980498395682805,0.009169281851860594,0.008626351756642404,0.00992221059693417,,,,,,,,,,,,,
2025-02-25,0.003520184088375206,,,0.0035343265069140584,,,,,,,,0.007687381295168164,,,,,,,,0.0024606718548706285,,,,,,,,,0.0024606718548706285,,,,,,,,0.0038568566330164943,,,,,0.0026513711464675282,,,,,,,,,,0.002542660574406533,,,0.01269320808794525,0.05879536770018083,,,,,,,0.0569684627421555,,0.017183122169669895,0.0056135885720972065,0.008711942150035783,0.008075072376717146,0.0049213437097412925,,0.32318252449234325,0.03889187546225175,0.04621846734413079,0.0033588435825159164,0.005275373893146832,,,0.010573931476826956,,,,,,,,,,,,,,,,,,,,,,,,,,0.003309115279110215,0.37303893596288706,0.009297989495930116,0.008435695038531827,0.010339879034463968,,,,,,,,,,,,,
2025-02-26,0.003528361150585745,,,0.003540445074639801,,,,,,,,0.0077043622238115415,,,,,,,,0.002468643793170971,,,,,,,,,0.002468643793170971,,,,,,,,0.0038883767370457615,,,,,0.0026487486796791544,,,,,,,,,,0.002558831384660467,,,0.012809255055063164,0.05789249675304052,,,,,,,0.056420269333535715,,0.01675320360144334,0.005592469347383025,0.008715080768091691,0.008644071012289062,0.004937287586341982,,0.3295078879843155,0.03866441283441547,0.04710147489926644,0.0033169170915026322,0.00528579817147964,,,0.010696718097841779,,,,,,,,,,,,,,,,,,,,,,,,,,0.003309262130290449,0.3662728879689461,0.009426697139999638,0.008245038320421248,0.010757547471993766,,,,,,,,,,,,,
2025-02-27,0.003536538212796284,,,0.0035465636423655427,,,,,,,,0.007721343152454918,,,,,,,,0.0024766157314713142,,,,,,,,,0.0024766157314713142,,,,,,,,0.003919896841075029,,,,,0.002646126212890781,,,,,,,,,,0.0025750021949144,,,0.01292530202218108,0.0569896258059002,,,,,,,0.05587207592491592,,0.016323285033216787,0.005571350122668844,0.0087182193861476,0.009213069647860977,0.004953231462942671,,0.33583325147628784,0.03843695020657919,0.04798448245440211,0.0032749906004893477,0.0052962224498124474,,,0.010819504718856602,,,,,,,,,,,,,,,,,,,,,,,,,,0.0033094089814706827,0.3595068399750051,0.00955540478406916,0.00805438160231067,0.011175215909523566,,,,,,,,,,,,,
2025-02-28,0.0035447152750068232,,,0.0035526822100912852,,,,,,,,0.007738324081098294,,,,,,,,0.0024845876697716573,,,,,,,,,0.0024845876697716573,,,,,,,,0.003951416945104296,,,,,0.002643503746102407,,,,,,,,,,0.002591173005168333,,,0.013041348989298995,0.05608675485875989,,,,,,,0.055323882516296136,,0.015893366464990233,0.005550230897954663,0.008721358004203508,0.009782068283432893,0.004969175339543361,,0.3421586149682601,0.03820948757874291,0.048867490009537766,0.0032330641094760635,0.005306646728145255,,,0.010942291339871426,,,,,,,,,,,,,,,,,,,,,,,,,,0.003309555832650917,0.3527407919810642,0.009684112428138682,0.00786372488420009,0.011592884347053366,,,,,,,,,,,,,
2025-03-01,0.0035528923372173627,,,0.003558800777817027,,,,,,,,0.007755305009741671,,,,,,,,0.002492559608072,,,,,,,,,0.002492559608072,,,,,,,,0.003982937049133564,,,,,0.002640881279314033,,,,,,,,,,0.002607343815422267,,,0.01315739595641691,0.055183883911619575,,,,,,,0.05477568910767634,,0.01546344789676368,0.005529111673240481,0.008724496622259416,0.010351066919004807,0.004985119216144049,,0.3484839784602324,0.03798202495090663,0.049750497564673424,0.0031911376184627794,0.0053170710064780625,,,0.011065077960886249,,,,,,,,,,,,,,,,,,,,,,,,,,0.003309702683831151,0.3459747439871232,0.009812820072208205,0.007673068166089514,0.012010552784583165,,,,,,,,,,,,,
2025-03-02,0.0035610693994279014,,,0.0035649193455427686,,,,,,,,0.007772285938385048,,,,,,,,0.0025005315463723426,,,,,,,,,0.0025005315463723426,,,,,,,,0.004014457153162831,,,,,0.0026382588125256593,,,,,,,,,,0.0026235146256762,,,0.013273442923534823,0.054281012964479264,,,,,,,0.05422749569905655,,0.015033529328537127,0.005507992448526299,0.008727635240315326,0.010920065554576723,0.005001063092744739,,0.3548093419522047,0.03775456232307035,0.05063350511980908,0.0031492111274494953,0.00532749528481087,,,0.011187864581901071,,,,,,,,,,,,,,,,,,,,,,,,,,0.003309849535011385,0.3392086959931822,0.009941527716277727,0.007482411447978935,0.012428221222112963,,,,,,,,,,,,,
2025-03-03,0.003569246461638441,,,0.003571037913268511,,,,,,,,0.007789266867028424,,,,,,,,0.0025085034846726857,,,,,,,,,0.0025085034846726857,,,,,,,,0.004045977257192098,,,,,0.0026356363457372854,,,,,,,,,,0.0026396854359301333,,,0.013389489890652738,0.05337814201733895,,,,,,,0.05367930229043676,,0.014603610760310574,0.005486873223812118,0.008730773858371234,0.011489064190148638,0.005017006969345429,,0.361134705444177,0.037527099695234066,0.05151651267494474,0.003107284636436211,0.0053379195631436775,,,0.011310651202915894,,,,,,,,,,,,,,,,,,,,,,,,,,0.003309996386191619,0.3324426479992413,0.010070235360347249,0.007291754729868356,0.012845889659642763,,,,,,,,,,,,,
2025-03-04,0.0035774235238489795,,,0.003577156480994253,,,,,,,,0.007806247795671801,,,,,,,,0.002516475422973029,,,,,,,,,0.002516475422973029,,,,,,,,0.004077497361221366,,,,,0.002633013878948912,,,,,,,,,,0.002655856246184067,,,0.013505536857770653,0.052475271070198636,,,,,,,0.05313110888181697,,0.01417369219208402,0.005465753999097937,0.008733912476427142,0.012058062825720554,0.005032950845946117,,0.36746006893614924,0.037299637067397785,0.052399520230080404,0.0030653581454229265,0.005348343841476485,,,0.011433437823930718,,,,,,,,,,,,,,,,,,,,,,,,,,0.0033101432373718533,0.3256766000053003,0.010198943004416771,0.007101098011757778,0.013263558097172563,,,,,,,,,,,,,
2025-03-05,0.003585600586059519,,,0.0035832750487199945,,,,,,,,0.007823228724315179,,,,,,,,0.0025244473612733714,,,,,,,,,0.0025244473612733714,,,,,,,,0.004109017465250634,,,,,0.002630391412160538,,,,,,,,,,0.002672027056438,,,0.013621583824888569,0.051572400123058325,,,,,,,0.052582915473197184,,0.013743773623857466,0.005444634774383755,0.00873705109448305,0.01262706146129247,0.005048894722546807,,0.37378543242812157,0.037072174439561505,0.053282527785216055,0.0030234316544096424,0.0053587681198092926,,,0.01155622444494554,,,,,,,,,,,,,,,,,,,,,,,,,,0.003310290088552087,0.3189105520113593,0.010327650648486293,0.0069104412936472,0.013681226534702362,,,,,,,,,,,,,
2025-03-06,0.003593777648270058,,,0.003589393616445737,,,,,,,,0.007840209652958554,,,,,,,,0.002532419299573714,,,,,,,,,0.002532419299573714,,,,,,,,0.004140537569279901,,,,,0.002627768945372164,,,,,,,,,,0.0026881978666919333,,,0.013737630792006482,0.05066952917591801,,,,,,,0.05203472206457739,,0.013313855055630914,0.005423515549669574,0.008740189712538959,0.013196060096864385,0.005064838599147496,,0.38011079592009384,0.036844711811725224,0.05416553534035172,0.0029815051633963583,0.0053691923981421,,,0.011679011065960363,,,,,,,,,,,,,,,,,,,,,,,,,,0.0033104369397323214,0.31214450401741833,0.010456358292555815,0.006719784575536621,0.01409889497223216,,,,,,,,,,,,,
2025-03-07,0.003601954710480597,,,0.0035955121841714788,,,,,,,,0.007857190581601932,,,,,,,,0.002540391237874057,,,,,,,,,0.002540391237874057,,,,,,,,0.004172057673309169,,,,,0.0026251464785837903,,,,,,,,,,0.0027043686769458665,,,0.013853677759124397,0.049766658228777697,,,,,,,0.0514865286559576,,0.01288393648740436,0.005402396324955393,0.008743328330594867,0.013765058732436301,0.0050807824757481855,,0.3864361594120661,0.03661724918388894,0.05504854289548738,0.0029395786723830737,0.005379616676474908,,,0.011801797686975188,,,,,,,,,,,,,,,,,,,,,,,,,,0.0033105837909125553,0.30537845602347735,0.010585065936625337,0.0065291278574260425,0.01451656340976196,,,,,,,,,,,,,
2025-03-08,0.0036101317726911363,,,0.0036016307518972205,,,,,,,,0.007874171510245309,,,,,,,,0.0025483631761744003,,,,,,,,,0.0025483631761744003,,,,,,,,0.004203577777338437,,,,,0.0026225240117954164,,,,,,,,,,0.0027205394871998,,,0.013969724726242312,0.048863787281637386,,,,,,,0.05093833524733781,,0.012454017919177806,0.0053812771002412114,0.008746466948650776,0.014334057368008215,0.005096726352348875,,0.39276152290403843,0.036389786556052656,0.055931550450623035,0.0028976521813697895,0.005390040954807714,,,0.01192458430799001,,,,,,,,,,,,,,,,,,,,,,,,,,0.0033107306420927895,0.2986124080295364,0.010713773580694861,0.006338471139315465,0.01493423184729176,,,,,,,,,,,,,
2025-03-09,0.0036183088349016753,,,0.003607749319622963,,,,,,,,0.007891152438888684,,,,,,,,0.002556335114474743,,,,,,,,,0.002556335114474743,,,,,,,,0.004235097881367704,,,,,0.002619901545007043,,,,,,,,,,0.0027367102974537334,,,0.014085771693360227,0.047960916334497075,,,,,,,0.05039014183871802,,0.012024099350951254,0.00536015787552703,0.008749605566706684,0.01490305600358013,0.005112670228949564,,0.3990868863960107,0.036162323928216375,0.05681455800575869,0.0028557256903565054,0.005400465233140522,,,0.012047370929004833,,,,,,,,,,,,,,,,,,,,,,,,,,0.0033108774932730234,0.29184636003559544,0.010842481224764383,0.006147814421204887,0.015351900284821559,,,,,,,,,,,,,
2025-03-10,0.0036264858971122144,,,0.0036138678873487047,,,,,,,,0.007908133367532062,,,,,,,,0.0025643070527750856,,,,,,,,,0.0025643070527750856,,,,,,,,0.004266617985396971,,,,,0.002617279078218669,,,,,,,,,,0.0027528811077076666,,,0.014201818660478142,0.04705804538735676,,,,,,,0.04984194843009823,,0.0115941807827247,0.005339038650812849,0.008752744184762592,0.015472054639152046,0.0051286141055502535,,0.40541224988798297,0.035934861300380094,0.05769756556089435,0.0028137991993432213,0.005410889511473329,,,0.012170157550019656,,,,,,,,,,,,,,,,,,,,,,,,,,0.0033110243444532572,0.2850803120416545,0.010971188868833906,0.005957157703094308,0.015769568722351357,,,,,,,,,,,,,
2025-03-11,0.0036346629593227535,,,0.0036199864550744464,,,,,,,,0.007925114296175439,,,,,,,,0.0025722789910754286,,,,,,,,,0.0025722789910754286,,,,,,,,0.004298138089426239,,,,,0.002614656611430295,,,,,,,,,,0.0027690519179616,,,0.014317865627596058,0.04615517444021644,,,,,,,0.04929375502147844,,0.011164262214498146,0.005317919426098668,0.0087558828028185,0.016041053274723962,0.005144557982150943,,0.4117376133799553,0.035707398672543814,0.058580573116030016,0.002771872708329937,0.005421313789806137,,,0.01229294417103448,,,,,,,,,,,,,,,,,,,,,,,,,,0.0033111711956334915,0.27831426404771353,0.011099896512903428,0.00576650098498373,0.016187237159881157,,,,,,,,,,,,,
2025-03-12,0.003642840021533293,,,0.003626105022800189,,,,,,,,0.007942095224818814,,,,,,,,0.0025802509293757717,,,,,,,,,0.0025802509293757717,,,,,,,,0.004329658193455506,,,,,0.0026120341446419213,,,,,,,,,,0.0027852227282155334,,,0.014433912594713973,0.04525230349307613,,,,,,,0.048745561612858646,,0.010734343646271594,0.005296800201384486,0.008759021420874409,0.016610051910295878,0.005160501858751632,,0.41806297687192756,0.03547993604470753,0.05946358067116567,0.002729946217316653,0.005431738068138944,,,0.012415730792049303,,,,,,,,,,,,,,,,,,,,,,,,,,0.0033113180468137254,0.27154821605377255,0.01122860415697295,0.005575844266873151,0.016604905597410957,,,,,,,,,,,,,
2025-03-13,0.0036510170837438316,,,0.0036322235905259306,,,,,,,,0.007959076153462192,,,,,,,,0.0025882228676761144,,,,,,,,,0.0025882228676761144,,,,,,,,0.004361178297484773,,,,,0.002609411677853548,,,,,,,,,,0.0028013935384694666,,,0.014549959561831886,0.04434943254593582,,,,,,,0.04819736820423886,,0.01030442507804504,0.005275680976670304,0.008762160038930317,0.017179050545867793,0.005176445735352322,,0.42438834036389983,0.03525247341687125,0.06034658822630133,0.002688019726303369,0.005442162346471752,,,0.012538517413064125,,,,,,,,,,,,,,,,,,,,,,,,,,0.0033114648979939596,0.26478216805983157,0.011357311801042472,0.005385187548762573,0.017022574034940757,,,,,,,,,,,,,
2025-03-14,0.003659194145954371,,,0.003638342158251673,,,,,,,,0.007976057082105569,,,,,,,,0.002596194805976457,,,,,,,,,0.002596194805976457,,,,,,,,0.004392698401514041,,,,,0.002606789211065174,,,,,,,,,,0.0028175643487234002,,,0.014666006528949801,0.04344656159879551,,,,,,,0.04764917479561907,,0.009874506509818486,0.005254561751956123,0.008765298656986225,0.01774804918143971,0.00519238961195301,,0.43071370385587215,0.03502501078903497,0.06122959578143699,0.0026460932352900843,0.005452586624804559,,,0.01266130403407895,,,,,,,,,,,,,,,,,,,,,,,,,,0.0033116117491741935,0.2580161200658906,0.011486019445111994,0.005194530830651994,0.017440242472470554,,,,,,,,,,,,,
2025-03-15,0.00366737120816491,,,0.003644460725977415,,,,,,,,0.007993038010748944,,,,,,,,0.0026041667442768,,,,,,,,,0.0026041667442768,,,,,,,,0.004424218505543308,,,,,0.0026041667442768,,,,,,,,,,0.0028337351589773335,,,0.014782053496067716,0.04254369065165519,,,,,,,0.04710098138699928,,0.009444587941591934,0.0052334425272419416,0.008768437275042134,0.018317047817011625,0.0052083334885537,,0.4370390673478444,0.03479754816119869,0.06211260333657265,0.0026041667442768,0.005463010903137367,,,0.012784090655093772,0.0027548209764063,,,,,,,,,,,,,,,,,,,,,,,,,0.0033117586003544278,0.25125007207194966,0.011614727089181516,0.0050038741125414165,0.017857910910000354,,,,,,,,,,,,,
2025-03-16,0.0036755482703754493,,,0.0036505792937031566,,,,,,,,0.008010018939392322,,,,,,,,,,,,,,,,,,,,,,,,,0.0044557386095725755,,,,,,,,,,,,,,,,,,0.014456877999085302,0.04272021806710177,,,,,,,0.04687536332667583,,0.009935842314180689,0.005266314085539633,0.009331046234971531,0.018455572459580592,0.005151171598256325,,0.4399008373064654,0.033755985820399854,0.061617713543542084,,0.005673413340922474,,,0.01264235374287925,0.002969724522526562,,,,,,,,,,,,,,,,,,,,,,,,,0.0033119054515346616,0.24744697861994308,0.012583344190802754,0.004935699324483833,0.017893140811273512,,,,,,,,,,,,,
2025-03-17,0.0036837253325859884,,,0.003656697861428899,,,,,,,,0.008026999868035699,,,,,,,,,,,,,,,,,,,,,,,,,0.0044872587136018435,,,,,,,,,,,,,,,,,,0.014131702502102888,0.042896745482548355,,,,,,,0.04664974526635237,,0.010427096686769444,0.005299185643837324,0.009893655194900926,0.01859409710214956,0.005094009707958949,,0.44276260726508637,0.03271442347960102,0.06112282375051152,,0.005883815778707582,,,0.012500616830664727,0.0031846280686468244,,,,,,,,,,,,,,,,,,,,,,,,,0.003312052302714896,0.2436438851679365,0.01355196129242399,0.00486752453642625,0.017928370712546673,,,,,,,,,,,,,
2025-03-18,0.0036919023947965274,,,0.003662816429154641,,,,,,,,0.008043980796679074,,,,,,,,,,,,,,,,,,,,,,,,,0.0045187788176311115,,,,,,,,,,,,,,,,,,0.013806527005120476,0.04307327289799493,,,,,,,0.04642412720602892,,0.010918351059358199,0.005332057202135016,0.010456264154830324,0.018732621744718528,0.005036847817661574,,0.44562437722370735,0.03167286113880219,0.06062793395748096,,0.0060942182164926886,,,0.012358879918450204,0.0033995316147670865,,,,,,,,,,,,,,,,,,,,,,,,,0.0033121991538951298,0.23984079171592992,0.014520578394045228,0.004799349748368665,0.01796360061381983,,,,,,,,,,,,,
2025-03-19,0.0037000794570070665,,,0.0036689349968803825,,,,,,,,0.008060961725322452,,,,,,,,,,,,,,,,,,,,,,,,,0.004550298921660378,,,,,,,,,,,,,,,,,,0.013481351508138062,0.043249800313441514,,,,,,,0.04619850914570546,,0.011409605431946955,0.005364928760432707,0.011018873114759721,0.018871146387287496,0.004979685927364199,,0.4484861471823283,0.03063129879800335,0.06013304416445039,,0.0063046206542777955,,,0.012217143006235682,0.003614435160887349,,,,,,,,,,,,,,,,,,,,,,,,,0.0033123460050753636,0.23603769826392335,0.015489195495666465,0.004731174960311082,0.017998830515092993,,,,,,,,,,,,,
2025-03-20,0.0037082565192176056,,,0.003675053564606125,,,,,,,,0.008077942653965827,,,,,,,,,,,,,,,,,,,,,,,,,0.004581819025689646,,,,,,,,,,,,,,,,,,0.013156176011155648,0.043426327728888096,,,,,,,0.04597289108538201,,0.01190085980453571,0.005397800318730398,0.011581482074689117,0.019009671029856463,0.004922524037066824,,0.45134791714094935,0.029589736457204516,0.059638154371419824,,0.0065150230920629024,,,0.01207540609402116,0.003829338707007611,,,,,,,,,,,,,,,,,,,,,,,,,0.003312492856255598,0.23223460481191677,0.0164578125972877,0.004663000172253498,0.01803406041636615,,,,,,,,,,,,,
2025-03-21,0.003716433581428145,,,0.0036811721323318667,,,,,,,,0.008094923582609204,,,,,,,,,,,,,,,,,,,,,,,,,0.004613339129718914,,,,,,,,,,,,,,,,,,0.012831000514173234,0.04360285514433468,,,,,,,0.04574727302505856,,0.012392114177124465,0.00543067187702809,0.012144091034618514,0.01914819567242543,0.004865362146769448,,0.4542096870995703,0.02854817411640568,0.05914326457838926,,0.006725425529848009,,,0.011933669181806637,0.004044242253127874,,,,,,,,,,,,,,,,,,,,,,,,,0.0033126397074358317,0.22843151135991016,0.017426429698908938,0.004594825384195915,0.01806929031763931,,,,,,,,,,,,,
2025-03-22,0.0037246106436386837,,,0.0036872907000576084,,,,,,,,0.008111904511252582,,,,,,,,,,,,,,,,,,,,,,,,,0.004644859233748181,,,,,,,,,,,,,,,,,,0.01250582501719082,0.043779382559781255,,,,,,,0.0455216549647351,,0.01288336854971322,0.005463543435325781,0.012706699994547911,0.0192867203149944,0.004808200256472073,,0.4570714570581913,0.027506611775606843,0.0586483747853587,,0.006935827967633117,,,0.011791932269592114,0.004259145799248135,,,,,,,,,,,,,,,,,,,,,,,,,0.003312786558616066,0.22462841790790358,0.018395046800530175,0.0045266505961383315,0.01810452021891247,,,,,,,,,,,,,
2025-03-23,0.0037327877058492233,,,0.003693409267783351,,,,,,,,0.008128885439895957,,,,,,,,,,,,,,,,,,,,,,,,,0.004676379337777448,,,,,,,,,,,,,,,,,,0.012180649520208408,0.04395590997522784,,,,,,,0.04529603690441165,,0.013374622922301977,0.005496414993623472,0.013269308954477307,0.019425244957563363,0.004751038366174697,,0.4599332270168123,0.026465049434808006,0.058153484992328135,,0.007146230405418224,,,0.011650195357377593,0.004474049345368398,,,,,,,,,,,,,,,,,,,,,,,,,0.0033129334097963,0.220825324455897,0.019363663902151412,0.004458475808080747,0.01813975012018563,,,,,,,,,,,,,
2025-03-24,0.003740964768059762,,,0.0036995278355090927,,,,,,,,0.008145866368539334,,,,,,,,,,,,,,,,,,,,,,,,,0.004707899441806716,,,,,,,,,,,,,,,,,,0.011855474023225994,0.04413243739067442,,,,,,,0.04507041884408819,,0.013865877294890732,0.005529286551921164,0.013831917914406704,0.01956376960013233,0.004693876475877322,,0.46279499697543325,0.025423487094009174,0.05765859519929757,,0.007356632843203331,,,0.01150845844516307,0.00468895289148866,,,,,,,,,,,,,,,,,,,,,,,,,0.003313080260976534,0.21702223100389043,0.02033228100377265,0.004390301020023164,0.01817498002145879,,,,,,,,,,,,,
2025-03-25,0.0037491418302703014,,,0.0037056464032348344,,,,,,,,0.008162847297182712,,,,,,,,,,,,,,,,,,,,,,,,,0.004739419545835983,,,,,,,,,,,,,,,,,,0.01153029852624358,0.044308964806121,,,,,,,0.04484480078376474,,0.014357131667479487,0.005562158110218855,0.014394526874336101,0.0197022942427013,0.0046367145855799475,,0.4656567669340542,0.024381924753210337,0.05716370540626701,,0.007567035280988439,,,0.011366721532948548,0.004903856437608923,,,,,,,,,,,,,,,,,,,,,,,,,0.003313227112156768,0.21321913755188385,0.021300898105393887,0.00432212623196558,0.018210209922731948,,,,,,,,,,,,,
2025-03-26,0.00375731889248084,,,0.003711764970960577,,,,,,,,0.008179828225826087,,,,,,,,,,,,,,,,,,,,,,,,,0.00477093964986525,,,,,,,,,,,,,,,,,,0.011205123029261167,0.044485492221567585,,,,,,,0.044619182723441286,,0.014848386040068242,0.0055950296685165464,0.014957135834265497,0.019840818885270266,0.004579552695282572,,0.4685185368926752,0.023340362412411504,0.056668815613236445,,0.007777437718773546,,,0.011224984620734025,0.005118759983729185,,,,,,,,,,,,,,,,,,,,,,,,,0.0033133739633370023,0.20941604409987727,0.022269515207015124,0.004253951443907997,0.018245439824005106,,,,,,,,,,,,,
2025-03-27,0.0037654959546913796,,,0.0037178835386863186,,,,,,,,0.008196809154469464,,,,,,,,,,,,,,,,,,,,,,,,,0.004802459753894518,,,,,,,,,,,,,,,,,,0.010879947532278753,0.04466201963701416,,,,,,,0.04439356466311783,,0.015339640412656997,0.005627901226814239,0.015519744794194894,0.019979343527839234,0.004522390804985197,,0.47138030685129617,0.022298800071612668,0.056173925820205875,,0.007987840156558653,,,0.011083247708519503,0.005333663529849447,,,,,,,,,,,,,,,,,,,,,,,,,0.003313520814517236,0.2056129506478707,0.02323813230863636,0.004185776655850413,0.018280669725278267,,,,,,,,,,,,,
2025-03-28,0.0037736730169019186,,,0.003724002106412061,,,,,,,,0.008213790083112842,,,,,,,,,,,,,,,,,,,,,,,,,0.004833979857923785,,,,,,,,,,,,,,,,,,0.01055477203529634,0.044838547052460744,,,,,,,0.044167946602794377,,0.015830894785245752,0.00566077278511193,0.01608235375412429,0.020117868170408202,0.004465228914687821,,0.47424207680991715,0.02125723773081383,0.05567903602717531,,0.00819824259434376,,,0.01094151079630498,0.00554856707596971,,,,,,,,,,,,,,,,,,,,,,,,,0.0033136676656974704,0.20180985719586408,0.0242067494102576,0.004117601867792829,0.018315899626551425,,,,,,,,,,,,,
2025-03-29,0.0037818500791124577,,,0.003730120674137803,,,,,,,,0.008230771011756217,,,,,,,,,,,,,,,,,,,,,,,,,0.0048654999619530525,,,,,,,,,,,,,,,,,,0.010229596538313925,0.045015074467907326,,,,,,,0.04394232854247092,,0.016322149157834507,0.005693644343409621,0.01664496271405369,0.02025639281297717,0.004408067024390446,,0.4771038467685381,0.020215675390014995,0.05518414623414475,,0.008408645032128867,,,0.010799773884090457,0.005763470622089971,,,,,,,,,,,,,,,,,,,,,,,,,0.0033138145168777043,0.1980067637438575,0.025175366511878836,0.004049427079735246,0.018351129527824583,,,,,,,,,,,,,
2025-03-30,0.0037900271413229968,,,0.0037362392418635445,,,,,,,,0.008247751940399594,,,,,,,,,,,,,,,,,,,,,,,,,0.0048970200659823205,,,,,,,,,,,,,,,,,,0.009904421041331511,0.04519160188335391,,,,,,,0.04371671048214747,,0.016813403530423265,0.005726515901707313,0.017207571673983083,0.020394917455546138,0.00435090513409307,,0.47996561672715915,0.01917411304921616,0.054689256441114185,,0.008619047469913974,,,0.010658036971875935,0.005978374168210234,,,,,,,,,,,,,,,,,,,,,,,,,0.003313961368057938,0.19420367029185093,0.026143983613500073,0.003981252291677662,0.018386359429097745,,,,,,,,,,,,,
2025-03-31,0.003798204203533536,,,0.003742357809589287,,,,,,,,0.008264732869042972,,,,,,,,,,,,,,,,,,,,,,,,,0.0049285401700115885,,,,,,,,,,,,,,,,,,0.009579245544349097,0.04536812929880049,,,,,,,0.043491092421824015,,0.01730465790301202,0.005759387460005004,0.01777018063391248,0.020533442098115105,0.0042937432437956955,,0.4828273866857801,0.018132550708417326,0.05419436664808362,,0.008829449907699082,,,0.010516300059661412,0.006193277714330496,,,,,,,,,,,,,,,,,,,,,,,,,0.0033141082192381724,0.19040057683984435,0.02711260071512131,0.003913077503620079,0.018421589330370903,,,,,,,,,,,,,
2025-04-01,0.0038063812657440754,,,0.0037484763773150288,,,,,,,,0.008281713797686347,,,,,,,,,,,,,,,,,,,,,,,,,0.004960060274040855,,,,,,,,,,,,,,,,,,0.009254070047366683,0.04554465671424707,,,,,,,0.04326547436150056,,0.017795912275600775,0.005792259018302695,0.01833278959384188,0.020671966740684073,0.00423658135349832,,0.4856891566444011,0.01709098836761849,0.05369947685505305,,0.009039852345484187,,,0.01037456314744689,0.006408181260450759,,,,,,,,,,,,,,,,,,,,,,,,,0.0033142550704184062,0.18659748338783777,0.028081217816742547,0.003844902715562495,0.018456819231644064,,,,,,,,,,,,,
2025-04-02,0.003814558327954614,,,0.0037545949450407705,,,,,,,,0.008298694726329724,,,,,,,,,,,,,,,,,,,,,,,,,0.004991580378070123,,,,,,,,,,,,,,,,,,0.00892889455038427,0.04572118412969365,,,,,,,0.043039856301177105,,0.01828716664818953,0.005825130576600387,0.018895398553771273,0.02081049138325304,0.004179419463200945,,0.4885509266030221,0.016049426026819656,0.053204587062022496,,0.009250254783269296,,,0.010232826235232369,0.006623084806571021,,,,,,,,,,,,,,,,,,,,,,,,,0.0033144019215986405,0.1827943899358312,0.029049834918363784,0.003776727927504911,0.018492049132917222,,,,,,,,,,,,,
2025-04-03,0.0038227353901651535,,,0.003760713512766513,,,,,,,,0.008315675654973102,,,,,,,,,,,,,,,,,,,,,,,,,0.005023100482099391,,,,,,,,,,,,,,,,,,0.008603719053401857,0.04589771154514023,,,,,,,0.04281423824085365,,0.018778421020778285,0.005858002134898078,0.01945800751370067,0.02094901602582201,0.004122257572903569,,0.49141269656164305,0.01500786368602082,0.052709697268991926,,0.009460657221054403,,,0.010091089323017846,0.006837988352691284,,,,,,,,,,,,,,,,,,,,,,,,,0.0033145487727788744,0.1789912964838246,0.03001845201998502,0.0037085531394473277,0.01852727903419038,,,,,,,,,,,,,
2025-04-04,0.003830912452375692,,,0.0037668320804922547,,,,,,,,0.008332656583616477,,,,,,,,,,,,,,,,,,,,,,,,,0.005054620586128658,,,,,,,,,,,,,,,,,,0.008278543556419445,0.046074238960586815,,,,,,,0.042588620180530196,,0.01926967539336704,0.0058908736931957695,0.02002061647363007,0.021087540668390976,0.004065095682606194,,0.494274466520264,0.013966301345221983,0.05221480747596136,,0.00967105965883951,,,0.009949352410803323,0.007052891898811545,,,,,,,,,,,,,,,,,,,,,,,,,0.0033146956239591087,0.17518820303181803,0.03098706912160626,0.0036403783513897442,0.018562508935463542,,,,,,,,,,,,,
2025-04-05,0.0038390895145862317,,,0.0037729506482179964,,,,,,,,0.008349637512259854,,,,,,,,,,,,,,,,,,,,,,,,,0.005086140690157925,,,,,,,,,,,,,,,,,,0.00795336805943703,0.0462507663760334,,,,,,,0.042363002120206744,,0.019760929765955795,0.005923745251493461,0.020583225433559463,0.02122606531095994,0.004007933792308819,,0.497136236478885,0.01292473900442315,0.0517199176829308,,0.009881462096624617,,,0.009807615498588801,0.007267795444931807,,,,,,,,,,,,,,,,,,,,,,,,,0.0033148424751393425,0.17138510957981146,0.031955686223227496,0.003572203563332161,0.0185977388367367,,,,,,,,,,,,,
2025-04-06,0.0038472665767967707,,,0.003779069215943739,,,,,,,,0.008366618440903232,,,,,,,,,,,,,,,,,,,,,,,,,0.005117660794187193,,,,,,,,,,,,,,,,,,0.0076281925624546165,0.04642729379147997,,,,,,,0.042137384059883286,,0.02025218413854455,0.005956616809791152,0.021145834393488862,0.021364589953528912,0.0039507719020114435,,0.499998006437506,0.011883176663624314,0.051225027889900236,,0.010091864534409724,,,0.009665878586374278,0.00748269899105207,,,,,,,,,,,,,,,,,,,,,,,,,0.003314989326319577,0.16758201612780488,0.03292430332484873,0.003504028775274577,0.01863296873800986,,,,,,,,,,,,,
2025-04-07,0.00385544363900731,,,0.0037851877836694806,,,,,,,,0.008383599369546607,,,,,,,,,,,,,,,,,,,,,,,,,0.00514918089821646,,,,,,,,,,,,,,,,,,0.0073030170654722025,0.046603821206926556,,,,,,,0.041911765999559834,,0.020743438511133305,0.0059894883680888435,0.02170844335341826,0.021503114596097876,0.0038936100117140686,,0.502859776396127,0.010841614322825478,0.05073013809686967,,0.010302266972194832,,,0.009524141674159756,0.007697602537172332,,,,,,,,,,,,,,,,,,,,,,,,,0.0033151361774998106,0.1637789226757983,0.03389292042646997,0.003435853987216993,0.01866819863928302,,,,,,,,,,,,,
2025-04-08,0.003863620701217849,,,0.0037913063513952223,,,,,,,,0.008400580298189984,,,,,,,,,,,,,,,,,,,,,,,,,0.005180701002245727,,,,,,,,,,,,,,,,,,0.0069778415684897885,0.04678034862237314,,,,,,,0.041686147939236376,,0.02123469288372206,0.006022359926386535,0.022271052313347653,0.021641639238666844,0.003836448121416693,,0.505721546354748,0.009800051982026645,0.0502352483038391,,0.010512669409979938,,,0.009382404761945233,0.007912506083292595,,,,,,,,,,,,,,,,,,,,,,,,,0.003315283028680045,0.15997582922379172,0.03486153752809121,0.0033676791991594096,0.018703428540556177,,,,,,,,,,,,,
2025-04-09,0.003871797763428388,,,0.003797424919120965,,,,,,,,0.008417561226833362,,,,,,,,,,,,,,,,,,,,,,,,,0.005212221106274995,,,,,,,,,,,,,,,,,,0.0066526660715073745,0.04695687603781972,,,,,,,0.041460529878912925,,0.021725947256310815,0.006055231484684226,0.022833661273277052,0.02178016388123581,0.003779286231119318,,0.508583316313369,0.008758489641227808,0.04974035851080855,,0.010723071847765046,,,0.00924066784973071,0.008127409629412857,,,,,,,,,,,,,,,,,,,,,,,,,0.0033154298798602788,0.15617273577178514,0.035830154629712445,0.003299504411101826,0.01873865844182934,,,,,,,,,,,,,
2025-04-10,0.003879974825638927,,,0.0038035434868467066,,,,,,,,0.008434542155476737,,,,,,,,,,,,,,,,,,,,,,,,,0.005243741210304262,,,,,,,,,,,,,,,,,,0.006327490574524962,0.0471334034532663,,,,,,,0.04123491181858947,,0.02221720162889957,0.006088103042981918,0.02339627023320645,0.02191868852380478,0.0037221243408219425,,0.5114450862719899,0.007716927300428972,0.049245468717777977,,0.010933474285550152,,,0.009098930937516188,0.00834231317553312,,,,,,,,,,,,,,,,,,,,,,,,,0.0033155767310405126,0.15236964231977854,0.03679877173133368,0.0032313296230442427,0.018773888343102497,,,,,,,,,,,,,
2025-04-11,0.003888151887849466,,,0.003809662054572449,,,,,,,,0.008451523084120114,,,,,,,,,,,,,,,,,,,,,,,,,0.0052752613143335295,,,,,,,,,,,,,,,,,,0.006002315077542548,0.04730993086871288,,,,,,,0.041009293758266015,,0.022708456001488325,0.006120974601279609,0.023958879193135846,0.022057213166373747,0.003664962450524567,,0.5143068562306109,0.006675364959630135,0.04875057892474741,,0.01114387672333526,,,0.008957194025301665,0.00855721672165338,,,,,,,,,,,,,,,,,,,,,,,,,0.003315723582220747,0.14856654886777196,0.03776738883295492,0.003163154834986659,0.01880911824437566,,,,,,,,,,,,,
2025-04-12,0.0038963289500600056,,,0.003815780622298191,,,,,,,,0.008468504012763492,,,,,,,,,,,,,,,,,,,,,,,,,0.0053067814183627975,,,,,,,,,,,,,,,,,,0.005677139580560133,0.04748645828415946,,,,,,,0.04078367569794256,,0.023199710374077084,0.0061538461595773,0.024521488153065246,0.022195737808942715,0.003607800560227192,,0.5171686261892319,0.0056338026188313,0.04825568913171685,,0.011354279161120367,0.007984831968011866,0.0028385697902800163,0.008815457113087143,0.008772120267773643,,,,,,,,,,,,,,,,,,,,,,,,,0.0033158704334009807,0.14476345541576538,0.038736005934576156,0.0030949800469290754,0.018844348145648816,,0.015987720961372024,,,,,,,,0.0028169013094156,,,
2025-04-13,0.0039045060122705443,,,0.0038218991900239325,,,,,,,,0.008485484941406867,,,,,,,,,,,,,,,,,,,,,,,,,0.0053383015223920655,,,,,,,,,,,,,,,,,,0.005612363857020495,0.047261381483015875,,,,,,,0.03996871907951398,,0.02327243165234983,0.006455905355756944,0.023788117166120736,0.021671910323978635,0.004048536328593221,,0.5187170482462361,,0.04820198922728495,,0.01122472771404109,0.009059962011330363,0.002928177786608398,0.009223789306512688,0.00874362315239737,,,,,,,,,,,,,,,,,,,,,,,,,0.003316017284581215,0.14266388973088132,0.038428086898333935,0.003260403568213773,,,0.017458027516979512,,,,,,,,0.0032594807396109714,,,
2025-04-14,0.003912683074481084,,,0.003828017757749675,,,,,,,,0.008502465870050244,,,,,,,,,,,,,,,,,,,,,,,,,0.005369821626421332,,,,,,,,,,,,,,,,,,0.005547588133480857,0.04703630468187229,,,,,,,0.039153762461085394,,0.02334515293062258,0.006757964551936589,0.023054746179176227,0.021148082839014554,0.004489272096959251,,0.5202654703032403,,0.048148289322853054,,0.011095176266961814,0.01013509205464886,0.0030177857829367795,0.009632121499938235,0.008715126037021098,,,,,,,,,,,,,,,,,,,,,,,,,0.003316164135761449,0.14056432404599722,0.03812016786209171,0.0034258270894984705,,,0.018928334072587,,,,,,,,0.0037020601698063427,,,
2025-04-15,0.003920860136691622,,,0.0038341363254754167,,,,,,,,0.008519446798693622,,,,,,,,,,,,,,,,,,,,,,,,,0.0054013417304506,,,,,,,,,,,,,,,,,,0.005482812409941218,0.0468112278807287,,,,,,,0.0383388058426568,,0.023417874208895326,0.007060023748116233,0.022321375192231714,0.02062425535405047,0.004930007865325281,,0.5218138923602444,,0.04809458941842115,,0.010965624819882535,0.011210222097967355,0.003107393779265161,0.01004045369336378,0.008686628921644825,,,,,,,,,,,,,,,,,,,,,,,,,0.003316310986941683,0.13846475836111316,0.037812248825849486,0.0035912506107831682,,,0.020398640628194492,,,,,,,,0.004144639600001714,,,
2025-04-16,0.003929037198902162,,,0.0038402548932011584,,,,,,,,0.008536427727336997,,,,,,,,,,,,,,,,,,,,,,,,,0.005432861834479868,,,,,,,,,,,,,,,,,,0.005418036686401581,0.046586151079585116,,,,,,,0.03752384922422822,,0.023490595487168073,0.007362082944295877,0.021588004205287205,0.02010042786908639,0.005370743633691311,,0.5233623144172487,,0.04804088951398926,,0.010836073372803259,0.012285352141285854,0.0031970017755935426,0.010448785886789326,0.008658131806268553,,,,,,,,,,,,,,,,,,,,,,,,,0.003316457838121917,0.13636519267622907,0.037504329789607264,0.003756674132067866,,,0.02186894718380198,,,,,,,,0.004587219030197085,,,
2025-04-17,0.0039372142611127006,,,0.003846373460926901,,,,,,,,0.008553408655980374,,,,,,,,,,,,,,,,,,,,,,,,,0.005464381938509135,,,,,,,,,,,,,,,,,,0.005353260962861942,0.04636107427844153,,,,,,,0.03670889260579963,,0.02356331676544082,0.007664142140475522,0.020854633218342696,0.01957660038412231,0.005811479402057341,,0.5249107364742529,,0.047987189609557356,,0.010706521925723982,0.013360482184604349,0.003286609771921924,0.010857118080214874,0.00862963469089228,,,,,,,,,,,,,,,,,,,,,,,,,0.0033166046893021513,0.134265626991345,0.037196410753365036,0.003922097653352563,,,0.02333925373940947,,,,,,,,0.005029798460392457,,,
2025-04-18,0.00394539132332324,,,0.0038524920286526427,,,,,,,,0.008570389584623752,,,,,,,,,,,,,,,,,,,,,,,,,0.005495902042538402,,,,,,,,,,,,,,,,,,0.005288485239322304,0.04613599747729794,,,,,,,0.03589393598737105,,0.02363603804371357,0.007966201336655166,0.020121262231398186,0.01905277289915823,0.00625221517042337,,0.526459158531257,,0.04793348970512546,,0.010576970478644705,0.014435612227922846,0.0033762177682503058,0.011265450273640419,0.008601137575516006,,,,,,,,,,,,,,,,,,,,,,,,,0.003316751540482385,0.1321660613064609,0.036888491717122815,0.0040875211746372615,,,0.024809560295016957,,,,,,,,0.005472377890587828,,,
2025-04-19,0.00395356838553378,,,0.0038586105963783843,,,,,,,,0.008587370513267127,,,,,,,,,,,,,,,,,,,,,,,,,0.00552742214656767,,,,,,,,,,,,,,,,,,0.005223709515782666,0.045910920676154356,,,,,,,0.035078979368942456,,0.023708759321986315,0.00826826053283481,0.019387891244453677,0.01852894541419415,0.0066929509387894,,0.5280075805882612,,0.04787978980069356,,0.010447419031565427,0.015510742271241343,0.0034658257645786873,0.011673782467065966,0.008572640460139735,,,,,,,,,,,,,,,,,,,,,,,,,0.003316898391662619,0.13006649562157685,0.036580572680880594,0.004252944695921959,,,0.026279866850624445,,,,,,,,0.0059149573207832,,,
2025-04-20,0.003961745447744318,,,0.003864729164104127,,,,,,,,0.008604351441910504,,,,,,,,,,,,,,,,,,,,,,,,,0.005558942250596937,,,,,,,,,,,,,,,,,,0.005158933792243027,0.04568584387501077,,,,,,,0.03426402275051387,,0.023781480600259062,0.008570319729014455,0.018654520257509168,0.01800511792923007,0.00713368670715543,,0.5295560026452655,,0.04782608989626166,,0.01031786758448615,0.016585872314559838,0.003555433760907069,0.012082114660491512,0.008544143344763461,,,,,,,,,,,,,,,,,,,,,,,,,0.0033170452428428533,0.12796692993669276,0.03627265364463837,0.004418368217206656,,,0.027750173406231933,,,,,,,,0.006357536750978571,,,
2025-04-21,0.003969922509954858,,,0.0038708477318298686,,,,,,,,0.008621332370553882,,,,,,,,,,,,,,,,,,,,,,,,,0.005590462354626204,,,,,,,,,,,,,,,,,,0.005094158068703389,0.04546076707386718,,,,,,,0.03344906613208529,,0.023854201878531812,0.008872378925194099,0.017921149270564655,0.017481290444265985,0.00757442247552146,,0.5311044247022697,,0.04777238999182976,,0.010188316137406873,0.017661002357878337,0.0036450417572354505,0.012490446853917057,0.00851564622938719,,,,,,,,,,,,,,,,,,,,,,,,,0.003317192094023087,0.1258673642518087,0.035964734608396144,0.004583791738491353,,,0.02922047996183942,,,,,,,,0.006800116181173942,,,
2025-04-22,0.003978099572165396,,,0.0038769662995556103,,,,,,,,0.008638313299197257,,,,,,,,,,,,,,,,,,,,,,,,,0.005621982458655472,,,,,,,,,,,,,,,,,,0.005029382345163751,0.045235690272723596,,,,,,,0.0326341095136567,,0.023926923156804558,0.009174438121373744,0.017187778283620146,0.016957462959301905,0.00801515824388749,,0.5326528467592739,,0.04771869008739786,,0.010058764690327597,0.018736132401196835,0.003734649753563832,0.012898779047342605,0.008487149114010916,,,,,,,,,,,,,,,,,,,,,,,,,0.0033173389452033214,0.12376779856692462,0.03565681557215392,0.004749215259776052,,,0.03069078651744691,,,,,,,,0.007242695611369314,,,
2025-04-23,0.003986276634375936,,,0.003883084867281353,,,,,,,,0.008655294227840634,,,,,,,,,,,,,,,,,,,,,,,,,0.0056535025626847394,,,,,,,,,,,,,,,,,,0.004964606621624113,0.04501061347158001,,,,,,,0.03181915289522812,,0.023999644435077305,0.009476497317553388,0.016454407296675636,0.016433635474337824,0.00845589401225352,,0.534201268816278,,0.047664990182965966,,0.009929213243248318,0.01981126244451533,0.0038242577498922136,0.01330711124076815,0.008458651998634643,,,,,,,,,,,,,,,,,,,,,,,,,0.0033174857963835552,0.12166823288204054,0.0353488965359117,0.004914638781060749,,,0.0321610930730544,,,,,,,,0.007685275041564685,,,
2025-04-24,0.0039944536965864745,,,0.0038892034350070945,,,,,,,,0.008672275156484012,,,,,,,,,,,,,,,,,,,,,,,,,0.0056850226667140066,,,,,,,,,,,,,,,,,,0.004899830898084475,0.04478553667043642,,,,,,,0.03100419627679953,,0.02407236571335005,0.009778556513733033,0.015721036309731127,0.015909807989373744,0.00889662978061955,,0.5357496908732823,,0.047611290278534064,,0.009799661796169042,0.020886392487833826,0.003913865746220595,0.013715443434193696,0.008430154883258371,,,,,,,,,,,,,,,,,,,,,,,,,0.0033176326475637895,0.11956866719715646,0.03504097749966947,0.005080062302345447,,,0.03363139962866189,,,,,,,,0.008127854471760057,,,
2025-04-25,0.004002630758797014,,,0.003895322002732837,,,,,,,,0.008689256085127387,,,,,,,,,,,,,,,,,,,,,,,,,0.0057165427707432746,,,,,,,,,,,,,,,,,,0.0048350551745448365,0.044560459869292836,,,,,,,0.03018923965837094,,0.0241450869916228,0.010080615709912677,0.014987665322786616,0.015385980504409662,0.00933736554898558,,0.5372981129302865,,0.04755759037410217,,0.009670110349089765,0.02196152253115232,0.004003473742548977,0.014123775627619243,0.008401657767882098,,,,,,,,,,,,,,,,,,,,,,,,,0.0033177794987440234,0.11746910151227238,0.03473305846342725,0.005245485823630144,,,0.035101706184269374,,,,,,,,0.008570433901955428,,,
2025-04-26,0.0040108078210075535,,,0.0039014405704585788,,,,,,,,0.008706237013770764,,,,,,,,,,,,,,,,,,,,,,,,,0.005748062874772542,,,,,,,,,,,,,,,,,,0.004770279451005198,0.044335383068149256,,,,,,,0.029374283039942356,,0.024217808269895547,0.01038267490609232,0.014254294335842107,0.014862153019445582,0.00977810131735161,,0.5388465349872906,,0.04750389046967027,,0.009540558902010488,0.02303665257447082,0.004093081738877358,0.014532107821044788,0.008373160652505825,,,,,,,,,,,,,,,,,,,,,,,,,0.0033179263499242577,0.1153695358273883,0.03442513942718503,0.005410909344914842,,,0.03657201273987687,,,,,,,,0.0090130133321508,,,
2025-04-27,0.004018984883218092,,,0.0039075591381843204,,,,,,,,0.008723217942414142,,,,,,,,,,,,,,,,,,,,,,,,,0.00577958297880181,,,,,,,,,,,,,,,,,,0.00470550372746556,0.04411030626700567,,,,,,,0.02855932642151377,,0.024290529548168294,0.010684734102271966,0.013520923348897596,0.0143383255344815,0.01021883708571764,,0.5403949570442949,,0.047450190565238366,,0.00941100745493121,0.024111782617789318,0.00418268973520574,0.014940440014470334,0.008344663537129553,,,,,,,,,,,,,,,,,,,,,,,,,0.0033180732011044915,0.11326997014250423,0.0341172203909428,0.005576332866199539,,,0.03804231929548435,,,,,,,,0.009455592762346171,,,
2025-04-28,0.004027161945428631,,,0.003913677705910063,,,,,,,,0.008740198871057517,,,,,,,,,,,,,,,,,,,,,,,,,0.005811103082831077,,,,,,,,,,,,,,,,,,0.004640728003925922,0.04388522946586208,,,,,,,0.027744369803085183,,0.024363250826441044,0.010986793298451609,0.012787552361953086,0.01381449804951742,0.01065957285408367,,0.5419433791012991,,0.04739649066080647,,0.009281456007851933,0.025186912661107813,0.004272297731534121,0.015348772207895881,0.00831616642175328,,,,,,,,,,,,,,,,,,,,,,,,,0.003318220052284726,0.11117040445762016,0.03380930135470058,0.005741756387484237,,,0.039512625851091845,,,,,,,,0.009898172192541542,,,
2025-04-29,0.00403533900763917,,,0.003919796273635805,,,,,,,,0.008757179799700894,,,,,,,,,,,,,,,,,,,,,,,,,0.005842623186860344,,,,,,,,,,,,,,,,,,0.004575952280386284,0.043660152664718496,,,,,,,0.026929413184656595,,0.02443597210471379,0.011288852494631255,0.012054181375008577,0.013290670564553339,0.011100308622449699,,0.5434918011583033,,0.04734279075637457,,0.009151904560772656,0.02626204270442631,0.004361905727862503,0.01575710440132143,0.008287669306377008,,,,,,,,,,,,,,,,,,,,,,,,,0.0033183669034649596,0.10907083877273607,0.03350138231845836,0.005907179908768935,,,0.04098293240669933,,,,,,,,0.010340751622736913,,,
2025-04-30,0.00404351606984971,,,0.003925914841361546,,,,,,,,0.008774160728344272,,,,,,,,,,,,,,,,,,,,,,,,,0.005874143290889612,,,,,,,,,,,,,,,,,,0.004511176556846646,0.04343507586357491,,,,,,,0.02611445656622801,,0.024508693382986536,0.011590911690810899,0.011320810388064066,0.012766843079589257,0.011541044390815729,,0.5450402232153075,,0.047289090851942675,,0.00902235311369338,0.027337172747744807,0.004451513724190884,0.016165436594746972,0.008259172191000735,,,,,,,,,,,,,,,,,,,,,,,,,0.0033185137546451935,0.10697127308785201,0.03319346328221613,0.006072603430053633,,,0.04245323896230682,,,,,,,,0.010783331052932284,,,
2025-05-01,0.0040516931320602485,,,0.003932033409087289,,,,,,,,0.008791141656987647,,,,,,,,,,,,,,,,,,,,,,,,,0.005905663394918879,,,,,,,,,,,,,,,,,,0.004446400833307007,0.04320999906243132,,,,,,,0.025299499947799425,,0.024581414661259283,0.011892970886990543,0.010587439401119557,0.012243015594625177,0.011981780159181759,,0.5465886452723117,,0.04723539094751077,,0.008892801666614103,0.028412302791063302,0.004541121720519266,0.01657376878817252,0.008230675075624461,,,,,,,,,,,,,,,,,,,,,,,,,0.0033186606058254278,0.10487170740296793,0.03288554424597391,0.00623802695133833,,,0.0439235455179143,,,,,,,,0.011225910483127655,,,
2025-05-02,0.004059870194270788,,,0.003938151976813031,,,,,,,,0.008808122585631024,,,,,,,,,,,,,,,,,,,,,,,,,0.005937183498948147,,,,,,,,,,,,,,,,,,0.004381625109767369,0.042984922261287736,,,,,,,0.024484543329370837,,0.024654135939532033,0.012195030083170187,0.009854068414175046,0.011719188109661095,0.012422515927547789,,0.5481370673293159,,0.04718169104307888,,0.008763250219534825,0.0294874328343818,0.004630729716847647,0.016982100981598067,0.00820217796024819,,,,,,,,,,,,,,,,,,,,,,,,,0.0033188074570056616,0.10277214171808385,0.03257762520973169,0.006403450472623027,,,0.0453938520735218,,,,,,,,0.011668489913323029,,,
2025-05-03,0.004068047256481327,,,0.003944270544538772,,,,,,,,0.008825103514274402,,,,,,,,,,,,,,,,,,,,,,,,,0.005968703602977414,,,,,,,,,,,,,,,,,,0.0043168493862277306,0.04275984546014415,,,,,,,0.023669586710942252,,0.02472685721780478,0.012497089279349831,0.009120697427230536,0.011195360624697014,0.012863251695913819,,0.5496854893863201,,0.04712799113864698,,0.008633698772455548,0.030562562877700296,0.004720337713176029,0.01739043317502361,0.008173680844871916,,,,,,,,,,,,,,,,,,,,,,,,,0.003318954308185896,0.10067257603319978,0.03226970617348947,0.006568873993907725,,,0.046864158629129286,,,,,,,,0.0121110693435184,,,
2025-05-04,0.004076224318691866,,,0.003950389112264515,,,,,,,,0.008842084442917777,,,,,,,,,,,,,,,,,,,,,,,,,0.006000223707006681,,,,,,,,,,,,,,,,,,0.004252073662688092,0.04253476865900056,,,,,,,0.022854630092513664,,0.024799578496077525,0.012799148475529477,0.008387326440286027,0.010671533139732934,0.013303987464279849,,0.5512339114433242,,0.047074291234215075,,0.008504147325376271,0.0316376929210188,0.0048099457095044105,0.017798765368449158,0.008145183729495645,,,,,,,,,,,,,,,,,,,,,,,,,0.0033191011593661298,0.0985730103483157,0.03196178713724724,0.006734297515192423,,,0.048334465184736775,,,,,,,,0.01255364877371377,,,
2025-05-05,0.004084401380902405,,,0.0039565076799902565,,,,,,,,0.008859065371561154,,,,,,,,,,,,,,,,,,,,,,,,,0.006031743811035949,,,,,,,,,,,,,,,,,,0.004187297939148455,0.042309691857856976,,,,,,,0.02203967347408508,,0.024872299774350275,0.013101207671709119,0.007653955453341518,0.010147705654768852,0.013744723232645879,,0.5527823335003285,,0.04702059132978318,,0.008374595878296993,0.03271282296433729,0.0048995537058327925,0.018207097561874705,0.008116686614119371,,,,,,,,,,,,,,,,,,,,,,,,,0.003319248010546364,0.09647344466343162,0.03165386810100502,0.006899721036477121,,,0.049804771740344256,,,,,,,,0.012996228203909142,,,
2025-05-06,0.004092578443112944,,,0.003962626247715998,,,,,,,,0.008876046300204532,,,,,,,,,,,,,,,,,,,,,,,,,0.0060632639150652165,,,,,,,,,,,,,,,,,,0.004122522215608816,0.04208461505671339,,,,,,,0.021224716855656495,,0.024945021052623022,0.013403266867888765,0.006920584466397008,0.009623878169804772,0.014185459001011907,,0.5543307555573327,,0.04696689142535128,,0.008245044431217718,0.03378795300765579,0.004989161702161174,0.01861542975530025,0.008088189498743098,,,,,,,,,,,,,,,,,,,,,,,,,0.003319394861726598,0.09437387897854754,0.0313459490647628,0.007065144557761818,,,0.05127507829595175,,,,,,,,0.013438807634104512,,,
2025-05-07,0.004100755505323484,,,0.003968744815441741,,,,,,,,0.008893027228847907,,,,,,,,,,,,,,,,,,,,,,,,,0.006094784019094484,,,,,,,,,,,,,,,,,,0.004057746492069178,0.0418595382555698,,,,,,,0.020409760237227906,,0.025017742330895768,0.013705326064068409,0.0061872134794524955,0.009100050684840691,0.014626194769377937,,0.5558791776143369,,0.046913191520919384,,0.00811549298413844,0.03486308305097428,0.005078769698489555,0.019023761948725796,0.008059692383366826,,,,,,,,,,,,,,,,,,,,,,,,,0.003319541712906832,0.09227431329366348,0.031038030028520572,0.007230568079046516,,,0.052745384851559246,,,,,,,,0.013881387064299883,,,
2025-05-08,0.004108932567534022,,,0.0039748633831674825,,,,,,,,0.008910008157491284,,,,,,,,,,,,,,,,,,,,,,,,,0.006126304123123752,,,,,,,,,,,,,,,,,,0.00399297076852954,0.041634461454426216,,,,,,,0.01959480361879932,,0.025090463609168515,0.014007385260248053,0.005453842492507986,0.00857622319987661,0.015066930537743967,,0.5574275996713411,,0.04685949161648748,,0.007985941537059163,0.03593821309429278,0.005168377694817937,0.019432094142151343,0.008031195267990553,,,,,,,,,,,,,,,,,,,,,,,,,0.003319688564087066,0.09017474760877939,0.030730110992278348,0.007395991600331213,,,0.05421569140716673,,,,,,,,0.014323966494495254,,,
2025-05-09,0.004117109629744561,,,0.003980981950893225,,,,,,,,0.008926989086134662,,,,,,,,,,,,,,,,,,,,,,,,,0.006157824227153019,,,,,,,,,,,,,,,,,,0.003928195044989901,0.04140938465328263,,,,,,,0.018779847000370734,,0.025163184887441264,0.014309444456427697,0.004720471505563477,0.008052395714912529,0.015507666306109997,,0.5589760217283453,,0.04680579171205559,,0.007856390089979886,0.037013343137611274,0.005257985691146319,0.019840426335576887,0.008002698152614281,,,,,,,,,,,,,,,,,,,,,,,,,0.0033198354152673,0.08807518192389532,0.030422191956036126,0.00756141512161591,,,0.05568599796277422,,,,,,,,0.014766545924690629,,,
2025-05-10,0.004125286691955101,,,0.003987100518618967,,,,,,,,0.008943970014778037,,,,,,,,,,,,,,,,,,,,,,,,,0.006189344331182287,,,,,,,,,,,,,,,,,,0.0038634193214502634,0.04118430785213904,,,,,,,0.01796489038194215,,0.02523590616571401,0.014611503652607341,0.003987100518618967,0.007528568229948449,0.015948402074476026,,0.5605244437853495,,0.046752091807623686,,0.007726838642900608,0.038088473180929776,0.0053475936874747,0.020248758529002434,0.007974201037238008,,,,,,,,,,,,,,,,,,,,,,,,,0.003319982266447534,0.08597561623901125,0.0301142729197939,0.007726838642900608,,0.0106951873749494,0.05715630451838171,,,,,,,,0.015209125354886,,,
2025-05-11,0.004159477203894274,,,0.004351442348533478,,,,,,,,0.008960950943421414,,,,,,,,,,,,,,,,,,,,,,,,,0.006220864435211554,,,,,,,,,,,,,,,,,,0.00394418733083593,0.040405733241987866,,,,,,,,,0.02483976003436721,,0.004097272187382639,,0.016098366980743236,,0.559436742305046,,0.04580192493770705,,,0.03994614520065837,0.005396458444294382,0.02146088142624299,0.008169108634367067,,,,,,,,,,,,,,,,,,,,,,,,,0.003320129117627768,0.08338475900750554,0.02932403667918626,,,0.010792916888588766,0.06177989495474664,,,,,,,,0.01609451370313758,,,
2025-05-12,0.004193667715833446,,,0.00471578417844799,,,,,,,,0.008977931872064792,,,,,,,,,,,,,,,,,,,,,,,,,0.006252384539240821,,,,,,,,,,,,,,,,,,0.004024955340221597,0.0396271586318367,,,,,,,,,0.02444361390302041,,0.00420744385614631,,0.016248331887010442,,0.5583490408247425,,0.04485175806779041,,,0.041803817220386966,0.005445323201114065,0.022673004323483542,0.008364016231496126,,,,,,,,,,,,,,,,,,,,,,,,,0.0033202759688080023,0.08079390177599985,0.028533800438578616,,,0.010890646402228133,0.06640348539111156,,,,,,,,0.016979902051389165,,,
2025-05-13,0.0042278582277726195,,,0.005080126008362501,,,,,,,,0.008994912800708167,,,,,,,,,,,,,,,,,,,,,,,,,0.006283904643270089,,,,,,,,,,,,,,,,,,0.004105723349607264,0.03884858402168552,,,,,,,,,0.02404746777167361,,0.004317615524909982,,0.01639829679327765,,0.557261339344439,,0.04390159119787378,,,0.04366148924011556,0.005494187957933747,0.023885127220724098,0.008558923828625187,,,,,,,,,,,,,,,,,,,,,,,,,0.003320422819988236,0.07820304454449414,0.02774356419797097,,,0.0109883759158675,0.07102707582747649,,,,,,,,0.017865290399640747,,,
2025-05-14,0.004262048739711792,,,0.005444467838277012,,,,,,,,0.009011893729351544,,,,,,,,,,,,,,,,,,,,,,,,,0.006315424747299356,,,,,,,,,,,,,,,,,,0.0041864913589929305,0.03807000941153434,,,,,,,,,0.023651321640326812,,0.004427787193673653,,0.01654826169954486,,0.5561736378641355,,0.04295142432795714,,,0.04551916125984415,0.00554305271475343,0.02509725011796465,0.008753831425754246,,,,,,,,,,,,,,,,,,,,,,,,,0.0033205696711684704,0.07561218731298845,0.02695332795736333,,,0.011086105429506868,0.07565066626384141,,,,,,,,0.018750678747892328,,,
2025-05-15,0.004296239251650965,,,0.005808809668191523,,,,,,,,0.009028874657994922,,,,,,,,,,,,,,,,,,,,,,,,,0.006346944851328624,,,,,,,,,,,,,,,,,,0.004267259368378597,0.03729143480138317,,,,,,,,,0.02325517550898001,,0.0045379588624373255,,0.016698226605812067,,0.5550859363838321,,0.0420012574580405,,,0.04737683327957274,0.005591917471573112,0.026309373015205206,0.008948739022883305,,,,,,,,,,,,,,,,,,,,,,,,,0.0033207165223487043,0.07302133008148275,0.02616309171675569,,,0.011183834943146235,0.08027425670020633,,,,,,,,0.019636067096143912,,,
2025-05-16,0.0043304297635901375,,,0.006173151498106035,,,,,,,,0.009045855586638297,,,,,,,,,,,,,,,,,,,,,,,,,0.006378464955357891,,,,,,,,,,,,,,,,,,0.004348027377764263,0.036512860191232,,,,,,,,,0.02285902937763321,,0.004648130531200997,,0.016848191512079277,,0.5539982349035285,,0.04105109058812387,,,0.04923450529930133,0.005640782228392795,0.027521495912445758,0.009143646620012364,,,,,,,,,,,,,,,,,,,,,,,,,0.0033208633735289385,0.07043047284997705,0.025372855476148044,,,0.011281564456785602,0.08489784713657125,,,,,,,,0.020521455444395494,,,
2025-05-17,0.004364620275529311,,,0.006537493328020546,,,,,,,,0.009062836515281674,,,,,,,,,,,,,,,,,,,,,,,,,0.006409985059387158,,,,,,,,,,,,,,,,,,0.00442879538714993,0.03573428558108082,,,,,,,,,0.02246288324628641,,0.004758302199964669,,0.016998156418346486,,0.552910533423225,,0.040100923718207226,,,0.05109217731902993,0.005689646985212477,0.028733618809686313,0.009338554217141425,,,,,,,,,,,,,,,,,,,,,,,,,0.0033210102247091724,0.06783961561847135,0.0245826192355404,,,0.011379293970424968,0.08952143757293618,,,,,,,,0.021406843792647075,,,
2025-05-18,0.004398810787468483,,,0.006901835157935058,,,,,,,,0.009079817443925052,,,,,,,,,,,,,,,,,,,,,,,,,0.006441505163416426,,,,,,,,,,,,,,,,,,0.004509563396535597,0.03495571097092965,,,,,,,,,0.02206673711493961,,0.004868473868728341,,0.017148121324613692,,0.5518228319429216,,0.03915075684829059,,,0.05294984933875852,0.00573851174203216,0.02994574170692687,0.009533461814270484,,,,,,,,,,,,,,,,,,,,,,,,,0.0033211570758894067,0.06524875838696566,0.02379238299493276,,,0.011477023484064335,0.09414502800930111,,,,,,,,0.022292232140898656,,,
2025-05-19,0.0044330012994076564,,,0.007266176987849569,,,,,,,,0.009096798372568427,,,,,,,,,,,,,,,,,,,,,,,,,0.0064730252674456935,,,,,,,,,,,,,,,,,,0.004590331405921264,0.03417713636077847,,,,,,,,,0.021670590983592808,,0.004978645537492012,,0.017298086230880902,,0.550735130462618,,0.03820058997837396,,,0.05480752135848711,0.005787376498851842,0.03115786460416742,0.009728369411399544,,,,,,,,,,,,,,,,,,,,,,,,,0.0033213039270696405,0.06265790115545995,0.023002146754325117,,,0.011574752997703702,0.09876861844566603,,,,,,,,0.023177620489150237,,,
2025-05-20,0.004467191811346829,,,0.00763051881776408,,,,,,,,0.009113779301211804,,,,,,,,,,,,,,,,,,,,,,,,,0.006504545371474961,,,,,,,,,,,,,,,,,,0.004671099415306931,0.033398561750627304,,,,,,,,,0.02127444485224601,,0.005088817206255684,,0.01744805113714811,,0.5496474289823146,,0.03725042310845732,,,0.05666519337821571,0.005836241255671525,0.032369987501407974,0.009923277008528603,,,,,,,,,,,,,,,,,,,,,,,,,0.0033214507782498744,0.06006704392395426,0.022211910513717473,,,0.011672482511343068,0.10339220888203096,,,,,,,,0.024063008837401822,,,
2025-05-21,0.004501382323286002,,,0.00799486064767859,,,,,,,,0.009130760229855182,,,,,,,,,,,,,,,,,,,,,,,,,0.006536065475504229,,,,,,,,,,,,,,,,,,0.004751867424692598,0.03261998714047613,,,,,,,,,0.02087829872089921,,0.0051989888750193555,,0.01759801604341532,,0.5485597275020111,,0.03630025623854068,,,0.0585228653979443,0.005885106012491207,0.03358211039864853,0.010118184605657662,,,,,,,,,,,,,,,,,,,,,,,,,0.0033215976294301086,0.057476186692448555,0.021421674273109828,,,0.011770212024982435,0.10801579931839589,,,,,,,,0.024948397185653403,,,
2025-05-22,0.0045355728352251745,,,0.008359202477593104,,,,,,,,0.009147741158498557,,,,,,,,,,,,,,,,,,,,,,,,,0.006567585579533496,,,,,,,,,,,,,,,,,,0.004832635434078265,0.03184141253032495,,,,,,,,,0.02048215258955241,,0.0053091605437830276,,0.017747980949682527,,0.5474720260217076,,0.03535008936862405,,,0.060380537417672894,0.0059339707693108895,0.034794233295889085,0.01031309220278672,,,,,,,,,,,,,,,,,,,,,,,,,0.0033217444806103425,0.05488532946094286,0.020631438032502187,,,0.011867941538621803,0.11263938975476082,,,,,,,,0.025833785533904988,,,
2025-05-23,0.004569763347164348,,,0.008723544307507613,,,,,,,,0.009164722087141934,,,,,,,,,,,,,,,,,,,,,,,,,0.006599105683562764,,,,,,,,,,,,,,,,,,0.004913403443463931,0.031062837920173777,,,,,,,,,0.02008600645820561,,0.0054193322125467,,0.017897945855949737,,0.5463843245414041,,0.03439992249870741,,,0.062238209437401486,0.005982835526130572,0.03600635619312964,0.010507999799915782,,,,,,,,,,,,,,,,,,,,,,,,,0.0033218913317905768,0.05229447222943716,0.019841201791894546,,,0.01196567105226117,0.11726298019112573,,,,,,,,0.02671917388215657,,,
2025-05-24,0.00460395385910352,,,0.009087886137422126,,,,,,,,0.009181703015785312,,,,,,,,,,,,,,,,,,,,,,,,,0.006630625787592031,,,,,,,,,,,,,,,,,,0.004994171452849598,0.030284263310022604,,,,,,,,,0.019689860326858807,,0.005529503881310371,,0.018047910762216943,,0.5452966230611006,,0.033449755628790774,,,0.06409588145713008,0.0060317002829502545,0.037218479090370196,0.01070290739704484,,,,,,,,,,,,,,,,,,,,,,,,,0.0033220381829708106,0.04970361499793146,0.0190509655512869,,,0.012063400565900537,0.12188657062749064,,,,,,,,0.02760456223040815,,,
2025-05-25,0.004638144371042693,,,0.009452227967336637,,,,,,,,0.009198683944428687,,,,,,,,,,,,,,,,,,,,,,,,,0.006662145891621298,,,,,,,,,,,,,,,,,,0.0050749394622352645,0.029505688699871427,,,,,,,,,0.01929371419551201,,0.005639675550074043,,0.018197875668484152,,0.5442089215807971,,0.03249958875887414,,,0.06595355347685868,0.006080565039769937,0.038430601987610745,0.0108978149941739,,,,,,,,,,,,,,,,,,,,,,,,,0.003322185034151045,0.04711275776642576,0.018260729310679256,,,0.012161130079539903,0.12651016106385557,,,,,,,,0.02848995057865973,,,
2025-05-26,0.004672334882981867,,,0.009816569797251148,,,,,,,,0.009215664873072064,,,,,,,,,,,,,,,,,,,,,,,,,0.006693665995650566,,,,,,,,,,,,,,,,,,0.005155707471620931,0.028727114089720254,,,,,,,,,0.018897568064165208,,0.005749847218837714,,0.018347840574751362,,0.5431212201004936,,0.0315494218889575,,,0.06781122549658727,0.006129429796589619,0.0396427248848513,0.01109272259130296,,,,,,,,,,,,,,,,,,,,,,,,,0.0033223318853312788,0.04452190053492006,0.017470493070071615,,,0.01225885959317927,0.1311337515002205,,,,,,,,0.029375338926911312,,,
2025-05-27,0.004706525394921039,,,0.010180911627165659,,,,,,,,0.00923264580171544,,,,,,,,,,,,,,,,,,,,,,,,,0.006725186099679833,,,,,,,,,,,,,,,,,,0.005236475481006598,0.02794853947956908,,,,,,,,,0.01850142193281841,,0.005860018887601386,,0.01849780548101857,,0.5420335186201901,,0.030599255019040865,,,0.06966889751631586,0.006178294553409302,0.040854847782091856,0.01128763018843202,,,,,,,,,,,,,,,,,,,,,,,,,0.003322478736511513,0.041931043303414364,0.016680256829463974,,,0.012356589106818637,0.13575734193658542,,,,,,,,0.030260727275162897,,,
2025-05-28,0.0047407159068602114,,,0.01054525345708017,,,,,,,,0.009249626730358817,,,,,,,,,,,,,,,,,,,,,,,,,0.0067567062037091,,,,,,,,,,,,,,,,,,0.005317243490392264,0.027169964869417904,,,,,,,,,0.01810527580147161,,0.005970190556365058,,0.018647770387285777,,0.5409458171398867,,0.029649088149124227,,,0.07152656953604444,0.006227159310228984,0.042066970679332405,0.011482537785561079,,,,,,,,,,,,,,,,,,,,,,,,,0.003322625587691747,0.039340186071908666,0.01589002058885633,,,0.012454318620458003,0.14038093237295035,,,,,,,,0.03114611562341448,,,
2025-05-29,0.004774906418799385,,,0.010909595286994683,,,,,,,,0.009266607659002194,,,,,,,,,,,,,,,,,,,,,,,,,0.006788226307738368,,,,,,,,,,,,,,,,,,0.005398011499777931,0.02639139025926673,,,,,,,,,0.017709129670124807,,0.00608036222512873,,0.018797735293552987,,0.5398581156595832,,0.02869892127920759,,,0.07338424155577306,0.006276024067048667,0.04327909357657296,0.011677445382690138,,,,,,,,,,,,,,,,,,,,,,,,,0.0033227724388719807,0.03674932884040297,0.015099784348248687,,,0.012552048134097372,0.14500452280931528,,,,,,,,0.032031503971666056,,,
2025-05-30,0.004809096930738558,,,0.011273937116909192,,,,,,,,0.00928358858764557,,,,,,,,,,,,,,,,,,,,,,,,,0.006819746411767635,,,,,,,,,,,,,,,,,,0.005478779509163598,0.025612815649115557,,,,,,,,,0.01731298353877801,,0.006190533893892401,,0.018947700199820196,,0.5387704141792796,,0.027748754409290956,,,0.07524191357550164,0.006324888823868349,0.044491216473813516,0.011872352979819197,,,,,,,,,,,,,,,,,,,,,,,,,0.003322919290052215,0.03415847160889727,0.014309548107641044,,,0.012649777647736738,0.1496281132456802,,,,,,,,0.032916892319917644,,,
2025-05-31,0.00484328744267773,,,0.011638278946823705,,,,,,,,0.009300569516288947,,,,,,,,,,,,,,,,,,,,,,,,,0.006851266515796903,,,,,,,,,,,,,,,,,,0.005559547518549265,0.02483424103896438,,,,,,,,,0.016916837407431207,,0.006300705562656073,,0.019097665106087403,,0.5376827126989762,,0.026798587539374318,,,0.07709958559523022,0.006373753580688032,0.04570333937105407,0.012067260576948256,,,,,,,,,,,,,,,,,,,,,,,,,0.003323066141232449,0.03156761437739157,0.013519311867033399,,,0.012747507161376105,0.15425170368204513,,,,,,,,0.033802280668169225,,,
2025-06-01,0.004877477954616904,,,0.012002620776738214,,,,,,,,0.009317550444932324,,,,,,,,,,,,,,,,,,,,,,,,,0.0068827866198261705,,,,,,,,,,,,,,,,,,0.005640315527934932,0.024055666428813207,,,,,,,,,0.01652069127608441,,0.006410877231419745,,0.019247630012354612,,0.5365950112186727,,0.02584842066945768,,,0.07895725761495884,0.006422618337507714,0.04691546226829463,0.012262168174077317,,,,,,,,,,,,,,,,,,,,,,,,,0.003323212992412683,0.02897675714588587,0.012729075626425758,,,0.012845236675015472,0.15887529411841006,,,,,,,,0.034687669016420807,,,
2025-06-02,0.004911668466556076,,,0.012366962606652727,,,,,,,,0.0093345313735757,,,,,,,,,,,,,,,,,,,,,,,,,0.006914306723855438,,,,,,,,,,,,,,,,,,0.005721083537320598,0.023277091818662034,,,,,,,,,0.016124545144737608,,0.006521048900183417,,0.01939759491862182,,0.5355073097383691,,0.024898253799541043,,,0.08081492963468742,0.006471483094327397,0.04812758516553518,0.012457075771206376,,,,,,,,,,,,,,,,,,,,,,,,,0.003323359843592917,0.026385899914380173,0.011938839385818117,,,0.012942966188654838,0.163498884554775,,,,,,,,0.03557305736467239,,,
2025-06-03,0.004945858978495249,,,0.01273130443656724,,,,,,,,0.009351512302219077,,,,,,,,,,,,,,,,,,,,,,,,,0.006945826827884706,,,,,,,,,,,,,,,,,,0.0058018515467062656,0.022498517208510857,,,,,,,,,0.015728399013390806,,0.006631220568947088,,0.019547559824889028,,0.5344196082580657,,0.02394808692962441,,,0.082672601654416,0.006520347851147079,0.04933970806277574,0.012651983368335435,,,,,,,,,,,,,,,,,,,,,,,,,0.0033235066947731513,0.023795042682874468,0.011148603145210472,,,0.013040695702294207,0.16812247499113991,,,,,,,,0.036458445712923976,,,
2025-06-04,0.004980049490434422,,,0.013095646266481749,,,,,,,,0.009368493230862454,,,,,,,,,,,,,,,,,,,,,,,,,0.006977346931913973,,,,,,,,,,,,,,,,,,0.005882619556091932,0.021719942598359684,,,,,,,,,0.015332252882044008,,0.00674139223771076,,0.019697524731156237,,0.5333319067777622,,0.02299792005970777,,,0.0845302736741446,0.006569212607966762,0.05055183096001629,0.012846890965464496,,,,,,,,,,,,,,,,,,,,,,,,,0.003323653545953385,0.021204185451368776,0.010358366904602827,,,0.013138425215933572,0.1727460654275048,,,,,,,,0.03734383406117556,,,
2025-06-05,0.005014240002373595,,,0.013459988096396262,,,,,,,,0.00938547415950583,,,,,,,,,,,,,,,,,,,,,,,,,0.007008867035943241,,,,,,,,,,,,,,,,,,0.0059633875654775985,0.02094136798820851,,,,,,,,,0.014936106750697207,,0.006851563906474432,,0.019847489637423447,,0.5322442052974588,,0.022047753189791134,,,0.0863879456938732,0.006618077364786444,0.051763953857256836,0.013041798562593555,,,,,,,,,,,,,,,,,,,,,,,,,0.0033238003971336194,0.01861332821986307,0.009568130663995186,,,0.01323615472957294,0.17736965586386974,,,,,,,,0.03822922240942714,,,
2025-06-06,0.005048430514312767,,,0.013824329926310771,,,,,,,,0.009402455088149207,,,,,,,,,,,,,,,,,,,,,,,,,0.007040387139972508,,,,,,,,,,,,,,,,,,0.006044155574863265,0.020162793378057337,,,,,,,,,0.014539960619350407,,0.006961735575238104,,0.019997454543690653,,0.5311565038171552,,0.0210975863198745,,,0.08824561771360179,0.0066669421216061266,0.05297607675449739,0.013236706159722614,,,,,,,,,,,,,,,,,,,,,,,,,0.0033239472483138533,0.01602247098835738,0.008777894423387545,,,0.013333884243212307,0.18199324630023467,,,,,,,,0.03911461075767872,,,
2025-06-07,0.0050826210262519406,,,0.014188671756225284,,,,,,,,0.009419436016792584,,,,,,,,,,,,,,,,,,,,,,,,,0.007071907244001775,,,,,,,,,,,,,,,,,,0.006124923584248931,0.01938421876790616,,,,,,,,,0.014143814488003607,,0.007071907244001775,,0.020147419449957862,,0.5300688023368517,,0.020147419449957862,,,0.09010328973333039,0.006715806878425809,0.054188199651737955,0.013431613756851674,,,,,,,,,,,,,,,,,,,,,,,,,0.0033240940994940875,0.013431613756851674,0.0079876581827799,,,0.013431613756851674,0.1866168367365996,,,,,,,,0.0399999991059303,,,
2025-06-08,0.005116811538191114,,,0.014553013586139796,,,,,,,,0.00943641694543596,,,,,,,,,,,,,,,,,,,,,,,,,0.007045944214388235,,,,,,,,,,,,,,,,,,0.006205691593634599,0.01930167860284973,,,,,,,,,0.014001475649863614,,,,0.020170533273659284,,0.5217236467592773,,,,,0.09284086738313946,0.007528837735954122,0.05368530003553517,0.013251428545787243,,,,,,,,,,,,,,,,,,,,,,,,,0.0033242409506743214,0.013340774101209664,0.00819749435917893,,,0.013447022948462424,0.1937494757363484,,,,,,,,0.03976989364517584,,,
2025-06-09,0.005151002050130286,,,0.014917355416054306,,,,,,,,0.009453397874079337,,,,,,,,,,,,,,,,,,,,,,,,,0.007019981184774694,,,,,,,,,,,,,,,,,,0.006286459603020265,0.0192191384377933,,,,,,,,,0.013859136811723622,,,,0.020193647097360705,,0.5133784911817028,,,,,0.09557844503294852,0.008341868593482436,0.05318240041933239,0.013071243334722812,,,,,,,,,,,,,,,,,,,,,,,,,0.0033243878018545552,0.013249934445567652,0.008407330535577958,,,0.013462432140073177,0.20088211473609718,,,,,,,,0.03953978818442137,,,
2025-06-10,0.005185192562069459,,,0.015281697245968819,,,,,,,,0.009470378802722714,,,,,,,,,,,,,,,,,,,,,,,,,0.006994018155161153,,,,,,,,,,,,,,,,,,0.006367227612405932,0.01913659827273687,,,,,,,,,0.013716797973583628,,,,0.020216760921062126,,0.5050333356041283,,,,,0.09831602268275759,0.00915489945101075,0.05267950080312961,0.01289105812365838,,,,,,,,,,,,,,,,,,,,,,,,,0.0033245346530347895,0.013159094789925642,0.008617166711976987,,,0.013477841331683928,0.208014753735846,,,,,,,,0.03930968272366691,,,
2025-06-11,0.005219383074008632,,,0.015646039075883328,,,,,,,,0.00948735973136609,,,,,,,,,,,,,,,,,,,,,,,,,0.006968055125547613,,,,,,,,,,,,,,,,,,0.006447995621791599,0.01905405810768044,,,,,,,,,0.013574459135443636,,,,0.02023987474476355,,0.4966881800265539,,,,,0.10105360033256665,0.009967930308539064,0.052176601186926824,0.012710872912593948,,,,,,,,,,,,,,,,,,,,,,,,,0.0033246815042150234,0.013068255134283632,0.008827002888376016,,,0.013493250523294678,0.21514739273559477,,,,,,,,0.039079577262912446,,,
2025-06-12,0.005253573585947805,,,0.01601038090579784,,,,,,,,0.009504340660009467,,,,,,,,,,,,,,,,,,,,,,,,,0.006942092095934072,,,,,,,,,,,,,,,,,,0.006528763631177266,0.01897151794262401,,,,,,,,,0.013432120297303642,,,,0.020262988568464972,,0.4883430244489794,,,,,0.10379117798237572,0.010780961166067377,0.05167370157072404,0.012530687701529517,,,,,,,,,,,,,,,,,,,,,,,,,0.0033248283553952577,0.012977415478641622,0.009036839064775044,,,0.01350865971490543,0.22228003173534358,,,,,,,,0.038849471802157975,,,
2025-06-13,0.0052877640978869775,,,0.01637472273571235,,,,,,,,0.009521321588652844,,,,,,,,,,,,,,,,,,,,,,,,,0.0069161290663205316,,,,,,,,,,,,,,,,,,0.006609531640562933,0.018888977777567578,,,,,,,,,0.013289781459163649,,,,0.020286102392166393,,0.479997868871405,,,,,0.10652875563218478,0.01159399202359569,0.051170801954521256,0.012350502490465086,,,,,,,,,,,,,,,,,,,,,,,,,0.0033249752065754915,0.01288657582299961,0.009246675241174073,,,0.013524068906516182,0.22941267073509236,,,,,,,,0.03861936634140351,,,
2025-06-14,0.00532195460982615,,,0.016739064565626863,,,,,,,,0.00953830251729622,,,,,,,,,,,,,,,,,,,,,,,,,0.00689016603670699,,,,,,,,,,,,,,,,,,0.006690299649948599,0.018806437612511148,,,,,,,,,0.013147442621023657,,,,0.020309216215867815,,0.4716527132938305,,,,,0.10926633328199385,0.012407022881124004,0.05066790233831848,0.012170317279400655,,,,,,,,,,,,,,,,,,,,,,,,,0.0033251220577557258,0.0127957361673576,0.009456511417573102,,,0.013539478098126933,0.23654530973484117,,,,,,,,0.03838926088064905,,,
2025-06-15,0.005356145121765323,,,0.017103406395541376,,,,,,,,0.009555283445939597,,,,,,,,,,,,,,,,,,,,,,,,,0.00686420300709345,,,,,,,,,,,,,,,,,,0.006771067659334266,0.01872389744745472,,,,,,,,,0.013005103782883663,,,,0.020332330039569236,,0.4633075577162561,,,,,0.11200391093180291,0.013220053738652319,0.050165002722115694,0.011990132068336224,,,,,,,,,,,,,,,,,,,,,,,,,0.0033252689089359596,0.01270489651171559,0.009666347593972132,,,0.013554887289737683,0.24367794873458998,,,,,,,,0.038159155419894585,,,
2025-06-16,0.0053903356337044964,,,0.017467748225455885,,,,,,,,0.009572264374582974,,,,,,,,,,,,,,,,,,,,,,,,,0.00683823997747991,,,,,,,,,,,,,,,,,,0.006851835668719932,0.01864135728239829,,,,,,,,,0.012862764944743671,,,,0.020355443863270657,,0.4549624021386816,,,,,0.11474148858161198,0.01403308459618063,0.04966210310591291,0.011809946857271793,,,,,,,,,,,,,,,,,,,,,,,,,0.003325415760116194,0.012614056856073579,0.009876183770371161,,,0.013570296481348436,0.2508105877343388,,,,,,,,0.03792904995914012,,,
2025-06-17,0.005424526145643669,,,0.017832090055370398,,,,,,,,0.00958924530322635,,,,,,,,,,,,,,,,,,,,,,,,,0.006812276947866369,,,,,,,,,,,,,,,,,,0.006932603678105599,0.018558817117341857,,,,,,,,,0.012720426106603677,,,,0.02037855768697208,,0.44661724656110713,,,,,0.11747906623142104,0.014846115453708945,0.04915920348971013,0.011629761646207363,,,,,,,,,,,,,,,,,,,,,,,,,0.0033255626112964278,0.012523217200431569,0.01008601994677019,,,0.013585705672959187,0.25794322673408754,,,,,,,,0.03769894449838566,,,
2025-06-18,0.005458716657582842,,,0.018196431885284907,,,,,,,,0.009606226231869727,,,,,,,,,,,,,,,,,,,,,,,,,0.006786313918252828,,,,,,,,,,,,,,,,,,0.007013371687491266,0.018476276952285427,,,,,,,,,0.012578087268463684,,,,0.020401671510673503,,0.4382720909835327,,,,,0.12021664388123011,0.015659146311237257,0.04865630387350735,0.011449576435142932,,,,,,,,,,,,,,,,,,,,,,,,,0.0033257094624766616,0.012432377544789559,0.010295856123169219,,,0.013601114864569937,0.26507586573383635,,,,,,,,0.037468839037631194,,,
2025-06-19,0.0054929071695220145,,,0.01856077371519942,,,,,,,,0.009623207160513104,,,,,,,,,,,,,,,,,,,,,,,,,0.006760350888639287,,,,,,,,,,,,,,,,,,0.007094139696876932,0.018393736787228998,,,,,,,,,0.012435748430323692,,,,0.020424785334374924,,0.4299269354059582,,,,,0.12295422153103919,0.016472177168765572,0.04815340425730456,0.011269391224078499,,,,,,,,,,,,,,,,,,,,,,,,,0.003325856313656896,0.012341537889147547,0.010505692299568247,,,0.013616524056180688,0.27220850473358515,,,,,,,,0.03723873357687673,,,
2025-06-20,0.005527097681461188,,,0.01892511554511393,,,,,,,,0.00964018808915648,,,,,,,,,,,,,,,,,,,,,,,,,0.006734387859025747,,,,,,,,,,,,,,,,,,0.0071749077062626,0.01831119662217257,,,,,,,,,0.012293409592183698,,,,0.020447899158076346,,0.4215817798283838,,,,,0.12569179918084825,0.017285208026293887,0.04765050464110178,0.011089206013014068,,,,,,,,,,,,,,,,,,,,,,,,,0.0033260031648371297,0.012250698233505537,0.010715528475967276,,,0.01363193324779144,0.27934114373333396,,,,,,,,0.037008628116122266,,,
2025-06-21,0.00556128819340036,,,0.019289457375028442,,,,,,,,0.009657169017799857,,,,,,,,,,,,,,,,,,,,,,,,,0.006708424829412207,,,,,,,,,,,,,,,,,,0.007255675715648266,0.018228656457116136,,,,,,,,,0.012151070754043706,,,,0.020471012981777767,,0.4132366242508093,,,,,0.1284293768306573,0.0180982388838222,0.047147605024898995,0.010909020801949637,,,,,,,,,,,,,,,,,,,,,,,,,0.003326150016017364,0.012159858577863527,0.010925364652366305,,,0.013647342439402192,0.28647378273308277,,,,,,,,0.036778522655367796,,,
2025-06-22,0.005595478705339533,,,0.019653799204942955,,,,,,,,0.009674149946443234,,,,,,,,,,,,,,,,,,,,,,,,,0.0066824617997986654,,,,,,,,,,,,,,,,,,0.007336443725033933,0.018146116292059707,,,,,,,,,0.012008731915903712,,,,0.020494126805479188,,0.4048914686732349,,,,,0.1311669544804664,0.018911269741350514,0.04664470540869622,0.010728835590885206,,,,,,,,,,,,,,,,,,,,,,,,,0.003326296867197598,0.012069018922221517,0.011135200828765334,,,0.013662751631012942,0.2936064217328316,,,,,,,,0.03654841719461333,,,
2025-06-23,0.005629669217278706,,,0.020018141034857464,,,,,,,,0.00969113087508661,,,,,,,,,,,,,,,,,,,,,,,,,0.006656498770185125,,,,,,,,,,,,,,,,,,0.0074172117344196,0.018063576127003277,,,,,,,,,0.011866393077763718,,,,0.02051724062918061,,0.3965463130956604,,,,,0.13390453213027545,0.01972430059887883,0.04614180579249343,0.010548650379820775,,,,,,,,,,,,,,,,,,,,,,,,,0.003326443718377832,0.011978179266579505,0.011345037005164363,,,0.013678160822623695,0.30073906073258033,,,,,,,,0.03631831173385887,,,
2025-06-24,0.005663859729217879,,,0.020382482864771977,,,,,,,,0.009708111803729987,,,,,,,,,,,,,,,,,,,,,,,,,0.006630535740571585,,,,,,,,,,,,,,,,,,0.007497979743805267,0.017981035961946848,,,,,,,,,0.011724054239623726,,,,0.02054035445288203,,0.3882011575180859,,,,,0.1366421097800845,0.02053733145640714,0.04563890617629065,0.010368465168756343,,,,,,,,,,,,,,,,,,,,,,,,,0.003326590569558066,0.011887339610937495,0.011554873181563391,,,0.013693570014234446,0.30787169973232914,,,,,,,,0.036088206273104405,,,
2025-06-25,0.005698050241157052,,,0.02074682469468649,,,,,,,,0.009725092732373364,,,,,,,,,,,,,,,,,,,,,,,,,0.006604572710958044,,,,,,,,,,,,,,,,,,0.0075787477531909335,0.017898495796890415,,,,,,,,,0.011581715401483733,,,,0.020563468276583455,,0.3798560019405115,,,,,0.13937968742989357,0.021350362313935452,0.04513600656008787,0.010188279957691913,,,,,,,,,,,,,,,,,,,,,,,,,0.0033267374207383003,0.011796499955295485,0.011764709357962422,,,0.013708979205845196,0.31500433873207795,,,,,,,,0.03585810081234994,,,
2025-06-26,0.005732240753096225,,,0.021111166524601,,,,,,,,0.00974207366101674,,,,,,,,,,,,,,,,,,,,,,,,,0.006578609681344503,,,,,,,,,,,,,,,,,,0.0076595157625765995,0.017815955631833986,,,,,,,,,0.01143937656334374,,,,0.020586582100284877,,0.3715108463629371,,,,,0.14211726507970263,0.02216339317146377,0.04463310694388509,0.01000809474662748,,,,,,,,,,,,,,,,,,,,,,,,,0.003326884271918534,0.011705660299653475,0.01197454553436145,,,0.013724388397455947,0.3221369777318267,,,,,,,,0.03562799535159548,,,
2025-06-27,0.005766431265035397,,,0.02147550835451551,,,,,,,,0.009759054589660117,,,,,,,,,,,,,,,,,,,,,,,,,0.006552646651730963,,,,,,,,,,,,,,,,,,0.007740283771962267,0.017733415466777556,,,,,,,,,0.011297037725203747,,,,0.020609695923986298,,0.3631656907853626,,,,,0.1448548427295117,0.022976424028992082,0.0441302073276823,0.00982790953556305,,,,,,,,,,,,,,,,,,,,,,,,,0.0033270311230987684,0.011614820644011464,0.01218438171076048,,,0.0137397975890667,0.3292696167315755,,,,,,,,0.035397889890841014,,,
2025-06-28,0.00580062177697457,,,0.02183985018443002,,,,,,,,0.009776035518303495,,,,,,,,,,,,,,,,,,,,,,,,,0.006526683622117422,,,,,,,,,,,,,,,,,,0.007821051781347933,0.017650875301721127,,,,,,,,,0.011154698887063753,,,,0.02063280974768772,,0.3548205352077881,,,,,0.14759242037932077,0.023789454886520393,0.04362730771147952,0.009647724324498619,,,,,,,,,,,,,,,,,,,,,,,,,0.0033271779742790023,0.011523980988369454,0.012394217887159508,,,0.01375520678067745,0.3364022557313243,,,,,,,,0.03516778443008655,,,
2025-06-29,0.005834812288913744,,,0.022204192014344534,,,,,,,,0.00979301644694687,,,,,,,,,,,,,,,,,,,,,,,,,0.006500720592503882,,,,,,,,,,,,,,,,,,0.0079018197907336,0.017568335136664694,,,,,,,,,0.011012360048923761,,,,0.02065592357138914,,0.3464753796302137,,,,,0.15032999802912983,0.02460248574404871,0.043124408095276734,0.009467539113434188,,,,,,,,,,,,,,,,,,,,,,,,,0.003327324825459236,0.011433141332727444,0.012604054063558537,,,0.013770615972288201,0.3435348947310731,,,,,,,,0.03493767896933209,,,
2025-06-30,0.005869002800852916,,,0.022568533844259043,,,,,,,,0.009809997375590247,,,,,,,,,,,,,,,,,,,,,,,,,0.0064747575628903405,,,,,,,,,,,,,,,,,,0.007982587800119267,0.017485794971608265,,,,,,,,,0.010870021210783768,,,,0.020679037395090562,,0.3381302240526392,,,,,0.15306757567893892,0.025415516601577023,0.042621508479073957,0.009287353902369757,,,,,,,,,,,,,,,,,,,,,,,,,0.0033274716766394704,0.011342301677085432,0.012813890239957566,,,0.013786025163898954,0.35066753373082193,,,,,,,,0.03470757350857762,,,
2025-07-01,0.005903193312792088,,,0.022932875674173556,,,,,,,,0.009826978304233625,,,,,,,,,,,,,,,,,,,,,,,,,0.0064487945332768,,,,,,,,,,,,,,,,,,0.008063355809504933,0.017403254806551836,,,,,,,,,0.010727682372643776,,,,0.020702151218791983,,0.3297850684750647,,,,,0.15580515332874798,0.026228547459105335,0.04211860886287117,0.009107168691305324,,,,,,,,,,,,,,,,,,,,,,,,,0.0033276185278197042,0.011251462021443422,0.013023726416356594,,,0.013801434355509705,0.35780017273057074,,,,,,,,0.03447746804782316,,,
2025-07-02,0.005937383824731262,,,0.02329721750408807,,,,,,,,0.009843959232877,,,,,,,,,,,,,,,,,,,,,,,,,0.00642283150366326,,,,,,,,,,,,,,,,,,0.0081441238188906,0.017320714641495406,,,,,,,,,0.010585343534503782,,,,0.020725265042493408,,0.3214399128974903,,,,,0.15854273097855703,0.02704157831663365,0.04161570924666839,0.008926983480240895,,,,,,,,,,,,,,,,,,,,,,,,,0.0033277653789999385,0.011160622365801412,0.013233562592755623,,,0.013816843547120455,0.36493281173031955,,,,,,,,0.03424736258706869,,,
2025-07-03,0.005971574336670435,,,0.023661559334002578,,,,,,,,0.009860940161520377,,,,,,,,,,,,,,,,,,,,,,,,,0.006396868474049719,,,,,,,,,,,,,,,,,,0.008224891828276267,0.017238174476438974,,,,,,,,,0.010443004696363788,,,,0.02074837886619483,,0.3130947573199159,,,,,0.16128030862836612,0.02785460917416196,0.04111280963046561,0.008746798269176462,,,,,,,,,,,,,,,,,,,,,,,,,0.0033279122301801724,0.0110697827101594,0.013443398769154652,,,0.013832252738731206,0.3720654507300683,,,,,,,,0.034017257126314225,,,
2025-07-04,0.006005764848609607,,,0.02402590116391709,,,,,,,,0.009877921090163755,,,,,,,,,,,,,,,,,,,,,,,,,0.0063709054444361785,,,,,,,,,,,,,,,,,,0.008305659837661935,0.017155634311382544,,,,,,,,,0.010300665858223796,,,,0.02077149268989625,,0.3047496017423414,,,,,0.16401788627817515,0.028667640031690277,0.040609910014262826,0.008566613058112032,,,,,,,,,,,,,,,,,,,,,,,,,0.0033280590813604067,0.01097894305451739,0.01365323494555368,,,0.013847661930341959,0.3791980897298171,,,,,,,,0.03378715166555976,,,
2025-07-05,0.0060399553605487806,,,0.0243902429938316,,,,,,,,0.00989490201880713,,,,,,,,,,,,,,,,,,,,,,,,,0.006344942414822637,,,,,,,,,,,,,,,,,,0.0083864278470476,0.017073094146326115,,,,,,,,,0.010158327020083804,,,,0.02079460651359767,,0.2964044461647669,,,,,0.16675546392798424,0.02948067088921859,0.04010701039806004,0.0083864278470476,0.0136520589003339,,,,,,,,,,,,,,,,,,,,,,,,0.0033282059325406405,0.01088810339887538,0.01386307112195271,,,0.01386307112195271,0.3863307287295659,,,,0.00688939499668772,,,,0.0335570462048053,,,
2025-07-06,0.006074145872487953,,,0.02372704852862256,,,,,,,,0.009911882947450507,,,,,,,,,,,,,,,,,,,,,,,,,0.006318979385209097,,,,,,,,,,,,,,,,,,,0.016990553981269682,,,,,,,,,0.01001598818194381,,,,0.020259827636968413,,0.2893259799615903,,,,,0.16360988473475335,0.029021498506023893,0.03974054566381931,0.008294798208509417,0.013369306304541907,,,,,,,,,,,,,,,,,,,,,,,,0.003328352783720875,0.010797263743233369,,,,0.015238932140365008,0.3987590413363207,,,,0.007038599180356949,,,,0.033183853025548084,,,
2025-07-07,0.006108336384427126,,,0.023063854063413516,,,,,,,,0.009928863876093883,,,,,,,,,,,,,,,,,,,,,,,,,0.006293016355595557,,,,,,,,,,,,,,,,,,,0.016908013816213253,,,,,,,,,0.009873649343803817,,,,0.019725048760339155,,0.28224751375841367,,,,,0.16046430554152244,0.02856232612282919,0.039374080929578566,0.008203168569971232,0.013086553708749914,,,,,,,,,,,,,,,,,,,,,,,,0.0033284996349011086,0.010706424087591359,,,,0.016614793158777307,0.41118735394307543,,,,0.0071878033640261785,,,,0.03281065984629087,,,
2025-07-08,0.0061425268963662995,,,0.022400659598204475,,,,,,,,0.00994584480473726,,,,,,,,,,,,,,,,,,,,,,,,,0.0062670533259820155,,,,,,,,,,,,,,,,,,,0.016825473651156823,,,,,,,,,0.009731310505663823,,,,0.019190269883709896,,0.2751690475552371,,,,,0.15731872634829155,0.02810315373963449,0.03900761619533783,0.008111538931433048,0.012803801112957923,,,,,,,,,,,,,,,,,,,,,,,,0.003328646486081343,0.010615584431949349,,,,0.017990654177189605,0.4236156665498302,,,,0.0073370075476954085,,,,0.032437466667033656,,,
2025-07-09,0.006176717408305472,,,0.021737465132995435,,,,,,,,0.009962825733380637,,,,,,,,,,,,,,,,,,,,,,,,,0.006241090296368475,,,,,,,,,,,,,,,,,,,0.016742933486100394,,,,,,,,,0.009588971667523831,,,,0.018655491007080638,,0.26809058135206043,,,,,0.15417314715506064,0.02764398135643979,0.03864115146109709,0.008019909292894863,0.01252104851716593,,,,,,,,,,,,,,,,,,,,,,,,0.0033287933372615768,0.010524744776307339,,,,0.019366515195601907,0.43604397915658494,,,,0.007486211731364638,,,,0.03206427348777644,,,
2025-07-10,0.006210907920244644,,,0.021074270667786395,,,,,,,,0.009979806662024013,,,,,,,,,,,,,,,,,,,,,,,,,0.006215127266754935,,,,,,,,,,,,,,,,,,,0.016660393321043965,,,,,,,,,0.00944663282938384,,,,0.018120712130451383,,0.26101211514888384,,,,,0.15102756796182976,0.02718480897324509,0.038274686726856355,0.00792827965435668,0.012238295921373937,,,,,,,,,,,,,,,,,,,,,,,,0.0033289401884418106,0.010433905120665329,,,,0.020742376214014206,0.4484722917633397,,,,0.007635415915033867,,,,0.03169108030851923,,,
2025-07-11,0.0062450984321838175,,,0.02041107620257735,,,,,,,,0.00999678759066739,,,,,,,,,,,,,,,,,,,,,,,,,0.006189164237141394,,,,,,,,,,,,,,,,,,,0.016577853155987532,,,,,,,,,0.009304293991243846,,,,0.01758593325382212,,0.25393364894570725,,,,,0.14788198876859884,0.026725636590050388,0.037908221992615614,0.007836650015818496,0.011955543325581946,,,,,,,,,,,,,,,,,,,,,,,,0.003329087039622045,0.010343065465023317,,,,0.022118237232426504,0.46090060437009445,,,,0.007784620098703096,,,,0.03131788712926201,,,
2025-07-12,0.006279288944122991,,,0.01974788173736831,,,,,,,,0.010013768519310767,,,,,,,,,,,,,,,,,,,,,,,,,0.0061632012075278535,,,,,,,,,,,,,,,,,,,0.016495312990931103,,,,,,,,,0.009161955153103852,,,,0.017051154377192866,,0.2468551827425306,,,,,0.14473640957536796,0.02626646420685569,0.03754175725837488,0.007745020377280311,0.011672790729789953,,,,,,,,,,,,,,,,,,,,,,,,0.0033292338908022787,0.010252225809381307,,,,0.023494098250838806,0.4733289169768492,,,,0.007933824282372326,,,,0.0309446939500048,,,
2025-07-13,0.006313479456062163,,,0.01908468727215927,,,,,,,,0.010030749447954143,,,,,,,,,,,,,,,,,,,,,,,,,0.006137238177914313,,,,,,,,,,,,,,,,,,,0.016412772825874673,,,,,,,,,0.009019616314963858,,,,0.016516375500563608,,0.239776716539354,,,,,0.14159083038213705,0.025807291823660986,0.03717529252413414,0.007653390738742128,0.01139003813399796,,,,,,,,,,,,,,,,,,,,,,,,0.003329380741982513,0.010161386153739297,,,,0.024869959269251105,0.48575722958360396,,,,0.008083028466041555,,,,0.030571500770747585,,,
2025-07-14,0.006347669968001336,,,0.018421492806950227,,,,,,,,0.01004773037659752,,,,,,,,,,,,,,,,,,,,,,,,,0.006111275148300772,,,,,,,,,,,,,,,,,,,0.01633023266081824,,,,,,,,,0.008877277476823866,,,,0.01598159662393435,,0.2326982503361774,,,,,0.13844525118890616,0.025348119440466287,0.0368088277898934,0.007561761100203943,0.011107285538205967,,,,,,,,,,,,,,,,,,,,,,,,0.003329527593162747,0.010070546498097285,,,,0.026245820287663403,0.4981855421903587,,,,0.008232232649710784,,,,0.03019830759149037,,,
2025-07-15,0.006381860479940509,,,0.017758298341741186,,,,,,,,0.010064711305240897,,,,,,,,,,,,,,,,,,,,,,,,,0.006085312118687232,,,,,,,,,,,,,,,,,,,0.01624769249576181,,,,,,,,,0.008734938638683874,,,,0.015446817747305091,,0.22561978413300077,,,,,0.13529967199567527,0.024888947057271585,0.03644236305565267,0.007470131461665759,0.010824532942413975,,,,,,,,,,,,,,,,,,,,,,,,0.003329674444342981,0.009979706842455275,,,,0.0276216813060757,0.5106138547971135,,,,0.008381436833380013,,,,0.029825114412233157,,,
2025-07-16,0.006416050991879682,,,0.017095103876532146,,,,,,,,0.010081692233884273,,,,,,,,,,,,,,,,,,,,,,,,,0.0060593490890736915,,,,,,,,,,,,,,,,,,,0.016165152330705382,,,,,,,,,0.00859259980054388,,,,0.014912038870675833,,0.21854131792982417,,,,,0.13215409280244436,0.024429774674076886,0.03607589832141193,0.007378501823127576,0.010541780346621983,,,,,,,,,,,,,,,,,,,,,,,,0.003329821295523215,0.009888867186813265,,,,0.028997542324488,0.5230421674038682,,,,0.008530641017049242,,,,0.029451921232975943,,,
2025-07-17,0.0064502415038188545,,,0.016431909411323102,,,,,,,,0.01009867316252765,,,,,,,,,,,,,,,,,,,,,,,,,0.00603338605946015,,,,,,,,,,,,,,,,,,,0.016082612165648952,,,,,,,,,0.008450260962403887,,,,0.014377259994046574,,0.21146285172664753,,,,,0.12900851360921345,0.023970602290882187,0.03570943358717119,0.0072868721845893904,0.01025902775082999,,,,,,,,,,,,,,,,,,,,,,,,0.0033299681467034493,0.009798027531171254,,,,0.0303734033429003,0.535470480010623,,,,0.008679845200718472,,,,0.02907872805371873,,,
2025-07-18,0.006484432015758027,,,0.015768714946114065,,,,,,,,0.010115654091171027,,,,,,,,,,,,,,,,,,,,,,,,,0.006007423029846609,,,,,,,,,,,,,,,,,,,0.01600007200059252,,,,,,,,,0.008307922124263893,,,,0.013842481117417316,,0.20438438552347094,,,,,0.12586293441598256,0.023511429907687485,0.03534296885293045,0.007195242546051207,0.009976275155037998,,,,,,,,,,,,,,,,,,,,,,,,0.003330114997883683,0.009707187875529244,,,,0.0317492643613126,0.5478987926173777,,,,0.0088290493843877,,,,0.028705534874461515,,,
2025-07-19,0.0065186225276972,,,0.015105520480905021,,,,,,,,0.010132635019814403,,,,,,,,,,,,,,,,,,,,,,,,,0.005981460000233069,,,,,,,,,,,,,,,,,,,0.01591753183553609,,,,,,,,,0.008165583286123901,,,,0.013307702240788057,,0.19730591932029432,,,,,0.12271735522275168,0.023052257524492782,0.034976504118689716,0.007103612907513023,0.009693522559246007,,,,,,,,,,,,,,,,,,,,,,,,0.003330261849063917,0.009616348219887234,,,,0.033125125379724896,0.5603271052241325,,,,0.00897825356805693,,,,0.028332341695204297,,,
2025-07-20,0.006552813039636373,,,0.014442326015695981,,,,,,,,0.01014961594845778,,,,,,,,,,,,,,,,,,,,,,,,,0.0059554969706195286,,,,,,,,,,,,,,,,,,,0.01583499167047966,,,,,,,,,0.00802324444798391,,,,0.0127729233641588,,0.1902274531171177,,,,,0.11957177602952077,0.022593085141298083,0.03461003938444898,0.007011983268974838,0.009410769963454014,,,,,,,,,,,,,,,,,,,,,,,,0.0033304087002441513,0.009525508564245222,,,,0.0345009863981372,0.5727554178308872,,,,0.009127457751726159,,,,0.027959148515947083,,,
2025-07-21,0.006587003551575546,,,0.013779131550486939,,,,,,,,0.010166596877101157,,,,,,,,,,,,,,,,,,,,,,,,,0.005929533941005987,,,,,,,,,,,,,,,,,,,0.01575245150542323,,,,,,,,,0.007880905609843915,,,,0.012238144487529542,,0.1831489869139411,,,,,0.11642619683628988,0.022133912758103384,0.03424357465020824,0.006920353630436655,0.009128017367662021,,,,,,,,,,,,,,,,,,,,,,,,0.003330555551424385,0.009434668908603214,,,,0.03587684741654949,0.585183730437642,,,,0.009276661935395388,,,,0.02758595533668987,,,
2025-07-22,0.006621194063514719,,,0.013115937085277897,,,,,,,,0.010183577805744533,,,,,,,,,,,,,,,,,,,,,,,,,0.005903570911392447,,,,,,,,,,,,,,,,,,,0.0156699113403668,,,,,,,,,0.007738566771703923,,,,0.011703365610900284,,0.17607052071076446,,,,,0.11328061764305897,0.021674740374908682,0.0338771099159675,0.0068287239918984706,0.008845264771870028,,,,,,,,,,,,,,,,,,,,,,,,0.0033307024026046194,0.009343829252961202,,,,0.0372527084349618,0.5976120430443967,,,,0.009425866119064617,,,,0.027212762157432655,,,
2025-07-23,0.0066553845754538914,,,0.012452742620068857,,,,,,,,0.01020055873438791,,,,,,,,,,,,,,,,,,,,,,,,,0.005877607881778907,,,,,,,,,,,,,,,,,,,0.01558737117531037,,,,,,,,,0.007596227933563929,,,,0.011168586734271025,,0.16899205450758786,,,,,0.11013503844982808,0.02121556799171398,0.033510645181726764,0.006737094353360286,0.008562512176078035,,,,,,,,,,,,,,,,,,,,,,,,0.0033308492537848533,0.00925298959731919,,,,0.03862856945337409,0.6100403556511516,,,,0.009575070302733848,,,,0.02683956897817544,,,
2025-07-24,0.006689575087393065,,,0.011789548154859815,,,,,,,,0.010217539663031287,,,,,,,,,,,,,,,,,,,,,,,,,0.005851644852165366,,,,,,,,,,,,,,,,,,,0.01550483101025394,,,,,,,,,0.007453889095423936,,,,0.010633807857641769,,0.16191358830441124,,,,,0.10698945925659718,0.02075639560851928,0.03314418044748603,0.006645464714822102,0.008279759580286044,,,,,,,,,,,,,,,,,,,,,,,,0.0033309961049650875,0.009162149941677182,,,,0.040004430471786395,0.6224686682579063,,,,0.009724274486403077,,,,0.026466375798918227,,,
2025-07-25,0.006723765599332238,,,0.011126353689650774,,,,,,,,0.010234520591674663,,,,,,,,,,,,,,,,,,,,,,,,,0.005825681822551825,,,,,,,,,,,,,,,,,,,0.01542229084519751,,,,,,,,,0.007311550257283943,,,,0.01009902898101251,,0.15483512210123462,,,,,0.10384388006336628,0.02029722322532458,0.03277771571324529,0.006553835076283918,0.007997006984494051,,,,,,,,,,,,,,,,,,,,,,,,0.0033311429561453214,0.00907131028603517,,,,0.041380291490198694,0.6348969808646611,,,,0.009873478670072306,,,,0.026093182619661013,,,
2025-07-26,0.00675795611127141,,,0.010463159224441732,,,,,,,,0.01025150152031804,,,,,,,,,,,,,,,,,,,,,,,,,0.005799718792938285,,,,,,,,,,,,,,,,,,,0.015339750680141078,,,,,,,,,0.0071692114191439504,,,,0.009564250104383252,,0.14775665589805803,,,,,0.10069830087013538,0.01983805084212988,0.032411250979004554,0.006462205437745734,0.007714254388702059,,,,,,,,,,,,,,,,,,,,,,,,0.0033312898073255557,0.00898047063039316,,,,0.04275615250861099,0.6473252934714158,,,,0.010022682853741536,,,,0.0257199894404038,,,
2025-07-27,0.006792146623210583,,,0.009799964759232692,,,,,,,,0.010268482448961417,,,,,,,,,,,,,,,,,,,,,,,,,0.005773755763324744,,,,,,,,,,,,,,,,,,,0.015257210515084649,,,,,,,,,0.007026872581003958,,,,0.009029471227753993,,0.1406781896948814,,,,,0.09755272167690449,0.019378878458935177,0.03204478624476381,0.00637057579920755,0.007431501792910067,,,,,,,,,,,,,,,,,,,,,,,,0.0033314366585057895,0.00888963097475115,,,,0.04413201352702329,0.6597536060781706,,,,0.010171887037410765,,,,0.025346796261146585,,,
2025-07-28,0.006826337135149756,,,0.00913677029402365,,,,,,,,0.010285463377604793,,,,,,,,,,,,,,,,,,,,,,,,,0.005747792733711204,,,,,,,,,,,,,,,,,,,0.01517467035002822,,,,,,,,,0.006884533742863964,,,,0.008494692351124735,,0.1335997234917048,,,,,0.09440714248367359,0.018919706075740478,0.03167832151052308,0.0062789461606693655,0.007148749197118075,,,,,,,,,,,,,,,,,,,,,,,,0.003331583509686024,0.008798791319109139,,,,0.04550787454543559,0.6721819186849254,,,,0.010321091221079994,,,,0.02497360308188937,,,
2025-07-29,0.006860527647088929,,,0.008473575828814608,,,,,,,,0.01030244430624817,,,,,,,,,,,,,,,,,,,,,,,,,0.005721829704097663,,,,,,,,,,,,,,,,,,,0.015092130184971788,,,,,,,,,0.006742194904723971,,,,0.007959913474495477,,0.12652125728852817,,,,,0.09126156329044269,0.01846053369254578,0.03131185677628234,0.006187316522131181,0.006865996601326082,,,,,,,,,,,,,,,,,,,,,,,,0.0033317303608662576,0.008707951663467129,,,,0.04688373556384789,0.6846102312916801,,,,0.010470295404749223,,,,0.024600409902632157,,,
2025-07-30,0.006894718159028102,,,0.0078103813636055675,,,,,,,,0.010319425234891547,,,,,,,,,,,,,,,,,,,,,,,,,0.005695866674484122,,,,,,,,,,,,,,,,,,,0.015009590019915357,,,,,,,,,0.006599856066583978,,,,0.00742513459786622,,0.11944279108535155,,,,,0.08811598409721179,0.01800136130935108,0.0309453920420416,0.006095686883592997,0.006583244005534089,,,,,,,,,,,,,,,,,,,,,,,,0.0033318772120464915,0.008617112007825119,,,,0.048259596582260186,0.6970385438984348,,,,0.010619499588418452,,,,0.024227216723374943,,,
2025-07-31,0.006928908670967274,,,0.007147186898396527,,,,,,,,0.010336406163534923,,,,,,,,,,,,,,,,,,,,,,,,,0.005669903644870582,,,,,,,,,,,,,,,,,,,0.014927049854858928,,,,,,,,,0.006457517228443985,,,,0.0068903557212369616,,0.11236432488217496,,,,,0.08497040490398089,0.017542188926156378,0.030578927307800863,0.006004057245054813,0.006300491409742097,,,,,,,,,,,,,,,,,,,,,,,,0.0033320240632267258,0.008526272352183107,,,,0.049635457600672485,0.7094668565051896,,,,0.010768703772087683,,,,0.02385402354411773,,,
2025-08-01,0.006963099182906447,,,0.006483992433187483,,,,,,,,0.0103533870921783,,,,,,,,,,,,,,,,,,,,,,,,,0.0056439406152570416,,,,,,,,,,,,,,,,,,,0.014844509689802499,,,,,,,,,0.006315178390303992,,,,0.006355576844607703,,0.10528585867899834,,,,,0.08182482571075,0.017083016542961675,0.030212462573560125,0.005912427606516629,0.006017738813950105,,,,,,,,,,,,,,,,,,,,,,,,0.0033321709144069596,0.008435432696541097,,,,0.05101131861908479,0.7218951691119444,,,,0.010917907955756912,,,,0.02348083036486051,,,
2025-08-02,0.0069972896948456206,,,0.005820797967978445,,,,,,,,0.010370368020821677,,,,,,,,,,,,,,,,,,,,,,,,,0.0056179775856435,,,,,,,,,,,,,,,,,,,0.014761969524746068,,,,,,,,,0.006172839552164,,,,0.005820797967978445,,0.09820739247582173,,,,,0.0786792465175191,0.016623844159766976,0.02984599783931939,0.005820797967978445,0.005734986218158112,,,,,,,,,,,,,,,,,,,,,,,,0.003332317765587194,0.008344593040899087,,,,0.05238717963749709,0.7343234817186991,,,,0.011067112139426141,,,0.01157118761911982,0.023107637185603297,,,
2025-08-03,0.007031480206784793,,,0.005820171476656202,,,,,,,,0.010387348949465053,,,,,,,,,,,,,,,,,,,,,,,,,0.005631035243693177,,,,,,,,,,,,,,,,,,,0.014679429359689636,,,,,,,,,0.006266477783875729,,,,0.005769282860028225,,0.09611422983421519,,,,,0.07872036572049863,0.01620207719622755,0.02947953310507865,0.005775026081495731,0.005933917349986022,,,,,,,,,,,,,,,,,,,,,,,,0.0033324646167674278,0.008253753385257075,,,,0.05166022069419598,0.7357719279341883,,,,0.01121631632309537,,,0.011702389107085704,0.022734444006346083,,,
2025-08-04,0.007065670718723965,,,0.00581954498533396,,,,,,,,0.01040432987810843,,,,,,,,,,,,,,,,,,,,,,,,,0.005644092901742854,,,,,,,,,,,,,,,,,,,0.014596889194633207,,,,,,,,,0.006360116015587459,,,,0.005717767752078006,,0.09402106719260864,,,,,0.07876148492347815,0.015780310232688124,0.029113068370837915,0.005729254195013018,0.006132848481813933,,,,,,,,,,,,,,,,,,,,,,,,0.003332611467947662,0.008162913729615065,,,,0.05093326175089487,0.7372203741496776,,,,0.0113655205067646,,,0.011833590595051588,0.02236125082708887,,,
2025-08-05,0.007099861230663139,,,0.005818918494011717,,,,,,,,0.010421310806751807,,,,,,,,,,,,,,,,,,,,,,,,,0.005657150559792531,,,,,,,,,,,,,,,,,,,0.014514349029576778,,,,,,,,,0.00645375424729919,,,,0.005666252644127788,,0.09192790455100208,,,,,0.07880260412645768,0.015358543269148695,0.028746603636597177,0.005683482308530305,0.006331779613641843,,,,,,,,,,,,,,,,,,,,,,,,0.003332758319127896,0.008072074073973055,,,,0.05020630280759376,0.7386688203651667,,,,0.011514724690433829,,,0.01196479208301747,0.021988057647831655,,,
2025-08-06,0.007134051742602312,,,0.005818292002689475,,,,,,,,0.010438291735395183,,,,,,,,,,,,,,,,,,,,,,,,,0.005670208217842207,,,,,,,,,,,,,,,,,,,0.014431808864520347,,,,,,,,,0.0065473924790109194,,,,0.005614737536177568,,0.08983474190939554,,,,,0.07884372332943719,0.01493677630560927,0.02838013890235644,0.005637710422047592,0.006530710745469753,,,,,,,,,,,,,,,,,,,,,,,,0.00333290517030813,0.007981234418331044,,,,0.049479343864292646,0.7401172665806559,,,,0.011663928874103058,,,0.012095993570983354,0.02161486446857444,,,
2025-08-07,0.007168242254541485,,,0.005817665511367232,,,,,,,,0.01045527266403856,,,,,,,,,,,,,,,,,,,,,,,,,0.005683265875891884,,,,,,,,,,,,,,,,,,,0.014349268699463916,,,,,,,,,0.006641030710722649,,,,0.005563222428227349,,0.087741579267789,,,,,0.07888484253241672,0.014515009342069844,0.0280136741681157,0.005591938535564878,0.006729641877297664,,,,,,,,,,,,,,,,,,,,,,,,0.003333052021488364,0.007890394762689035,,,,0.04875238492099153,0.7415657127961451,,,,0.011813133057772287,,,0.012227195058949238,0.021241671289317227,,,
2025-08-08,0.0072024327664806575,,,0.0058170390200449895,,,,,,,,0.010472253592681937,,,,,,,,,,,,,,,,,,,,,,,,,0.005696323533941561,,,,,,,,,,,,,,,,,,,0.014266728534407486,,,,,,,,,0.006734668942434379,,,,0.005511707320277131,,0.08564841662618244,,,,,0.07892596173539623,0.014093242378530416,0.027647209433874963,0.005546166649082165,0.006928573009125574,,,,,,,,,,,,,,,,,,,,,,,,0.003333198872668598,0.007799555107047024,,,,0.048025425977690425,0.7430141590116344,,,,0.011962337241441516,,,0.012358396546915121,0.020868478110060013,,,
2025-08-09,0.00723662327841983,,,0.005816412528722747,,,,,,,,0.010489234521325313,,,,,,,,,,,,,,,,,,,,,,,,,0.005709381191991238,,,,,,,,,,,,,,,,,,,0.014184188369351057,,,,,,,,,0.0068283071741461095,,,,0.005460192212326911,,0.08355525398457589,,,,,0.07896708093837576,0.013671475414990988,0.027280744699634228,0.005500394762599452,0.007127504140953485,,,,,,,,,,,,,,,,,,,,,,,,0.003333345723848832,0.007708715451405014,,,,0.04729846703438931,0.7444626052271236,,,,0.012111541425110745,,,0.012489598034881005,0.0204952849308028,,,
2025-08-10,0.007270813790359003,,,0.0058157860374005044,,,,,,,,0.01050621544996869,,,,,,,,,,,,,,,,,,,,,,,,,0.005722438850040915,,,,,,,,,,,,,,,,,,,0.014101648204294626,,,,,,,,,0.006921945405857839,,,,0.005408677104376692,,0.08146209134296935,,,,,0.07900820014135528,0.013249708451451563,0.026914279965393487,0.005454622876116738,0.007326435272781395,,,,,,,,,,,,,,,,,,,,,,,,0.003333492575029066,0.007617875795763003,,,,0.0465715080910882,0.7459110514426128,,,,0.012260745608779974,,,0.01262079952284689,0.020122091751545584,,,
2025-08-11,0.007305004302298176,,,0.005815159546078262,,,,,,,,0.010523196378612067,,,,,,,,,,,,,,,,,,,,,,,,,0.005735496508090592,,,,,,,,,,,,,,,,,,,0.014019108039238195,,,,,,,,,0.007015583637569569,,,,0.005357161996426473,,0.0793689287013628,,,,,0.0790493193443348,0.012827941487912137,0.026547815231152752,0.005408850989634025,0.007525366404609305,,,,,,,,,,,,,,,,,,,,,,,,0.0033336394262093003,0.007527036140120992,,,,0.045844549147787086,0.747359497658102,,,,0.012409949792449203,,,0.012752001010812773,0.01974889857228837,,,
2025-08-12,0.007339194814237349,,,0.005814533054756019,,,,,,,,0.010540177307255443,,,,,,,,,,,,,,,,,,,,,,,,,0.0057485541661402685,,,,,,,,,,,,,,,,,,,0.013936567874181766,,,,,,,,,0.007109221869281299,,,,0.005305646888476253,,0.07727576605975625,,,,,0.07909043854731432,0.01240617452437271,0.026181350496912014,0.005363079103151312,0.007724297536437216,,,,,,,,,,,,,,,,,,,,,,,,0.003333786277389534,0.007436196484478982,,,,0.045117590204485976,0.7488079438735912,,,,0.012559153976118433,,,0.012883202498778655,0.019375705393031156,,,
2025-08-13,0.007373385326176521,,,0.005813906563433777,,,,,,,,0.01055715823589882,,,,,,,,,,,,,,,,,,,,,,,,,0.005761611824189945,,,,,,,,,,,,,,,,,,,0.013854027709125336,,,,,,,,,0.007202860100993028,,,,0.005254131780526035,,0.0751826034181497,,,,,0.07913155775029385,0.011984407560833282,0.025814885762671276,0.005317307216668598,0.007923228668265125,,,,,,,,,,,,,,,,,,,,,,,,0.0033339331285697684,0.007345356828836971,,,,0.044390631261184865,0.7502563900890804,,,,0.012708358159787662,,,0.01301440398674454,0.019002512213773942,,,
2025-08-14,0.0074075758381156945,,,0.005813280072111534,,,,,,,,0.010574139164542196,,,,,,,,,,,,,,,,,,,,,,,,,0.005774669482239622,,,,,,,,,,,,,,,,,,,0.013771487544068905,,,,,,,,,0.007296498332704758,,,,0.0052026166725758155,,0.07308944077654315,,,,,0.07917267695327336,0.011562640597293856,0.025448421028430538,0.005271535330185885,0.008122159800093036,,,,,,,,,,,,,,,,,,,,,,,,0.0033340799797500023,0.007254517173194961,,,,0.043663672317883755,0.7517048363045696,,,,0.012857562343456893,,,0.013145605474710423,0.018629319034516728,,,
2025-08-15,0.007441766350054868,,,0.005812653580789291,,,,,,,,0.010591120093185573,,,,,,,,,,,,,,,,,,,,,,,,,0.005787727140289299,,,,,,,,,,,,,,,,,,,0.013688947379012474,,,,,,,,,0.007390136564416489,,,,0.005151101564625596,,0.07099627813493661,,,,,0.07921379615625289,0.01114087363375443,0.0250819562941898,0.005225763443703172,0.008321090931920946,,,,,,,,,,,,,,,,,,,,,,,,0.0033342268309302365,0.00716367751755295,,,,0.042936713374582644,0.7531532825200589,,,,0.013006766527126122,,,0.013276806962676307,0.018256125855259514,,,
2025-08-16,0.00747595686199404,,,0.005812027089467048,,,,,,,,0.01060810102182895,,,,,,,,,,,,,,,,,,,,,,,,,0.0058007847983389755,,,,,,,,,,,,,,,,,,,0.013606407213956045,,,,,,,,,0.007483774796128218,,,,0.005099586456675378,,0.06890311549333006,,,,,0.0792549153592324,0.010719106670215002,0.024715491559949062,0.005179991557220458,0.008520022063748856,,,,,,,,,,,,,,,,,,,,,,,,0.0033343736821104704,0.00707283786191094,,,,0.04220975443128153,0.754601728735548,,,,0.01315597071079535,,,0.013408008450642191,0.0178829326760023,,,
2025-08-17,0.0075101473739332125,,,0.005811400598144806,,,,,,,,0.010625081950472326,,,,,,,,,,,,,,,,,,,,,,,,,0.005813842456388652,,,,,,,,,,,,,,,,,,,0.013523867048899615,,,,,,,,,0.007577413027839948,,,,0.0050480713487251585,,0.0668099528517235,,,,,0.07929603456221193,0.010297339706675575,0.024349026825708324,0.0051342196707377455,0.008718953195576766,,,,,,,,,,,,,,,,,,,,,,,,0.0033345205332907047,0.0069819982062689296,,,,0.04148279548798042,0.7560501749510372,,,,0.01330517489446458,,,0.013539209938608073,0.017509739496745086,,,
2025-08-18,0.007544337885872386,,,0.005810774106822563,,,,,,,,0.010642062879115703,,,,,,,,,,,,,,,,,,,,,,,,,0.005826900114438329,,,,,,,,,,,,,,,,,,,0.013441326883843184,,,,,,,,,0.007671051259551679,,,,0.004996556240774939,,0.06471679021011696,,,,,0.07933715376519146,0.009875572743136149,0.02398256209146759,0.005088447784255032,0.008917884327404677,,,,,,,,,,,,,,,,,,,,,,,,0.0033346673844709385,0.006891158550626919,,,,0.040755836544679305,0.7574986211665264,,,,0.01345437907813381,,,0.013670411426573957,0.017136546317487872,,,
2025-08-19,0.007578528397811559,,,0.005810147615500321,,,,,,,,0.01065904380775908,,,,,,,,,,,,,,,,,,,,,,,,,0.005839957772488006,,,,,,,,,,,,,,,,,,,0.013358786718786753,,,,,,,,,0.007764689491263408,,,,0.00494504113282472,,0.06262362756851042,,,,,0.07937827296817097,0.009453805779596723,0.02361609735722685,0.005042675897772318,0.009116815459232586,,,,,,,,,,,,,,,,,,,,,,,,0.0033348142356511724,0.006800318894984909,,,,0.0400288776013782,0.7589470673820157,,,,0.013603583261803038,,,0.013801612914539841,0.016763353138230658,,,
2025-08-20,0.0076127189097507314,,,0.005809521124178078,,,,,,,,0.010676024736402456,,,,,,,,,,,,,,,,,,,,,,,,,0.005853015430537682,,,,,,,,,,,,,,,,,,,0.013276246553730324,,,,,,,,,0.007858327722975138,,,,0.0048935260248745005,,0.060530464926903865,,,,,0.0794193921711505,0.009032038816057296,0.023249632622986113,0.0049969040112896055,0.009315746591060497,,,,,,,,,,,,,,,,,,,,,,,,0.0033349610868314067,0.006709479239342898,,,,0.039301918658077084,0.7603955135975049,,,,0.01375278744547227,,,0.013932814402505725,0.016390159958973444,,,
2025-08-21,0.007646909421689904,,,0.005808894632855836,,,,,,,,0.010693005665045833,,,,,,,,,,,,,,,,,,,,,,,,,0.005866073088587359,,,,,,,,,,,,,,,,,,,0.013193706388673895,,,,,,,,,0.007951965954686868,,,,0.004842010916924282,,0.05843730228529732,,,,,0.07946051137413002,0.008610271852517868,0.022883167888745375,0.004951132124806892,0.009514677722888408,,,,,,,,,,,,,,,,,,,,,,,,0.0033351079380116405,0.006618639583700888,,,,0.03857495971477597,0.7618439598129941,,,,0.013901991629141498,,,0.014064015890471609,0.01601696677971623,,,
2025-08-22,0.007681099933629077,,,0.005808268141533593,,,,,,,,0.01070998659368921,,,,,,,,,,,,,,,,,,,,,,,,,0.005879130746637036,,,,,,,,,,,,,,,,,,,0.013111166223617464,,,,,,,,,0.008045604186398598,,,,0.004790495808974063,,0.05634413964369077,,,,,0.07950163057710954,0.008188504888978442,0.022516703154504637,0.004905360238324179,0.009713608854716317,,,,,,,,,,,,,,,,,,,,,,,,0.0033352547891918748,0.006527799928058877,,,,0.03784800077147486,0.7632924060284833,,,,0.014051195812810727,,,0.014195217378437493,0.015643773600459016,,,
2025-08-23,0.00771529044556825,,,0.005807641650211351,,,,,,,,0.010726967522332586,,,,,,,,,,,,,,,,,,,,,,,,,0.0058921884046867126,,,,,,,,,,,,,,,,,,,0.013028626058561033,,,,,,,,,0.008139242418110327,,,,0.004738980701023843,,0.05425097700208422,,,,,0.07954274978008906,0.007766737925439016,0.0221502384202639,0.0048595883518414654,0.009912539986544228,,,,,,,,,,,,,,,,,,,,,,,,0.0033354016403721086,0.006436960272416866,,,,0.03712104182817375,0.7647408522439725,,,,0.014200399996479957,,,0.014326418866403377,0.015270580421201801,,,
2025-08-24,0.007749480957507424,,,0.005807015158889108,,,,,,,,0.010743948450975963,,,,,,,,,,,,,,,,,,,,,,,,,0.00590524606273639,,,,,,,,,,,,,,,,,,,0.012946085893504603,,,,,,,,,0.008232880649822059,,,,0.004687465593073625,,0.05215781436047767,,,,,0.07958386898306859,0.007344970961899589,0.02178377368602316,0.004813816465358752,0.010111471118372139,,,,,,,,,,,,,,,,,,,,,,,,0.003335548491552343,0.006346120616774856,,,,0.03639408288487264,0.7661892984594617,,,,0.014349604180149186,,,0.014457620354369259,0.014897387241944587,,,
2025-08-25,0.007783671469446596,,,0.0058063886675668655,,,,,,,,0.01076092937961934,,,,,,,,,,,,,,,,,,,,,,,,,0.005918303720786067,,,,,,,,,,,,,,,,,,,0.012863545728448174,,,,,,,,,0.008326518881533788,,,,0.004635950485123406,,0.050064651718871124,,,,,0.0796249881860481,0.006923203998360161,0.021417308951782423,0.004768044578876038,0.010310402250200048,,,,,,,,,,,,,,,,,,,,,,,,0.0033356953427325768,0.006255280961132845,,,,0.03566712394157153,0.7676377446749509,,,,0.014498808363818415,,,0.014588821842335143,0.014524194062687373,,,
2025-08-26,0.007817861981385768,,,0.005805762176244623,,,,,,,,0.010777910308262716,,,,,,,,,,,,,,,,,,,,,,,,,0.005931361378835744,,,,,,,,,,,,,,,,,,,0.012781005563391743,,,,,,,,,0.008420157113245518,,,,0.004584435377173186,,0.047971489077264576,,,,,0.07966610738902763,0.006501437034820735,0.021050844217541685,0.004722272692393325,0.010509333382027959,,,,,,,,,,,,,,,,,,,,,,,,0.003335842193912811,0.006164441305490835,,,,0.03494016499827042,0.7690861908904402,,,,0.014648012547487644,,,0.014720023330301027,0.01415100088343016,,,
2025-08-27,0.007852052493324942,,,0.00580513568492238,,,,,,,,0.010794891236906093,,,,,,,,,,,,,,,,,,,,,,,,,0.00594441903688542,,,,,,,,,,,,,,,,,,,0.012698465398335312,,,,,,,,,0.008513795344957248,,,,0.004532920269222967,,0.04587832643565803,,,,,0.07970722659200714,0.0060796700712813095,0.02068437948330095,0.004676500805910613,0.01070826451385587,,,,,,,,,,,,,,,,,,,,,,,,0.003335989045093045,0.006073601649848825,,,,0.0342132060549693,0.7705346371059294,,,,0.014797216731156873,,,0.01485122481826691,0.013777807704172945,,,
2025-08-28,0.007886243005264115,,,0.005804509193600138,,,,,,,,0.01081187216554947,,,,,,,,,,,,,,,,,,,,,,,,,0.005957476694935097,,,,,,,,,,,,,,,,,,,0.012615925233278882,,,,,,,,,0.008607433576668978,,,,0.004481405161272748,,0.04378516379405148,,,,,0.07974834579498667,0.005657903107741882,0.020317914749060213,0.004630728919427899,0.010907195645683779,,,,,,,,,,,,,,,,,,,,,,,,0.0033361358962732787,0.005982761994206815,,,,0.0334862471116682,0.7719830833214185,,,,0.014946420914826102,,,0.014982426306232793,0.013404614524915728,,,
2025-08-29,0.007920433517203288,,,0.005803882702277895,,,,,,,,0.010828853094192846,,,,,,,,,,,,,,,,,,,,,,,,,0.005970534352984774,,,,,,,,,,,,,,,,,,,0.012533385068222451,,,,,,,,,0.008701071808380707,,,,0.004429890053322529,,0.04169200115244493,,,,,0.07978946499796619,0.005236136144202454,0.019951450014819475,0.004584957032945185,0.01110612677751169,,,,,,,,,,,,,,,,,,,,,,,,0.003336282747453513,0.005891922338564804,,,,0.03275928816836708,0.7734315295369077,,,,0.015095625098495331,,,0.015113627794198677,0.013031421345658514,,,
2025-08-30,0.00795462402914246,,,0.005803256210955653,,,,,,,,0.010845834022836223,,,,,,,,,,,,,,,,,,,,,,,,,0.0059835920110344505,,,,,,,,,,,,,,,,,,,0.01245084490316602,,,,,,,,,0.008794710040092437,,,,0.00437837494537231,,0.03959883851083838,,,,,0.07983058420094571,0.004814369180663028,0.019584985280578737,0.004539185146462472,0.0113050579093396,,,,,,,,,,,,,,,,,,,,,,,,0.003336429598633747,0.005801082682922793,,,,0.03203232922506598,0.774879975752397,0.00455602142028505,0.0043339633266441255,,0.01524482928216456,,,0.01524482928216456,0.0126582281664013,0.008756749890744661,0.0214331598952412,
2025-08-31,0.007988814541081633,,,0.00580262971963341,,,,,,,,0.0108628149514796,,,,,,,,,,,,,,,,,,,,,,,,,0.005996649669084127,,,,,,,,,,,,,,,,,,,0.012368304738109591,,,,,,,,,0.008861138305759823,,,,0.004639057226345973,,0.0386499617533008,,,,,0.08044447430058728,0.004758769292958866,0.019328213258277476,0.004493413259979759,0.011131005197447393,,,,,,,,,,,,,,,,,,,,,,,,0.003336576449813981,0.005710243027280783,,,,0.03130537028176486,0.7745693118154228,0.004637927631847506,0.0044088782784196135,,0.015631106043500546,,,0.015049396701423171,0.012432905961759303,0.008793034431125411,0.020784031767730676,
2025-09-01,0.008023005053020806,,,0.005802003228311168,,,,,,,,0.010879795880122976,,,,,,,,,,,,,,,,,,,,,,,,,0.006009707327133804,,,,,,,,,,,,,,,,,,,0.012285764573053162,,,,,,,,,0.008927566571427209,,,,0.004899739507319635,,0.03770108499576321,,,,,0.08105836440022884,0.004703169405254704,0.01907144123597622,0.004447641373497045,0.010956952485555185,,,,,,,,,,,,,,,,,,,,,,,,0.003336723300994215,0.005619403371638772,,,,0.03057841133846375,0.7742586478784487,0.004719833843409961,0.004483793230195102,,0.016017382804836527,,,0.014853964120681781,0.012207583757117307,0.008829318971506161,0.02013490364022015,
2025-09-02,0.008057195564959978,,,0.005801376736988925,,,,,,,,0.010896776808766353,,,,,,,,,,,,,,,,,,,,,,,,,0.006022764985183481,,,,,,,,,,,,,,,,,,,0.01220322440799673,,,,,,,,,0.008993994837094595,,,,0.005160421788293297,,0.03675220823822563,,,,,0.08167225449987041,0.004647569517550542,0.01881466921367496,0.004401869487014333,0.01078289977366298,,,,,,,,,,,,,,,,,,,,,,,,0.0033368701521744493,0.005528563715996762,,,,0.02985145239516264,0.7739479839414745,0.004801740054972416,0.00455870818197059,,0.016403659566172513,,,0.014658531539940392,0.01198226155247531,0.008865603511886911,0.019485775512709625,
2025-09-03,0.008091386076899153,,,0.005800750245666683,,,,,,,,0.01091375773740973,,,,,,,,,,,,,,,,,,,,,,,,,0.006035822643233157,,,,,,,,,,,,,,,,,,,0.0121206842429403,,,,,,,,,0.009060423102761981,,,,0.00542110406926696,,0.035803331480688046,,,,,0.08228614459951197,0.004591969629846381,0.0185578971913737,0.004356097600531619,0.010608847061770772,,,,,,,,,,,,,,,,,,,,,,,,0.003337017003354683,0.005437724060354752,,,,0.02912449345186153,0.7736373200045004,0.004883646266534872,0.004633623133746079,,0.016789936327508494,,,0.014463098959199004,0.011756939347833313,0.00890188805226766,0.0188366473851991,
2025-09-04,0.008125576588838324,,,0.00580012375434444,,,,,,,,0.010930738666053106,,,,,,,,,,,,,,,,,,,,,,,,,0.006048880301282834,,,,,,,,,,,,,,,,,,,0.01203814407788387,,,,,,,,,0.009126851368429365,,,,0.005681786350240622,,0.034854454723150456,,,,,0.08290003469915354,0.004536369742142219,0.018301125169072438,0.004310325714048905,0.010434794349878564,,,,,,,,,,,,,,,,,,,,,,,,0.0033371638545349174,0.00534688440471274,,,,0.028397534508560418,0.7733266560675262,0.004965552478097327,0.004708538085521567,,0.01717621308884448,,,0.014267666378457614,0.011531617143191317,0.00893817259264841,0.018187519257688575,
2025-09-05,0.008159767100777498,,,0.005799497263022198,,,,,,,,0.010947719594696483,,,,,,,,,,,,,,,,,,,,,,,,,0.006061937959332511,,,,,,,,,,,,,,,,,,,0.01195560391282744,,,,,,,,,0.009193279634096751,,,,0.005942468631214285,,0.033905577965612874,,,,,0.0835139247987951,0.0044807698544380575,0.018044353146771178,0.004264553827566193,0.010260741637986357,,,,,,,,,,,,,,,,,,,,,,,,0.0033373107057151513,0.0052560447490707304,,,,0.027670575565259307,0.7730159921305519,0.005047458689659782,0.004783453037297056,,0.017562489850180465,,,0.014072233797716225,0.011306294938549321,0.00897445713302916,0.01753839113017805,
2025-09-06,0.00819395761271667,,,0.005798870771699955,,,,,,,,0.01096470052333986,,,,,,,,,,,,,,,,,,,,,,,,,0.0060749956173821885,,,,,,,,,,,,,,,,,,,0.01187306374777101,,,,,,,,,0.009259707899764137,,,,0.006203150912187948,,0.03295670120807529,,,,,0.08412781489843668,0.004425169966733896,0.01778758112446992,0.004218781941083479,0.010086688926094151,,,,,,,,,,,,,,,,,,,,,,,,0.0033374575568953855,0.0051652050934287205,,,,0.026943616621958193,0.7727053281935778,0.0051293649012222374,0.004858367989072544,,0.017948766611516447,,,0.013876801216974835,0.011080972733907325,0.00901074167340991,0.016889263002667528,
2025-09-07,0.008228148124655842,,,0.0057982442803777125,,,,,,,,0.010981681451983236,,,,,,,,,,,,,,,,,,,,,,,,,0.006088053275431865,,,,,,,,,,,,,,,,,,,0.011790523582714579,,,,,,,,,0.009326136165431523,,,,0.00646383319316161,,0.0320078244505377,,,,,0.08474170499807825,0.004369570079029734,0.01753080910216866,0.004173010054600766,0.009912636214201943,,,,,,,,,,,,,,,,,,,,,,,,0.0033376044080756194,0.005074365437786709,,,,0.026216657678657083,0.7723946642566036,0.005211271112784693,0.004933282940848032,,0.018335043372852432,,,0.013681368636233445,0.010855650529265327,0.00904702621379066,0.016240134875157,
2025-09-08,0.008262338636595016,,,0.005797617789055469,,,,,,,,0.010998662380626613,,,,,,,,,,,,,,,,,,,,,,,,,0.006101110933481542,,,,,,,,,,,,,,,,,,,0.01170798341765815,,,,,,,,,0.009392564431098909,,,,0.006724515474135273,,0.03105894769300012,,,,,0.08535559509771981,0.004313970191325572,0.0172740370798674,0.0041272381681180526,0.009738583502309736,,,,,,,,,,,,,,,,,,,,,,,,0.0033377512592558532,0.004983525782144699,,,,0.025489698735355972,0.7720840003196295,0.005293177324347149,0.005008197892623521,,0.018721320134188417,,,0.013485936055492056,0.010630328324623331,0.00908331075417141,0.015591006747646475,
2025-09-09,0.008296529148534189,,,0.0057969912977332266,,,,,,,,0.01101564330926999,,,,,,,,,,,,,,,,,,,,,,,,,0.006114168591531219,,,,,,,,,,,,,,,,,,,0.01162544325260172,,,,,,,,,0.009458992696766295,,,,0.006985197755108935,,0.030110070935462536,,,,,0.08596948519736138,0.00425837030362141,0.017017265057566143,0.004081466281635339,0.009564530790417528,,,,,,,,,,,,,,,,,,,,,,,,0.0033378981104360875,0.004892686126502689,,,,0.02476273979205486,0.7717733363826553,0.005375083535909604,0.005083112844399009,,0.0191075968955244,,,0.013290503474750668,0.010405006119981335,0.00911959529455216,0.01494187862013595,
2025-09-10,0.00833071966047336,,,0.005796364806410984,,,,,,,,0.011032624237913366,,,,,,,,,,,,,,,,,,,,,,,,,0.006127226249580895,,,,,,,,,,,,,,,,,,,0.011542903087545289,,,,,,,,,0.009525420962433681,,,,0.0072458800360825975,,0.02916119417792495,,,,,0.08658337529700294,0.004202770415917248,0.016760493035264883,0.004035694395152625,0.009390478078525322,,,,,,,,,,,,,,,,,,,,,,,,0.0033380449616163214,0.004801846470860679,,,,0.02403578084875375,0.7714626724456811,0.005456989747472059,0.005158027796174498,,0.019493873656860384,,,0.013095070894009277,0.01017968391533934,0.00915587983493291,0.014292750492625426,
2025-09-11,0.008364910172412535,,,0.0057957383150887415,,,,,,,,0.011049605166556743,,,,,,,,,,,,,,,,,,,,,,,,,0.006140283907630572,,,,,,,,,,,,,,,,,,,0.011460362922488858,,,,,,,,,0.009591849228101067,,,,0.00750656231705626,,0.028212317420387364,,,,,0.0871972653966445,0.004147170528213087,0.016503721012963622,0.0039899225086699125,0.009216425366633115,,,,,,,,,,,,,,,,,,,,,,,,0.0033381918127965557,0.004711006815218667,,,,0.023308821905452637,0.771152008508707,0.005538895959034514,0.005232942747949986,,0.019880150418196366,,,0.012899638313267889,0.009954361710697343,0.00919216437531366,0.013643622365114901,
2025-09-12,0.008399100684351707,,,0.005795111823766499,,,,,,,,0.01106658609520012,,,,,,,,,,,,,,,,,,,,,,,,,0.006153341565680249,,,,,,,,,,,,,,,,,,,0.011377822757432429,,,,,,,,,0.009658277493768453,,,,0.007767244598029922,,0.027263440662849782,,,,,0.08781115549628607,0.0040915706405089255,0.016246948990662362,0.0039441506221872,0.009042372654740907,,,,,,,,,,,,,,,,,,,,,,,,0.0033383386639767895,0.004620167159576657,,,,0.022581862962151526,0.7708413445717328,0.00562080217059697,0.005307857699725475,,0.02026642717953235,,,0.0127042057325265,0.009729039506055345,0.00922844891569441,0.012994494237604376,
2025-09-13,0.00843329119629088,,,0.005794485332444256,,,,,,,,0.011083567023843496,,,,,,,,,,,,,,,,,,,,,,,,,0.006166399223729926,,,,,,,,,,,,,,,,,,,0.011295282592375997,,,,,,,,,0.009724705759435837,,,,0.008027926879003585,,0.026314563905312196,,,,,0.08842504559592763,0.004035970752804764,0.0159901769683611,0.003898378735704486,0.0088683199428487,,,,,,,,,,,,,,,,,,,,,,,,0.003338485515157024,0.004529327503934647,,,,0.021854904018850416,0.7705306806347587,0.005702708382159425,0.005382772651500963,,0.020652703940868336,,,0.01250877315178511,0.00950371730141335,0.009264733456075161,0.01234536611009385,
2025-09-14,0.008467481708230053,,,0.005793858841122014,,,,,,,,0.011100547952486873,,,,,,,,,,,,,,,,,,,,,,,,,0.006179456881779602,,,,,,,,,,,,,,,,,,,0.011212742427319568,,,,,,,,,0.009791134025103223,,,,0.008288609159977247,,0.02536568714777461,,,,,0.0890389356955692,0.003980370865100602,0.015733404946059844,0.0038526068492217725,0.008694267230956492,,,,,,,,,,,,,,,,,,,,,,,,0.0033386323663372576,0.004438487848292635,,,,0.021127945075549305,0.7702200166977845,0.00578461459372188,0.005457687603276451,,0.021038980702204318,,,0.01231334057104372,0.009278395096771353,0.009301017996455909,0.011696237982583325,
2025-09-15,0.008501672220169225,,,0.005793232349799771,,,,,,,,0.01111752888113025,,,,,,,,,,,,,,,,,,,,,,,,,0.006192514539829279,,,,,,,,,,,,,,,,,,,0.011130202262263137,,,,,,,,,0.00985756229077061,,,,0.00854929144095091,,0.024416810390237027,,,,,0.08965282579521076,0.00392477097739644,0.015476632923758584,0.0038068349627390593,0.008520214519064286,,,,,,,,,,,,,,,,,,,,,,,,0.003338779217517492,0.0043476481926506255,,,,0.020400986132248194,0.7699093527608103,0.005866520805284336,0.0055326025550519395,,0.021425257463540303,,,0.01211790799030233,0.009053072892129357,0.00933730253683666,0.0110471098550728,
2025-09-16,0.0085358627321084,,,0.005792605858477529,,,,,,,,0.011134509809773626,,,,,,,,,,,,,,,,,,,,,,,,,0.006205572197878956,,,,,,,,,,,,,,,,,,,0.011047662097206708,,,,,,,,,0.009923990556437995,,,,0.008809973721924573,,0.02346793363269944,,,,,0.09026671589485233,0.0038691710896922786,0.015219860901457324,0.003761063076256346,0.008346161807172079,,,,,,,,,,,,,,,,,,,,,,,,0.0033389260686977258,0.0042568085370086155,,,,0.019674027188947084,0.7695986888238362,0.005948427016846791,0.0056075175068274275,,0.021811534224876285,,,0.011922475409560943,0.008827750687487361,0.00937358707721741,0.010397981727562275,
2025-09-17,0.008570053244047571,,,0.005791979367155286,,,,,,,,0.011151490738417003,,,,,,,,,,,,,,,,,,,,,,,,,0.0062186298559286325,,,,,,,,,,,,,,,,,,,0.010965121932150277,,,,,,,,,0.009990418822105381,,,,0.009070656002898235,,0.022519056875161855,,,,,0.0908806059944939,0.0038135712019881167,0.014963088879156065,0.0037152911897736325,0.008172109095279871,,,,,,,,,,,,,,,,,,,,,,,,0.0033390729198779596,0.0041659688813666055,,,,0.018947068245645973,0.769288024886862,0.006030333228409247,0.0056824324586029155,,0.02219781098621227,,,0.011727042828819551,0.008602428482845363,0.00940987161759816,0.00974885360005175,
2025-09-18,0.008604243755986745,,,0.005791352875833044,,,,,,,,0.01116847166706038,,,,,,,,,,,,,,,,,,,,,,,,,0.006231687513978309,,,,,,,,,,,,,,,,,,,0.010882581767093847,,,,,,,,,0.010056847087772767,,,,0.009331338283871896,,0.021570180117624273,,,,,0.09149449609413546,0.0037579713142839553,0.014706316856854806,0.0036695193032909193,0.007998056383387665,,,,,,,,,,,,,,,,,,,,,,,,0.003339219771058194,0.004075129225724594,,,,0.018220109302344863,0.7689773609498878,0.006112239439971702,0.005757347410378404,,0.022584087747548255,,,0.011531610248078163,0.008377106278203367,0.00944615615797891,0.009099725472541224,
2025-09-19,0.008638434267925918,,,0.005790726384510801,,,,,,,,0.011185452595703756,,,,,,,,,,,,,,,,,,,,,,,,,0.006244745172027987,,,,,,,,,,,,,,,,,,,0.010800041602037416,,,,,,,,,0.010123275353440153,,,,0.009592020564845559,,0.020621303360086687,,,,,0.09210838619377702,0.0037023714265797935,0.014449544834553546,0.003623747416808206,0.007824003671495458,,,,,,,,,,,,,,,,,,,,,,,,0.0033393666222384277,0.003984289570082584,,,,0.017493150359043752,0.7686666970129137,0.006194145651534157,0.005832262362153893,,0.022970364508884237,,,0.011336177667336774,0.008151784073561371,0.00948244069835966,0.008450597345030699,
2025-09-20,0.00867262477986509,,,0.005790099893188559,,,,,,,,0.011202433524347133,,,,,,,,,,,,,,,,,,,,,,,,,0.006257802830077663,,,,,,,,,,,,,,,,,,,0.010717501436980987,,,,,,,,,0.01018970361910754,,,,0.009852702845819222,,0.0196724266025491,,,,,0.09272227629341859,0.0036467715388756317,0.014192772812252286,0.003577975530325493,0.00764995095960325,,,,,,,,,,,,,,,,,,,,,,,,0.003339513473418662,0.003893449914440574,,,,0.016766191415742634,0.7683560330759395,0.006276051863096613,0.005907177313929381,,0.023356641270220222,,,0.011140745086595384,0.007926461868919373,0.00951872523874041,0.007801469217520176,
2025-09-21,0.008706815291804263,,,0.005789473401866316,,,,,,,,0.01121941445299051,,,,,,,,,,,,,,,,,,,,,,,,,0.00627086048812734,,,,,,,,,,,,,,,,,,,0.010634961271924556,,,,,,,,,0.010256131884774925,,,,0.010113385126792884,,0.018723549845011518,,,,,0.09333616639306017,0.00359117165117147,0.013936000789951027,0.0035322036438427797,0.007475898247711043,,,,,,,,,,,,,,,,,,,,,,,,0.003339660324598896,0.003802610258798562,,,,0.016039232472441524,0.7680453691389654,0.0063579580746590675,0.005982092265704869,,0.023742918031556204,,,0.010945312505853995,0.007701139664277378,0.00955500977912116,0.00715234109000965,
2025-09-22,0.008741005803743436,,,0.005788846910544074,,,,,,,,0.011236395381633886,,,,,,,,,,,,,,,,,,,,,,,,,0.006283918146177017,,,,,,,,,,,,,,,,,,,0.010552421106868127,,,,,,,,,0.01032256015044231,,,,0.010374067407766547,,0.017774673087473932,,,,,0.09395005649270173,0.003535571763467308,0.013679228767649768,0.003486431757360066,0.007301845535818836,,,,,,,,,,,,,,,,,,,,,,,,0.00333980717577913,0.003711770603156552,,,,0.015312273529140413,0.7677347052019912,0.006439864286221523,0.006057007217480358,,0.02412919479289219,,,0.010749879925112605,0.007475817459635382,0.00959129431950191,0.006503212962499125,
2025-09-23,0.008775196315682608,,,0.005788220419221831,,,,,,,,0.011253376310277263,,,,,,,,,,,,,,,,,,,,,,,,,0.006296975804226694,,,,,,,,,,,,,,,,,,,0.010469880941811695,,,,,,,,,0.010388988416109695,,,,0.01063474968874021,,0.016825796329936346,,,,,0.0945639465923433,0.0034799718757631466,0.013422456745348508,0.003440659870877353,0.007127792823926628,,,,,,,,,,,,,,,,,,,,,,,,0.003339954026959364,0.003620930947514542,,,,0.014585314585839303,0.767424041265017,0.006521770497783979,0.006131922169255846,,0.024515471554228174,,,0.010554447344371217,0.007250495254993385,0.00962757885988266,0.0058540848349886,
2025-09-24,0.008809386827621783,,,0.0057875939278995885,,,,,,,,0.011270357238920638,,,,,,,,,,,,,,,,,,,,,,,,,0.0063100334622763704,,,,,,,,,,,,,,,,,,,0.010387340776755266,,,,,,,,,0.010455416681777081,,,,0.010895431969713872,,0.015876919572398764,,,,,0.09517783669198486,0.0034243719880589847,0.013165684723047247,0.0033948879843946397,0.006953740112034422,,,,,,,,,,,,,,,,,,,,,,,,0.0033401008781395983,0.0035300912918725304,,,,0.013858355642538192,0.7671133773280429,0.006603676709346434,0.006206837121031334,,0.024901748315564156,,,0.010359014763629826,0.007025173050351389,0.00966386340026341,0.005204956707478076,
2025-09-25,0.008843577339560954,,,0.005786967436577346,,,,,,,,0.011287338167564016,,,,,,,,,,,,,,,,,,,,,,,,,0.006323091120326047,,,,,,,,,,,,,,,,,,,0.010304800611698835,,,,,,,,,0.010521844947444467,,,,0.011156114250687535,,0.014928042814861178,,,,,0.09579172679162642,0.0033687721003548233,0.012908912700745989,0.003349116097911926,0.006779687400142214,,,,,,,,,,,,,,,,,,,,,,,,0.003340247729319832,0.0034392516362305205,,,,0.013131396699237081,0.7668027133910686,0.00668558292090889,0.006281752072806823,,0.02528802507690014,,,0.010163582182888438,0.006799850845709392,0.009700147940644159,0.004555828579967551,
2025-09-26,0.008877767851500127,,,0.005786340945255103,,,,,,,,0.011304319096207393,,,,,,,,,,,,,,,,,,,,,,,,,0.006336148778375724,,,,,,,,,,,,,,,,,,,0.010222260446642406,,,,,,,,,0.010588273213111853,,,,0.011416796531661198,,0.013979166057323592,,,,,0.09640561689126799,0.0033131722126506615,0.01265214067844473,0.003303344211429213,0.006605634688250007,,,,,,,,,,,,,,,,,,,,,,,,0.0033403945805000664,0.0033484119805885105,,,,0.01240443775593597,0.7664920494540945,0.0067674891324713445,0.006356667024582312,,0.025674301838236123,,,0.009968149602147048,0.006574528641067396,0.009736432481024909,0.003906700452457026,
2025-09-27,0.0089119583634393,,,0.005785714453932861,,,,,,,,0.011321300024850768,,,,,,,,,,,,,,,,,,,,,,,,,0.006349206436425401,,,,,,,,,,,,,,,,,,,0.010139720281585975,,,,,,,,,0.01065470147877924,,,,0.01167747881263486,,0.01303028929978601,,,,,0.09701950699090955,0.0032575723249464996,0.01239536865614347,0.0032575723249464996,0.0064315819763578,,,,,,,,,,,,,,,,,,,,,,,,0.0033405414316803003,0.0032575723249464996,,,,0.01167747881263486,0.7661813855171203,0.0068493953440338,0.0064315819763578,0.0031746032182127003,0.026060578599572108,,,0.009772717021405659,0.0063492064364254,0.009772717021405659,0.0032575723249464996,
2025-09-28,0.008946148875378472,,,0.005785087962610618,,,,,,,,0.011338280953494146,,,,,,,,,,,,,,,,,,,,,,,,,0.0063321486680901,,,,,,,,,,,,,,,,,,,0.010057180116529545,,,,,,,,,0.01061020521299226,,,,0.011453002227270628,,0.012998498766682964,,,,,0.09867839563105785,0.0033400595312475362,0.01260220505396961,,0.006420565783628216,,,,,,,,,,,,,,,,,,,,,,,,,0.0032695026735641893,,,,0.011503866920247591,0.7621805850948606,0.008184810630544716,0.006587035078804759,0.0032482103228435753,0.027817264944314885,,,0.00975972020052488,0.006683406403421243,0.009910573258197695,0.0036281123008977917,
2025-09-29,0.008980339387317645,,,0.005784461471288376,,,,,,,,0.011355261882137523,,,,,,,,,,,,,,,,,,,,,,,,,0.0063150908997548,,,,,,,,,,,,,,,,,,,0.009974639951473114,,,,,,,,,0.010565708947205281,,,,0.011228525641906394,,0.012966708233579916,,,,,0.10033728427120615,0.0034225467375485733,0.01280904145179575,,0.006409549590898632,,,,,,,,,,,,,,,,,,,,,,,,,0.003281433022181879,,,,0.011330255027860323,0.7581797846726008,0.009520225917055633,0.00674248818125172,0.0033218174274744503,0.02957395128905766,,,0.0097467233796441,0.007017606370417086,0.01004842949498973,0.003998652276849084,
2025-09-30,0.009014529899256819,,,0.005783834979966133,,,,,,,,0.011372242810780898,,,,,,,,,,,,,,,,,,,,,,,,,0.006298033131419499,,,,,,,,,,,,,,,,,,,0.009892099786416685,,,,,,,,,0.010521212681418302,,,,0.011004049056542162,,0.01293491770047687,,,,,0.10199617291135445,0.00350503394384961,0.01301587784962189,,0.006398533398169048,,,,,,,,,,,,,,,,,,,,,,,,,0.0032933633707995682,,,,0.011156643135473054,0.7541789842503411,0.010855641203566548,0.0068979412836986794,0.0033954245321053253,0.03133063763380044,,,0.009733726558763318,0.007351806337412928,0.010186285731781769,0.004369192252800376,
2025-10-01,0.00904872041119599,,,0.005783208488643891,,,,,,,,0.011389223739424276,,,,,,,,,,,,,,,,,,,,,,,,,0.006280975363084199,,,,,,,,,,,,,,,,,,,0.009809559621360254,,,,,,,,,0.010476716415631323,,,,0.010779572471177928,,0.012903127167373822,,,,,0.10365506155150275,0.0035875211501506465,0.01322271424744803,,0.006387517205439464,,,,,,,,,,,,,,,,,,,,,,,,,0.003305293719417258,,,,0.010983031243085787,0.7501781838280814,0.012191056490077465,0.007053394386145639,0.0034690316367362002,0.033087323978543214,,,0.009720729737882539,0.007686006304408771,0.010324141968573805,0.004739732228751668,
2025-10-02,0.009082910923135165,,,0.005782581997321648,,,,,,,,0.011406204668067653,,,,,,,,,,,,,,,,,,,,,,,,,0.0062639175947488985,,,,,,,,,,,,,,,,,,,0.009727019456303825,,,,,,,,,0.010432220149844343,,,,0.010555095885813695,,0.012871336634270775,,,,,0.10531395019165105,0.0036700083564516835,0.013429550645274171,,0.006376501012709881,,,,,,,,,,,,,,,,,,,,,,,,,0.0033172240680349476,,,,0.010809419350698518,0.7461773834058216,0.013526471776588382,0.007208847488592599,0.0035426387413670752,0.03484401032328599,,,0.00970773291700176,0.008020206271404614,0.01046199820536584,0.00511027220470296,
2025-10-03,0.009117101435074337,,,0.005781955505999405,,,,,,,,0.011423185596711028,,,,,,,,,,,,,,,,,,,,,,,,,0.006246859826413599,,,,,,,,,,,,,,,,,,,0.009644479291247393,,,,,,,,,0.010387723884057364,,,,0.010330619300449463,,0.012839546101167727,,,,,0.10697283883179934,0.00375249556275272,0.013636387043100311,,0.006365484819980297,,,,,,,,,,,,,,,,,,,,,,,,,0.0033291544166526373,,,,0.010635807458311249,0.7421765829835619,0.014861887063099297,0.007364300591039558,0.00361624584599795,0.036600696668028766,,,0.00969473609612098,0.008354406238400457,0.010599854442157877,0.005480812180654252,
2025-10-04,0.00915129194701351,,,0.005781329014677162,,,,,,,,0.011440166525354406,,,,,,,,,,,,,,,,,,,,,,,,,0.006229802058078298,,,,,,,,,,,,,,,,,,,0.009561939126190964,,,,,,,,,0.010343227618270385,,,,0.010106142715085229,,0.012807755568064681,,,,,0.10863172747194765,0.003834982769053757,0.013843223440926453,,0.006354468627250713,,,,,,,,,,,,,,,,,,,,,,,,,0.0033410847652703265,,,,0.01046219556592398,0.7381757825613022,0.016197302349610213,0.007519753693486519,0.003689852950628825,0.03835738301277154,,,0.0096817392752402,0.0086886062053963,0.010737710678949915,0.005851352156605544,
2025-10-05,0.009185482458952683,,,0.00578070252335492,,,,,,,,0.011457147453997783,,,,,,,,,,,,,,,,,,,,,,,,,0.006212744289742998,,,,,,,,,,,,,,,,,,,0.009479398961134533,,,,,,,,,0.010298731352483406,,,,0.009881666129720997,,0.012775965034961633,,,,,0.11029061611209594,0.003917469975354793,0.014050059838752594,,0.006343452434521129,,,,,,,,,,,,,,,,,,,,,,,,,0.003353015113888016,,,,0.010288583673536711,0.7341749821390424,0.01753271763612113,0.007675206795933478,0.0037634600552597,0.04011406935751432,,,0.00966874245435942,0.009022806172392143,0.01087556691574195,0.006221892132556837,
2025-10-06,0.009219672970891855,,,0.005780076032032677,,,,,,,,0.011474128382641158,,,,,,,,,,,,,,,,,,,,,,,,,0.006195686521407697,,,,,,,,,,,,,,,,,,,0.009396858796078104,,,,,,,,,0.010254235086696427,,,,0.009657189544356765,,0.012744174501858586,,,,,0.11194950475224424,0.00399995718165583,0.014256896236578734,,0.006332436241791545,,,,,,,,,,,,,,,,,,,,,,,,,0.003364945462505706,,,,0.010114971781149442,0.7301741817167827,0.018868132922632046,0.007830659898380438,0.003837067159890575,0.041870755702257095,,,0.00965574563347864,0.009357006139387987,0.011013423152533987,0.006592432108508128,
2025-10-07,0.00925386348283103,,,0.005779449540710435,,,,,,,,0.011491109311284536,,,,,,,,,,,,,,,,,,,,,,,,,0.006178628753072397,,,,,,,,,,,,,,,,,,,0.009314318631021673,,,,,,,,,0.010209738820909448,,,,0.00943271295899253,,0.012712383968755538,,,,,0.11360839339239254,0.004082444387956867,0.014463732634404874,,0.0063214200490619606,,,,,,,,,,,,,,,,,,,,,,,,,0.0033768758111233955,,,,0.009941359888762174,0.7261733812945229,0.02020354820914296,0.007986113000827398,0.00391067426452145,0.043627442046999865,,,0.00964274881259786,0.00969120610638383,0.011151279389326023,0.00696297208445942,
2025-10-08,0.009288053994770201,,,0.005778823049388192,,,,,,,,0.011508090239927913,,,,,,,,,,,,,,,,,,,,,,,,,0.0061615709847370964,,,,,,,,,,,,,,,,,,,0.009231778465965243,,,,,,,,,0.010165242555122469,,,,0.009208236373628298,,0.012680593435652492,,,,,0.11526728203254084,0.0041649315942579035,0.014670569032231014,,0.0063104038563323766,,,,,,,,,,,,,,,,,,,,,,,,,0.0033888061597410852,,,,0.009767747996374906,0.7221725808722632,0.02153896349565388,0.008141566103274357,0.003984281369152325,0.04538412839174265,,,0.00962975199171708,0.010025406073379673,0.011289135626118059,0.007333512060410712,
2025-10-09,0.009322244506709374,,,0.0057781965580659496,,,,,,,,0.011525071168571288,,,,,,,,,,,,,,,,,,,,,,,,,0.0061445132164017965,,,,,,,,,,,,,,,,,,,0.009149238300908812,,,,,,,,,0.01012074628933549,,,,0.008983759788264064,,0.012648802902549444,,,,,0.11692617067268914,0.0042474188005589405,0.014877405430057155,,0.0062993876636027926,,,,,,,,,,,,,,,,,,,,,,,,,0.0034007365083587745,,,,0.009594136103987638,0.7181717804500035,0.022874378782164796,0.008297019205721318,0.0040578884737832,0.04714081473648542,,,0.0096167551708363,0.010359606040375516,0.011426991862910097,0.007704052036362005,
2025-10-10,0.009356435018648548,,,0.005777570066743707,,,,,,,,0.011542052097214666,,,,,,,,,,,,,,,,,,,,,,,,,0.006127455448066496,,,,,,,,,,,,,,,,,,,0.009066698135852383,,,,,,,,,0.01007625002354851,,,,0.008759283202899832,,0.012617012369446397,,,,,0.11858505931283744,0.0043299060068599775,0.015084241827883295,,0.0062883714708732085,,,,,,,,,,,,,,,,,,,,,,,,,0.003412666856976464,,,,0.009420524211600369,0.7141709800277437,0.02420979406867571,0.008452472308168278,0.004131495578414075,0.0488975010812282,,,0.00960375834995552,0.010693806007371357,0.011564848099702133,0.008074592012313296,
2025-10-11,0.00939062553058772,,,0.0057769435754214645,,,,,,,,0.011559033025858043,,,,,,,,,,,,,,,,,,,,,,,,,0.006110397679731196,,,,,,,,,,,,,,,,,,,0.008984157970795952,,,,,,,,,0.010031753757761531,,,,0.008534806617535598,,0.01258522183634335,,,,,0.12024394795298574,0.004412393213161014,0.015291078225709435,,0.0062773552781436245,,,,,,,,,,,,,,,,,,,,,,,,,0.003424597205594154,,,,0.0092469123192131,0.710170179605484,0.025545209355186626,0.008607925410615237,0.00420510268304495,0.05065418742597097,,,0.00959076152907474,0.011028005974367202,0.011702704336494169,0.00844513198826459,
2025-10-12,0.009424816042526893,,,0.005776317084099222,,,,,,,,0.011576013954501418,,,,,,,,,,,,,,,,,,,,,,,,,0.006093339911395895,,,,,,,,,,,,,,,,,,,0.008901617805739523,,,,,,,,,0.00998725749197455,,,,0.008310330032171366,,0.012553431303240303,,,,,0.12190283659313403,0.004494880419462051,0.015497914623535575,,0.006266339085414041,,,,,,,,,,,,,,,,,,,,,,,,,0.0034365275542118435,,,,0.009073300426825831,0.7061693791832243,0.026880624641697545,0.008763378513062197,0.004278709787675825,0.05241087377071375,,,0.00957776470819396,0.011362205941363043,0.011840560573286205,0.008815671964215881,
2025-10-13,0.009459006554466066,,,0.005775690592776979,,,,,,,,0.011592994883144796,,,,,,,,,,,,,,,,,,,,,,,,,0.006076282143060595,,,,,,,,,,,,,,,,,,,0.008819077640683091,,,,,,,,,0.009942761226187572,,,,0.008085853446807133,,0.012521640770137257,,,,,0.12356172523328234,0.004577367625763088,0.015704751021361717,,0.006255322892684457,,,,,,,,,,,,,,,,,,,,,,,,,0.003448457902829533,,,,0.008899688534438562,0.7021685787609645,0.02821603992820846,0.008918831615509156,0.0043523168923067,0.05416756011545652,,,0.009564767887313181,0.011696405908358888,0.011978416810078243,0.009186211940167173,
2025-10-14,0.009493197066405237,,,0.005775064101454737,,,,,,,,0.011609975811788173,,,,,,,,,,,,,,,,,,,,,,,,,0.006059224374725294,,,,,,,,,,,,,,,,,,,0.00873653747562666,,,,,,,,,0.009898264960400593,,,,0.0078613768614429,,0.012489850237034208,,,,,0.12522061387343064,0.004659854832064124,0.015911587419187856,,0.006244306699954873,,,,,,,,,,,,,,,,,,,,,,,,,0.0034603882514472224,,,,0.008726076642051293,0.6981677783387048,0.029551455214719375,0.009074284717956117,0.004425923996937575,0.055924246460199306,,,0.0095517710664324,0.01203060587535473,0.012116273046870279,0.009556751916118465,
2025-10-15,0.009527387578344412,,,0.005774437610132494,,,,,,,,0.011626956740431548,,,,,,,,,,,,,,,,,,,,,,,,,0.0060421666063899945,,,,,,,,,,,,,,,,,,,0.008653997310570231,,,,,,,,,0.009853768694613614,,,,0.007636900276078667,,0.012458059703931162,,,,,0.12687950251357893,0.004742342038365161,0.016118423817013998,,0.006233290507225289,,,,,,,,,,,,,,,,,,,,,,,,,0.003472318600064912,,,,0.008552464749664025,0.694166977916445,0.030886870501230294,0.009229737820403077,0.00449953110156845,0.057680932804942076,,,0.00953877424555162,0.012364805842350574,0.012254129283662315,0.009927291892069756,
2025-10-16,0.009561578090283584,,,0.005773811118810252,,,,,,,,0.011643937669074926,,,,,,,,,,,,,,,,,,,,,,,,,0.006025108838054694,,,,,,,,,,,,,,,,,,,0.0085714571455138,,,,,,,,,0.009809272428826635,,,,0.007412423690714434,,0.012426269170828114,,,,,0.12853839115372723,0.004824829244666198,0.016325260214840136,,0.006222274314495705,,,,,,,,,,,,,,,,,,,,,,,,,0.0034842489486826018,,,,0.008378852857276757,0.6901661774941853,0.03222228578774121,0.009385190922850038,0.004573138206199325,0.05943761914968485,,,0.009525777424670841,0.012699005809346416,0.012391985520454351,0.01029783186802105,
2025-10-17,0.009595768602222757,,,0.005773184627488009,,,,,,,,0.011660918597718303,,,,,,,,,,,,,,,,,,,,,,,,,0.006008051069719394,,,,,,,,,,,,,,,,,,,0.00848891698045737,,,,,,,,,0.009764776163039656,,,,0.007187947105350201,,0.012394478637725068,,,,,0.13019727979387552,0.004907316450967234,0.01653209661266628,,0.006211258121766121,,,,,,,,,,,,,,,,,,,,,,,,,0.0034961792973002915,,,,0.008205240964889489,0.6861653770719256,0.03355770107425213,0.009540644025296996,0.0046467453108302,0.06119430549442763,,,0.009512780603790062,0.01303320577634226,0.012529841757246387,0.010668371843972341,
2025-10-18,0.00962995911416193,,,0.005772558136165767,,,,,,,,0.011677899526361678,,,,,,,,,,,,,,,,,,,,,,,,,0.005990993301384093,,,,,,,,,,,,,,,,,,,0.00840637681540094,,,,,,,,,0.009720279897252677,,,,0.006963470519985969,,0.01236268810462202,,,,,0.1318561684340238,0.004989803657268271,0.016738933010492417,,0.006200241929036537,,,,,,,,,,,,,,,,,,,,,,,,,0.003508109645917981,,,,0.00803162907250222,0.6821645766496658,0.034893116360763046,0.009696097127743955,0.004720352415461075,0.06295099183917041,,,0.00949978378290928,0.013367405743338102,0.012667697994038423,0.011038911819923634,
2025-10-19,0.009664149626101102,,,0.005771931644843524,,,,,,,,0.011694880455005056,,,,,,,,,,,,,,,,,,,,,,,,,0.005973935533048793,,,,,,,,,,,,,,,,,,,0.00832383665034451,,,,,,,,,0.009675783631465698,,,,0.0067389939346217355,,0.012330897571518973,,,,,0.13351505707417213,0.005072290863569308,0.01694576940831856,,0.006189225736306953,,,,,,,,,,,,,,,,,,,,,,,,,0.0035200399945356704,,,,0.00785801718011495,0.6781637762274061,0.03622853164727396,0.009851550230190916,0.00479395952009195,0.06470767818391318,,,0.0094867869620285,0.013701605710333945,0.012805554230830461,0.011409451795874926,
2025-10-20,0.009698340138040277,,,0.005771305153521282,,,,,,,,0.011711861383648433,,,,,,,,,,,,,,,,,,,,,,,,,0.005956877764713492,,,,,,,,,,,,,,,,,,,0.00824129648528808,,,,,,,,,0.009631287365678719,,,,0.006514517349257502,,0.012299107038415925,,,,,0.13517394571432043,0.005154778069870344,0.0171526058061447,,0.006178209543577369,,,,,,,,,,,,,,,,,,,,,,,,,0.00353197034315336,,,,0.007684405287727682,0.6741629758051464,0.03756394693378488,0.010007003332637876,0.004867566624722825,0.06646436452865595,,,0.009473790141147721,0.014035805677329788,0.012943410467622497,0.011779991771826218,
2025-10-21,0.009732530649979448,,,0.005770678662199039,,,,,,,,0.011728842312291808,,,,,,,,,,,,,,,,,,,,,,,,,0.0059398199963781925,,,,,,,,,,,,,,,,,,,0.00815875632023165,,,,,,,,,0.009586791099891738,,,,0.006290040763893269,,0.012267316505312879,,,,,0.13683283435446872,0.005237265276171381,0.01735944220397084,,0.006167193350847786,,,,,,,,,,,,,,,,,,,,,,,,,0.0035439006917710497,,,,0.007510793395340414,0.6701621753828866,0.038899362220295795,0.010162456435084836,0.0049411737293537,0.06822105087339873,,,0.009460793320266942,0.01437000564432563,0.013081266704414533,0.01215053174777751,
2025-10-22,0.009766721161918622,,,0.0057700521708767966,,,,,,,,0.011745823240935186,,,,,,,,,,,,,,,,,,,,,,,,,0.005922762228042892,,,,,,,,,,,,,,,,,,,0.008076216155175219,,,,,,,,,0.009542294834104759,,,,0.006065564178529036,,0.01223552597220983,,,,,0.138491722994617,0.005319752482472418,0.017566278601796978,,0.006156177158118202,,,,,,,,,,,,,,,,,,,,,,,,,0.0035558310403887394,,,,0.007337181502953145,0.6661613749606269,0.04023477750680671,0.010317909537531795,0.005014780833984575,0.06997773721814152,,,0.009447796499386162,0.014704205611321474,0.01321912294120657,0.0125210717237288,
2025-10-23,0.009800911673857795,,,0.005769425679554554,,,,,,,,0.011762804169578563,,,,,,,,,,,,,,,,,,,,,,,,,0.005905704459707591,,,,,,,,,,,,,,,,,,,0.00799367599011879,,,,,,,,,0.00949779856831778,,,,0.005841087593164804,,0.012203735439106784,,,,,0.14015061163476533,0.005402239688773455,0.01777311499962312,,0.006145160965388618,,,,,,,,,,,,,,,,,,,,,,,,,0.0035677613890064287,,,,0.007163569610565876,0.6621605745383672,0.041570192793317626,0.010473362639978754,0.00508838793861545,0.07173442356288429,,,0.009434799678505381,0.015038405578317315,0.013356979177998607,0.012891611699680092,
2025-10-24,0.009835102185796966,,,0.0057687991882323115,,,,,,,,0.011779785098221938,,,,,,,,,,,,,,,,,,,,,,,,,0.005888646691372291,,,,,,,,,,,,,,,,,,,0.007911135825062358,,,,,,,,,0.009453302302530801,,,,0.005616611007800571,,0.012171944906003736,,,,,0.14180950027491362,0.005484726895074492,0.017979951397449262,,0.006134144772659034,,,,,,,,,,,,,,,,,,,,,,,,,0.0035796917376241183,,,,0.006989957718178608,0.6581597741161074,0.042905608079828544,0.010628815742425714,0.005161995043246325,0.07349110990762706,,,0.009421802857624601,0.01537260554531316,0.013494835414790643,0.013262151675631387,
2025-10-25,0.00986929269773614,,,0.005768172696910069,,,,,,,,0.011796766026865316,,,,,,,,,,,,,,,,,,,,,,,,,0.00587158892303699,,,,,,,,,,,,,,,,,,,0.007828595660005929,,,,,,,,,0.009408806036743822,,,,0.0053921344224363375,,0.01214015437290069,,,,,0.14346838891506192,0.005567214101375529,0.0181867877952754,,0.00612312857992945,,,,,,,,,,,,,,,,,,,,,,,,,0.003591622086241808,,,,0.0068163458257913395,0.6541589736938477,0.044241023366339456,0.010784268844872675,0.0052356021478772,0.07524779625236984,,,0.009408806036743822,0.015706805512309,0.013632691651582679,0.013632691651582679,0.02375219622626898
2025-10-26,0.009903483209675313,,,0.005767546205587826,,,,,,,,0.011813746955508693,,,,,,,,,,,,,,,,,,,,,,,,,0.00585453115470169,,,,,,,,,,,,,,,,,,,0.007746055494949498,,,,,,,,,,,,,0.005412644893762502,,0.01229775135797105,,,,,0.14195835509352264,0.005649701307676565,0.01775335699072749,,0.00615161063407346,,,,,,,,,,,,,,,,,,,,,,,,,0.0036035524348594977,,,,,0.653985581511543,0.045576438652850375,0.011612339277884751,0.005240524809674477,0.07612612215979464,,,0.00982901647258251,0.015337860461191333,0.014050400733581839,0.013737274707472356,0.02350451429337556
2025-10-27,0.009937673721614484,,,0.005766919714265583,,,,,,,,0.011830727884152068,,,,,,,,,,,,,,,,,,,,,,,,,0.0058374733863663895,,,,,,,,,,,,,,,,,,,0.007663515329893069,,,,,,,,,,,,,0.005433155365088666,,0.012455348343041408,,,,,0.14044832127198337,0.005732188513977602,0.017319926186179578,,0.006180092688217469,,,,,,,,,,,,,,,,,,,,,,,,,0.0036154827834771874,,,,,0.6538121893292382,0.046911853939361293,0.012440409710896825,0.005245447471471753,0.07700444806721944,,,0.0102492269084212,0.014968915410073665,0.014468109815580997,0.013841857763362032,0.023256832360482142
2025-10-28,0.00997186423355366,,,0.0057662932229433405,,,,,,,,0.011847708812795446,,,,,,,,,,,,,,,,,,,,,,,,,0.00582041561803109,,,,,,,,,,,,,,,,,,,0.007580975164836638,,,,,,,,,,,,,0.0054536658364148305,,0.012612945328111767,,,,,0.1389382874504441,0.005814675720278639,0.016886495381631665,,0.006208574742361478,,,,,,,,,,,,,,,,,,,,,,,,,0.0036274131320948766,,,,,0.6536387971469334,0.048247269225872205,0.013268480143908901,0.005250370133269029,0.07788277397464424,,,0.010669437344259888,0.014599970358955997,0.014885818897580156,0.013946440819251709,0.02300915042758872
2025-10-29,0.010006054745492831,,,0.005765666731621098,,,,,,,,0.011864689741438823,,,,,,,,,,,,,,,,,,,,,,,,,0.005803357849695789,,,,,,,,,,,,,,,,,,,0.007498434999780208,,,,,,,,,,,,,0.005474176307740995,,0.012770542313182127,,,,,0.13742825362890482,0.005897162926579675,0.016453064577083756,,0.006237056796505488,,,,,,,,,,,,,,,,,,,,,,,,,0.0036393434807125663,,,,,0.6534654049646287,0.049582684512383124,0.014096550576920976,0.005255292795066305,0.07876109988206904,,,0.011089647780098577,0.01423102530783833,0.015303527979579316,0.014051023875141386,0.022761468494695302
2025-10-30,0.010040245257432004,,,0.005765040240298855,,,,,,,,0.011881670670082198,,,,,,,,,,,,,,,,,,,,,,,,,0.005786300081360489,,,,,,,,,,,,,,,,,,,0.007415894834723777,,,,,,,,,,,,,0.005494686779067159,,0.012928139298252485,,,,,0.13591821980736554,0.005979650132880712,0.016019633772535846,,0.006265538850649497,,,,,,,,,,,,,,,,,,,,,,,,,0.003651273829330256,,,,,0.653292012782324,0.05091809979889404,0.014924621009933052,0.005260215456863582,0.07963942578949385,,,0.011509858215937266,0.013862080256720663,0.015721237061578474,0.014155606931031062,0.022513786561801884
2025-10-31,0.010074435769371178,,,0.005764413748976613,,,,,,,,0.011898651598725576,,,,,,,,,,,,,,,,,,,,,,,,,0.005769242313025188,,,,,,,,,,,,,,,,,,,0.007333354669667348,,,,,,,,,,,,,0.005515197250393324,,0.013085736283322845,,,,,0.13440818598582627,0.006062137339181749,0.015586202967987933,,0.006294020904793507,,,,,,,,,,,,,,,,,,,,,,,,,0.0036632041779479456,,,,,0.6531186206000192,0.052253515085404954,0.015752691442945128,0.005265138118660858,0.08051775169691865,,,0.011930068651775955,0.013493135205602995,0.016138946143577634,0.014260189986920739,0.022266104628908465
2025-11-01,0.010108626281310349,,,0.00576378725765437,,,,,,,,0.011915632527368951,,,,,,,,,,,,,,,,,,,,,,,,,0.005752184544689888,,,,,,,,,,,,,,,,,,,0.007250814504610917,,,,,,,,,,,,,0.005535707721719487,,0.013243333268393203,,,,,0.132898152164287,0.006144624545482785,0.015152772163440022,,0.006322502958937516,,,,,,,,,,,,,,,,,,,,,,,,,0.003675134526565635,,,,,0.6529452284177144,0.05358893037191587,0.016580761875957202,0.005270060780458135,0.08139607760434345,,,0.012350279087614643,0.013124190154485326,0.016556655225576793,0.014364773042810416,0.022018422696015044
2025-11-02,0.010142816793249524,,,0.005763160766332128,,,,,,,,0.011932613456012328,,,,,,,,,,,,,,,,,,,,,,,,,0.0057351267763545875,,,,,,,,,,,,,,,,,,,0.0071682743395544875,,,,,,,,,,,,,0.005556218193045651,,0.013400930253463563,,,,,0.13138811834274772,0.006227111751783822,0.01471934135889211,,0.006350985013081525,,,,,,,,,,,,,,,,,,,,,,,,,0.0036870648751833246,,,,,0.6527718362354097,0.05492434565842679,0.01740883230896928,0.0052749834422554116,0.08227440351176825,,,0.012770489523453332,0.012755245103367658,0.016974364307575953,0.01446935609870009,0.021770740763121625
2025-11-03,0.010177007305188696,,,0.005762534275009885,,,,,,,,0.011949594384655706,,,,,,,,,,,,,,,,,,,,,,,,,0.005718069008019288,,,,,,,,,,,,,,,,,,,0.007085734174498056,,,,,,,,,,,,,0.005576728664371816,,0.013558527238533923,,,,,0.12987808452120844,0.006309598958084859,0.0142859105543442,,0.006379467067225535,,,,,,,,,,,,,,,,,,,,,,,,,0.0036989952238010142,,,,,0.652598444053105,0.0562597609449377,0.018236902741981354,0.0052799061040526875,0.08315272941919305,,,0.013190699959292021,0.012386300052249992,0.017392073389575113,0.014573939154589767,0.021523058830228207
2025-11-04,0.010211197817127869,,,0.005761907783687643,,,,,,,,0.011966575313299081,,,,,,,,,,,,,,,,,,,,,,,,,0.005701011239683987,,,,,,,,,,,,,,,,,,,0.007003194009441627,,,,,,,,,,,,,0.00559723913569798,,0.01371612422360428,,,,,0.12836805069966917,0.0063920861643858955,0.013852479749796288,,0.006407949121369544,,,,,,,,,,,,,,,,,,,,,,,,,0.003710925572418704,,,,,0.6524250518708002,0.05759517623144862,0.01906497317499343,0.005284828765849964,0.08403105532661785,,,0.01361091039513071,0.012017355001132324,0.01780978247157427,0.014678522210479444,0.02127537689733479
2025-11-05,0.010245388329067042,,,0.0057612812923654,,,,,,,,0.011983556241942458,,,,,,,,,,,,,,,,,,,,,,,,,0.005683953471348687,,,,,,,,,,,,,,,,,,,0.006920653844385196,,,,,,,,,,,,,0.0056177496070241445,,0.01387372120867464,,,,,0.1268580168781299,0.0064745733706869325,0.013419048945248377,,0.006436431175513554,,,,,,,,,,,,,,,,,,,,,,,,,0.0037228559210363936,,,,,0.6522516596884955,0.05893059151795954,0.019893043608005506,0.00528975142764724,0.08490938123404265,,,0.014031120830969399,0.011648409950014656,0.01822749155357343,0.01478310526636912,0.021027694964441367
2025-11-06,0.010279578841006214,,,0.005760654801043158,,,,,,,,0.012000537170585836,,,,,,,,,,,,,,,,,,,,,,,,,0.005666895703013386,,,,,,,,,,,,,,,,,,,0.006838113679328767,,,,,,,,,,,,,0.005638260078350309,,0.014031318193745,,,,,0.12534798305659062,0.0065570605769879695,0.012985618140700466,,0.006464913229657563,,,,,,,,,,,,,,,,,,,,,,,,,0.003734786269654083,,,,,0.6520782675061907,0.06026600680447045,0.02072111404101758,0.005294674089444517,0.08578770714146744,,,0.014451331266808089,0.011279464898896988,0.01864520063557259,0.014887688322258797,0.020780013031547948
2025-11-07,0.010313769352945387,,,0.005760028309720915,,,,,,,,0.012017518099229211,,,,,,,,,,,,,,,,,,,,,,,,,0.005649837934678086,,,,,,,,,,,,,,,,,,,0.006755573514272336,,,,,,,,,,,,,0.005658770549676473,,0.014188915178815358,,,,,0.12383794923505136,0.006639547783289006,0.012552187336152555,,0.006493395283801572,,,,,,,,,,,,,,,,,,,,,,,,,0.0037467166182717725,,,,,0.651904875323886,0.06160142209098137,0.021549184474029655,0.005299596751241794,0.08666603304889225,,,0.014871541702646778,0.01091051984777932,0.019062909717571748,0.014992271378148474,0.02053233109865453
2025-11-08,0.01034795986488456,,,0.0057594018183986725,,,,,,,,0.012034499027872589,,,,,,,,,,,,,,,,,,,,,,,,,0.0056327801663427855,,,,,,,,,,,,,,,,,,,0.006673033349215906,,,,,,,,,,,,,0.0056792810210026376,,0.014346512163885718,,,,,0.12232791541351208,0.006722034989590043,0.012118756531604644,,0.006521877337945582,,,,,,,,,,,,,,,,,,,,,,,,,0.003758646966889462,,,,,0.6517314831415812,0.06293683737749228,0.022377254907041733,0.00530451941303907,0.08754435895631704,,,0.015291752138485467,0.010541574796661651,0.019480618799570908,0.01509685443403815,0.02028464916576111
2025-11-09,0.010382150376823732,,,0.00575877532707643,,,,,,,,0.012051479956515966,,,,,,,,,,,,,,,,,,,,,,,,,0.0056157223980074856,,,,,,,,,,,,,,,,,,,0.006590493184159475,,,,,,,,,,,,,0.005699791492328802,,0.014504109148956078,,,,,0.1208178815919728,0.00680452219589108,0.011685325727056732,,0.00655035939208959,,,,,,,,,,,,,,,,,,,,,,,,,0.003770577315507152,,,,,0.6515580909592765,0.0642722526640032,0.023205325340053803,0.0053094420748363465,0.08842268486374184,,,0.015711962574324154,0.010172629745543983,0.019898327881570067,0.015201437489927827,0.020036967232867693
2025-11-10,0.010416340888762907,,,0.0057581488357541875,,,,,,,,0.012068460885159341,,,,,,,,,,,,,,,,,,,,,,,,,0.005598664629672185,,,,,,,,,,,,,,,,,,,0.006507953019103046,,,,,,,,,,,,,0.005720301963654966,,0.014661706134026436,,,,,0.11930784777043353,0.006887009402192116,0.011251894922508821,,0.0065788414462336,,,,,,,,,,,,,,,,,,,,,,,,,0.003782507664124841,,,,,0.6513846987769718,0.06560766795051412,0.02403339577306588,0.005314364736633622,0.08930101077116664,,,0.016132173010162842,0.009803684694426315,0.020316036963569227,0.015306020545817504,0.01978928529997427
2025-11-11,0.010450531400702078,,,0.005757522344431945,,,,,,,,0.012085441813802719,,,,,,,,,,,,,,,,,,,,,,,,,0.005581606861336885,,,,,,,,,,,,,,,,,,,0.006425412854046615,,,,,,,,,,,,,0.005740812434981131,,0.014819303119096796,,,,,0.11779781394889426,0.006969496608493153,0.01081846411796091,,0.006607323500377609,,,,,,,,,,,,,,,,,,,,,,,,,0.003794438012742531,,,,,0.651211306594667,0.06694308323702504,0.02486146620607796,0.005319287398430899,0.09017933667859145,,,0.01655238344600153,0.009434739643308647,0.020733746045568387,0.01541060360170718,0.019541603367080853
2025-11-12,0.010484721912641251,,,0.005756895853109702,,,,,,,,0.012102422742446096,,,,,,,,,,,,,,,,,,,,,,,,,0.005564549093001584,,,,,,,,,,,,,,,,,,,0.0063428726889901855,,,,,,,,,,,,,0.005761322906307295,,0.014976900104167155,,,,,0.116287780127355,0.00705198381479419,0.010385033313412999,,0.0066358055545216186,,,,,,,,,,,,,,,,,,,,,,,,,0.0038063683613602205,,,,,0.6510379144123623,0.06827849852353594,0.02568953663909003,0.005324210060228176,0.09105766258601625,,,0.01697259388184022,0.00906579459219098,0.021151455127567546,0.015515186657596857,0.019293921434187435
2025-11-13,0.010518912424580425,,,0.00575626936178746,,,,,,,,0.012119403671089471,,,,,,,,,,,,,,,,,,,,,,,,,0.005547491324666284,,,,,,,,,,,,,,,,,,,0.006260332523933754,,,,,,,,,,,,,0.005781833377633459,,0.015134497089237513,,,,,0.11477774630581572,0.007134471021095226,0.009951602508865088,,0.006664287608665628,,,,,,,,,,,,,,,,,,,,,,,,,0.00381829870997791,,,,,0.6508645222300575,0.06961391381004686,0.026517607072102108,0.005329132722025452,0.09193598849344105,,,0.01739280431767891,0.008696849541073312,0.021569164209566706,0.015619769713486534,0.019046239501294013
2025-11-14,0.010553102936519596,,,0.005755642870465217,,,,,,,,0.012136384599732849,,,,,,,,,,,,,,,,,,,,,,,,,0.005530433556330983,,,,,,,,,,,,,,,,,,,0.006177792358877325,,,,,,,,,,,,,0.005802343848959624,,0.015292094074307873,,,,,0.11326771248427644,0.007216958227396263,0.009518171704317176,,0.006692769662809637,,,,,,,,,,,,,,,,,,,,,,,,,0.0038302290585956,,,,,0.6506911300477528,0.07094932909655778,0.027345677505114182,0.005334055383822729,0.09281431440086585,,,0.017813014753517598,0.008327904489955644,0.021986873291565862,0.01572435276937621,0.018798557568400594
2025-11-15,0.01058729344845877,,,0.005755016379142975,,,,,,,,0.012153365528376226,,,,,,,,,,,,,,,,,,,,,,,,,0.0055133757879956835,,,,,,,,,,,,,,,,,,,0.006095252193820894,,,,,,,,,,,,,0.005822854320285788,,0.015449691059378233,,,,,0.11175767866273717,0.0072994454336973,0.009084740899769265,,0.006721251716953647,,,,,,,,,,,,,,,,,,,,,,,,,0.0038421594072132895,,,,,0.6505177378654481,0.0722847443830687,0.02817374793812626,0.005338978045620005,0.09369264030829065,,,0.018233225189356286,0.007958959438837978,0.022404582373565022,0.015828935825265886,0.018550875635507176
2025-11-16,0.010621483960397943,,,0.005754389887820732,,,,,,,,0.012170346457019601,,,,,,,,,,,,,,,,,,,,,,,,,0.005496318019660383,,,,,,,,,,,,,,,,,,,0.006012712028764463,,,,,,,,,,,,,0.0058433647916119515,,0.015607288044448591,,,,,0.1102476448411979,0.007381932639998337,0.008651310095221354,,0.006749733771097656,,,,,,,,,,,,,,,,,,,,,,,,,0.0038540897558309787,,,,,0.6503443456831433,0.0736201596695796,0.029001818371138334,0.005343900707417281,0.09457096621571545,,,0.018653435625194975,0.007590014387720308,0.02282229145556418,0.015933518881155562,0.018303193702613758
2025-11-17,0.010655674472337114,,,0.00575376339649849,,,,,,,,0.012187327385662979,,,,,,,,,,,,,,,,,,,,,,,,,0.005479260251325082,,,,,,,,,,,,,,,,,,,0.005930171863708034,,,,,,,,,,,,,0.005863875262938116,,0.01576488502951895,,,,,0.10873761101965862,0.007464419846299373,0.008217879290673443,,0.0067782158252416656,,,,,,,,,,,,,,,,,,,,,,,,,0.0038660201044486684,,,,,0.6501709535008385,0.07495557495609052,0.02982988880415041,0.005348823369214557,0.09544929212314025,,,0.019073646061033664,0.007221069336602642,0.02324000053756334,0.01603810193704524,0.01805551176972034
2025-11-18,0.01068986498427629,,,0.005753136905176247,,,,,,,,0.012204308314306356,,,,,,,,,,,,,,,,,,,,,,,,,0.005462202482989782,,,,,,,,,,,,,,,,,,,0.0058476316986516026,,,,,,,,,,,,,0.00588438573426428,,0.01592248201458931,,,,,0.10722757719811934,0.00754690705260041,0.0077844484861255316,,0.006806697879385675,,,,,,,,,,,,,,,,,,,,,,,,,0.003877950453066358,,,,,0.6499975613185338,0.07629099024260144,0.030657959237162486,0.005353746031011834,0.09632761803056505,,,0.019493856496872356,0.006852124285484974,0.023657709619562498,0.016142684992934916,0.017807829836826918
2025-11-19,0.01072405549621546,,,0.005752510413854005,,,,,,,,0.012221289242949731,,,,,,,,,,,,,,,,,,,,,,,,,0.005445144714654482,,,,,,,,,,,,,,,,,,,0.005765091533595173,,,,,,,,,,,,,0.005904896205590445,,0.01608007899965967,,,,,0.10571754337658007,0.0076293942589014474,0.00735101768157762,,0.006835179933529684,,,,,,,,,,,,,,,,,,,,,,,,,0.0038898808016840473,,,,,0.6498241691362291,0.07762640552911236,0.03148602967017456,0.005358668692809111,0.09720594393798986,,,0.019914066932711045,0.0064831792343673054,0.024075418701561657,0.016247268048824592,0.0175601479039335
2025-11-20,0.010758246008154634,,,0.005751883922531762,,,,,,,,0.012238270171593109,,,,,,,,,,,,,,,,,,,,,,,,,0.005428086946319181,,,,,,,,,,,,,,,,,,,0.005682551368538742,,,,,,,,,,,,,0.005925406676916609,,0.016237675984730027,,,,,0.1042075095550408,0.007711881465202484,0.006917586877029709,,0.006863661987673694,,,,,,,,,,,,,,,,,,,,,,,,,0.003901811150301737,,,,,0.6496507769539243,0.07896182081562328,0.03231410010318664,0.005363591354606387,0.09808426984541466,,,0.020334277368549734,0.006114234183249637,0.024493127783560817,0.01635185110471427,0.01731246597104008
2025-11-21,0.010792436520093807,,,0.005751257431209519,,,,,,,,0.012255251100236486,,,,,,,,,,,,,,,,,,,,,,,,,0.005411029177983881,,,,,,,,,,,,,,,,,,,0.005600011203482313,,,,,,,,,,,,,0.005945917148242773,,0.016395272969800388,,,,,0.10269747573350152,0.007794368671503521,0.006484156072481798,,0.006892144041817703,,,,,,,,,,,,,,,,,,,,,,,,,0.003913741498919427,,,,,0.6494773847716195,0.0802972361021342,0.03314217053619871,0.005368514016403664,0.09896259575283946,,,0.020754487804388422,0.005745289132131969,0.024910836865559977,0.016456434160603946,0.017064784038146662
2025-11-22,0.010826627032032979,,,0.005750630939887276,,,,,0.0161290317773818,,,0.012272232028879861,,,,,,,,,,,,,,,,,,,,,,,,,0.005393971409648581,,,,,,,,,,,,,,,,,,,0.0055174710384258835,,,,,,,,,,,,,0.005966427619568938,,0.016552869954870746,,,,,0.10118744191196224,0.007876855877804557,0.006050725267933886,,0.006920626095961713,,,,,,,,,,,,,,,,,,,,,,,,,0.003925671847537116,,,,,0.6493039925893148,0.0816326513886451,0.03397024096921079,0.0053734366782009395,0.09984092166026426,,0.005393971409648581,0.02117469824022711,0.0053763440810143,0.025328545947559136,0.016561017216493622,0.016817102105253244
2025-11-23,0.010860817543972154,,,0.005750004448565034,,,,,0.016642677581070693,,,0.012289212957523239,,,,,,,,,,,,,,,,,,,,,,,,,0.005448965823078186,,,,,,,,,,,,,,,,,,,0.005662108767345203,,,,,,,,,,,,,0.0058746087496709945,,,,,,,0.1026964058234755,0.007959343084105595,0.006489634766286102,,0.007098675624417474,,,,,,,,,,,,,,,,,,,,,,,,,0.003937602196154806,,,,,0.6456297196980034,,0.03504960549928773,0.005378359339998216,0.10062718238415455,,0.005849072329389477,0.02073935702043979,0.005293216805771965,0.024977864003241285,0.016121685230505722,0.016569420172359822
2025-11-24,0.010895008055911325,,,0.005749377957242791,,,,,0.017156323384759586,,,0.012306193886166616,,,,,,,,,,,,,,,,,,,,,,,,,0.005503960236507792,,,,,,,,,,,,,,,,,,,0.005806746496264523,,,,,,,,,,,,,0.005782789879773051,,,,,,,0.10420536973498874,0.00804183029040663,0.006928544264638317,,0.007276725152873235,,,,,,,,,,,,,,,,,,,,,,,,,0.003949532544772496,,,,,0.6419554468066919,,0.03612897002936466,0.005383282001795492,0.10141344310804484,,0.006304173249130374,0.020304015800652466,0.005210089530529629,0.024627182058923437,0.015682353244517822,0.016321738239466404
2025-11-25,0.010929198567850499,,,0.0057487514659205485,,,,,0.01766996918844848,,,0.012323174814809991,,,,,,,,,,,,,,,,,,,,,,,,,0.005558954649937398,,,,,,,,,,,,,,,,,,,0.005951384225183843,,,,,,,,,,,,,0.005690971009875108,,,,,,,0.105714333646502,0.008124317496707667,0.007367453762990533,,0.007454774681328997,,,,,,,,,,,,,,,,,,,,,,,,,0.003961462893390185,,,,,0.6382811739153805,,0.0372083345594416,0.005388204663592769,0.10219970383193515,,0.00675927416887127,0.01986867458086514,0.005126962255287293,0.024276500114605585,0.015243021258529922,0.016074056306572986
2025-11-26,0.010963389079789672,,,0.005748124974598306,,,,,0.01818361499213737,,,0.012340155743453369,,,,,,,,,,,,,,,,,,,,,,,,,0.0056139490633670035,,,,,,,,,,,,,,,,,,,0.006096021954103163,,,,,,,,,,,,,0.005599152139977165,,,,,,,0.10722329755801525,0.008206804703008705,0.007806363261342748,,0.007632824209784758,,,,,,,,,,,,,,,,,,,,,,,,,0.003973393242007874,,,,,0.6346069010240691,,0.03828769908951854,0.005393127325390046,0.10298596455582544,,0.007214375088612167,0.019433333361077818,0.005043834980044957,0.023925818170287737,0.014803689272542022,0.015826374373679564
2025-11-27,0.010997579591728843,,,0.0057474984832760635,,,,,0.018697260795826263,,,0.012357136672096746,,,,,,,,,,,,,,,,,,,,,,,,,0.005668943476796609,,,,,,,,,,,,,,,,,,,0.006240659683022482,,,,,,,,,,,,,0.005507333270079222,,,,,,,0.10873226146952851,0.008289291909309741,0.008245272759694965,,0.00781087373824052,,,,,,,,,,,,,,,,,,,,,,,,,0.003985323590625565,,,,,0.6309326281327577,,0.03936706361959548,0.005398049987187322,0.10377222527971573,,0.007669476008353064,0.018997992141290495,0.004960707704802622,0.023575136225969885,0.014364357286554122,0.015578692440786147
2025-11-28,0.011031770103668017,,,0.005746871991953821,,,,,0.019210906599515156,,,0.012374117600740121,,,,,,,,,,,,,,,,,,,,,,,,,0.005723937890226215,,,,,,,,,,,,,,,,,,,0.0063852974119418026,,,,,,,,,,,,,0.0054155144001812785,,,,,,,0.11024122538104175,0.008371779115610777,0.00868418225804718,,0.007988923266696282,,,,,,,,,,,,,,,,,,,,,,,,,0.003997253939243254,,,,,0.6272583552414464,,0.04044642814967242,0.0054029726489845985,0.10455848600360602,,0.00812457692809396,0.018562650921503172,0.004877580429560286,0.023224454281652037,0.013925025300566222,0.015331010507892727
2025-11-29,0.01106596061560719,,,0.005746245500631578,,,,,0.01972455240320405,,,0.012391098529383499,,,,,,,,,,,,,,,,,,,,,,,,,0.005778932303655821,,,,,,,,,,,,,,,,,,,0.006529935140861122,,,,,,,,,,,,,0.005323695530283335,,,,,,,0.11175018929255501,0.008454266321911815,0.009123091756399394,,0.008166972795152043,,,,,,,,,,,,,,,,,,,,,,,,,0.004009184287860943,,,,,0.6235840823501348,,0.04152579267974935,0.005407895310781874,0.10534474672749632,,0.008579677847834857,0.018127309701715846,0.0047944531543179505,0.022873772337334185,0.013485693314578323,0.015083328574999309
2025-11-30,0.011100151127546361,,,0.005745619009309336,,,,,0.020238198206892943,,,0.012408079458026876,,,,,,,,,,,,,,,,,,,,,,,,,0.005833926717085426,,,,,,,,,,,,,,,,,,,0.006674572869780442,,,,,,,,,,,,,0.005231876660385392,,,,,,,0.11325915320406826,0.008536753528212851,0.009562001254751611,,0.008345022323607804,,,,,,,,,,,,,,,,,,,,,,,,,0.004021114636478633,,,,,0.6199098094588235,,0.04260515720982629,0.005412817972579151,0.10613100745138661,,0.009034778767575753,0.017691968481928524,0.004711325879075614,0.022523090393016337,0.013046361328590423,0.014835646642105889
2025-12-01,0.011134341639485536,,,0.005744992517987093,,,,,0.020751844010581832,,,0.012425060386670251,,,,,,,,,,,,,,,,,,,,,,,,,0.005888921130515032,,,,,,,,,,,,,,,,,,,0.006819210598699762,,,,,,,,,,,,,0.005140057790487449,,,,,,,0.11476811711558152,0.008619240734513887,0.010000910753103828,,0.008523071852063566,,,,,,,,,,,,,,,,,,,,,,,,,0.004033044985096323,,,,,0.6162355365675121,,0.04368452173990323,0.005417740634376428,0.10691726817527691,,0.009489879687316651,0.0172566272621412,0.0046281986038332786,0.022172408448698486,0.012607029342602523,0.01458796470921247
2025-12-02,0.011168532151424708,,,0.005744366026664851,,,,,0.021265489814270726,,,0.012442041315313629,,,,,,,,,,,,,,,,,,,,,,,,,0.005943915543944638,,,,,,,,,,,,,,,,,,,0.006963848327619081,,,,,,,,,,,,,0.005048238920589506,,,,,,,0.11627708102709476,0.008701727940814925,0.010439820251456042,,0.008701121380519327,,,,,,,,,,,,,,,,,,,,,,,,,0.004044975333714012,,,,,0.6125612636762006,,0.044763886269980166,0.005422663296173704,0.1077035288991672,,0.009944980607057546,0.01682128604235388,0.004545071328590943,0.021821726504380638,0.012167697356614623,0.01434028277631905
2025-12-03,0.011202722663363881,,,0.005743739535342608,,,,,0.02177913561795962,,,0.012459022243957006,,,,,,,,,,,,,,,,,,,,,,,,,0.0059989099573742434,,,,,,,,,,,,,,,,,,,0.007108486056538401,,,,,,,,,,,,,0.0049564200506915625,,,,,,,0.11778604493860802,0.008784215147115962,0.010878729749808257,,0.008879170908975088,,,,,,,,,,,,,,,,,,,,,,,,,0.004056905682331702,,,,,0.6088869907848892,,0.045843250800057106,0.005427585957970981,0.1084897896230575,,0.010400081526798444,0.016385944822566556,0.0044619440533486075,0.021471044560062786,0.011728365370626723,0.014092600843425632
2025-12-04,0.011236913175303054,,,0.005743113044020366,,,,,0.022292781421648512,,,0.012476003172600381,,,,,,,,,,,,,,,,,,,,,,,,,0.006053904370803849,,,,,,,,,,,,,,,,,,,0.007253123785457721,,,,,,,,,,,,,0.004864601180793619,,,,,,,0.11929500885012126,0.008866702353416998,0.011317639248160472,,0.00905722043743085,,,,,,,,,,,,,,,,,,,,,,,,,0.004068836030949392,,,,,0.6052127178935778,,0.046922615330134046,0.005432508619768257,0.10927605034694779,,0.01085518244653934,0.01595060360277923,0.004378816778106271,0.021120362615744938,0.011289033384638823,0.013844918910532212
2025-12-05,0.011271103687242226,,,0.005742486552698123,,,,,0.022806427225337406,,,0.012492984101243759,,,,,,,,,,,,,,,,,,,,,,,,,0.006108898784233455,,,,,,,,,,,,,,,,,,,0.007397761514377041,,,,,,,,,,,,,0.004772782310895676,,,,,,,0.12080397276163451,0.008949189559718036,0.011756548746512689,,0.009235269965886611,,,,,,,,,,,,,,,,,,,,,,,,,0.004080766379567081,,,,,0.6015384450022664,,0.048001979860210986,0.005437431281565533,0.11006231107083808,,0.011310283366280236,0.015515262382991907,0.0042956895028639355,0.020769680671427086,0.010849701398650923,0.013597236977638793
2025-12-06,0.011305294199181401,,,0.005741860061375881,,,,,0.0233200730290263,,,0.012509965029887136,,,,,,,,,,,,,,,,,,,,,,,,,0.0061638931976630605,,,,,,,,,,,,,,,,,,,0.0075423992432963605,,,,,,,,,,,,,0.004680963440997733,,,,,,,0.12231293667314777,0.009031676766019072,0.012195458244864905,,0.009413319494342372,,,,,,,,,,,,,,,,,,,,,,,,,0.004092696728184771,,,,,0.597864172110955,,0.049081344390287926,0.00544235394336281,0.11084857179472837,,0.011765384286021134,0.015079921163204585,0.0042125622276216,0.020418998727109238,0.010410369412663024,0.013349555044745373
2025-12-07,0.011339484711120573,,,0.005741233570053638,,,,,0.023833718832715192,,,0.012526945958530511,,,,,,,,,,,,,,,,,,,,,,,,,0.006218887611092666,,,,,,,,,,,,,,,,,,,0.007687036972215681,,,,,,,,,,,,,0.00458914457109979,,,,,,,0.12382190058466103,0.009114163972320108,0.01263436774321712,,0.009591369022798134,,,,,,,,,,,,,,,,,,,,,,,,,0.00410462707680246,,,,,0.5941898992196435,,0.05016070892036486,0.005447276605160086,0.11163483251861868,,0.01222048520576203,0.014644579943417262,0.004129434952379264,0.020068316782791387,0.009971037426675124,0.013101873111851955
2025-12-08,0.011373675223059746,,,0.0057406070787313955,,,,,0.024347364636404085,,,0.012543926887173889,,,,,,,,,,,,,,,,,,,,,,,,,0.006273882024522272,,,,,,,,,,,,,,,,,,,0.007831674701135001,,,,,,,,,,,,,0.0044973257012018465,,,,,,,0.12533086449617428,0.009196651178621146,0.013073277241569335,,0.009769418551253895,,,,,,,,,,,,,,,,,,,,,,,,,0.0041165574254201495,,,,,0.5905156263283321,,0.0512400734504418,0.005452199266957363,0.11242109324250897,,0.012675586125502927,0.014209238723629938,0.004046307677136929,0.01971763483847354,0.009531705440687224,0.012854191178958535
2025-12-09,0.011407865734998919,,,0.005739980587409153,,,,,0.02486101044009298,,,0.012560907815817266,,,,,,,,,,,,,,,,,,,,,,,,,0.006328876437951878,,,,,,,,,,,,,,,,,,,0.00797631243005432,,,,,,,,,,,,,0.004405506831303903,,,,,,,0.12683982840768754,0.009279138384922182,0.013512186739921552,,0.009947468079709657,,,,,,,,,,,,,,,,,,,,,,,,,0.004128487774037839,,,,,0.5868413534370207,,0.05231943798051874,0.005457121928754639,0.11320735396639926,,0.013130687045243823,0.013773897503842614,0.003963180401894592,0.019366952894155687,0.009092373454699324,0.012606509246065116
2025-12-10,0.01144205624693809,,,0.0057393540960869105,,,,,0.02537465624378187,,,0.012577888744460641,,,,,,,,,,,,,,,,,,,,,,,,,0.006383870851381483,,,,,,,,,,,,,,,,,,,0.00812095015897364,,,,,,,,,,,,,0.00431368796140596,,,,,,,0.12834879231920077,0.009361625591223218,0.013951096238273768,,0.010125517608165418,,,,,,,,,,,,,,,,,,,,,,,,,0.004140418122655529,,,,,0.5831670805457092,,0.05339880251059567,0.005462044590551916,0.11399361469028955,,0.013585787964984719,0.013338556284055291,0.003880053126652257,0.01901627094983784,0.008653041468711424,0.012358827313171696
2025-12-11,0.011476246758877264,,,0.005738727604764668,,,,,0.025888302047470762,,,0.012594869673104019,,,,,,,,,,,,,,,,,,,,,,,,,0.006438865264811089,,,,,,,,,,,,,,,,,,,0.00826558788789296,,,,,,,,,,,,,0.004221869091508017,,,,,,,0.12985775623071402,0.009444112797524256,0.014390005736625983,,0.01030356713662118,,,,,,,,,,,,,,,,,,,,,,,,,0.0041523484712732185,,,,,0.5794928076543978,,0.05447816704067261,0.0054669672523491916,0.11477987541417985,,0.014040888884725617,0.012903215064267969,0.0037969258514099213,0.018665589005519987,0.008213709482723524,0.012111145380278278
2025-12-12,0.011510437270816437,,,0.005738101113442425,,,,,0.026401947851159655,,,0.012611850601747394,,,,,,,,,,,,,,,,,,,,,,,,,0.006493859678240695,,,,,,,,,,,,,,,,,,,0.008410225616812279,,,,,,,,,,,,,0.004130050221610074,,,,,,,0.13136672014222728,0.009526600003825292,0.014828915234978198,,0.01048161666507694,,,,,,,,,,,,,,,,,,,,,,,,,0.004164278819890908,,,,,0.5758185347630864,,0.05555753157074955,0.005471889914146468,0.11556613613807015,,0.014495989804466512,0.012467873844480644,0.003713798576167586,0.01831490706120214,0.007774377496735624,0.01186346344738486
2025-12-13,0.011544627782755609,,,0.005737474622120183,,,,,0.026915593654848545,,,0.012628831530390771,,,,,,,,,,,,,,,,,,,,,,,,,0.0065488540916703005,,,,,,,,,,,,,,,,,,,0.008554863345731599,,,,,,,,,,,,,0.0040382313517121305,,,,,,,0.13287568405374053,0.009609087210126328,0.015267824733330413,,0.010659666193532702,,,,,,,,,,,,,,,,,,,,,,,,,0.004176209168508598,,,,,0.572144261871775,,0.05663689610082649,0.005476812575943745,0.11635239686196044,,0.01495109072420741,0.012032532624693322,0.0036306713009252502,0.017964225116884287,0.007335045510747724,0.01161578151449144
2025-12-14,0.011578818294694784,,,0.00573684813079794,,,,,0.02742923945853744,,,0.012645812459034149,,,,,,,,,,,,,,,,,,,,,,,,,0.006603848505099906,,,,,,,,,,,,,,,,,,,0.00869950107465092,,,,,,,,,,,,,0.003946412481814187,,,,,,,0.1343846479652538,0.009691574416427366,0.01570673423168263,,0.010837715721988463,,,,,,,,,,,,,,,,,,,,,,,,,0.0041881395171262875,,,,,0.5684699889804636,,0.05771626063090343,0.005481735237741021,0.11713865758585074,,0.015406191643948308,0.011597191404905997,0.0035475440256829143,0.01761354317256644,0.006895713524759824,0.011368099581598021
2025-12-15,0.011613008806633955,,,0.005736221639475698,,,,,0.02794288526222633,,,0.012662793387677524,,,,,,,,,,,,,,,,,,,,,,,,,0.006658842918529512,,,,,,,,,,,,,,,,,,,0.00884413880357024,,,,,,,,,,,,,0.0038545936119162446,,,,,,,0.13589361187676705,0.009774061622728402,0.016145643730034846,,0.011015765250444225,,,,,,,,,,,,,,,,,,,,,,,,,0.004200069865743977,,,,,0.5647957160891521,,0.058795625160980365,0.005486657899538298,0.11792491830974103,,0.015861292563689202,0.011161850185118675,0.0034644167504405783,0.017262861228248588,0.0064563815387719235,0.011120417648704601
2025-12-16,0.011647199318573128,,,0.005735595148153454,,,,,0.028456531065915225,,,0.012679774316320901,,,,,,,,,,,,,,,,,,,,,,,,,0.006713837331959117,,,,,,,,,,,,,,,,,,,0.008988776532489558,,,,,,,,,,,,,0.0037627747420183014,,,,,,,0.1374025757882803,0.009856548829029439,0.01658455322838706,,0.011193814778899986,,,,,,,,,,,,,,,,,,,,,,,,,0.004212000214361666,,,,,0.5611214431978407,,0.059874989691057305,0.005491580561335574,0.11871117903363132,,0.0163163934834301,0.010726508965331352,0.0033812894751982427,0.01691217928393074,0.006017049552784023,0.010872735715811183
2025-12-17,0.011681389830512302,,,0.005734968656831212,,,,,0.028970176869604118,,,0.012696755244964279,,,,,,,,,,,,,,,,,,,,,,,,,0.006768831745388722,,,,,,,,,,,,,,,,,,,0.009133414261408878,,,,,,,,,,,,,0.003670955872120358,,,,,,,0.13891153969979353,0.009939036035330476,0.017023462726739276,,0.011371864307355747,,,,,,,,,,,,,,,,,,,,,,,,,0.004223930562979356,,,,,0.5574471703065293,,0.060954354221134245,0.0054965032231328505,0.11949743975752161,,0.016771494403170994,0.010291167745544028,0.003298162199955907,0.016561497339612888,0.005577717566796123,0.010625053782917762
2025-12-18,0.011715580342451473,,,0.005734342165508969,,,,,0.02948382267329301,,,0.012713736173607654,,,,,,,,,,,,,,,,,,,,,,,,,0.006823826158818328,,,,,,,,,,,,,,,,,,,0.009278051990328199,,,,,,,,,,,,,0.003579137002222415,,,,,,,0.14042050361130679,0.010021523241631513,0.01746237222509149,,0.011549913835811509,,,,,,,,,,,,,,,,,,,,,,,,,0.004235860911597045,,,,,0.5537728974152178,,0.06203371875121118,0.0055014258849301265,0.12028370048141192,,0.017226595322911892,0.009855826525756705,0.003215034924713571,0.016210815395295036,0.005138385580808223,0.010377371850024344
2025-12-19,0.011749770854390646,,,0.005733715674186727,,,,,0.029997468476981905,,,0.012730717102251031,,,,,,,,,,,,,,,,,,,,,,,,,0.006878820572247934,,,,,,,,,,,,,,,,,,,0.009422689719247517,,,,,,,,,,,,,0.003487318132324472,,,,,,,0.14192946752282004,0.010104010447932549,0.01790128172344371,,0.011727963364267272,,,,,,,,,,,,,,,,,,,,,,,,,0.004247791260214735,,,,,0.5500986245239065,,0.06311308328128812,0.005506348546727403,0.12106996120530221,,0.01768169624265279,0.009420485305969381,0.0031319076494712357,0.015860133450977188,0.004699053594820325,0.010129689917130924
2025-12-20,0.01178396136632982,,,0.005733089182864484,,,,,0.030511114280670798,,,0.012747698030894409,,,,,,,,,,,,,,,,,,,,,,,,,0.0069338149856775395,,,,,,,,,,,,,,,,,,,0.009567327448166837,,,,,,,,,,,,,0.0033954992624265286,,,,,,,0.1434384314343333,0.010186497654233587,0.018340191221795924,,0.011906012892723033,0.0030718038789927403,0.01246156853934125,,,,,,,,,,,,,,,,,,,,,,,0.004259721608832425,,,,,0.5464243516325951,,0.06419244781136506,0.00551127120852468,0.1218562219291925,0.0033954992624265286,0.018136797162393685,0.008985144086182058,0.0030487803742289,0.015509451506659338,0.004259721608832425,0.009882007984237506
2025-12-21,0.011818151878268993,,,0.005732462691542242,,,,,0.03131162453376281,,,0.012764678959537784,,,,,,,,,,,,,,,,,,,,,,,,,0.006988809399107145,,,,,,,,,,,,,,,,,,,0.009389791452938775,,,,,,,,,,,,,0.0036321131803956452,,,,,,,0.14343824997373228,0.009927941090268878,0.01779043131613256,,0.011796538917613831,0.0035673579234363215,0.01245260778038448,,,,,,,,,,,,,,,,,,,,,,,,,,,,0.5426370718573429,,0.06580359308163115,0.005516193870321956,0.1219502846824423,0.0037992322931483776,0.018829842197841788,0.009379299903972661,0.003045212918160695,0.015271283295338126,0.005160057920009021,0.009634326051344086
2025-12-22,0.011852342390208166,,,0.005731836200219999,,,,,0.03211213478685482,,,0.012781659888181161,,,,,,,,,,,,,,,,,,,,,,,,,0.007043803812536751,,,,,,,,,,,,,,,,,,,0.009212255457710712,,,,,,,,,,,,,0.003868727098364762,,,,,,,0.14343806851313123,0.009669384526304172,0.0172406714104692,,0.011687064942504629,0.004062911967879903,0.012443647021427709,,,,,,,,,,,,,,,,,,,,,,,,,,,,0.5388497920820907,,0.06741473835189725,0.005521116532119233,0.12204434743569209,0.004202965323870227,0.01952288723328989,0.009773455721763266,0.003041645462092489,0.015033115084016911,0.006060394231185618,0.009386644118450667
2025-12-23,0.011886532902147338,,,0.005731209708897757,,,,,0.03291264503994683,,,0.012798640816824539,,,,,,,,,,,,,,,,,,,,,,,,,0.007098798225966357,,,,,,,,,,,,,,,,,,,0.009034719462482648,,,,,,,,,,,,,0.004105341016333878,,,,,,,0.14343788705253022,0.009410827962339463,0.016690911504805835,,0.011577590967395426,0.004558466012323485,0.01243468626247094,,,,,,,,,,,,,,,,,,,,,,,,,,,,0.5350625123068387,,0.06902588362216334,0.005526039193916509,0.12213841018894189,0.0046066983545920755,0.020215932268737993,0.010167611539553869,0.003038078006024284,0.014794946872695698,0.006960730542362215,0.009138962185557247
2025-12-24,0.011920723414086511,,,0.005730583217575514,,,,,0.03371315529303883,,,0.012815621745467914,,,,,,,,,,,,,,,,,,,,,,,,,0.007153792639395962,,,,,,,,,,,,,,,,,,,0.008857183467254585,,,,,,,,,,,,,0.004341954934302995,,,,,,,0.14343770559192917,0.009152271398374755,0.016141151599142475,,0.011468116992286224,0.005054020056767066,0.012425725503514168,,,,,,,,,,,,,,,,,,,,,,,,,,,,0.5312752325315865,,0.07063702889242944,0.0055309618557137855,0.12223247294219168,0.005010431385313924,0.020908977304186095,0.010561767357344473,0.0030345105499560788,0.014556778661374486,0.007861066853538812,0.008891280252663829
2025-12-25,0.011954913926025684,,,0.0057299567262532715,,,,,0.03451366554613084,,,0.012832602674111291,,,,,,,,,,,,,,,,,,,,,,,,,0.007208787052825568,,,,,,,,,,,,,,,,,,,0.008679647472026522,,,,,,,,,,,,,0.004578568852272111,,,,,,,0.14343752413132815,0.008893714834410047,0.01559139169347911,,0.011358643017177022,0.005549574101210647,0.012416764744557399,,,,,,,,,,,,,,,,,,,,,,,,,,,,0.5274879527563343,,0.07224817416269554,0.005535884517511062,0.12232653569544148,0.0054141644160357735,0.021602022339634198,0.010955923175135076,0.003030943093887873,0.014318610450053271,0.008761403164715409,0.008643598319770409
2025-12-26,0.011989104437964856,,,0.005729330234931029,,,,,0.03531417579922285,,,0.012849583602754669,,,,,,,,,,,,,,,,,,,,,,,,,0.007263781466255174,,,,,,,,,,,,,,,,,,,0.008502111476798458,,,,,,,,,,,,,0.004815182770241228,,,,,,,0.1434373426707271,0.00863515827044534,0.015041631787815748,,0.01124916904206782,0.006045128145654229,0.012407803985600629,,,,,,,,,,,,,,,,,,,,,,,,,,,,0.5237006729810821,,0.07385931943296163,0.005540807179308338,0.12242059844869128,0.005817897446757623,0.0222950673750823,0.011350078992925679,0.003027375637819668,0.014080442238732059,0.009661739475892005,0.00839591638687699
2025-12-27,0.01202329494990403,,,0.0057287037436087864,,,,,0.03611468605231486,,,0.012866564531398044,,,,,,,,,,,,,,,,,,,,,,,,,0.0073187758796847795,,,,,,,,,,,,,,,,,,,0.008324575481570395,,,,,,,,,,,,,0.0050517966882103445,,,,,,,0.1434371612101261,0.008376601706480632,0.014491871882152386,,0.011139695066958617,0.00654068219009781,0.012398843226643858,,,,,,,,,,,,,,,,,,,,,,,,,,,,0.5199133932058301,,0.07547046470322773,0.005545729841105615,0.12251466120194107,0.0062216304774794715,0.0229881124105304,0.011744234810716283,0.0030238081817514626,0.013842274027410846,0.010562075787068602,0.00814823445398357
2025-12-28,0.012057485461843202,,,0.005728077252286544,,,,,0.03691519630540687,,,0.012883545460041421,,,,,,,,,,,,,,,,,,,,,,,,,0.007373770293114385,,,,,,,,,,,,,,,,,,,0.008147039486342333,,,,,,,,,,,,,0.005288410606179461,,,,,,,0.14343697974952505,0.008118045142515923,0.013942111976489022,,0.011030221091849413,0.007036236234541391,0.012389882467687088,,,,,,,,,,,,,,,,,,,,,,,,,,,,0.5161261134305779,,0.07708160997349382,0.005550652502902891,0.12260872395519087,0.00662536350820132,0.023681157445978505,0.012138390628506888,0.0030202407256832574,0.013604105816089632,0.011462412098245198,0.007900552521090152
2025-12-29,0.012091675973782374,,,0.005727450760964301,,,,,0.03771570655849888,,,0.012900526388684799,,,,,,,,,,,,,,,,,,,,,,,,,0.007428764706543991,,,,,,,,,,,,,,,,,,,0.00796950349111427,,,,,,,,,,,,,0.005525024524148577,,,,,,,0.14343679828892403,0.007859488578551215,0.013392352070825661,,0.010920747116740211,0.007531790278984972,0.012380921708730317,,,,,,,,,,,,,,,,,,,,,,,,,,,,0.5123388336553257,,0.07869275524375992,0.005555575164700168,0.12270278670844066,0.007029096538923169,0.024374202481426605,0.01253254644629749,0.0030166732696150517,0.013365937604768419,0.012362748409421795,0.0076528705881967335
2025-12-30,0.012125866485721549,,,0.005726824269642059,,,,,0.038516216811590884,,,0.012917507317328174,,,,,,,,,,,,,,,,,,,,,,,,,0.007483759119973597,,,,,,,,,,,,,,,,,,,0.007791967495886207,,,,,,,,,,,,,0.005761638442117694,,,,,,,0.14343661682832298,0.0076009320145865086,0.012842592165162297,,0.010811273141631009,0.008027344323428554,0.012371960949773548,,,,,,,,,,,,,,,,,,,,,,,,,,,,0.5085515538800736,,0.08030390051402601,0.0055604978264974445,0.12279684946169046,0.007432829569645019,0.02506724751687471,0.012926702264088093,0.0030131058135468465,0.013127769393447206,0.013263084720598391,0.007405188655303315
2025-12-31,0.01216005699766072,,,0.005726197778319816,,,,,0.039316727064682894,,,0.012934488245971551,,,,,,,,,,,,,,,,,,,,,,,,,0.007538753533403202,,,,,,,,,,,,,,,,,,,0.007614431500658143,,,,,,,,,,,,,0.00599825236008681,,,,,,,0.14343643536772197,0.0073423754506218,0.012292832259498935,,0.010701799166521806,0.008522898367872135,0.012363000190816778,,,,,,,,,,,,,,,,,,,,,,,,,,,,0.5047642741048215,,0.08191504578429211,0.00556542048829472,0.12289091221494026,0.007836562600366867,0.02576029255232281,0.013320858081878698,0.0030095383574786413,0.012889601182125992,0.014163421031774988,0.007157506722409893
2026-01-01,0.012194247509599895,,,0.005725571286997574,,,,,0.040117237317774904,,,0.012951469174614929,,,,,,,,,,,,,,,,,,,,,,,,,0.007593747946832808,,,,,,,,,,,,,,,,,,,0.00743689550543008,,,,,,,,,,,,,0.006234866278055928,,,,,,,0.14343625390712092,0.007083818886657093,0.011743072353835572,,0.010592325191412604,0.009018452412315716,0.012354039431860007,,,,,,,,,,,,,,,,,,,,,,,,,,,,0.5009769943295693,,0.0835261910545582,0.005570343150091997,0.12298497496819005,0.008240295631088716,0.026453337587770912,0.0137150138996693,0.0030059709014104356,0.01265143297080478,0.015063757342951586,0.006909824789516475
2026-01-02,0.012228438021539067,,,0.005724944795675331,,,,,0.040917747570866914,,,0.012968450103258304,,,,,,,,,,,,,,,,,,,,,,,,,0.007648742360262414,,,,,,,,,,,,,,,,,,,0.007259359510202018,,,,,,,,,,,,,0.006471480196025043,,,,,,,0.1434360724465199,0.006825262322692385,0.011193312448172208,,0.010482851216303402,0.009514006456759299,0.012345078672903237,,,,,,,,,,,,,,,,,,,,,,,,,,,,0.49718971455431715,,0.0851373363248243,0.005575265811889273,0.12307903772143985,0.008644028661810564,0.027146382623219015,0.014109169717459905,0.0030024034453422304,0.012413264759483565,0.01596409365412818,0.006662142856623057
2026-01-03,0.012262628533478238,,,0.005724318304353089,,,,,0.041718257823958924,,,0.012985431031901681,,,,,,,,,,,,,,,,,,,,,,,,,0.007703736773692019,,,,,,,,,,,,,,,,,,,0.007081823514973954,,,,,,,,,,,,,0.00670809411399416,,,,,,,0.14343589098591886,0.006566705758727677,0.010643552542508847,,0.0103733772411942,0.010009560501202878,0.012336117913946468,,,,,,,,,,,,,,,,,,,,,,,,,,,,0.493402434779065,,0.0867484815950904,0.00558018847368655,0.12317310047468966,0.009047761692532415,0.027839427658667117,0.014503325535250508,0.002998835989274025,0.012175096548162352,0.01686442996530478,0.006414460923729638
2026-01-04,0.012296819045417413,,,0.005723691813030846,,,,,0.042518768077050934,,,0.013002411960545059,,,,,,,,,,,,,,,,,,,,,,,,,0.007758731187121625,,,,,,,,,,,,,,,,,,,0.006904287519745891,,,,,,,,,,,,,0.006944708031963277,,,,,,,0.14343570952531784,0.006308149194762969,0.010093792636845483,,0.010263903266084997,0.010505114545646461,0.012327157154989696,,,,,,,,,,,,,,,,,,,,,,,,,,,,0.48961515500381286,,0.08835962686535649,0.005585111135483826,0.12326716322793944,0.009451494723254263,0.02853247269411522,0.01489748135304111,0.0029952685332058195,0.011936928336841138,0.017764766276481374,0.006166778990836216
2026-01-05,0.012331009557356585,,,0.005723065321708604,,,,,0.043319278330142943,,,0.013019392889188434,,,,,,,,,,,,,,,,,,,,,,,,,0.00781372560055123,,,,,,,,,,,,,,,,,,,0.006726751524517828,,,,,,,,,,,,,0.007181321949932393,,,,,,,0.14343552806471682,0.006049592630798261,0.009544032731182121,,0.010154429290975795,0.011000668590090041,0.012318196396032927,,,,,,,,,,,,,,,,,,,,,,,,,,,,0.4858278752285607,,0.08997077213562259,0.005590033797281103,0.12336122598118925,0.009855227753976112,0.029225517729563322,0.015291637170831715,0.0029917010771376143,0.011698760125519925,0.018665102587657974,0.005919097057942798
2026-01-06,0.01236520006929576,,,0.005722438830386361,,,,,0.04411978858323495,,,0.013036373817831811,,,,,,,,,,,,,,,,,,,,,,,,,0.007868720013980837,,,,,,,,,,,,,,,,,,,0.006549215529289765,,,,,,,,,,,,,0.00741793586790151,,,,,,,0.14343534660411578,0.005791036066833554,0.008994272825518759,,0.010044955315866593,0.011496222634533624,0.012309235637076156,,,,,,,,,,,,,,,,,,,,,,,,,,,,0.4820405954533086,,0.09158191740588868,0.005594956459078379,0.12345528873443903,0.01025896078469796,0.029918562765011425,0.01568579298862232,0.002988133621069409,0.011460591914198712,0.019565438898834567,0.00567141512504938
2026-01-07,0.012399390581234931,,,0.0057218123390641185,,,,,0.04492029883632696,,,0.013053354746475189,,,,,,,,,,,,,,,,,,,,,,,,,0.007923714427410442,,,,,,,,,,,,,,,,,,,0.006371679534061702,,,,,,,,,,,,,0.007654549785870626,,,,,,,0.14343516514351476,0.005532479502868845,0.008444512919855396,,0.00993548134075739,0.011991776678977203,0.012300274878119386,,,,,,,,,,,,,,,,,,,,,,,,,,,,0.4782533156780564,,0.09319306267615478,0.005599879120875655,0.12354935148768884,0.01066269381541981,0.030611607800459528,0.016079948806412923,0.002984566165001204,0.011222423702877498,0.020465775210011167,0.005423733192155961
2026-01-08,0.012433581093174103,,,0.005721185847741876,,,,,0.045720809089418966,,,0.013070335675118564,,,,,,,,,,,,,,,,,,,,,,,,,0.007978708840840048,,,,,,,,,,,,,,,,,,,0.006194143538833638,,,,,,,,,,,,,0.007891163703839743,,,,,,,0.1434349836829137,0.005273922938904138,0.007894753014192032,,0.009826007365648188,0.012487330723420786,0.012291314119162617,,,,,,,,,,,,,,,,,,,,,,,,,,,,0.4744660359028043,,0.09480420794642087,0.005604801782672932,0.12364341424093864,0.01106642684614166,0.03130465283590763,0.016474104624203526,0.002980998708932998,0.010984255491556285,0.02136611152118776,0.0051760512592625395
2026-01-09,0.012467771605113278,,,0.005720559356419633,,,,,0.046521319342510976,,,0.013087316603761941,,,,,,,,,,,,,,,,,,,,,,,,,0.008033703254269654,,,,,,,,,,,,,,,,,,,0.006016607543605576,,,,,,,,,,,,,0.008127777621808859,,,,,,,0.1434348022223127,0.00501536637493943,0.00734499310852867,,0.009716533390538986,0.012982884767864366,0.012282353360205845,,,,,,,,,,,,,,,,,,,,,,,,,,,,0.4706787561275521,,0.09641535321668697,0.005609724444470208,0.12373747699418843,0.011470159876863508,0.03199769787135573,0.016868260441994132,0.002977431252864793,0.010746087280235073,0.02226644783236436,0.004928369326369121
2026-01-10,0.01250196211705245,,,0.00571993286509739,,,,,0.047321829595602986,,,0.013104297532405319,,,,,,,,,,,,,,,,,,,,,,,,,0.00808869766769926,,,,,,,,,,,,,,,,,,,0.005839071548377513,,,,,,,,,,,,,0.008364391539777976,,,,,,,0.14343462076171165,0.004756809810974722,0.006795233202865307,,0.009607059415429782,0.013478438812307949,0.012273392601249076,,,,,,,,,,,,,,,,,,,,,,,,,,,,0.4668914763523,,0.09802649848695306,0.005614647106267485,0.12383153974743823,0.011873892907585356,0.032690742906803835,0.01726241625978473,0.0029738637967965877,0.010507919068913858,0.023166784143540953,0.004680687393475703
2026-01-11,0.012536152628991621,,,0.0057193063737751475,,,,,0.048122339848694996,,,0.013121278461048694,,,,,,,,,,,,,,,,,,,,,,,,,0.008143692081128865,,,,,,,,,,,,,,,,,,,0.0056615355531494495,,,,,,,,,,,,,0.008601005457747092,,,,,,,0.14343443930111063,0.004498253247010014,0.006245473297201945,,0.009497585440320581,0.013973992856751528,0.012264431842292305,,,,,,,,,,,,,,,,,,,,,,,,,,,,0.4631041965770478,,0.09963764375721916,0.005619569768064761,0.12392560250068801,0.012277625938307207,0.033383787942251934,0.017656572077575337,0.002970296340728382,0.010269750857592646,0.024067120454717553,0.004433005460582284
2026-01-12,0.012570343140930796,,,0.005718679882452905,,,,,0.048922850101787006,,,0.013138259389692071,,,,,,,,,,,,,,,,,,,,,,,,,0.00819868649455847,,,,,,,,,,,,,,,,,,,0.005483999557921386,,,,,,,,,,,,,0.00883761937571621,,,,,,,0.1434342578405096,0.004239696683045306,0.005695713391538583,,0.009388111465211377,0.014469546901195111,0.012255471083335535,,,,,,,,,,,,,,,,,,,,,,,,,,,,0.45931691680179565,,0.10124878902748526,0.0056244924298620375,0.12401966525393782,0.012681358969029055,0.03407683297770004,0.01805072789536594,0.002966728884660177,0.010031582646271433,0.024967456765894146,0.0041853235276888626
2026-01-13,0.012604533652869968,,,0.005718053391130662,,,,,0.04972336035487901,,,0.013155240318335449,,,,,,,,,,,,,,,,,,,,,,,,,0.008253680907988076,,,,,,,,,,,,,,,,,,,0.005306463562693323,,,,,,,,,,,,,0.009074233293685325,,,,,,,0.14343407637990857,0.003981140119080599,0.00514595348587522,,0.009278637490102175,0.014965100945638694,0.012246510324378766,,,,,,,,,,,,,,,,,,,,,,,,,,,,0.45552963702654353,,0.10285993429775135,0.005629415091659314,0.12411372800718762,0.013085091999750904,0.03476987801314814,0.018444883713156543,0.0029631614285919716,0.009793414434950218,0.025867793077070746,0.003937641594795444
2026-01-14,0.012638724164809143,,,0.00571742689980842,,,,,0.05052387060797102,,,0.013172221246978824,,,,,,,,,,,,,,,,,,,,,,,,,0.008308675321417682,,,,,,,,,,,,,,,,,,,0.005128927567465261,,,,,,,,,,,,,0.009310847211654443,,,,,,,0.14343389491930753,0.0037225835551158905,0.004596193580211856,,0.009169163514992973,0.015460654990082274,0.012237549565421994,,,,,,,,,,,,,,,,,,,,,,,,,,,,0.4517423572512914,,0.10447107956801745,0.00563433775345659,0.1242077907604374,0.013488825030472752,0.035462923048596245,0.01883903953094715,0.002959593972523766,0.009555246223629006,0.026768129388247346,0.003689959661902026
2026-01-15,0.012672914676748314,,,0.005716800408486177,,,,,0.05132438086106303,,,0.013189202175622201,,,,,,,,,,,,,,,,,,,,,,,,,0.008363669734847288,,,,,,,,,,,,,,,,,,,0.004951391572237197,,,,,,,,,,,,,0.009547461129623559,,,,,,,0.1434337134587065,0.003464026991151183,0.004046433674548494,,0.00905968953988377,0.015956209034525857,0.012228588806465225,,,,,,,,,,,,,,,,,,,,,,,,,,,,0.44795507747603924,,0.10608222483828354,0.005639260415253867,0.12430185351368721,0.0138925580611946,0.036155968084044345,0.01923319534873775,0.0029560265164555607,0.009317078012307793,0.02766846569942394,0.0034422777290086075
2026-01-16,0.012707105188687486,,,0.005716173917163935,,,,,0.05212489111415504,,,0.013206183104265579,,,,,,,,,,,,,,,,,,,,,,,,,0.008418664148276894,,,,,,,,,,,,,,,,,,,0.004773855577009134,,,,,,,,,,,,,0.009784075047592674,,,,,,,0.14343353199810546,0.0032054704271864748,0.0034966737688851314,,0.008950215564774568,0.016451763078969436,0.012219628047508454,,,,,,,,,,,,,,,,,,,,,,,,,,,,0.44416779770078707,,0.10769337010854964,0.005644183077051143,0.124395916266937,0.014296291091916451,0.036849013119492444,0.019627351166528355,0.0029524590603873554,0.009078909800986579,0.02856880201060054,0.003194595796115189
2026-01-17,0.01274129570062666,,,0.005715547425841692,,,,,0.05292540136724705,,,0.013223164032908954,,,,,,,,,,,,,,,,,,,,,,,,,0.0084736585617065,,,,,,,,,,,,,,,,,,,0.004596319581781071,,,,,,,,,,,,,0.010020688965561792,,,,,,,0.14343335053750444,0.002946913863221767,0.002946913863221767,,0.008840741589665366,0.01694731712341302,0.012210667288551684,,,,,,,,,,,,,,,,,,,,,,,,,,,,0.44038051792553495,,0.10930451537881573,0.00564910573884842,0.1244899790201868,0.0147000241226383,0.03754205815494055,0.020021506984318958,0.0029488916043191498,0.008840741589665366,0.029469138321777135,0.002946913863221767
2026-01-18,0.012775486212565832,,,0.00571492093451945,,,,,0.055577773833647315,,,0.013240144961552331,,,,,,,,,,,,,,,,,,,,,,,,,0.00833711430563454,,,,,,,,,,,,,,,,,,,0.0046521101145352095,,,,,,,,,,,,,0.010257302883530908,,,,,,,0.14020361593563335,,0.0035060125669198004,,0.009023967598165738,0.01650814220442297,0.01244091101190337,,,,,,,,,,,,,,,,,,,,,,,,,,,,0.4357691244253902,,0.11153783612460096,,0.12755013661471756,0.014810184081762866,0.03810857875006534,0.019985020517840377,0.0029453241482509445,0.008744945622137923,0.028666611261931863,0.0032815565465993454
2026-01-19,0.012809676724505004,,,0.005714294443197207,,,,,0.05823014630004758,,,0.013257125890195707,,,,,,,,,,,,,,,,,,,,,,,,,0.00820057004956258,,,,,,,,,,,,,,,,,,,0.004707900647289348,,,,,,,,,,,,,0.010493916801500025,,,,,,,0.13697388133376226,,0.004065111270617833,,0.009207193606666109,0.01606896728543292,0.012671154735255055,,,,,,,,,,,,,,,,,,,,,,,,,,,,0.4311577309252454,,0.11377115687038618,,0.13061029420924833,0.014920344040887433,0.03867509934519013,0.019948534051361794,0.0029417566921827393,0.008649149654610479,0.027864084202086595,0.003616199229976924
2026-01-20,0.012843867236444179,,,0.005713667951874965,,,,,0.060882518766447846,,,0.013274106818839084,,,,,,,,,,,,,,,,,,,,,,,,,0.008064025793490621,,,,,,,,,,,,,,,,,,,0.004763691180043487,,,,,,,,,,,,,0.01073053071946914,,,,,,,0.13374414673189117,,0.0046242099743158665,,0.00939041961516648,0.015629792366442873,0.01290139845860674,,,,,,,,,,,,,,,,,,,,,,,,,,,,0.42654633742510056,,0.1160044776161714,,0.13367045180377907,0.015030504000012,0.03924161994031492,0.019912047584883213,0.002938189236114534,0.008553353687083036,0.027061557142241323,0.003950841913354502
2026-01-21,0.01287805774838335,,,0.005713041460552722,,,,,0.06353489123284811,,,0.013291087747482461,,,,,,,,,,,,,,,,,,,,,,,,,0.007927481537418662,,,,,,,,,,,,,,,,,,,0.004819481712797625,,,,,,,,,,,,,0.010967144637438258,,,,,,,0.13051441213002007,,0.0051833086780138996,,0.009573645623666853,0.015190617447452823,0.013131642181958426,,,,,,,,,,,,,,,,,,,,,,,,,,,,0.4219349439249558,,0.11823779836195662,,0.13673060939830983,0.015140663959136566,0.03980814053543971,0.019875561118404633,0.0029346217800463284,0.008457557719555593,0.02625903008239605,0.004285484596732081
2026-01-22,0.012912248260322525,,,0.00571241496923048,,,,,0.06618726369924838,,,0.013308068676125837,,,,,,,,,,,,,,,,,,,,,,,,,0.007790937281346703,,,,,,,,,,,,,,,,,,,0.004875272245551764,,,,,,,,,,,,,0.011203758555407374,,,,,,,0.12728467752814898,,0.005742407381711933,,0.009756871632167223,0.014751442528462774,0.013361885905310112,,,,,,,,,,,,,,,,,,,,,,,,,,,,0.417323550424811,,0.12047111910774183,,0.1397907669928406,0.015250823918261134,0.040374661130564496,0.019839074651926053,0.002931054323978123,0.008361761752028149,0.02545650302255078,0.004620127280109659
2026-01-23,0.012946438772261697,,,0.005711788477908237,,,,,0.06883963616564864,,,0.013325049604769214,,,,,,,,,,,,,,,,,,,,,,,,,0.007654393025274744,,,,,,,,,,,,,,,,,,,0.004931062778305902,,,,,,,,,,,,,0.01144037247337649,,,,,,,0.12405494292627789,,0.0063015060854099665,,0.009940097640667596,0.014312267609472724,0.013592129628661798,,,,,,,,,,,,,,,,,,,,,,,,,,,,0.41271215692466623,,0.12270443985352705,,0.14285092458737136,0.0153609838773857,0.04094118172568929,0.01980258818544747,0.002927486867909918,0.008265965784500706,0.02465397596270551,0.004954769963487238
2026-01-24,0.012980629284200868,,,0.0057111619865859945,,,,,0.07149200863204891,,,0.013342030533412591,,,,,,,,,,,,,,,,,,,,,,,,,0.0075178487692027845,,,,,,,,,,,,,,,,,,,0.004986853311060041,,,,,,,,,,,,,0.011676986391345607,,,,,,,0.1208252083244068,,0.0068606047891080005,,0.010123323649167968,0.013873092690482675,0.013822373352013483,,,,,,,,,,,,,,,,,,,,,,,,,,,,0.4081007634245214,,0.12493776059931228,,0.14591108218190213,0.015471143836510267,0.04150770232081408,0.01976610171896889,0.0029239194118417123,0.008170169816973261,0.02385144890286024,0.005289412646864817
2026-01-25,0.013014819796140043,,,0.005710535495263752,,,,,0.07414438109844917,,,0.013359011462055967,,,,,,,,,,,,,,,,,,,,,,,,,0.007381304513130825,,,,,,,,,,,,,,,,,,,0.005042643843814179,,,,,,,,,,,,,0.011913600309314723,,,,,,,0.1175954737225357,,0.0074197034928060335,,0.010306549657668338,0.013433917771492625,0.01405261707536517,,,,,,,,,,,,,,,,,,,,,,,,,,,,0.4034893699243766,,0.1271710813450975,,0.1489712397764329,0.015581303795634834,0.04207422291593887,0.01972961525249031,0.002920351955773507,0.008074373849445819,0.023048921843014967,0.005624055330242395
2026-01-26,0.013049010308079215,,,0.0057099090039415094,,,,,0.07679675356484944,,,0.013375992390699344,,,,,,,,,,,,,,,,,,,,,,,,,0.007244760257058867,,,,,,,,,,,,,,,,,,,0.005098434376568318,,,,,,,,,,,,,0.01215021422728384,,,,,,,0.11436573912066461,,0.007978802196504067,,0.01048977566616871,0.012994742852502576,0.014282860798716856,,,,,,,,,,,,,,,,,,,,,,,,,,,,0.39887797642423184,,0.12940440209088272,,0.15203139737096366,0.0156914637547594,0.04264074351106366,0.019693128786011725,0.002916784499705302,0.007978577881918376,0.0222463947831697,0.005958698013619973
2026-01-27,0.01308320082001839,,,0.005709282512619267,,,,,0.0794491260312497,,,0.013392973319342721,,,,,,,,,,,,,,,,,,,,,,,,,0.007108216000986907,,,,,,,,,,,,,,,,,,,0.0051542249093224565,,,,,,,,,,,,,0.012386828145252956,,,,,,,0.11113600451879352,,0.0085379009002021,,0.010673001674669082,0.012555567933512528,0.014513104522068542,,,,,,,,,,,,,,,,,,,,,,,,,,,,0.39426658292408706,,0.13163772283666794,,0.1550915549654944,0.015801623713883967,0.04320726410618845,0.019656642319533145,0.002913217043637096,0.007882781914390931,0.021443867723324427,0.006293340696997552
2026-01-28,0.013117391331957561,,,0.005708656021297024,,,,,0.08210149849764997,,,0.013409954247986097,,,,,,,,,,,,,,,,,,,,,,,,,0.006971671744914948,,,,,,,,,,,,,,,,,,,0.005210015442076595,,,,,,,,,,,,,0.012623442063222074,,,,,,,0.10790626991692243,,0.009096999603900133,,0.010856227683169453,0.012116393014522477,0.014743348245420227,,,,,,,,,,,,,,,,,,,,,,,,,,,,0.3896551894239423,,0.13387104358245316,,0.15815171256002516,0.015911783673008533,0.04377378470131324,0.019620155853054565,0.002909649587568891,0.007786985946863488,0.020641340663479155,0.006627983380375131
2026-01-29,0.013151581843896733,,,0.005708029529974782,,,,,0.08475387096405024,,,0.013426935176629474,,,,,,,,,,,,,,,,,,,,,,,,,0.0068351274888429885,,,,,,,,,,,,,,,,,,,0.005265805974830734,,,,,,,,,,,,,0.01286005598119119,,,,,,,0.10467653531505135,,0.009656098307598166,,0.011039453691669825,0.011677218095532429,0.014973591968771913,,,,,,,,,,,,,,,,,,,,,,,,,,,,0.38504379592379745,,0.1361043643282384,,0.16121187015455593,0.0160219436321331,0.04434030529643803,0.019583669386575984,0.0029060821315006857,0.007691189979336045,0.019838813603633883,0.006962626063752709
2026-01-30,0.013185772355835908,,,0.005707403038652539,,,,,0.0874062434304505,,,0.013443916105272851,,,,,,,,,,,,,,,,,,,,,,,,,0.006698583232771029,,,,,,,,,,,,,,,,,,,0.005321596507584871,,,,,,,,,,,,,0.013096669899160307,,,,,,,0.10144680071318025,,0.010215197011296199,,0.011222679700170195,0.01123804317654238,0.015203835692123599,,,,,,,,,,,,,,,,,,,,,,,,,,,,0.38043240242365267,,0.1383376850740236,,0.1642720277490867,0.016132103591257666,0.04490682589156282,0.0195471829200974,0.0029025146754324805,0.007595394011808601,0.01903628654378861,0.007297268747130287
2026-01-31,0.01321996286777508,,,0.005706776547330297,,,,,0.09005861589685077,,,0.013460897033916227,,,,,,,,,,,,,,,,,,,,,,,,,0.00656203897669907,,,,,,,,,,,,,,,,,,,0.005377387040339011,,,,,,,,,,,,,0.013333283817129423,,,,,,,0.09821706611130916,,0.010774295714994234,,0.011405905708670568,0.01079886825755233,0.015434079415475284,,,,,,,,,,,,,,,,,,,,,,,,,,,,0.3758210089235079,,0.14057100581980883,,0.16733218534361743,0.016242263550382233,0.045473346486687605,0.01951069645361882,0.002898947219364275,0.007499598044281158,0.018233759483943342,0.007631911430507867
2026-02-01,0.01325415337971425,,,0.005706150056008054,,,,,0.09271098836325103,,,0.013477877962559604,,,,,,,,,,,,,,,,,,,,,,,,,0.00642549472062711,,,,,,,,,,,,,,,,,,,0.005433177573093148,,,,,,,,,,,,,0.013569897735098538,,,,,,,0.09498733150943807,,0.011333394418692267,,0.01158913171717094,0.010359693338562282,0.01566432313882697,,,,,,,,,,,,,,,,,,,,,,,,,,,,0.3712096154233631,,0.14280432656559405,,0.1703923429381482,0.0163524235095068,0.046039867081812395,0.01947420998714024,0.0028953797632960696,0.007403802076753715,0.01743123242409807,0.007966554113885445
2026-02-02,0.013288343891653426,,,0.005705523564685811,,,,,0.0953633608296513,,,0.013494858891202981,,,,,,,,,,,,,,,,,,,,,,,,,0.006288950464555151,,,,,,,,,,,,,,,,,,,0.005488968105847287,,,,,,,,,,,,,0.013806511653067656,,,,,,,0.09175759690756698,,0.0118924931223903,,0.011772357725671312,0.00992051841957223,0.015894566862178657,,,,,,,,,,,,,,,,,,,,,,,,,,,,0.36659822192321834,,0.14503764731137928,,0.17345250053267897,0.016462583468631366,0.046606387676937186,0.019437723520661657,0.0028918123072278644,0.007308006109226271,0.016628705364252802,0.008301196797263023
2026-02-03,0.013322534403592597,,,0.005704897073363568,,,,,0.09801573329605157,,,0.013511839819846357,,,,,,,,,,,,,,,,,,,,,,,,,0.006152406208483192,,,,,,,,,,,,,,,,,,,0.0055447586386014255,,,,,,,,,,,,,0.014043125571036772,,,,,,,0.08852786230569588,,0.012451591826088333,,0.011955583734171682,0.009481343500582183,0.016124810585530343,,,,,,,,,,,,,,,,,,,,,,,,,,,,0.3619868284230735,,0.1472709680571645,,0.17651265812720973,0.016572743427755932,0.04717290827206198,0.019401237054183076,0.0028882448511596587,0.007212210141698827,0.01582617830440753,0.008635839480640603
2026-02-04,0.013356724915531772,,,0.005704270582041326,,,,,0.10066810576245183,,,0.013528820748489734,,,,,,,,,,,,,,,,,,,,,,,,,0.006015861952411233,,,,,,,,,,,,,,,,,,,0.005600549171355564,,,,,,,,,,,,,0.01427973948900589,,,,,,,0.08529812770382479,,0.013010690529786366,,0.012138809742672054,0.009042168581592134,0.01635505430888203,,,,,,,,,,,,,,,,,,,,,,,,,,,,0.3573754349229287,,0.14950428880294972,,0.1795728157217405,0.0166829033868805,0.04773942886718677,0.019364750587704496,0.0028846773950914535,0.007116414174171384,0.015023651244562258,0.008970482164018181
2026-02-05,0.013390915427470944,,,0.005703644090719083,,,,,0.1033204782288521,,,0.013545801677133111,,,,,,,,,,,,,,,,,,,,,,,,,0.005879317696339274,,,,,,,,,,,,,,,,,,,0.005656339704109703,,,,,,,,,,,,,0.014516353406975005,,,,,,,0.0820683931019537,,0.013569789233484399,,0.012322035751172425,0.008602993662602084,0.016585298032233714,,,,,,,,,,,,,,,,,,,,,,,,,,,,0.35276404142278395,,0.15173760954873494,,0.18263297331627126,0.01679306334600507,0.04830594946231156,0.019328264121225916,0.0028811099390232482,0.007020618206643941,0.014221124184716988,0.00930512484739576
2026-02-06,0.013425105939410115,,,0.005703017599396841,,,,,0.10597285069525236,,,0.013562782605776487,,,,,,,,,,,,,,,,,,,,,,,,,0.005742773440267314,,,,,,,,,,,,,,,,,,,0.005712130236863841,,,,,,,,,,,,,0.014752967324944122,,,,,,,0.0788386585000826,,0.014128887937182432,,0.012505261759672797,0.008163818743612035,0.0168155417555854,,,,,,,,,,,,,,,,,,,,,,,,,,,,0.3481526479226391,,0.15397093029452014,,0.18569313091080203,0.016903223305129635,0.04887247005743635,0.019291777654747332,0.0028775424829550426,0.006924822239116497,0.013418597124871718,0.009639767530773337
2026-02-07,0.01345929645134929,,,0.005702391108074598,,,,,0.10862522316165263,,,0.013579763534419864,,,,,,,,,,,,,,,,,,,,,,,,,0.005606229184195356,,,,,,,,,,,,,,,,,,,0.00576792076961798,,,,,,,,,,,,,0.014989581242913238,,,,,,,0.07560892389821151,,0.014687986640880467,,0.01268848776817317,0.007724643824621985,0.017045785478937085,,,,,,,,,,,,,,,,,,,,,,,,,,,,0.3435412544224944,,0.1562042510403054,,0.1887532885053328,0.017013383264254202,0.04943899065256114,0.019255291188268752,0.0028739750268868373,0.0068290262715890535,0.012616070065026446,0.009974410214150917
2026-02-08,0.013493486963288462,,,0.005701764616752356,,,,,0.1112775956280529,,,0.013596744463063241,,,,,,,,,,,,,,,,,,,,,,,,,0.0054696849281233965,,,,,,,,,,,,,,,,,,,0.005823711302372118,,,,,,,,,,,,,0.015226195160882356,,,,,,,0.07237918929634042,,0.0152470853445785,,0.012871713776673541,0.007285468905631936,0.01727602920228877,,,,,,,,,,,,,,,,,,,,,,,,,,,,0.33892986092234956,,0.15843757178609058,,0.19181344609986353,0.01712354322337877,0.05000551124768593,0.019218804721790172,0.002870407570818632,0.006733230304061611,0.011813543005181174,0.010309052897528495
2026-02-09,0.013527677475227637,,,0.005701138125430113,,,,,0.11392996809445316,,,0.013613725391706617,,,,,,,,,,,,,,,,,,,,,,,,,0.005333140672051437,,,,,,,,,,,,,,,,,,,0.005879501835126257,,,,,,,,,,,,,0.015462809078851471,,,,,,,0.06914945469446933,,0.015806184048276533,,0.013054939785173912,0.006846293986641888,0.017506272925640456,,,,,,,,,,,,,,,,,,,,,,,,,,,,0.3343184674222048,,0.16067089253187583,,0.1948736036943943,0.017233703182503335,0.050572031842810714,0.019182318255311588,0.002866840114750427,0.006637434336534167,0.011011015945335902,0.010643695580906073
2026-02-10,0.013561867987166808,,,0.0057005116341078705,,,,,0.11658234056085343,,,0.013630706320349994,,,,,,,,,,,,,,,,,,,,,,,,,0.005196596415979478,,,,,,,,,,,,,,,,,,,0.005935292367880395,,,,,,,,,,,,,0.01569942299682059,,,,,,,0.06591972009259825,,0.016365282751974564,,0.013238165793674284,0.006407119067651838,0.017736516648992142,,,,,,,,,,,,,,,,,,,,,,,,,,,,0.32970707392206,,0.16290421327766103,,0.19793376128892506,0.0173438631416279,0.05113855243793551,0.019145831788833008,0.0028632726586822212,0.006541638369006723,0.010208488885490634,0.010978338264283653
2026-02-11,0.01359605849910598,,,0.005699885142785628,,,,,0.11923471302725369,,,0.013647687248993371,,,,,,,,,,,,,,,,,,,,,,,,,0.005060052159907518,,,,,,,,,,,,,,,,,,,0.005991082900634534,,,,,,,,,,,,,0.015936036914789706,,,,,,,0.06268998549072716,,0.0169243814556726,,0.013421391802174654,0.005967944148661789,0.017966760372343828,,,,,,,,,,,,,,,,,,,,,,,,,,,,0.32509568042191517,,0.16513753402344625,,0.2009939188834558,0.017454023100752468,0.051705073033060295,0.019109345322354428,0.002859705202614016,0.00644584240147928,0.009405961825645362,0.011312980947661231
2026-02-12,0.013630249011045155,,,0.005699258651463385,,,,,0.12188708549365396,,,0.013664668177636747,,,,,,,,,,,,,,,,,,,,,,,,,0.004923507903835559,,,,,,,,,,,,,,,,,,,0.0060468734333886725,,,,,,,,,,,,,0.01617265083275882,,,,,,,0.059460250888856064,,0.01748348015937063,,0.013604617810675027,0.005528769229671739,0.018197004095695513,,,,,,,,,,,,,,,,,,,,,,,,,,,,0.3204842869217704,,0.16737085476923147,,0.20405407647798657,0.017564183059877034,0.052271593628185085,0.019072858855875847,0.0028561377465458108,0.006350046433951836,0.00860343476580009,0.011647623631038809
2026-02-13,0.013664439522984326,,,0.005698632160141143,,,,,0.12453945796005422,,,0.013681649106280124,,,,,,,,,,,,,,,,,,,,,,,,,0.0047869636477636,,,,,,,,,,,,,,,,,,,0.006102663966142811,,,,,,,,,,,,,0.016409264750727938,,,,,,,0.05623051628698497,,0.018042578863068665,,0.013787843819175399,0.00508959431068169,0.0184272478190472,,,,,,,,,,,,,,,,,,,,,,,,,,,,0.3158728934216256,,0.1696041755150167,,0.20711423407251733,0.0176743430190016,0.052838114223309876,0.019036372389397264,0.002852570290477605,0.006254250466424393,0.007800907705954822,0.011982266314416389
2026-02-14,0.0136986300349235,,,0.0056980056688189,,,,,0.1271918304264545,,,0.0136986300349235,,,,,,,,,,,,,,,,,,,,,,,,,0.00465041939169164,,,,,,,,,,,,,,,,,,,0.00615845449889695,,,,,,,,,,,,,0.016645878668697055,,,,,,,0.05300078168511387,,0.0186016775667667,,0.01397106982767577,0.00465041939169164,0.018657491542398884,0.00465041939169164,,,,,,,,,,,,,,,,,,,,,,,,,,,0.31126149992148083,,0.17183749626080191,,0.2101743916670481,0.017784502978126168,0.05340463481843467,0.018999885922918684,0.0028490028344094,0.00615845449889695,0.00699838064610955,0.012316908997793967
2026-02-15,,,,,,,,,0.12698459897988604,,,,,,,,,,,,,,,,,,,,,,,,,,,,0.004780562186247757,,,,,,,,,,,,,,,,,,,0.006656384777410708,,,,,,,,,,,,,0.016882492586666173,,,,,,,0.05335266116474353,,0.01829626948040507,,0.014154295836176141,0.005121658584435558,0.019463113692056874,0.004935781531301947,,,,,,,,,,,,,,,,,,,,,,,,,,,0.3110515331583364,,0.17251735569110935,,0.20904190817049567,0.017490438551508912,0.05305276169840774,0.019896669249560295,0.005799755873990037,,0.007286844808342169,0.012714997696180227
2026-02-16,,,,,,,,,0.1267773675333176,,,,,,,,,,,,,,,,,,,,,,,,,,,,0.004910704980803873,,,,,,,,,,,,,,,,,,,0.007154315055924468,,,,,,,,,,,,,0.017119106504635287,,,,,,,0.053704540644373175,,0.017990861394043444,,0.014337521844676512,0.0055928977771794765,0.020268735841714867,0.005221143670912255,,,,,,,,,,,,,,,,,,,,,,,,,,,0.31084156639519195,,0.17319721512141678,,0.20790942467394324,0.01719637412489166,0.05270088857838081,0.02079345257620191,0.008750508913570675,,0.007575308970574789,0.013113086394566485
2026-02-17,,,,,,,,,0.12657013608674914,,,,,,,,,,,,,,,,,,,,,,,,,,,,0.005040847775359989,,,,,,,,,,,,,,,,,,,0.0076522453344382265,,,,,,,,,,,,,0.017355720422604404,,,,,,,0.05405642012400283,,0.017685453307681814,,0.014520747853176884,0.0060641369699233946,0.021074357991372857,0.0055065058105225615,,,,,,,,,,,,,,,,,,,,,,,,,,,0.3106315996320475,,0.17387707455172421,,0.20677694117739084,0.016902309698274404,0.05234901545835388,0.02169023590284352,0.011701261953151312,,0.007863773132807408,0.013511175092952745
2026-02-18,,,,,,,,,0.12636290464018066,,,,,,,,,,,,,,,,,,,,,,,,,,,,0.005170990569916106,,,,,,,,,,,,,,,,,,,0.008150175612951985,,,,,,,,,,,,,0.017592334340573522,,,,,,,0.054408299603632485,,0.017380045221320185,,0.014703973861677256,0.006535376162667313,0.021879980141030847,0.005791867950132869,,,,,,,,,,,,,,,,,,,,,,,,,,,0.310421632868903,,0.17455693398203165,,0.20564445768083842,0.016608245271657152,0.05199714233832695,0.022587019229485132,0.01465201499273195,,0.008152237295040029,0.013909263791339003
2026-02-19,,,,,,,,,0.1261556731936122,,,,,,,,,,,,,,,,,,,,,,,,,,,,0.005301133364472223,,,,,,,,,,,,,,,,,,,0.008648105891465745,,,,,,,,,,,,,0.01782894825854264,,,,,,,0.05476017908326213,,0.01707463713495856,,0.014887199870177628,0.007006615355411231,0.02268560229068884,0.006077230089743176,,,,,,,,,,,,,,,,,,,,,,,,,,,0.31021166610575857,,0.17523679341233908,,0.204511974184286,0.016314180845039897,0.051645269218300024,0.023483802556126747,0.017602768032312588,,0.008440701457272649,0.014307352489725263
2026-02-20,,,,,,,,,0.12594844174704375,,,,,,,,,,,,,,,,,,,,,,,,,,,,0.005431276159028339,,,,,,,,,,,,,,,,,,,0.009146036169979502,,,,,,,,,,,,,0.018065562176511753,,,,,,,0.05511205856289179,,0.01676922904859693,,0.015070425878678,0.00747785454815515,0.02349122444034683,0.006362592229353483,,,,,,,,,,,,,,,,,,,,,,,,,,,0.3100016993426141,,0.17591665284264651,,0.20337949068773356,0.01602011641842264,0.051293396098273096,0.024380585882768358,0.020553521071893222,,0.008729165619505267,0.014705441188111523
2026-02-21,,,,,,,,,0.1257412103004753,,,,,,,,,,,,,,,,,,,,,,,,,,,,0.005561418953584455,,,,,,,,,,,,,,,,,,,0.009643966448493262,,,,,,,,,,,,,0.01830217609448087,,,,,,,0.05546393804252144,,0.0164638209622353,,0.01525365188717837,0.007949093740899069,0.02429684659000482,0.00664795436896379,,,,,,,,,,,,,,,,,,,,,,,,,,,0.3097917325794697,,0.17659651227295398,,0.20224700719118116,0.01572605199180539,0.05094152297824617,0.02527736920940997,0.02350427411147386,,0.009017629781737887,0.01510352988649778
2026-02-22,,,,,,,,,0.12553397885390685,,,,,,,,,,,,,,,,,,,,,,,,,,,,0.0056915617481405716,,,,,,,,,,,,,,,,,,,0.010141896727007021,,,,,,,,,,,,,0.01853879001244999,,,,,,,0.05581581752215109,,0.016158412875873673,,0.015436877895678741,0.008420332933642985,0.025102468739662813,0.006933316508574098,,,,,,,,,,,,,,,,,,,,,,,,,,,0.30958176581632524,,0.1772763717032614,,0.20111452369462873,0.015431987565188134,0.05058964985821923,0.02617415253605158,0.026455027151054498,,0.009306093943970507,0.015501618584884039
2026-02-23,,,,,,,,,0.1253267474073384,,,,,,,,,,,,,,,,,,,,,,,,,,,,0.005821704542696688,,,,,,,,,,,,,,,,,,,0.01063982700552078,,,,,,,,,,,,,0.018775403930419102,,,,,,,0.056167697001780745,,0.015853004789512043,,0.015620103904179113,0.008891572126386905,0.025908090889320803,0.007218678648184405,,,,,,,,,,,,,,,,,,,,,,,,,,,0.3093717990531808,,0.17795623113356884,,0.1999820401980763,0.01513792313857088,0.050237776738192304,0.027070935862693192,0.029405780190635136,,0.009594558106203126,0.0158997072832703
2026-02-24,,,,,,,,,0.12511951596076995,,,,,,,,,,,,,,,,,,,,,,,,,,,,0.005951847337252804,,,,,,,,,,,,,,,,,,,0.01113775728403454,,,,,,,,,,,,,0.01901201784838822,,,,,,,0.0565195764814104,,0.015547596703150415,,0.015803329912679485,0.009362811319130821,0.026713713038978792,0.007504040787794711,,,,,,,,,,,,,,,,,,,,,,,,,,,0.30916183229003635,,0.17863609056387628,,0.19884955670152388,0.014843858711953626,0.049885903618165375,0.027967719189334807,0.03235653323021578,,0.009883022268435746,0.01629779598165656
2026-02-25,,,,,,,,,0.12491228451420149,,,,,,,,,,,,,,,,,,,,,,,,,,,,0.00608199013180892,,,,,,,,,,,,,,,,,,,0.011635687562548298,,,,,,,,,,,,,0.019248631766357337,,,,,,,0.056871455961040054,,0.015242188616788787,,0.015986555921179858,0.009834050511874741,0.027519335188636786,0.007789402927405019,,,,,,,,,,,,,,,,,,,,,,,,,,,0.30895186552689186,,0.1793159499941837,,0.19771707320497145,0.01454979428533637,0.04953403049813845,0.028864502515976418,0.03530728626979641,,0.010171486430668366,0.016695884680042815
2026-02-26,,,,,,,,,0.12470505306763303,,,,,,,,,,,,,,,,,,,,,,,,,,,,0.006212132926365037,,,,,,,,,,,,,,,,,,,0.012133617841062056,,,,,,,,,,,,,0.01948524568432645,,,,,,,0.0572233354406697,,0.014936780530427157,,0.01616978192968023,0.010305289704618659,0.028324957338294775,0.008074765067015325,,,,,,,,,,,,,,,,,,,,,,,,,,,0.3087418987637474,,0.17999580942449114,,0.19658458970841902,0.014255729858719118,0.04918215737811152,0.02976128584261803,0.038258039309377045,,0.010459950592900984,0.017093973378429078
2026-02-27,,,,,,,,,0.12449782162106457,,,,,,,,,,,,,,,,,,,,,,,,,,,,0.006342275720921154,,,,,,,,,,,,,,,,,,,0.012631548119575817,,,,,,,,,,,,,0.01972185960229557,,,,,,,0.05757521492029936,,0.01463137244406553,,0.0163530079381806,0.010776528897362577,0.029130579487952765,0.008360127206625633,,,,,,,,,,,,,,,,,,,,,,,,,,,0.30853193200060297,,0.18067566885479858,,0.19545210621186662,0.013961665432101863,0.04883028425808459,0.030658069169259644,0.04120879234895768,,0.010748414755133604,0.017492062076815335
2026-02-28,,,,,,,,,0.12429059017449612,,,,,,,,,,,,,,,,,,,,,,,,,,,,0.00647241851547727,,,,,,,,,,,,,,,,,,,0.013129478398089575,,,,,,,,,,,,,0.019958473520264686,,,,,,,0.057927094399929005,,0.014325964357703901,,0.01653623394668097,0.011247768090106495,0.02993620163761076,0.00864548934623594,,,,,,,,,,,,,,,,,,,,,,,,,,,0.30832196523745853,,0.181355528285106,,0.1943196227153142,0.013667601005484609,0.04847841113805766,0.03155485249590126,0.04415954538853832,,0.011036878917366225,0.017890150775201594
2026-03-01,,,,,,,,,0.12408335872792767,,,,,,,,,,,,,,,,,,,,,,,,,,,,0.006602561310033386,,,,,,,,,,,,,,,,,,,0.013627408676603335,,,,,,,,,,,,,0.020195087438233804,,,,,,,0.05827897387955866,,0.014020556271342272,,0.016719459955181343,0.011719007282850413,0.030741823787268745,0.008930851485846249,,,,,,,,,,,,,,,,,,,,,,,,,,,0.3081119984743141,,0.18203538771541344,,0.19318713921876177,0.013373536578867355,0.04812653801803073,0.03245163582254287,0.04711029842811896,,0.011325343079598845,0.018288239473587854
2026-03-02,,,,,,,,,0.1238761272813592,,,,,,,,,,,,,,,,,,,,,,,,,,,,0.006732704104589503,,,,,,,,,,,,,,,,,,,0.014125338955117094,,,,,,,,,,,,,0.020431701356202918,,,,,,,0.058630853359188315,,0.013715148184980644,,0.016902685963681715,0.012190246475594331,0.03154744593692674,0.009216213625456555,,,,,,,,,,,,,,,,,,,,,,,,,,,0.30790203171116964,,0.18271524714572088,,0.19205465572220934,0.0130794721522501,0.047774664898003805,0.03334841914918448,0.0500610514676996,,0.011613807241831465,0.01868632817197411
2026-03-03,,,,,,,,,0.12366889583479075,,,,,,,,,,,,,,,,,,,,,,,,,,,,0.00686284689914562,,,,,,,,,,,,,,,,,,,0.014623269233630852,,,,,,,,,,,,,0.020668315274172035,,,,,,,0.05898273283881797,,0.013409740098619016,,0.017085911972182087,0.01266148566833825,0.03235306808658473,0.009501575765066862,,,,,,,,,,,,,,,,,,,,,,,,,,,0.3076920649480252,,0.1833951065760283,,0.19092217222565694,0.012785407725632848,0.047422791777976876,0.03424520247582609,0.053011804507280234,,0.011902271404064083,0.01908441687036037
2026-03-04,,,,,,,,,0.1234616643882223,,,,,,,,,,,,,,,,,,,,,,,,,,,,0.006992989693701736,,,,,,,,,,,,,,,,,,,0.01512119951214461,,,,,,,,,,,,,0.020904929192141153,,,,,,,0.05933461231844762,,0.013104332012257386,,0.017269137980682456,0.013132724861082168,0.03315869023624272,0.009786937904677169,,,,,,,,,,,,,,,,,,,,,,,,,,,0.3074820981848807,,0.18407496600633574,,0.1897896887291045,0.012491343299015592,0.04707091865794995,0.035141985802467704,0.05596255754686087,,0.012190735566296703,0.01948250556874663
2026-03-05,,,,,,,,,0.12325443294165385,,,,,,,,,,,,,,,,,,,,,,,,,,,,0.007123132488257852,,,,,,,,,,,,,,,,,,,0.015619129790658371,,,,,,,,,,,,,0.021141543110110267,,,,,,,0.05968649179807727,,0.012798923925895758,,0.01745236398918283,0.013603964053826086,0.03396431238590071,0.010072300044287476,,,,,,,,,,,,,,,,,,,,,,,,,,,0.30727213142173626,,0.18475482543664318,,0.18865720523255208,0.012197278872398338,0.04671904553792302,0.03603876912910932,0.05891331058644151,,0.012479199728529324,0.01988059426713289
2026-03-06,,,,,,,,,0.12304720149508538,,,,,,,,,,,,,,,,,,,,,,,,,,,,0.007253275282813968,,,,,,,,,,,,,,,,,,,0.01611706006917213,,,,,,,,,,,,,0.021378157028079384,,,,,,,0.06003837127770693,,0.01249351583953413,,0.0176355899976832,0.014075203246570004,0.0347699345355587,0.010357662183897783,,,,,,,,,,,,,,,,,,,,,,,,,,,0.3070621646585918,,0.1854346848669506,,0.18752472173599966,0.011903214445781084,0.04636717241789609,0.036935552455750933,0.06186406362602215,,0.012767663890761942,0.02027868296551915
2026-03-07,,,,,,,,,0.12283997004851693,,,,,,,,,,,,,,,,,,,,,,,,,,,,0.007383418077370085,,,,,,,,,,,,,,,,,,,0.016614990347685887,,,,,,,,,,,,,0.021614770946048502,,,,,,,0.060390250757336575,,0.0121881077531725,,0.017818816006183572,0.014546442439313922,0.0355755566852167,0.01064302432350809,,,,,,,,,,,,,,,,,,,,,,,,,,,0.3068521978954474,,0.18611454429725804,,0.18639223823944723,0.011609150019163829,0.046015299297869156,0.03783233578239254,0.06481481666560279,,0.013056128052994562,0.020676771663905406
2026-03-08,,,,,,,,,0.12263273860194848,,,,,,,,,,,,,,,,,,,,,,,,,,,,0.007513560871926201,,,,,,,,,,,,,,,,,,,0.017112920626199648,,,,,,,,,,,,,0.02185138486401762,,,,,,,0.06074213023696623,,0.011882699666810872,,0.018002042014683944,0.01501768163205784,0.03638117883487468,0.010928386463118398,,,,,,,,,,,,,,,,,,,,,,,,,,,0.30664223113230293,,0.1867944037275655,,0.18525975474289483,0.011315085592546575,0.045663426177842234,0.03872911910903415,0.06776556970518342,,0.013344592215227182,0.021074860362291666
2026-03-09,,,,,,,,,0.12242550715538002,,,,,,,,,,,,,,,,,,,,,,,,,,,,0.007643703666482317,,,,,,,,,,,,,,,,,,,0.017610850904713406,,,,,,,,,,,,,0.022087998781986733,,,,,,,0.061094009716595885,,0.011577291580449244,,0.018185268023184313,0.015488920824801758,0.03718680098453267,0.011213748602728705,,,,,,,,,,,,,,,,,,,,,,,,,,,0.3064322643691585,,0.18747426315787294,,0.1841272712463424,0.011021021165929321,0.0453115530578153,0.039625902435675764,0.07071632274476407,,0.0136330563774598,0.021472949060677926
2026-03-10,,,,,,,,,0.12221827570881157,,,,,,,,,,,,,,,,,,,,,,,,,,,,0.007773846461038434,,,,,,,,,,,,,,,,,,,0.018108781183227163,,,,,,,,,,,,,0.02232461269995585,,,,,,,0.06144588919622553,,0.011271883494087614,,0.01836849403168469,0.015960160017545678,0.03799242313419067,0.011499110742339011,,,,,,,,,,,,,,,,,,,,,,,,,,,0.30622229760601405,,0.18815412258818037,,0.18299478774978997,0.010726956739312067,0.04495967993778837,0.04052268576231738,0.0736670757843447,,0.01392152053969242,0.021871037759064186
2026-03-11,,,,,,,,,0.12201104426224312,,,,,,,,,,,,,,,,,,,,,,,,,,,,0.007903989255594551,,,,,,,,,,,,,,,,,,,0.018606711461740925,,,,,,,,,,,,,0.02256122661792497,,,,,,,0.06179776867585519,,0.010966475407725986,,0.018551720040185057,0.016431399210289598,0.038798045283848656,0.01178447288194932,,,,,,,,,,,,,,,,,,,,,,,,,,,0.30601233084286955,,0.1888339820184878,,0.18186230425323754,0.010432892312694814,0.04460780681776144,0.04141946908895899,0.07661782882392534,,0.01420998470192504,0.022269126457450446
2026-03-12,,,,,,,,,0.12180381281567466,,,,,,,,,,,,,,,,,,,,,,,,,,,,0.008034132050150668,,,,,,,,,,,,,,,,,,,0.019104641740254683,,,,,,,,,,,,,0.022797840535894086,,,,,,,0.06214964815548484,,0.010661067321364359,,0.01873494604868543,0.016902638403033514,0.03960366743350664,0.012069835021559627,,,,,,,,,,,,,,,,,,,,,,,,,,,0.3058023640797251,,0.18951384144879524,,0.18072982075668514,0.010138827886077558,0.04425593369773451,0.0423162524156006,0.07956858186350597,,0.01449844886415766,0.022667215155836702
2026-03-13,,,,,,,,,0.1215965813691062,,,,,,,,,,,,,,,,,,,,,,,,,,,,0.008164274844706783,,,,,,,,,,,,,,,,,,,0.019602572018768444,,,,,,,,,,,,,0.0230344544538632,,,,,,,0.06250152763511449,,0.01035565923500273,,0.0189181720571858,0.01737387759577743,0.040409289583164636,0.012355197161169933,,,,,,,,,,,,,,,,,,,,,,,,,,,0.30559239731658067,,0.19019370087910267,,0.17959733726013272,0.009844763459460304,0.043904060577707585,0.043213035742242216,0.08251933490308662,,0.014786913026390281,0.023065303854222962
2026-03-14,,,,,,,,,0.12138934992253775,,,,,,,,,,,,,,,,,,,,,,,,,,,,0.0082944176392629,,,,,,,,,,,,,,,,,,,0.0201005022972822,,,,,,,,,,,,,0.023271068371832317,,,,,,,0.06285340711474414,,0.0100502511486411,,0.019101398065686174,0.01784511678852135,0.04121491173282263,0.01264055930078024,,,,,,,,,,,,,,,,,,,,,,,,,,,0.3053824305534362,,0.1908735603094101,,0.1784648537635803,0.00955069903284305,0.043552187457680656,0.044109819068883824,0.08547008794266725,,0.0150753771886229,0.023463392552609222
2026-03-15,,,,,,,,,0.12026091893425295,,,,,,,,,,,,,,,,,,,,,,,,,,,,,,,,,,,,,,,,,,,,,,,,,,,,,,,,,,,,,,,,,,,0.06351561937481161,,0.011494159049886668,,,0.01762307357941083,0.04181936261842823,0.01373663955102004,,,,,,,,,,,,,,,,,,,,,,,,,,,0.3054026571501578,,0.19137900873486485,,0.17992279323350102,0.009624885029292471,0.04407316421025561,0.04500660239552544,0.0884208409822479,,,0.023861481250995478
2026-03-16,,,,,,,,,0.11913248794596815,,,,,,,,,,,,,,,,,,,,,,,,,,,,,,,,,,,,,,,,,,,,,,,,,,,,,,,,,,,,,,,,,,,0.06417783163487907,,0.012938066951132237,,,0.01740103037030031,0.042423813504033826,0.01483271980125984,,,,,,,,,,,,,,,,,,,,,,,,,,,0.30542288374687937,,0.1918844571603196,,0.18138073270342175,0.00969907102574189,0.04459414096283057,0.04590338572216705,0.09137159402182853,,,0.02425956994938174
2026-03-17,,,,,,,,,0.11800405695768335,,,,,,,,,,,,,,,,,,,,,,,,,,,,,,,,,,,,,,,,,,,,,,,,,,,,,,,,,,,,,,,,,,,0.06484004389494653,,0.014381974852377804,,,0.01717898716118979,0.04302826438963943,0.015928800051499638,,,,,,,,,,,,,,,,,,,,,,,,,,,0.305443110343601,,0.19238990558577437,,0.18283867217334251,0.00977325702219131,0.04511511771540552,0.04680016904880867,0.09432234706140917,,,0.024657658647767998
2026-03-18,,,,,,,,,0.11687562596939854,,,,,,,,,,,,,,,,,,,,,,,,,,,,,,,,,,,,,,,,,,,,,,,,,,,,,,,,,,,,,,,,,,,0.065502256155014,,0.01582588275362337,,,0.01695694395207927,0.043632715275245024,0.017024880301739438,,,,,,,,,,,,,,,,,,,,,,,,,,,0.30546333694032257,,0.19289535401122912,,0.18429661164326325,0.009847443018640729,0.045636094467980476,0.047696952375450276,0.0972731001009898,,,0.025055747346154258
2026-03-19,,,,,,,,,0.11574719498111374,,,,,,,,,,,,,,,,,,,,,,,,,,,,,,,,,,,,,,,,,,,,,,,,,,,,,,,,,,,,,,,,,,,0.06616446841508146,,0.01726979065486894,,,0.016734900742968753,0.044237166160850626,0.01812096055197924,,,,,,,,,,,,,,,,,,,,,,,,,,,0.30548356353704414,,0.19340080243668387,,0.18575455111318398,0.00992162901509015,0.04615707122055543,0.048593735702091884,0.10022385314057043,,,0.025453836044540518
2026-03-20,,,,,,,,,0.11461876399282894,,,,,,,,,,,,,,,,,,,,,,,,,,,,,,,,,,,,,,,,,,,,,,,,,,,,,,,,,,,,,,,,,,,0.06682668067514892,,0.01871369855611451,,,0.01651285753385823,0.04484161704645622,0.01921704080221904,,,,,,,,,,,,,,,,,,,,,,,,,,,0.3055037901337657,,0.1939062508621386,,0.1872124905831047,0.009995815011539568,0.04667804797313039,0.0494905190287335,0.10317460618015108,,,0.025851924742926774
2026-03-21,,,,,,,,,0.11349033300454414,,,,,,,,,,,,,,,,,,,,,,,,,,,,,,,,,,,,,,,,,,,,,,,,,,,,,,,,,,,,,,,,,,,0.06748889293521639,,0.020157606457360075,,,0.016290814324747712,0.04544606793206182,0.020313121052458836,,,,,,,,,,,,,,,,,,,,,,,,,,,0.3055240167304873,,0.19441169928759336,,0.18867043005302547,0.010070001007988988,0.04719902472570534,0.05038730235537511,0.10612535921973171,,,0.026250013441313037
2026-03-22,,,,,,,,,0.11236190201625934,,,,,,,,,,,,,,,,,,,,,,,,,,,,,,,,,,,,,,,,,,,,,,,,,,,,,,,,,,,,,,,,,,,0.06815110519528385,,0.021601514358605644,,,0.016068771115637193,0.04605051881766742,0.021409201302698636,,,,,,,,,,,,,,,,,,,,,,,,,,,0.30554424332720886,,0.1949171477130481,,0.1901283695229462,0.010144187004438407,0.047720001478280295,0.05128408568201673,0.10907611225931235,,,0.026648102139699294
2026-03-23,,,,,,,,,0.11123347102797454,,,,,,,,,,,,,,,,,,,,,,,,,,,,,,,,,,,,,,,,,,,,,,,,,,,,,,,,,,,,,,,,,,,0.06881331745535131,,0.023045422259851213,,,0.015846727906526675,0.04665496970327302,0.022505281552938437,,,,,,,,,,,,,,,,,,,,,,,,,,,0.3055644699239305,,0.19542259613850288,,0.19158630899286694,0.010218373000887827,0.048240978230855255,0.05218086900865834,0.11202686529889298,,,0.027046190838085554
2026-03-24,,,,,,,,,0.11010504003968974,,,,,,,,,,,,,,,,,,,,,,,,,,,,,,,,,,,,,,,,,,,,,,,,,,,,,,,,,,,,,,,,,,,0.06947552971541877,,0.02448933016109678,,,0.015624684697416154,0.047259420588878616,0.023601361803178234,,,,,,,,,,,,,,,,,,,,,,,,,,,0.30558469652065207,,0.19592804456395763,,0.19304424846278767,0.010292558997337246,0.04876195498343021,0.053077652335299944,0.11497761833847363,,,0.027444279536471813
2026-03-25,,,,,,,,,0.10897660905140494,,,,,,,,,,,,,,,,,,,,,,,,,,,,,,,,,,,,,,,,,,,,,,,,,,,,,,,,,,,,,,,,,,,0.07013774197548624,,0.02593323806234235,,,0.015402641488305634,0.04786387147448422,0.024697442053418034,,,,,,,,,,,,,,,,,,,,,,,,,,,0.30560492311737364,,0.19643349298941237,,0.1945021879327084,0.010366744993786666,0.04928293173600516,0.05397443566194156,0.11792837137805426,,,0.02784236823485807
2026-03-26,,,,,,,,,0.10784817806312014,,,,,,,,,,,,,,,,,,,,,,,,,,,,,,,,,,,,,,,,,,,,,,,,,,,,,,,,,,,,,,,,,,,0.0707999542355537,,0.027377145963587916,,,0.015180598279195115,0.04846832236008981,0.025793522303657834,,,,,,,,,,,,,,,,,,,,,,,,,,,0.3056251497140952,,0.19693894141486712,,0.19596012740262914,0.010440930990236085,0.049803908488580115,0.05487121898858317,0.1208791244176349,,,0.02824045693324433
2026-03-27,,,,,,,,,0.10671974707483534,,,,,,,,,,,,,,,,,,,,,,,,,,,,,,,,,,,,,,,,,,,,,,,,,,,,,,,,,,,,,,,,,,,0.07146216649562116,,0.028821053864833482,,,0.014958555070084594,0.049072773245695415,0.026889602553897635,,,,,,,,,,,,,,,,,,,,,,,,,,,0.3056453763108168,,0.19744438984032187,,0.1974180668725499,0.010515116986685506,0.050324885241155075,0.05576800231522479,0.12382987745721553,,,0.02863854563163059
2026-03-28,,,,,,,,,0.10559131608655054,,,,,,,,,,,,,,,,,,,,,,,,,,,,,,,,,,,,,,,,,,,,,,,,,,,,,,,,,,,,,,,,,,,0.07212437875568863,,0.030264961766079054,,,0.014736511860974074,0.04967722413130102,0.027985682804137435,,,,,,,,,,,,,,,,,,,,,,,,,,,0.3056656029075384,,0.1979498382657766,,0.19887600634247063,0.010589302983134926,0.05084586199373003,0.0566647856418664,0.12678063049679617,,,0.02903663433001685
2026-03-29,,,,,,,,,0.10446288509826573,,,,,,,,,,,,,,,,,,,,,,,,,,,,,,,,,,,,,,,,,,,,,,,,,,,,,,,,,,,,,,,,,,,0.07278659101575609,,0.03170886966732462,,,0.014514468651863555,0.05028167501690661,0.029081763054377232,,,,,,,,,,,,,,,,,,,,,,,,,,,0.30568582950426,,0.1984552866912314,,0.20033394581239136,0.010663488979584345,0.05136683874630498,0.05756156896850802,0.1297313835363768,,,0.02943472302840311
2026-03-30,,,,,,,,,0.10333445410998093,,,,,,,,,,,,,,,,,,,,,,,,,,,,,,,,,,,,,,,,,,,,,,,,,,,,,,,,,,,,,,,,,,,0.07344880327582355,,0.033152777568570185,,,0.014292425442753037,0.05088612590251221,0.030177843304617032,,,,,,,,,,,,,,,,,,,,,,,,,,,0.30570605610098156,,0.19896073511668613,,0.2017918852823121,0.010737674976033765,0.05188781549887994,0.05845835229514962,0.13268213657595743,,,0.029832811726789366
2026-03-31,,,,,,,,,0.10220602312169613,,,,,,,,,,,,,,,,,,,,,,,,,,,,,,,,,,,,,,,,,,,,,,,,,,,,,,,,,,,,,,,,,,,0.07411101553589101,,0.03459668546981576,,,0.014070382233642516,0.05149057678811781,0.031273923554856836,,,,,,,,,,,,,,,,,,,,,,,,,,,0.30572628269770313,,0.19946618354214088,,0.20324982475223285,0.010811860972483184,0.052408792251454894,0.05935513562179123,0.13563288961553807,,,0.030230900425175625
2026-04-01,,,,,,,,,0.10107759213341133,,,,,,,,,,,,,,,,,,,,,,,,,,,,,,,,,,,,,,,,,,,,,,,,,,,,,,,,,,,,,,,,,,,0.07477322779595848,,0.03604059337106132,,,0.013848339024531996,0.05209502767372341,0.03237000380509664,,,,,,,,,,,,,,,,,,,,,,,,,,,0.3057465092944247,,0.19997163196759563,,0.2047077642221536,0.010886046968932604,0.05292976900402985,0.06025191894843285,0.13858364265511872,,,0.030628989123561885
2026-04-02,,,,,,,,,0.09994916114512653,,,,,,,,,,,,,,,,,,,,,,,,,,,,,,,,,,,,,,,,,,,,,,,,,,,,,,,,,,,,,,,,,,,0.07543544005602594,,0.03748450127230689,,,0.013626295815421477,0.05269947855932901,0.03346608405533643,,,,,,,,,,,,,,,,,,,,,,,,,,,0.3057667358911463,,0.20047708039305037,,0.20616570369207432,0.010960232965382023,0.0534507457566048,0.06114870227507446,0.14153439569469936,,,0.031027077821948145
2026-04-03,,,,,,,,,0.09882073015684173,,,,,,,,,,,,,,,,,,,,,,,,,,,,,,,,,,,,,,,,,,,,,,,,,,,,,,,,,,,,,,,,,,,0.0760976523160934,,0.03892840917355246,,,0.013404252606310958,0.0533039294449346,0.03456216430557623,,,,,,,,,,,,,,,,,,,,,,,,,,,0.3057869624878679,,0.20098252881850515,,0.20762364316199505,0.011034418961831443,0.053971722509179754,0.06204548560171608,0.14448514873427998,,,0.031425166520334405
2026-04-04,,,,,,,,,0.09769229916855691,,,,,,,,,,,,,,,,,,,,,,,,,,,,,,,,,,,,,,,,,,,,,,,,,,,,,,,,,,,,,,,,,,,0.07675986457616087,,0.04037231707479803,,,0.013182209397200438,0.053908380330540205,0.03565824455581603,,,,,,,,,,,,,,,,,,,,,,,,,,,0.3058071890845895,,0.2014879772439599,,0.20908158263191579,0.011108604958280862,0.054492699261754714,0.06294226892835768,0.14743590177386062,,,0.03182325521872066
2026-04-05,,,,,,,,,0.09656386818027211,,,,,,,,,,,,,,,,,,,,,,,,,,,,,,,,,,,,,,,,,,,,,,,,,,,,,,,,,,,,,,,,,,,0.07742207683622833,,0.0418162249760436,,,0.012960166188089917,0.05451283121614581,0.036754324806055824,,,,,,,,,,,,,,,,,,,,,,,,,,,0.30582741568131105,,0.20199342566941464,,0.21053952210183655,0.011182790954730282,0.05501367601432967,0.06383905225499929,0.15038665481344127,,,0.03222134391710692
2026-04-06,,,,,,,,,0.09543543719198731,,,,,,,,,,,,,,,,,,,,,,,,,,,,,,,,,,,,,,,,,,,,,,,,,,,,,,,,,,,,,,,,,,,0.07808428909629579,,0.043260132877289165,,,0.012738122978979399,0.0551172821017514,0.037850405056295625,,,,,,,,,,,,,,,,,,,,,,,,,,,0.3058476422780326,,0.20249887409486939,,0.21199746157175728,0.011256976951179701,0.05553465276690463,0.06473583558164091,0.15333740785302188,,,0.03261943261549318
2026-04-07,,,,,,,,,0.09430700620370251,,,,,,,,,,,,,,,,,,,,,,,,,,,,,,,,,,,,,,,,,,,,,,,,,,,,,,,,,,,,,,,,,,,0.07874650135636325,,0.04470404077853473,,,0.012516079769868878,0.055721732987357005,0.038946485306535425,,,,,,,,,,,,,,,,,,,,,,,,,,,0.3058678688747542,,0.20300432252032413,,0.213455401041678,0.011331162947629122,0.05605562951947958,0.06563261890828252,0.15628816089260253,,,0.033017521313879444
2026-04-08,,,,,,,,,0.09317857521541771,,,,,,,,,,,,,,,,,,,,,,,,,,,,,,,,,,,,,,,,,,,,,,,,,,,,,,,,,,,,,,,,,,,0.07940871361643072,,0.0461479486797803,,,0.012294036560758358,0.0563261838729626,0.040042565556775225,,,,,,,,,,,,,,,,,,,,,,,,,,,0.3058880954714758,,0.20350977094577888,,0.21491334051159874,0.01140534894407854,0.05657660627205453,0.06652940223492414,0.15923891393218317,,,0.0334156100122657
2026-04-09,,,,,,,,,0.09205014422713291,,,,,,,,,,,,,,,,,,,,,,,,,,,,,,,,,,,,,,,,,,,,,,,,,,,,,,,,,,,,,,,,,,,0.08007092587649818,,0.04759185658102587,,,0.012071993351647839,0.0569306347585682,0.041138645807015026,,,,,,,,,,,,,,,,,,,,,,,,,,,0.3059083220681974,,0.20401521937123365,,0.2163712799815195,0.01147953494052796,0.057097583024629486,0.06742618556156575,0.16218966697176382,,,0.03381369871065196
2026-04-10,,,,,,,,,0.09092171323884811,,,,,,,,,,,,,,,,,,,,,,,,,,,,,,,,,,,,,,,,,,,,,,,,,,,,,,,,,,,,,,,,,,,0.08073313813656564,,0.049035764482271434,,,0.01184995014253732,0.0575350856441738,0.042234726057254826,,,,,,,,,,,,,,,,,,,,,,,,,,,0.305928548664919,,0.2045206677966884,,0.21782921945144024,0.011553720936977381,0.05761855977720444,0.06832296888820735,0.16514042001134444,,,0.034211787409038213
2026-04-11,,,,,,,,,0.08979328225056331,,,,,,,,,,,,,,,,,,,,,,,,,,,,,,,,,,,,,,,,,,,,,,,,,,,,,,,,,,,,,,,,,,,0.0813953503966331,,0.050479672383517006,,,0.0116279069334268,0.0581395365297794,0.043330806307494626,,,,,,,,,,,,,,,,,,,,,,,,,,,0.30594877526164055,,0.20502611622214315,,0.21928715892136097,0.0116279069334268,0.0581395365297794,0.06921975221484897,0.16809117305092508,,,0.03460987610742448
2026-04-12,,,,,,,,,0.09957339268709932,,,,,,,,,,,,,,,,,,,,,,,,,,,,,,,,,,,,,,,,,,,,,,,,,,,,,,,,,,,,,,,,,,,0.08498188028378142,,0.05192358028476257,,,,0.0690060927798705,0.0467832174617797,,,,,,,,,,,,,,,,,,,,,,,,,,,,,0.21069076830255132,,,,0.059431526233397744,,0.17104192609050572,,,
2026-04-13,,,,,,,,,0.10935350312363534,,,,,,,,,,,,,,,,,,,,,,,,,,,,,,,,,,,,,,,,,,,,,,,,,,,,,,,,,,,,,,,,,,,0.08856841017092973,,0.05336748818600814,,,,0.07987264902996162,0.05023562861606477,,,,,,,,,,,,,,,,,,,,,,,,,,,,,0.21635542038295946,,,,0.06072351593701609,,0.17399267913008637,,,
2026-04-14,,,,,,,,,0.11913361356017135,,,,,,,,,,,,,,,,,,,,,,,,,,,,,,,,,,,,,,,,,,,,,,,,,,,,,,,,,,,,,,,,,,,0.09215494005807805,,0.05481139608725371,,,,0.09073920528005272,0.053688039770349846,,,,,,,,,,,,,,,,,,,,,,,,,,,,,0.22202007246336763,,,,0.06201550564063443,,0.176943432169667,,,
2026-04-15,,,,,,,,,0.12891372399670736,,,,,,,,,,,,,,,,,,,,,,,,,,,,,,,,,,,,,,,,,,,,,,,,,,,,,,,,,,,,,,,,,,,0.09574146994522637,,0.056255303988499275,,,,0.10160576153014383,0.05714045092463492,,,,,,,,,,,,,,,,,,,,,,,,,,,,,0.2276847245437758,,,,0.06330749534425278,,0.17989418520924763,,,
2026-04-16,,,,,,,,,0.1386938344332434,,,,,,,,,,,,,,,,,,,,,,,,,,,,,,,,,,,,,,,,,,,,,,,,,,,,,,,,,,,,,,,,,,,0.09932799983237467,,0.05769921188974484,,,,0.11247231778023495,0.06059286207891999,,,,,,,,,,,,,,,,,,,,,,,,,,,,,0.23334937662418398,,,,0.06459948504787112,,0.18284493824882828,,,
2026-04-17,,,,,,,,,0.14847394486977938,,,,,,,,,,,,,,,,,,,,,,,,,,,,,,,,,,,,,,,,,,,,,,,,,,,,,,,,,,,,,,,,,,,0.10291452971952299,,0.05914311979099041,,,,0.12333887403032606,0.06404527323320507,,,,,,,,,,,,,,,,,,,,,,,,,,,,,0.23901402870459215,,,,0.06589147475148947,,0.18579569128840892,,,
2026-04-18,,,,,,,,,0.15825405530631542,,,,,,,,,,,,,,,,,,,,,,,,,,,,,,,,,,,,,,,,,,,,,,,,,,,,,,,,,,,,,,,,,,,0.1065010596066713,,0.06058702769223598,,,,0.13420543028041718,0.06749768438749014,,,,,,,,,,,,,,,,,,,,,,,,,,,,,0.2446786807850003,,,,0.06718346445510781,,0.18874644432798954,,,
2026-04-19,,,,,,,,,0.16803416574285143,,,,,,,,,,,,,,,,,,,,,,,,,,,,,,,,,,,,,,,,,,,,,,,,,,,,,,,,,,,,,,,,,,,0.11008758949381961,,0.062030935593481544,,,,0.1450719865305083,0.07095009554177521,,,,,,,,,,,,,,,,,,,,,,,,,,,,,0.25034333286540844,,,,0.06847545415872616,,0.19169719736757018,,,
2026-04-20,,,,,,,,,0.17781427617938744,,,,,,,,,,,,,,,,,,,,,,,,,,,,,,,,,,,,,,,,,,,,,,,,,,,,,,,,,,,,,,,,,,,0.11367411938096793,,0.06347484349472711,,,,0.1559385427805994,0.07440250669606029,,,,,,,,,,,,,,,,,,,,,,,,,,,,,0.2560079849458166,,,,0.0697674438623445,,0.19464795040715083,,,
2026-04-21,,,,,,,,,0.18759438661592348,,,,,,,,,,,,,,,,,,,,,,,,,,,,,,,,,,,,,,,,,,,,,,,,,,,,,,,,,,,,,,,,,,,0.11726064926811625,,0.06491875139597268,,,,0.16680509903069052,0.07785491785034536,,,,,,,,,,,,,,,,,,,,,,,,,,,,,0.2616726370262248,,,,0.07105943356596285,,0.19759870344673144,,,
2026-04-22,,,,,,,,,0.19737449705245946,,,,,,,,,,,,,,,,,,,,,,,,,,,,,,,,,,,,,,,,,,,,,,,,,,,,,,,,,,,,,,,,,,,0.12084717915526455,,0.06636265929721824,,,,0.1776716552807816,0.08130732900463043,,,,,,,,,,,,,,,,,,,,,,,,,,,,,0.26733728910663296,,,,0.07235142326958119,,0.2005494564863121,,,
2026-04-23,,,,,,,,,0.2071546074889955,,,,,,,,,,,,,,,,,,,,,,,,,,,,,,,,,,,,,,,,,,,,,,,,,,,,,,,,,,,,,,,,,,,0.12443370904241287,,0.06780656719846381,,,,0.18853821153087272,0.0847597401589155,,,,,,,,,,,,,,,,,,,,,,,,,,,,,0.27300194118704113,,,,0.07364341297319954,,0.20350020952589273,,,
2026-04-24,,,,,,,,,0.21693471792553148,,,,,,,,,,,,,,,,,,,,,,,,,,,,,,,,,,,,,,,,,,,,,,,,,,,,,,,,,,,,,,,,,,,0.1280202389295612,,0.06925047509970939,,,,0.19940476778096383,0.08821215131320058,,,,,,,,,,,,,,,,,,,,,,,,,,,,,0.2786665932674493,,,,0.07493540267681789,,0.20645096256547338,,,
2026-04-25,,,,,,,,,0.22671482836206752,,,,,,,,,,,,,,,,,,,,,,,,,,,,,,,,,,,,,,,,,,,,,,,,,,,,,,,,,,,,,,,,,,,0.1316067688167095,,0.07069438300095494,,,,0.21027132403105495,0.09166456246748565,,,,,,,,,,,,,,,,,,,,,,,,,,,,,0.2843312453478575,,,,0.07622739238043623,,0.209401715605054,,,
2026-04-26,,,,,,,,,0.23649493879860356,,,,,,,,,,,,,,,,,,,,,,,,,,,,,,,,,,,,,,,,,,,,,,,,,,,,,,,,,,,,,,,,,,,0.13519329870385782,,0.07213829090220052,,,,0.22113788028114606,0.09511697362177073,,,,,,,,,,,,,,,,,,,,,,,,,,,,,0.2899958974282656,,,,0.07751938208405458,,0.21235246864463464,,,
2026-04-27,,,,,,,,,0.24627504923513954,,,,,,,,,,,,,,,,,,,,,,,,,,,,,,,,,,,,,,,,,,,,,,,,,,,,,,,,,,,,,,,,,,,0.13877982859100613,,0.07358219880344609,,,,0.23200443653123717,0.0985693847760558,,,,,,,,,,,,,,,,,,,,,,,,,,,,,0.2956605495086738,,,,0.07881137178767292,,0.21530322168421528,,,
2026-04-28,,,,,,,,,0.2560551596716756,,,,,,,,,,,,,,,,,,,,,,,,,,,,,,,,,,,,,,,,,,,,,,,,,,,,,,,,,,,,,,,,,,,0.14236635847815443,,0.07502610670469165,,,,0.2428709927813283,0.10202179593034087,,,,,,,,,,,,,,,,,,,,,,,,,,,,,0.30132520158908194,,,,0.08010336149129127,,0.21825397472379593,,,
2026-04-29,,,,,,,,,0.26583527010821156,,,,,,,,,,,,,,,,,,,,,,,,,,,,,,,,,,,,,,,,,,,,,,,,,,,,,,,,,,,,,,,,,,,0.14595288836530274,,0.07647001460593722,,,,0.2537375490314194,0.10547420708462595,,,,,,,,,,,,,,,,,,,,,,,,,,,,,0.3069898536694901,,,,0.08139535119490961,,0.22120472776337655,,,
2026-04-30,,,,,,,,,0.2756153805447476,,,,,,,,,,,,,,,,,,,,,,,,,,,,,,,,,,,,,,,,,,,,,,,,,,,,,,,,,,,,,,,,,,,0.14953941825245107,,0.07791392250718279,,,,0.2646041052815105,0.10892661823891102,,,,,,,,,,,,,,,,,,,,,,,,,,,,,0.3126545057498983,,,,0.08268734089852796,,0.2241554808029572,,,
2026-05-01,,,,,,,,,0.28539549098128364,,,,,,,,,,,,,,,,,,,,,,,,,,,,,,,,,,,,,,,,,,,,,,,,,,,,,,,,,,,,,,,,,,,0.1531259481395994,,0.07935783040842835,,,,0.2754706615316016,0.11237902939319609,,,,,,,,,,,,,,,,,,,,,,,,,,,,,0.31831915783030645,,,,0.0839793306021463,,0.22710623384253784,,,
2026-05-02,,,,,,,,,0.2951756014178196,,,,,,,,,,,,,,,,,,,,,,,,,,,,,,,,,,,,,,,,,,,,,,,,,,,,,,,,,,,,,,,,,,,0.1567124780267477,,0.08080173830967392,,,,0.2863372177816927,0.11583144054748117,,,,,,,,,,,,,,,,,,,,,,,,,,,,,0.3239838099107146,,,,0.08527132030576465,,0.23005698688211848,,,
2026-05-03,,,,,,,,,0.30495571185435566,,,,,,,,,,,,,,,,,,,,,,,,,,,,,,,,,,,,,,,,,,,,,,,,,,,,,,,,,,,,,,,,,,,0.160299007913896,,0.0822456462109195,,,,0.29720377403178383,0.11928385170176624,,,,,,,,,,,,,,,,,,,,,,,,,,,,,0.3296484619911228,,,,0.086563310009383,,0.2330077399216991,,,
2026-05-04,,,,,,,,,0.31473582229089164,,,,,,,,,,,,,,,,,,,,,,,,,,,,,,,,,,,,,,,,,,,,,,,,,,,,,,,,,,,,,,,,,,,0.1638855378010443,,0.08368955411216505,,,,0.3080703302818749,0.12273626285605131,,,,,,,,,,,,,,,,,,,,,,,,,,,,,0.33531311407153097,,,,0.08785529971300134,,0.23595849296127974,,,
2026-05-05,,,,,,,,,0.3245159327274277,,,,,,,,,,,,,,,,,,,,,,,,,,,,,,,,,,,,,,,,,,,,,,,,,,,,,,,,,,,,,,,,,,,0.16747206768819262,,0.08513346201341063,,,,0.318936886531966,0.1261886740103364,,,,,,,,,,,,,,,,,,,,,,,,,,,,,0.3409777661519391,,,,0.08914728941661967,,0.2389092460008604,,,
2026-05-06,,,,,,,,,0.3342960431639637,,,,,,,,,,,,,,,,,,,,,,,,,,,,,,,,,,,,,,,,,,,,,,,,,,,,,,,,,,,,,,,,,,,0.17105859757534095,,0.0865773699146562,,,,0.32980344278205714,0.12964108516462147,,,,,,,,,,,,,,,,,,,,,,,,,,,,,0.3466424182323473,,,,0.09043927912023803,,0.241859999040441,,,
2026-05-07,,,,,,,,,0.3440761536004997,,,,,,,,,,,,,,,,,,,,,,,,,,,,,,,,,,,,,,,,,,,,,,,,,,,,,,,,,,,,,,,,,,,0.17464512746248928,,0.08802127781590176,,,,0.34066999903214823,0.13309349631890655,,,,,,,,,,,,,,,,,,,,,,,,,,,,,0.35230707031275543,,,,0.09173126882385638,,0.24481075208002165,,,
2026-05-08,,,,,,,,,0.35385626403703574,,,,,,,,,,,,,,,,,,,,,,,,,,,,,,,,,,,,,,,,,,,,,,,,,,,,,,,,,,,,,,,,,,,0.17823165734963758,,0.08946518571714733,,,,0.35153655528223937,0.13654590747319162,,,,,,,,,,,,,,,,,,,,,,,,,,,,,0.3579717223931636,,,,0.09302325852747473,,0.2477615051196023,,,
2026-05-09,,,,,,,,,0.3636363744735718,,,,,,,,,,,,,,,,,,,,,,,,,,,,,,,,,,,,,,,,,,,,,,,,,,,,,,,,,,,,,,,,,,,0.1818181872367859,,0.0909090936183929,,,,0.36240311153233046,0.1399983186274767,,,,,,,,,,,,,,,,,,,,,,,,,,,,,0.3636363744735718,,,,0.09431524823109307,,0.25071225815918297,,,
2026-05-10,,,,,,,,,,,,,,,,,,,,,,,,,,,,,,,,,,,,,,,,,,,,,,,,,,,,,,,,,,,,,,,,,,,,,,,,,,,,,,,,,,0.3732696677824216,0.14345072978176177,,,,,,,,,,,,,,,,,,,,,,,,,,,,,0.3601190583514316,,,,0.0956072379347114,,0.2536630111987636,,,
2026-05-11,,,,,,,,,,,,,,,,,,,,,,,,,,,,,,,,,,,,,,,,,,,,,,,,,,,,,,,,,,,,,,,,,,,,,,,,,,,,,,,,,,0.3841362240325127,0.14690314093604684,,,,,,,,,,,,,,,,,,,,,,,,,,,,,0.35660174222929136,,,,0.09689922763832975,,0.25661376423834426,,,
2026-05-12,,,,,,,,,,,,,,,,,,,,,,,,,,,,,,,,,,,,,,,,,,,,,,,,,,,,,,,,,,,,,,,,,,,,,,,,,,,,,,,,,,0.3950027802826038,0.1503555520903319,,,,,,,,,,,,,,,,,,,,,,,,,,,,,0.3530844261071512,,,,0.0981912173419481,,0.25956451727792484,,,
2026-05-13,,,,,,,,,,,,,,,,,,,,,,,,,,,,,,,,,,,,,,,,,,,,,,,,,,,,,,,,,,,,,,,,,,,,,,,,,,,,,,,,,,0.4058693365326949,0.15380796324461699,,,,,,,,,,,,,,,,,,,,,,,,,,,,,0.34956710998501095,,,,0.09948320704556644,,0.2625152703175055,,,
2026-05-14,,,,,,,,,,,,,,,,,,,,,,,,,,,,,,,,,,,,,,,,,,,,,,,,,,,,,,,,,,,,,,,,,,,,,,,,,,,,,,,,,,0.416735892782786,0.15726037439890206,,,,,,,,,,,,,,,,,,,,,,,,,,,,,0.34604979386287077,,,,0.10077519674918478,,0.26546602335708613,,,
2026-05-15,,,,,,,,,,,,,,,,,,,,,,,,,,,,,,,,,,,,,,,,,,,,,,,,,,,,,,,,,,,,,,,,,,,,,,,,,,,,,,,,,,0.42760244903287714,0.16071278555318713,,,,,,,,,,,,,,,,,,,,,,,,,,,,,0.34253247774073053,,,,0.10206718645280313,,0.2684167763966668,,,
2026-05-16,,,,,,,,,,,,,,,,,,,,,,,,,,,,,,,,,,,,,,,,,,,,,,,,,,,,,,,,,,,,,,,,,,,,,,,,,,,,,,,,,,0.4384690052829682,0.1641651967074722,,,,,,,,,,,,,,,,,,,,,,,,,,,,,0.33901516161859035,,,,0.10335917615642148,,0.2713675294362474,,,
2026-05-17,,,,,,,,,,,,,,,,,,,,,,,,,,,,,,,,,,,,,,,,,,,,,,,,,,,,,,,,,,,,,,,,,,,,,,,,,,,,,,,,,,0.44933556153305937,0.16761760786175728,,,,,,,,,,,,,,,,,,,,,,,,,,,,,0.3354978454964502,,,,0.10465116586003982,,0.27431828247582807,,,
2026-05-18,,,,,,,,,,,,,,,,,,,,,,,,,,,,,,,,,,,,,,,,,,,,,,,,,,,,,,,,,,,,,,,,,,,,,,,,,,,,,,,,,,0.46020211778315046,0.17107001901604235,,,,,,,,,,,,,,,,,,,,,,,,,,,,,0.33198052937430994,,,,0.10594315556365816,,0.2772690355154087,,,
2026-05-19,,,,,,,,,,,,,,,,,,,,,,,,,,,,,,,,,,,,,,,,,,,,,,,,,,,,,,,,,,,,,,,,,,,,,,,,,,,,,,,,,,0.4710686740332416,0.17452243017032743,,,,,,,,,,,,,,,,,,,,,,,,,,,,,0.32846321325216976,,,,0.10723514526727651,,0.28021978855498936,,,
2026-05-20,,,,,,,,,,,,,,,,,,,,,,,,,,,,,,,,,,,,,,,,,,,,,,,,,,,,,,,,,,,,,,,,,,,,,,,,,,,,,,,,,,0.4819352302833327,0.1779748413246125,,,,,,,,,,,,,,,,,,,,,,,,,,,,,0.3249458971300295,,,,0.10852713497089486,,0.28317054159456995,,,
2026-05-21,,,,,,,,,,,,,,,,,,,,,,,,,,,,,,,,,,,,,,,,,,,,,,,,,,,,,,,,,,,,,,,,,,,,,,,,,,,,,,,,,,0.4928017865334238,0.18142725247889757,,,,,,,,,,,,,,,,,,,,,,,,,,,,,0.32142858100788935,,,,0.10981912467451321,,0.2861212946341506,,,
2026-05-22,,,,,,,,,,,,,,,,,,,,,,,,,,,,,,,,,,,,,,,,,,,,,,,,,,,,,,,,,,,,,,,,,,,,,,,,,,,,,,,,,,0.5036683427835149,0.18487966363318264,,,,,,,,,,,,,,,,,,,,,,,,,,,,,0.3179112648857491,,,,0.11111111437813155,,0.28907204767373124,,,
2026-05-23,,,,,,,,,,,,,,,,,,,,,,,,,,,,,,,,,,,,,,,,,,,,,,,,,,,,,,,,,,,,,,,,,,,,,,,,,,,,,,,,,,0.514534899033606,0.18833207478746772,,,,,,,,,,,,,,,,,,,,,,,,,,,,,0.31439394876360893,,,,0.11240310408174989,,0.2920228007133119,,,
2026-05-24,,,,,,,,,,,,,,,,,,,,,,,,,,,,,,,,,,,,,,,,,,,,,,,,,,,,,,,,,,,,,,,,,,,,,,,,,,,,,,,,,,0.5254014552836972,0.1917844859417528,,,,,,,,,,,,,,,,,,,,,,,,,,,,,0.3108766326414687,,,,0.11369509378536824,,0.2949735537528925,,,
2026-05-25,,,,,,,,,,,,,,,,,,,,,,,,,,,,,,,,,,,,,,,,,,,,,,,,,,,,,,,,,,,,,,,,,,,,,,,,,,,,,,,,,,0.5362680115337882,0.19523689709603786,,,,,,,,,,,,,,,,,,,,,,,,,,,,,0.3073593165193285,,,,0.11498708348898659,,0.29792430679247317,,,
2026-05-26,,,,,,,,,,,,,,,,,,,,,,,,,,,,,,,,,,,,,,,,,,,,,,,,,,,,,,,,,,,,,,,,,,,,,,,,,,,,,,,,,,0.5471345677838794,0.19868930825032294,,,,,,,,,,,,,,,,,,,,,,,,,,,,,0.30384200039718834,,,,0.11627907319260493,,0.3008750598320538,,,
2026-05-27,,,,,,,,,,,,,,,,,,,,,,,,,,,,,,,,,,,,,,,,,,,,,,,,,,,,,,,,,,,,,,,,,,,,,,,,,,,,,,,,,,0.5580011240339705,0.202141719404608,,,,,,,,,,,,,,,,,,,,,,,,,,,,,0.3003246842750481,,,,0.11757106289622327,,0.3038258128716344,,,
2026-05-28,,,,,,,,,,,,,,,,,,,,,,,,,,,,,,,,,,,,,,,,,,,,,,,,,,,,,,,,,,,,,,,,,,,,,,,,,,,,,,,,,,0.5688676802840616,0.20559413055889308,,,,,,,,,,,,,,,,,,,,,,,,,,,,,0.2968073681529079,,,,0.11886305259984162,,0.30677656591121505,,,
2026-05-29,,,,,,,,,,,,,,,,,,,,,,,,,,,,,,,,,,,,,,,,,,,,,,,,,,,,,,,,,,,,,,,,,,,,,,,,,,,,,,,,,,0.5797342365341527,0.20904654171317816,,,,,,,,,,,,,,,,,,,,,,,,,,,,,0.29329005203076774,,,,0.12015504230345997,,0.3097273189507957,,,
2026-05-30,,,,,,,,,,,,,,,,,,,,,,,,,,,,,,,,,,,,,,,,,,,,,,,,,,,,,,,,,,,,,,,,,,,,,,,,,,,,,,,,,,0.5906007927842438,0.21249895286746323,,,,,,,,,,,,,,,,,,,,,,,,,,,,,0.2897727359086275,,,,0.12144703200707832,,0.31267807199037634,,,
2026-05-31,,,,,,,,,,,,,,,,,,,,,,,,,,,,,,,,,,,,,,,,,,,,,,,,,,,,,,,,,,,,,,,,,,,,,,,,,,,,,,,,,,0.601467349034335,0.2159513640217483,,,,,,,,,,,,,,,,,,,,,,,,,,,,,0.2862554197864873,,,,0.12273902171069664,,0.315628825029957,,,
2026-06-01,,,,,,,,,,,,,,,,,,,,,,,,,,,,,,,,,,,,,,,,,,,,,,,,,,,,,,,,,,,,,,,,,,,,,,,,,,,,,,,,,,0.6123339052844261,0.21940377517603338,,,,,,,,,,,,,,,,,,,,,,,,,,,,,0.2827381036643471,,,,0.124031011414315,,0.31857957806953763,,,
2026-06-02,,,,,,,,,,,,,,,,,,,,,,,,,,,,,,,,,,,,,,,,,,,,,,,,,,,,,,,,,,,,,,,,,,,,,,,,,,,,,,,,,,0.6232004615345171,0.22285618633031845,,,,,,,,,,,,,,,,,,,,,,,,,,,,,0.2792207875422069,,,,0.12532300111793335,,0.3215303311091183,,,
2026-06-03,,,,,,,,,,,,,,,,,,,,,,,,,,,,,,,,,,,,,,,,,,,,,,,,,,,,,,,,,,,,,,,,,,,,,,,,,,,,,,,,,,0.6340670177846083,0.22630859748460352,,,,,,,,,,,,,,,,,,,,,,,,,,,,,0.2757034714200667,,,,0.1266149908215517,,0.3244810841486989,,,
2026-06-04,,,,,,,,,,,,,,,,,,,,,,,,,,,,,,,,,,,,,,,,,,,,,,,,,,,,,,,,,,,,,,,,,,,,,,,,,,,,,,,,,,0.6449335740346994,0.2297610086388886,,,,,,,,,,,,,,,,,,,,,,,,,,,,,0.2721861552979265,,,,0.12790698052517005,,0.3274318371882795,,,
2026-06-05,,,,,,,,,,,,,,,,,,,,,,,,,,,,,,,,,,,,,,,,,,,,,,,,,,,,,,,,,,,,,,,,,,,,,,,,,,,,,,,,,,0.6558001302847906,0.23321341979317367,,,,,,,,,,,,,,,,,,,,,,,,,,,,,0.2686688391757863,,,,0.12919897022878837,,0.33038259022786015,,,
2026-06-06,,,,,,,,,,,,,,,,,,,,,,,,,,,,,,,,,,,,,,,,,,,,,,,,,,,,,,,,,,,,,,,,,,,,,,,,,,,,,,,,,,0.6666666865348816,0.23666583094745874,,,,,,,,,,,,,,,,,,,,,,,,,,,,,0.2651515230536461,,,,0.13049095993240672,,0.3333333432674408,,,
2026-06-07,,,,,,,,,,,,,,,,,,,,,,,,,,,,,,,,,,,,,,,,,,,,,,,,,,,,,,,,,,,,,,,,,,,,,,,,,,,,,,,,,,,0.24011824210174382,,,,,,,,,,,,,,,,,,,,,,,,,,,,,0.26163420693150585,,,,0.13178294963602508,,0.3333333432674408,,,
2026-06-08,,,,,,,,,,,,,,,,,,,,,,,,,,,,,,,,,,,,,,,,,,,,,,,,,,,,,,,,,,,,,,,,,,,,,,,,,,,,,,,,,,,0.2435706532560289,,,,,,,,,,,,,,,,,,,,,,,,,,,,,0.2581168908093657,,,,0.13307493933964343,,0.3333333432674408,,,
2026-06-09,,,,,,,,,,,,,,,,,,,,,,,,,,,,,,,,,,,,,,,,,,,,,,,,,,,,,,,,,,,,,,,,,,,,,,,,,,,,,,,,,,,0.24702306441031396,,,,,,,,,,,,,,,,,,,,,,,,,,,,,0.2545995746872255,,,,0.13436692904326175,,0.3333333432674408,,,
2026-06-10,,,,,,,,,,,,,,,,,,,,,,,,,,,,,,,,,,,,,,,,,,,,,,,,,,,,,,,,,,,,,,,,,,,,,,,,,,,,,,,,,,,0.25047547556459904,,,,,,,,,,,,,,,,,,,,,,,,,,,,,0.25108225856508526,,,,0.1356589187468801,,0.3333333432674408,,,
2026-06-11,,,,,,,,,,,,,,,,,,,,,,,,,,,,,,,,,,,,,,,,,,,,,,,,,,,,,,,,,,,,,,,,,,,,,,,,,,,,,,,,,,,0.2539278867188841,,,,,,,,,,,,,,,,,,,,,,,,,,,,,0.24756494244294508,,,,0.13695090845049845,,0.3333333432674408,,,
2026-06-12,,,,,,,,,,,,,,,,,,,,,,,,,,,,,,,,,,,,,,,,,,,,,,,,,,,,,,,,,,,,,,,,,,,,,,,,,,,,,,,,,,,0.2573802978731692,,,,,,,,,,,,,,,,,,,,,,,,,,,,,0.24404762632080487,,,,0.1382428981541168,,0.3333333432674408,,,
2026-06-13,,,,,,,,,,,,,,,,,,,,,,,,,,,,,,,,,,,,,,,,,,,,,,,,,,,,,,,,,,,,,,,,,,,,,,,,,,,,,,,,,,,0.26083270902745426,,,,,,,,,,,,,,,,,,,,,,,,,,,,,0.24053031019866467,,,,0.13953488785773513,,0.3333333432674408,,,
2026-06-14,,,,,,,,,,,,,,,,,,,,,,,,,,,,,,,,,,,,,,,,,,,,,,,,,,,,,,,,,,,,,,,,,,,,,,,,,,,,,,,,,,,0.26428512018173933,,,,,,,,,,,,,,,,,,,,,,,,,,,,,0.23701299407652446,,,,0.14082687756135348,,0.3333333432674408,,,
2026-06-15,,,,,,,,,,,,,,,,,,,,,,,,,,,,,,,,,,,,,,,,,,,,,,,,,,,,,,,,,,,,,,,,,,,,,,,,,,,,,,,,,,,0.2677375313360244,,,,,,,,,,,,,,,,,,,,,,,,,,,,,0.23349567795438425,,,,0.14211886726497183,,0.3333333432674408,,,
2026-06-16,,,,,,,,,,,,,,,,,,,,,,,,,,,,,,,,,,,,,,,,,,,,,,,,,,,,,,,,,,,,,,,,,,,,,,,,,,,,,,,,,,,0.2711899424903095,,,,,,,,,,,,,,,,,,,,,,,,,,,,,0.22997836183224404,,,,0.14341085696859018,,0.3333333432674408,,,
2026-06-17,,,,,,,,,,,,,,,,,,,,,,,,,,,,,,,,,,,,,,,,,,,,,,,,,,,,,,,,,,,,,,,,,,,,,,,,,,,,,,,,,,,0.27464235364459455,,,,,,,,,,,,,,,,,,,,,,,,,,,,,0.22646104571010384,,,,0.14470284667220853,,0.3333333432674408,,,
2026-06-18,,,,,,,,,,,,,,,,,,,,,,,,,,,,,,,,,,,,,,,,,,,,,,,,,,,,,,,,,,,,,,,,,,,,,,,,,,,,,,,,,,,0.2780947647988796,,,,,,,,,,,,,,,,,,,,,,,,,,,,,0.22294372958796366,,,,0.14599483637582686,,0.3333333432674408,,,
2026-06-19,,,,,,,,,,,,,,,,,,,,,,,,,,,,,,,,,,,,,,,,,,,,,,,,,,,,,,,,,,,,,,,,,,,,,,,,,,,,,,,,,,,0.2815471759531647,,,,,,,,,,,,,,,,,,,,,,,,,,,,,0.21942641346582345,,,,0.1472868260794452,,0.3333333432674408,,,
2026-06-20,,,,,,,,,,,,,,,,,,,,,,,,,,,,,,,,,,,,,,,,,,,,,,,,,,,,,,,,,,,,,,,,,,,,,,,,,,,,,,,,,,,0.28499958710744977,,,,,,,,,,,,,,,,,,,,,,,,,,,,,0.21590909734368324,,,,0.14857881578306356,,0.3333333432674408,,,
2026-06-21,,,,,,,,,,,,,,,,,,,,,,,,,,,,,,,,,,,,,,,,,,,,,,,,,,,,,,,,,,,,,,,,,,,,,,,,,,,,,,,,,,,0.28845199826173484,,,,,,,,,,,,,,,,,,,,,,,,,,,,,0.21239178122154304,,,,0.1498708054866819,,0.3333333432674408,,,
2026-06-22,,,,,,,,,,,,,,,,,,,,,,,,,,,,,,,,,,,,,,,,,,,,,,,,,,,,,,,,,,,,,,,,,,,,,,,,,,,,,,,,,,,0.2919044094160199,,,,,,,,,,,,,,,,,,,,,,,,,,,,,0.20887446509940283,,,,0.15116279519030024,,0.3333333432674408,,,
2026-06-23,,,,,,,,,,,,,,,,,,,,,,,,,,,,,,,,,,,,,,,,,,,,,,,,,,,,,,,,,,,,,,,,,,,,,,,,,,,,,,,,,,,0.295356820570305,,,,,,,,,,,,,,,,,,,,,,,,,,,,,0.20535714897726262,,,,0.1524547848939186,,0.3333333432674408,,,
2026-06-24,,,,,,,,,,,,,,,,,,,,,,,,,,,,,,,,,,,,,,,,,,,,,,,,,,,,,,,,,,,,,,,,,,,,,,,,,,,,,,,,,,,0.29880923172459006,,,,,,,,,,,,,,,,,,,,,,,,,,,,,0.20183983285512241,,,,0.15374677459753694,,0.3333333432674408,,,
2026-06-25,,,,,,,,,,,,,,,,,,,,,,,,,,,,,,,,,,,,,,,,,,,,,,,,,,,,,,,,,,,,,,,,,,,,,,,,,,,,,,,,,,,0.30226164287887514,,,,,,,,,,,,,,,,,,,,,,,,,,,,,0.19832251673298223,,,,0.1550387643011553,,0.3333333432674408,,,
2026-06-26,,,,,,,,,,,,,,,,,,,,,,,,,,,,,,,,,,,,,,,,,,,,,,,,,,,,,,,,,,,,,,,,,,,,,,,,,,,,,,,,,,,0.3057140540331602,,,,,,,,,,,,,,,,,,,,,,,,,,,,,0.19480520061084203,,,,0.15633075400477364,,0.3333333432674408,,,
2026-06-27,,,,,,,,,,,,,,,,,,,,,,,,,,,,,,,,,,,,,,,,,,,,,,,,,,,,,,,,,,,,,,,,,,,,,,,,,,,,,,,,,,,0.3091664651874453,,,,,,,,,,,,,,,,,,,,,,,,,,,,,0.19128788448870182,,,,0.15762274370839197,,0.3333333432674408,,,
2026-06-28,,,,,,,,,,,,,,,,,,,,,,,,,,,,,,,,,,,,,,,,,,,,,,,,,,,,,,,,,,,,,,,,,,,,,,,,,,,,,,,,,,,0.31261887634173036,,,,,,,,,,,,,,,,,,,,,,,,,,,,,0.1877705683665616,,,,0.15891473341201032,,0.3333333432674408,,,
2026-06-29,,,,,,,,,,,,,,,,,,,,,,,,,,,,,,,,,,,,,,,,,,,,,,,,,,,,,,,,,,,,,,,,,,,,,,,,,,,,,,,,,,,0.31607128749601543,,,,,,,,,,,,,,,,,,,,,,,,,,,,,0.1842532522444214,,,,0.16020672311562867,,0.3333333432674408,,,
2026-06-30,,,,,,,,,,,,,,,,,,,,,,,,,,,,,,,,,,,,,,,,,,,,,,,,,,,,,,,,,,,,,,,,,,,,,,,,,,,,,,,,,,,0.3195236986503005,,,,,,,,,,,,,,,,,,,,,,,,,,,,,0.1807359361222812,,,,0.16149871281924702,,0.3333333432674408,,,
2026-07-01,,,,,,,,,,,,,,,,,,,,,,,,,,,,,,,,,,,,,,,,,,,,,,,,,,,,,,,,,,,,,,,,,,,,,,,,,,,,,,,,,,,0.3229761098045856,,,,,,,,,,,,,,,,,,,,,,,,,,,,,0.177218620000141,,,,0.16279070252286534,,0.3333333432674408,,,
2026-07-02,,,,,,,,,,,,,,,,,,,,,,,,,,,,,,,,,,,,,,,,,,,,,,,,,,,,,,,,,,,,,,,,,,,,,,,,,,,,,,,,,,,0.32642852095887065,,,,,,,,,,,,,,,,,,,,,,,,,,,,,0.1737013038780008,,,,0.1640826922264837,,0.3333333432674408,,,
2026-07-03,,,,,,,,,,,,,,,,,,,,,,,,,,,,,,,,,,,,,,,,,,,,,,,,,,,,,,,,,,,,,,,,,,,,,,,,,,,,,,,,,,,0.3298809321131557,,,,,,,,,,,,,,,,,,,,,,,,,,,,,0.1701839877558606,,,,0.16537468193010205,,0.3333333432674408,,,
2026-07-04,,,,,,,,,,,,,,,,,,,,,,,,,,,,,,,,,,,,,,,,,,,,,,,,,,,,,,,,,,,,,,,,,,,,,,,,,,,,,,,,,,,0.3333333432674408,,,,,,,,,,,,,,,,,,,,,,,,,,,,,0.1666666716337204,,,,0.1666666716337204,,0.3333333432674408,,,
