Date,Region,Total_State_Infections,SW.2,XFG.1.1,RW.1.1,XFG.6,XFG,RV.1,RK.1,RF.5.4,LF.7.9,XFG.14.1,XFZ,NB.1.8.1,BA.3.2,XFG.23.1.3,XFG.2.5.1,PQ.2.8.1,LF.7,PQ.17,XFJ,PQ.2.1.6,Other,XFV,XFG.10.4,NW.1,BQ.1.1,XFY,XFC,PQ.17.11,KP.3.1.1,XFG.1,XEC,MC.1,LP.8.1,KP.3,JN.1,JN.1.7,B.1.1.529,XDV.1,PA.1,JN.1.16.1,BA.5,BA.2,XEC.4,XBB.1.5,XBB.1.16,LF.7.7.2,MC.10.1,LF.7.7.1,LF.7.2.1,KP.1.1.3,JN.1.16,XEK,MC.28.1,HV.1,EG.5,XEQ,LB.1.3.1,KP.2.3,JN.1.18,BQ.1,MC.19,LF.3.1,KS.1,LB.1,KP.1.1,KP.2,JN.1.11.1,LP.1,JN.1.18.6,GK.1.1,KV.2,JN.1.13,HF.1,XBB.1.16.15,KP.2.15,CH.1.1,BA.4.6,KP.4.1,JN.1.8.1,JN.1.32,JG.3,BF.7,XBB.1.9.1,XBB.1.16.11,KW.1.1,KQ.1,KP.1.2,JN.1.13.1,XDP,BA.2.86,BA.2.12.1,XBB.1.5.68,JN.1.4.3,EG.5.1.8,BA.1.1,XBB.2.3,XBB.1.16.6,XBB,JF.1,GE.1,XBB.1.16.1,HK.3,FL.1.5.1,XBB.1.16.17,JD.1.1,GK.2,BA.5.2.6,XBB.1.5.70,XBB.1.9.2,XBB.1.5.72,XBB.1.5.10,XBB.1.42.2,EG.6.1,XBB.2.3.8,XBB.1.5.59,XBB.1.5.1,FD.1.1,BF.11,FE.1.1,BA.2.75,EU.1.1,BA.4,FD.2,B.1.617.2,BN.1,BA.2.75.2
2020-03-07,US,2497,0,0,0,0,0,0,0,0,0,0,0,0,0,0,0,0,0,0,0,0,0,0,0,0,0,0,0,0,0,0,0,0,0,0,0,0,0,0,0,0,0,0,0,0,0,0,0,0,0,0,0,0,0,0,0,0,0,0,0,0,0,0,0,0,0,0,0,0,0,0,0,0,0,0,0,0,0,0,0,0,0,0,0,0,0,0,0,0,0,0,0,0,0,0,0,0,0,0,0,0,0,0,0,0,0,0,0,0,0,0,0,0,0,0,0,0,0,0,0,0,0,0,0,0,0,0
2020-03-08,US,5296,0,0,0,0,0,0,0,0,0,0,0,0,0,0,0,0,0,0,0,0,0,0,0,0,0,0,0,0,0,0,0,0,0,0,0,0,0,0,0,0,0,0,0,0,0,0,0,0,0,0,0,0,0,0,0,0,0,0,0,0,0,0,0,0,0,0,0,0,0,0,0,0,0,0,0,0,0,0,0,0,0,0,0,0,0,0,0,0,0,0,0,0,0,0,0,0,0,0,0,0,0,0,0,0,0,0,0,0,0,0,0,0,0,0,0,0,0,0,0,0,0,0,0,0,0,0
2020-03-09,US,8094,0,0,0,0,0,0,0,0,0,0,0,0,0,0,0,0,0,0,0,0,0,0,0,0,0,0,0,0,0,0,0,0,0,0,0,0,0,0,0,0,0,0,0,0,0,0,0,0,0,0,0,0,0,0,0,0,0,0,0,0,0,0,0,0,0,0,0,0,0,0,0,0,0,0,0,0,0,0,0,0,0,0,0,0,0,0,0,0,0,0,0,0,0,0,0,0,0,0,0,0,0,0,0,0,0,0,0,0,0,0,0,0,0,0,0,0,0,0,0,0,0,0,0,0,0,0
2020-03-10,US,10893,0,0,0,0,0,0,0,0,0,0,0,0,0,0,0,0,0,0,0,0,0,0,0,0,0,0,0,0,0,0,0,0,0,0,0,0,0,0,0,0,0,0,0,0,0,0,0,0,0,0,0,0,0,0,0,0,0,0,0,0,0,0,0,0,0,0,0,0,0,0,0,0,0,0,0,0,0,0,0,0,0,0,0,0,0,0,0,0,0,0,0,0,0,0,0,0,0,0,0,0,0,0,0,0,0,0,0,0,0,0,0,0,0,0,0,0,0,0,0,0,0,0,0,0,0,0
2020-03-11,US,13692,0,0,0,0,0,0,0,0,0,0,0,0,0,0,0,0,0,0,0,0,0,0,0,0,0,0,0,0,0,0,0,0,0,0,0,0,0,0,0,0,0,0,0,0,0,0,0,0,0,0,0,0,0,0,0,0,0,0,0,0,0,0,0,0,0,0,0,0,0,0,0,0,0,0,0,0,0,0,0,0,0,0,0,0,0,0,0,0,0,0,0,0,0,0,0,0,0,0,0,0,0,0,0,0,0,0,0,0,0,0,0,0,0,0,0,0,0,0,0,0,0,0,0,0,0,0
2020-03-12,US,16490,0,0,0,0,0,0,0,0,0,0,0,0,0,0,0,0,0,0,0,0,0,0,0,0,0,0,0,0,0,0,0,0,0,0,0,0,0,0,0,0,0,0,0,0,0,0,0,0,0,0,0,0,0,0,0,0,0,0,0,0,0,0,0,0,0,0,0,0,0,0,0,0,0,0,0,0,0,0,0,0,0,0,0,0,0,0,0,0,0,0,0,0,0,0,0,0,0,0,0,0,0,0,0,0,0,0,0,0,0,0,0,0,0,0,0,0,0,0,0,0,0,0,0,0,0,0
2020-03-13,US,19289,0,0,0,0,0,0,0,0,0,0,0,0,0,0,0,0,0,0,0,0,0,0,0,0,0,0,0,0,0,0,0,0,0,0,0,0,0,0,0,0,0,0,0,0,0,0,0,0,0,0,0,0,0,0,0,0,0,0,0,0,0,0,0,0,0,0,0,0,0,0,0,0,0,0,0,0,0,0,0,0,0,0,0,0,0,0,0,0,0,0,0,0,0,0,0,0,0,0,0,0,0,0,0,0,0,0,0,0,0,0,0,0,0,0,0,0,0,0,0,0,0,0,0,0,0,0
2020-03-14,US,22087,0,0,0,0,0,0,0,0,0,0,0,0,0,0,0,0,0,0,0,0,0,0,0,0,0,0,0,0,0,0,0,0,0,0,0,0,0,0,0,0,0,0,0,0,0,0,0,0,0,0,0,0,0,0,0,0,0,0,0,0,0,0,0,0,0,0,0,0,0,0,0,0,0,0,0,0,0,0,0,0,0,0,0,0,0,0,0,0,0,0,0,0,0,0,0,0,0,0,0,0,0,0,0,0,0,0,0,0,0,0,0,0,0,0,0,0,0,0,0,0,0,0,0,0,0,0
2020-03-15,US,39730,0,0,0,0,0,0,0,0,0,0,0,0,0,0,0,0,0,0,0,0,0,0,0,0,0,0,0,0,0,0,0,0,0,0,0,0,0,0,0,0,0,0,0,0,0,0,0,0,0,0,0,0,0,0,0,0,0,0,0,0,0,0,0,0,0,0,0,0,0,0,0,0,0,0,0,0,0,0,0,0,0,0,0,0,0,0,0,0,0,0,0,0,0,0,0,0,0,0,0,0,0,0,0,0,0,0,0,0,0,0,0,0,0,0,0,0,0,0,0,0,0,0,0,0,0,0
2020-03-16,US,57372,0,0,0,0,0,0,0,0,0,0,0,0,0,0,0,0,0,0,0,0,0,0,0,0,0,0,0,0,0,0,0,0,0,0,0,0,0,0,0,0,0,0,0,0,0,0,0,0,0,0,0,0,0,0,0,0,0,0,0,0,0,0,0,0,0,0,0,0,0,0,0,0,0,0,0,0,0,0,0,0,0,0,0,0,0,0,0,0,0,0,0,0,0,0,0,0,0,0,0,0,0,0,0,0,0,0,0,0,0,0,0,0,0,0,0,0,0,0,0,0,0,0,0,0,0,0
2020-03-17,US,75014,0,0,0,0,0,0,0,0,0,0,0,0,0,0,0,0,0,0,0,0,0,0,0,0,0,0,0,0,0,0,0,0,0,0,0,0,0,0,0,0,0,0,0,0,0,0,0,0,0,0,0,0,0,0,0,0,0,0,0,0,0,0,0,0,0,0,0,0,0,0,0,0,0,0,0,0,0,0,0,0,0,0,0,0,0,0,0,0,0,0,0,0,0,0,0,0,0,0,0,0,0,0,0,0,0,0,0,0,0,0,0,0,0,0,0,0,0,0,0,0,0,0,0,0,0,0
2020-03-18,US,92657,0,0,0,0,0,0,0,0,0,0,0,0,0,0,0,0,0,0,0,0,0,0,0,0,0,0,0,0,0,0,0,0,0,0,0,0,0,0,0,0,0,0,0,0,0,0,0,0,0,0,0,0,0,0,0,0,0,0,0,0,0,0,0,0,0,0,0,0,0,0,0,0,0,0,0,0,0,0,0,0,0,0,0,0,0,0,0,0,0,0,0,0,0,0,0,0,0,0,0,0,0,0,0,0,0,0,0,0,0,0,0,0,0,0,0,0,0,0,0,0,0,0,0,0,0,0
2020-03-19,US,110299,0,0,0,0,0,0,0,0,0,0,0,0,0,0,0,0,0,0,0,0,0,0,0,0,0,0,0,0,0,0,0,0,0,0,0,0,0,0,0,0,0,0,0,0,0,0,0,0,0,0,0,0,0,0,0,0,0,0,0,0,0,0,0,0,0,0,0,0,0,0,0,0,0,0,0,0,0,0,0,0,0,0,0,0,0,0,0,0,0,0,0,0,0,0,0,0,0,0,0,0,0,0,0,0,0,0,0,0,0,0,0,0,0,0,0,0,0,0,0,0,0,0,0,0,0,0
2020-03-20,US,127941,0,0,0,0,0,0,0,0,0,0,0,0,0,0,0,0,0,0,0,0,0,0,0,0,0,0,0,0,0,0,0,0,0,0,0,0,0,0,0,0,0,0,0,0,0,0,0,0,0,0,0,0,0,0,0,0,0,0,0,0,0,0,0,0,0,0,0,0,0,0,0,0,0,0,0,0,0,0,0,0,0,0,0,0,0,0,0,0,0,0,0,0,0,0,0,0,0,0,0,0,0,0,0,0,0,0,0,0,0,0,0,0,0,0,0,0,0,0,0,0,0,0,0,0,0,0
2020-03-21,US,145584,0,0,0,0,0,0,0,0,0,0,0,0,0,0,0,0,0,0,0,0,0,0,0,0,0,0,0,0,0,0,0,0,0,0,0,0,0,0,0,0,0,0,0,0,0,0,0,0,0,0,0,0,0,0,0,0,0,0,0,0,0,0,0,0,0,0,0,0,0,0,0,0,0,0,0,0,0,0,0,0,0,0,0,0,0,0,0,0,0,0,0,0,0,0,0,0,0,0,0,0,0,0,0,0,0,0,0,0,0,0,0,0,0,0,0,0,0,0,0,0,0,0,0,0,0,0
2020-03-22,US,178616,0,0,0,0,0,0,0,0,0,0,0,0,0,0,0,0,0,0,0,0,0,0,0,0,0,0,0,0,0,0,0,0,0,0,0,0,0,0,0,0,0,0,0,0,0,0,0,0,0,0,0,0,0,0,0,0,0,0,0,0,0,0,0,0,0,0,0,0,0,0,0,0,0,0,0,0,0,0,0,0,0,0,0,0,0,0,0,0,0,0,0,0,0,0,0,0,0,0,0,0,0,0,0,0,0,0,0,0,0,0,0,0,0,0,0,0,0,0,0,0,0,0,0,0,0,0
2020-03-23,US,211648,0,0,0,0,0,0,0,0,0,0,0,0,0,0,0,0,0,0,0,0,0,0,0,0,0,0,0,0,0,0,0,0,0,0,0,0,0,0,0,0,0,0,0,0,0,0,0,0,0,0,0,0,0,0,0,0,0,0,0,0,0,0,0,0,0,0,0,0,0,0,0,0,0,0,0,0,0,0,0,0,0,0,0,0,0,0,0,0,0,0,0,0,0,0,0,0,0,0,0,0,0,0,0,0,0,0,0,0,0,0,0,0,0,0,0,0,0,0,0,0,0,0,0,0,0,0
2020-03-24,US,244680,0,0,0,0,0,0,0,0,0,0,0,0,0,0,0,0,0,0,0,0,0,0,0,0,0,0,0,0,0,0,0,0,0,0,0,0,0,0,0,0,0,0,0,0,0,0,0,0,0,0,0,0,0,0,0,0,0,0,0,0,0,0,0,0,0,0,0,0,0,0,0,0,0,0,0,0,0,0,0,0,0,0,0,0,0,0,0,0,0,0,0,0,0,0,0,0,0,0,0,0,0,0,0,0,0,0,0,0,0,0,0,0,0,0,0,0,0,0,0,0,0,0,0,0,0,0
2020-03-25,US,277713,0,0,0,0,0,0,0,0,0,0,0,0,0,0,0,0,0,0,0,0,0,0,0,0,0,0,0,0,0,0,0,0,0,0,0,0,0,0,0,0,0,0,0,0,0,0,0,0,0,0,0,0,0,0,0,0,0,0,0,0,0,0,0,0,0,0,0,0,0,0,0,0,0,0,0,0,0,0,0,0,0,0,0,0,0,0,0,0,0,0,0,0,0,0,0,0,0,0,0,0,0,0,0,0,0,0,0,0,0,0,0,0,0,0,0,0,0,0,0,0,0,0,0,0,0,0
2020-03-26,US,310745,0,0,0,0,0,0,0,0,0,0,0,0,0,0,0,0,0,0,0,0,0,0,0,0,0,0,0,0,0,0,0,0,0,0,0,0,0,0,0,0,0,0,0,0,0,0,0,0,0,0,0,0,0,0,0,0,0,0,0,0,0,0,0,0,0,0,0,0,0,0,0,0,0,0,0,0,0,0,0,0,0,0,0,0,0,0,0,0,0,0,0,0,0,0,0,0,0,0,0,0,0,0,0,0,0,0,0,0,0,0,0,0,0,0,0,0,0,0,0,0,0,0,0,0,0,0
2020-03-27,US,343777,0,0,0,0,0,0,0,0,0,0,0,0,0,0,0,0,0,0,0,0,0,0,0,0,0,0,0,0,0,0,0,0,0,0,0,0,0,0,0,0,0,0,0,0,0,0,0,0,0,0,0,0,0,0,0,0,0,0,0,0,0,0,0,0,0,0,0,0,0,0,0,0,0,0,0,0,0,0,0,0,0,0,0,0,0,0,0,0,0,0,0,0,0,0,0,0,0,0,0,0,0,0,0,0,0,0,0,0,0,0,0,0,0,0,0,0,0,0,0,0,0,0,0,0,0,0
2020-03-28,US,376809,0,0,0,0,0,0,0,0,0,0,0,0,0,0,0,0,0,0,0,0,0,0,0,0,0,0,0,0,0,0,0,0,0,0,0,0,0,0,0,0,0,0,0,0,0,0,0,0,0,0,0,0,0,0,0,0,0,0,0,0,0,0,0,0,0,0,0,0,0,0,0,0,0,0,0,0,0,0,0,0,0,0,0,0,0,0,0,0,0,0,0,0,0,0,0,0,0,0,0,0,0,0,0,0,0,0,0,0,0,0,0,0,0,0,0,0,0,0,0,0,0,0,0,0,0,0
2020-03-29,US,363136,0,0,0,0,0,0,0,0,0,0,0,0,0,0,0,0,0,0,0,0,0,0,0,0,0,0,0,0,0,0,0,0,0,0,0,0,0,0,0,0,0,0,0,0,0,0,0,0,0,0,0,0,0,0,0,0,0,0,0,0,0,0,0,0,0,0,0,0,0,0,0,0,0,0,0,0,0,0,0,0,0,0,0,0,0,0,0,0,0,0,0,0,0,0,0,0,0,0,0,0,0,0,0,0,0,0,0,0,0,0,0,0,0,0,0,0,0,0,0,0,0,0,0,0,0,0
2020-03-30,US,349464,0,0,0,0,0,0,0,0,0,0,0,0,0,0,0,0,0,0,0,0,0,0,0,0,0,0,0,0,0,0,0,0,0,0,0,0,0,0,0,0,0,0,0,0,0,0,0,0,0,0,0,0,0,0,0,0,0,0,0,0,0,0,0,0,0,0,0,0,0,0,0,0,0,0,0,0,0,0,0,0,0,0,0,0,0,0,0,0,0,0,0,0,0,0,0,0,0,0,0,0,0,0,0,0,0,0,0,0,0,0,0,0,0,0,0,0,0,0,0,0,0,0,0,0,0,0
2020-03-31,US,335791,0,0,0,0,0,0,0,0,0,0,0,0,0,0,0,0,0,0,0,0,0,0,0,0,0,0,0,0,0,0,0,0,0,0,0,0,0,0,0,0,0,0,0,0,0,0,0,0,0,0,0,0,0,0,0,0,0,0,0,0,0,0,0,0,0,0,0,0,0,0,0,0,0,0,0,0,0,0,0,0,0,0,0,0,0,0,0,0,0,0,0,0,0,0,0,0,0,0,0,0,0,0,0,0,0,0,0,0,0,0,0,0,0,0,0,0,0,0,0,0,0,0,0,0,0,0
2020-04-01,US,322118,0,0,0,0,0,0,0,0,0,0,0,0,0,0,0,0,0,0,0,0,0,0,0,0,0,0,0,0,0,0,0,0,0,0,0,0,0,0,0,0,0,0,0,0,0,0,0,0,0,0,0,0,0,0,0,0,0,0,0,0,0,0,0,0,0,0,0,0,0,0,0,0,0,0,0,0,0,0,0,0,0,0,0,0,0,0,0,0,0,0,0,0,0,0,0,0,0,0,0,0,0,0,0,0,0,0,0,0,0,0,0,0,0,0,0,0,0,0,0,0,0,0,0,0,0,0
2020-04-02,US,308445,0,0,0,0,0,0,0,0,0,0,0,0,0,0,0,0,0,0,0,0,0,0,0,0,0,0,0,0,0,0,0,0,0,0,0,0,0,0,0,0,0,0,0,0,0,0,0,0,0,0,0,0,0,0,0,0,0,0,0,0,0,0,0,0,0,0,0,0,0,0,0,0,0,0,0,0,0,0,0,0,0,0,0,0,0,0,0,0,0,0,0,0,0,0,0,0,0,0,0,0,0,0,0,0,0,0,0,0,0,0,0,0,0,0,0,0,0,0,0,0,0,0,0,0,0,0
2020-04-03,US,294773,0,0,0,0,0,0,0,0,0,0,0,0,0,0,0,0,0,0,0,0,0,0,0,0,0,0,0,0,0,0,0,0,0,0,0,0,0,0,0,0,0,0,0,0,0,0,0,0,0,0,0,0,0,0,0,0,0,0,0,0,0,0,0,0,0,0,0,0,0,0,0,0,0,0,0,0,0,0,0,0,0,0,0,0,0,0,0,0,0,0,0,0,0,0,0,0,0,0,0,0,0,0,0,0,0,0,0,0,0,0,0,0,0,0,0,0,0,0,0,0,0,0,0,0,0,0
2020-04-04,US,281100,0,0,0,0,0,0,0,0,0,0,0,0,0,0,0,0,0,0,0,0,0,0,0,0,0,0,0,0,0,0,0,0,0,0,0,0,0,0,0,0,0,0,0,0,0,0,0,0,0,0,0,0,0,0,0,0,0,0,0,0,0,0,0,0,0,0,0,0,0,0,0,0,0,0,0,0,0,0,0,0,0,0,0,0,0,0,0,0,0,0,0,0,0,0,0,0,0,0,0,0,0,0,0,0,0,0,0,0,0,0,0,0,0,0,0,0,0,0,0,0,0,0,0,0,0,0
2020-04-05,US,301876,0,0,0,0,0,0,0,0,0,0,0,0,0,0,0,0,0,0,0,0,0,0,0,0,0,0,0,0,0,0,0,0,0,0,0,0,0,0,0,0,0,0,0,0,0,0,0,0,0,0,0,0,0,0,0,0,0,0,0,0,0,0,0,0,0,0,0,0,0,0,0,0,0,0,0,0,0,0,0,0,0,0,0,0,0,0,0,0,0,0,0,0,0,0,0,0,0,0,0,0,0,0,0,0,0,0,0,0,0,0,0,0,0,0,0,0,0,0,0,0,0,0,0,0,0,0
2020-04-06,US,322651,0,0,0,0,0,0,0,0,0,0,0,0,0,0,0,0,0,0,0,0,0,0,0,0,0,0,0,0,0,0,0,0,0,0,0,0,0,0,0,0,0,0,0,0,0,0,0,0,0,0,0,0,0,0,0,0,0,0,0,0,0,0,0,0,0,0,0,0,0,0,0,0,0,0,0,0,0,0,0,0,0,0,0,0,0,0,0,0,0,0,0,0,0,0,0,0,0,0,0,0,0,0,0,0,0,0,0,0,0,0,0,0,0,0,0,0,0,0,0,0,0,0,0,0,0,0
2020-04-07,US,343427,0,0,0,0,0,0,0,0,0,0,0,0,0,0,0,0,0,0,0,0,0,0,0,0,0,0,0,0,0,0,0,0,0,0,0,0,0,0,0,0,0,0,0,0,0,0,0,0,0,0,0,0,0,0,0,0,0,0,0,0,0,0,0,0,0,0,0,0,0,0,0,0,0,0,0,0,0,0,0,0,0,0,0,0,0,0,0,0,0,0,0,0,0,0,0,0,0,0,0,0,0,0,0,0,0,0,0,0,0,0,0,0,0,0,0,0,0,0,0,0,0,0,0,0,0,0
2020-04-08,US,364203,0,0,0,0,0,0,0,0,0,0,0,0,0,0,0,0,0,0,0,0,0,0,0,0,0,0,0,0,0,0,0,0,0,0,0,0,0,0,0,0,0,0,0,0,0,0,0,0,0,0,0,0,0,0,0,0,0,0,0,0,0,0,0,0,0,0,0,0,0,0,0,0,0,0,0,0,0,0,0,0,0,0,0,0,0,0,0,0,0,0,0,0,0,0,0,0,0,0,0,0,0,0,0,0,0,0,0,0,0,0,0,0,0,0,0,0,0,0,0,0,0,0,0,0,0,0
2020-04-09,US,384978,0,0,0,0,0,0,0,0,0,0,0,0,0,0,0,0,0,0,0,0,0,0,0,0,0,0,0,0,0,0,0,0,0,0,0,0,0,0,0,0,0,0,0,0,0,0,0,0,0,0,0,0,0,0,0,0,0,0,0,0,0,0,0,0,0,0,0,0,0,0,0,0,0,0,0,0,0,0,0,0,0,0,0,0,0,0,0,0,0,0,0,0,0,0,0,0,0,0,0,0,0,0,0,0,0,0,0,0,0,0,0,0,0,0,0,0,0,0,0,0,0,0,0,0,0,0
2020-04-10,US,405754,0,0,0,0,0,0,0,0,0,0,0,0,0,0,0,0,0,0,0,0,0,0,0,0,0,0,0,0,0,0,0,0,0,0,0,0,0,0,0,0,0,0,0,0,0,0,0,0,0,0,0,0,0,0,0,0,0,0,0,0,0,0,0,0,0,0,0,0,0,0,0,0,0,0,0,0,0,0,0,0,0,0,0,0,0,0,0,0,0,0,0,0,0,0,0,0,0,0,0,0,0,0,0,0,0,0,0,0,0,0,0,0,0,0,0,0,0,0,0,0,0,0,0,0,0,0
2020-04-11,US,426530,0,0,0,0,0,0,0,0,0,0,0,0,0,0,0,0,0,0,0,0,0,0,0,0,0,0,0,0,0,0,0,0,0,0,0,0,0,0,0,0,0,0,0,0,0,0,0,0,0,0,0,0,0,0,0,0,0,0,0,0,0,0,0,0,0,0,0,0,0,0,0,0,0,0,0,0,0,0,0,0,0,0,0,0,0,0,0,0,0,0,0,0,0,0,0,0,0,0,0,0,0,0,0,0,0,0,0,0,0,0,0,0,0,0,0,0,0,0,0,0,0,0,0,0,0,0
2020-04-12,US,441758,0,0,0,0,0,0,0,0,0,0,0,0,0,0,0,0,0,0,0,0,0,0,0,0,0,0,0,0,0,0,0,0,0,0,0,0,0,0,0,0,0,0,0,0,0,0,0,0,0,0,0,0,0,0,0,0,0,0,0,0,0,0,0,0,0,0,0,0,0,0,0,0,0,0,0,0,0,0,0,0,0,0,0,0,0,0,0,0,0,0,0,0,0,0,0,0,0,0,0,0,0,0,0,0,0,0,0,0,0,0,0,0,0,0,0,0,0,0,0,0,0,0,0,0,0,0
2020-04-13,US,456985,0,0,0,0,0,0,0,0,0,0,0,0,0,0,0,0,0,0,0,0,0,0,0,0,0,0,0,0,0,0,0,0,0,0,0,0,0,0,0,0,0,0,0,0,0,0,0,0,0,0,0,0,0,0,0,0,0,0,0,0,0,0,0,0,0,0,0,0,0,0,0,0,0,0,0,0,0,0,0,0,0,0,0,0,0,0,0,0,0,0,0,0,0,0,0,0,0,0,0,0,0,0,0,0,0,0,0,0,0,0,0,0,0,0,0,0,0,0,0,0,0,0,0,0,0,0
2020-04-14,US,472213,0,0,0,0,0,0,0,0,0,0,0,0,0,0,0,0,0,0,0,0,0,0,0,0,0,0,0,0,0,0,0,0,0,0,0,0,0,0,0,0,0,0,0,0,0,0,0,0,0,0,0,0,0,0,0,0,0,0,0,0,0,0,0,0,0,0,0,0,0,0,0,0,0,0,0,0,0,0,0,0,0,0,0,0,0,0,0,0,0,0,0,0,0,0,0,0,0,0,0,0,0,0,0,0,0,0,0,0,0,0,0,0,0,0,0,0,0,0,0,0,0,0,0,0,0,0
2020-04-15,US,487441,0,0,0,0,0,0,0,0,0,0,0,0,0,0,0,0,0,0,0,0,0,0,0,0,0,0,0,0,0,0,0,0,0,0,0,0,0,0,0,0,0,0,0,0,0,0,0,0,0,0,0,0,0,0,0,0,0,0,0,0,0,0,0,0,0,0,0,0,0,0,0,0,0,0,0,0,0,0,0,0,0,0,0,0,0,0,0,0,0,0,0,0,0,0,0,0,0,0,0,0,0,0,0,0,0,0,0,0,0,0,0,0,0,0,0,0,0,0,0,0,0,0,0,0,0,0
2020-04-16,US,502669,0,0,0,0,0,0,0,0,0,0,0,0,0,0,0,0,0,0,0,0,0,0,0,0,0,0,0,0,0,0,0,0,0,0,0,0,0,0,0,0,0,0,0,0,0,0,0,0,0,0,0,0,0,0,0,0,0,0,0,0,0,0,0,0,0,0,0,0,0,0,0,0,0,0,0,0,0,0,0,0,0,0,0,0,0,0,0,0,0,0,0,0,0,0,0,0,0,0,0,0,0,0,0,0,0,0,0,0,0,0,0,0,0,0,0,0,0,0,0,0,0,0,0,0,0,0
2020-04-17,US,517897,0,0,0,0,0,0,0,0,0,0,0,0,0,0,0,0,0,0,0,0,0,0,0,0,0,0,0,0,0,0,0,0,0,0,0,0,0,0,0,0,0,0,0,0,0,0,0,0,0,0,0,0,0,0,0,0,0,0,0,0,0,0,0,0,0,0,0,0,0,0,0,0,0,0,0,0,0,0,0,0,0,0,0,0,0,0,0,0,0,0,0,0,0,0,0,0,0,0,0,0,0,0,0,0,0,0,0,0,0,0,0,0,0,0,0,0,0,0,0,0,0,0,0,0,0,0
2020-04-18,US,533124,0,0,0,0,0,0,0,0,0,0,0,0,0,0,0,0,0,0,0,0,0,0,0,0,0,0,0,0,0,0,0,0,0,0,0,0,0,0,0,0,0,0,0,0,0,0,0,0,0,0,0,0,0,0,0,0,0,0,0,0,0,0,0,0,0,0,0,0,0,0,0,0,0,0,0,0,0,0,0,0,0,0,0,0,0,0,0,0,0,0,0,0,0,0,0,0,0,0,0,0,0,0,0,0,0,0,0,0,0,0,0,0,0,0,0,0,0,0,0,0,0,0,0,0,0,0
2020-04-19,US,563888,0,0,0,0,0,0,0,0,0,0,0,0,0,0,0,0,0,0,0,0,0,0,0,0,0,0,0,0,0,0,0,0,0,0,0,0,0,0,0,0,0,0,0,0,0,0,0,0,0,0,0,0,0,0,0,0,0,0,0,0,0,0,0,0,0,0,0,0,0,0,0,0,0,0,0,0,0,0,0,0,0,0,0,0,0,0,0,0,0,0,0,0,0,0,0,0,0,0,0,0,0,0,0,0,0,0,0,0,0,0,0,0,0,0,0,0,0,0,0,0,0,0,0,0,0,0
2020-04-20,US,594653,0,0,0,0,0,0,0,0,0,0,0,0,0,0,0,0,0,0,0,0,0,0,0,0,0,0,0,0,0,0,0,0,0,0,0,0,0,0,0,0,0,0,0,0,0,0,0,0,0,0,0,0,0,0,0,0,0,0,0,0,0,0,0,0,0,0,0,0,0,0,0,0,0,0,0,0,0,0,0,0,0,0,0,0,0,0,0,0,0,0,0,0,0,0,0,0,0,0,0,0,0,0,0,0,0,0,0,0,0,0,0,0,0,0,0,0,0,0,0,0,0,0,0,0,0,0
2020-04-21,US,625417,0,0,0,0,0,0,0,0,0,0,0,0,0,0,0,0,0,0,0,0,0,0,0,0,0,0,0,0,0,0,0,0,0,0,0,0,0,0,0,0,0,0,0,0,0,0,0,0,0,0,0,0,0,0,0,0,0,0,0,0,0,0,0,0,0,0,0,0,0,0,0,0,0,0,0,0,0,0,0,0,0,0,0,0,0,0,0,0,0,0,0,0,0,0,0,0,0,0,0,0,0,0,0,0,0,0,0,0,0,0,0,0,0,0,0,0,0,0,0,0,0,0,0,0,0,0
2020-04-22,US,656181,0,0,0,0,0,0,0,0,0,0,0,0,0,0,0,0,0,0,0,0,0,0,0,0,0,0,0,0,0,0,0,0,0,0,0,0,0,0,0,0,0,0,0,0,0,0,0,0,0,0,0,0,0,0,0,0,0,0,0,0,0,0,0,0,0,0,0,0,0,0,0,0,0,0,0,0,0,0,0,0,0,0,0,0,0,0,0,0,0,0,0,0,0,0,0,0,0,0,0,0,0,0,0,0,0,0,0,0,0,0,0,0,0,0,0,0,0,0,0,0,0,0,0,0,0,0
2020-04-23,US,686945,0,0,0,0,0,0,0,0,0,0,0,0,0,0,0,0,0,0,0,0,0,0,0,0,0,0,0,0,0,0,0,0,0,0,0,0,0,0,0,0,0,0,0,0,0,0,0,0,0,0,0,0,0,0,0,0,0,0,0,0,0,0,0,0,0,0,0,0,0,0,0,0,0,0,0,0,0,0,0,0,0,0,0,0,0,0,0,0,0,0,0,0,0,0,0,0,0,0,0,0,0,0,0,0,0,0,0,0,0,0,0,0,0,0,0,0,0,0,0,0,0,0,0,0,0,0
2020-04-24,US,717709,0,0,0,0,0,0,0,0,0,0,0,0,0,0,0,0,0,0,0,0,0,0,0,0,0,0,0,0,0,0,0,0,0,0,0,0,0,0,0,0,0,0,0,0,0,0,0,0,0,0,0,0,0,0,0,0,0,0,0,0,0,0,0,0,0,0,0,0,0,0,0,0,0,0,0,0,0,0,0,0,0,0,0,0,0,0,0,0,0,0,0,0,0,0,0,0,0,0,0,0,0,0,0,0,0,0,0,0,0,0,0,0,0,0,0,0,0,0,0,0,0,0,0,0,0,0
2020-04-25,US,748473,0,0,0,0,0,0,0,0,0,0,0,0,0,0,0,0,0,0,0,0,0,0,0,0,0,0,0,0,0,0,0,0,0,0,0,0,0,0,0,0,0,0,0,0,0,0,0,0,0,0,0,0,0,0,0,0,0,0,0,0,0,0,0,0,0,0,0,0,0,0,0,0,0,0,0,0,0,0,0,0,0,0,0,0,0,0,0,0,0,0,0,0,0,0,0,0,0,0,0,0,0,0,0,0,0,0,0,0,0,0,0,0,0,0,0,0,0,0,0,0,0,0,0,0,0,0
2020-04-26,US,689535,0,0,0,0,0,0,0,0,0,0,0,0,0,0,0,0,0,0,0,0,0,0,0,0,0,0,0,0,0,0,0,0,0,0,0,0,0,0,0,0,0,0,0,0,0,0,0,0,0,0,0,0,0,0,0,0,0,0,0,0,0,0,0,0,0,0,0,0,0,0,0,0,0,0,0,0,0,0,0,0,0,0,0,0,0,0,0,0,0,0,0,0,0,0,0,0,0,0,0,0,0,0,0,0,0,0,0,0,0,0,0,0,0,0,0,0,0,0,0,0,0,0,0,0,0,0
2020-04-27,US,630597,0,0,0,0,0,0,0,0,0,0,0,0,0,0,0,0,0,0,0,0,0,0,0,0,0,0,0,0,0,0,0,0,0,0,0,0,0,0,0,0,0,0,0,0,0,0,0,0,0,0,0,0,0,0,0,0,0,0,0,0,0,0,0,0,0,0,0,0,0,0,0,0,0,0,0,0,0,0,0,0,0,0,0,0,0,0,0,0,0,0,0,0,0,0,0,0,0,0,0,0,0,0,0,0,0,0,0,0,0,0,0,0,0,0,0,0,0,0,0,0,0,0,0,0,0,0
2020-04-28,US,571659,0,0,0,0,0,0,0,0,0,0,0,0,0,0,0,0,0,0,0,0,0,0,0,0,0,0,0,0,0,0,0,0,0,0,0,0,0,0,0,0,0,0,0,0,0,0,0,0,0,0,0,0,0,0,0,0,0,0,0,0,0,0,0,0,0,0,0,0,0,0,0,0,0,0,0,0,0,0,0,0,0,0,0,0,0,0,0,0,0,0,0,0,0,0,0,0,0,0,0,0,0,0,0,0,0,0,0,0,0,0,0,0,0,0,0,0,0,0,0,0,0,0,0,0,0,0
2020-04-29,US,512721,0,0,0,0,0,0,0,0,0,0,0,0,0,0,0,0,0,0,0,0,0,0,0,0,0,0,0,0,0,0,0,0,0,0,0,0,0,0,0,0,0,0,0,0,0,0,0,0,0,0,0,0,0,0,0,0,0,0,0,0,0,0,0,0,0,0,0,0,0,0,0,0,0,0,0,0,0,0,0,0,0,0,0,0,0,0,0,0,0,0,0,0,0,0,0,0,0,0,0,0,0,0,0,0,0,0,0,0,0,0,0,0,0,0,0,0,0,0,0,0,0,0,0,0,0,0
2020-04-30,US,453783,0,0,0,0,0,0,0,0,0,0,0,0,0,0,0,0,0,0,0,0,0,0,0,0,0,0,0,0,0,0,0,0,0,0,0,0,0,0,0,0,0,0,0,0,0,0,0,0,0,0,0,0,0,0,0,0,0,0,0,0,0,0,0,0,0,0,0,0,0,0,0,0,0,0,0,0,0,0,0,0,0,0,0,0,0,0,0,0,0,0,0,0,0,0,0,0,0,0,0,0,0,0,0,0,0,0,0,0,0,0,0,0,0,0,0,0,0,0,0,0,0,0,0,0,0,0
2020-05-01,US,394844,0,0,0,0,0,0,0,0,0,0,0,0,0,0,0,0,0,0,0,0,0,0,0,0,0,0,0,0,0,0,0,0,0,0,0,0,0,0,0,0,0,0,0,0,0,0,0,0,0,0,0,0,0,0,0,0,0,0,0,0,0,0,0,0,0,0,0,0,0,0,0,0,0,0,0,0,0,0,0,0,0,0,0,0,0,0,0,0,0,0,0,0,0,0,0,0,0,0,0,0,0,0,0,0,0,0,0,0,0,0,0,0,0,0,0,0,0,0,0,0,0,0,0,0,0,0
2020-05-02,US,335906,0,0,0,0,0,0,0,0,0,0,0,0,0,0,0,0,0,0,0,0,0,0,0,0,0,0,0,0,0,0,0,0,0,0,0,0,0,0,0,0,0,0,0,0,0,0,0,0,0,0,0,0,0,0,0,0,0,0,0,0,0,0,0,0,0,0,0,0,0,0,0,0,0,0,0,0,0,0,0,0,0,0,0,0,0,0,0,0,0,0,0,0,0,0,0,0,0,0,0,0,0,0,0,0,0,0,0,0,0,0,0,0,0,0,0,0,0,0,0,0,0,0,0,0,0,0
2020-05-03,US,312289,0,0,0,0,0,0,0,0,0,0,0,0,0,0,0,0,0,0,0,0,0,0,0,0,0,0,0,0,0,0,0,0,0,0,0,0,0,0,0,0,0,0,0,0,0,0,0,0,0,0,0,0,0,0,0,0,0,0,0,0,0,0,0,0,0,0,0,0,0,0,0,0,0,0,0,0,0,0,0,0,0,0,0,0,0,0,0,0,0,0,0,0,0,0,0,0,0,0,0,0,0,0,0,0,0,0,0,0,0,0,0,0,0,0,0,0,0,0,0,0,0,0,0,0,0,0
2020-05-04,US,288672,0,0,0,0,0,0,0,0,0,0,0,0,0,0,0,0,0,0,0,0,0,0,0,0,0,0,0,0,0,0,0,0,0,0,0,0,0,0,0,0,0,0,0,0,0,0,0,0,0,0,0,0,0,0,0,0,0,0,0,0,0,0,0,0,0,0,0,0,0,0,0,0,0,0,0,0,0,0,0,0,0,0,0,0,0,0,0,0,0,0,0,0,0,0,0,0,0,0,0,0,0,0,0,0,0,0,0,0,0,0,0,0,0,0,0,0,0,0,0,0,0,0,0,0,0,0
2020-05-05,US,265055,0,0,0,0,0,0,0,0,0,0,0,0,0,0,0,0,0,0,0,0,0,0,0,0,0,0,0,0,0,0,0,0,0,0,0,0,0,0,0,0,0,0,0,0,0,0,0,0,0,0,0,0,0,0,0,0,0,0,0,0,0,0,0,0,0,0,0,0,0,0,0,0,0,0,0,0,0,0,0,0,0,0,0,0,0,0,0,0,0,0,0,0,0,0,0,0,0,0,0,0,0,0,0,0,0,0,0,0,0,0,0,0,0,0,0,0,0,0,0,0,0,0,0,0,0,0
2020-05-06,US,241438,0,0,0,0,0,0,0,0,0,0,0,0,0,0,0,0,0,0,0,0,0,0,0,0,0,0,0,0,0,0,0,0,0,0,0,0,0,0,0,0,0,0,0,0,0,0,0,0,0,0,0,0,0,0,0,0,0,0,0,0,0,0,0,0,0,0,0,0,0,0,0,0,0,0,0,0,0,0,0,0,0,0,0,0,0,0,0,0,0,0,0,0,0,0,0,0,0,0,0,0,0,0,0,0,0,0,0,0,0,0,0,0,0,0,0,0,0,0,0,0,0,0,0,0,0,0
2020-05-07,US,217821,0,0,0,0,0,0,0,0,0,0,0,0,0,0,0,0,0,0,0,0,0,0,0,0,0,0,0,0,0,0,0,0,0,0,0,0,0,0,0,0,0,0,0,0,0,0,0,0,0,0,0,0,0,0,0,0,0,0,0,0,0,0,0,0,0,0,0,0,0,0,0,0,0,0,0,0,0,0,0,0,0,0,0,0,0,0,0,0,0,0,0,0,0,0,0,0,0,0,0,0,0,0,0,0,0,0,0,0,0,0,0,0,0,0,0,0,0,0,0,0,0,0,0,0,0,0
2020-05-08,US,194204,0,0,0,0,0,0,0,0,0,0,0,0,0,0,0,0,0,0,0,0,0,0,0,0,0,0,0,0,0,0,0,0,0,0,0,0,0,0,0,0,0,0,0,0,0,0,0,0,0,0,0,0,0,0,0,0,0,0,0,0,0,0,0,0,0,0,0,0,0,0,0,0,0,0,0,0,0,0,0,0,0,0,0,0,0,0,0,0,0,0,0,0,0,0,0,0,0,0,0,0,0,0,0,0,0,0,0,0,0,0,0,0,0,0,0,0,0,0,0,0,0,0,0,0,0,0
2020-05-09,US,170587,0,0,0,0,0,0,0,0,0,0,0,0,0,0,0,0,0,0,0,0,0,0,0,0,0,0,0,0,0,0,0,0,0,0,0,0,0,0,0,0,0,0,0,0,0,0,0,0,0,0,0,0,0,0,0,0,0,0,0,0,0,0,0,0,0,0,0,0,0,0,0,0,0,0,0,0,0,0,0,0,0,0,0,0,0,0,0,0,0,0,0,0,0,0,0,0,0,0,0,0,0,0,0,0,0,0,0,0,0,0,0,0,0,0,0,0,0,0,0,0,0,0,0,0,0,0
2020-05-10,US,160891,0,0,0,0,0,0,0,0,0,0,0,0,0,0,0,0,0,0,0,0,0,0,0,0,0,0,0,0,0,0,0,0,0,0,0,0,0,0,0,0,0,0,0,0,0,0,0,0,0,0,0,0,0,0,0,0,0,0,0,0,0,0,0,0,0,0,0,0,0,0,0,0,0,0,0,0,0,0,0,0,0,0,0,0,0,0,0,0,0,0,0,0,0,0,0,0,0,0,0,0,0,0,0,0,0,0,0,0,0,0,0,0,0,0,0,0,0,0,0,0,0,0,0,0,0,0
2020-05-11,US,151195,0,0,0,0,0,0,0,0,0,0,0,0,0,0,0,0,0,0,0,0,0,0,0,0,0,0,0,0,0,0,0,0,0,0,0,0,0,0,0,0,0,0,0,0,0,0,0,0,0,0,0,0,0,0,0,0,0,0,0,0,0,0,0,0,0,0,0,0,0,0,0,0,0,0,0,0,0,0,0,0,0,0,0,0,0,0,0,0,0,0,0,0,0,0,0,0,0,0,0,0,0,0,0,0,0,0,0,0,0,0,0,0,0,0,0,0,0,0,0,0,0,0,0,0,0,0
2020-05-12,US,141499,0,0,0,0,0,0,0,0,0,0,0,0,0,0,0,0,0,0,0,0,0,0,0,0,0,0,0,0,0,0,0,0,0,0,0,0,0,0,0,0,0,0,0,0,0,0,0,0,0,0,0,0,0,0,0,0,0,0,0,0,0,0,0,0,0,0,0,0,0,0,0,0,0,0,0,0,0,0,0,0,0,0,0,0,0,0,0,0,0,0,0,0,0,0,0,0,0,0,0,0,0,0,0,0,0,0,0,0,0,0,0,0,0,0,0,0,0,0,0,0,0,0,0,0,0,0
2020-05-13,US,131803,0,0,0,0,0,0,0,0,0,0,0,0,0,0,0,0,0,0,0,0,0,0,0,0,0,0,0,0,0,0,0,0,0,0,0,0,0,0,0,0,0,0,0,0,0,0,0,0,0,0,0,0,0,0,0,0,0,0,0,0,0,0,0,0,0,0,0,0,0,0,0,0,0,0,0,0,0,0,0,0,0,0,0,0,0,0,0,0,0,0,0,0,0,0,0,0,0,0,0,0,0,0,0,0,0,0,0,0,0,0,0,0,0,0,0,0,0,0,0,0,0,0,0,0,0,0
2020-05-14,US,122107,0,0,0,0,0,0,0,0,0,0,0,0,0,0,0,0,0,0,0,0,0,0,0,0,0,0,0,0,0,0,0,0,0,0,0,0,0,0,0,0,0,0,0,0,0,0,0,0,0,0,0,0,0,0,0,0,0,0,0,0,0,0,0,0,0,0,0,0,0,0,0,0,0,0,0,0,0,0,0,0,0,0,0,0,0,0,0,0,0,0,0,0,0,0,0,0,0,0,0,0,0,0,0,0,0,0,0,0,0,0,0,0,0,0,0,0,0,0,0,0,0,0,0,0,0,0
2020-05-15,US,112410,0,0,0,0,0,0,0,0,0,0,0,0,0,0,0,0,0,0,0,0,0,0,0,0,0,0,0,0,0,0,0,0,0,0,0,0,0,0,0,0,0,0,0,0,0,0,0,0,0,0,0,0,0,0,0,0,0,0,0,0,0,0,0,0,0,0,0,0,0,0,0,0,0,0,0,0,0,0,0,0,0,0,0,0,0,0,0,0,0,0,0,0,0,0,0,0,0,0,0,0,0,0,0,0,0,0,0,0,0,0,0,0,0,0,0,0,0,0,0,0,0,0,0,0,0,0
2020-05-16,US,102714,0,0,0,0,0,0,0,0,0,0,0,0,0,0,0,0,0,0,0,0,0,0,0,0,0,0,0,0,0,0,0,0,0,0,0,0,0,0,0,0,0,0,0,0,0,0,0,0,0,0,0,0,0,0,0,0,0,0,0,0,0,0,0,0,0,0,0,0,0,0,0,0,0,0,0,0,0,0,0,0,0,0,0,0,0,0,0,0,0,0,0,0,0,0,0,0,0,0,0,0,0,0,0,0,0,0,0,0,0,0,0,0,0,0,0,0,0,0,0,0,0,0,0,0,0,0
2020-05-17,US,96715,0,0,0,0,0,0,0,0,0,0,0,0,0,0,0,0,0,0,0,0,0,0,0,0,0,0,0,0,0,0,0,0,0,0,0,0,0,0,0,0,0,0,0,0,0,0,0,0,0,0,0,0,0,0,0,0,0,0,0,0,0,0,0,0,0,0,0,0,0,0,0,0,0,0,0,0,0,0,0,0,0,0,0,0,0,0,0,0,0,0,0,0,0,0,0,0,0,0,0,0,0,0,0,0,0,0,0,0,0,0,0,0,0,0,0,0,0,0,0,0,0,0,0,0,0,0
2020-05-18,US,90716,0,0,0,0,0,0,0,0,0,0,0,0,0,0,0,0,0,0,0,0,0,0,0,0,0,0,0,0,0,0,0,0,0,0,0,0,0,0,0,0,0,0,0,0,0,0,0,0,0,0,0,0,0,0,0,0,0,0,0,0,0,0,0,0,0,0,0,0,0,0,0,0,0,0,0,0,0,0,0,0,0,0,0,0,0,0,0,0,0,0,0,0,0,0,0,0,0,0,0,0,0,0,0,0,0,0,0,0,0,0,0,0,0,0,0,0,0,0,0,0,0,0,0,0,0,0
2020-05-19,US,84717,0,0,0,0,0,0,0,0,0,0,0,0,0,0,0,0,0,0,0,0,0,0,0,0,0,0,0,0,0,0,0,0,0,0,0,0,0,0,0,0,0,0,0,0,0,0,0,0,0,0,0,0,0,0,0,0,0,0,0,0,0,0,0,0,0,0,0,0,0,0,0,0,0,0,0,0,0,0,0,0,0,0,0,0,0,0,0,0,0,0,0,0,0,0,0,0,0,0,0,0,0,0,0,0,0,0,0,0,0,0,0,0,0,0,0,0,0,0,0,0,0,0,0,0,0,0
2020-05-20,US,78718,0,0,0,0,0,0,0,0,0,0,0,0,0,0,0,0,0,0,0,0,0,0,0,0,0,0,0,0,0,0,0,0,0,0,0,0,0,0,0,0,0,0,0,0,0,0,0,0,0,0,0,0,0,0,0,0,0,0,0,0,0,0,0,0,0,0,0,0,0,0,0,0,0,0,0,0,0,0,0,0,0,0,0,0,0,0,0,0,0,0,0,0,0,0,0,0,0,0,0,0,0,0,0,0,0,0,0,0,0,0,0,0,0,0,0,0,0,0,0,0,0,0,0,0,0,0
2020-05-21,US,72719,0,0,0,0,0,0,0,0,0,0,0,0,0,0,0,0,0,0,0,0,0,0,0,0,0,0,0,0,0,0,0,0,0,0,0,0,0,0,0,0,0,0,0,0,0,0,0,0,0,0,0,0,0,0,0,0,0,0,0,0,0,0,0,0,0,0,0,0,0,0,0,0,0,0,0,0,0,0,0,0,0,0,0,0,0,0,0,0,0,0,0,0,0,0,0,0,0,0,0,0,0,0,0,0,0,0,0,0,0,0,0,0,0,0,0,0,0,0,0,0,0,0,0,0,0,0
2020-05-22,US,66721,0,0,0,0,0,0,0,0,0,0,0,0,0,0,0,0,0,0,0,0,0,0,0,0,0,0,0,0,0,0,0,0,0,0,0,0,0,0,0,0,0,0,0,0,0,0,0,0,0,0,0,0,0,0,0,0,0,0,0,0,0,0,0,0,0,0,0,0,0,0,0,0,0,0,0,0,0,0,0,0,0,0,0,0,0,0,0,0,0,0,0,0,0,0,0,0,0,0,0,0,0,0,0,0,0,0,0,0,0,0,0,0,0,0,0,0,0,0,0,0,0,0,0,0,0,0
2020-05-23,US,60722,0,0,0,0,0,0,0,0,0,0,0,0,0,0,0,0,0,0,0,0,0,0,0,0,0,0,0,0,0,0,0,0,0,0,0,0,0,0,0,0,0,0,0,0,0,0,0,0,0,0,0,0,0,0,0,0,0,0,0,0,0,0,0,0,0,0,0,0,0,0,0,0,0,0,0,0,0,0,0,0,0,0,0,0,0,0,0,0,0,0,0,0,0,0,0,0,0,0,0,0,0,0,0,0,0,0,0,0,0,0,0,0,0,0,0,0,0,0,0,0,0,0,0,0,0,0
2020-05-24,US,60621,0,0,0,0,0,0,0,0,0,0,0,0,0,0,0,0,0,0,0,0,0,0,0,0,0,0,0,0,0,0,0,0,0,0,0,0,0,0,0,0,0,0,0,0,0,0,0,0,0,0,0,0,0,0,0,0,0,0,0,0,0,0,0,0,0,0,0,0,0,0,0,0,0,0,0,0,0,0,0,0,0,0,0,0,0,0,0,0,0,0,0,0,0,0,0,0,0,0,0,0,0,0,0,0,0,0,0,0,0,0,0,0,0,0,0,0,0,0,0,0,0,0,0,0,0,0
2020-05-25,US,60521,0,0,0,0,0,0,0,0,0,0,0,0,0,0,0,0,0,0,0,0,0,0,0,0,0,0,0,0,0,0,0,0,0,0,0,0,0,0,0,0,0,0,0,0,0,0,0,0,0,0,0,0,0,0,0,0,0,0,0,0,0,0,0,0,0,0,0,0,0,0,0,0,0,0,0,0,0,0,0,0,0,0,0,0,0,0,0,0,0,0,0,0,0,0,0,0,0,0,0,0,0,0,0,0,0,0,0,0,0,0,0,0,0,0,0,0,0,0,0,0,0,0,0,0,0,0
2020-05-26,US,60421,0,0,0,0,0,0,0,0,0,0,0,0,0,0,0,0,0,0,0,0,0,0,0,0,0,0,0,0,0,0,0,0,0,0,0,0,0,0,0,0,0,0,0,0,0,0,0,0,0,0,0,0,0,0,0,0,0,0,0,0,0,0,0,0,0,0,0,0,0,0,0,0,0,0,0,0,0,0,0,0,0,0,0,0,0,0,0,0,0,0,0,0,0,0,0,0,0,0,0,0,0,0,0,0,0,0,0,0,0,0,0,0,0,0,0,0,0,0,0,0,0,0,0,0,0,0
2020-05-27,US,60321,0,0,0,0,0,0,0,0,0,0,0,0,0,0,0,0,0,0,0,0,0,0,0,0,0,0,0,0,0,0,0,0,0,0,0,0,0,0,0,0,0,0,0,0,0,0,0,0,0,0,0,0,0,0,0,0,0,0,0,0,0,0,0,0,0,0,0,0,0,0,0,0,0,0,0,0,0,0,0,0,0,0,0,0,0,0,0,0,0,0,0,0,0,0,0,0,0,0,0,0,0,0,0,0,0,0,0,0,0,0,0,0,0,0,0,0,0,0,0,0,0,0,0,0,0,0
2020-05-28,US,60221,0,0,0,0,0,0,0,0,0,0,0,0,0,0,0,0,0,0,0,0,0,0,0,0,0,0,0,0,0,0,0,0,0,0,0,0,0,0,0,0,0,0,0,0,0,0,0,0,0,0,0,0,0,0,0,0,0,0,0,0,0,0,0,0,0,0,0,0,0,0,0,0,0,0,0,0,0,0,0,0,0,0,0,0,0,0,0,0,0,0,0,0,0,0,0,0,0,0,0,0,0,0,0,0,0,0,0,0,0,0,0,0,0,0,0,0,0,0,0,0,0,0,0,0,0,0
2020-05-29,US,60121,0,0,0,0,0,0,0,0,0,0,0,0,0,0,0,0,0,0,0,0,0,0,0,0,0,0,0,0,0,0,0,0,0,0,0,0,0,0,0,0,0,0,0,0,0,0,0,0,0,0,0,0,0,0,0,0,0,0,0,0,0,0,0,0,0,0,0,0,0,0,0,0,0,0,0,0,0,0,0,0,0,0,0,0,0,0,0,0,0,0,0,0,0,0,0,0,0,0,0,0,0,0,0,0,0,0,0,0,0,0,0,0,0,0,0,0,0,0,0,0,0,0,0,0,0,0
2020-05-30,US,60021,0,0,0,0,0,0,0,0,0,0,0,0,0,0,0,0,0,0,0,0,0,0,0,0,0,0,0,0,0,0,0,0,0,0,0,0,0,0,0,0,0,0,0,0,0,0,0,0,0,0,0,0,0,0,0,0,0,0,0,0,0,0,0,0,0,0,0,0,0,0,0,0,0,0,0,0,0,0,0,0,0,0,0,0,0,0,0,0,0,0,0,0,0,0,0,0,0,0,0,0,0,0,0,0,0,0,0,0,0,0,0,0,0,0,0,0,0,0,0,0,0,0,0,0,0,0
2020-05-31,US,61071,0,0,0,0,0,0,0,0,0,0,0,0,0,0,0,0,0,0,0,0,0,0,0,0,0,0,0,0,0,0,0,0,0,0,0,0,0,0,0,0,0,0,0,0,0,0,0,0,0,0,0,0,0,0,0,0,0,0,0,0,0,0,0,0,0,0,0,0,0,0,0,0,0,0,0,0,0,0,0,0,0,0,0,0,0,0,0,0,0,0,0,0,0,0,0,0,0,0,0,0,0,0,0,0,0,0,0,0,0,0,0,0,0,0,0,0,0,0,0,0,0,0,0,0,0,0
2020-06-01,US,62121,0,0,0,0,0,0,0,0,0,0,0,0,0,0,0,0,0,0,0,0,0,0,0,0,0,0,0,0,0,0,0,0,0,0,0,0,0,0,0,0,0,0,0,0,0,0,0,0,0,0,0,0,0,0,0,0,0,0,0,0,0,0,0,0,0,0,0,0,0,0,0,0,0,0,0,0,0,0,0,0,0,0,0,0,0,0,0,0,0,0,0,0,0,0,0,0,0,0,0,0,0,0,0,0,0,0,0,0,0,0,0,0,0,0,0,0,0,0,0,0,0,0,0,0,0,0
2020-06-02,US,63172,0,0,0,0,0,0,0,0,0,0,0,0,0,0,0,0,0,0,0,0,0,0,0,0,0,0,0,0,0,0,0,0,0,0,0,0,0,0,0,0,0,0,0,0,0,0,0,0,0,0,0,0,0,0,0,0,0,0,0,0,0,0,0,0,0,0,0,0,0,0,0,0,0,0,0,0,0,0,0,0,0,0,0,0,0,0,0,0,0,0,0,0,0,0,0,0,0,0,0,0,0,0,0,0,0,0,0,0,0,0,0,0,0,0,0,0,0,0,0,0,0,0,0,0,0,0
2020-06-03,US,64222,0,0,0,0,0,0,0,0,0,0,0,0,0,0,0,0,0,0,0,0,0,0,0,0,0,0,0,0,0,0,0,0,0,0,0,0,0,0,0,0,0,0,0,0,0,0,0,0,0,0,0,0,0,0,0,0,0,0,0,0,0,0,0,0,0,0,0,0,0,0,0,0,0,0,0,0,0,0,0,0,0,0,0,0,0,0,0,0,0,0,0,0,0,0,0,0,0,0,0,0,0,0,0,0,0,0,0,0,0,0,0,0,0,0,0,0,0,0,0,0,0,0,0,0,0,0
2020-06-04,US,65272,0,0,0,0,0,0,0,0,0,0,0,0,0,0,0,0,0,0,0,0,0,0,0,0,0,0,0,0,0,0,0,0,0,0,0,0,0,0,0,0,0,0,0,0,0,0,0,0,0,0,0,0,0,0,0,0,0,0,0,0,0,0,0,0,0,0,0,0,0,0,0,0,0,0,0,0,0,0,0,0,0,0,0,0,0,0,0,0,0,0,0,0,0,0,0,0,0,0,0,0,0,0,0,0,0,0,0,0,0,0,0,0,0,0,0,0,0,0,0,0,0,0,0,0,0,0
2020-06-05,US,66322,0,0,0,0,0,0,0,0,0,0,0,0,0,0,0,0,0,0,0,0,0,0,0,0,0,0,0,0,0,0,0,0,0,0,0,0,0,0,0,0,0,0,0,0,0,0,0,0,0,0,0,0,0,0,0,0,0,0,0,0,0,0,0,0,0,0,0,0,0,0,0,0,0,0,0,0,0,0,0,0,0,0,0,0,0,0,0,0,0,0,0,0,0,0,0,0,0,0,0,0,0,0,0,0,0,0,0,0,0,0,0,0,0,0,0,0,0,0,0,0,0,0,0,0,0,0
2020-06-06,US,67372,0,0,0,0,0,0,0,0,0,0,0,0,0,0,0,0,0,0,0,0,0,0,0,0,0,0,0,0,0,0,0,0,0,0,0,0,0,0,0,0,0,0,0,0,0,0,0,0,0,0,0,0,0,0,0,0,0,0,0,0,0,0,0,0,0,0,0,0,0,0,0,0,0,0,0,0,0,0,0,0,0,0,0,0,0,0,0,0,0,0,0,0,0,0,0,0,0,0,0,0,0,0,0,0,0,0,0,0,0,0,0,0,0,0,0,0,0,0,0,0,0,0,0,0,0,0
2020-06-07,US,72265,0,0,0,0,0,0,0,0,0,0,0,0,0,0,0,0,0,0,0,0,0,0,0,0,0,0,0,0,0,0,0,0,0,0,0,0,0,0,0,0,0,0,0,0,0,0,0,0,0,0,0,0,0,0,0,0,0,0,0,0,0,0,0,0,0,0,0,0,0,0,0,0,0,0,0,0,0,0,0,0,0,0,0,0,0,0,0,0,0,0,0,0,0,0,0,0,0,0,0,0,0,0,0,0,0,0,0,0,0,0,0,0,0,0,0,0,0,0,0,0,0,0,0,0,0,0
2020-06-08,US,77158,0,0,0,0,0,0,0,0,0,0,0,0,0,0,0,0,0,0,0,0,0,0,0,0,0,0,0,0,0,0,0,0,0,0,0,0,0,0,0,0,0,0,0,0,0,0,0,0,0,0,0,0,0,0,0,0,0,0,0,0,0,0,0,0,0,0,0,0,0,0,0,0,0,0,0,0,0,0,0,0,0,0,0,0,0,0,0,0,0,0,0,0,0,0,0,0,0,0,0,0,0,0,0,0,0,0,0,0,0,0,0,0,0,0,0,0,0,0,0,0,0,0,0,0,0,0
2020-06-09,US,82052,0,0,0,0,0,0,0,0,0,0,0,0,0,0,0,0,0,0,0,0,0,0,0,0,0,0,0,0,0,0,0,0,0,0,0,0,0,0,0,0,0,0,0,0,0,0,0,0,0,0,0,0,0,0,0,0,0,0,0,0,0,0,0,0,0,0,0,0,0,0,0,0,0,0,0,0,0,0,0,0,0,0,0,0,0,0,0,0,0,0,0,0,0,0,0,0,0,0,0,0,0,0,0,0,0,0,0,0,0,0,0,0,0,0,0,0,0,0,0,0,0,0,0,0,0,0
2020-06-10,US,86945,0,0,0,0,0,0,0,0,0,0,0,0,0,0,0,0,0,0,0,0,0,0,0,0,0,0,0,0,0,0,0,0,0,0,0,0,0,0,0,0,0,0,0,0,0,0,0,0,0,0,0,0,0,0,0,0,0,0,0,0,0,0,0,0,0,0,0,0,0,0,0,0,0,0,0,0,0,0,0,0,0,0,0,0,0,0,0,0,0,0,0,0,0,0,0,0,0,0,0,0,0,0,0,0,0,0,0,0,0,0,0,0,0,0,0,0,0,0,0,0,0,0,0,0,0,0
2020-06-11,US,91838,0,0,0,0,0,0,0,0,0,0,0,0,0,0,0,0,0,0,0,0,0,0,0,0,0,0,0,0,0,0,0,0,0,0,0,0,0,0,0,0,0,0,0,0,0,0,0,0,0,0,0,0,0,0,0,0,0,0,0,0,0,0,0,0,0,0,0,0,0,0,0,0,0,0,0,0,0,0,0,0,0,0,0,0,0,0,0,0,0,0,0,0,0,0,0,0,0,0,0,0,0,0,0,0,0,0,0,0,0,0,0,0,0,0,0,0,0,0,0,0,0,0,0,0,0,0
2020-06-12,US,96731,0,0,0,0,0,0,0,0,0,0,0,0,0,0,0,0,0,0,0,0,0,0,0,0,0,0,0,0,0,0,0,0,0,0,0,0,0,0,0,0,0,0,0,0,0,0,0,0,0,0,0,0,0,0,0,0,0,0,0,0,0,0,0,0,0,0,0,0,0,0,0,0,0,0,0,0,0,0,0,0,0,0,0,0,0,0,0,0,0,0,0,0,0,0,0,0,0,0,0,0,0,0,0,0,0,0,0,0,0,0,0,0,0,0,0,0,0,0,0,0,0,0,0,0,0,0
2020-06-13,US,101624,0,0,0,0,0,0,0,0,0,0,0,0,0,0,0,0,0,0,0,0,0,0,0,0,0,0,0,0,0,0,0,0,0,0,0,0,0,0,0,0,0,0,0,0,0,0,0,0,0,0,0,0,0,0,0,0,0,0,0,0,0,0,0,0,0,0,0,0,0,0,0,0,0,0,0,0,0,0,0,0,0,0,0,0,0,0,0,0,0,0,0,0,0,0,0,0,0,0,0,0,0,0,0,0,0,0,0,0,0,0,0,0,0,0,0,0,0,0,0,0,0,0,0,0,0,0
2020-06-14,US,100639,0,0,0,0,0,0,0,0,0,0,0,0,0,0,0,0,0,0,0,0,0,0,0,0,0,0,0,0,0,0,0,0,0,0,0,0,0,0,0,0,0,0,0,0,0,0,0,0,0,0,0,0,0,0,0,0,0,0,0,0,0,0,0,0,0,0,0,0,0,0,0,0,0,0,0,0,0,0,0,0,0,0,0,0,0,0,0,0,0,0,0,0,0,0,0,0,0,0,0,0,0,0,0,0,0,0,0,0,0,0,0,0,0,0,0,0,0,0,0,0,0,0,0,0,0,0
2020-06-15,US,99654,0,0,0,0,0,0,0,0,0,0,0,0,0,0,0,0,0,0,0,0,0,0,0,0,0,0,0,0,0,0,0,0,0,0,0,0,0,0,0,0,0,0,0,0,0,0,0,0,0,0,0,0,0,0,0,0,0,0,0,0,0,0,0,0,0,0,0,0,0,0,0,0,0,0,0,0,0,0,0,0,0,0,0,0,0,0,0,0,0,0,0,0,0,0,0,0,0,0,0,0,0,0,0,0,0,0,0,0,0,0,0,0,0,0,0,0,0,0,0,0,0,0,0,0,0,0
2020-06-16,US,98669,0,0,0,0,0,0,0,0,0,0,0,0,0,0,0,0,0,0,0,0,0,0,0,0,0,0,0,0,0,0,0,0,0,0,0,0,0,0,0,0,0,0,0,0,0,0,0,0,0,0,0,0,0,0,0,0,0,0,0,0,0,0,0,0,0,0,0,0,0,0,0,0,0,0,0,0,0,0,0,0,0,0,0,0,0,0,0,0,0,0,0,0,0,0,0,0,0,0,0,0,0,0,0,0,0,0,0,0,0,0,0,0,0,0,0,0,0,0,0,0,0,0,0,0,0,0
2020-06-17,US,97684,0,0,0,0,0,0,0,0,0,0,0,0,0,0,0,0,0,0,0,0,0,0,0,0,0,0,0,0,0,0,0,0,0,0,0,0,0,0,0,0,0,0,0,0,0,0,0,0,0,0,0,0,0,0,0,0,0,0,0,0,0,0,0,0,0,0,0,0,0,0,0,0,0,0,0,0,0,0,0,0,0,0,0,0,0,0,0,0,0,0,0,0,0,0,0,0,0,0,0,0,0,0,0,0,0,0,0,0,0,0,0,0,0,0,0,0,0,0,0,0,0,0,0,0,0,0
2020-06-18,US,96698,0,0,0,0,0,0,0,0,0,0,0,0,0,0,0,0,0,0,0,0,0,0,0,0,0,0,0,0,0,0,0,0,0,0,0,0,0,0,0,0,0,0,0,0,0,0,0,0,0,0,0,0,0,0,0,0,0,0,0,0,0,0,0,0,0,0,0,0,0,0,0,0,0,0,0,0,0,0,0,0,0,0,0,0,0,0,0,0,0,0,0,0,0,0,0,0,0,0,0,0,0,0,0,0,0,0,0,0,0,0,0,0,0,0,0,0,0,0,0,0,0,0,0,0,0,0
2020-06-19,US,95713,0,0,0,0,0,0,0,0,0,0,0,0,0,0,0,0,0,0,0,0,0,0,0,0,0,0,0,0,0,0,0,0,0,0,0,0,0,0,0,0,0,0,0,0,0,0,0,0,0,0,0,0,0,0,0,0,0,0,0,0,0,0,0,0,0,0,0,0,0,0,0,0,0,0,0,0,0,0,0,0,0,0,0,0,0,0,0,0,0,0,0,0,0,0,0,0,0,0,0,0,0,0,0,0,0,0,0,0,0,0,0,0,0,0,0,0,0,0,0,0,0,0,0,0,0,0
2020-06-20,US,94728,0,0,0,0,0,0,0,0,0,0,0,0,0,0,0,0,0,0,0,0,0,0,0,0,0,0,0,0,0,0,0,0,0,0,0,0,0,0,0,0,0,0,0,0,0,0,0,0,0,0,0,0,0,0,0,0,0,0,0,0,0,0,0,0,0,0,0,0,0,0,0,0,0,0,0,0,0,0,0,0,0,0,0,0,0,0,0,0,0,0,0,0,0,0,0,0,0,0,0,0,0,0,0,0,0,0,0,0,0,0,0,0,0,0,0,0,0,0,0,0,0,0,0,0,0,0
2020-06-21,US,94027,0,0,0,0,0,0,0,0,0,0,0,0,0,0,0,0,0,0,0,0,0,0,0,0,0,0,0,0,0,0,0,0,0,0,0,0,0,0,0,0,0,0,0,0,0,0,0,0,0,0,0,0,0,0,0,0,0,0,0,0,0,0,0,0,0,0,0,0,0,0,0,0,0,0,0,0,0,0,0,0,0,0,0,0,0,0,0,0,0,0,0,0,0,0,0,0,0,0,0,0,0,0,0,0,0,0,0,0,0,0,0,0,0,0,0,0,0,0,0,0,0,0,0,0,0,0
2020-06-22,US,93326,0,0,0,0,0,0,0,0,0,0,0,0,0,0,0,0,0,0,0,0,0,0,0,0,0,0,0,0,0,0,0,0,0,0,0,0,0,0,0,0,0,0,0,0,0,0,0,0,0,0,0,0,0,0,0,0,0,0,0,0,0,0,0,0,0,0,0,0,0,0,0,0,0,0,0,0,0,0,0,0,0,0,0,0,0,0,0,0,0,0,0,0,0,0,0,0,0,0,0,0,0,0,0,0,0,0,0,0,0,0,0,0,0,0,0,0,0,0,0,0,0,0,0,0,0,0
2020-06-23,US,92626,0,0,0,0,0,0,0,0,0,0,0,0,0,0,0,0,0,0,0,0,0,0,0,0,0,0,0,0,0,0,0,0,0,0,0,0,0,0,0,0,0,0,0,0,0,0,0,0,0,0,0,0,0,0,0,0,0,0,0,0,0,0,0,0,0,0,0,0,0,0,0,0,0,0,0,0,0,0,0,0,0,0,0,0,0,0,0,0,0,0,0,0,0,0,0,0,0,0,0,0,0,0,0,0,0,0,0,0,0,0,0,0,0,0,0,0,0,0,0,0,0,0,0,0,0,0
2020-06-24,US,91925,0,0,0,0,0,0,0,0,0,0,0,0,0,0,0,0,0,0,0,0,0,0,0,0,0,0,0,0,0,0,0,0,0,0,0,0,0,0,0,0,0,0,0,0,0,0,0,0,0,0,0,0,0,0,0,0,0,0,0,0,0,0,0,0,0,0,0,0,0,0,0,0,0,0,0,0,0,0,0,0,0,0,0,0,0,0,0,0,0,0,0,0,0,0,0,0,0,0,0,0,0,0,0,0,0,0,0,0,0,0,0,0,0,0,0,0,0,0,0,0,0,0,0,0,0,0
2020-06-25,US,91224,0,0,0,0,0,0,0,0,0,0,0,0,0,0,0,0,0,0,0,0,0,0,0,0,0,0,0,0,0,0,0,0,0,0,0,0,0,0,0,0,0,0,0,0,0,0,0,0,0,0,0,0,0,0,0,0,0,0,0,0,0,0,0,0,0,0,0,0,0,0,0,0,0,0,0,0,0,0,0,0,0,0,0,0,0,0,0,0,0,0,0,0,0,0,0,0,0,0,0,0,0,0,0,0,0,0,0,0,0,0,0,0,0,0,0,0,0,0,0,0,0,0,0,0,0,0
2020-06-26,US,90523,0,0,0,0,0,0,0,0,0,0,0,0,0,0,0,0,0,0,0,0,0,0,0,0,0,0,0,0,0,0,0,0,0,0,0,0,0,0,0,0,0,0,0,0,0,0,0,0,0,0,0,0,0,0,0,0,0,0,0,0,0,0,0,0,0,0,0,0,0,0,0,0,0,0,0,0,0,0,0,0,0,0,0,0,0,0,0,0,0,0,0,0,0,0,0,0,0,0,0,0,0,0,0,0,0,0,0,0,0,0,0,0,0,0,0,0,0,0,0,0,0,0,0,0,0,0
2020-06-27,US,89822,0,0,0,0,0,0,0,0,0,0,0,0,0,0,0,0,0,0,0,0,0,0,0,0,0,0,0,0,0,0,0,0,0,0,0,0,0,0,0,0,0,0,0,0,0,0,0,0,0,0,0,0,0,0,0,0,0,0,0,0,0,0,0,0,0,0,0,0,0,0,0,0,0,0,0,0,0,0,0,0,0,0,0,0,0,0,0,0,0,0,0,0,0,0,0,0,0,0,0,0,0,0,0,0,0,0,0,0,0,0,0,0,0,0,0,0,0,0,0,0,0,0,0,0,0,0
2020-06-28,US,97059,0,0,0,0,0,0,0,0,0,0,0,0,0,0,0,0,0,0,0,0,0,0,0,0,0,0,0,0,0,0,0,0,0,0,0,0,0,0,0,0,0,0,0,0,0,0,0,0,0,0,0,0,0,0,0,0,0,0,0,0,0,0,0,0,0,0,0,0,0,0,0,0,0,0,0,0,0,0,0,0,0,0,0,0,0,0,0,0,0,0,0,0,0,0,0,0,0,0,0,0,0,0,0,0,0,0,0,0,0,0,0,0,0,0,0,0,0,0,0,0,0,0,0,0,0,0
2020-06-29,US,104297,0,0,0,0,0,0,0,0,0,0,0,0,0,0,0,0,0,0,0,0,0,0,0,0,0,0,0,0,0,0,0,0,0,0,0,0,0,0,0,0,0,0,0,0,0,0,0,0,0,0,0,0,0,0,0,0,0,0,0,0,0,0,0,0,0,0,0,0,0,0,0,0,0,0,0,0,0,0,0,0,0,0,0,0,0,0,0,0,0,0,0,0,0,0,0,0,0,0,0,0,0,0,0,0,0,0,0,0,0,0,0,0,0,0,0,0,0,0,0,0,0,0,0,0,0,0
2020-06-30,US,111535,0,0,0,0,0,0,0,0,0,0,0,0,0,0,0,0,0,0,0,0,0,0,0,0,0,0,0,0,0,0,0,0,0,0,0,0,0,0,0,0,0,0,0,0,0,0,0,0,0,0,0,0,0,0,0,0,0,0,0,0,0,0,0,0,0,0,0,0,0,0,0,0,0,0,0,0,0,0,0,0,0,0,0,0,0,0,0,0,0,0,0,0,0,0,0,0,0,0,0,0,0,0,0,0,0,0,0,0,0,0,0,0,0,0,0,0,0,0,0,0,0,0,0,0,0,0
2020-07-01,US,118772,0,0,0,0,0,0,0,0,0,0,0,0,0,0,0,0,0,0,0,0,0,0,0,0,0,0,0,0,0,0,0,0,0,0,0,0,0,0,0,0,0,0,0,0,0,0,0,0,0,0,0,0,0,0,0,0,0,0,0,0,0,0,0,0,0,0,0,0,0,0,0,0,0,0,0,0,0,0,0,0,0,0,0,0,0,0,0,0,0,0,0,0,0,0,0,0,0,0,0,0,0,0,0,0,0,0,0,0,0,0,0,0,0,0,0,0,0,0,0,0,0,0,0,0,0,0
2020-07-02,US,126010,0,0,0,0,0,0,0,0,0,0,0,0,0,0,0,0,0,0,0,0,0,0,0,0,0,0,0,0,0,0,0,0,0,0,0,0,0,0,0,0,0,0,0,0,0,0,0,0,0,0,0,0,0,0,0,0,0,0,0,0,0,0,0,0,0,0,0,0,0,0,0,0,0,0,0,0,0,0,0,0,0,0,0,0,0,0,0,0,0,0,0,0,0,0,0,0,0,0,0,0,0,0,0,0,0,0,0,0,0,0,0,0,0,0,0,0,0,0,0,0,0,0,0,0,0,0
2020-07-03,US,133247,0,0,0,0,0,0,0,0,0,0,0,0,0,0,0,0,0,0,0,0,0,0,0,0,0,0,0,0,0,0,0,0,0,0,0,0,0,0,0,0,0,0,0,0,0,0,0,0,0,0,0,0,0,0,0,0,0,0,0,0,0,0,0,0,0,0,0,0,0,0,0,0,0,0,0,0,0,0,0,0,0,0,0,0,0,0,0,0,0,0,0,0,0,0,0,0,0,0,0,0,0,0,0,0,0,0,0,0,0,0,0,0,0,0,0,0,0,0,0,0,0,0,0,0,0,0
2020-07-04,US,140485,0,0,0,0,0,0,0,0,0,0,0,0,0,0,0,0,0,0,0,0,0,0,0,0,0,0,0,0,0,0,0,0,0,0,0,0,0,0,0,0,0,0,0,0,0,0,0,0,0,0,0,0,0,0,0,0,0,0,0,0,0,0,0,0,0,0,0,0,0,0,0,0,0,0,0,0,0,0,0,0,0,0,0,0,0,0,0,0,0,0,0,0,0,0,0,0,0,0,0,0,0,0,0,0,0,0,0,0,0,0,0,0,0,0,0,0,0,0,0,0,0,0,0,0,0,0
2020-07-05,US,143595,0,0,0,0,0,0,0,0,0,0,0,0,0,0,0,0,0,0,0,0,0,0,0,0,0,0,0,0,0,0,0,0,0,0,0,0,0,0,0,0,0,0,0,0,0,0,0,0,0,0,0,0,0,0,0,0,0,0,0,0,0,0,0,0,0,0,0,0,0,0,0,0,0,0,0,0,0,0,0,0,0,0,0,0,0,0,0,0,0,0,0,0,0,0,0,0,0,0,0,0,0,0,0,0,0,0,0,0,0,0,0,0,0,0,0,0,0,0,0,0,0,0,0,0,0,0
2020-07-06,US,146706,0,0,0,0,0,0,0,0,0,0,0,0,0,0,0,0,0,0,0,0,0,0,0,0,0,0,0,0,0,0,0,0,0,0,0,0,0,0,0,0,0,0,0,0,0,0,0,0,0,0,0,0,0,0,0,0,0,0,0,0,0,0,0,0,0,0,0,0,0,0,0,0,0,0,0,0,0,0,0,0,0,0,0,0,0,0,0,0,0,0,0,0,0,0,0,0,0,0,0,0,0,0,0,0,0,0,0,0,0,0,0,0,0,0,0,0,0,0,0,0,0,0,0,0,0,0
2020-07-07,US,149817,0,0,0,0,0,0,0,0,0,0,0,0,0,0,0,0,0,0,0,0,0,0,0,0,0,0,0,0,0,0,0,0,0,0,0,0,0,0,0,0,0,0,0,0,0,0,0,0,0,0,0,0,0,0,0,0,0,0,0,0,0,0,0,0,0,0,0,0,0,0,0,0,0,0,0,0,0,0,0,0,0,0,0,0,0,0,0,0,0,0,0,0,0,0,0,0,0,0,0,0,0,0,0,0,0,0,0,0,0,0,0,0,0,0,0,0,0,0,0,0,0,0,0,0,0,0
2020-07-08,US,152927,0,0,0,0,0,0,0,0,0,0,0,0,0,0,0,0,0,0,0,0,0,0,0,0,0,0,0,0,0,0,0,0,0,0,0,0,0,0,0,0,0,0,0,0,0,0,0,0,0,0,0,0,0,0,0,0,0,0,0,0,0,0,0,0,0,0,0,0,0,0,0,0,0,0,0,0,0,0,0,0,0,0,0,0,0,0,0,0,0,0,0,0,0,0,0,0,0,0,0,0,0,0,0,0,0,0,0,0,0,0,0,0,0,0,0,0,0,0,0,0,0,0,0,0,0,0
2020-07-09,US,156038,0,0,0,0,0,0,0,0,0,0,0,0,0,0,0,0,0,0,0,0,0,0,0,0,0,0,0,0,0,0,0,0,0,0,0,0,0,0,0,0,0,0,0,0,0,0,0,0,0,0,0,0,0,0,0,0,0,0,0,0,0,0,0,0,0,0,0,0,0,0,0,0,0,0,0,0,0,0,0,0,0,0,0,0,0,0,0,0,0,0,0,0,0,0,0,0,0,0,0,0,0,0,0,0,0,0,0,0,0,0,0,0,0,0,0,0,0,0,0,0,0,0,0,0,0,0
2020-07-10,US,159148,0,0,0,0,0,0,0,0,0,0,0,0,0,0,0,0,0,0,0,0,0,0,0,0,0,0,0,0,0,0,0,0,0,0,0,0,0,0,0,0,0,0,0,0,0,0,0,0,0,0,0,0,0,0,0,0,0,0,0,0,0,0,0,0,0,0,0,0,0,0,0,0,0,0,0,0,0,0,0,0,0,0,0,0,0,0,0,0,0,0,0,0,0,0,0,0,0,0,0,0,0,0,0,0,0,0,0,0,0,0,0,0,0,0,0,0,0,0,0,0,0,0,0,0,0,0
2020-07-11,US,162259,0,0,0,0,0,0,0,0,0,0,0,0,0,0,0,0,0,0,0,0,0,0,0,0,0,0,0,0,0,0,0,0,0,0,0,0,0,0,0,0,0,0,0,0,0,0,0,0,0,0,0,0,0,0,0,0,0,0,0,0,0,0,0,0,0,0,0,0,0,0,0,0,0,0,0,0,0,0,0,0,0,0,0,0,0,0,0,0,0,0,0,0,0,0,0,0,0,0,0,0,0,0,0,0,0,0,0,0,0,0,0,0,0,0,0,0,0,0,0,0,0,0,0,0,0,0
2020-07-12,US,168900,0,0,0,0,0,0,0,0,0,0,0,0,0,0,0,0,0,0,0,0,0,0,0,0,0,0,0,0,0,0,0,0,0,0,0,0,0,0,0,0,0,0,0,0,0,0,0,0,0,0,0,0,0,0,0,0,0,0,0,0,0,0,0,0,0,0,0,0,0,0,0,0,0,0,0,0,0,0,0,0,0,0,0,0,0,0,0,0,0,0,0,0,0,0,0,0,0,0,0,0,0,0,0,0,0,0,0,0,0,0,0,0,0,0,0,0,0,0,0,0,0,0,0,0,0,0
2020-07-13,US,175540,0,0,0,0,0,0,0,0,0,0,0,0,0,0,0,0,0,0,0,0,0,0,0,0,0,0,0,0,0,0,0,0,0,0,0,0,0,0,0,0,0,0,0,0,0,0,0,0,0,0,0,0,0,0,0,0,0,0,0,0,0,0,0,0,0,0,0,0,0,0,0,0,0,0,0,0,0,0,0,0,0,0,0,0,0,0,0,0,0,0,0,0,0,0,0,0,0,0,0,0,0,0,0,0,0,0,0,0,0,0,0,0,0,0,0,0,0,0,0,0,0,0,0,0,0,0
2020-07-14,US,182181,0,0,0,0,0,0,0,0,0,0,0,0,0,0,0,0,0,0,0,0,0,0,0,0,0,0,0,0,0,0,0,0,0,0,0,0,0,0,0,0,0,0,0,0,0,0,0,0,0,0,0,0,0,0,0,0,0,0,0,0,0,0,0,0,0,0,0,0,0,0,0,0,0,0,0,0,0,0,0,0,0,0,0,0,0,0,0,0,0,0,0,0,0,0,0,0,0,0,0,0,0,0,0,0,0,0,0,0,0,0,0,0,0,0,0,0,0,0,0,0,0,0,0,0,0,0
2020-07-15,US,188822,0,0,0,0,0,0,0,0,0,0,0,0,0,0,0,0,0,0,0,0,0,0,0,0,0,0,0,0,0,0,0,0,0,0,0,0,0,0,0,0,0,0,0,0,0,0,0,0,0,0,0,0,0,0,0,0,0,0,0,0,0,0,0,0,0,0,0,0,0,0,0,0,0,0,0,0,0,0,0,0,0,0,0,0,0,0,0,0,0,0,0,0,0,0,0,0,0,0,0,0,0,0,0,0,0,0,0,0,0,0,0,0,0,0,0,0,0,0,0,0,0,0,0,0,0,0
2020-07-16,US,195462,0,0,0,0,0,0,0,0,0,0,0,0,0,0,0,0,0,0,0,0,0,0,0,0,0,0,0,0,0,0,0,0,0,0,0,0,0,0,0,0,0,0,0,0,0,0,0,0,0,0,0,0,0,0,0,0,0,0,0,0,0,0,0,0,0,0,0,0,0,0,0,0,0,0,0,0,0,0,0,0,0,0,0,0,0,0,0,0,0,0,0,0,0,0,0,0,0,0,0,0,0,0,0,0,0,0,0,0,0,0,0,0,0,0,0,0,0,0,0,0,0,0,0,0,0,0
2020-07-17,US,202103,0,0,0,0,0,0,0,0,0,0,0,0,0,0,0,0,0,0,0,0,0,0,0,0,0,0,0,0,0,0,0,0,0,0,0,0,0,0,0,0,0,0,0,0,0,0,0,0,0,0,0,0,0,0,0,0,0,0,0,0,0,0,0,0,0,0,0,0,0,0,0,0,0,0,0,0,0,0,0,0,0,0,0,0,0,0,0,0,0,0,0,0,0,0,0,0,0,0,0,0,0,0,0,0,0,0,0,0,0,0,0,0,0,0,0,0,0,0,0,0,0,0,0,0,0,0
2020-07-18,US,208744,0,0,0,0,0,0,0,0,0,0,0,0,0,0,0,0,0,0,0,0,0,0,0,0,0,0,0,0,0,0,0,0,0,0,0,0,0,0,0,0,0,0,0,0,0,0,0,0,0,0,0,0,0,0,0,0,0,0,0,0,0,0,0,0,0,0,0,0,0,0,0,0,0,0,0,0,0,0,0,0,0,0,0,0,0,0,0,0,0,0,0,0,0,0,0,0,0,0,0,0,0,0,0,0,0,0,0,0,0,0,0,0,0,0,0,0,0,0,0,0,0,0,0,0,0,0
2020-07-19,US,200088,0,0,0,0,0,0,0,0,0,0,0,0,0,0,0,0,0,0,0,0,0,0,0,0,0,0,0,0,0,0,0,0,0,0,0,0,0,0,0,0,0,0,0,0,0,0,0,0,0,0,0,0,0,0,0,0,0,0,0,0,0,0,0,0,0,0,0,0,0,0,0,0,0,0,0,0,0,0,0,0,0,0,0,0,0,0,0,0,0,0,0,0,0,0,0,0,0,0,0,0,0,0,0,0,0,0,0,0,0,0,0,0,0,0,0,0,0,0,0,0,0,0,0,0,0,0
2020-07-20,US,191432,0,0,0,0,0,0,0,0,0,0,0,0,0,0,0,0,0,0,0,0,0,0,0,0,0,0,0,0,0,0,0,0,0,0,0,0,0,0,0,0,0,0,0,0,0,0,0,0,0,0,0,0,0,0,0,0,0,0,0,0,0,0,0,0,0,0,0,0,0,0,0,0,0,0,0,0,0,0,0,0,0,0,0,0,0,0,0,0,0,0,0,0,0,0,0,0,0,0,0,0,0,0,0,0,0,0,0,0,0,0,0,0,0,0,0,0,0,0,0,0,0,0,0,0,0,0
2020-07-21,US,182775,0,0,0,0,0,0,0,0,0,0,0,0,0,0,0,0,0,0,0,0,0,0,0,0,0,0,0,0,0,0,0,0,0,0,0,0,0,0,0,0,0,0,0,0,0,0,0,0,0,0,0,0,0,0,0,0,0,0,0,0,0,0,0,0,0,0,0,0,0,0,0,0,0,0,0,0,0,0,0,0,0,0,0,0,0,0,0,0,0,0,0,0,0,0,0,0,0,0,0,0,0,0,0,0,0,0,0,0,0,0,0,0,0,0,0,0,0,0,0,0,0,0,0,0,0,0
2020-07-22,US,174119,0,0,0,0,0,0,0,0,0,0,0,0,0,0,0,0,0,0,0,0,0,0,0,0,0,0,0,0,0,0,0,0,0,0,0,0,0,0,0,0,0,0,0,0,0,0,0,0,0,0,0,0,0,0,0,0,0,0,0,0,0,0,0,0,0,0,0,0,0,0,0,0,0,0,0,0,0,0,0,0,0,0,0,0,0,0,0,0,0,0,0,0,0,0,0,0,0,0,0,0,0,0,0,0,0,0,0,0,0,0,0,0,0,0,0,0,0,0,0,0,0,0,0,0,0,0
2020-07-23,US,165463,0,0,0,0,0,0,0,0,0,0,0,0,0,0,0,0,0,0,0,0,0,0,0,0,0,0,0,0,0,0,0,0,0,0,0,0,0,0,0,0,0,0,0,0,0,0,0,0,0,0,0,0,0,0,0,0,0,0,0,0,0,0,0,0,0,0,0,0,0,0,0,0,0,0,0,0,0,0,0,0,0,0,0,0,0,0,0,0,0,0,0,0,0,0,0,0,0,0,0,0,0,0,0,0,0,0,0,0,0,0,0,0,0,0,0,0,0,0,0,0,0,0,0,0,0,0
2020-07-24,US,156807,0,0,0,0,0,0,0,0,0,0,0,0,0,0,0,0,0,0,0,0,0,0,0,0,0,0,0,0,0,0,0,0,0,0,0,0,0,0,0,0,0,0,0,0,0,0,0,0,0,0,0,0,0,0,0,0,0,0,0,0,0,0,0,0,0,0,0,0,0,0,0,0,0,0,0,0,0,0,0,0,0,0,0,0,0,0,0,0,0,0,0,0,0,0,0,0,0,0,0,0,0,0,0,0,0,0,0,0,0,0,0,0,0,0,0,0,0,0,0,0,0,0,0,0,0,0
2020-07-25,US,148151,0,0,0,0,0,0,0,0,0,0,0,0,0,0,0,0,0,0,0,0,0,0,0,0,0,0,0,0,0,0,0,0,0,0,0,0,0,0,0,0,0,0,0,0,0,0,0,0,0,0,0,0,0,0,0,0,0,0,0,0,0,0,0,0,0,0,0,0,0,0,0,0,0,0,0,0,0,0,0,0,0,0,0,0,0,0,0,0,0,0,0,0,0,0,0,0,0,0,0,0,0,0,0,0,0,0,0,0,0,0,0,0,0,0,0,0,0,0,0,0,0,0,0,0,0,0
2020-07-26,US,148075,0,0,0,0,0,0,0,0,0,0,0,0,0,0,0,0,0,0,0,0,0,0,0,0,0,0,0,0,0,0,0,0,0,0,0,0,0,0,0,0,0,0,0,0,0,0,0,0,0,0,0,0,0,0,0,0,0,0,0,0,0,0,0,0,0,0,0,0,0,0,0,0,0,0,0,0,0,0,0,0,0,0,0,0,0,0,0,0,0,0,0,0,0,0,0,0,0,0,0,0,0,0,0,0,0,0,0,0,0,0,0,0,0,0,0,0,0,0,0,0,0,0,0,0,0,0
2020-07-27,US,147998,0,0,0,0,0,0,0,0,0,0,0,0,0,0,0,0,0,0,0,0,0,0,0,0,0,0,0,0,0,0,0,0,0,0,0,0,0,0,0,0,0,0,0,0,0,0,0,0,0,0,0,0,0,0,0,0,0,0,0,0,0,0,0,0,0,0,0,0,0,0,0,0,0,0,0,0,0,0,0,0,0,0,0,0,0,0,0,0,0,0,0,0,0,0,0,0,0,0,0,0,0,0,0,0,0,0,0,0,0,0,0,0,0,0,0,0,0,0,0,0,0,0,0,0,0,0
2020-07-28,US,147922,0,0,0,0,0,0,0,0,0,0,0,0,0,0,0,0,0,0,0,0,0,0,0,0,0,0,0,0,0,0,0,0,0,0,0,0,0,0,0,0,0,0,0,0,0,0,0,0,0,0,0,0,0,0,0,0,0,0,0,0,0,0,0,0,0,0,0,0,0,0,0,0,0,0,0,0,0,0,0,0,0,0,0,0,0,0,0,0,0,0,0,0,0,0,0,0,0,0,0,0,0,0,0,0,0,0,0,0,0,0,0,0,0,0,0,0,0,0,0,0,0,0,0,0,0,0
2020-07-29,US,147846,0,0,0,0,0,0,0,0,0,0,0,0,0,0,0,0,0,0,0,0,0,0,0,0,0,0,0,0,0,0,0,0,0,0,0,0,0,0,0,0,0,0,0,0,0,0,0,0,0,0,0,0,0,0,0,0,0,0,0,0,0,0,0,0,0,0,0,0,0,0,0,0,0,0,0,0,0,0,0,0,0,0,0,0,0,0,0,0,0,0,0,0,0,0,0,0,0,0,0,0,0,0,0,0,0,0,0,0,0,0,0,0,0,0,0,0,0,0,0,0,0,0,0,0,0,0
2020-07-30,US,147769,0,0,0,0,0,0,0,0,0,0,0,0,0,0,0,0,0,0,0,0,0,0,0,0,0,0,0,0,0,0,0,0,0,0,0,0,0,0,0,0,0,0,0,0,0,0,0,0,0,0,0,0,0,0,0,0,0,0,0,0,0,0,0,0,0,0,0,0,0,0,0,0,0,0,0,0,0,0,0,0,0,0,0,0,0,0,0,0,0,0,0,0,0,0,0,0,0,0,0,0,0,0,0,0,0,0,0,0,0,0,0,0,0,0,0,0,0,0,0,0,0,0,0,0,0,0
2020-07-31,US,147693,0,0,0,0,0,0,0,0,0,0,0,0,0,0,0,0,0,0,0,0,0,0,0,0,0,0,0,0,0,0,0,0,0,0,0,0,0,0,0,0,0,0,0,0,0,0,0,0,0,0,0,0,0,0,0,0,0,0,0,0,0,0,0,0,0,0,0,0,0,0,0,0,0,0,0,0,0,0,0,0,0,0,0,0,0,0,0,0,0,0,0,0,0,0,0,0,0,0,0,0,0,0,0,0,0,0,0,0,0,0,0,0,0,0,0,0,0,0,0,0,0,0,0,0,0,0
2020-08-01,US,147617,0,0,0,0,0,0,0,0,0,0,0,0,0,0,0,0,0,0,0,0,0,0,0,0,0,0,0,0,0,0,0,0,0,0,0,0,0,0,0,0,0,0,0,0,0,0,0,0,0,0,0,0,0,0,0,0,0,0,0,0,0,0,0,0,0,0,0,0,0,0,0,0,0,0,0,0,0,0,0,0,0,0,0,0,0,0,0,0,0,0,0,0,0,0,0,0,0,0,0,0,0,0,0,0,0,0,0,0,0,0,0,0,0,0,0,0,0,0,0,0,0,0,0,0,0,0
2020-08-02,US,147817,0,0,0,0,0,0,0,0,0,0,0,0,0,0,0,0,0,0,0,0,0,0,0,0,0,0,0,0,0,0,0,0,0,0,0,0,0,0,0,0,0,0,0,0,0,0,0,0,0,0,0,0,0,0,0,0,0,0,0,0,0,0,0,0,0,0,0,0,0,0,0,0,0,0,0,0,0,0,0,0,0,0,0,0,0,0,0,0,0,0,0,0,0,0,0,0,0,0,0,0,0,0,0,0,0,0,0,0,0,0,0,0,0,0,0,0,0,0,0,0,0,0,0,0,0,0
2020-08-03,US,148017,0,0,0,0,0,0,0,0,0,0,0,0,0,0,0,0,0,0,0,0,0,0,0,0,0,0,0,0,0,0,0,0,0,0,0,0,0,0,0,0,0,0,0,0,0,0,0,0,0,0,0,0,0,0,0,0,0,0,0,0,0,0,0,0,0,0,0,0,0,0,0,0,0,0,0,0,0,0,0,0,0,0,0,0,0,0,0,0,0,0,0,0,0,0,0,0,0,0,0,0,0,0,0,0,0,0,0,0,0,0,0,0,0,0,0,0,0,0,0,0,0,0,0,0,0,0
2020-08-04,US,148217,0,0,0,0,0,0,0,0,0,0,0,0,0,0,0,0,0,0,0,0,0,0,0,0,0,0,0,0,0,0,0,0,0,0,0,0,0,0,0,0,0,0,0,0,0,0,0,0,0,0,0,0,0,0,0,0,0,0,0,0,0,0,0,0,0,0,0,0,0,0,0,0,0,0,0,0,0,0,0,0,0,0,0,0,0,0,0,0,0,0,0,0,0,0,0,0,0,0,0,0,0,0,0,0,0,0,0,0,0,0,0,0,0,0,0,0,0,0,0,0,0,0,0,0,0,0
2020-08-05,US,148417,0,0,0,0,0,0,0,0,0,0,0,0,0,0,0,0,0,0,0,0,0,0,0,0,0,0,0,0,0,0,0,0,0,0,0,0,0,0,0,0,0,0,0,0,0,0,0,0,0,0,0,0,0,0,0,0,0,0,0,0,0,0,0,0,0,0,0,0,0,0,0,0,0,0,0,0,0,0,0,0,0,0,0,0,0,0,0,0,0,0,0,0,0,0,0,0,0,0,0,0,0,0,0,0,0,0,0,0,0,0,0,0,0,0,0,0,0,0,0,0,0,0,0,0,0,0
2020-08-06,US,148616,0,0,0,0,0,0,0,0,0,0,0,0,0,0,0,0,0,0,0,0,0,0,0,0,0,0,0,0,0,0,0,0,0,0,0,0,0,0,0,0,0,0,0,0,0,0,0,0,0,0,0,0,0,0,0,0,0,0,0,0,0,0,0,0,0,0,0,0,0,0,0,0,0,0,0,0,0,0,0,0,0,0,0,0,0,0,0,0,0,0,0,0,0,0,0,0,0,0,0,0,0,0,0,0,0,0,0,0,0,0,0,0,0,0,0,0,0,0,0,0,0,0,0,0,0,0
2020-08-07,US,148816,0,0,0,0,0,0,0,0,0,0,0,0,0,0,0,0,0,0,0,0,0,0,0,0,0,0,0,0,0,0,0,0,0,0,0,0,0,0,0,0,0,0,0,0,0,0,0,0,0,0,0,0,0,0,0,0,0,0,0,0,0,0,0,0,0,0,0,0,0,0,0,0,0,0,0,0,0,0,0,0,0,0,0,0,0,0,0,0,0,0,0,0,0,0,0,0,0,0,0,0,0,0,0,0,0,0,0,0,0,0,0,0,0,0,0,0,0,0,0,0,0,0,0,0,0,0
2020-08-08,US,149016,0,0,0,0,0,0,0,0,0,0,0,0,0,0,0,0,0,0,0,0,0,0,0,0,0,0,0,0,0,0,0,0,0,0,0,0,0,0,0,0,0,0,0,0,0,0,0,0,0,0,0,0,0,0,0,0,0,0,0,0,0,0,0,0,0,0,0,0,0,0,0,0,0,0,0,0,0,0,0,0,0,0,0,0,0,0,0,0,0,0,0,0,0,0,0,0,0,0,0,0,0,0,0,0,0,0,0,0,0,0,0,0,0,0,0,0,0,0,0,0,0,0,0,0,0,0
2020-08-09,US,144375,0,0,0,0,0,0,0,0,0,0,0,0,0,0,0,0,0,0,0,0,0,0,0,0,0,0,0,0,0,0,0,0,0,0,0,0,0,0,0,0,0,0,0,0,0,0,0,0,0,0,0,0,0,0,0,0,0,0,0,0,0,0,0,0,0,0,0,0,0,0,0,0,0,0,0,0,0,0,0,0,0,0,0,0,0,0,0,0,0,0,0,0,0,0,0,0,0,0,0,0,0,0,0,0,0,0,0,0,0,0,0,0,0,0,0,0,0,0,0,0,0,0,0,0,0,0
2020-08-10,US,139733,0,0,0,0,0,0,0,0,0,0,0,0,0,0,0,0,0,0,0,0,0,0,0,0,0,0,0,0,0,0,0,0,0,0,0,0,0,0,0,0,0,0,0,0,0,0,0,0,0,0,0,0,0,0,0,0,0,0,0,0,0,0,0,0,0,0,0,0,0,0,0,0,0,0,0,0,0,0,0,0,0,0,0,0,0,0,0,0,0,0,0,0,0,0,0,0,0,0,0,0,0,0,0,0,0,0,0,0,0,0,0,0,0,0,0,0,0,0,0,0,0,0,0,0,0,0
2020-08-11,US,135091,0,0,0,0,0,0,0,0,0,0,0,0,0,0,0,0,0,0,0,0,0,0,0,0,0,0,0,0,0,0,0,0,0,0,0,0,0,0,0,0,0,0,0,0,0,0,0,0,0,0,0,0,0,0,0,0,0,0,0,0,0,0,0,0,0,0,0,0,0,0,0,0,0,0,0,0,0,0,0,0,0,0,0,0,0,0,0,0,0,0,0,0,0,0,0,0,0,0,0,0,0,0,0,0,0,0,0,0,0,0,0,0,0,0,0,0,0,0,0,0,0,0,0,0,0,0
2020-08-12,US,130449,0,0,0,0,0,0,0,0,0,0,0,0,0,0,0,0,0,0,0,0,0,0,0,0,0,0,0,0,0,0,0,0,0,0,0,0,0,0,0,0,0,0,0,0,0,0,0,0,0,0,0,0,0,0,0,0,0,0,0,0,0,0,0,0,0,0,0,0,0,0,0,0,0,0,0,0,0,0,0,0,0,0,0,0,0,0,0,0,0,0,0,0,0,0,0,0,0,0,0,0,0,0,0,0,0,0,0,0,0,0,0,0,0,0,0,0,0,0,0,0,0,0,0,0,0,0
2020-08-13,US,125807,0,0,0,0,0,0,0,0,0,0,0,0,0,0,0,0,0,0,0,0,0,0,0,0,0,0,0,0,0,0,0,0,0,0,0,0,0,0,0,0,0,0,0,0,0,0,0,0,0,0,0,0,0,0,0,0,0,0,0,0,0,0,0,0,0,0,0,0,0,0,0,0,0,0,0,0,0,0,0,0,0,0,0,0,0,0,0,0,0,0,0,0,0,0,0,0,0,0,0,0,0,0,0,0,0,0,0,0,0,0,0,0,0,0,0,0,0,0,0,0,0,0,0,0,0,0
2020-08-14,US,121165,0,0,0,0,0,0,0,0,0,0,0,0,0,0,0,0,0,0,0,0,0,0,0,0,0,0,0,0,0,0,0,0,0,0,0,0,0,0,0,0,0,0,0,0,0,0,0,0,0,0,0,0,0,0,0,0,0,0,0,0,0,0,0,0,0,0,0,0,0,0,0,0,0,0,0,0,0,0,0,0,0,0,0,0,0,0,0,0,0,0,0,0,0,0,0,0,0,0,0,0,0,0,0,0,0,0,0,0,0,0,0,0,0,0,0,0,0,0,0,0,0,0,0,0,0,0
2020-08-15,US,116523,0,0,0,0,0,0,0,0,0,0,0,0,0,0,0,0,0,0,0,0,0,0,0,0,0,0,0,0,0,0,0,0,0,0,0,0,0,0,0,0,0,0,0,0,0,0,0,0,0,0,0,0,0,0,0,0,0,0,0,0,0,0,0,0,0,0,0,0,0,0,0,0,0,0,0,0,0,0,0,0,0,0,0,0,0,0,0,0,0,0,0,0,0,0,0,0,0,0,0,0,0,0,0,0,0,0,0,0,0,0,0,0,0,0,0,0,0,0,0,0,0,0,0,0,0,0
2020-08-16,US,113671,0,0,0,0,0,0,0,0,0,0,0,0,0,0,0,0,0,0,0,0,0,0,0,0,0,0,0,0,0,0,0,0,0,0,0,0,0,0,0,0,0,0,0,0,0,0,0,0,0,0,0,0,0,0,0,0,0,0,0,0,0,0,0,0,0,0,0,0,0,0,0,0,0,0,0,0,0,0,0,0,0,0,0,0,0,0,0,0,0,0,0,0,0,0,0,0,0,0,0,0,0,0,0,0,0,0,0,0,0,0,0,0,0,0,0,0,0,0,0,0,0,0,0,0,0,0
2020-08-17,US,110819,0,0,0,0,0,0,0,0,0,0,0,0,0,0,0,0,0,0,0,0,0,0,0,0,0,0,0,0,0,0,0,0,0,0,0,0,0,0,0,0,0,0,0,0,0,0,0,0,0,0,0,0,0,0,0,0,0,0,0,0,0,0,0,0,0,0,0,0,0,0,0,0,0,0,0,0,0,0,0,0,0,0,0,0,0,0,0,0,0,0,0,0,0,0,0,0,0,0,0,0,0,0,0,0,0,0,0,0,0,0,0,0,0,0,0,0,0,0,0,0,0,0,0,0,0,0
2020-08-18,US,107967,0,0,0,0,0,0,0,0,0,0,0,0,0,0,0,0,0,0,0,0,0,0,0,0,0,0,0,0,0,0,0,0,0,0,0,0,0,0,0,0,0,0,0,0,0,0,0,0,0,0,0,0,0,0,0,0,0,0,0,0,0,0,0,0,0,0,0,0,0,0,0,0,0,0,0,0,0,0,0,0,0,0,0,0,0,0,0,0,0,0,0,0,0,0,0,0,0,0,0,0,0,0,0,0,0,0,0,0,0,0,0,0,0,0,0,0,0,0,0,0,0,0,0,0,0,0
2020-08-19,US,105115,0,0,0,0,0,0,0,0,0,0,0,0,0,0,0,0,0,0,0,0,0,0,0,0,0,0,0,0,0,0,0,0,0,0,0,0,0,0,0,0,0,0,0,0,0,0,0,0,0,0,0,0,0,0,0,0,0,0,0,0,0,0,0,0,0,0,0,0,0,0,0,0,0,0,0,0,0,0,0,0,0,0,0,0,0,0,0,0,0,0,0,0,0,0,0,0,0,0,0,0,0,0,0,0,0,0,0,0,0,0,0,0,0,0,0,0,0,0,0,0,0,0,0,0,0,0
2020-08-20,US,102263,0,0,0,0,0,0,0,0,0,0,0,0,0,0,0,0,0,0,0,0,0,0,0,0,0,0,0,0,0,0,0,0,0,0,0,0,0,0,0,0,0,0,0,0,0,0,0,0,0,0,0,0,0,0,0,0,0,0,0,0,0,0,0,0,0,0,0,0,0,0,0,0,0,0,0,0,0,0,0,0,0,0,0,0,0,0,0,0,0,0,0,0,0,0,0,0,0,0,0,0,0,0,0,0,0,0,0,0,0,0,0,0,0,0,0,0,0,0,0,0,0,0,0,0,0,0
2020-08-21,US,99410,0,0,0,0,0,0,0,0,0,0,0,0,0,0,0,0,0,0,0,0,0,0,0,0,0,0,0,0,0,0,0,0,0,0,0,0,0,0,0,0,0,0,0,0,0,0,0,0,0,0,0,0,0,0,0,0,0,0,0,0,0,0,0,0,0,0,0,0,0,0,0,0,0,0,0,0,0,0,0,0,0,0,0,0,0,0,0,0,0,0,0,0,0,0,0,0,0,0,0,0,0,0,0,0,0,0,0,0,0,0,0,0,0,0,0,0,0,0,0,0,0,0,0,0,0,0
2020-08-22,US,96558,0,0,0,0,0,0,0,0,0,0,0,0,0,0,0,0,0,0,0,0,0,0,0,0,0,0,0,0,0,0,0,0,0,0,0,0,0,0,0,0,0,0,0,0,0,0,0,0,0,0,0,0,0,0,0,0,0,0,0,0,0,0,0,0,0,0,0,0,0,0,0,0,0,0,0,0,0,0,0,0,0,0,0,0,0,0,0,0,0,0,0,0,0,0,0,0,0,0,0,0,0,0,0,0,0,0,0,0,0,0,0,0,0,0,0,0,0,0,0,0,0,0,0,0,0,0
2020-08-23,US,95535,0,0,0,0,0,0,0,0,0,0,0,0,0,0,0,0,0,0,0,0,0,0,0,0,0,0,0,0,0,0,0,0,0,0,0,0,0,0,0,0,0,0,0,0,0,0,0,0,0,0,0,0,0,0,0,0,0,0,0,0,0,0,0,0,0,0,0,0,0,0,0,0,0,0,0,0,0,0,0,0,0,0,0,0,0,0,0,0,0,0,0,0,0,0,0,0,0,0,0,0,0,0,0,0,0,0,0,0,0,0,0,0,0,0,0,0,0,0,0,0,0,0,0,0,0,0
2020-08-24,US,94511,0,0,0,0,0,0,0,0,0,0,0,0,0,0,0,0,0,0,0,0,0,0,0,0,0,0,0,0,0,0,0,0,0,0,0,0,0,0,0,0,0,0,0,0,0,0,0,0,0,0,0,0,0,0,0,0,0,0,0,0,0,0,0,0,0,0,0,0,0,0,0,0,0,0,0,0,0,0,0,0,0,0,0,0,0,0,0,0,0,0,0,0,0,0,0,0,0,0,0,0,0,0,0,0,0,0,0,0,0,0,0,0,0,0,0,0,0,0,0,0,0,0,0,0,0,0
2020-08-25,US,93488,0,0,0,0,0,0,0,0,0,0,0,0,0,0,0,0,0,0,0,0,0,0,0,0,0,0,0,0,0,0,0,0,0,0,0,0,0,0,0,0,0,0,0,0,0,0,0,0,0,0,0,0,0,0,0,0,0,0,0,0,0,0,0,0,0,0,0,0,0,0,0,0,0,0,0,0,0,0,0,0,0,0,0,0,0,0,0,0,0,0,0,0,0,0,0,0,0,0,0,0,0,0,0,0,0,0,0,0,0,0,0,0,0,0,0,0,0,0,0,0,0,0,0,0,0,0
2020-08-26,US,92465,0,0,0,0,0,0,0,0,0,0,0,0,0,0,0,0,0,0,0,0,0,0,0,0,0,0,0,0,0,0,0,0,0,0,0,0,0,0,0,0,0,0,0,0,0,0,0,0,0,0,0,0,0,0,0,0,0,0,0,0,0,0,0,0,0,0,0,0,0,0,0,0,0,0,0,0,0,0,0,0,0,0,0,0,0,0,0,0,0,0,0,0,0,0,0,0,0,0,0,0,0,0,0,0,0,0,0,0,0,0,0,0,0,0,0,0,0,0,0,0,0,0,0,0,0,0
2020-08-27,US,91441,0,0,0,0,0,0,0,0,0,0,0,0,0,0,0,0,0,0,0,0,0,0,0,0,0,0,0,0,0,0,0,0,0,0,0,0,0,0,0,0,0,0,0,0,0,0,0,0,0,0,0,0,0,0,0,0,0,0,0,0,0,0,0,0,0,0,0,0,0,0,0,0,0,0,0,0,0,0,0,0,0,0,0,0,0,0,0,0,0,0,0,0,0,0,0,0,0,0,0,0,0,0,0,0,0,0,0,0,0,0,0,0,0,0,0,0,0,0,0,0,0,0,0,0,0,0
2020-08-28,US,90418,0,0,0,0,0,0,0,0,0,0,0,0,0,0,0,0,0,0,0,0,0,0,0,0,0,0,0,0,0,0,0,0,0,0,0,0,0,0,0,0,0,0,0,0,0,0,0,0,0,0,0,0,0,0,0,0,0,0,0,0,0,0,0,0,0,0,0,0,0,0,0,0,0,0,0,0,0,0,0,0,0,0,0,0,0,0,0,0,0,0,0,0,0,0,0,0,0,0,0,0,0,0,0,0,0,0,0,0,0,0,0,0,0,0,0,0,0,0,0,0,0,0,0,0,0,0
2020-08-29,US,89394,0,0,0,0,0,0,0,0,0,0,0,0,0,0,0,0,0,0,0,0,0,0,0,0,0,0,0,0,0,0,0,0,0,0,0,0,0,0,0,0,0,0,0,0,0,0,0,0,0,0,0,0,0,0,0,0,0,0,0,0,0,0,0,0,0,0,0,0,0,0,0,0,0,0,0,0,0,0,0,0,0,0,0,0,0,0,0,0,0,0,0,0,0,0,0,0,0,0,0,0,0,0,0,0,0,0,0,0,0,0,0,0,0,0,0,0,0,0,0,0,0,0,0,0,0,0
2020-08-30,US,89202,0,0,0,0,0,0,0,0,0,0,0,0,0,0,0,0,0,0,0,0,0,0,0,0,0,0,0,0,0,0,0,0,0,0,0,0,0,0,0,0,0,0,0,0,0,0,0,0,0,0,0,0,0,0,0,0,0,0,0,0,0,0,0,0,0,0,0,0,0,0,0,0,0,0,0,0,0,0,0,0,0,0,0,0,0,0,0,0,0,0,0,0,0,0,0,0,0,0,0,0,0,0,0,0,0,0,0,0,0,0,0,0,0,0,0,0,0,0,0,0,0,0,0,0,0,0
2020-08-31,US,89011,0,0,0,0,0,0,0,0,0,0,0,0,0,0,0,0,0,0,0,0,0,0,0,0,0,0,0,0,0,0,0,0,0,0,0,0,0,0,0,0,0,0,0,0,0,0,0,0,0,0,0,0,0,0,0,0,0,0,0,0,0,0,0,0,0,0,0,0,0,0,0,0,0,0,0,0,0,0,0,0,0,0,0,0,0,0,0,0,0,0,0,0,0,0,0,0,0,0,0,0,0,0,0,0,0,0,0,0,0,0,0,0,0,0,0,0,0,0,0,0,0,0,0,0,0,0
2020-09-01,US,88819,0,0,0,0,0,0,0,0,0,0,0,0,0,0,0,0,0,0,0,0,0,0,0,0,0,0,0,0,0,0,0,0,0,0,0,0,0,0,0,0,0,0,0,0,0,0,0,0,0,0,0,0,0,0,0,0,0,0,0,0,0,0,0,0,0,0,0,0,0,0,0,0,0,0,0,0,0,0,0,0,0,0,0,0,0,0,0,0,0,0,0,0,0,0,0,0,0,0,0,0,0,0,0,0,0,0,0,0,0,0,0,0,0,0,0,0,0,0,0,0,0,0,0,0,0,0
2020-09-02,US,88627,0,0,0,0,0,0,0,0,0,0,0,0,0,0,0,0,0,0,0,0,0,0,0,0,0,0,0,0,0,0,0,0,0,0,0,0,0,0,0,0,0,0,0,0,0,0,0,0,0,0,0,0,0,0,0,0,0,0,0,0,0,0,0,0,0,0,0,0,0,0,0,0,0,0,0,0,0,0,0,0,0,0,0,0,0,0,0,0,0,0,0,0,0,0,0,0,0,0,0,0,0,0,0,0,0,0,0,0,0,0,0,0,0,0,0,0,0,0,0,0,0,0,0,0,0,0
2020-09-03,US,88435,0,0,0,0,0,0,0,0,0,0,0,0,0,0,0,0,0,0,0,0,0,0,0,0,0,0,0,0,0,0,0,0,0,0,0,0,0,0,0,0,0,0,0,0,0,0,0,0,0,0,0,0,0,0,0,0,0,0,0,0,0,0,0,0,0,0,0,0,0,0,0,0,0,0,0,0,0,0,0,0,0,0,0,0,0,0,0,0,0,0,0,0,0,0,0,0,0,0,0,0,0,0,0,0,0,0,0,0,0,0,0,0,0,0,0,0,0,0,0,0,0,0,0,0,0,0
2020-09-04,US,88243,0,0,0,0,0,0,0,0,0,0,0,0,0,0,0,0,0,0,0,0,0,0,0,0,0,0,0,0,0,0,0,0,0,0,0,0,0,0,0,0,0,0,0,0,0,0,0,0,0,0,0,0,0,0,0,0,0,0,0,0,0,0,0,0,0,0,0,0,0,0,0,0,0,0,0,0,0,0,0,0,0,0,0,0,0,0,0,0,0,0,0,0,0,0,0,0,0,0,0,0,0,0,0,0,0,0,0,0,0,0,0,0,0,0,0,0,0,0,0,0,0,0,0,0,0,0
2020-09-05,US,88051,0,0,0,0,0,0,0,0,0,0,0,0,0,0,0,0,0,0,0,0,0,0,0,0,0,0,0,0,0,0,0,0,0,0,0,0,0,0,0,0,0,0,0,0,0,0,0,0,0,0,0,0,0,0,0,0,0,0,0,0,0,0,0,0,0,0,0,0,0,0,0,0,0,0,0,0,0,0,0,0,0,0,0,0,0,0,0,0,0,0,0,0,0,0,0,0,0,0,0,0,0,0,0,0,0,0,0,0,0,0,0,0,0,0,0,0,0,0,0,0,0,0,0,0,0,0
2020-09-06,US,85421,0,0,0,0,0,0,0,0,0,0,0,0,0,0,0,0,0,0,0,0,0,0,0,0,0,0,0,0,0,0,0,0,0,0,0,0,0,0,0,0,0,0,0,0,0,0,0,0,0,0,0,0,0,0,0,0,0,0,0,0,0,0,0,0,0,0,0,0,0,0,0,0,0,0,0,0,0,0,0,0,0,0,0,0,0,0,0,0,0,0,0,0,0,0,0,0,0,0,0,0,0,0,0,0,0,0,0,0,0,0,0,0,0,0,0,0,0,0,0,0,0,0,0,0,0,0
2020-09-07,US,82791,0,0,0,0,0,0,0,0,0,0,0,0,0,0,0,0,0,0,0,0,0,0,0,0,0,0,0,0,0,0,0,0,0,0,0,0,0,0,0,0,0,0,0,0,0,0,0,0,0,0,0,0,0,0,0,0,0,0,0,0,0,0,0,0,0,0,0,0,0,0,0,0,0,0,0,0,0,0,0,0,0,0,0,0,0,0,0,0,0,0,0,0,0,0,0,0,0,0,0,0,0,0,0,0,0,0,0,0,0,0,0,0,0,0,0,0,0,0,0,0,0,0,0,0,0,0
2020-09-08,US,80161,0,0,0,0,0,0,0,0,0,0,0,0,0,0,0,0,0,0,0,0,0,0,0,0,0,0,0,0,0,0,0,0,0,0,0,0,0,0,0,0,0,0,0,0,0,0,0,0,0,0,0,0,0,0,0,0,0,0,0,0,0,0,0,0,0,0,0,0,0,0,0,0,0,0,0,0,0,0,0,0,0,0,0,0,0,0,0,0,0,0,0,0,0,0,0,0,0,0,0,0,0,0,0,0,0,0,0,0,0,0,0,0,0,0,0,0,0,0,0,0,0,0,0,0,0,0
2020-09-09,US,77531,0,0,0,0,0,0,0,0,0,0,0,0,0,0,0,0,0,0,0,0,0,0,0,0,0,0,0,0,0,0,0,0,0,0,0,0,0,0,0,0,0,0,0,0,0,0,0,0,0,0,0,0,0,0,0,0,0,0,0,0,0,0,0,0,0,0,0,0,0,0,0,0,0,0,0,0,0,0,0,0,0,0,0,0,0,0,0,0,0,0,0,0,0,0,0,0,0,0,0,0,0,0,0,0,0,0,0,0,0,0,0,0,0,0,0,0,0,0,0,0,0,0,0,0,0,0
2020-09-10,US,74901,0,0,0,0,0,0,0,0,0,0,0,0,0,0,0,0,0,0,0,0,0,0,0,0,0,0,0,0,0,0,0,0,0,0,0,0,0,0,0,0,0,0,0,0,0,0,0,0,0,0,0,0,0,0,0,0,0,0,0,0,0,0,0,0,0,0,0,0,0,0,0,0,0,0,0,0,0,0,0,0,0,0,0,0,0,0,0,0,0,0,0,0,0,0,0,0,0,0,0,0,0,0,0,0,0,0,0,0,0,0,0,0,0,0,0,0,0,0,0,0,0,0,0,0,0,0
2020-09-11,US,72271,0,0,0,0,0,0,0,0,0,0,0,0,0,0,0,0,0,0,0,0,0,0,0,0,0,0,0,0,0,0,0,0,0,0,0,0,0,0,0,0,0,0,0,0,0,0,0,0,0,0,0,0,0,0,0,0,0,0,0,0,0,0,0,0,0,0,0,0,0,0,0,0,0,0,0,0,0,0,0,0,0,0,0,0,0,0,0,0,0,0,0,0,0,0,0,0,0,0,0,0,0,0,0,0,0,0,0,0,0,0,0,0,0,0,0,0,0,0,0,0,0,0,0,0,0,0
2020-09-12,US,69641,0,0,0,0,0,0,0,0,0,0,0,0,0,0,0,0,0,0,0,0,0,0,0,0,0,0,0,0,0,0,0,0,0,0,0,0,0,0,0,0,0,0,0,0,0,0,0,0,0,0,0,0,0,0,0,0,0,0,0,0,0,0,0,0,0,0,0,0,0,0,0,0,0,0,0,0,0,0,0,0,0,0,0,0,0,0,0,0,0,0,0,0,0,0,0,0,0,0,0,0,0,0,0,0,0,0,0,0,0,0,0,0,0,0,0,0,0,0,0,0,0,0,0,0,0,0
2020-09-13,US,68235,0,0,0,0,0,0,0,0,0,0,0,0,0,0,0,0,0,0,0,0,0,0,0,0,0,0,0,0,0,0,0,0,0,0,0,0,0,0,0,0,0,0,0,0,0,0,0,0,0,0,0,0,0,0,0,0,0,0,0,0,0,0,0,0,0,0,0,0,0,0,0,0,0,0,0,0,0,0,0,0,0,0,0,0,0,0,0,0,0,0,0,0,0,0,0,0,0,0,0,0,0,0,0,0,0,0,0,0,0,0,0,0,0,0,0,0,0,0,0,0,0,0,0,0,0,0
2020-09-14,US,66828,0,0,0,0,0,0,0,0,0,0,0,0,0,0,0,0,0,0,0,0,0,0,0,0,0,0,0,0,0,0,0,0,0,0,0,0,0,0,0,0,0,0,0,0,0,0,0,0,0,0,0,0,0,0,0,0,0,0,0,0,0,0,0,0,0,0,0,0,0,0,0,0,0,0,0,0,0,0,0,0,0,0,0,0,0,0,0,0,0,0,0,0,0,0,0,0,0,0,0,0,0,0,0,0,0,0,0,0,0,0,0,0,0,0,0,0,0,0,0,0,0,0,0,0,0,0
2020-09-15,US,65422,0,0,0,0,0,0,0,0,0,0,0,0,0,0,0,0,0,0,0,0,0,0,0,0,0,0,0,0,0,0,0,0,0,0,0,0,0,0,0,0,0,0,0,0,0,0,0,0,0,0,0,0,0,0,0,0,0,0,0,0,0,0,0,0,0,0,0,0,0,0,0,0,0,0,0,0,0,0,0,0,0,0,0,0,0,0,0,0,0,0,0,0,0,0,0,0,0,0,0,0,0,0,0,0,0,0,0,0,0,0,0,0,0,0,0,0,0,0,0,0,0,0,0,0,0,0
2020-09-16,US,64015,0,0,0,0,0,0,0,0,0,0,0,0,0,0,0,0,0,0,0,0,0,0,0,0,0,0,0,0,0,0,0,0,0,0,0,0,0,0,0,0,0,0,0,0,0,0,0,0,0,0,0,0,0,0,0,0,0,0,0,0,0,0,0,0,0,0,0,0,0,0,0,0,0,0,0,0,0,0,0,0,0,0,0,0,0,0,0,0,0,0,0,0,0,0,0,0,0,0,0,0,0,0,0,0,0,0,0,0,0,0,0,0,0,0,0,0,0,0,0,0,0,0,0,0,0,0
2020-09-17,US,62609,0,0,0,0,0,0,0,0,0,0,0,0,0,0,0,0,0,0,0,0,0,0,0,0,0,0,0,0,0,0,0,0,0,0,0,0,0,0,0,0,0,0,0,0,0,0,0,0,0,0,0,0,0,0,0,0,0,0,0,0,0,0,0,0,0,0,0,0,0,0,0,0,0,0,0,0,0,0,0,0,0,0,0,0,0,0,0,0,0,0,0,0,0,0,0,0,0,0,0,0,0,0,0,0,0,0,0,0,0,0,0,0,0,0,0,0,0,0,0,0,0,0,0,0,0,0
2020-09-18,US,61202,0,0,0,0,0,0,0,0,0,0,0,0,0,0,0,0,0,0,0,0,0,0,0,0,0,0,0,0,0,0,0,0,0,0,0,0,0,0,0,0,0,0,0,0,0,0,0,0,0,0,0,0,0,0,0,0,0,0,0,0,0,0,0,0,0,0,0,0,0,0,0,0,0,0,0,0,0,0,0,0,0,0,0,0,0,0,0,0,0,0,0,0,0,0,0,0,0,0,0,0,0,0,0,0,0,0,0,0,0,0,0,0,0,0,0,0,0,0,0,0,0,0,0,0,0,0
2020-09-19,US,59795,0,0,0,0,0,0,0,0,0,0,0,0,0,0,0,0,0,0,0,0,0,0,0,0,0,0,0,0,0,0,0,0,0,0,0,0,0,0,0,0,0,0,0,0,0,0,0,0,0,0,0,0,0,0,0,0,0,0,0,0,0,0,0,0,0,0,0,0,0,0,0,0,0,0,0,0,0,0,0,0,0,0,0,0,0,0,0,0,0,0,0,0,0,0,0,0,0,0,0,0,0,0,0,0,0,0,0,0,0,0,0,0,0,0,0,0,0,0,0,0,0,0,0,0,0,0
2020-09-20,US,59822,0,0,0,0,0,0,0,0,0,0,0,0,0,0,0,0,0,0,0,0,0,0,0,0,0,0,0,0,0,0,0,0,0,0,0,0,0,0,0,0,0,0,0,0,0,0,0,0,0,0,0,0,0,0,0,0,0,0,0,0,0,0,0,0,0,0,0,0,0,0,0,0,0,0,0,0,0,0,0,0,0,0,0,0,0,0,0,0,0,0,0,0,0,0,0,0,0,0,0,0,0,0,0,0,0,0,0,0,0,0,0,0,0,0,0,0,0,0,0,0,0,0,0,0,0,0
2020-09-21,US,59848,0,0,0,0,0,0,0,0,0,0,0,0,0,0,0,0,0,0,0,0,0,0,0,0,0,0,0,0,0,0,0,0,0,0,0,0,0,0,0,0,0,0,0,0,0,0,0,0,0,0,0,0,0,0,0,0,0,0,0,0,0,0,0,0,0,0,0,0,0,0,0,0,0,0,0,0,0,0,0,0,0,0,0,0,0,0,0,0,0,0,0,0,0,0,0,0,0,0,0,0,0,0,0,0,0,0,0,0,0,0,0,0,0,0,0,0,0,0,0,0,0,0,0,0,0,0
2020-09-22,US,59874,0,0,0,0,0,0,0,0,0,0,0,0,0,0,0,0,0,0,0,0,0,0,0,0,0,0,0,0,0,0,0,0,0,0,0,0,0,0,0,0,0,0,0,0,0,0,0,0,0,0,0,0,0,0,0,0,0,0,0,0,0,0,0,0,0,0,0,0,0,0,0,0,0,0,0,0,0,0,0,0,0,0,0,0,0,0,0,0,0,0,0,0,0,0,0,0,0,0,0,0,0,0,0,0,0,0,0,0,0,0,0,0,0,0,0,0,0,0,0,0,0,0,0,0,0,0
2020-09-23,US,59900,0,0,0,0,0,0,0,0,0,0,0,0,0,0,0,0,0,0,0,0,0,0,0,0,0,0,0,0,0,0,0,0,0,0,0,0,0,0,0,0,0,0,0,0,0,0,0,0,0,0,0,0,0,0,0,0,0,0,0,0,0,0,0,0,0,0,0,0,0,0,0,0,0,0,0,0,0,0,0,0,0,0,0,0,0,0,0,0,0,0,0,0,0,0,0,0,0,0,0,0,0,0,0,0,0,0,0,0,0,0,0,0,0,0,0,0,0,0,0,0,0,0,0,0,0,0
2020-09-24,US,59926,0,0,0,0,0,0,0,0,0,0,0,0,0,0,0,0,0,0,0,0,0,0,0,0,0,0,0,0,0,0,0,0,0,0,0,0,0,0,0,0,0,0,0,0,0,0,0,0,0,0,0,0,0,0,0,0,0,0,0,0,0,0,0,0,0,0,0,0,0,0,0,0,0,0,0,0,0,0,0,0,0,0,0,0,0,0,0,0,0,0,0,0,0,0,0,0,0,0,0,0,0,0,0,0,0,0,0,0,0,0,0,0,0,0,0,0,0,0,0,0,0,0,0,0,0,0
2020-09-25,US,59952,0,0,0,0,0,0,0,0,0,0,0,0,0,0,0,0,0,0,0,0,0,0,0,0,0,0,0,0,0,0,0,0,0,0,0,0,0,0,0,0,0,0,0,0,0,0,0,0,0,0,0,0,0,0,0,0,0,0,0,0,0,0,0,0,0,0,0,0,0,0,0,0,0,0,0,0,0,0,0,0,0,0,0,0,0,0,0,0,0,0,0,0,0,0,0,0,0,0,0,0,0,0,0,0,0,0,0,0,0,0,0,0,0,0,0,0,0,0,0,0,0,0,0,0,0,0
2020-09-26,US,59978,0,0,0,0,0,0,0,0,0,0,0,0,0,0,0,0,0,0,0,0,0,0,0,0,0,0,0,0,0,0,0,0,0,0,0,0,0,0,0,0,0,0,0,0,0,0,0,0,0,0,0,0,0,0,0,0,0,0,0,0,0,0,0,0,0,0,0,0,0,0,0,0,0,0,0,0,0,0,0,0,0,0,0,0,0,0,0,0,0,0,0,0,0,0,0,0,0,0,0,0,0,0,0,0,0,0,0,0,0,0,0,0,0,0,0,0,0,0,0,0,0,0,0,0,0,0
2020-09-27,US,60669,0,0,0,0,0,0,0,0,0,0,0,0,0,0,0,0,0,0,0,0,0,0,0,0,0,0,0,0,0,0,0,0,0,0,0,0,0,0,0,0,0,0,0,0,0,0,0,0,0,0,0,0,0,0,0,0,0,0,0,0,0,0,0,0,0,0,0,0,0,0,0,0,0,0,0,0,0,0,0,0,0,0,0,0,0,0,0,0,0,0,0,0,0,0,0,0,0,0,0,0,0,0,0,0,0,0,0,0,0,0,0,0,0,0,0,0,0,0,0,0,0,0,0,0,0,0
2020-09-28,US,61359,0,0,0,0,0,0,0,0,0,0,0,0,0,0,0,0,0,0,0,0,0,0,0,0,0,0,0,0,0,0,0,0,0,0,0,0,0,0,0,0,0,0,0,0,0,0,0,0,0,0,0,0,0,0,0,0,0,0,0,0,0,0,0,0,0,0,0,0,0,0,0,0,0,0,0,0,0,0,0,0,0,0,0,0,0,0,0,0,0,0,0,0,0,0,0,0,0,0,0,0,0,0,0,0,0,0,0,0,0,0,0,0,0,0,0,0,0,0,0,0,0,0,0,0,0,0
2020-09-29,US,62049,0,0,0,0,0,0,0,0,0,0,0,0,0,0,0,0,0,0,0,0,0,0,0,0,0,0,0,0,0,0,0,0,0,0,0,0,0,0,0,0,0,0,0,0,0,0,0,0,0,0,0,0,0,0,0,0,0,0,0,0,0,0,0,0,0,0,0,0,0,0,0,0,0,0,0,0,0,0,0,0,0,0,0,0,0,0,0,0,0,0,0,0,0,0,0,0,0,0,0,0,0,0,0,0,0,0,0,0,0,0,0,0,0,0,0,0,0,0,0,0,0,0,0,0,0,0
2020-09-30,US,62739,0,0,0,0,0,0,0,0,0,0,0,0,0,0,0,0,0,0,0,0,0,0,0,0,0,0,0,0,0,0,0,0,0,0,0,0,0,0,0,0,0,0,0,0,0,0,0,0,0,0,0,0,0,0,0,0,0,0,0,0,0,0,0,0,0,0,0,0,0,0,0,0,0,0,0,0,0,0,0,0,0,0,0,0,0,0,0,0,0,0,0,0,0,0,0,0,0,0,0,0,0,0,0,0,0,0,0,0,0,0,0,0,0,0,0,0,0,0,0,0,0,0,0,0,0,0
2020-10-01,US,63429,0,0,0,0,0,0,0,0,0,0,0,0,0,0,0,0,0,0,0,0,0,0,0,0,0,0,0,0,0,0,0,0,0,0,0,0,0,0,0,0,0,0,0,0,0,0,0,0,0,0,0,0,0,0,0,0,0,0,0,0,0,0,0,0,0,0,0,0,0,0,0,0,0,0,0,0,0,0,0,0,0,0,0,0,0,0,0,0,0,0,0,0,0,0,0,0,0,0,0,0,0,0,0,0,0,0,0,0,0,0,0,0,0,0,0,0,0,0,0,0,0,0,0,0,0,0
2020-10-02,US,64120,0,0,0,0,0,0,0,0,0,0,0,0,0,0,0,0,0,0,0,0,0,0,0,0,0,0,0,0,0,0,0,0,0,0,0,0,0,0,0,0,0,0,0,0,0,0,0,0,0,0,0,0,0,0,0,0,0,0,0,0,0,0,0,0,0,0,0,0,0,0,0,0,0,0,0,0,0,0,0,0,0,0,0,0,0,0,0,0,0,0,0,0,0,0,0,0,0,0,0,0,0,0,0,0,0,0,0,0,0,0,0,0,0,0,0,0,0,0,0,0,0,0,0,0,0,0
2020-10-03,US,64810,0,0,0,0,0,0,0,0,0,0,0,0,0,0,0,0,0,0,0,0,0,0,0,0,0,0,0,0,0,0,0,0,0,0,0,0,0,0,0,0,0,0,0,0,0,0,0,0,0,0,0,0,0,0,0,0,0,0,0,0,0,0,0,0,0,0,0,0,0,0,0,0,0,0,0,0,0,0,0,0,0,0,0,0,0,0,0,0,0,0,0,0,0,0,0,0,0,0,0,0,0,0,0,0,0,0,0,0,0,0,0,0,0,0,0,0,0,0,0,0,0,0,0,0,0,0
2020-10-04,US,67625,0,0,0,0,0,0,0,0,0,0,0,0,0,0,0,0,0,0,0,0,0,0,0,0,0,0,0,0,0,0,0,0,0,0,0,0,0,0,0,0,0,0,0,0,0,0,0,0,0,0,0,0,0,0,0,0,0,0,0,0,0,0,0,0,0,0,0,0,0,0,0,0,0,0,0,0,0,0,0,0,0,0,0,0,0,0,0,0,0,0,0,0,0,0,0,0,0,0,0,0,0,0,0,0,0,0,0,0,0,0,0,0,0,0,0,0,0,0,0,0,0,0,0,0,0,0
2020-10-05,US,70441,0,0,0,0,0,0,0,0,0,0,0,0,0,0,0,0,0,0,0,0,0,0,0,0,0,0,0,0,0,0,0,0,0,0,0,0,0,0,0,0,0,0,0,0,0,0,0,0,0,0,0,0,0,0,0,0,0,0,0,0,0,0,0,0,0,0,0,0,0,0,0,0,0,0,0,0,0,0,0,0,0,0,0,0,0,0,0,0,0,0,0,0,0,0,0,0,0,0,0,0,0,0,0,0,0,0,0,0,0,0,0,0,0,0,0,0,0,0,0,0,0,0,0,0,0,0
2020-10-06,US,73256,0,0,0,0,0,0,0,0,0,0,0,0,0,0,0,0,0,0,0,0,0,0,0,0,0,0,0,0,0,0,0,0,0,0,0,0,0,0,0,0,0,0,0,0,0,0,0,0,0,0,0,0,0,0,0,0,0,0,0,0,0,0,0,0,0,0,0,0,0,0,0,0,0,0,0,0,0,0,0,0,0,0,0,0,0,0,0,0,0,0,0,0,0,0,0,0,0,0,0,0,0,0,0,0,0,0,0,0,0,0,0,0,0,0,0,0,0,0,0,0,0,0,0,0,0,0
2020-10-07,US,76071,0,0,0,0,0,0,0,0,0,0,0,0,0,0,0,0,0,0,0,0,0,0,0,0,0,0,0,0,0,0,0,0,0,0,0,0,0,0,0,0,0,0,0,0,0,0,0,0,0,0,0,0,0,0,0,0,0,0,0,0,0,0,0,0,0,0,0,0,0,0,0,0,0,0,0,0,0,0,0,0,0,0,0,0,0,0,0,0,0,0,0,0,0,0,0,0,0,0,0,0,0,0,0,0,0,0,0,0,0,0,0,0,0,0,0,0,0,0,0,0,0,0,0,0,0,0
2020-10-08,US,78887,0,0,0,0,0,0,0,0,0,0,0,0,0,0,0,0,0,0,0,0,0,0,0,0,0,0,0,0,0,0,0,0,0,0,0,0,0,0,0,0,0,0,0,0,0,0,0,0,0,0,0,0,0,0,0,0,0,0,0,0,0,0,0,0,0,0,0,0,0,0,0,0,0,0,0,0,0,0,0,0,0,0,0,0,0,0,0,0,0,0,0,0,0,0,0,0,0,0,0,0,0,0,0,0,0,0,0,0,0,0,0,0,0,0,0,0,0,0,0,0,0,0,0,0,0,0
2020-10-09,US,81702,0,0,0,0,0,0,0,0,0,0,0,0,0,0,0,0,0,0,0,0,0,0,0,0,0,0,0,0,0,0,0,0,0,0,0,0,0,0,0,0,0,0,0,0,0,0,0,0,0,0,0,0,0,0,0,0,0,0,0,0,0,0,0,0,0,0,0,0,0,0,0,0,0,0,0,0,0,0,0,0,0,0,0,0,0,0,0,0,0,0,0,0,0,0,0,0,0,0,0,0,0,0,0,0,0,0,0,0,0,0,0,0,0,0,0,0,0,0,0,0,0,0,0,0,0,0
2020-10-10,US,84518,0,0,0,0,0,0,0,0,0,0,0,0,0,0,0,0,0,0,0,0,0,0,0,0,0,0,0,0,0,0,0,0,0,0,0,0,0,0,0,0,0,0,0,0,0,0,0,0,0,0,0,0,0,0,0,0,0,0,0,0,0,0,0,0,0,0,0,0,0,0,0,0,0,0,0,0,0,0,0,0,0,0,0,0,0,0,0,0,0,0,0,0,0,0,0,0,0,0,0,0,0,0,0,0,0,0,0,0,0,0,0,0,0,0,0,0,0,0,0,0,0,0,0,0,0,0
2020-10-11,US,90110,0,0,0,0,0,0,0,0,0,0,0,0,0,0,0,0,0,0,0,0,0,0,0,0,0,0,0,0,0,0,0,0,0,0,0,0,0,0,0,0,0,0,0,0,0,0,0,0,0,0,0,0,0,0,0,0,0,0,0,0,0,0,0,0,0,0,0,0,0,0,0,0,0,0,0,0,0,0,0,0,0,0,0,0,0,0,0,0,0,0,0,0,0,0,0,0,0,0,0,0,0,0,0,0,0,0,0,0,0,0,0,0,0,0,0,0,0,0,0,0,0,0,0,0,0,0
2020-10-12,US,95702,0,0,0,0,0,0,0,0,0,0,0,0,0,0,0,0,0,0,0,0,0,0,0,0,0,0,0,0,0,0,0,0,0,0,0,0,0,0,0,0,0,0,0,0,0,0,0,0,0,0,0,0,0,0,0,0,0,0,0,0,0,0,0,0,0,0,0,0,0,0,0,0,0,0,0,0,0,0,0,0,0,0,0,0,0,0,0,0,0,0,0,0,0,0,0,0,0,0,0,0,0,0,0,0,0,0,0,0,0,0,0,0,0,0,0,0,0,0,0,0,0,0,0,0,0,0
2020-10-13,US,101294,0,0,0,0,0,0,0,0,0,0,0,0,0,0,0,0,0,0,0,0,0,0,0,0,0,0,0,0,0,0,0,0,0,0,0,0,0,0,0,0,0,0,0,0,0,0,0,0,0,0,0,0,0,0,0,0,0,0,0,0,0,0,0,0,0,0,0,0,0,0,0,0,0,0,0,0,0,0,0,0,0,0,0,0,0,0,0,0,0,0,0,0,0,0,0,0,0,0,0,0,0,0,0,0,0,0,0,0,0,0,0,0,0,0,0,0,0,0,0,0,0,0,0,0,0,0
2020-10-14,US,106886,0,0,0,0,0,0,0,0,0,0,0,0,0,0,0,0,0,0,0,0,0,0,0,0,0,0,0,0,0,0,0,0,0,0,0,0,0,0,0,0,0,0,0,0,0,0,0,0,0,0,0,0,0,0,0,0,0,0,0,0,0,0,0,0,0,0,0,0,0,0,0,0,0,0,0,0,0,0,0,0,0,0,0,0,0,0,0,0,0,0,0,0,0,0,0,0,0,0,0,0,0,0,0,0,0,0,0,0,0,0,0,0,0,0,0,0,0,0,0,0,0,0,0,0,0,0
2020-10-15,US,112478,0,0,0,0,0,0,0,0,0,0,0,0,0,0,0,0,0,0,0,0,0,0,0,0,0,0,0,0,0,0,0,0,0,0,0,0,0,0,0,0,0,0,0,0,0,0,0,0,0,0,0,0,0,0,0,0,0,0,0,0,0,0,0,0,0,0,0,0,0,0,0,0,0,0,0,0,0,0,0,0,0,0,0,0,0,0,0,0,0,0,0,0,0,0,0,0,0,0,0,0,0,0,0,0,0,0,0,0,0,0,0,0,0,0,0,0,0,0,0,0,0,0,0,0,0,0
2020-10-16,US,118070,0,0,0,0,0,0,0,0,0,0,0,0,0,0,0,0,0,0,0,0,0,0,0,0,0,0,0,0,0,0,0,0,0,0,0,0,0,0,0,0,0,0,0,0,0,0,0,0,0,0,0,0,0,0,0,0,0,0,0,0,0,0,0,0,0,0,0,0,0,0,0,0,0,0,0,0,0,0,0,0,0,0,0,0,0,0,0,0,0,0,0,0,0,0,0,0,0,0,0,0,0,0,0,0,0,0,0,0,0,0,0,0,0,0,0,0,0,0,0,0,0,0,0,0,0,0
2020-10-17,US,123662,0,0,0,0,0,0,0,0,0,0,0,0,0,0,0,0,0,0,0,0,0,0,0,0,0,0,0,0,0,0,0,0,0,0,0,0,0,0,0,0,0,0,0,0,0,0,0,0,0,0,0,0,0,0,0,0,0,0,0,0,0,0,0,0,0,0,0,0,0,0,0,0,0,0,0,0,0,0,0,0,0,0,0,0,0,0,0,0,0,0,0,0,0,0,0,0,0,0,0,0,0,0,0,0,0,0,0,0,0,0,0,0,0,0,0,0,0,0,0,0,0,0,0,0,0,0
2020-10-18,US,128762,0,0,0,0,0,0,0,0,0,0,0,0,0,0,0,0,0,0,0,0,0,0,0,0,0,0,0,0,0,0,0,0,0,0,0,0,0,0,0,0,0,0,0,0,0,0,0,0,0,0,0,0,0,0,0,0,0,0,0,0,0,0,0,0,0,0,0,0,0,0,0,0,0,0,0,0,0,0,0,0,0,0,0,0,0,0,0,0,0,0,0,0,0,0,0,0,0,0,0,0,0,0,0,0,0,0,0,0,0,0,0,0,0,0,0,0,0,0,0,0,0,0,0,0,0,0
2020-10-19,US,133861,0,0,0,0,0,0,0,0,0,0,0,0,0,0,0,0,0,0,0,0,0,0,0,0,0,0,0,0,0,0,0,0,0,0,0,0,0,0,0,0,0,0,0,0,0,0,0,0,0,0,0,0,0,0,0,0,0,0,0,0,0,0,0,0,0,0,0,0,0,0,0,0,0,0,0,0,0,0,0,0,0,0,0,0,0,0,0,0,0,0,0,0,0,0,0,0,0,0,0,0,0,0,0,0,0,0,0,0,0,0,0,0,0,0,0,0,0,0,0,0,0,0,0,0,0,0
2020-10-20,US,138961,0,0,0,0,0,0,0,0,0,0,0,0,0,0,0,0,0,0,0,0,0,0,0,0,0,0,0,0,0,0,0,0,0,0,0,0,0,0,0,0,0,0,0,0,0,0,0,0,0,0,0,0,0,0,0,0,0,0,0,0,0,0,0,0,0,0,0,0,0,0,0,0,0,0,0,0,0,0,0,0,0,0,0,0,0,0,0,0,0,0,0,0,0,0,0,0,0,0,0,0,0,0,0,0,0,0,0,0,0,0,0,0,0,0,0,0,0,0,0,0,0,0,0,0,0,0
2020-10-21,US,144060,0,0,0,0,0,0,0,0,0,0,0,0,0,0,0,0,0,0,0,0,0,0,0,0,0,0,0,0,0,0,0,0,0,0,0,0,0,0,0,0,0,0,0,0,0,0,0,0,0,0,0,0,0,0,0,0,0,0,0,0,0,0,0,0,0,0,0,0,0,0,0,0,0,0,0,0,0,0,0,0,0,0,0,0,0,0,0,0,0,0,0,0,0,0,0,0,0,0,0,0,0,0,0,0,0,0,0,0,0,0,0,0,0,0,0,0,0,0,0,0,0,0,0,0,0,0
2020-10-22,US,149160,0,0,0,0,0,0,0,0,0,0,0,0,0,0,0,0,0,0,0,0,0,0,0,0,0,0,0,0,0,0,0,0,0,0,0,0,0,0,0,0,0,0,0,0,0,0,0,0,0,0,0,0,0,0,0,0,0,0,0,0,0,0,0,0,0,0,0,0,0,0,0,0,0,0,0,0,0,0,0,0,0,0,0,0,0,0,0,0,0,0,0,0,0,0,0,0,0,0,0,0,0,0,0,0,0,0,0,0,0,0,0,0,0,0,0,0,0,0,0,0,0,0,0,0,0,0
2020-10-23,US,154260,0,0,0,0,0,0,0,0,0,0,0,0,0,0,0,0,0,0,0,0,0,0,0,0,0,0,0,0,0,0,0,0,0,0,0,0,0,0,0,0,0,0,0,0,0,0,0,0,0,0,0,0,0,0,0,0,0,0,0,0,0,0,0,0,0,0,0,0,0,0,0,0,0,0,0,0,0,0,0,0,0,0,0,0,0,0,0,0,0,0,0,0,0,0,0,0,0,0,0,0,0,0,0,0,0,0,0,0,0,0,0,0,0,0,0,0,0,0,0,0,0,0,0,0,0,0
2020-10-24,US,159359,0,0,0,0,0,0,0,0,0,0,0,0,0,0,0,0,0,0,0,0,0,0,0,0,0,0,0,0,0,0,0,0,0,0,0,0,0,0,0,0,0,0,0,0,0,0,0,0,0,0,0,0,0,0,0,0,0,0,0,0,0,0,0,0,0,0,0,0,0,0,0,0,0,0,0,0,0,0,0,0,0,0,0,0,0,0,0,0,0,0,0,0,0,0,0,0,0,0,0,0,0,0,0,0,0,0,0,0,0,0,0,0,0,0,0,0,0,0,0,0,0,0,0,0,0,0
2020-10-25,US,163723,0,0,0,0,0,0,0,0,0,0,0,0,0,0,0,0,0,0,0,0,0,0,0,0,0,0,0,0,0,0,0,0,0,0,0,0,0,0,0,0,0,0,0,0,0,0,0,0,0,0,0,0,0,0,0,0,0,0,0,0,0,0,0,0,0,0,0,0,0,0,0,0,0,0,0,0,0,0,0,0,0,0,0,0,0,0,0,0,0,0,0,0,0,0,0,0,0,0,0,0,0,0,0,0,0,0,0,0,0,0,0,0,0,0,0,0,0,0,0,0,0,0,0,0,0,0
2020-10-26,US,168087,0,0,0,0,0,0,0,0,0,0,0,0,0,0,0,0,0,0,0,0,0,0,0,0,0,0,0,0,0,0,0,0,0,0,0,0,0,0,0,0,0,0,0,0,0,0,0,0,0,0,0,0,0,0,0,0,0,0,0,0,0,0,0,0,0,0,0,0,0,0,0,0,0,0,0,0,0,0,0,0,0,0,0,0,0,0,0,0,0,0,0,0,0,0,0,0,0,0,0,0,0,0,0,0,0,0,0,0,0,0,0,0,0,0,0,0,0,0,0,0,0,0,0,0,0,0
2020-10-27,US,172451,0,0,0,0,0,0,0,0,0,0,0,0,0,0,0,0,0,0,0,0,0,0,0,0,0,0,0,0,0,0,0,0,0,0,0,0,0,0,0,0,0,0,0,0,0,0,0,0,0,0,0,0,0,0,0,0,0,0,0,0,0,0,0,0,0,0,0,0,0,0,0,0,0,0,0,0,0,0,0,0,0,0,0,0,0,0,0,0,0,0,0,0,0,0,0,0,0,0,0,0,0,0,0,0,0,0,0,0,0,0,0,0,0,0,0,0,0,0,0,0,0,0,0,0,0,0
2020-10-28,US,176816,0,0,0,0,0,0,0,0,0,0,0,0,0,0,0,0,0,0,0,0,0,0,0,0,0,0,0,0,0,0,0,0,0,0,0,0,0,0,0,0,0,0,0,0,0,0,0,0,0,0,0,0,0,0,0,0,0,0,0,0,0,0,0,0,0,0,0,0,0,0,0,0,0,0,0,0,0,0,0,0,0,0,0,0,0,0,0,0,0,0,0,0,0,0,0,0,0,0,0,0,0,0,0,0,0,0,0,0,0,0,0,0,0,0,0,0,0,0,0,0,0,0,0,0,0,0
2020-10-29,US,181180,0,0,0,0,0,0,0,0,0,0,0,0,0,0,0,0,0,0,0,0,0,0,0,0,0,0,0,0,0,0,0,0,0,0,0,0,0,0,0,0,0,0,0,0,0,0,0,0,0,0,0,0,0,0,0,0,0,0,0,0,0,0,0,0,0,0,0,0,0,0,0,0,0,0,0,0,0,0,0,0,0,0,0,0,0,0,0,0,0,0,0,0,0,0,0,0,0,0,0,0,0,0,0,0,0,0,0,0,0,0,0,0,0,0,0,0,0,0,0,0,0,0,0,0,0,0
2020-10-30,US,185544,0,0,0,0,0,0,0,0,0,0,0,0,0,0,0,0,0,0,0,0,0,0,0,0,0,0,0,0,0,0,0,0,0,0,0,0,0,0,0,0,0,0,0,0,0,0,0,0,0,0,0,0,0,0,0,0,0,0,0,0,0,0,0,0,0,0,0,0,0,0,0,0,0,0,0,0,0,0,0,0,0,0,0,0,0,0,0,0,0,0,0,0,0,0,0,0,0,0,0,0,0,0,0,0,0,0,0,0,0,0,0,0,0,0,0,0,0,0,0,0,0,0,0,0,0,0
2020-10-31,US,189908,0,0,0,0,0,0,0,0,0,0,0,0,0,0,0,0,0,0,0,0,0,0,0,0,0,0,0,0,0,0,0,0,0,0,0,0,0,0,0,0,0,0,0,0,0,0,0,0,0,0,0,0,0,0,0,0,0,0,0,0,0,0,0,0,0,0,0,0,0,0,0,0,0,0,0,0,0,0,0,0,0,0,0,0,0,0,0,0,0,0,0,0,0,0,0,0,0,0,0,0,0,0,0,0,0,0,0,0,0,0,0,0,0,0,0,0,0,0,0,0,0,0,0,0,0,0
2020-11-01,US,202029,0,0,0,0,0,0,0,0,0,0,0,0,0,0,0,0,0,0,0,0,0,0,0,0,0,0,0,0,0,0,0,0,0,0,0,0,0,0,0,0,0,0,0,0,0,0,0,0,0,0,0,0,0,0,0,0,0,0,0,0,0,0,0,0,0,0,0,0,0,0,0,0,0,0,0,0,0,0,0,0,0,0,0,0,0,0,0,0,0,0,0,0,0,0,0,0,0,0,0,0,0,0,0,0,0,0,0,0,0,0,0,0,0,0,0,0,0,0,0,0,0,0,0,0,0,0
2020-11-02,US,214150,0,0,0,0,0,0,0,0,0,0,0,0,0,0,0,0,0,0,0,0,0,0,0,0,0,0,0,0,0,0,0,0,0,0,0,0,0,0,0,0,0,0,0,0,0,0,0,0,0,0,0,0,0,0,0,0,0,0,0,0,0,0,0,0,0,0,0,0,0,0,0,0,0,0,0,0,0,0,0,0,0,0,0,0,0,0,0,0,0,0,0,0,0,0,0,0,0,0,0,0,0,0,0,0,0,0,0,0,0,0,0,0,0,0,0,0,0,0,0,0,0,0,0,0,0,0
2020-11-03,US,226271,0,0,0,0,0,0,0,0,0,0,0,0,0,0,0,0,0,0,0,0,0,0,0,0,0,0,0,0,0,0,0,0,0,0,0,0,0,0,0,0,0,0,0,0,0,0,0,0,0,0,0,0,0,0,0,0,0,0,0,0,0,0,0,0,0,0,0,0,0,0,0,0,0,0,0,0,0,0,0,0,0,0,0,0,0,0,0,0,0,0,0,0,0,0,0,0,0,0,0,0,0,0,0,0,0,0,0,0,0,0,0,0,0,0,0,0,0,0,0,0,0,0,0,0,0,0
2020-11-04,US,238392,0,0,0,0,0,0,0,0,0,0,0,0,0,0,0,0,0,0,0,0,0,0,0,0,0,0,0,0,0,0,0,0,0,0,0,0,0,0,0,0,0,0,0,0,0,0,0,0,0,0,0,0,0,0,0,0,0,0,0,0,0,0,0,0,0,0,0,0,0,0,0,0,0,0,0,0,0,0,0,0,0,0,0,0,0,0,0,0,0,0,0,0,0,0,0,0,0,0,0,0,0,0,0,0,0,0,0,0,0,0,0,0,0,0,0,0,0,0,0,0,0,0,0,0,0,0
2020-11-05,US,250514,0,0,0,0,0,0,0,0,0,0,0,0,0,0,0,0,0,0,0,0,0,0,0,0,0,0,0,0,0,0,0,0,0,0,0,0,0,0,0,0,0,0,0,0,0,0,0,0,0,0,0,0,0,0,0,0,0,0,0,0,0,0,0,0,0,0,0,0,0,0,0,0,0,0,0,0,0,0,0,0,0,0,0,0,0,0,0,0,0,0,0,0,0,0,0,0,0,0,0,0,0,0,0,0,0,0,0,0,0,0,0,0,0,0,0,0,0,0,0,0,0,0,0,0,0,0
2020-11-06,US,262635,0,0,0,0,0,0,0,0,0,0,0,0,0,0,0,0,0,0,0,0,0,0,0,0,0,0,0,0,0,0,0,0,0,0,0,0,0,0,0,0,0,0,0,0,0,0,0,0,0,0,0,0,0,0,0,0,0,0,0,0,0,0,0,0,0,0,0,0,0,0,0,0,0,0,0,0,0,0,0,0,0,0,0,0,0,0,0,0,0,0,0,0,0,0,0,0,0,0,0,0,0,0,0,0,0,0,0,0,0,0,0,0,0,0,0,0,0,0,0,0,0,0,0,0,0,0
2020-11-07,US,274756,0,0,0,0,0,0,0,0,0,0,0,0,0,0,0,0,0,0,0,0,0,0,0,0,0,0,0,0,0,0,0,0,0,0,0,0,0,0,0,0,0,0,0,0,0,0,0,0,0,0,0,0,0,0,0,0,0,0,0,0,0,0,0,0,0,0,0,0,0,0,0,0,0,0,0,0,0,0,0,0,0,0,0,0,0,0,0,0,0,0,0,0,0,0,0,0,0,0,0,0,0,0,0,0,0,0,0,0,0,0,0,0,0,0,0,0,0,0,0,0,0,0,0,0,0,0
2020-11-08,US,298059,0,0,0,0,0,0,0,0,0,0,0,0,0,0,0,0,0,0,0,0,0,0,0,0,0,0,0,0,0,0,0,0,0,0,0,0,0,0,0,0,0,0,0,0,0,0,0,0,0,0,0,0,0,0,0,0,0,0,0,0,0,0,0,0,0,0,0,0,0,0,0,0,0,0,0,0,0,0,0,0,0,0,0,0,0,0,0,0,0,0,0,0,0,0,0,0,0,0,0,0,0,0,0,0,0,0,0,0,0,0,0,0,0,0,0,0,0,0,0,0,0,0,0,0,0,0
2020-11-09,US,321361,0,0,0,0,0,0,0,0,0,0,0,0,0,0,0,0,0,0,0,0,0,0,0,0,0,0,0,0,0,0,0,0,0,0,0,0,0,0,0,0,0,0,0,0,0,0,0,0,0,0,0,0,0,0,0,0,0,0,0,0,0,0,0,0,0,0,0,0,0,0,0,0,0,0,0,0,0,0,0,0,0,0,0,0,0,0,0,0,0,0,0,0,0,0,0,0,0,0,0,0,0,0,0,0,0,0,0,0,0,0,0,0,0,0,0,0,0,0,0,0,0,0,0,0,0,0
2020-11-10,US,344664,0,0,0,0,0,0,0,0,0,0,0,0,0,0,0,0,0,0,0,0,0,0,0,0,0,0,0,0,0,0,0,0,0,0,0,0,0,0,0,0,0,0,0,0,0,0,0,0,0,0,0,0,0,0,0,0,0,0,0,0,0,0,0,0,0,0,0,0,0,0,0,0,0,0,0,0,0,0,0,0,0,0,0,0,0,0,0,0,0,0,0,0,0,0,0,0,0,0,0,0,0,0,0,0,0,0,0,0,0,0,0,0,0,0,0,0,0,0,0,0,0,0,0,0,0,0
2020-11-11,US,367967,0,0,0,0,0,0,0,0,0,0,0,0,0,0,0,0,0,0,0,0,0,0,0,0,0,0,0,0,0,0,0,0,0,0,0,0,0,0,0,0,0,0,0,0,0,0,0,0,0,0,0,0,0,0,0,0,0,0,0,0,0,0,0,0,0,0,0,0,0,0,0,0,0,0,0,0,0,0,0,0,0,0,0,0,0,0,0,0,0,0,0,0,0,0,0,0,0,0,0,0,0,0,0,0,0,0,0,0,0,0,0,0,0,0,0,0,0,0,0,0,0,0,0,0,0,0
2020-11-12,US,391269,0,0,0,0,0,0,0,0,0,0,0,0,0,0,0,0,0,0,0,0,0,0,0,0,0,0,0,0,0,0,0,0,0,0,0,0,0,0,0,0,0,0,0,0,0,0,0,0,0,0,0,0,0,0,0,0,0,0,0,0,0,0,0,0,0,0,0,0,0,0,0,0,0,0,0,0,0,0,0,0,0,0,0,0,0,0,0,0,0,0,0,0,0,0,0,0,0,0,0,0,0,0,0,0,0,0,0,0,0,0,0,0,0,0,0,0,0,0,0,0,0,0,0,0,0,0
2020-11-13,US,414572,0,0,0,0,0,0,0,0,0,0,0,0,0,0,0,0,0,0,0,0,0,0,0,0,0,0,0,0,0,0,0,0,0,0,0,0,0,0,0,0,0,0,0,0,0,0,0,0,0,0,0,0,0,0,0,0,0,0,0,0,0,0,0,0,0,0,0,0,0,0,0,0,0,0,0,0,0,0,0,0,0,0,0,0,0,0,0,0,0,0,0,0,0,0,0,0,0,0,0,0,0,0,0,0,0,0,0,0,0,0,0,0,0,0,0,0,0,0,0,0,0,0,0,0,0,0
2020-11-14,US,437874,0,0,0,0,0,0,0,0,0,0,0,0,0,0,0,0,0,0,0,0,0,0,0,0,0,0,0,0,0,0,0,0,0,0,0,0,0,0,0,0,0,0,0,0,0,0,0,0,0,0,0,0,0,0,0,0,0,0,0,0,0,0,0,0,0,0,0,0,0,0,0,0,0,0,0,0,0,0,0,0,0,0,0,0,0,0,0,0,0,0,0,0,0,0,0,0,0,0,0,0,0,0,0,0,0,0,0,0,0,0,0,0,0,0,0,0,0,0,0,0,0,0,0,0,0,0
2020-11-15,US,448320,0,0,0,0,0,0,0,0,0,0,0,0,0,0,0,0,0,0,0,0,0,0,0,0,0,0,0,0,0,0,0,0,0,0,0,0,0,0,0,0,0,0,0,0,0,0,0,0,0,0,0,0,0,0,0,0,0,0,0,0,0,0,0,0,0,0,0,0,0,0,0,0,0,0,0,0,0,0,0,0,0,0,0,0,0,0,0,0,0,0,0,0,0,0,0,0,0,0,0,0,0,0,0,0,0,0,0,0,0,0,0,0,0,0,0,0,0,0,0,0,0,0,0,0,0,0
2020-11-16,US,458767,0,0,0,0,0,0,0,0,0,0,0,0,0,0,0,0,0,0,0,0,0,0,0,0,0,0,0,0,0,0,0,0,0,0,0,0,0,0,0,0,0,0,0,0,0,0,0,0,0,0,0,0,0,0,0,0,0,0,0,0,0,0,0,0,0,0,0,0,0,0,0,0,0,0,0,0,0,0,0,0,0,0,0,0,0,0,0,0,0,0,0,0,0,0,0,0,0,0,0,0,0,0,0,0,0,0,0,0,0,0,0,0,0,0,0,0,0,0,0,0,0,0,0,0,0,0
2020-11-17,US,469213,0,0,0,0,0,0,0,0,0,0,0,0,0,0,0,0,0,0,0,0,0,0,0,0,0,0,0,0,0,0,0,0,0,0,0,0,0,0,0,0,0,0,0,0,0,0,0,0,0,0,0,0,0,0,0,0,0,0,0,0,0,0,0,0,0,0,0,0,0,0,0,0,0,0,0,0,0,0,0,0,0,0,0,0,0,0,0,0,0,0,0,0,0,0,0,0,0,0,0,0,0,0,0,0,0,0,0,0,0,0,0,0,0,0,0,0,0,0,0,0,0,0,0,0,0,0
2020-11-18,US,479659,0,0,0,0,0,0,0,0,0,0,0,0,0,0,0,0,0,0,0,0,0,0,0,0,0,0,0,0,0,0,0,0,0,0,0,0,0,0,0,0,0,0,0,0,0,0,0,0,0,0,0,0,0,0,0,0,0,0,0,0,0,0,0,0,0,0,0,0,0,0,0,0,0,0,0,0,0,0,0,0,0,0,0,0,0,0,0,0,0,0,0,0,0,0,0,0,0,0,0,0,0,0,0,0,0,0,0,0,0,0,0,0,0,0,0,0,0,0,0,0,0,0,0,0,0,0
2020-11-19,US,490105,0,0,0,0,0,0,0,0,0,0,0,0,0,0,0,0,0,0,0,0,0,0,0,0,0,0,0,0,0,0,0,0,0,0,0,0,0,0,0,0,0,0,0,0,0,0,0,0,0,0,0,0,0,0,0,0,0,0,0,0,0,0,0,0,0,0,0,0,0,0,0,0,0,0,0,0,0,0,0,0,0,0,0,0,0,0,0,0,0,0,0,0,0,0,0,0,0,0,0,0,0,0,0,0,0,0,0,0,0,0,0,0,0,0,0,0,0,0,0,0,0,0,0,0,0,0
2020-11-20,US,500551,0,0,0,0,0,0,0,0,0,0,0,0,0,0,0,0,0,0,0,0,0,0,0,0,0,0,0,0,0,0,0,0,0,0,0,0,0,0,0,0,0,0,0,0,0,0,0,0,0,0,0,0,0,0,0,0,0,0,0,0,0,0,0,0,0,0,0,0,0,0,0,0,0,0,0,0,0,0,0,0,0,0,0,0,0,0,0,0,0,0,0,0,0,0,0,0,0,0,0,0,0,0,0,0,0,0,0,0,0,0,0,0,0,0,0,0,0,0,0,0,0,0,0,0,0,0
2020-11-21,US,510997,0,0,0,0,0,0,0,0,0,0,0,0,0,0,0,0,0,0,0,0,0,0,0,0,0,0,0,0,0,0,0,0,0,0,0,0,0,0,0,0,0,0,0,0,0,0,0,0,0,0,0,0,0,0,0,0,0,0,0,0,0,0,0,0,0,0,0,0,0,0,0,0,0,0,0,0,0,0,0,0,0,0,0,0,0,0,0,0,0,0,0,0,0,0,0,0,0,0,0,0,0,0,0,0,0,0,0,0,0,0,0,0,0,0,0,0,0,0,0,0,0,0,0,0,0,0
2020-11-22,US,519769,0,0,0,0,0,0,0,0,0,0,0,0,0,0,0,0,0,0,0,0,0,0,0,0,0,0,0,0,0,0,0,0,0,0,0,0,0,0,0,0,0,0,0,0,0,0,0,0,0,0,0,0,0,0,0,0,0,0,0,0,0,0,0,0,0,0,0,0,0,0,0,0,0,0,0,0,0,0,0,0,0,0,0,0,0,0,0,0,0,0,0,0,0,0,0,0,0,0,0,0,0,0,0,0,0,0,0,0,0,0,0,0,0,0,0,0,0,0,0,0,0,0,0,0,0,0
2020-11-23,US,528542,0,0,0,0,0,0,0,0,0,0,0,0,0,0,0,0,0,0,0,0,0,0,0,0,0,0,0,0,0,0,0,0,0,0,0,0,0,0,0,0,0,0,0,0,0,0,0,0,0,0,0,0,0,0,0,0,0,0,0,0,0,0,0,0,0,0,0,0,0,0,0,0,0,0,0,0,0,0,0,0,0,0,0,0,0,0,0,0,0,0,0,0,0,0,0,0,0,0,0,0,0,0,0,0,0,0,0,0,0,0,0,0,0,0,0,0,0,0,0,0,0,0,0,0,0,0
2020-11-24,US,537315,0,0,0,0,0,0,0,0,0,0,0,0,0,0,0,0,0,0,0,0,0,0,0,0,0,0,0,0,0,0,0,0,0,0,0,0,0,0,0,0,0,0,0,0,0,0,0,0,0,0,0,0,0,0,0,0,0,0,0,0,0,0,0,0,0,0,0,0,0,0,0,0,0,0,0,0,0,0,0,0,0,0,0,0,0,0,0,0,0,0,0,0,0,0,0,0,0,0,0,0,0,0,0,0,0,0,0,0,0,0,0,0,0,0,0,0,0,0,0,0,0,0,0,0,0,0
2020-11-25,US,546087,0,0,0,0,0,0,0,0,0,0,0,0,0,0,0,0,0,0,0,0,0,0,0,0,0,0,0,0,0,0,0,0,0,0,0,0,0,0,0,0,0,0,0,0,0,0,0,0,0,0,0,0,0,0,0,0,0,0,0,0,0,0,0,0,0,0,0,0,0,0,0,0,0,0,0,0,0,0,0,0,0,0,0,0,0,0,0,0,0,0,0,0,0,0,0,0,0,0,0,0,0,0,0,0,0,0,0,0,0,0,0,0,0,0,0,0,0,0,0,0,0,0,0,0,0,0
2020-11-26,US,554860,0,0,0,0,0,0,0,0,0,0,0,0,0,0,0,0,0,0,0,0,0,0,0,0,0,0,0,0,0,0,0,0,0,0,0,0,0,0,0,0,0,0,0,0,0,0,0,0,0,0,0,0,0,0,0,0,0,0,0,0,0,0,0,0,0,0,0,0,0,0,0,0,0,0,0,0,0,0,0,0,0,0,0,0,0,0,0,0,0,0,0,0,0,0,0,0,0,0,0,0,0,0,0,0,0,0,0,0,0,0,0,0,0,0,0,0,0,0,0,0,0,0,0,0,0,0
2020-11-27,US,563633,0,0,0,0,0,0,0,0,0,0,0,0,0,0,0,0,0,0,0,0,0,0,0,0,0,0,0,0,0,0,0,0,0,0,0,0,0,0,0,0,0,0,0,0,0,0,0,0,0,0,0,0,0,0,0,0,0,0,0,0,0,0,0,0,0,0,0,0,0,0,0,0,0,0,0,0,0,0,0,0,0,0,0,0,0,0,0,0,0,0,0,0,0,0,0,0,0,0,0,0,0,0,0,0,0,0,0,0,0,0,0,0,0,0,0,0,0,0,0,0,0,0,0,0,0,0
2020-11-28,US,572405,0,0,0,0,0,0,0,0,0,0,0,0,0,0,0,0,0,0,0,0,0,0,0,0,0,0,0,0,0,0,0,0,0,0,0,0,0,0,0,0,0,0,0,0,0,0,0,0,0,0,0,0,0,0,0,0,0,0,0,0,0,0,0,0,0,0,0,0,0,0,0,0,0,0,0,0,0,0,0,0,0,0,0,0,0,0,0,0,0,0,0,0,0,0,0,0,0,0,0,0,0,0,0,0,0,0,0,0,0,0,0,0,0,0,0,0,0,0,0,0,0,0,0,0,0,0
2020-11-29,US,571917,0,0,0,0,0,0,0,0,0,0,0,0,0,0,0,0,0,0,0,0,0,0,0,0,0,0,0,0,0,0,0,0,0,0,0,0,0,0,0,0,0,0,0,0,0,0,0,0,0,0,0,0,0,0,0,0,0,0,0,0,0,0,0,0,0,0,0,0,0,0,0,0,0,0,0,0,0,0,0,0,0,0,0,0,0,0,0,0,0,0,0,0,0,0,0,0,0,0,0,0,0,0,0,0,0,0,0,0,0,0,0,0,0,0,0,0,0,0,0,0,0,0,0,0,0,0
2020-11-30,US,571429,0,0,0,0,0,0,0,0,0,0,0,0,0,0,0,0,0,0,0,0,0,0,0,0,0,0,0,0,0,0,0,0,0,0,0,0,0,0,0,0,0,0,0,0,0,0,0,0,0,0,0,0,0,0,0,0,0,0,0,0,0,0,0,0,0,0,0,0,0,0,0,0,0,0,0,0,0,0,0,0,0,0,0,0,0,0,0,0,0,0,0,0,0,0,0,0,0,0,0,0,0,0,0,0,0,0,0,0,0,0,0,0,0,0,0,0,0,0,0,0,0,0,0,0,0,0
2020-12-01,US,570941,0,0,0,0,0,0,0,0,0,0,0,0,0,0,0,0,0,0,0,0,0,0,0,0,0,0,0,0,0,0,0,0,0,0,0,0,0,0,0,0,0,0,0,0,0,0,0,0,0,0,0,0,0,0,0,0,0,0,0,0,0,0,0,0,0,0,0,0,0,0,0,0,0,0,0,0,0,0,0,0,0,0,0,0,0,0,0,0,0,0,0,0,0,0,0,0,0,0,0,0,0,0,0,0,0,0,0,0,0,0,0,0,0,0,0,0,0,0,0,0,0,0,0,0,0,0
2020-12-02,US,570452,0,0,0,0,0,0,0,0,0,0,0,0,0,0,0,0,0,0,0,0,0,0,0,0,0,0,0,0,0,0,0,0,0,0,0,0,0,0,0,0,0,0,0,0,0,0,0,0,0,0,0,0,0,0,0,0,0,0,0,0,0,0,0,0,0,0,0,0,0,0,0,0,0,0,0,0,0,0,0,0,0,0,0,0,0,0,0,0,0,0,0,0,0,0,0,0,0,0,0,0,0,0,0,0,0,0,0,0,0,0,0,0,0,0,0,0,0,0,0,0,0,0,0,0,0,0
2020-12-03,US,569964,0,0,0,0,0,0,0,0,0,0,0,0,0,0,0,0,0,0,0,0,0,0,0,0,0,0,0,0,0,0,0,0,0,0,0,0,0,0,0,0,0,0,0,0,0,0,0,0,0,0,0,0,0,0,0,0,0,0,0,0,0,0,0,0,0,0,0,0,0,0,0,0,0,0,0,0,0,0,0,0,0,0,0,0,0,0,0,0,0,0,0,0,0,0,0,0,0,0,0,0,0,0,0,0,0,0,0,0,0,0,0,0,0,0,0,0,0,0,0,0,0,0,0,0,0,0
2020-12-04,US,569476,0,0,0,0,0,0,0,0,0,0,0,0,0,0,0,0,0,0,0,0,0,0,0,0,0,0,0,0,0,0,0,0,0,0,0,0,0,0,0,0,0,0,0,0,0,0,0,0,0,0,0,0,0,0,0,0,0,0,0,0,0,0,0,0,0,0,0,0,0,0,0,0,0,0,0,0,0,0,0,0,0,0,0,0,0,0,0,0,0,0,0,0,0,0,0,0,0,0,0,0,0,0,0,0,0,0,0,0,0,0,0,0,0,0,0,0,0,0,0,0,0,0,0,0,0,0
2020-12-05,US,568988,0,0,0,0,0,0,0,0,0,0,0,0,0,0,0,0,0,0,0,0,0,0,0,0,0,0,0,0,0,0,0,0,0,0,0,0,0,0,0,0,0,0,0,0,0,0,0,0,0,0,0,0,0,0,0,0,0,0,0,0,0,0,0,0,0,0,0,0,0,0,0,0,0,0,0,0,0,0,0,0,0,0,0,0,0,0,0,0,0,0,0,0,0,0,0,0,0,0,0,0,0,0,0,0,0,0,0,0,0,0,0,0,0,0,0,0,0,0,0,0,0,0,0,0,0,0
2020-12-06,US,578163,0,0,0,0,0,0,0,0,0,0,0,0,0,0,0,0,0,0,0,0,0,0,0,0,0,0,0,0,0,0,0,0,0,0,0,0,0,0,0,0,0,0,0,0,0,0,0,0,0,0,0,0,0,0,0,0,0,0,0,0,0,0,0,0,0,0,0,0,0,0,0,0,0,0,0,0,0,0,0,0,0,0,0,0,0,0,0,0,0,0,0,0,0,0,0,0,0,0,0,0,0,0,0,0,0,0,0,0,0,0,0,0,0,0,0,0,0,0,0,0,0,0,0,0,0,0
2020-12-07,US,587338,0,0,0,0,0,0,0,0,0,0,0,0,0,0,0,0,0,0,0,0,0,0,0,0,0,0,0,0,0,0,0,0,0,0,0,0,0,0,0,0,0,0,0,0,0,0,0,0,0,0,0,0,0,0,0,0,0,0,0,0,0,0,0,0,0,0,0,0,0,0,0,0,0,0,0,0,0,0,0,0,0,0,0,0,0,0,0,0,0,0,0,0,0,0,0,0,0,0,0,0,0,0,0,0,0,0,0,0,0,0,0,0,0,0,0,0,0,0,0,0,0,0,0,0,0,0
2020-12-08,US,596513,0,0,0,0,0,0,0,0,0,0,0,0,0,0,0,0,0,0,0,0,0,0,0,0,0,0,0,0,0,0,0,0,0,0,0,0,0,0,0,0,0,0,0,0,0,0,0,0,0,0,0,0,0,0,0,0,0,0,0,0,0,0,0,0,0,0,0,0,0,0,0,0,0,0,0,0,0,0,0,0,0,0,0,0,0,0,0,0,0,0,0,0,0,0,0,0,0,0,0,0,0,0,0,0,0,0,0,0,0,0,0,0,0,0,0,0,0,0,0,0,0,0,0,0,0,0
2020-12-09,US,605688,0,0,0,0,0,0,0,0,0,0,0,0,0,0,0,0,0,0,0,0,0,0,0,0,0,0,0,0,0,0,0,0,0,0,0,0,0,0,0,0,0,0,0,0,0,0,0,0,0,0,0,0,0,0,0,0,0,0,0,0,0,0,0,0,0,0,0,0,0,0,0,0,0,0,0,0,0,0,0,0,0,0,0,0,0,0,0,0,0,0,0,0,0,0,0,0,0,0,0,0,0,0,0,0,0,0,0,0,0,0,0,0,0,0,0,0,0,0,0,0,0,0,0,0,0,0
2020-12-10,US,614863,0,0,0,0,0,0,0,0,0,0,0,0,0,0,0,0,0,0,0,0,0,0,0,0,0,0,0,0,0,0,0,0,0,0,0,0,0,0,0,0,0,0,0,0,0,0,0,0,0,0,0,0,0,0,0,0,0,0,0,0,0,0,0,0,0,0,0,0,0,0,0,0,0,0,0,0,0,0,0,0,0,0,0,0,0,0,0,0,0,0,0,0,0,0,0,0,0,0,0,0,0,0,0,0,0,0,0,0,0,0,0,0,0,0,0,0,0,0,0,0,0,0,0,0,0,0
2020-12-11,US,624037,0,0,0,0,0,0,0,0,0,0,0,0,0,0,0,0,0,0,0,0,0,0,0,0,0,0,0,0,0,0,0,0,0,0,0,0,0,0,0,0,0,0,0,0,0,0,0,0,0,0,0,0,0,0,0,0,0,0,0,0,0,0,0,0,0,0,0,0,0,0,0,0,0,0,0,0,0,0,0,0,0,0,0,0,0,0,0,0,0,0,0,0,0,0,0,0,0,0,0,0,0,0,0,0,0,0,0,0,0,0,0,0,0,0,0,0,0,0,0,0,0,0,0,0,0,0
2020-12-12,US,633212,0,0,0,0,0,0,0,0,0,0,0,0,0,0,0,0,0,0,0,0,0,0,0,0,0,0,0,0,0,0,0,0,0,0,0,0,0,0,0,0,0,0,0,0,0,0,0,0,0,0,0,0,0,0,0,0,0,0,0,0,0,0,0,0,0,0,0,0,0,0,0,0,0,0,0,0,0,0,0,0,0,0,0,0,0,0,0,0,0,0,0,0,0,0,0,0,0,0,0,0,0,0,0,0,0,0,0,0,0,0,0,0,0,0,0,0,0,0,0,0,0,0,0,0,0,0
2020-12-13,US,639535,0,0,0,0,0,0,0,0,0,0,0,0,0,0,0,0,0,0,0,0,0,0,0,0,0,0,0,0,0,0,0,0,0,0,0,0,0,0,0,0,0,0,0,0,0,0,0,0,0,0,0,0,0,0,0,0,0,0,0,0,0,0,0,0,0,0,0,0,0,0,0,0,0,0,0,0,0,0,0,0,0,0,0,0,0,0,0,0,0,0,0,0,0,0,0,0,0,0,0,0,0,0,0,0,0,0,0,0,0,0,0,0,0,0,0,0,0,0,0,0,0,0,0,0,0,0
2020-12-14,US,645857,0,0,0,0,0,0,0,0,0,0,0,0,0,0,0,0,0,0,0,0,0,0,0,0,0,0,0,0,0,0,0,0,0,0,0,0,0,0,0,0,0,0,0,0,0,0,0,0,0,0,0,0,0,0,0,0,0,0,0,0,0,0,0,0,0,0,0,0,0,0,0,0,0,0,0,0,0,0,0,0,0,0,0,0,0,0,0,0,0,0,0,0,0,0,0,0,0,0,0,0,0,0,0,0,0,0,0,0,0,0,0,0,0,0,0,0,0,0,0,0,0,0,0,0,0,0
2020-12-15,US,652179,0,0,0,0,0,0,0,0,0,0,0,0,0,0,0,0,0,0,0,0,0,0,0,0,0,0,0,0,0,0,0,0,0,0,0,0,0,0,0,0,0,0,0,0,0,0,0,0,0,0,0,0,0,0,0,0,0,0,0,0,0,0,0,0,0,0,0,0,0,0,0,0,0,0,0,0,0,0,0,0,0,0,0,0,0,0,0,0,0,0,0,0,0,0,0,0,0,0,0,0,0,0,0,0,0,0,0,0,0,0,0,0,0,0,0,0,0,0,0,0,0,0,0,0,0,0
2020-12-16,US,658501,0,0,0,0,0,0,0,0,0,0,0,0,0,0,0,0,0,0,0,0,0,0,0,0,0,0,0,0,0,0,0,0,0,0,0,0,0,0,0,0,0,0,0,0,0,0,0,0,0,0,0,0,0,0,0,0,0,0,0,0,0,0,0,0,0,0,0,0,0,0,0,0,0,0,0,0,0,0,0,0,0,0,0,0,0,0,0,0,0,0,0,0,0,0,0,0,0,0,0,0,0,0,0,0,0,0,0,0,0,0,0,0,0,0,0,0,0,0,0,0,0,0,0,0,0,0
2020-12-17,US,664823,0,0,0,0,0,0,0,0,0,0,0,0,0,0,0,0,0,0,0,0,0,0,0,0,0,0,0,0,0,0,0,0,0,0,0,0,0,0,0,0,0,0,0,0,0,0,0,0,0,0,0,0,0,0,0,0,0,0,0,0,0,0,0,0,0,0,0,0,0,0,0,0,0,0,0,0,0,0,0,0,0,0,0,0,0,0,0,0,0,0,0,0,0,0,0,0,0,0,0,0,0,0,0,0,0,0,0,0,0,0,0,0,0,0,0,0,0,0,0,0,0,0,0,0,0,0
2020-12-18,US,671146,0,0,0,0,0,0,0,0,0,0,0,0,0,0,0,0,0,0,0,0,0,0,0,0,0,0,0,0,0,0,0,0,0,0,0,0,0,0,0,0,0,0,0,0,0,0,0,0,0,0,0,0,0,0,0,0,0,0,0,0,0,0,0,0,0,0,0,0,0,0,0,0,0,0,0,0,0,0,0,0,0,0,0,0,0,0,0,0,0,0,0,0,0,0,0,0,0,0,0,0,0,0,0,0,0,0,0,0,0,0,0,0,0,0,0,0,0,0,0,0,0,0,0,0,0,0
2020-12-19,US,677468,0,0,0,0,0,0,0,0,0,0,0,0,0,0,0,0,0,0,0,0,0,0,0,0,0,0,0,0,0,0,0,0,0,0,0,0,0,0,0,0,0,0,0,0,0,0,0,0,0,0,0,0,0,0,0,0,0,0,0,0,0,0,0,0,0,0,0,0,0,0,0,0,0,0,0,0,0,0,0,0,0,0,0,0,0,0,0,0,0,0,0,0,0,0,0,0,0,0,0,0,0,0,0,0,0,0,0,0,0,0,0,0,0,0,0,0,0,0,0,0,0,0,0,0,0,0
2020-12-20,US,674193,0,0,0,0,0,0,0,0,0,0,0,0,0,0,0,0,0,0,0,0,0,0,0,0,0,0,0,0,0,0,0,0,0,0,0,0,0,0,0,0,0,0,0,0,0,0,0,0,0,0,0,0,0,0,0,0,0,0,0,0,0,0,0,0,0,0,0,0,0,0,0,0,0,0,0,0,0,0,0,0,0,0,0,0,0,0,0,0,0,0,0,0,0,0,0,0,0,0,0,0,0,0,0,0,0,0,0,0,0,0,0,0,0,0,0,0,0,0,0,0,0,0,0,0,0,0
2020-12-21,US,670918,0,0,0,0,0,0,0,0,0,0,0,0,0,0,0,0,0,0,0,0,0,0,0,0,0,0,0,0,0,0,0,0,0,0,0,0,0,0,0,0,0,0,0,0,0,0,0,0,0,0,0,0,0,0,0,0,0,0,0,0,0,0,0,0,0,0,0,0,0,0,0,0,0,0,0,0,0,0,0,0,0,0,0,0,0,0,0,0,0,0,0,0,0,0,0,0,0,0,0,0,0,0,0,0,0,0,0,0,0,0,0,0,0,0,0,0,0,0,0,0,0,0,0,0,0,0
2020-12-22,US,667643,0,0,0,0,0,0,0,0,0,0,0,0,0,0,0,0,0,0,0,0,0,0,0,0,0,0,0,0,0,0,0,0,0,0,0,0,0,0,0,0,0,0,0,0,0,0,0,0,0,0,0,0,0,0,0,0,0,0,0,0,0,0,0,0,0,0,0,0,0,0,0,0,0,0,0,0,0,0,0,0,0,0,0,0,0,0,0,0,0,0,0,0,0,0,0,0,0,0,0,0,0,0,0,0,0,0,0,0,0,0,0,0,0,0,0,0,0,0,0,0,0,0,0,0,0,0
2020-12-23,US,664368,0,0,0,0,0,0,0,0,0,0,0,0,0,0,0,0,0,0,0,0,0,0,0,0,0,0,0,0,0,0,0,0,0,0,0,0,0,0,0,0,0,0,0,0,0,0,0,0,0,0,0,0,0,0,0,0,0,0,0,0,0,0,0,0,0,0,0,0,0,0,0,0,0,0,0,0,0,0,0,0,0,0,0,0,0,0,0,0,0,0,0,0,0,0,0,0,0,0,0,0,0,0,0,0,0,0,0,0,0,0,0,0,0,0,0,0,0,0,0,0,0,0,0,0,0,0
2020-12-24,US,661093,0,0,0,0,0,0,0,0,0,0,0,0,0,0,0,0,0,0,0,0,0,0,0,0,0,0,0,0,0,0,0,0,0,0,0,0,0,0,0,0,0,0,0,0,0,0,0,0,0,0,0,0,0,0,0,0,0,0,0,0,0,0,0,0,0,0,0,0,0,0,0,0,0,0,0,0,0,0,0,0,0,0,0,0,0,0,0,0,0,0,0,0,0,0,0,0,0,0,0,0,0,0,0,0,0,0,0,0,0,0,0,0,0,0,0,0,0,0,0,0,0,0,0,0,0,0
2020-12-25,US,657818,0,0,0,0,0,0,0,0,0,0,0,0,0,0,0,0,0,0,0,0,0,0,0,0,0,0,0,0,0,0,0,0,0,0,0,0,0,0,0,0,0,0,0,0,0,0,0,0,0,0,0,0,0,0,0,0,0,0,0,0,0,0,0,0,0,0,0,0,0,0,0,0,0,0,0,0,0,0,0,0,0,0,0,0,0,0,0,0,0,0,0,0,0,0,0,0,0,0,0,0,0,0,0,0,0,0,0,0,0,0,0,0,0,0,0,0,0,0,0,0,0,0,0,0,0,0
2020-12-26,US,654543,0,0,0,0,0,0,0,0,0,0,0,0,0,0,0,0,0,0,0,0,0,0,0,0,0,0,0,0,0,0,0,0,0,0,0,0,0,0,0,0,0,0,0,0,0,0,0,0,0,0,0,0,0,0,0,0,0,0,0,0,0,0,0,0,0,0,0,0,0,0,0,0,0,0,0,0,0,0,0,0,0,0,0,0,0,0,0,0,0,0,0,0,0,0,0,0,0,0,0,0,0,0,0,0,0,0,0,0,0,0,0,0,0,0,0,0,0,0,0,0,0,0,0,0,0,0
2020-12-27,US,653964,0,0,0,0,0,0,0,0,0,0,0,0,0,0,0,0,0,0,0,0,0,0,0,0,0,0,0,0,0,0,0,0,0,0,0,0,0,0,0,0,0,0,0,0,0,0,0,0,0,0,0,0,0,0,0,0,0,0,0,0,0,0,0,0,0,0,0,0,0,0,0,0,0,0,0,0,0,0,0,0,0,0,0,0,0,0,0,0,0,0,0,0,0,0,0,0,0,0,0,0,0,0,0,0,0,0,0,0,0,0,0,0,0,0,0,0,0,0,0,0,0,0,0,0,0,0
2020-12-28,US,653386,0,0,0,0,0,0,0,0,0,0,0,0,0,0,0,0,0,0,0,0,0,0,0,0,0,0,0,0,0,0,0,0,0,0,0,0,0,0,0,0,0,0,0,0,0,0,0,0,0,0,0,0,0,0,0,0,0,0,0,0,0,0,0,0,0,0,0,0,0,0,0,0,0,0,0,0,0,0,0,0,0,0,0,0,0,0,0,0,0,0,0,0,0,0,0,0,0,0,0,0,0,0,0,0,0,0,0,0,0,0,0,0,0,0,0,0,0,0,0,0,0,0,0,0,0,0
2020-12-29,US,652807,0,0,0,0,0,0,0,0,0,0,0,0,0,0,0,0,0,0,0,0,0,0,0,0,0,0,0,0,0,0,0,0,0,0,0,0,0,0,0,0,0,0,0,0,0,0,0,0,0,0,0,0,0,0,0,0,0,0,0,0,0,0,0,0,0,0,0,0,0,0,0,0,0,0,0,0,0,0,0,0,0,0,0,0,0,0,0,0,0,0,0,0,0,0,0,0,0,0,0,0,0,0,0,0,0,0,0,0,0,0,0,0,0,0,0,0,0,0,0,0,0,0,0,0,0,0
2020-12-30,US,652229,0,0,0,0,0,0,0,0,0,0,0,0,0,0,0,0,0,0,0,0,0,0,0,0,0,0,0,0,0,0,0,0,0,0,0,0,0,0,0,0,0,0,0,0,0,0,0,0,0,0,0,0,0,0,0,0,0,0,0,0,0,0,0,0,0,0,0,0,0,0,0,0,0,0,0,0,0,0,0,0,0,0,0,0,0,0,0,0,0,0,0,0,0,0,0,0,0,0,0,0,0,0,0,0,0,0,0,0,0,0,0,0,0,0,0,0,0,0,0,0,0,0,0,0,0,0
2020-12-31,US,651650,0,0,0,0,0,0,0,0,0,0,0,0,0,0,0,0,0,0,0,0,0,0,0,0,0,0,0,0,0,0,0,0,0,0,0,0,0,0,0,0,0,0,0,0,0,0,0,0,0,0,0,0,0,0,0,0,0,0,0,0,0,0,0,0,0,0,0,0,0,0,0,0,0,0,0,0,0,0,0,0,0,0,0,0,0,0,0,0,0,0,0,0,0,0,0,0,0,0,0,0,0,0,0,0,0,0,0,0,0,0,0,0,0,0,0,0,0,0,0,0,0,0,0,0,0,0
2021-01-01,US,651072,0,0,0,0,0,0,0,0,0,0,0,0,0,0,0,0,0,0,0,0,0,0,0,0,0,0,0,0,0,0,0,0,0,0,0,0,0,0,0,0,0,0,0,0,0,0,0,0,0,0,0,0,0,0,0,0,0,0,0,0,0,0,0,0,0,0,0,0,0,0,0,0,0,0,0,0,0,0,0,0,0,0,0,0,0,0,0,0,0,0,0,0,0,0,0,0,0,0,0,0,0,0,0,0,0,0,0,0,0,0,0,0,0,0,0,0,0,0,0,0,0,0,0,0,0,0
2021-01-02,US,650493,0,0,0,0,0,0,0,0,0,0,0,0,0,0,0,0,0,0,0,0,0,0,0,0,0,0,0,0,0,0,0,0,0,0,0,0,0,0,0,0,0,0,0,0,0,0,0,0,0,0,0,0,0,0,0,0,0,0,0,0,0,0,0,0,0,0,0,0,0,0,0,0,0,0,0,0,0,0,0,0,0,0,0,0,0,0,0,0,0,0,0,0,0,0,0,0,0,0,0,0,0,0,0,0,0,0,0,0,0,0,0,0,0,0,0,0,0,0,0,0,0,0,0,0,0,0
2021-01-03,US,663859,0,0,0,0,0,0,0,0,0,0,0,0,0,0,0,0,0,0,0,0,0,0,0,0,0,0,0,0,0,0,0,0,0,0,0,0,0,0,0,0,0,0,0,0,0,0,0,0,0,0,0,0,0,0,0,0,0,0,0,0,0,0,0,0,0,0,0,0,0,0,0,0,0,0,0,0,0,0,0,0,0,0,0,0,0,0,0,0,0,0,0,0,0,0,0,0,0,0,0,0,0,0,0,0,0,0,0,0,0,0,0,0,0,0,0,0,0,0,0,0,0,0,0,0,0,0
2021-01-04,US,677225,0,0,0,0,0,0,0,0,0,0,0,0,0,0,0,0,0,0,0,0,0,0,0,0,0,0,0,0,0,0,0,0,0,0,0,0,0,0,0,0,0,0,0,0,0,0,0,0,0,0,0,0,0,0,0,0,0,0,0,0,0,0,0,0,0,0,0,0,0,0,0,0,0,0,0,0,0,0,0,0,0,0,0,0,0,0,0,0,0,0,0,0,0,0,0,0,0,0,0,0,0,0,0,0,0,0,0,0,0,0,0,0,0,0,0,0,0,0,0,0,0,0,0,0,0,0
2021-01-05,US,690591,0,0,0,0,0,0,0,0,0,0,0,0,0,0,0,0,0,0,0,0,0,0,0,0,0,0,0,0,0,0,0,0,0,0,0,0,0,0,0,0,0,0,0,0,0,0,0,0,0,0,0,0,0,0,0,0,0,0,0,0,0,0,0,0,0,0,0,0,0,0,0,0,0,0,0,0,0,0,0,0,0,0,0,0,0,0,0,0,0,0,0,0,0,0,0,0,0,0,0,0,0,0,0,0,0,0,0,0,0,0,0,0,0,0,0,0,0,0,0,0,0,0,0,0,0,0
2021-01-06,US,703956,0,0,0,0,0,0,0,0,0,0,0,0,0,0,0,0,0,0,0,0,0,0,0,0,0,0,0,0,0,0,0,0,0,0,0,0,0,0,0,0,0,0,0,0,0,0,0,0,0,0,0,0,0,0,0,0,0,0,0,0,0,0,0,0,0,0,0,0,0,0,0,0,0,0,0,0,0,0,0,0,0,0,0,0,0,0,0,0,0,0,0,0,0,0,0,0,0,0,0,0,0,0,0,0,0,0,0,0,0,0,0,0,0,0,0,0,0,0,0,0,0,0,0,0,0,0
2021-01-07,US,717322,0,0,0,0,0,0,0,0,0,0,0,0,0,0,0,0,0,0,0,0,0,0,0,0,0,0,0,0,0,0,0,0,0,0,0,0,0,0,0,0,0,0,0,0,0,0,0,0,0,0,0,0,0,0,0,0,0,0,0,0,0,0,0,0,0,0,0,0,0,0,0,0,0,0,0,0,0,0,0,0,0,0,0,0,0,0,0,0,0,0,0,0,0,0,0,0,0,0,0,0,0,0,0,0,0,0,0,0,0,0,0,0,0,0,0,0,0,0,0,0,0,0,0,0,0,0
2021-01-08,US,730688,0,0,0,0,0,0,0,0,0,0,0,0,0,0,0,0,0,0,0,0,0,0,0,0,0,0,0,0,0,0,0,0,0,0,0,0,0,0,0,0,0,0,0,0,0,0,0,0,0,0,0,0,0,0,0,0,0,0,0,0,0,0,0,0,0,0,0,0,0,0,0,0,0,0,0,0,0,0,0,0,0,0,0,0,0,0,0,0,0,0,0,0,0,0,0,0,0,0,0,0,0,0,0,0,0,0,0,0,0,0,0,0,0,0,0,0,0,0,0,0,0,0,0,0,0,0
2021-01-09,US,744054,0,0,0,0,0,0,0,0,0,0,0,0,0,0,0,0,0,0,0,0,0,0,0,0,0,0,0,0,0,0,0,0,0,0,0,0,0,0,0,0,0,0,0,0,0,0,0,0,0,0,0,0,0,0,0,0,0,0,0,0,0,0,0,0,0,0,0,0,0,0,0,0,0,0,0,0,0,0,0,0,0,0,0,0,0,0,0,0,0,0,0,0,0,0,0,0,0,0,0,0,0,0,0,0,0,0,0,0,0,0,0,0,0,0,0,0,0,0,0,0,0,0,0,0,0,0
2021-01-10,US,723940,0,0,0,0,0,0,0,0,0,0,0,0,0,0,0,0,0,0,0,0,0,0,0,0,0,0,0,0,0,0,0,0,0,0,0,0,0,0,0,0,0,0,0,0,0,0,0,0,0,0,0,0,0,0,0,0,0,0,0,0,0,0,0,0,0,0,0,0,0,0,0,0,0,0,0,0,0,0,0,0,0,0,0,0,0,0,0,0,0,0,0,0,0,0,0,0,0,0,0,0,0,0,0,0,0,0,0,0,0,0,0,0,0,0,0,0,0,0,0,0,0,0,0,0,0,0
2021-01-11,US,703826,0,0,0,0,0,0,0,0,0,0,0,0,0,0,0,0,0,0,0,0,0,0,0,0,0,0,0,0,0,0,0,0,0,0,0,0,0,0,0,0,0,0,0,0,0,0,0,0,0,0,0,0,0,0,0,0,0,0,0,0,0,0,0,0,0,0,0,0,0,0,0,0,0,0,0,0,0,0,0,0,0,0,0,0,0,0,0,0,0,0,0,0,0,0,0,0,0,0,0,0,0,0,0,0,0,0,0,0,0,0,0,0,0,0,0,0,0,0,0,0,0,0,0,0,0,0
2021-01-12,US,683712,0,0,0,0,0,0,0,0,0,0,0,0,0,0,0,0,0,0,0,0,0,0,0,0,0,0,0,0,0,0,0,0,0,0,0,0,0,0,0,0,0,0,0,0,0,0,0,0,0,0,0,0,0,0,0,0,0,0,0,0,0,0,0,0,0,0,0,0,0,0,0,0,0,0,0,0,0,0,0,0,0,0,0,0,0,0,0,0,0,0,0,0,0,0,0,0,0,0,0,0,0,0,0,0,0,0,0,0,0,0,0,0,0,0,0,0,0,0,0,0,0,0,0,0,0,0
2021-01-13,US,663598,0,0,0,0,0,0,0,0,0,0,0,0,0,0,0,0,0,0,0,0,0,0,0,0,0,0,0,0,0,0,0,0,0,0,0,0,0,0,0,0,0,0,0,0,0,0,0,0,0,0,0,0,0,0,0,0,0,0,0,0,0,0,0,0,0,0,0,0,0,0,0,0,0,0,0,0,0,0,0,0,0,0,0,0,0,0,0,0,0,0,0,0,0,0,0,0,0,0,0,0,0,0,0,0,0,0,0,0,0,0,0,0,0,0,0,0,0,0,0,0,0,0,0,0,0,0
2021-01-14,US,643484,0,0,0,0,0,0,0,0,0,0,0,0,0,0,0,0,0,0,0,0,0,0,0,0,0,0,0,0,0,0,0,0,0,0,0,0,0,0,0,0,0,0,0,0,0,0,0,0,0,0,0,0,0,0,0,0,0,0,0,0,0,0,0,0,0,0,0,0,0,0,0,0,0,0,0,0,0,0,0,0,0,0,0,0,0,0,0,0,0,0,0,0,0,0,0,0,0,0,0,0,0,0,0,0,0,0,0,0,0,0,0,0,0,0,0,0,0,0,0,0,0,0,0,0,0,0
2021-01-15,US,623371,0,0,0,0,0,0,0,0,0,0,0,0,0,0,0,0,0,0,0,0,0,0,0,0,0,0,0,0,0,0,0,0,0,0,0,0,0,0,0,0,0,0,0,0,0,0,0,0,0,0,0,0,0,0,0,0,0,0,0,0,0,0,0,0,0,0,0,0,0,0,0,0,0,0,0,0,0,0,0,0,0,0,0,0,0,0,0,0,0,0,0,0,0,0,0,0,0,0,0,0,0,0,0,0,0,0,0,0,0,0,0,0,0,0,0,0,0,0,0,0,0,0,0,0,0,0
2021-01-16,US,603257,0,0,0,0,0,0,0,0,0,0,0,0,0,0,0,0,0,0,0,0,0,0,0,0,0,0,0,0,0,0,0,0,0,0,0,0,0,0,0,0,0,0,0,0,0,0,0,0,0,0,0,0,0,0,0,0,0,0,0,0,0,0,0,0,0,0,0,0,0,0,0,0,0,0,0,0,0,0,0,0,0,0,0,0,0,0,0,0,0,0,0,0,0,0,0,0,0,0,0,0,0,0,0,0,0,0,0,0,0,0,0,0,0,0,0,0,0,0,0,0,0,0,0,0,0,0
2021-01-17,US,582875,0,0,0,0,0,0,0,0,0,0,0,0,0,0,0,0,0,0,0,0,0,0,0,0,0,0,0,0,0,0,0,0,0,0,0,0,0,0,0,0,0,0,0,0,0,0,0,0,0,0,0,0,0,0,0,0,0,0,0,0,0,0,0,0,0,0,0,0,0,0,0,0,0,0,0,0,0,0,0,0,0,0,0,0,0,0,0,0,0,0,0,0,0,0,0,0,0,0,0,0,0,0,0,0,0,0,0,0,0,0,0,0,0,0,0,0,0,0,0,0,0,0,0,0,0,0
2021-01-18,US,562494,0,0,0,0,0,0,0,0,0,0,0,0,0,0,0,0,0,0,0,0,0,0,0,0,0,0,0,0,0,0,0,0,0,0,0,0,0,0,0,0,0,0,0,0,0,0,0,0,0,0,0,0,0,0,0,0,0,0,0,0,0,0,0,0,0,0,0,0,0,0,0,0,0,0,0,0,0,0,0,0,0,0,0,0,0,0,0,0,0,0,0,0,0,0,0,0,0,0,0,0,0,0,0,0,0,0,0,0,0,0,0,0,0,0,0,0,0,0,0,0,0,0,0,0,0,0
2021-01-19,US,542112,0,0,0,0,0,0,0,0,0,0,0,0,0,0,0,0,0,0,0,0,0,0,0,0,0,0,0,0,0,0,0,0,0,0,0,0,0,0,0,0,0,0,0,0,0,0,0,0,0,0,0,0,0,0,0,0,0,0,0,0,0,0,0,0,0,0,0,0,0,0,0,0,0,0,0,0,0,0,0,0,0,0,0,0,0,0,0,0,0,0,0,0,0,0,0,0,0,0,0,0,0,0,0,0,0,0,0,0,0,0,0,0,0,0,0,0,0,0,0,0,0,0,0,0,0,0
2021-01-20,US,521731,0,0,0,0,0,0,0,0,0,0,0,0,0,0,0,0,0,0,0,0,0,0,0,0,0,0,0,0,0,0,0,0,0,0,0,0,0,0,0,0,0,0,0,0,0,0,0,0,0,0,0,0,0,0,0,0,0,0,0,0,0,0,0,0,0,0,0,0,0,0,0,0,0,0,0,0,0,0,0,0,0,0,0,0,0,0,0,0,0,0,0,0,0,0,0,0,0,0,0,0,0,0,0,0,0,0,0,0,0,0,0,0,0,0,0,0,0,0,0,0,0,0,0,0,0,0
2021-01-21,US,501349,0,0,0,0,0,0,0,0,0,0,0,0,0,0,0,0,0,0,0,0,0,0,0,0,0,0,0,0,0,0,0,0,0,0,0,0,0,0,0,0,0,0,0,0,0,0,0,0,0,0,0,0,0,0,0,0,0,0,0,0,0,0,0,0,0,0,0,0,0,0,0,0,0,0,0,0,0,0,0,0,0,0,0,0,0,0,0,0,0,0,0,0,0,0,0,0,0,0,0,0,0,0,0,0,0,0,0,0,0,0,0,0,0,0,0,0,0,0,0,0,0,0,0,0,0,0
2021-01-22,US,480968,0,0,0,0,0,0,0,0,0,0,0,0,0,0,0,0,0,0,0,0,0,0,0,0,0,0,0,0,0,0,0,0,0,0,0,0,0,0,0,0,0,0,0,0,0,0,0,0,0,0,0,0,0,0,0,0,0,0,0,0,0,0,0,0,0,0,0,0,0,0,0,0,0,0,0,0,0,0,0,0,0,0,0,0,0,0,0,0,0,0,0,0,0,0,0,0,0,0,0,0,0,0,0,0,0,0,0,0,0,0,0,0,0,0,0,0,0,0,0,0,0,0,0,0,0,0
2021-01-23,US,460586,0,0,0,0,0,0,0,0,0,0,0,0,0,0,0,0,0,0,0,0,0,0,0,0,0,0,0,0,0,0,0,0,0,0,0,0,0,0,0,0,0,0,0,0,0,0,0,0,0,0,0,0,0,0,0,0,0,0,0,0,0,0,0,0,0,0,0,0,0,0,0,0,0,0,0,0,0,0,0,0,0,0,0,0,0,0,0,0,0,0,0,0,0,0,0,0,0,0,0,0,0,0,0,0,0,0,0,0,0,0,0,0,0,0,0,0,0,0,0,0,0,0,0,0,0,0
2021-01-24,US,447339,0,0,0,0,0,0,0,0,0,0,0,0,0,0,0,0,0,0,0,0,0,0,0,0,0,0,0,0,0,0,0,0,0,0,0,0,0,0,0,0,0,0,0,0,0,0,0,0,0,0,0,0,0,0,0,0,0,0,0,0,0,0,0,0,0,0,0,0,0,0,0,0,0,0,0,0,0,0,0,0,0,0,0,0,0,0,0,0,0,0,0,0,0,0,0,0,0,0,0,0,0,0,0,0,0,0,0,0,0,0,0,0,0,0,0,0,0,0,0,0,0,0,0,0,0,0
2021-01-25,US,434091,0,0,0,0,0,0,0,0,0,0,0,0,0,0,0,0,0,0,0,0,0,0,0,0,0,0,0,0,0,0,0,0,0,0,0,0,0,0,0,0,0,0,0,0,0,0,0,0,0,0,0,0,0,0,0,0,0,0,0,0,0,0,0,0,0,0,0,0,0,0,0,0,0,0,0,0,0,0,0,0,0,0,0,0,0,0,0,0,0,0,0,0,0,0,0,0,0,0,0,0,0,0,0,0,0,0,0,0,0,0,0,0,0,0,0,0,0,0,0,0,0,0,0,0,0,0
2021-01-26,US,420843,0,0,0,0,0,0,0,0,0,0,0,0,0,0,0,0,0,0,0,0,0,0,0,0,0,0,0,0,0,0,0,0,0,0,0,0,0,0,0,0,0,0,0,0,0,0,0,0,0,0,0,0,0,0,0,0,0,0,0,0,0,0,0,0,0,0,0,0,0,0,0,0,0,0,0,0,0,0,0,0,0,0,0,0,0,0,0,0,0,0,0,0,0,0,0,0,0,0,0,0,0,0,0,0,0,0,0,0,0,0,0,0,0,0,0,0,0,0,0,0,0,0,0,0,0,0
2021-01-27,US,407596,0,0,0,0,0,0,0,0,0,0,0,0,0,0,0,0,0,0,0,0,0,0,0,0,0,0,0,0,0,0,0,0,0,0,0,0,0,0,0,0,0,0,0,0,0,0,0,0,0,0,0,0,0,0,0,0,0,0,0,0,0,0,0,0,0,0,0,0,0,0,0,0,0,0,0,0,0,0,0,0,0,0,0,0,0,0,0,0,0,0,0,0,0,0,0,0,0,0,0,0,0,0,0,0,0,0,0,0,0,0,0,0,0,0,0,0,0,0,0,0,0,0,0,0,0,0
2021-01-28,US,394348,0,0,0,0,0,0,0,0,0,0,0,0,0,0,0,0,0,0,0,0,0,0,0,0,0,0,0,0,0,0,0,0,0,0,0,0,0,0,0,0,0,0,0,0,0,0,0,0,0,0,0,0,0,0,0,0,0,0,0,0,0,0,0,0,0,0,0,0,0,0,0,0,0,0,0,0,0,0,0,0,0,0,0,0,0,0,0,0,0,0,0,0,0,0,0,0,0,0,0,0,0,0,0,0,0,0,0,0,0,0,0,0,0,0,0,0,0,0,0,0,0,0,0,0,0,0
2021-01-29,US,381100,0,0,0,0,0,0,0,0,0,0,0,0,0,0,0,0,0,0,0,0,0,0,0,0,0,0,0,0,0,0,0,0,0,0,0,0,0,0,0,0,0,0,0,0,0,0,0,0,0,0,0,0,0,0,0,0,0,0,0,0,0,0,0,0,0,0,0,0,0,0,0,0,0,0,0,0,0,0,0,0,0,0,0,0,0,0,0,0,0,0,0,0,0,0,0,0,0,0,0,0,0,0,0,0,0,0,0,0,0,0,0,0,0,0,0,0,0,0,0,0,0,0,0,0,0,0
2021-01-30,US,367852,0,0,0,0,0,0,0,0,0,0,0,0,0,0,0,0,0,0,0,0,0,0,0,0,0,0,0,0,0,0,0,0,0,0,0,0,0,0,0,0,0,0,0,0,0,0,0,0,0,0,0,0,0,0,0,0,0,0,0,0,0,0,0,0,0,0,0,0,0,0,0,0,0,0,0,0,0,0,0,0,0,0,0,0,0,0,0,0,0,0,0,0,0,0,0,0,0,0,0,0,0,0,0,0,0,0,0,0,0,0,0,0,0,0,0,0,0,0,0,0,0,0,0,0,0,0
2021-01-31,US,355124,0,0,0,0,0,0,0,0,0,0,0,0,0,0,0,0,0,0,0,0,0,0,0,0,0,0,0,0,0,0,0,0,0,0,0,0,0,0,0,0,0,0,0,0,0,0,0,0,0,0,0,0,0,0,0,0,0,0,0,0,0,0,0,0,0,0,0,0,0,0,0,0,0,0,0,0,0,0,0,0,0,0,0,0,0,0,0,0,0,0,0,0,0,0,0,0,0,0,0,0,0,0,0,0,0,0,0,0,0,0,0,0,0,0,0,0,0,0,0,0,0,0,0,0,0,0
2021-02-01,US,342396,0,0,0,0,0,0,0,0,0,0,0,0,0,0,0,0,0,0,0,0,0,0,0,0,0,0,0,0,0,0,0,0,0,0,0,0,0,0,0,0,0,0,0,0,0,0,0,0,0,0,0,0,0,0,0,0,0,0,0,0,0,0,0,0,0,0,0,0,0,0,0,0,0,0,0,0,0,0,0,0,0,0,0,0,0,0,0,0,0,0,0,0,0,0,0,0,0,0,0,0,0,0,0,0,0,0,0,0,0,0,0,0,0,0,0,0,0,0,0,0,0,0,0,0,0,0
2021-02-02,US,329668,0,0,0,0,0,0,0,0,0,0,0,0,0,0,0,0,0,0,0,0,0,0,0,0,0,0,0,0,0,0,0,0,0,0,0,0,0,0,0,0,0,0,0,0,0,0,0,0,0,0,0,0,0,0,0,0,0,0,0,0,0,0,0,0,0,0,0,0,0,0,0,0,0,0,0,0,0,0,0,0,0,0,0,0,0,0,0,0,0,0,0,0,0,0,0,0,0,0,0,0,0,0,0,0,0,0,0,0,0,0,0,0,0,0,0,0,0,0,0,0,0,0,0,0,0,0
2021-02-03,US,316940,0,0,0,0,0,0,0,0,0,0,0,0,0,0,0,0,0,0,0,0,0,0,0,0,0,0,0,0,0,0,0,0,0,0,0,0,0,0,0,0,0,0,0,0,0,0,0,0,0,0,0,0,0,0,0,0,0,0,0,0,0,0,0,0,0,0,0,0,0,0,0,0,0,0,0,0,0,0,0,0,0,0,0,0,0,0,0,0,0,0,0,0,0,0,0,0,0,0,0,0,0,0,0,0,0,0,0,0,0,0,0,0,0,0,0,0,0,0,0,0,0,0,0,0,0,0
2021-02-04,US,304212,0,0,0,0,0,0,0,0,0,0,0,0,0,0,0,0,0,0,0,0,0,0,0,0,0,0,0,0,0,0,0,0,0,0,0,0,0,0,0,0,0,0,0,0,0,0,0,0,0,0,0,0,0,0,0,0,0,0,0,0,0,0,0,0,0,0,0,0,0,0,0,0,0,0,0,0,0,0,0,0,0,0,0,0,0,0,0,0,0,0,0,0,0,0,0,0,0,0,0,0,0,0,0,0,0,0,0,0,0,0,0,0,0,0,0,0,0,0,0,0,0,0,0,0,0,0
2021-02-05,US,291484,0,0,0,0,0,0,0,0,0,0,0,0,0,0,0,0,0,0,0,0,0,0,0,0,0,0,0,0,0,0,0,0,0,0,0,0,0,0,0,0,0,0,0,0,0,0,0,0,0,0,0,0,0,0,0,0,0,0,0,0,0,0,0,0,0,0,0,0,0,0,0,0,0,0,0,0,0,0,0,0,0,0,0,0,0,0,0,0,0,0,0,0,0,0,0,0,0,0,0,0,0,0,0,0,0,0,0,0,0,0,0,0,0,0,0,0,0,0,0,0,0,0,0,0,0,0
2021-02-06,US,278756,0,0,0,0,0,0,0,0,0,0,0,0,0,0,0,0,0,0,0,0,0,0,0,0,0,0,0,0,0,0,0,0,0,0,0,0,0,0,0,0,0,0,0,0,0,0,0,0,0,0,0,0,0,0,0,0,0,0,0,0,0,0,0,0,0,0,0,0,0,0,0,0,0,0,0,0,0,0,0,0,0,0,0,0,0,0,0,0,0,0,0,0,0,0,0,0,0,0,0,0,0,0,0,0,0,0,0,0,0,0,0,0,0,0,0,0,0,0,0,0,0,0,0,0,0,0
2021-02-07,US,267745,0,0,0,0,0,0,0,0,0,0,0,0,0,0,0,0,0,0,0,0,0,0,0,0,0,0,0,0,0,0,0,0,0,0,0,0,0,0,0,0,0,0,0,0,0,0,0,0,0,0,0,0,0,0,0,0,0,0,0,0,0,0,0,0,0,0,0,0,0,0,0,0,0,0,0,0,0,0,0,0,0,0,0,0,0,0,0,0,0,0,0,0,0,0,0,0,0,0,0,0,0,0,0,0,0,0,0,0,0,0,0,0,0,0,0,0,0,0,0,0,0,0,0,0,0,0
2021-02-08,US,256734,0,0,0,0,0,0,0,0,0,0,0,0,0,0,0,0,0,0,0,0,0,0,0,0,0,0,0,0,0,0,0,0,0,0,0,0,0,0,0,0,0,0,0,0,0,0,0,0,0,0,0,0,0,0,0,0,0,0,0,0,0,0,0,0,0,0,0,0,0,0,0,0,0,0,0,0,0,0,0,0,0,0,0,0,0,0,0,0,0,0,0,0,0,0,0,0,0,0,0,0,0,0,0,0,0,0,0,0,0,0,0,0,0,0,0,0,0,0,0,0,0,0,0,0,0,0
2021-02-09,US,245724,0,0,0,0,0,0,0,0,0,0,0,0,0,0,0,0,0,0,0,0,0,0,0,0,0,0,0,0,0,0,0,0,0,0,0,0,0,0,0,0,0,0,0,0,0,0,0,0,0,0,0,0,0,0,0,0,0,0,0,0,0,0,0,0,0,0,0,0,0,0,0,0,0,0,0,0,0,0,0,0,0,0,0,0,0,0,0,0,0,0,0,0,0,0,0,0,0,0,0,0,0,0,0,0,0,0,0,0,0,0,0,0,0,0,0,0,0,0,0,0,0,0,0,0,0,0
2021-02-10,US,234713,0,0,0,0,0,0,0,0,0,0,0,0,0,0,0,0,0,0,0,0,0,0,0,0,0,0,0,0,0,0,0,0,0,0,0,0,0,0,0,0,0,0,0,0,0,0,0,0,0,0,0,0,0,0,0,0,0,0,0,0,0,0,0,0,0,0,0,0,0,0,0,0,0,0,0,0,0,0,0,0,0,0,0,0,0,0,0,0,0,0,0,0,0,0,0,0,0,0,0,0,0,0,0,0,0,0,0,0,0,0,0,0,0,0,0,0,0,0,0,0,0,0,0,0,0,0
2021-02-11,US,223702,0,0,0,0,0,0,0,0,0,0,0,0,0,0,0,0,0,0,0,0,0,0,0,0,0,0,0,0,0,0,0,0,0,0,0,0,0,0,0,0,0,0,0,0,0,0,0,0,0,0,0,0,0,0,0,0,0,0,0,0,0,0,0,0,0,0,0,0,0,0,0,0,0,0,0,0,0,0,0,0,0,0,0,0,0,0,0,0,0,0,0,0,0,0,0,0,0,0,0,0,0,0,0,0,0,0,0,0,0,0,0,0,0,0,0,0,0,0,0,0,0,0,0,0,0,0
2021-02-12,US,212692,0,0,0,0,0,0,0,0,0,0,0,0,0,0,0,0,0,0,0,0,0,0,0,0,0,0,0,0,0,0,0,0,0,0,0,0,0,0,0,0,0,0,0,0,0,0,0,0,0,0,0,0,0,0,0,0,0,0,0,0,0,0,0,0,0,0,0,0,0,0,0,0,0,0,0,0,0,0,0,0,0,0,0,0,0,0,0,0,0,0,0,0,0,0,0,0,0,0,0,0,0,0,0,0,0,0,0,0,0,0,0,0,0,0,0,0,0,0,0,0,0,0,0,0,0,0
2021-02-13,US,201681,0,0,0,0,0,0,0,0,0,0,0,0,0,0,0,0,0,0,0,0,0,0,0,0,0,0,0,0,0,0,0,0,0,0,0,0,0,0,0,0,0,0,0,0,0,0,0,0,0,0,0,0,0,0,0,0,0,0,0,0,0,0,0,0,0,0,0,0,0,0,0,0,0,0,0,0,0,0,0,0,0,0,0,0,0,0,0,0,0,0,0,0,0,0,0,0,0,0,0,0,0,0,0,0,0,0,0,0,0,0,0,0,0,0,0,0,0,0,0,0,0,0,0,0,0,0
2021-02-14,US,196876,0,0,0,0,0,0,0,0,0,0,0,0,0,0,0,0,0,0,0,0,0,0,0,0,0,0,0,0,0,0,0,0,0,0,0,0,0,0,0,0,0,0,0,0,0,0,0,0,0,0,0,0,0,0,0,0,0,0,0,0,0,0,0,0,0,0,0,0,0,0,0,0,0,0,0,0,0,0,0,0,0,0,0,0,0,0,0,0,0,0,0,0,0,0,0,0,0,0,0,0,0,0,0,0,0,0,0,0,0,0,0,0,0,0,0,0,0,0,0,0,0,0,0,0,0,0
2021-02-15,US,192071,0,0,0,0,0,0,0,0,0,0,0,0,0,0,0,0,0,0,0,0,0,0,0,0,0,0,0,0,0,0,0,0,0,0,0,0,0,0,0,0,0,0,0,0,0,0,0,0,0,0,0,0,0,0,0,0,0,0,0,0,0,0,0,0,0,0,0,0,0,0,0,0,0,0,0,0,0,0,0,0,0,0,0,0,0,0,0,0,0,0,0,0,0,0,0,0,0,0,0,0,0,0,0,0,0,0,0,0,0,0,0,0,0,0,0,0,0,0,0,0,0,0,0,0,0,0
2021-02-16,US,187266,0,0,0,0,0,0,0,0,0,0,0,0,0,0,0,0,0,0,0,0,0,0,0,0,0,0,0,0,0,0,0,0,0,0,0,0,0,0,0,0,0,0,0,0,0,0,0,0,0,0,0,0,0,0,0,0,0,0,0,0,0,0,0,0,0,0,0,0,0,0,0,0,0,0,0,0,0,0,0,0,0,0,0,0,0,0,0,0,0,0,0,0,0,0,0,0,0,0,0,0,0,0,0,0,0,0,0,0,0,0,0,0,0,0,0,0,0,0,0,0,0,0,0,0,0,0
2021-02-17,US,182462,0,0,0,0,0,0,0,0,0,0,0,0,0,0,0,0,0,0,0,0,0,0,0,0,0,0,0,0,0,0,0,0,0,0,0,0,0,0,0,0,0,0,0,0,0,0,0,0,0,0,0,0,0,0,0,0,0,0,0,0,0,0,0,0,0,0,0,0,0,0,0,0,0,0,0,0,0,0,0,0,0,0,0,0,0,0,0,0,0,0,0,0,0,0,0,0,0,0,0,0,0,0,0,0,0,0,0,0,0,0,0,0,0,0,0,0,0,0,0,0,0,0,0,0,0,0
2021-02-18,US,177657,0,0,0,0,0,0,0,0,0,0,0,0,0,0,0,0,0,0,0,0,0,0,0,0,0,0,0,0,0,0,0,0,0,0,0,0,0,0,0,0,0,0,0,0,0,0,0,0,0,0,0,0,0,0,0,0,0,0,0,0,0,0,0,0,0,0,0,0,0,0,0,0,0,0,0,0,0,0,0,0,0,0,0,0,0,0,0,0,0,0,0,0,0,0,0,0,0,0,0,0,0,0,0,0,0,0,0,0,0,0,0,0,0,0,0,0,0,0,0,0,0,0,0,0,0,0
2021-02-19,US,172852,0,0,0,0,0,0,0,0,0,0,0,0,0,0,0,0,0,0,0,0,0,0,0,0,0,0,0,0,0,0,0,0,0,0,0,0,0,0,0,0,0,0,0,0,0,0,0,0,0,0,0,0,0,0,0,0,0,0,0,0,0,0,0,0,0,0,0,0,0,0,0,0,0,0,0,0,0,0,0,0,0,0,0,0,0,0,0,0,0,0,0,0,0,0,0,0,0,0,0,0,0,0,0,0,0,0,0,0,0,0,0,0,0,0,0,0,0,0,0,0,0,0,0,0,0,0
2021-02-20,US,168047,0,0,0,0,0,0,0,0,0,0,0,0,0,0,0,0,0,0,0,0,0,0,0,0,0,0,0,0,0,0,0,0,0,0,0,0,0,0,0,0,0,0,0,0,0,0,0,0,0,0,0,0,0,0,0,0,0,0,0,0,0,0,0,0,0,0,0,0,0,0,0,0,0,0,0,0,0,0,0,0,0,0,0,0,0,0,0,0,0,0,0,0,0,0,0,0,0,0,0,0,0,0,0,0,0,0,0,0,0,0,0,0,0,0,0,0,0,0,0,0,0,0,0,0,0,0
2021-02-21,US,167848,0,0,0,0,0,0,0,0,0,0,0,0,0,0,0,0,0,0,0,0,0,0,0,0,0,0,0,0,0,0,0,0,0,0,0,0,0,0,0,0,0,0,0,0,0,0,0,0,0,0,0,0,0,0,0,0,0,0,0,0,0,0,0,0,0,0,0,0,0,0,0,0,0,0,0,0,0,0,0,0,0,0,0,0,0,0,0,0,0,0,0,0,0,0,0,0,0,0,0,0,0,0,0,0,0,0,0,0,0,0,0,0,0,0,0,0,0,0,0,0,0,0,0,0,0,0
2021-02-22,US,167649,0,0,0,0,0,0,0,0,0,0,0,0,0,0,0,0,0,0,0,0,0,0,0,0,0,0,0,0,0,0,0,0,0,0,0,0,0,0,0,0,0,0,0,0,0,0,0,0,0,0,0,0,0,0,0,0,0,0,0,0,0,0,0,0,0,0,0,0,0,0,0,0,0,0,0,0,0,0,0,0,0,0,0,0,0,0,0,0,0,0,0,0,0,0,0,0,0,0,0,0,0,0,0,0,0,0,0,0,0,0,0,0,0,0,0,0,0,0,0,0,0,0,0,0,0,0
2021-02-23,US,167451,0,0,0,0,0,0,0,0,0,0,0,0,0,0,0,0,0,0,0,0,0,0,0,0,0,0,0,0,0,0,0,0,0,0,0,0,0,0,0,0,0,0,0,0,0,0,0,0,0,0,0,0,0,0,0,0,0,0,0,0,0,0,0,0,0,0,0,0,0,0,0,0,0,0,0,0,0,0,0,0,0,0,0,0,0,0,0,0,0,0,0,0,0,0,0,0,0,0,0,0,0,0,0,0,0,0,0,0,0,0,0,0,0,0,0,0,0,0,0,0,0,0,0,0,0,0
2021-02-24,US,167252,0,0,0,0,0,0,0,0,0,0,0,0,0,0,0,0,0,0,0,0,0,0,0,0,0,0,0,0,0,0,0,0,0,0,0,0,0,0,0,0,0,0,0,0,0,0,0,0,0,0,0,0,0,0,0,0,0,0,0,0,0,0,0,0,0,0,0,0,0,0,0,0,0,0,0,0,0,0,0,0,0,0,0,0,0,0,0,0,0,0,0,0,0,0,0,0,0,0,0,0,0,0,0,0,0,0,0,0,0,0,0,0,0,0,0,0,0,0,0,0,0,0,0,0,0,0
2021-02-25,US,167053,0,0,0,0,0,0,0,0,0,0,0,0,0,0,0,0,0,0,0,0,0,0,0,0,0,0,0,0,0,0,0,0,0,0,0,0,0,0,0,0,0,0,0,0,0,0,0,0,0,0,0,0,0,0,0,0,0,0,0,0,0,0,0,0,0,0,0,0,0,0,0,0,0,0,0,0,0,0,0,0,0,0,0,0,0,0,0,0,0,0,0,0,0,0,0,0,0,0,0,0,0,0,0,0,0,0,0,0,0,0,0,0,0,0,0,0,0,0,0,0,0,0,0,0,0,0
2021-02-26,US,166854,0,0,0,0,0,0,0,0,0,0,0,0,0,0,0,0,0,0,0,0,0,0,0,0,0,0,0,0,0,0,0,0,0,0,0,0,0,0,0,0,0,0,0,0,0,0,0,0,0,0,0,0,0,0,0,0,0,0,0,0,0,0,0,0,0,0,0,0,0,0,0,0,0,0,0,0,0,0,0,0,0,0,0,0,0,0,0,0,0,0,0,0,0,0,0,0,0,0,0,0,0,0,0,0,0,0,0,0,0,0,0,0,0,0,0,0,0,0,0,0,0,0,0,0,0,0
2021-02-27,US,166656,0,0,0,0,0,0,0,0,0,0,0,0,0,0,0,0,0,0,0,0,0,0,0,0,0,0,0,0,0,0,0,0,0,0,0,0,0,0,0,0,0,0,0,0,0,0,0,0,0,0,0,0,0,0,0,0,0,0,0,0,0,0,0,0,0,0,0,0,0,0,0,0,0,0,0,0,0,0,0,0,0,0,0,0,0,0,0,0,0,0,0,0,0,0,0,0,0,0,0,0,0,0,0,0,0,0,0,0,0,0,0,0,0,0,0,0,0,0,0,0,0,0,0,0,0,0
2021-02-28,US,168663,0,0,0,0,0,0,0,0,0,0,0,0,0,0,0,0,0,0,0,0,0,0,0,0,0,0,0,0,0,0,0,0,0,0,0,0,0,0,0,0,0,0,0,0,0,0,0,0,0,0,0,0,0,0,0,0,0,0,0,0,0,0,0,0,0,0,0,0,0,0,0,0,0,0,0,0,0,0,0,0,0,0,0,0,0,0,0,0,0,0,0,0,0,0,0,0,0,0,0,0,0,0,0,0,0,0,0,0,0,0,0,0,0,0,0,0,0,0,0,0,0,0,0,0,0,0
2021-03-01,US,170671,0,0,0,0,0,0,0,0,0,0,0,0,0,0,0,0,0,0,0,0,0,0,0,0,0,0,0,0,0,0,0,0,0,0,0,0,0,0,0,0,0,0,0,0,0,0,0,0,0,0,0,0,0,0,0,0,0,0,0,0,0,0,0,0,0,0,0,0,0,0,0,0,0,0,0,0,0,0,0,0,0,0,0,0,0,0,0,0,0,0,0,0,0,0,0,0,0,0,0,0,0,0,0,0,0,0,0,0,0,0,0,0,0,0,0,0,0,0,0,0,0,0,0,0,0,0
2021-03-02,US,172679,0,0,0,0,0,0,0,0,0,0,0,0,0,0,0,0,0,0,0,0,0,0,0,0,0,0,0,0,0,0,0,0,0,0,0,0,0,0,0,0,0,0,0,0,0,0,0,0,0,0,0,0,0,0,0,0,0,0,0,0,0,0,0,0,0,0,0,0,0,0,0,0,0,0,0,0,0,0,0,0,0,0,0,0,0,0,0,0,0,0,0,0,0,0,0,0,0,0,0,0,0,0,0,0,0,0,0,0,0,0,0,0,0,0,0,0,0,0,0,0,0,0,0,0,0,0
2021-03-03,US,174687,0,0,0,0,0,0,0,0,0,0,0,0,0,0,0,0,0,0,0,0,0,0,0,0,0,0,0,0,0,0,0,0,0,0,0,0,0,0,0,0,0,0,0,0,0,0,0,0,0,0,0,0,0,0,0,0,0,0,0,0,0,0,0,0,0,0,0,0,0,0,0,0,0,0,0,0,0,0,0,0,0,0,0,0,0,0,0,0,0,0,0,0,0,0,0,0,0,0,0,0,0,0,0,0,0,0,0,0,0,0,0,0,0,0,0,0,0,0,0,0,0,0,0,0,0,0
2021-03-04,US,176695,0,0,0,0,0,0,0,0,0,0,0,0,0,0,0,0,0,0,0,0,0,0,0,0,0,0,0,0,0,0,0,0,0,0,0,0,0,0,0,0,0,0,0,0,0,0,0,0,0,0,0,0,0,0,0,0,0,0,0,0,0,0,0,0,0,0,0,0,0,0,0,0,0,0,0,0,0,0,0,0,0,0,0,0,0,0,0,0,0,0,0,0,0,0,0,0,0,0,0,0,0,0,0,0,0,0,0,0,0,0,0,0,0,0,0,0,0,0,0,0,0,0,0,0,0,0
2021-03-05,US,178703,0,0,0,0,0,0,0,0,0,0,0,0,0,0,0,0,0,0,0,0,0,0,0,0,0,0,0,0,0,0,0,0,0,0,0,0,0,0,0,0,0,0,0,0,0,0,0,0,0,0,0,0,0,0,0,0,0,0,0,0,0,0,0,0,0,0,0,0,0,0,0,0,0,0,0,0,0,0,0,0,0,0,0,0,0,0,0,0,0,0,0,0,0,0,0,0,0,0,0,0,0,0,0,0,0,0,0,0,0,0,0,0,0,0,0,0,0,0,0,0,0,0,0,0,0,0
2021-03-06,US,180711,0,0,0,0,0,0,0,0,0,0,0,0,0,0,0,0,0,0,0,0,0,0,0,0,0,0,0,0,0,0,0,0,0,0,0,0,0,0,0,0,0,0,0,0,0,0,0,0,0,0,0,0,0,0,0,0,0,0,0,0,0,0,0,0,0,0,0,0,0,0,0,0,0,0,0,0,0,0,0,0,0,0,0,0,0,0,0,0,0,0,0,0,0,0,0,0,0,0,0,0,0,0,0,0,0,0,0,0,0,0,0,0,0,0,0,0,0,0,0,0,0,0,0,0,0,0
2021-03-07,US,179532,0,0,0,0,0,0,0,0,0,0,0,0,0,0,0,0,0,0,0,0,0,0,0,0,0,0,0,0,0,0,0,0,0,0,0,0,0,0,0,0,0,0,0,0,0,0,0,0,0,0,0,0,0,0,0,0,0,0,0,0,0,0,0,0,0,0,0,0,0,0,0,0,0,0,0,0,0,0,0,0,0,0,0,0,0,0,0,0,0,0,0,0,0,0,0,0,0,0,0,0,0,0,0,0,0,0,0,0,0,0,0,0,0,0,0,0,0,0,0,0,0,0,0,0,0,0
2021-03-08,US,178352,0,0,0,0,0,0,0,0,0,0,0,0,0,0,0,0,0,0,0,0,0,0,0,0,0,0,0,0,0,0,0,0,0,0,0,0,0,0,0,0,0,0,0,0,0,0,0,0,0,0,0,0,0,0,0,0,0,0,0,0,0,0,0,0,0,0,0,0,0,0,0,0,0,0,0,0,0,0,0,0,0,0,0,0,0,0,0,0,0,0,0,0,0,0,0,0,0,0,0,0,0,0,0,0,0,0,0,0,0,0,0,0,0,0,0,0,0,0,0,0,0,0,0,0,0,0
2021-03-09,US,177172,0,0,0,0,0,0,0,0,0,0,0,0,0,0,0,0,0,0,0,0,0,0,0,0,0,0,0,0,0,0,0,0,0,0,0,0,0,0,0,0,0,0,0,0,0,0,0,0,0,0,0,0,0,0,0,0,0,0,0,0,0,0,0,0,0,0,0,0,0,0,0,0,0,0,0,0,0,0,0,0,0,0,0,0,0,0,0,0,0,0,0,0,0,0,0,0,0,0,0,0,0,0,0,0,0,0,0,0,0,0,0,0,0,0,0,0,0,0,0,0,0,0,0,0,0,0
2021-03-10,US,175993,0,0,0,0,0,0,0,0,0,0,0,0,0,0,0,0,0,0,0,0,0,0,0,0,0,0,0,0,0,0,0,0,0,0,0,0,0,0,0,0,0,0,0,0,0,0,0,0,0,0,0,0,0,0,0,0,0,0,0,0,0,0,0,0,0,0,0,0,0,0,0,0,0,0,0,0,0,0,0,0,0,0,0,0,0,0,0,0,0,0,0,0,0,0,0,0,0,0,0,0,0,0,0,0,0,0,0,0,0,0,0,0,0,0,0,0,0,0,0,0,0,0,0,0,0,0
2021-03-11,US,174813,0,0,0,0,0,0,0,0,0,0,0,0,0,0,0,0,0,0,0,0,0,0,0,0,0,0,0,0,0,0,0,0,0,0,0,0,0,0,0,0,0,0,0,0,0,0,0,0,0,0,0,0,0,0,0,0,0,0,0,0,0,0,0,0,0,0,0,0,0,0,0,0,0,0,0,0,0,0,0,0,0,0,0,0,0,0,0,0,0,0,0,0,0,0,0,0,0,0,0,0,0,0,0,0,0,0,0,0,0,0,0,0,0,0,0,0,0,0,0,0,0,0,0,0,0,0
2021-03-12,US,173634,0,0,0,0,0,0,0,0,0,0,0,0,0,0,0,0,0,0,0,0,0,0,0,0,0,0,0,0,0,0,0,0,0,0,0,0,0,0,0,0,0,0,0,0,0,0,0,0,0,0,0,0,0,0,0,0,0,0,0,0,0,0,0,0,0,0,0,0,0,0,0,0,0,0,0,0,0,0,0,0,0,0,0,0,0,0,0,0,0,0,0,0,0,0,0,0,0,0,0,0,0,0,0,0,0,0,0,0,0,0,0,0,0,0,0,0,0,0,0,0,0,0,0,0,0,0
2021-03-13,US,172454,0,0,0,0,0,0,0,0,0,0,0,0,0,0,0,0,0,0,0,0,0,0,0,0,0,0,0,0,0,0,0,0,0,0,0,0,0,0,0,0,0,0,0,0,0,0,0,0,0,0,0,0,0,0,0,0,0,0,0,0,0,0,0,0,0,0,0,0,0,0,0,0,0,0,0,0,0,0,0,0,0,0,0,0,0,0,0,0,0,0,0,0,0,0,0,0,0,0,0,0,0,0,0,0,0,0,0,0,0,0,0,0,0,0,0,0,0,0,0,0,0,0,0,0,0,0
2021-03-14,US,170212,0,0,0,0,0,0,0,0,0,0,0,0,0,0,0,0,0,0,0,0,0,0,0,0,0,0,0,0,0,0,0,0,0,0,0,0,0,0,0,0,0,0,0,0,0,0,0,0,0,0,0,0,0,0,0,0,0,0,0,0,0,0,0,0,0,0,0,0,0,0,0,0,0,0,0,0,0,0,0,0,0,0,0,0,0,0,0,0,0,0,0,0,0,0,0,0,0,0,0,0,0,0,0,0,0,0,0,0,0,0,0,0,0,0,0,0,0,0,0,0,0,0,0,0,0,0
2021-03-15,US,167969,0,0,0,0,0,0,0,0,0,0,0,0,0,0,0,0,0,0,0,0,0,0,0,0,0,0,0,0,0,0,0,0,0,0,0,0,0,0,0,0,0,0,0,0,0,0,0,0,0,0,0,0,0,0,0,0,0,0,0,0,0,0,0,0,0,0,0,0,0,0,0,0,0,0,0,0,0,0,0,0,0,0,0,0,0,0,0,0,0,0,0,0,0,0,0,0,0,0,0,0,0,0,0,0,0,0,0,0,0,0,0,0,0,0,0,0,0,0,0,0,0,0,0,0,0,0
2021-03-16,US,165726,0,0,0,0,0,0,0,0,0,0,0,0,0,0,0,0,0,0,0,0,0,0,0,0,0,0,0,0,0,0,0,0,0,0,0,0,0,0,0,0,0,0,0,0,0,0,0,0,0,0,0,0,0,0,0,0,0,0,0,0,0,0,0,0,0,0,0,0,0,0,0,0,0,0,0,0,0,0,0,0,0,0,0,0,0,0,0,0,0,0,0,0,0,0,0,0,0,0,0,0,0,0,0,0,0,0,0,0,0,0,0,0,0,0,0,0,0,0,0,0,0,0,0,0,0,0
2021-03-17,US,163483,0,0,0,0,0,0,0,0,0,0,0,0,0,0,0,0,0,0,0,0,0,0,0,0,0,0,0,0,0,0,0,0,0,0,0,0,0,0,0,0,0,0,0,0,0,0,0,0,0,0,0,0,0,0,0,0,0,0,0,0,0,0,0,0,0,0,0,0,0,0,0,0,0,0,0,0,0,0,0,0,0,0,0,0,0,0,0,0,0,0,0,0,0,0,0,0,0,0,0,0,0,0,0,0,0,0,0,0,0,0,0,0,0,0,0,0,0,0,0,0,0,0,0,0,0,0
2021-03-18,US,161240,0,0,0,0,0,0,0,0,0,0,0,0,0,0,0,0,0,0,0,0,0,0,0,0,0,0,0,0,0,0,0,0,0,0,0,0,0,0,0,0,0,0,0,0,0,0,0,0,0,0,0,0,0,0,0,0,0,0,0,0,0,0,0,0,0,0,0,0,0,0,0,0,0,0,0,0,0,0,0,0,0,0,0,0,0,0,0,0,0,0,0,0,0,0,0,0,0,0,0,0,0,0,0,0,0,0,0,0,0,0,0,0,0,0,0,0,0,0,0,0,0,0,0,0,0,0
2021-03-19,US,158997,0,0,0,0,0,0,0,0,0,0,0,0,0,0,0,0,0,0,0,0,0,0,0,0,0,0,0,0,0,0,0,0,0,0,0,0,0,0,0,0,0,0,0,0,0,0,0,0,0,0,0,0,0,0,0,0,0,0,0,0,0,0,0,0,0,0,0,0,0,0,0,0,0,0,0,0,0,0,0,0,0,0,0,0,0,0,0,0,0,0,0,0,0,0,0,0,0,0,0,0,0,0,0,0,0,0,0,0,0,0,0,0,0,0,0,0,0,0,0,0,0,0,0,0,0,0
2021-03-20,US,156754,0,0,0,0,0,0,0,0,0,0,0,0,0,0,0,0,0,0,0,0,0,0,0,0,0,0,0,0,0,0,0,0,0,0,0,0,0,0,0,0,0,0,0,0,0,0,0,0,0,0,0,0,0,0,0,0,0,0,0,0,0,0,0,0,0,0,0,0,0,0,0,0,0,0,0,0,0,0,0,0,0,0,0,0,0,0,0,0,0,0,0,0,0,0,0,0,0,0,0,0,0,0,0,0,0,0,0,0,0,0,0,0,0,0,0,0,0,0,0,0,0,0,0,0,0,0
2021-03-21,US,158308,0,0,0,0,0,0,0,0,0,0,0,0,0,0,0,0,0,0,0,0,0,0,0,0,0,0,0,0,0,0,0,0,0,0,0,0,0,0,0,0,0,0,0,0,0,0,0,0,0,0,0,0,0,0,0,0,0,0,0,0,0,0,0,0,0,0,0,0,0,0,0,0,0,0,0,0,0,0,0,0,0,0,0,0,0,0,0,0,0,0,0,0,0,0,0,0,0,0,0,0,0,0,0,0,0,0,0,0,0,0,0,0,0,0,0,0,0,0,0,0,0,0,0,0,0,0
2021-03-22,US,159861,0,0,0,0,0,0,0,0,0,0,0,0,0,0,0,0,0,0,0,0,0,0,0,0,0,0,0,0,0,0,0,0,0,0,0,0,0,0,0,0,0,0,0,0,0,0,0,0,0,0,0,0,0,0,0,0,0,0,0,0,0,0,0,0,0,0,0,0,0,0,0,0,0,0,0,0,0,0,0,0,0,0,0,0,0,0,0,0,0,0,0,0,0,0,0,0,0,0,0,0,0,0,0,0,0,0,0,0,0,0,0,0,0,0,0,0,0,0,0,0,0,0,0,0,0,0
2021-03-23,US,161415,0,0,0,0,0,0,0,0,0,0,0,0,0,0,0,0,0,0,0,0,0,0,0,0,0,0,0,0,0,0,0,0,0,0,0,0,0,0,0,0,0,0,0,0,0,0,0,0,0,0,0,0,0,0,0,0,0,0,0,0,0,0,0,0,0,0,0,0,0,0,0,0,0,0,0,0,0,0,0,0,0,0,0,0,0,0,0,0,0,0,0,0,0,0,0,0,0,0,0,0,0,0,0,0,0,0,0,0,0,0,0,0,0,0,0,0,0,0,0,0,0,0,0,0,0,0
2021-03-24,US,162968,0,0,0,0,0,0,0,0,0,0,0,0,0,0,0,0,0,0,0,0,0,0,0,0,0,0,0,0,0,0,0,0,0,0,0,0,0,0,0,0,0,0,0,0,0,0,0,0,0,0,0,0,0,0,0,0,0,0,0,0,0,0,0,0,0,0,0,0,0,0,0,0,0,0,0,0,0,0,0,0,0,0,0,0,0,0,0,0,0,0,0,0,0,0,0,0,0,0,0,0,0,0,0,0,0,0,0,0,0,0,0,0,0,0,0,0,0,0,0,0,0,0,0,0,0,0
2021-03-25,US,164521,0,0,0,0,0,0,0,0,0,0,0,0,0,0,0,0,0,0,0,0,0,0,0,0,0,0,0,0,0,0,0,0,0,0,0,0,0,0,0,0,0,0,0,0,0,0,0,0,0,0,0,0,0,0,0,0,0,0,0,0,0,0,0,0,0,0,0,0,0,0,0,0,0,0,0,0,0,0,0,0,0,0,0,0,0,0,0,0,0,0,0,0,0,0,0,0,0,0,0,0,0,0,0,0,0,0,0,0,0,0,0,0,0,0,0,0,0,0,0,0,0,0,0,0,0,0
2021-03-26,US,166075,0,0,0,0,0,0,0,0,0,0,0,0,0,0,0,0,0,0,0,0,0,0,0,0,0,0,0,0,0,0,0,0,0,0,0,0,0,0,0,0,0,0,0,0,0,0,0,0,0,0,0,0,0,0,0,0,0,0,0,0,0,0,0,0,0,0,0,0,0,0,0,0,0,0,0,0,0,0,0,0,0,0,0,0,0,0,0,0,0,0,0,0,0,0,0,0,0,0,0,0,0,0,0,0,0,0,0,0,0,0,0,0,0,0,0,0,0,0,0,0,0,0,0,0,0,0
2021-03-27,US,167628,0,0,0,0,0,0,0,0,0,0,0,0,0,0,0,0,0,0,0,0,0,0,0,0,0,0,0,0,0,0,0,0,0,0,0,0,0,0,0,0,0,0,0,0,0,0,0,0,0,0,0,0,0,0,0,0,0,0,0,0,0,0,0,0,0,0,0,0,0,0,0,0,0,0,0,0,0,0,0,0,0,0,0,0,0,0,0,0,0,0,0,0,0,0,0,0,0,0,0,0,0,0,0,0,0,0,0,0,0,0,0,0,0,0,0,0,0,0,0,0,0,0,0,0,0,0
2021-03-28,US,169921,0,0,0,0,0,0,0,0,0,0,0,0,0,0,0,0,0,0,0,0,0,0,0,0,0,0,0,0,0,0,0,0,0,0,0,0,0,0,0,0,0,0,0,0,0,0,0,0,0,0,0,0,0,0,0,0,0,0,0,0,0,0,0,0,0,0,0,0,0,0,0,0,0,0,0,0,0,0,0,0,0,0,0,0,0,0,0,0,0,0,0,0,0,0,0,0,0,0,0,0,0,0,0,0,0,0,0,0,0,0,0,0,0,0,0,0,0,0,0,0,0,0,0,0,0,0
2021-03-29,US,172213,0,0,0,0,0,0,0,0,0,0,0,0,0,0,0,0,0,0,0,0,0,0,0,0,0,0,0,0,0,0,0,0,0,0,0,0,0,0,0,0,0,0,0,0,0,0,0,0,0,0,0,0,0,0,0,0,0,0,0,0,0,0,0,0,0,0,0,0,0,0,0,0,0,0,0,0,0,0,0,0,0,0,0,0,0,0,0,0,0,0,0,0,0,0,0,0,0,0,0,0,0,0,0,0,0,0,0,0,0,0,0,0,0,0,0,0,0,0,0,0,0,0,0,0,0,0
2021-03-30,US,174506,0,0,0,0,0,0,0,0,0,0,0,0,0,0,0,0,0,0,0,0,0,0,0,0,0,0,0,0,0,0,0,0,0,0,0,0,0,0,0,0,0,0,0,0,0,0,0,0,0,0,0,0,0,0,0,0,0,0,0,0,0,0,0,0,0,0,0,0,0,0,0,0,0,0,0,0,0,0,0,0,0,0,0,0,0,0,0,0,0,0,0,0,0,0,0,0,0,0,0,0,0,0,0,0,0,0,0,0,0,0,0,0,0,0,0,0,0,0,0,0,0,0,0,0,0,0
2021-03-31,US,176798,0,0,0,0,0,0,0,0,0,0,0,0,0,0,0,0,0,0,0,0,0,0,0,0,0,0,0,0,0,0,0,0,0,0,0,0,0,0,0,0,0,0,0,0,0,0,0,0,0,0,0,0,0,0,0,0,0,0,0,0,0,0,0,0,0,0,0,0,0,0,0,0,0,0,0,0,0,0,0,0,0,0,0,0,0,0,0,0,0,0,0,0,0,0,0,0,0,0,0,0,0,0,0,0,0,0,0,0,0,0,0,0,0,0,0,0,0,0,0,0,0,0,0,0,0,0
2021-04-01,US,179090,0,0,0,0,0,0,0,0,0,0,0,0,0,0,0,0,0,0,0,0,0,0,0,0,0,0,0,0,0,0,0,0,0,0,0,0,0,0,0,0,0,0,0,0,0,0,0,0,0,0,0,0,0,0,0,0,0,0,0,0,0,0,0,0,0,0,0,0,0,0,0,0,0,0,0,0,0,0,0,0,0,0,0,0,0,0,0,0,0,0,0,0,0,0,0,0,0,0,0,0,0,0,0,0,0,0,0,0,0,0,0,0,0,0,0,0,0,0,0,0,0,0,0,0,0,0
2021-04-02,US,181383,0,0,0,0,0,0,0,0,0,0,0,0,0,0,0,0,0,0,0,0,0,0,0,0,0,0,0,0,0,0,0,0,0,0,0,0,0,0,0,0,0,0,0,0,0,0,0,0,0,0,0,0,0,0,0,0,0,0,0,0,0,0,0,0,0,0,0,0,0,0,0,0,0,0,0,0,0,0,0,0,0,0,0,0,0,0,0,0,0,0,0,0,0,0,0,0,0,0,0,0,0,0,0,0,0,0,0,0,0,0,0,0,0,0,0,0,0,0,0,0,0,0,0,0,0,0
2021-04-03,US,183675,0,0,0,0,0,0,0,0,0,0,0,0,0,0,0,0,0,0,0,0,0,0,0,0,0,0,0,0,0,0,0,0,0,0,0,0,0,0,0,0,0,0,0,0,0,0,0,0,0,0,0,0,0,0,0,0,0,0,0,0,0,0,0,0,0,0,0,0,0,0,0,0,0,0,0,0,0,0,0,0,0,0,0,0,0,0,0,0,0,0,0,0,0,0,0,0,0,0,0,0,0,0,0,0,0,0,0,0,0,0,0,0,0,0,0,0,0,0,0,0,0,0,0,0,0,0
2021-04-04,US,184019,0,0,0,0,0,0,0,0,0,0,0,0,0,0,0,0,0,0,0,0,0,0,0,0,0,0,0,0,0,0,0,0,0,0,0,0,0,0,0,0,0,0,0,0,0,0,0,0,0,0,0,0,0,0,0,0,0,0,0,0,0,0,0,0,0,0,0,0,0,0,0,0,0,0,0,0,0,0,0,0,0,0,0,0,0,0,0,0,0,0,0,0,0,0,0,0,0,0,0,0,0,0,0,0,0,0,0,0,0,0,0,0,0,0,0,0,0,0,0,0,0,0,0,0,0,0
2021-04-05,US,184362,0,0,0,0,0,0,0,0,0,0,0,0,0,0,0,0,0,0,0,0,0,0,0,0,0,0,0,0,0,0,0,0,0,0,0,0,0,0,0,0,0,0,0,0,0,0,0,0,0,0,0,0,0,0,0,0,0,0,0,0,0,0,0,0,0,0,0,0,0,0,0,0,0,0,0,0,0,0,0,0,0,0,0,0,0,0,0,0,0,0,0,0,0,0,0,0,0,0,0,0,0,0,0,0,0,0,0,0,0,0,0,0,0,0,0,0,0,0,0,0,0,0,0,0,0,0
2021-04-06,US,184706,0,0,0,0,0,0,0,0,0,0,0,0,0,0,0,0,0,0,0,0,0,0,0,0,0,0,0,0,0,0,0,0,0,0,0,0,0,0,0,0,0,0,0,0,0,0,0,0,0,0,0,0,0,0,0,0,0,0,0,0,0,0,0,0,0,0,0,0,0,0,0,0,0,0,0,0,0,0,0,0,0,0,0,0,0,0,0,0,0,0,0,0,0,0,0,0,0,0,0,0,0,0,0,0,0,0,0,0,0,0,0,0,0,0,0,0,0,0,0,0,0,0,0,0,0,0
2021-04-07,US,185049,0,0,0,0,0,0,0,0,0,0,0,0,0,0,0,0,0,0,0,0,0,0,0,0,0,0,0,0,0,0,0,0,0,0,0,0,0,0,0,0,0,0,0,0,0,0,0,0,0,0,0,0,0,0,0,0,0,0,0,0,0,0,0,0,0,0,0,0,0,0,0,0,0,0,0,0,0,0,0,0,0,0,0,0,0,0,0,0,0,0,0,0,0,0,0,0,0,0,0,0,0,0,0,0,0,0,0,0,0,0,0,0,0,0,0,0,0,0,0,0,0,0,0,0,0,0
2021-04-08,US,185393,0,0,0,0,0,0,0,0,0,0,0,0,0,0,0,0,0,0,0,0,0,0,0,0,0,0,0,0,0,0,0,0,0,0,0,0,0,0,0,0,0,0,0,0,0,0,0,0,0,0,0,0,0,0,0,0,0,0,0,0,0,0,0,0,0,0,0,0,0,0,0,0,0,0,0,0,0,0,0,0,0,0,0,0,0,0,0,0,0,0,0,0,0,0,0,0,0,0,0,0,0,0,0,0,0,0,0,0,0,0,0,0,0,0,0,0,0,0,0,0,0,0,0,0,0,0
2021-04-09,US,185736,0,0,0,0,0,0,0,0,0,0,0,0,0,0,0,0,0,0,0,0,0,0,0,0,0,0,0,0,0,0,0,0,0,0,0,0,0,0,0,0,0,0,0,0,0,0,0,0,0,0,0,0,0,0,0,0,0,0,0,0,0,0,0,0,0,0,0,0,0,0,0,0,0,0,0,0,0,0,0,0,0,0,0,0,0,0,0,0,0,0,0,0,0,0,0,0,0,0,0,0,0,0,0,0,0,0,0,0,0,0,0,0,0,0,0,0,0,0,0,0,0,0,0,0,0,0
2021-04-10,US,186080,0,0,0,0,0,0,0,0,0,0,0,0,0,0,0,0,0,0,0,0,0,0,0,0,0,0,0,0,0,0,0,0,0,0,0,0,0,0,0,0,0,0,0,0,0,0,0,0,0,0,0,0,0,0,0,0,0,0,0,0,0,0,0,0,0,0,0,0,0,0,0,0,0,0,0,0,0,0,0,0,0,0,0,0,0,0,0,0,0,0,0,0,0,0,0,0,0,0,0,0,0,0,0,0,0,0,0,0,0,0,0,0,0,0,0,0,0,0,0,0,0,0,0,0,0,0
2021-04-11,US,182530,0,0,0,0,0,0,0,0,0,0,0,0,0,0,0,0,0,0,0,0,0,0,0,0,0,0,0,0,0,0,0,0,0,0,0,0,0,0,0,0,0,0,0,0,0,0,0,0,0,0,0,0,0,0,0,0,0,0,0,0,0,0,0,0,0,0,0,0,0,0,0,0,0,0,0,0,0,0,0,0,0,0,0,0,0,0,0,0,0,0,0,0,0,0,0,0,0,0,0,0,0,0,0,0,0,0,0,0,0,0,0,0,0,0,0,0,0,0,0,0,0,0,0,0,0,0
2021-04-12,US,178980,0,0,0,0,0,0,0,0,0,0,0,0,0,0,0,0,0,0,0,0,0,0,0,0,0,0,0,0,0,0,0,0,0,0,0,0,0,0,0,0,0,0,0,0,0,0,0,0,0,0,0,0,0,0,0,0,0,0,0,0,0,0,0,0,0,0,0,0,0,0,0,0,0,0,0,0,0,0,0,0,0,0,0,0,0,0,0,0,0,0,0,0,0,0,0,0,0,0,0,0,0,0,0,0,0,0,0,0,0,0,0,0,0,0,0,0,0,0,0,0,0,0,0,0,0,0
2021-04-13,US,175431,0,0,0,0,0,0,0,0,0,0,0,0,0,0,0,0,0,0,0,0,0,0,0,0,0,0,0,0,0,0,0,0,0,0,0,0,0,0,0,0,0,0,0,0,0,0,0,0,0,0,0,0,0,0,0,0,0,0,0,0,0,0,0,0,0,0,0,0,0,0,0,0,0,0,0,0,0,0,0,0,0,0,0,0,0,0,0,0,0,0,0,0,0,0,0,0,0,0,0,0,0,0,0,0,0,0,0,0,0,0,0,0,0,0,0,0,0,0,0,0,0,0,0,0,0,0
2021-04-14,US,171881,0,0,0,0,0,0,0,0,0,0,0,0,0,0,0,0,0,0,0,0,0,0,0,0,0,0,0,0,0,0,0,0,0,0,0,0,0,0,0,0,0,0,0,0,0,0,0,0,0,0,0,0,0,0,0,0,0,0,0,0,0,0,0,0,0,0,0,0,0,0,0,0,0,0,0,0,0,0,0,0,0,0,0,0,0,0,0,0,0,0,0,0,0,0,0,0,0,0,0,0,0,0,0,0,0,0,0,0,0,0,0,0,0,0,0,0,0,0,0,0,0,0,0,0,0,0
2021-04-15,US,168332,0,0,0,0,0,0,0,0,0,0,0,0,0,0,0,0,0,0,0,0,0,0,0,0,0,0,0,0,0,0,0,0,0,0,0,0,0,0,0,0,0,0,0,0,0,0,0,0,0,0,0,0,0,0,0,0,0,0,0,0,0,0,0,0,0,0,0,0,0,0,0,0,0,0,0,0,0,0,0,0,0,0,0,0,0,0,0,0,0,0,0,0,0,0,0,0,0,0,0,0,0,0,0,0,0,0,0,0,0,0,0,0,0,0,0,0,0,0,0,0,0,0,0,0,0,0
2021-04-16,US,164782,0,0,0,0,0,0,0,0,0,0,0,0,0,0,0,0,0,0,0,0,0,0,0,0,0,0,0,0,0,0,0,0,0,0,0,0,0,0,0,0,0,0,0,0,0,0,0,0,0,0,0,0,0,0,0,0,0,0,0,0,0,0,0,0,0,0,0,0,0,0,0,0,0,0,0,0,0,0,0,0,0,0,0,0,0,0,0,0,0,0,0,0,0,0,0,0,0,0,0,0,0,0,0,0,0,0,0,0,0,0,0,0,0,0,0,0,0,0,0,0,0,0,0,0,0,0
2021-04-17,US,161232,0,0,0,0,0,0,0,0,0,0,0,0,0,0,0,0,0,0,0,0,0,0,0,0,0,0,0,0,0,0,0,0,0,0,0,0,0,0,0,0,0,0,0,0,0,0,0,0,0,0,0,0,0,0,0,0,0,0,0,0,0,0,0,0,0,0,0,0,0,0,0,0,0,0,0,0,0,0,0,0,0,0,0,0,0,0,0,0,0,0,0,0,0,0,0,0,0,0,0,0,0,0,0,0,0,0,0,0,0,0,0,0,0,0,0,0,0,0,0,0,0,0,0,0,0,0
2021-04-18,US,156845,0,0,0,0,0,0,0,0,0,0,0,0,0,0,0,0,0,0,0,0,0,0,0,0,0,0,0,0,0,0,0,0,0,0,0,0,0,0,0,0,0,0,0,0,0,0,0,0,0,0,0,0,0,0,0,0,0,0,0,0,0,0,0,0,0,0,0,0,0,0,0,0,0,0,0,0,0,0,0,0,0,0,0,0,0,0,0,0,0,0,0,0,0,0,0,0,0,0,0,0,0,0,0,0,0,0,0,0,0,0,0,0,0,0,0,0,0,0,0,0,0,0,0,0,0,0
2021-04-19,US,152458,0,0,0,0,0,0,0,0,0,0,0,0,0,0,0,0,0,0,0,0,0,0,0,0,0,0,0,0,0,0,0,0,0,0,0,0,0,0,0,0,0,0,0,0,0,0,0,0,0,0,0,0,0,0,0,0,0,0,0,0,0,0,0,0,0,0,0,0,0,0,0,0,0,0,0,0,0,0,0,0,0,0,0,0,0,0,0,0,0,0,0,0,0,0,0,0,0,0,0,0,0,0,0,0,0,0,0,0,0,0,0,0,0,0,0,0,0,0,0,0,0,0,0,0,0,0
2021-04-20,US,148071,0,0,0,0,0,0,0,0,0,0,0,0,0,0,0,0,0,0,0,0,0,0,0,0,0,0,0,0,0,0,0,0,0,0,0,0,0,0,0,0,0,0,0,0,0,0,0,0,0,0,0,0,0,0,0,0,0,0,0,0,0,0,0,0,0,0,0,0,0,0,0,0,0,0,0,0,0,0,0,0,0,0,0,0,0,0,0,0,0,0,0,0,0,0,0,0,0,0,0,0,0,0,0,0,0,0,0,0,0,0,0,0,0,0,0,0,0,0,0,0,0,0,0,0,0,0
2021-04-21,US,143683,0,0,0,0,0,0,0,0,0,0,0,0,0,0,0,0,0,0,0,0,0,0,0,0,0,0,0,0,0,0,0,0,0,0,0,0,0,0,0,0,0,0,0,0,0,0,0,0,0,0,0,0,0,0,0,0,0,0,0,0,0,0,0,0,0,0,0,0,0,0,0,0,0,0,0,0,0,0,0,0,0,0,0,0,0,0,0,0,0,0,0,0,0,0,0,0,0,0,0,0,0,0,0,0,0,0,0,0,0,0,0,0,0,0,0,0,0,0,0,0,0,0,0,0,0,0
2021-04-22,US,139296,0,0,0,0,0,0,0,0,0,0,0,0,0,0,0,0,0,0,0,0,0,0,0,0,0,0,0,0,0,0,0,0,0,0,0,0,0,0,0,0,0,0,0,0,0,0,0,0,0,0,0,0,0,0,0,0,0,0,0,0,0,0,0,0,0,0,0,0,0,0,0,0,0,0,0,0,0,0,0,0,0,0,0,0,0,0,0,0,0,0,0,0,0,0,0,0,0,0,0,0,0,0,0,0,0,0,0,0,0,0,0,0,0,0,0,0,0,0,0,0,0,0,0,0,0,0
2021-04-23,US,134909,0,0,0,0,0,0,0,0,0,0,0,0,0,0,0,0,0,0,0,0,0,0,0,0,0,0,0,0,0,0,0,0,0,0,0,0,0,0,0,0,0,0,0,0,0,0,0,0,0,0,0,0,0,0,0,0,0,0,0,0,0,0,0,0,0,0,0,0,0,0,0,0,0,0,0,0,0,0,0,0,0,0,0,0,0,0,0,0,0,0,0,0,0,0,0,0,0,0,0,0,0,0,0,0,0,0,0,0,0,0,0,0,0,0,0,0,0,0,0,0,0,0,0,0,0,0
2021-04-24,US,130522,0,0,0,0,0,0,0,0,0,0,0,0,0,0,0,0,0,0,0,0,0,0,0,0,0,0,0,0,0,0,0,0,0,0,0,0,0,0,0,0,0,0,0,0,0,0,0,0,0,0,0,0,0,0,0,0,0,0,0,0,0,0,0,0,0,0,0,0,0,0,0,0,0,0,0,0,0,0,0,0,0,0,0,0,0,0,0,0,0,0,0,0,0,0,0,0,0,0,0,0,0,0,0,0,0,0,0,0,0,0,0,0,0,0,0,0,0,0,0,0,0,0,0,0,0,0
2021-04-25,US,126785,0,0,0,0,0,0,0,0,0,0,0,0,0,0,0,0,0,0,0,0,0,0,0,0,0,0,0,0,0,0,0,0,0,0,0,0,0,0,0,0,0,0,0,0,0,0,0,0,0,0,0,0,0,0,0,0,0,0,0,0,0,0,0,0,0,0,0,0,0,0,0,0,0,0,0,0,0,0,0,0,0,0,0,0,0,0,0,0,0,0,0,0,0,0,0,0,0,0,0,0,0,0,0,0,0,0,0,0,0,0,0,0,0,0,0,0,0,0,0,0,0,0,0,0,0,0
2021-04-26,US,123048,0,0,0,0,0,0,0,0,0,0,0,0,0,0,0,0,0,0,0,0,0,0,0,0,0,0,0,0,0,0,0,0,0,0,0,0,0,0,0,0,0,0,0,0,0,0,0,0,0,0,0,0,0,0,0,0,0,0,0,0,0,0,0,0,0,0,0,0,0,0,0,0,0,0,0,0,0,0,0,0,0,0,0,0,0,0,0,0,0,0,0,0,0,0,0,0,0,0,0,0,0,0,0,0,0,0,0,0,0,0,0,0,0,0,0,0,0,0,0,0,0,0,0,0,0,0
2021-04-27,US,119312,0,0,0,0,0,0,0,0,0,0,0,0,0,0,0,0,0,0,0,0,0,0,0,0,0,0,0,0,0,0,0,0,0,0,0,0,0,0,0,0,0,0,0,0,0,0,0,0,0,0,0,0,0,0,0,0,0,0,0,0,0,0,0,0,0,0,0,0,0,0,0,0,0,0,0,0,0,0,0,0,0,0,0,0,0,0,0,0,0,0,0,0,0,0,0,0,0,0,0,0,0,0,0,0,0,0,0,0,0,0,0,0,0,0,0,0,0,0,0,0,0,0,0,0,0,0
2021-04-28,US,115575,0,0,0,0,0,0,0,0,0,0,0,0,0,0,0,0,0,0,0,0,0,0,0,0,0,0,0,0,0,0,0,0,0,0,0,0,0,0,0,0,0,0,0,0,0,0,0,0,0,0,0,0,0,0,0,0,0,0,0,0,0,0,0,0,0,0,0,0,0,0,0,0,0,0,0,0,0,0,0,0,0,0,0,0,0,0,0,0,0,0,0,0,0,0,0,0,0,0,0,0,0,0,0,0,0,0,0,0,0,0,0,0,0,0,0,0,0,0,0,0,0,0,0,0,0,0
2021-04-29,US,111838,0,0,0,0,0,0,0,0,0,0,0,0,0,0,0,0,0,0,0,0,0,0,0,0,0,0,0,0,0,0,0,0,0,0,0,0,0,0,0,0,0,0,0,0,0,0,0,0,0,0,0,0,0,0,0,0,0,0,0,0,0,0,0,0,0,0,0,0,0,0,0,0,0,0,0,0,0,0,0,0,0,0,0,0,0,0,0,0,0,0,0,0,0,0,0,0,0,0,0,0,0,0,0,0,0,0,0,0,0,0,0,0,0,0,0,0,0,0,0,0,0,0,0,0,0,0
2021-04-30,US,108101,0,0,0,0,0,0,0,0,0,0,0,0,0,0,0,0,0,0,0,0,0,0,0,0,0,0,0,0,0,0,0,0,0,0,0,0,0,0,0,0,0,0,0,0,0,0,0,0,0,0,0,0,0,0,0,0,0,0,0,0,0,0,0,0,0,0,0,0,0,0,0,0,0,0,0,0,0,0,0,0,0,0,0,0,0,0,0,0,0,0,0,0,0,0,0,0,0,0,0,0,0,0,0,0,0,0,0,0,0,0,0,0,0,0,0,0,0,0,0,0,0,0,0,0,0,0
2021-05-01,US,104365,0,0,0,0,0,0,0,0,0,0,0,0,0,0,0,0,0,0,0,0,0,0,0,0,0,0,0,0,0,0,0,0,0,0,0,0,0,0,0,0,0,0,0,0,0,0,0,0,0,0,0,0,0,0,0,0,0,0,0,0,0,0,0,0,0,0,0,0,0,0,0,0,0,0,0,0,0,0,0,0,0,0,0,0,0,0,0,0,0,0,0,0,0,0,0,0,0,0,0,0,0,0,0,0,0,0,0,0,0,0,0,0,0,0,0,0,0,0,0,0,0,0,0,0,0,0
2021-05-02,US,100187,0,0,0,0,0,0,0,0,0,0,0,0,0,0,0,0,0,0,0,0,0,0,0,0,0,0,0,0,0,0,0,0,0,0,0,0,0,0,0,0,0,0,0,0,0,0,0,0,0,0,0,0,0,0,0,0,0,0,0,0,0,0,0,0,0,0,0,0,0,0,0,0,0,0,0,0,0,0,0,0,0,0,0,0,0,0,0,0,0,0,0,0,0,0,0,0,0,0,0,0,0,0,0,0,0,0,0,0,0,0,0,0,0,0,0,0,0,0,0,0,0,0,0,0,0,0
2021-05-03,US,96009,0,0,0,0,0,0,0,0,0,0,0,0,0,0,0,0,0,0,0,0,0,0,0,0,0,0,0,0,0,0,0,0,0,0,0,0,0,0,0,0,0,0,0,0,0,0,0,0,0,0,0,0,0,0,0,0,0,0,0,0,0,0,0,0,0,0,0,0,0,0,0,0,0,0,0,0,0,0,0,0,0,0,0,0,0,0,0,0,0,0,0,0,0,0,0,0,0,0,0,0,0,0,0,0,0,0,0,0,0,0,0,0,0,0,0,0,0,0,0,0,0,0,0,0,0,0
2021-05-04,US,91831,0,0,0,0,0,0,0,0,0,0,0,0,0,0,0,0,0,0,0,0,0,0,0,0,0,0,0,0,0,0,0,0,0,0,0,0,0,0,0,0,0,0,0,0,0,0,0,0,0,0,0,0,0,0,0,0,0,0,0,0,0,0,0,0,0,0,0,0,0,0,0,0,0,0,0,0,0,0,0,0,0,0,0,0,0,0,0,0,0,0,0,0,0,0,0,0,0,0,0,0,0,0,0,0,0,0,0,0,0,0,0,0,0,0,0,0,0,0,0,0,0,0,0,0,0,0
2021-05-05,US,87653,0,0,0,0,0,0,0,0,0,0,0,0,0,0,0,0,0,0,0,0,0,0,0,0,0,0,0,0,0,0,0,0,0,0,0,0,0,0,0,0,0,0,0,0,0,0,0,0,0,0,0,0,0,0,0,0,0,0,0,0,0,0,0,0,0,0,0,0,0,0,0,0,0,0,0,0,0,0,0,0,0,0,0,0,0,0,0,0,0,0,0,0,0,0,0,0,0,0,0,0,0,0,0,0,0,0,0,0,0,0,0,0,0,0,0,0,0,0,0,0,0,0,0,0,0,0
2021-05-06,US,83475,0,0,0,0,0,0,0,0,0,0,0,0,0,0,0,0,0,0,0,0,0,0,0,0,0,0,0,0,0,0,0,0,0,0,0,0,0,0,0,0,0,0,0,0,0,0,0,0,0,0,0,0,0,0,0,0,0,0,0,0,0,0,0,0,0,0,0,0,0,0,0,0,0,0,0,0,0,0,0,0,0,0,0,0,0,0,0,0,0,0,0,0,0,0,0,0,0,0,0,0,0,0,0,0,0,0,0,0,0,0,0,0,0,0,0,0,0,0,0,0,0,0,0,0,0,0
2021-05-07,US,79297,0,0,0,0,0,0,0,0,0,0,0,0,0,0,0,0,0,0,0,0,0,0,0,0,0,0,0,0,0,0,0,0,0,0,0,0,0,0,0,0,0,0,0,0,0,0,0,0,0,0,0,0,0,0,0,0,0,0,0,0,0,0,0,0,0,0,0,0,0,0,0,0,0,0,0,0,0,0,0,0,0,0,0,0,0,0,0,0,0,0,0,0,0,0,0,0,0,0,0,0,0,0,0,0,0,0,0,0,0,0,0,0,0,0,0,0,0,0,0,0,0,0,0,0,0,0
2021-05-08,US,75119,0,0,0,0,0,0,0,0,0,0,0,0,0,0,0,0,0,0,0,0,0,0,0,0,0,0,0,0,0,0,0,0,0,0,0,0,0,0,0,0,0,0,0,0,0,0,0,0,0,0,0,0,0,0,0,0,0,0,0,0,0,0,0,0,0,0,0,0,0,0,0,0,0,0,0,0,0,0,0,0,0,0,0,0,0,0,0,0,0,0,0,0,0,0,0,0,0,0,0,0,0,0,0,0,0,0,0,0,0,0,0,0,0,0,0,0,0,0,0,0,0,0,0,0,0,0
2021-05-09,US,73677,0,0,0,0,0,0,0,0,0,0,0,0,0,0,0,0,0,0,0,0,0,0,0,0,0,0,0,0,0,0,0,0,0,0,0,0,0,0,0,0,0,0,0,0,0,0,0,0,0,0,0,0,0,0,0,0,0,0,0,0,0,0,0,0,0,0,0,0,0,0,0,0,0,0,0,0,0,0,0,0,0,0,0,0,0,0,0,0,0,0,0,0,0,0,0,0,0,0,0,0,0,0,0,0,0,0,0,0,0,0,0,0,0,0,0,0,0,0,0,0,0,0,0,0,0,0
2021-05-10,US,72234,0,0,0,0,0,0,0,0,0,0,0,0,0,0,0,0,0,0,0,0,0,0,0,0,0,0,0,0,0,0,0,0,0,0,0,0,0,0,0,0,0,0,0,0,0,0,0,0,0,0,0,0,0,0,0,0,0,0,0,0,0,0,0,0,0,0,0,0,0,0,0,0,0,0,0,0,0,0,0,0,0,0,0,0,0,0,0,0,0,0,0,0,0,0,0,0,0,0,0,0,0,0,0,0,0,0,0,0,0,0,0,0,0,0,0,0,0,0,0,0,0,0,0,0,0,0
2021-05-11,US,70791,0,0,0,0,0,0,0,0,0,0,0,0,0,0,0,0,0,0,0,0,0,0,0,0,0,0,0,0,0,0,0,0,0,0,0,0,0,0,0,0,0,0,0,0,0,0,0,0,0,0,0,0,0,0,0,0,0,0,0,0,0,0,0,0,0,0,0,0,0,0,0,0,0,0,0,0,0,0,0,0,0,0,0,0,0,0,0,0,0,0,0,0,0,0,0,0,0,0,0,0,0,0,0,0,0,0,0,0,0,0,0,0,0,0,0,0,0,0,0,0,0,0,0,0,0,0
2021-05-12,US,69349,0,0,0,0,0,0,0,0,0,0,0,0,0,0,0,0,0,0,0,0,0,0,0,0,0,0,0,0,0,0,0,0,0,0,0,0,0,0,0,0,0,0,0,0,0,0,0,0,0,0,0,0,0,0,0,0,0,0,0,0,0,0,0,0,0,0,0,0,0,0,0,0,0,0,0,0,0,0,0,0,0,0,0,0,0,0,0,0,0,0,0,0,0,0,0,0,0,0,0,0,0,0,0,0,0,0,0,0,0,0,0,0,0,0,0,0,0,0,0,0,0,0,0,0,0,0
2021-05-13,US,67906,0,0,0,0,0,0,0,0,0,0,0,0,0,0,0,0,0,0,0,0,0,0,0,0,0,0,0,0,0,0,0,0,0,0,0,0,0,0,0,0,0,0,0,0,0,0,0,0,0,0,0,0,0,0,0,0,0,0,0,0,0,0,0,0,0,0,0,0,0,0,0,0,0,0,0,0,0,0,0,0,0,0,0,0,0,0,0,0,0,0,0,0,0,0,0,0,0,0,0,0,0,0,0,0,0,0,0,0,0,0,0,0,0,0,0,0,0,0,0,0,0,0,0,0,0,0
2021-05-14,US,66463,0,0,0,0,0,0,0,0,0,0,0,0,0,0,0,0,0,0,0,0,0,0,0,0,0,0,0,0,0,0,0,0,0,0,0,0,0,0,0,0,0,0,0,0,0,0,0,0,0,0,0,0,0,0,0,0,0,0,0,0,0,0,0,0,0,0,0,0,0,0,0,0,0,0,0,0,0,0,0,0,0,0,0,0,0,0,0,0,0,0,0,0,0,0,0,0,0,0,0,0,0,0,0,0,0,0,0,0,0,0,0,0,0,0,0,0,0,0,0,0,0,0,0,0,0,0
2021-05-15,US,65021,0,0,0,0,0,0,0,0,0,0,0,0,0,0,0,0,0,0,0,0,63280,0,0,0,0,0,0,0,0,0,0,0,0,0,0,0,4,0,0,0,0,0,0,0,0,0,0,0,0,0,0,0,0,0,0,0,0,0,0,0,0,0,0,0,0,0,0,0,0,0,0,0,0,0,0,0,0,0,0,0,0,0,0,0,0,0,0,0,0,0,0,0,0,0,9,0,0,0,0,0,0,0,0,0,0,0,0,0,0,0,0,0,0,0,0,0,0,0,0,0,0,0,0,1727,0,0
2021-05-16,US,63328,0,0,0,0,0,0,0,0,0,0,0,0,0,0,0,0,0,0,0,0,61415,0,0,0,0,0,0,0,0,0,0,0,0,0,0,0,5,0,0,0,0,0,0,0,0,0,0,0,0,0,0,0,0,0,0,0,0,0,0,0,0,0,0,0,0,0,0,0,0,0,0,0,0,0,0,0,0,0,0,0,0,0,0,0,0,0,0,0,0,0,0,0,0,0,9,0,0,0,0,0,0,0,0,0,0,0,0,0,0,0,0,0,0,0,0,0,0,0,0,0,0,0,0,1900,0,0
2021-05-17,US,61636,0,0,0,0,0,0,0,0,0,0,0,0,0,0,0,0,0,0,0,0,59562,0,0,0,0,0,0,0,0,0,0,0,0,0,0,0,5,0,0,0,0,0,0,0,0,0,0,0,0,0,0,0,0,0,0,0,0,0,0,0,0,0,0,0,0,0,0,0,0,0,0,0,0,0,0,0,0,0,0,0,0,0,0,0,0,0,0,0,0,0,0,0,0,0,8,0,0,0,0,0,0,0,0,0,0,0,0,0,0,0,0,0,0,0,0,0,0,0,0,0,0,0,0,2060,0,0
2021-05-18,US,59943,0,0,0,0,0,0,0,0,0,0,0,0,0,0,0,0,0,0,0,0,57721,0,0,0,0,0,0,0,0,0,0,0,0,0,0,0,5,0,0,0,0,0,0,0,0,0,0,0,0,0,0,0,0,0,0,0,0,0,0,0,0,0,0,0,0,0,0,0,0,0,0,0,0,0,0,0,0,0,0,0,0,0,0,0,0,0,0,0,0,0,0,0,0,0,8,0,0,0,0,0,0,0,0,0,0,0,0,0,0,0,0,0,0,0,0,0,0,0,0,0,0,0,0,2209,0,0
2021-05-19,US,58250,0,0,0,0,0,0,0,0,0,0,0,0,0,0,0,0,0,0,0,0,55891,0,0,0,0,0,0,0,0,0,0,0,0,0,0,0,5,0,0,0,0,0,0,0,0,0,0,0,0,0,0,0,0,0,0,0,0,0,0,0,0,0,0,0,0,0,0,0,0,0,0,0,0,0,0,0,0,0,0,0,0,0,0,0,0,0,0,0,0,0,0,0,0,0,8,0,0,0,0,0,0,0,0,0,0,0,0,0,0,0,0,0,0,0,0,0,0,0,0,0,0,0,0,2347,0,0
2021-05-20,US,56558,0,0,0,0,0,0,0,0,0,0,0,0,0,0,0,0,0,0,0,0,54073,0,0,0,0,0,0,0,0,0,0,0,0,0,0,0,5,0,0,0,0,0,0,0,0,0,0,0,0,0,0,0,0,0,0,0,0,0,0,0,0,0,0,0,0,0,0,0,0,0,0,0,0,0,0,0,0,0,0,0,0,0,0,0,0,0,0,0,0,0,0,0,0,0,8,0,0,0,0,0,0,0,0,0,0,0,0,0,0,0,0,0,0,0,0,0,0,0,0,0,0,0,0,2472,0,0
2021-05-21,US,54865,0,0,0,0,0,0,0,0,0,0,0,0,0,0,0,0,0,0,0,0,52266,0,0,0,0,0,0,0,0,0,0,0,0,0,0,0,5,0,0,0,0,0,0,0,0,0,0,0,0,0,0,0,0,0,0,0,0,0,0,0,0,0,0,0,0,0,0,0,0,0,0,0,0,0,0,0,0,0,0,0,0,0,0,0,0,0,0,0,0,0,0,0,0,0,7,0,0,0,0,0,0,0,0,0,0,0,0,0,0,0,0,0,0,0,0,0,0,0,0,0,0,0,0,2587,0,0
2021-05-22,US,53173,0,0,0,0,0,0,0,0,0,0,0,0,0,0,0,0,0,0,0,0,50471,0,0,0,0,0,0,0,0,0,0,0,0,0,0,0,5,0,0,0,0,0,0,0,0,0,0,0,0,0,0,0,0,0,0,0,0,0,0,0,0,0,0,0,0,0,0,0,0,0,0,0,0,0,0,0,0,0,0,0,0,0,0,0,0,0,0,0,0,0,0,0,0,0,7,0,0,0,0,0,0,0,0,0,0,0,0,0,0,0,0,0,0,0,0,0,0,0,0,0,0,0,0,2689,0,0
2021-05-23,US,50752,0,0,0,0,0,0,0,0,0,0,0,0,0,0,0,0,0,0,0,0,47999,0,0,0,0,0,0,0,0,0,0,0,0,0,0,0,5,0,0,0,0,0,0,0,0,0,0,0,0,0,0,0,0,0,0,0,0,0,0,0,0,0,0,0,0,0,0,0,0,0,0,0,0,0,0,0,0,0,0,0,0,0,0,0,0,0,0,0,0,0,0,0,0,0,7,0,0,0,0,0,0,0,0,0,0,0,0,0,0,0,0,0,0,0,0,0,0,0,0,0,0,0,0,2741,0,0
2021-05-24,US,48331,0,0,0,0,0,0,0,0,0,0,0,0,0,0,0,0,0,0,0,0,45544,0,0,0,0,0,0,0,0,0,0,0,0,0,0,0,5,0,0,0,0,0,0,0,0,0,0,0,0,0,0,0,0,0,0,0,0,0,0,0,0,0,0,0,0,0,0,0,0,0,0,0,0,0,0,0,0,0,0,0,0,0,0,0,0,0,0,0,0,0,0,0,0,0,7,0,0,0,0,0,0,0,0,0,0,0,0,0,0,0,0,0,0,0,0,0,0,0,0,0,0,0,0,2776,0,0
2021-05-25,US,45910,0,0,0,0,0,0,0,0,0,0,0,0,0,0,0,0,0,0,0,0,43105,0,0,0,0,0,0,0,0,0,0,0,0,0,0,0,5,0,0,0,0,0,0,0,0,0,0,0,0,0,0,0,0,0,0,0,0,0,0,0,0,0,0,0,0,0,0,0,0,0,0,0,0,0,0,0,0,0,0,0,0,0,0,0,0,0,0,0,0,0,0,0,0,0,6,0,0,0,0,0,0,0,0,0,0,0,0,0,0,0,0,0,0,0,0,0,0,0,0,0,0,0,0,2794,0,0
2021-05-26,US,43489,0,0,0,0,0,0,0,0,0,0,0,0,0,0,0,0,0,0,0,0,40683,0,0,0,0,0,0,0,0,0,0,0,0,0,0,0,5,0,0,0,0,0,0,0,0,0,0,0,0,0,0,0,0,0,0,0,0,0,0,0,0,0,0,0,0,0,0,0,0,0,0,0,0,0,0,0,0,0,0,0,0,0,0,0,0,0,0,0,0,0,0,0,0,0,6,0,0,0,0,0,0,0,0,0,0,0,0,0,0,0,0,0,0,0,0,0,0,0,0,0,0,0,0,2796,0,0
2021-05-27,US,41069,0,0,0,0,0,0,0,0,0,0,0,0,0,0,0,0,0,0,0,0,38277,0,0,0,0,0,0,0,0,0,0,0,0,0,0,0,5,0,0,0,0,0,0,0,0,0,0,0,0,0,0,0,0,0,0,0,0,0,0,0,0,0,0,0,0,0,0,0,0,0,0,0,0,0,0,0,0,0,0,0,0,0,0,0,0,0,0,0,0,0,0,0,0,0,6,0,0,0,0,0,0,0,0,0,0,0,0,0,0,0,0,0,0,0,0,0,0,0,0,0,0,0,0,2781,0,0
2021-05-28,US,38648,0,0,0,0,0,0,0,0,0,0,0,0,0,0,0,0,0,0,0,0,35888,0,0,0,0,0,0,0,0,0,0,0,0,0,0,0,5,0,0,0,0,0,0,0,0,0,0,0,0,0,0,0,0,0,0,0,0,0,0,0,0,0,0,0,0,0,0,0,0,0,0,0,0,0,0,0,0,0,0,0,0,0,0,0,0,0,0,0,0,0,0,0,0,0,5,0,0,0,0,0,0,0,0,0,0,0,0,0,0,0,0,0,0,0,0,0,0,0,0,0,0,0,0,2750,0,0
2021-05-29,US,36227,0,0,0,0,0,0,0,0,0,0,0,0,0,0,0,0,0,0,0,0,33516,0,0,0,0,0,0,0,0,0,0,0,0,0,0,0,4,0,0,0,0,0,0,0,0,0,0,0,0,0,0,0,0,0,0,0,0,0,0,0,0,0,0,0,0,0,0,0,0,0,0,0,0,0,0,0,0,0,0,0,0,0,0,0,0,0,0,0,0,0,0,0,0,0,5,0,0,0,0,0,0,0,0,0,0,0,0,0,0,0,0,0,0,0,0,0,0,0,0,0,0,0,0,2702,0,0
2021-05-30,US,36510,0,0,0,0,0,0,0,0,0,0,0,0,0,0,0,0,0,0,0,0,33653,0,0,0,0,0,0,0,0,0,0,0,0,0,0,0,5,0,0,0,0,0,0,0,0,0,0,0,0,0,0,0,0,0,0,0,0,0,0,0,0,0,0,0,0,0,0,0,0,0,0,0,0,0,0,0,0,0,0,0,0,0,0,0,0,0,0,0,0,0,0,0,0,0,5,0,0,0,0,0,0,0,0,0,0,0,0,0,0,0,0,0,0,0,0,0,0,0,0,0,0,0,0,2848,0,0
2021-05-31,US,36794,0,0,0,0,0,0,0,0,0,0,0,0,0,0,0,0,0,0,0,0,33788,0,0,0,0,0,0,0,0,0,0,0,0,0,0,0,5,0,0,0,0,0,0,0,0,0,0,0,0,0,0,0,0,0,0,0,0,0,0,0,0,0,0,0,0,0,0,0,0,0,0,0,0,0,0,0,0,0,0,0,0,0,0,0,0,0,0,0,0,0,0,0,0,0,5,0,0,0,0,0,0,0,0,0,0,0,0,0,0,0,0,0,0,0,0,0,0,0,0,0,0,0,0,2997,0,0
2021-06-01,US,37077,0,0,0,0,0,0,0,0,0,0,0,0,0,0,0,0,0,0,0,0,33921,0,0,0,0,0,0,0,0,0,0,0,0,0,0,0,5,0,0,0,0,0,0,0,0,0,0,0,0,0,0,0,0,0,0,0,0,0,0,0,0,0,0,0,0,0,0,0,0,0,0,0,0,0,0,0,0,0,0,0,0,0,0,0,0,0,0,0,0,0,0,0,0,0,5,0,0,0,0,0,0,0,0,0,0,0,0,0,0,0,0,0,0,0,0,0,0,0,0,0,0,0,0,3147,0,0
2021-06-02,US,37361,0,0,0,0,0,0,0,0,0,0,0,0,0,0,0,0,0,0,0,0,34052,0,0,0,0,0,0,0,0,0,0,0,0,0,0,0,5,0,0,0,0,0,0,0,0,0,0,0,0,0,0,0,0,0,0,0,0,0,0,0,0,0,0,0,0,0,0,0,0,0,0,0,0,0,0,0,0,0,0,0,0,0,0,0,0,0,0,0,0,0,0,0,0,0,5,0,0,0,0,0,0,0,0,0,0,0,0,0,0,0,0,0,0,0,0,0,0,0,0,0,0,0,0,3299,0,0
2021-06-03,US,37644,0,0,0,0,0,0,0,0,0,0,0,0,0,0,0,0,0,0,0,0,34181,0,0,0,0,0,0,0,0,0,0,0,0,0,0,0,5,0,0,0,0,0,0,0,0,0,0,0,0,0,0,0,0,0,0,0,0,0,0,0,0,0,0,0,0,0,0,0,0,0,0,0,0,0,0,0,0,0,0,0,0,0,0,0,0,0,0,0,0,0,0,0,0,0,5,0,0,0,0,0,0,0,0,0,0,0,0,0,0,0,0,0,0,0,0,0,0,0,0,0,0,0,0,3453,0,0
2021-06-04,US,37928,0,0,0,0,0,0,0,0,0,0,0,0,0,0,0,0,0,0,0,0,34308,0,0,0,0,0,0,0,0,0,0,0,0,0,0,0,5,0,0,0,0,0,0,0,0,0,0,0,0,0,0,0,0,0,0,0,0,0,0,0,0,0,0,0,0,0,0,0,0,0,0,0,0,0,0,0,0,0,0,0,0,0,0,0,0,0,0,0,0,0,0,0,0,0,5,0,0,0,0,0,0,0,0,0,0,0,0,0,0,0,0,0,0,0,0,0,0,0,0,0,0,0,0,3609,0,0
2021-06-05,US,38211,0,0,0,0,0,0,0,0,0,0,0,0,0,0,0,0,0,0,0,0,34433,0,0,0,0,0,0,0,0,0,0,0,0,0,0,0,6,0,0,0,0,0,0,0,0,0,0,0,0,0,0,0,0,0,0,0,0,0,0,0,0,0,0,0,0,0,0,0,0,0,0,0,0,0,0,0,0,0,0,0,0,0,0,0,0,0,0,0,0,0,0,0,0,0,5,0,0,0,0,0,0,0,0,0,0,0,0,0,0,0,0,0,0,0,0,0,0,0,0,0,0,0,0,3767,0,0
2021-06-06,US,39789,0,0,0,0,0,0,0,0,0,0,0,0,0,0,0,0,0,0,0,0,35718,0,0,0,0,0,0,0,0,0,0,0,0,0,0,0,6,0,0,0,0,0,0,0,0,0,0,0,0,0,0,0,0,0,0,0,0,0,0,0,0,0,0,0,0,0,0,0,0,0,0,0,0,0,0,0,0,0,0,0,0,0,0,0,0,0,0,0,0,0,0,0,0,0,6,0,0,0,0,0,0,0,0,0,0,0,0,0,0,0,0,0,0,0,0,0,0,0,0,0,0,0,0,4059,0,0
2021-06-07,US,41367,0,0,0,0,0,0,0,0,0,0,0,0,0,0,0,0,0,0,0,0,36992,0,0,0,0,0,0,0,0,0,0,0,0,0,0,0,6,0,0,0,0,0,0,0,0,0,0,0,0,0,0,0,0,0,0,0,0,0,0,0,0,0,0,0,0,0,0,0,0,0,0,0,0,0,0,0,0,0,0,0,0,0,0,0,0,0,0,0,0,0,0,0,0,0,6,0,0,0,0,0,0,0,0,0,0,0,0,0,0,0,0,0,0,0,0,0,0,0,0,0,0,0,0,4362,0,0
2021-06-08,US,42944,0,0,0,0,0,0,0,0,0,0,0,0,0,0,0,0,0,0,0,0,38256,0,0,0,0,0,0,0,0,0,0,0,0,0,0,0,7,0,0,0,0,0,0,0,0,0,0,0,0,0,0,0,0,0,0,0,0,0,0,0,0,0,0,0,0,0,0,0,0,0,0,0,0,0,0,0,0,0,0,0,0,0,0,0,0,0,0,0,0,0,0,0,0,0,6,0,0,0,0,0,0,0,0,0,0,0,0,0,0,0,0,0,0,0,0,0,0,0,0,0,0,0,0,4676,0,0
2021-06-09,US,44522,0,0,0,0,0,0,0,0,0,0,0,0,0,0,0,0,0,0,0,0,39508,0,0,0,0,0,0,0,0,0,0,0,0,0,0,0,7,0,0,0,0,0,0,0,0,0,0,0,0,0,0,0,0,0,0,0,0,0,0,0,0,0,0,0,0,0,0,0,0,0,0,0,0,0,0,0,0,0,0,0,0,0,0,0,0,0,0,0,0,0,0,0,0,0,6,0,0,0,0,0,0,0,0,0,0,0,0,0,0,0,0,0,0,0,0,0,0,0,0,0,0,0,0,5000,0,0
2021-06-10,US,46100,0,0,0,0,0,0,0,0,0,0,0,0,0,0,0,0,0,0,0,0,40750,0,0,0,0,0,0,0,0,0,0,0,0,0,0,0,8,0,0,0,0,0,0,0,0,0,0,0,0,0,0,0,0,0,0,0,0,0,0,0,0,0,0,0,0,0,0,0,0,0,0,0,0,0,0,0,0,0,0,0,0,0,0,0,0,0,0,0,0,0,0,0,0,0,6,0,0,0,0,0,0,0,0,0,0,0,0,0,0,0,0,0,0,0,0,0,0,0,0,0,0,0,0,5335,0,0
2021-06-11,US,47677,0,0,0,0,0,0,0,0,0,0,0,0,0,0,0,0,0,0,0,0,41981,0,0,0,0,0,0,0,0,0,0,0,0,0,0,0,8,0,0,0,0,0,0,0,0,0,0,0,0,0,0,0,0,0,0,0,0,0,0,0,0,0,0,0,0,0,0,0,0,0,0,0,0,0,0,0,0,0,0,0,0,0,0,0,0,0,0,0,0,0,0,0,0,0,7,0,0,0,0,0,0,0,0,0,0,0,0,0,0,0,0,0,0,0,0,0,0,0,0,0,0,0,0,5682,0,0
2021-06-12,US,49255,0,0,0,0,0,0,0,0,0,0,0,0,0,0,0,0,0,0,0,0,43201,0,0,0,0,0,0,0,0,0,0,0,0,0,0,0,9,0,0,0,0,0,0,0,0,0,0,0,0,0,0,0,0,0,0,0,0,0,0,0,0,0,0,0,0,0,0,0,0,0,0,0,0,0,0,0,0,0,0,0,0,0,0,0,0,0,0,0,0,0,0,0,0,0,7,0,0,0,0,0,0,0,0,0,0,0,0,0,0,0,0,0,0,0,0,0,0,0,0,0,0,0,0,6038,0,0
2021-06-13,US,49906,0,0,0,0,0,0,0,0,0,0,0,0,0,0,0,0,0,0,0,0,42800,0,0,0,0,0,0,0,0,0,0,0,0,0,0,0,9,0,0,0,0,0,0,0,0,0,0,0,0,0,0,0,0,0,0,0,0,0,0,0,0,0,0,0,0,0,0,0,0,0,0,0,0,0,0,0,0,0,0,0,0,0,0,0,0,0,0,0,0,0,0,0,0,0,7,0,0,0,0,0,0,0,0,0,0,0,0,0,0,0,0,0,0,0,0,0,0,0,0,0,0,0,0,7091,0,0
2021-06-14,US,50557,0,0,0,0,0,0,0,0,0,0,0,0,0,0,0,0,0,0,0,0,42373,0,0,0,0,0,0,0,0,0,0,0,0,0,0,0,8,0,0,0,0,0,0,0,0,0,0,0,0,0,0,0,0,0,0,0,0,0,0,0,0,0,0,0,0,0,0,0,0,0,0,0,0,0,0,0,0,0,0,0,0,0,0,0,0,0,0,0,0,0,0,0,0,0,7,0,0,0,0,0,0,0,0,0,0,0,0,0,0,0,0,0,0,0,0,0,0,0,0,0,0,0,0,8169,0,0
2021-06-15,US,51208,0,0,0,0,0,0,0,0,0,0,0,0,0,0,0,0,0,0,0,0,41920,0,0,0,0,0,0,0,0,0,0,0,0,0,0,0,8,0,0,0,0,0,0,0,0,0,0,0,0,0,0,0,0,0,0,0,0,0,0,0,0,0,0,0,0,0,0,0,0,0,0,0,0,0,0,0,0,0,0,0,0,0,0,0,0,0,0,0,0,0,0,0,0,0,7,0,0,0,0,0,0,0,0,0,0,0,0,0,0,0,0,0,0,0,0,0,0,0,0,0,0,0,0,9272,0,0
2021-06-16,US,51859,0,0,0,0,0,0,0,0,0,0,0,0,0,0,0,0,0,0,0,0,41442,0,0,0,0,0,0,0,0,0,0,0,0,0,0,0,8,0,0,0,0,0,0,0,0,0,0,0,0,0,0,0,0,0,0,0,0,0,0,0,0,0,0,0,0,0,0,0,0,0,0,0,0,0,0,0,0,0,0,0,0,0,0,0,0,0,0,0,0,0,0,0,0,0,7,0,0,0,0,0,0,0,0,0,0,0,0,0,0,0,0,0,0,0,0,0,0,0,0,0,0,0,0,10401,0,0
2021-06-17,US,52510,0,0,0,0,0,0,0,0,0,0,0,0,0,0,0,0,0,0,0,0,40939,0,0,0,0,0,0,0,0,0,0,0,0,0,0,0,8,0,0,0,0,0,0,0,0,0,0,0,0,0,0,0,0,0,0,0,0,0,0,0,0,0,0,0,0,0,0,0,0,0,0,0,0,0,0,0,0,0,0,0,0,0,0,0,0,0,0,0,0,0,0,0,0,0,7,0,0,0,0,0,0,0,0,0,0,0,0,0,0,0,0,0,0,0,0,0,0,0,0,0,0,0,0,11555,0,0
2021-06-18,US,53161,0,0,0,0,0,0,0,0,0,0,0,0,0,0,0,0,0,0,0,0,40411,0,0,0,0,0,0,0,0,0,0,0,0,0,0,0,8,0,0,0,0,0,0,0,0,0,0,0,0,0,0,0,0,0,0,0,0,0,0,0,0,0,0,0,0,0,0,0,0,0,0,0,0,0,0,0,0,0,0,0,0,0,0,0,0,0,0,0,0,0,0,0,0,0,7,0,0,0,0,0,0,0,0,0,0,0,0,0,0,0,0,0,0,0,0,0,0,0,0,0,0,0,0,12735,0,0
2021-06-19,US,53811,0,0,0,0,0,0,0,0,0,0,0,0,0,0,0,0,0,0,0,0,39857,0,0,0,0,0,0,0,0,0,0,0,0,0,0,0,8,0,0,0,0,0,0,0,0,0,0,0,0,0,0,0,0,0,0,0,0,0,0,0,0,0,0,0,0,0,0,0,0,0,0,0,0,0,0,0,0,0,0,0,0,0,0,0,0,0,0,0,0,0,0,0,0,0,7,0,0,0,0,0,0,0,0,0,0,0,0,0,0,0,0,0,0,0,0,0,0,0,0,0,0,0,0,13939,0,0
2021-06-20,US,54517,0,0,0,0,0,0,0,0,0,0,0,0,0,0,0,0,0,0,0,0,39318,0,0,0,0,0,0,0,0,0,0,0,0,0,0,0,8,0,0,0,0,0,0,0,0,0,0,0,0,0,0,0,0,0,0,0,0,0,0,0,0,0,0,0,0,0,0,0,0,0,0,0,0,0,0,0,0,0,0,0,0,0,0,0,0,0,0,0,0,0,0,0,0,0,7,0,0,0,0,0,0,0,0,0,0,0,0,0,0,0,0,0,0,0,0,0,0,0,0,0,0,0,0,15185,0,0
2021-06-21,US,55224,0,0,0,0,0,0,0,0,0,0,0,0,0,0,0,0,0,0,0,0,38751,0,0,0,0,0,0,0,0,0,0,0,0,0,0,0,7,0,0,0,0,0,0,0,0,0,0,0,0,0,0,0,0,0,0,0,0,0,0,0,0,0,0,0,0,0,0,0,0,0,0,0,0,0,0,0,0,0,0,0,0,0,0,0,0,0,0,0,0,0,0,0,0,0,7,0,0,0,0,0,0,0,0,0,0,0,0,0,0,0,0,0,0,0,0,0,0,0,0,0,0,0,0,16458,0,0
2021-06-22,US,55930,0,0,0,0,0,0,0,0,0,0,0,0,0,0,0,0,0,0,0,0,38156,0,0,0,0,0,0,0,0,0,0,0,0,0,0,0,7,0,0,0,0,0,0,0,0,0,0,0,0,0,0,0,0,0,0,0,0,0,0,0,0,0,0,0,0,0,0,0,0,0,0,0,0,0,0,0,0,0,0,0,0,0,0,0,0,0,0,0,0,0,0,0,0,0,7,0,0,0,0,0,0,0,0,0,0,0,0,0,0,0,0,0,0,0,0,0,0,0,0,0,0,0,0,17759,0,0
2021-06-23,US,56636,0,0,0,0,0,0,0,0,0,0,0,0,0,0,0,0,0,0,0,0,37534,0,0,0,0,0,0,0,0,0,0,0,0,0,0,0,7,0,0,0,0,0,0,0,0,0,0,0,0,0,0,0,0,0,0,0,0,0,0,0,0,0,0,0,0,0,0,0,0,0,0,0,0,0,0,0,0,0,0,0,0,0,0,0,0,0,0,0,0,0,0,0,0,0,7,0,0,0,0,0,0,0,0,0,0,0,0,0,0,0,0,0,0,0,0,0,0,0,0,0,0,0,0,19087,0,0
2021-06-24,US,57342,0,0,0,0,0,0,0,0,0,0,0,0,0,0,0,0,0,0,0,0,36885,0,0,0,0,0,0,0,0,0,0,0,0,0,0,0,7,0,0,0,0,0,0,0,0,0,0,0,0,0,0,0,0,0,0,0,0,0,0,0,0,0,0,0,0,0,0,0,0,0,0,0,0,0,0,0,0,0,0,0,0,0,0,0,0,0,0,0,0,0,0,0,0,0,8,0,0,0,0,0,0,0,0,0,0,0,0,0,0,0,0,0,0,0,0,0,0,0,0,0,0,0,0,20442,0,0
2021-06-25,US,58048,0,0,0,0,0,0,0,0,0,0,0,0,0,0,0,0,0,0,0,0,36208,0,0,0,0,0,0,0,0,0,0,0,0,0,0,0,7,0,0,0,0,0,0,0,0,0,0,0,0,0,0,0,0,0,0,0,0,0,0,0,0,0,0,0,0,0,0,0,0,0,0,0,0,0,0,0,0,0,0,0,0,0,0,0,0,0,0,0,0,0,0,0,0,0,8,0,0,0,0,0,0,0,0,0,0,0,0,0,0,0,0,0,0,0,0,0,0,0,0,0,0,0,0,21826,0,0
2021-06-26,US,58754,0,0,0,0,0,0,0,0,0,0,0,0,0,0,0,0,0,0,0,0,35503,0,0,0,0,0,0,0,0,0,0,0,0,0,0,0,7,0,0,0,0,0,0,0,0,0,0,0,0,0,0,0,0,0,0,0,0,0,0,0,0,0,0,0,0,0,0,0,0,0,0,0,0,0,0,0,0,0,0,0,0,0,0,0,0,0,0,0,0,0,0,0,0,0,8,0,0,0,0,0,0,0,0,0,0,0,0,0,0,0,0,0,0,0,0,0,0,0,0,0,0,0,0,23236,0,0
2021-06-27,US,59175,0,0,0,0,0,0,0,0,0,0,0,0,0,0,0,0,0,0,0,0,34605,0,0,0,0,0,0,0,0,0,0,0,0,0,0,0,6,0,0,0,0,0,0,0,0,0,0,0,0,0,0,0,0,0,0,0,0,0,0,0,0,0,0,0,0,0,0,0,0,0,0,0,0,0,0,0,0,0,0,0,0,0,0,0,0,0,0,0,0,0,0,0,0,0,8,0,0,0,0,0,0,0,0,0,0,0,0,0,0,0,0,0,0,0,0,0,0,0,0,0,0,0,0,24556,0,0
2021-06-28,US,59597,0,0,0,0,0,0,0,0,0,0,0,0,0,0,0,0,0,0,0,0,33690,0,0,0,0,0,0,0,0,0,0,0,0,0,0,0,6,0,0,0,0,0,0,0,0,0,0,0,0,0,0,0,0,0,0,0,0,0,0,0,0,0,0,0,0,0,0,0,0,0,0,0,0,0,0,0,0,0,0,0,0,0,0,0,0,0,0,0,0,0,0,0,0,0,8,0,0,0,0,0,0,0,0,0,0,0,0,0,0,0,0,0,0,0,0,0,0,0,0,0,0,0,0,25893,0,0
2021-06-29,US,60018,0,0,0,0,0,0,0,0,0,0,0,0,0,0,0,0,0,0,0,0,32759,0,0,0,0,0,0,0,0,0,0,0,0,0,0,0,6,0,0,0,0,0,0,0,0,0,0,0,0,0,0,0,0,0,0,0,0,0,0,0,0,0,0,0,0,0,0,0,0,0,0,0,0,0,0,0,0,0,0,0,0,0,0,0,0,0,0,0,0,0,0,0,0,0,8,0,0,0,0,0,0,0,0,0,0,0,0,0,0,0,0,0,0,0,0,0,0,0,0,0,0,0,0,27246,0,0
2021-06-30,US,60440,0,0,0,0,0,0,0,0,0,0,0,0,0,0,0,0,0,0,0,0,31811,0,0,0,0,0,0,0,0,0,0,0,0,0,0,0,6,0,0,0,0,0,0,0,0,0,0,0,0,0,0,0,0,0,0,0,0,0,0,0,0,0,0,0,0,0,0,0,0,0,0,0,0,0,0,0,0,0,0,0,0,0,0,0,0,0,0,0,0,0,0,0,0,0,8,0,0,0,0,0,0,0,0,0,0,0,0,0,0,0,0,0,0,0,0,0,0,0,0,0,0,0,0,28616,0,0
2021-07-01,US,60861,0,0,0,0,0,0,0,0,0,0,0,0,0,0,0,0,0,0,0,0,30847,0,0,0,0,0,0,0,0,0,0,0,0,0,0,0,5,0,0,0,0,0,0,0,0,0,0,0,0,0,0,0,0,0,0,0,0,0,0,0,0,0,0,0,0,0,0,0,0,0,0,0,0,0,0,0,0,0,0,0,0,0,0,0,0,0,0,0,0,0,0,0,0,0,8,0,0,0,0,0,0,0,0,0,0,0,0,0,0,0,0,0,0,0,0,0,0,0,0,0,0,0,0,30001,0,0
2021-07-02,US,61283,0,0,0,0,0,0,0,0,0,0,0,0,0,0,0,0,0,0,0,0,29866,0,0,0,0,0,0,0,0,0,0,0,0,0,0,0,5,0,0,0,0,0,0,0,0,0,0,0,0,0,0,0,0,0,0,0,0,0,0,0,0,0,0,0,0,0,0,0,0,0,0,0,0,0,0,0,0,0,0,0,0,0,0,0,0,0,0,0,0,0,0,0,0,0,8,0,0,0,0,0,0,0,0,0,0,0,0,0,0,0,0,0,0,0,0,0,0,0,0,0,0,0,0,31404,0,0
2021-07-03,US,61704,0,0,0,0,0,0,0,0,0,0,0,0,0,0,0,0,0,0,0,0,28869,0,0,0,0,0,0,0,0,0,0,0,0,0,0,0,5,0,0,0,0,0,0,0,0,0,0,0,0,0,0,0,0,0,0,0,0,0,0,0,0,0,0,0,0,0,0,0,0,0,0,0,0,0,0,0,0,0,0,0,0,0,0,0,0,0,0,0,0,0,0,0,0,0,8,0,0,0,0,0,0,0,0,0,0,0,0,0,0,0,0,0,0,0,0,0,0,0,0,0,0,0,0,32822,0,0
2021-07-04,US,63903,0,0,0,0,0,0,0,0,0,0,0,0,0,0,0,0,0,0,0,0,28653,0,0,0,0,0,0,0,0,0,0,0,0,0,0,0,5,0,0,0,0,0,0,0,0,0,0,0,0,0,0,0,0,0,0,0,0,0,0,0,0,0,0,0,0,0,0,0,0,0,0,0,0,0,0,0,0,0,0,0,0,0,0,0,0,0,0,0,0,0,0,0,0,0,8,0,0,0,0,0,0,0,0,0,0,0,0,0,0,0,0,0,0,0,0,0,0,0,0,0,0,0,0,35238,0,0
2021-07-05,US,66103,0,0,0,0,0,0,0,0,0,0,0,0,0,0,0,0,0,0,0,0,28351,0,0,0,0,0,0,0,0,0,0,0,0,0,0,0,5,0,0,0,0,0,0,0,0,0,0,0,0,0,0,0,0,0,0,0,0,0,0,0,0,0,0,0,0,0,0,0,0,0,0,0,0,0,0,0,0,0,0,0,0,0,0,0,0,0,0,0,0,0,0,0,0,0,8,0,0,0,0,0,0,0,0,0,0,0,0,0,0,0,0,0,0,0,0,0,0,0,0,0,0,0,0,37739,0,0
2021-07-06,US,68302,0,0,0,0,0,0,0,0,0,0,0,0,0,0,0,0,0,0,0,0,27963,0,0,0,0,0,0,0,0,0,0,0,0,0,0,0,5,0,0,0,0,0,0,0,0,0,0,0,0,0,0,0,0,0,0,0,0,0,0,0,0,0,0,0,0,0,0,0,0,0,0,0,0,0,0,0,0,0,0,0,0,0,0,0,0,0,0,0,0,0,0,0,0,0,8,0,0,0,0,0,0,0,0,0,0,0,0,0,0,0,0,0,0,0,0,0,0,0,0,0,0,0,0,40326,0,0
2021-07-07,US,70501,0,0,0,0,0,0,0,0,0,0,0,0,0,0,0,0,0,0,0,0,27489,0,0,0,0,0,0,0,0,0,0,0,0,0,0,0,4,0,0,0,0,0,0,0,0,0,0,0,0,0,0,0,0,0,0,0,0,0,0,0,0,0,0,0,0,0,0,0,0,0,0,0,0,0,0,0,0,0,0,0,0,0,0,0,0,0,0,0,0,0,0,0,0,0,9,0,0,0,0,0,0,0,0,0,0,0,0,0,0,0,0,0,0,0,0,0,0,0,0,0,0,0,0,42998,0,0
2021-07-08,US,72700,0,0,0,0,0,0,0,0,0,0,0,0,0,0,0,0,0,0,0,0,26930,0,0,0,0,0,0,0,0,0,0,0,0,0,0,0,4,0,0,0,0,0,0,0,0,0,0,0,0,0,0,0,0,0,0,0,0,0,0,0,0,0,0,0,0,0,0,0,0,0,0,0,0,0,0,0,0,0,0,0,0,0,0,0,0,0,0,0,0,0,0,0,0,0,9,0,0,0,0,0,0,0,0,0,0,0,0,0,0,0,0,0,0,0,0,0,0,0,0,0,0,0,0,45757,0,0
2021-07-09,US,74899,0,0,0,0,0,0,0,0,0,0,0,0,0,0,0,0,0,0,0,0,26285,0,0,0,0,0,0,0,0,0,0,0,0,0,0,0,4,0,0,0,0,0,0,0,0,0,0,0,0,0,0,0,0,0,0,0,0,0,0,0,0,0,0,0,0,0,0,0,0,0,0,0,0,0,0,0,0,0,0,0,0,0,0,0,0,0,0,0,0,0,0,0,0,0,9,0,0,0,0,0,0,0,0,0,0,0,0,0,0,0,0,0,0,0,0,0,0,0,0,0,0,0,0,48601,0,0
2021-07-10,US,77098,0,0,0,0,0,0,0,0,0,0,0,0,0,0,0,0,0,0,0,0,25555,0,0,0,0,0,0,0,0,0,0,0,0,0,0,0,4,0,0,0,0,0,0,0,0,0,0,0,0,0,0,0,0,0,0,0,0,0,0,0,0,0,0,0,0,0,0,0,0,0,0,0,0,0,0,0,0,0,0,0,0,0,0,0,0,0,0,0,0,0,0,0,0,0,9,0,0,0,0,0,0,0,0,0,0,0,0,0,0,0,0,0,0,0,0,0,0,0,0,0,0,0,0,51531,0,0
2021-07-11,US,81888,0,0,0,0,0,0,0,0,0,0,0,0,0,0,0,0,0,0,0,0,26307,0,0,0,0,0,0,0,0,0,0,0,0,0,0,0,4,0,0,0,0,0,0,0,0,0,0,0,0,0,0,0,0,0,0,0,0,0,0,0,0,0,0,0,0,0,0,0,0,0,0,0,0,0,0,0,0,0,0,0,0,0,0,0,0,0,0,0,0,0,0,0,0,0,10,0,0,0,0,0,0,0,0,0,0,0,0,0,0,0,0,0,0,0,0,0,0,0,0,0,0,0,0,55567,0,0
2021-07-12,US,86677,0,0,0,0,0,0,0,0,0,0,0,0,0,0,0,0,0,0,0,0,26962,0,0,0,0,0,0,0,0,0,0,0,0,0,0,0,4,0,0,0,0,0,0,0,0,0,0,0,0,0,0,0,0,0,0,0,0,0,0,0,0,0,0,0,0,0,0,0,0,0,0,0,0,0,0,0,0,0,0,0,0,0,0,0,0,0,0,0,0,0,0,0,0,0,10,0,0,0,0,0,0,0,0,0,0,0,0,0,0,0,0,0,0,0,0,0,0,0,0,0,0,0,0,59701,0,0
2021-07-13,US,91467,0,0,0,0,0,0,0,0,0,0,0,0,0,0,0,0,0,0,0,0,27519,0,0,0,0,0,0,0,0,0,0,0,0,0,0,0,4,0,0,0,0,0,0,0,0,0,0,0,0,0,0,0,0,0,0,0,0,0,0,0,0,0,0,0,0,0,0,0,0,0,0,0,0,0,0,0,0,0,0,0,0,0,0,0,0,0,0,0,0,0,0,0,0,0,10,0,0,0,0,0,0,0,0,0,0,0,0,0,0,0,0,0,0,0,0,0,0,0,0,0,0,0,0,63933,0,0
2021-07-14,US,96257,0,0,0,0,0,0,0,0,0,0,0,0,0,0,0,0,0,0,0,0,27979,0,0,0,0,0,0,0,0,0,0,0,0,0,0,0,5,0,0,0,0,0,0,0,0,0,0,0,0,0,0,0,0,0,0,0,0,0,0,0,0,0,0,0,0,0,0,0,0,0,0,0,0,0,0,0,0,0,0,0,0,0,0,0,0,0,0,0,0,0,0,0,0,0,11,0,0,0,0,0,0,0,0,0,0,0,0,0,0,0,0,0,0,0,0,0,0,0,0,0,0,0,0,68263,0,0
2021-07-15,US,101046,0,0,0,0,0,0,0,0,0,0,0,0,0,0,0,0,0,0,0,0,28340,0,0,0,0,0,0,0,0,0,0,0,0,0,0,0,5,0,0,0,0,0,0,0,0,0,0,0,0,0,0,0,0,0,0,0,0,0,0,0,0,0,0,0,0,0,0,0,0,0,0,0,0,0,0,0,0,0,0,0,0,0,0,0,0,0,0,0,0,0,0,0,0,0,11,0,0,0,0,0,0,0,0,0,0,0,0,0,0,0,0,0,0,0,0,0,0,0,0,0,0,0,0,72690,0,0
2021-07-16,US,105836,0,0,0,0,0,0,0,0,0,0,0,0,0,0,0,0,0,0,0,0,28604,0,0,0,0,0,0,0,0,0,0,0,0,0,0,0,5,0,0,0,0,0,0,0,0,0,0,0,0,0,0,0,0,0,0,0,0,0,0,0,0,0,0,0,0,0,0,0,0,0,0,0,0,0,0,0,0,0,0,0,0,0,0,0,0,0,0,0,0,0,0,0,0,0,11,0,0,0,0,0,0,0,0,0,0,0,0,0,0,0,0,0,0,0,0,0,0,0,0,0,0,0,0,77215,0,0
2021-07-17,US,110625,0,0,0,0,0,0,0,0,0,0,0,0,0,0,0,0,0,0,0,0,28771,0,0,0,0,0,0,0,0,0,0,0,0,0,0,0,5,0,0,0,0,0,0,0,0,0,0,0,0,0,0,0,0,0,0,0,0,0,0,0,0,0,0,0,0,0,0,0,0,0,0,0,0,0,0,0,0,0,0,0,0,0,0,0,0,0,0,0,0,0,0,0,0,0,12,0,0,0,0,0,0,0,0,0,0,0,0,0,0,0,0,0,0,0,0,0,0,0,0,0,0,0,0,81838,0,0
2021-07-18,US,121570,0,0,0,0,0,0,0,0,0,0,0,0,0,0,0,0,0,0,0,0,30378,0,0,0,0,0,0,0,0,0,0,0,0,0,0,0,6,0,0,0,0,0,0,0,0,0,0,0,0,0,0,0,0,0,0,0,0,0,0,0,0,0,0,0,0,0,0,0,0,0,0,0,0,0,0,0,0,0,0,0,0,0,0,0,0,0,0,0,0,0,0,0,0,0,13,0,0,0,0,0,0,0,0,0,0,0,0,0,0,0,0,0,0,0,0,0,0,0,0,0,0,0,0,91174,0,0
2021-07-19,US,132515,0,0,0,0,0,0,0,0,0,0,0,0,0,0,0,0,0,0,0,0,31761,0,0,0,0,0,0,0,0,0,0,0,0,0,0,0,6,0,0,0,0,0,0,0,0,0,0,0,0,0,0,0,0,0,0,0,0,0,0,0,0,0,0,0,0,0,0,0,0,0,0,0,0,0,0,0,0,0,0,0,0,0,0,0,0,0,0,0,0,0,0,0,0,0,14,0,0,0,0,0,0,0,0,0,0,0,0,0,0,0,0,0,0,0,0,0,0,0,0,0,0,0,0,100734,0,0
2021-07-20,US,143459,0,0,0,0,0,0,0,0,0,0,0,0,0,0,0,0,0,0,0,0,32922,0,0,0,0,0,0,0,0,0,0,0,0,0,0,0,7,0,0,0,0,0,0,0,0,0,0,0,0,0,0,0,0,0,0,0,0,0,0,0,0,0,0,0,0,0,0,0,0,0,0,0,0,0,0,0,0,0,0,0,0,0,0,0,0,0,0,0,0,0,0,0,0,0,14,0,0,0,0,0,0,0,0,0,0,0,0,0,0,0,0,0,0,0,0,0,0,0,0,0,0,0,0,110517,0,0
2021-07-21,US,154404,0,0,0,0,0,0,0,0,0,0,0,0,0,0,0,0,0,0,0,0,33859,0,0,0,0,0,0,0,0,0,0,0,0,0,0,0,7,0,0,0,0,0,0,0,0,0,0,0,0,0,0,0,0,0,0,0,0,0,0,0,0,0,0,0,0,0,0,0,0,0,0,0,0,0,0,0,0,0,0,0,0,0,0,0,0,0,0,0,0,0,0,0,0,0,15,0,0,0,0,0,0,0,0,0,0,0,0,0,0,0,0,0,0,0,0,0,0,0,0,0,0,0,0,120523,0,0
2021-07-22,US,165349,0,0,0,0,0,0,0,0,0,0,0,0,0,0,0,0,0,0,0,0,34573,0,0,0,0,0,0,0,0,0,0,0,0,0,0,0,7,0,0,0,0,0,0,0,0,0,0,0,0,0,0,0,0,0,0,0,0,0,0,0,0,0,0,0,0,0,0,0,0,0,0,0,0,0,0,0,0,0,0,0,0,0,0,0,0,0,0,0,0,0,0,0,0,0,16,0,0,0,0,0,0,0,0,0,0,0,0,0,0,0,0,0,0,0,0,0,0,0,0,0,0,0,0,130752,0,0
2021-07-23,US,176293,0,0,0,0,0,0,0,0,0,0,0,0,0,0,0,0,0,0,0,0,35064,0,0,0,0,0,0,0,0,0,0,0,0,0,0,0,8,0,0,0,0,0,0,0,0,0,0,0,0,0,0,0,0,0,0,0,0,0,0,0,0,0,0,0,0,0,0,0,0,0,0,0,0,0,0,0,0,0,0,0,0,0,0,0,0,0,0,0,0,0,0,0,0,0,17,0,0,0,0,0,0,0,0,0,0,0,0,0,0,0,0,0,0,0,0,0,0,0,0,0,0,0,0,141205,0,0
2021-07-24,US,187238,0,0,0,0,0,0,0,0,0,0,0,0,0,0,0,0,0,0,0,0,35332,0,0,0,0,0,0,0,0,0,0,0,0,0,0,0,8,0,0,0,0,0,0,0,0,0,0,0,0,0,0,0,0,0,0,0,0,0,0,0,0,0,0,0,0,0,0,0,0,0,0,0,0,0,0,0,0,0,0,0,0,0,0,0,0,0,0,0,0,0,0,0,0,0,17,0,0,0,0,0,0,0,0,0,0,0,0,0,0,0,0,0,0,0,0,0,0,0,0,0,0,0,0,151881,0,0
2021-07-25,US,201711,0,0,0,0,0,0,0,0,0,0,0,0,0,0,0,0,0,0,0,0,36006,0,0,0,0,0,0,0,0,0,0,0,0,0,0,0,9,0,0,0,0,0,0,0,0,0,0,0,0,0,0,0,0,0,0,0,0,0,0,0,0,0,0,0,0,0,0,0,0,0,0,0,0,0,0,0,0,0,0,0,0,0,0,0,0,0,0,0,0,0,0,0,0,0,18,0,0,0,0,0,0,0,0,0,0,0,0,0,0,0,0,0,0,0,0,0,0,0,0,0,0,0,0,165678,0,0
2021-07-26,US,216185,0,0,0,0,0,0,0,0,0,0,0,0,0,0,0,0,0,0,0,0,36385,0,0,0,0,0,0,0,0,0,0,0,0,0,0,0,9,0,0,0,0,0,0,0,0,0,0,0,0,0,0,0,0,0,0,0,0,0,0,0,0,0,0,0,0,0,0,0,0,0,0,0,0,0,0,0,0,0,0,0,0,0,0,0,0,0,0,0,0,0,0,0,0,0,19,0,0,0,0,0,0,0,0,0,0,0,0,0,0,0,0,0,0,0,0,0,0,0,0,0,0,0,0,179771,0,0
2021-07-27,US,230658,0,0,0,0,0,0,0,0,0,0,0,0,0,0,0,0,0,0,0,0,36469,0,0,0,0,0,0,0,0,0,0,0,0,0,0,0,10,0,0,0,0,0,0,0,0,0,0,0,0,0,0,0,0,0,0,0,0,0,0,0,0,0,0,0,0,0,0,0,0,0,0,0,0,0,0,0,0,0,0,0,0,0,0,0,0,0,0,0,0,0,0,0,0,0,20,0,0,0,0,0,0,0,0,0,0,0,0,0,0,0,0,0,0,0,0,0,0,0,0,0,0,0,0,194158,0,0
2021-07-28,US,245131,0,0,0,0,0,0,0,0,0,0,0,0,0,0,0,0,0,0,0,0,36259,0,0,0,0,0,0,0,0,0,0,0,0,0,0,0,11,0,0,0,0,0,0,0,0,0,0,0,0,0,0,0,0,0,0,0,0,0,0,0,0,0,0,0,0,0,0,0,0,0,0,0,0,0,0,0,0,0,0,0,0,0,0,0,0,0,0,0,0,0,0,0,0,0,21,0,0,0,0,0,0,0,0,0,0,0,0,0,0,0,0,0,0,0,0,0,0,0,0,0,0,0,0,208841,0,0
2021-07-29,US,259605,0,0,0,0,0,0,0,0,0,0,0,0,0,0,0,0,0,0,0,0,35752,0,0,0,0,0,0,0,0,0,0,0,0,0,0,0,11,0,0,0,0,0,0,0,0,0,0,0,0,0,0,0,0,0,0,0,0,0,0,0,0,0,0,0,0,0,0,0,0,0,0,0,0,0,0,0,0,0,0,0,0,0,0,0,0,0,0,0,0,0,0,0,0,0,22,0,0,0,0,0,0,0,0,0,0,0,0,0,0,0,0,0,0,0,0,0,0,0,0,0,0,0,0,223819,0,0
2021-07-30,US,274078,0,0,0,0,0,0,0,0,0,0,0,0,0,0,0,0,0,0,0,0,34951,0,0,0,0,0,0,0,0,0,0,0,0,0,0,0,12,0,0,0,0,0,0,0,0,0,0,0,0,0,0,0,0,0,0,0,0,0,0,0,0,0,0,0,0,0,0,0,0,0,0,0,0,0,0,0,0,0,0,0,0,0,0,0,0,0,0,0,0,0,0,0,0,0,22,0,0,0,0,0,0,0,0,0,0,0,0,0,0,0,0,0,0,0,0,0,0,0,0,0,0,0,0,239093,0,0
2021-07-31,US,288551,0,0,0,0,0,0,0,0,0,0,0,0,0,0,0,0,0,0,0,0,33855,0,0,0,0,0,0,0,0,0,0,0,0,0,0,0,12,0,0,0,0,0,0,0,0,0,0,0,0,0,0,0,0,0,0,0,0,0,0,0,0,0,0,0,0,0,0,0,0,0,0,0,0,0,0,0,0,0,0,0,0,0,0,0,0,0,0,0,0,0,0,0,0,0,23,0,0,0,0,0,0,0,0,0,0,0,0,0,0,0,0,0,0,0,0,0,0,0,0,0,0,0,0,254661,0,0
2021-08-01,US,300773,0,0,0,0,0,0,0,0,0,0,0,0,0,0,0,0,0,0,0,0,32222,0,0,0,0,0,0,0,0,0,0,0,0,0,0,0,13,0,0,0,0,0,0,0,0,0,0,0,0,0,0,0,0,0,0,0,0,0,0,0,0,0,0,0,0,0,0,0,0,0,0,0,0,0,0,0,0,0,0,0,0,0,0,0,0,0,0,0,0,0,0,0,0,0,23,0,0,0,0,0,0,0,0,0,0,0,0,0,0,0,0,0,0,0,0,0,0,0,0,0,0,0,0,268515,0,0
2021-08-02,US,312994,0,0,0,0,0,0,0,0,0,0,0,0,0,0,0,0,0,0,0,0,30340,0,0,0,0,0,0,0,0,0,0,0,0,0,0,0,13,0,0,0,0,0,0,0,0,0,0,0,0,0,0,0,0,0,0,0,0,0,0,0,0,0,0,0,0,0,0,0,0,0,0,0,0,0,0,0,0,0,0,0,0,0,0,0,0,0,0,0,0,0,0,0,0,0,24,0,0,0,0,0,0,0,0,0,0,0,0,0,0,0,0,0,0,0,0,0,0,0,0,0,0,0,0,282617,0,0
2021-08-03,US,325216,0,0,0,0,0,0,0,0,0,0,0,0,0,0,0,0,0,0,0,0,28209,0,0,0,0,0,0,0,0,0,0,0,0,0,0,0,14,0,0,0,0,0,0,0,0,0,0,0,0,0,0,0,0,0,0,0,0,0,0,0,0,0,0,0,0,0,0,0,0,0,0,0,0,0,0,0,0,0,0,0,0,0,0,0,0,0,0,0,0,0,0,0,0,0,24,0,0,0,0,0,0,0,0,0,0,0,0,0,0,0,0,0,0,0,0,0,0,0,0,0,0,0,0,296969,0,0
2021-08-04,US,337437,0,0,0,0,0,0,0,0,0,0,0,0,0,0,0,0,0,0,0,0,25829,0,0,0,0,0,0,0,0,0,0,0,0,0,0,0,14,0,0,0,0,0,0,0,0,0,0,0,0,0,0,0,0,0,0,0,0,0,0,0,0,0,0,0,0,0,0,0,0,0,0,0,0,0,0,0,0,0,0,0,0,0,0,0,0,0,0,0,0,0,0,0,0,0,24,0,0,0,0,0,0,0,0,0,0,0,0,0,0,0,0,0,0,0,0,0,0,0,0,0,0,0,0,311570,0,0
2021-08-05,US,349659,0,0,0,0,0,0,0,0,0,0,0,0,0,0,0,0,0,0,0,0,23200,0,0,0,0,0,0,0,0,0,0,0,0,0,0,0,14,0,0,0,0,0,0,0,0,0,0,0,0,0,0,0,0,0,0,0,0,0,0,0,0,0,0,0,0,0,0,0,0,0,0,0,0,0,0,0,0,0,0,0,0,0,0,0,0,0,0,0,0,0,0,0,0,0,24,0,0,0,0,0,0,0,0,0,0,0,0,0,0,0,0,0,0,0,0,0,0,0,0,0,0,0,0,326421,0,0
2021-08-06,US,361880,0,0,0,0,0,0,0,0,0,0,0,0,0,0,0,0,0,0,0,0,20321,0,0,0,0,0,0,0,0,0,0,0,0,0,0,0,15,0,0,0,0,0,0,0,0,0,0,0,0,0,0,0,0,0,0,0,0,0,0,0,0,0,0,0,0,0,0,0,0,0,0,0,0,0,0,0,0,0,0,0,0,0,0,0,0,0,0,0,0,0,0,0,0,0,24,0,0,0,0,0,0,0,0,0,0,0,0,0,0,0,0,0,0,0,0,0,0,0,0,0,0,0,0,341520,0,0
2021-08-07,US,374102,0,0,0,0,0,0,0,0,0,0,0,0,0,0,0,0,0,0,0,0,17193,0,0,0,0,0,0,0,0,0,0,0,0,0,0,0,15,0,0,0,0,0,0,0,0,0,0,0,0,0,0,0,0,0,0,0,0,0,0,0,0,0,0,0,0,0,0,0,0,0,0,0,0,0,0,0,0,0,0,0,0,0,0,0,0,0,0,0,0,0,0,0,0,0,24,0,0,0,0,0,0,0,0,0,0,0,0,0,0,0,0,0,0,0,0,0,0,0,0,0,0,0,0,356869,0,0
2021-08-08,US,379684,0,0,0,0,0,0,0,0,0,0,0,0,0,0,0,0,0,0,0,0,16979,0,0,0,0,0,0,0,0,0,0,0,0,0,0,0,15,0,0,0,0,0,0,0,0,0,0,0,0,0,0,0,0,0,0,0,0,0,0,0,0,0,0,0,0,0,0,0,0,0,0,0,0,0,0,0,0,0,0,0,0,0,0,0,0,0,0,0,0,0,0,0,0,0,24,0,0,0,0,0,0,0,0,0,0,0,0,0,0,0,0,0,0,0,0,0,0,0,0,0,0,0,0,362665,0,0
2021-08-09,US,385265,0,0,0,0,0,0,0,0,0,0,0,0,0,0,0,0,0,0,0,0,16751,0,0,0,0,0,0,0,0,0,0,0,0,0,0,0,15,0,0,0,0,0,0,0,0,0,0,0,0,0,0,0,0,0,0,0,0,0,0,0,0,0,0,0,0,0,0,0,0,0,0,0,0,0,0,0,0,0,0,0,0,0,0,0,0,0,0,0,0,0,0,0,0,0,24,0,0,0,0,0,0,0,0,0,0,0,0,0,0,0,0,0,0,0,0,0,0,0,0,0,0,0,0,368476,0,0
2021-08-10,US,390847,0,0,0,0,0,0,0,0,0,0,0,0,0,0,0,0,0,0,0,0,16508,0,0,0,0,0,0,0,0,0,0,0,0,0,0,0,16,0,0,0,0,0,0,0,0,0,0,0,0,0,0,0,0,0,0,0,0,0,0,0,0,0,0,0,0,0,0,0,0,0,0,0,0,0,0,0,0,0,0,0,0,0,0,0,0,0,0,0,0,0,0,0,0,0,23,0,0,0,0,0,0,0,0,0,0,0,0,0,0,0,0,0,0,0,0,0,0,0,0,0,0,0,0,374300,0,0
2021-08-11,US,396428,0,0,0,0,0,0,0,0,0,0,0,0,0,0,0,0,0,0,0,0,16253,0,0,0,0,0,0,0,0,0,0,0,0,0,0,0,16,0,0,0,0,0,0,0,0,0,0,0,0,0,0,0,0,0,0,0,0,0,0,0,0,0,0,0,0,0,0,0,0,0,0,0,0,0,0,0,0,0,0,0,0,0,0,0,0,0,0,0,0,0,0,0,0,0,23,0,0,0,0,0,0,0,0,0,0,0,0,0,0,0,0,0,0,0,0,0,0,0,0,0,0,0,0,380137,0,0
2021-08-12,US,402010,0,0,0,0,0,0,0,0,0,0,0,0,0,0,0,0,0,0,0,0,15983,0,0,0,0,0,0,0,0,0,0,0,0,0,0,0,16,0,0,0,0,0,0,0,0,0,0,0,0,0,0,0,0,0,0,0,0,0,0,0,0,0,0,0,0,0,0,0,0,0,0,0,0,0,0,0,0,0,0,0,0,0,0,0,0,0,0,0,0,0,0,0,0,0,22,0,0,0,0,0,0,0,0,0,0,0,0,0,0,0,0,0,0,0,0,0,0,0,0,0,0,0,0,385989,0,0
2021-08-13,US,407592,0,0,0,0,0,0,0,0,0,0,0,0,0,0,0,0,0,0,0,0,15699,0,0,0,0,0,0,0,0,0,0,0,0,0,0,0,16,0,0,0,0,0,0,0,0,0,0,0,0,0,0,0,0,0,0,0,0,0,0,0,0,0,0,0,0,0,0,0,0,0,0,0,0,0,0,0,0,0,0,0,0,0,0,0,0,0,0,0,0,0,0,0,0,0,22,0,0,0,0,0,0,0,0,0,0,0,0,0,0,0,0,0,0,0,0,0,0,0,0,0,0,0,0,391855,0,0
2021-08-14,US,413173,0,0,0,0,0,0,0,0,0,0,0,0,0,0,0,0,0,0,0,0,15402,0,0,0,0,0,0,0,0,0,0,0,0,0,0,0,16,0,0,0,0,0,0,0,0,0,0,0,0,0,0,0,0,0,0,0,0,0,0,0,0,0,0,0,0,0,0,0,0,0,0,0,0,0,0,0,0,0,0,0,0,0,0,0,0,0,0,0,0,0,0,0,0,0,21,0,0,0,0,0,0,0,0,0,0,0,0,0,0,0,0,0,0,0,0,0,0,0,0,0,0,0,0,397734,0,0
2021-08-15,US,418800,0,0,0,0,0,0,0,0,0,0,0,0,0,0,0,0,0,0,0,0,15092,0,0,0,0,0,0,0,0,0,0,0,0,0,0,0,16,0,0,0,0,0,0,0,0,0,0,0,0,0,0,0,0,0,0,0,0,0,0,0,0,0,0,0,0,0,0,0,0,0,0,0,0,0,0,0,0,0,0,0,0,0,0,0,0,0,0,0,0,0,0,0,0,0,21,0,0,0,0,0,0,0,0,0,0,0,0,0,0,0,0,0,0,0,0,0,0,0,0,0,0,0,0,403672,0,0
2021-08-16,US,424428,0,0,0,0,0,0,0,0,0,0,0,0,0,0,0,0,0,0,0,0,14768,0,0,0,0,0,0,0,0,0,0,0,0,0,0,0,16,0,0,0,0,0,0,0,0,0,0,0,0,0,0,0,0,0,0,0,0,0,0,0,0,0,0,0,0,0,0,0,0,0,0,0,0,0,0,0,0,0,0,0,0,0,0,0,0,0,0,0,0,0,0,0,0,0,20,0,0,0,0,0,0,0,0,0,0,0,0,0,0,0,0,0,0,0,0,0,0,0,0,0,0,0,0,409623,0,0
2021-08-17,US,430055,0,0,0,0,0,0,0,0,0,0,0,0,0,0,0,0,0,0,0,0,14431,0,0,0,0,0,0,0,0,0,0,0,0,0,0,0,16,0,0,0,0,0,0,0,0,0,0,0,0,0,0,0,0,0,0,0,0,0,0,0,0,0,0,0,0,0,0,0,0,0,0,0,0,0,0,0,0,0,0,0,0,0,0,0,0,0,0,0,0,0,0,0,0,0,20,0,0,0,0,0,0,0,0,0,0,0,0,0,0,0,0,0,0,0,0,0,0,0,0,0,0,0,0,415588,0,0
2021-08-18,US,435682,0,0,0,0,0,0,0,0,0,0,0,0,0,0,0,0,0,0,0,0,14079,0,0,0,0,0,0,0,0,0,0,0,0,0,0,0,16,0,0,0,0,0,0,0,0,0,0,0,0,0,0,0,0,0,0,0,0,0,0,0,0,0,0,0,0,0,0,0,0,0,0,0,0,0,0,0,0,0,0,0,0,0,0,0,0,0,0,0,0,0,0,0,0,0,19,0,0,0,0,0,0,0,0,0,0,0,0,0,0,0,0,0,0,0,0,0,0,0,0,0,0,0,0,421568,0,0
2021-08-19,US,441310,0,0,0,0,0,0,0,0,0,0,0,0,0,0,0,0,0,0,0,0,13714,0,0,0,0,0,0,0,0,0,0,0,0,0,0,0,16,0,0,0,0,0,0,0,0,0,0,0,0,0,0,0,0,0,0,0,0,0,0,0,0,0,0,0,0,0,0,0,0,0,0,0,0,0,0,0,0,0,0,0,0,0,0,0,0,0,0,0,0,0,0,0,0,0,18,0,0,0,0,0,0,0,0,0,0,0,0,0,0,0,0,0,0,0,0,0,0,0,0,0,0,0,0,427561,0,0
2021-08-20,US,446937,0,0,0,0,0,0,0,0,0,0,0,0,0,0,0,0,0,0,0,0,13334,0,0,0,0,0,0,0,0,0,0,0,0,0,0,0,17,0,0,0,0,0,0,0,0,0,0,0,0,0,0,0,0,0,0,0,0,0,0,0,0,0,0,0,0,0,0,0,0,0,0,0,0,0,0,0,0,0,0,0,0,0,0,0,0,0,0,0,0,0,0,0,0,0,18,0,0,0,0,0,0,0,0,0,0,0,0,0,0,0,0,0,0,0,0,0,0,0,0,0,0,0,0,433568,0,0
2021-08-21,US,452564,0,0,0,0,0,0,0,0,0,0,0,0,0,0,0,0,0,0,0,0,12941,0,0,0,0,0,0,0,0,0,0,0,0,0,0,0,17,0,0,0,0,0,0,0,0,0,0,0,0,0,0,0,0,0,0,0,0,0,0,0,0,0,0,0,0,0,0,0,0,0,0,0,0,0,0,0,0,0,0,0,0,0,0,0,0,0,0,0,0,0,0,0,0,0,17,0,0,0,0,0,0,0,0,0,0,0,0,0,0,0,0,0,0,0,0,0,0,0,0,0,0,0,0,439590,0,0
2021-08-22,US,473086,0,0,0,0,0,0,0,0,0,0,0,0,0,0,0,0,0,0,0,0,12941,0,0,0,0,0,0,0,0,0,0,0,0,0,0,0,17,0,0,0,0,0,0,0,0,0,0,0,0,0,0,0,0,0,0,0,0,0,0,0,0,0,0,0,0,0,0,0,0,0,0,0,0,0,0,0,0,0,0,0,0,0,0,0,0,0,0,0,0,0,0,0,0,0,17,0,0,0,0,0,0,0,0,0,0,0,0,0,0,0,0,0,0,0,0,0,0,0,0,0,0,0,0,460111,0,0
2021-08-23,US,493608,0,0,0,0,0,0,0,0,0,0,0,0,0,0,0,0,0,0,0,0,12890,0,0,0,0,0,0,0,0,0,0,0,0,0,0,0,18,0,0,0,0,0,0,0,0,0,0,0,0,0,0,0,0,0,0,0,0,0,0,0,0,0,0,0,0,0,0,0,0,0,0,0,0,0,0,0,0,0,0,0,0,0,0,0,0,0,0,0,0,0,0,0,0,0,17,0,0,0,0,0,0,0,0,0,0,0,0,0,0,0,0,0,0,0,0,0,0,0,0,0,0,0,0,480683,0,0
2021-08-24,US,514129,0,0,0,0,0,0,0,0,0,0,0,0,0,0,0,0,0,0,0,0,12788,0,0,0,0,0,0,0,0,0,0,0,0,0,0,0,18,0,0,0,0,0,0,0,0,0,0,0,0,0,0,0,0,0,0,0,0,0,0,0,0,0,0,0,0,0,0,0,0,0,0,0,0,0,0,0,0,0,0,0,0,0,0,0,0,0,0,0,0,0,0,0,0,0,16,0,0,0,0,0,0,0,0,0,0,0,0,0,0,0,0,0,0,0,0,0,0,0,0,0,0,0,0,501306,0,0
2021-08-25,US,534651,0,0,0,0,0,0,0,0,0,0,0,0,0,0,0,0,0,0,0,0,12635,0,0,0,0,0,0,0,0,0,0,0,0,0,0,0,19,0,0,0,0,0,0,0,0,0,0,0,0,0,0,0,0,0,0,0,0,0,0,0,0,0,0,0,0,0,0,0,0,0,0,0,0,0,0,0,0,0,0,0,0,0,0,0,0,0,0,0,0,0,0,0,0,0,16,0,0,0,0,0,0,0,0,0,0,0,0,0,0,0,0,0,0,0,0,0,0,0,0,0,0,0,0,521981,0,0
2021-08-26,US,555173,0,0,0,0,0,0,0,0,0,0,0,0,0,0,0,0,0,0,0,0,12432,0,0,0,0,0,0,0,0,0,0,0,0,0,0,0,20,0,0,0,0,0,0,0,0,0,0,0,0,0,0,0,0,0,0,0,0,0,0,0,0,0,0,0,0,0,0,0,0,0,0,0,0,0,0,0,0,0,0,0,0,0,0,0,0,0,0,0,0,0,0,0,0,0,15,0,0,0,0,0,0,0,0,0,0,0,0,0,0,0,0,0,0,0,0,0,0,0,0,0,0,0,0,542706,0,0
2021-08-27,US,575695,0,0,0,0,0,0,0,0,0,0,0,0,0,0,0,0,0,0,0,0,12177,0,0,0,0,0,0,0,0,0,0,0,0,0,0,0,20,0,0,0,0,0,0,0,0,0,0,0,0,0,0,0,0,0,0,0,0,0,0,0,0,0,0,0,0,0,0,0,0,0,0,0,0,0,0,0,0,0,0,0,0,0,0,0,0,0,0,0,0,0,0,0,0,0,15,0,0,0,0,0,0,0,0,0,0,0,0,0,0,0,0,0,0,0,0,0,0,0,0,0,0,0,0,563482,0,0
2021-08-28,US,596216,0,0,0,0,0,0,0,0,0,0,0,0,0,0,0,0,0,0,0,0,11872,0,0,0,0,0,0,0,0,0,0,0,0,0,0,0,21,0,0,0,0,0,0,0,0,0,0,0,0,0,0,0,0,0,0,0,0,0,0,0,0,0,0,0,0,0,0,0,0,0,0,0,0,0,0,0,0,0,0,0,0,0,0,0,0,0,0,0,0,0,0,0,0,0,14,0,0,0,0,0,0,0,0,0,0,0,0,0,0,0,0,0,0,0,0,0,0,0,0,0,0,0,0,584310,0,0
2021-08-29,US,610521,0,0,0,0,0,0,0,0,0,0,0,0,0,0,0,0,0,0,0,0,11399,0,0,0,0,0,0,0,0,0,0,0,0,0,0,0,21,0,0,0,0,0,0,0,0,0,0,0,0,0,0,0,0,0,0,0,0,0,0,0,0,0,0,0,0,0,0,0,0,0,0,0,0,0,0,0,0,0,0,0,0,0,0,0,0,0,0,0,0,0,0,0,0,0,13,0,0,0,0,0,0,0,0,0,0,0,0,0,0,0,0,0,0,0,0,0,0,0,0,0,0,0,0,599087,0,0
2021-08-30,US,624825,0,0,0,0,0,0,0,0,0,0,0,0,0,0,0,0,0,0,0,0,10891,0,0,0,0,0,0,0,0,0,0,0,0,0,0,0,21,0,0,0,0,0,0,0,0,0,0,0,0,0,0,0,0,0,0,0,0,0,0,0,0,0,0,0,0,0,0,0,0,0,0,0,0,0,0,0,0,0,0,0,0,0,0,0,0,0,0,0,0,0,0,0,0,0,13,0,0,0,0,0,0,0,0,0,0,0,0,0,0,0,0,0,0,0,0,0,0,0,0,0,0,0,0,613900,0,0
2021-08-31,US,639130,0,0,0,0,0,0,0,0,0,0,0,0,0,0,0,0,0,0,0,0,10348,0,0,0,0,0,0,0,0,0,0,0,0,0,0,0,22,0,0,0,0,0,0,0,0,0,0,0,0,0,0,0,0,0,0,0,0,0,0,0,0,0,0,0,0,0,0,0,0,0,0,0,0,0,0,0,0,0,0,0,0,0,0,0,0,0,0,0,0,0,0,0,0,0,12,0,0,0,0,0,0,0,0,0,0,0,0,0,0,0,0,0,0,0,0,0,0,0,0,0,0,0,0,628749,0,0
2021-09-01,US,653434,0,0,0,0,0,0,0,0,0,0,0,0,0,0,0,0,0,0,0,0,9769,0,0,0,0,0,0,0,0,0,0,0,0,0,0,0,22,0,0,0,0,0,0,0,0,0,0,0,0,0,0,0,0,0,0,0,0,0,0,0,0,0,0,0,0,0,0,0,0,0,0,0,0,0,0,0,0,0,0,0,0,0,0,0,0,0,0,0,0,0,0,0,0,0,11,0,0,0,0,0,0,0,0,0,0,0,0,0,0,0,0,0,0,0,0,0,0,0,0,0,0,0,0,643633,0,0
2021-09-02,US,667739,0,0,0,0,0,0,0,0,0,0,0,0,0,0,0,0,0,0,0,0,9155,0,0,0,0,0,0,0,0,0,0,0,0,0,0,0,22,0,0,0,0,0,0,0,0,0,0,0,0,0,0,0,0,0,0,0,0,0,0,0,0,0,0,0,0,0,0,0,0,0,0,0,0,0,0,0,0,0,0,0,0,0,0,0,0,0,0,0,0,0,0,0,0,0,9,0,0,0,0,0,0,0,0,0,0,0,0,0,0,0,0,0,0,0,0,0,0,0,0,0,0,0,0,658552,0,0
2021-09-03,US,682043,0,0,0,0,0,0,0,0,0,0,0,0,0,0,0,0,0,0,0,0,8505,0,0,0,0,0,0,0,0,0,0,0,0,0,0,0,23,0,0,0,0,0,0,0,0,0,0,0,0,0,0,0,0,0,0,0,0,0,0,0,0,0,0,0,0,0,0,0,0,0,0,0,0,0,0,0,0,0,0,0,0,0,0,0,0,0,0,0,0,0,0,0,0,0,8,0,0,0,0,0,0,0,0,0,0,0,0,0,0,0,0,0,0,0,0,0,0,0,0,0,0,0,0,673507,0,0
2021-09-04,US,696347,0,0,0,0,0,0,0,0,0,0,0,0,0,0,0,0,0,0,0,0,7819,0,0,0,0,0,0,0,0,0,0,0,0,0,0,0,23,0,0,0,0,0,0,0,0,0,0,0,0,0,0,0,0,0,0,0,0,0,0,0,0,0,0,0,0,0,0,0,0,0,0,0,0,0,0,0,0,0,0,0,0,0,0,0,0,0,0,0,0,0,0,0,0,0,7,0,0,0,0,0,0,0,0,0,0,0,0,0,0,0,0,0,0,0,0,0,0,0,0,0,0,0,0,688498,0,0
2021-09-05,US,687610,0,0,0,0,0,0,0,0,0,0,0,0,0,0,0,0,0,0,0,0,7656,0,0,0,0,0,0,0,0,0,0,0,0,0,0,0,23,0,0,0,0,0,0,0,0,0,0,0,0,0,0,0,0,0,0,0,0,0,0,0,0,0,0,0,0,0,0,0,0,0,0,0,0,0,0,0,0,0,0,0,0,0,0,0,0,0,0,0,0,0,0,0,0,0,9,0,0,0,0,0,0,0,0,0,0,0,0,0,0,0,0,0,0,0,0,0,0,0,0,0,0,0,0,679923,0,0
2021-09-06,US,678873,0,0,0,0,0,0,0,0,0,0,0,0,0,0,0,0,0,0,0,0,7494,0,0,0,0,0,0,0,0,0,0,0,0,0,0,0,22,0,0,0,0,0,0,0,0,0,0,0,0,0,0,0,0,0,0,0,0,0,0,0,0,0,0,0,0,0,0,0,0,0,0,0,0,0,0,0,0,0,0,0,0,0,0,0,0,0,0,0,0,0,0,0,0,0,10,0,0,0,0,0,0,0,0,0,0,0,0,0,0,0,0,0,0,0,0,0,0,0,0,0,0,0,0,671347,0,0
2021-09-07,US,670136,0,0,0,0,0,0,0,0,0,0,0,0,0,0,0,0,0,0,0,0,7334,0,0,0,0,0,0,0,0,0,0,0,0,0,0,0,22,0,0,0,0,0,0,0,0,0,0,0,0,0,0,0,0,0,0,0,0,0,0,0,0,0,0,0,0,0,0,0,0,0,0,0,0,0,0,0,0,0,0,0,0,0,0,0,0,0,0,0,0,0,0,0,0,0,11,0,0,0,0,0,0,0,0,0,0,0,0,0,0,0,0,0,0,0,0,0,0,0,0,0,0,0,0,662769,0,0
2021-09-08,US,661399,0,0,0,0,0,0,0,0,0,0,0,0,0,0,0,0,0,0,0,0,7176,0,0,0,0,0,0,0,0,0,0,0,0,0,0,0,21,0,0,0,0,0,0,0,0,0,0,0,0,0,0,0,0,0,0,0,0,0,0,0,0,0,0,0,0,0,0,0,0,0,0,0,0,0,0,0,0,0,0,0,0,0,0,0,0,0,0,0,0,0,0,0,0,0,13,0,0,0,0,0,0,0,0,0,0,0,0,0,0,0,0,0,0,0,0,0,0,0,0,0,0,0,0,654190,0,0
2021-09-09,US,652662,0,0,0,0,0,0,0,0,0,0,0,0,0,0,0,0,0,0,0,0,7019,0,0,0,0,0,0,0,0,0,0,0,0,0,0,0,21,0,0,0,0,0,0,0,0,0,0,0,0,0,0,0,0,0,0,0,0,0,0,0,0,0,0,0,0,0,0,0,0,0,0,0,0,0,0,0,0,0,0,0,0,0,0,0,0,0,0,0,0,0,0,0,0,0,14,0,0,0,0,0,0,0,0,0,0,0,0,0,0,0,0,0,0,0,0,0,0,0,0,0,0,0,0,645608,0,0
2021-09-10,US,643925,0,0,0,0,0,0,0,0,0,0,0,0,0,0,0,0,0,0,0,0,6864,0,0,0,0,0,0,0,0,0,0,0,0,0,0,0,20,0,0,0,0,0,0,0,0,0,0,0,0,0,0,0,0,0,0,0,0,0,0,0,0,0,0,0,0,0,0,0,0,0,0,0,0,0,0,0,0,0,0,0,0,0,0,0,0,0,0,0,0,0,0,0,0,0,15,0,0,0,0,0,0,0,0,0,0,0,0,0,0,0,0,0,0,0,0,0,0,0,0,0,0,0,0,637026,0,0
2021-09-11,US,635188,0,0,0,0,0,0,0,0,0,0,0,0,0,0,0,0,0,0,0,0,6711,0,0,0,0,0,0,0,0,0,0,0,0,0,0,0,20,0,0,0,0,0,0,0,0,0,0,0,0,0,0,0,0,0,0,0,0,0,0,0,0,0,0,0,0,0,0,0,0,0,0,0,0,0,0,0,0,0,0,0,0,0,0,0,0,0,0,0,0,0,0,0,0,0,16,0,0,0,0,0,0,0,0,0,0,0,0,0,0,0,0,0,0,0,0,0,0,0,0,0,0,0,0,628441,0,0
2021-09-12,US,622677,0,0,0,0,0,0,0,0,0,0,0,0,0,0,0,0,0,0,0,0,6520,0,0,0,0,0,0,0,0,0,0,0,0,0,0,0,19,0,0,0,0,0,0,0,0,0,0,0,0,0,0,0,0,0,0,0,0,0,0,0,0,0,0,0,0,0,0,0,0,0,0,0,0,0,0,0,0,0,0,0,0,0,0,0,0,0,0,0,0,0,0,0,0,0,17,0,0,0,0,0,0,0,0,0,0,0,0,0,0,0,0,0,0,0,0,0,0,0,0,0,0,0,0,616121,0,0
2021-09-13,US,610165,0,0,0,0,0,0,0,0,0,0,0,0,0,0,0,0,0,0,0,0,6331,0,0,0,0,0,0,0,0,0,0,0,0,0,0,0,19,0,0,0,0,0,0,0,0,0,0,0,0,0,0,0,0,0,0,0,0,0,0,0,0,0,0,0,0,0,0,0,0,0,0,0,0,0,0,0,0,0,0,0,0,0,0,0,0,0,0,0,0,0,0,0,0,0,18,0,0,0,0,0,0,0,0,0,0,0,0,0,0,0,0,0,0,0,0,0,0,0,0,0,0,0,0,603798,0,0
2021-09-14,US,597654,0,0,0,0,0,0,0,0,0,0,0,0,0,0,0,0,0,0,0,0,6144,0,0,0,0,0,0,0,0,0,0,0,0,0,0,0,18,0,0,0,0,0,0,0,0,0,0,0,0,0,0,0,0,0,0,0,0,0,0,0,0,0,0,0,0,0,0,0,0,0,0,0,0,0,0,0,0,0,0,0,0,0,0,0,0,0,0,0,0,0,0,0,0,0,19,0,0,0,0,0,0,0,0,0,0,0,0,0,0,0,0,0,0,0,0,0,0,0,0,0,0,0,0,591473,0,0
2021-09-15,US,585143,0,0,0,0,0,0,0,0,0,0,0,0,0,0,0,0,0,0,0,0,5960,0,0,0,0,0,0,0,0,0,0,0,0,0,0,0,18,0,0,0,0,0,0,0,0,0,0,0,0,0,0,0,0,0,0,0,0,0,0,0,0,0,0,0,0,0,0,0,0,0,0,0,0,0,0,0,0,0,0,0,0,0,0,0,0,0,0,0,0,0,0,0,0,0,20,0,0,0,0,0,0,0,0,0,0,0,0,0,0,0,0,0,0,0,0,0,0,0,0,0,0,0,0,579145,0,0
2021-09-16,US,572631,0,0,0,0,0,0,0,0,0,0,0,0,0,0,0,0,0,0,0,0,5778,0,0,0,0,0,0,0,0,0,0,0,0,0,0,0,17,0,0,0,0,0,0,0,0,0,0,0,0,0,0,0,0,0,0,0,0,0,0,0,0,0,0,0,0,0,0,0,0,0,0,0,0,0,0,0,0,0,0,0,0,0,0,0,0,0,0,0,0,0,0,0,0,0,21,0,0,0,0,0,0,0,0,0,0,0,0,0,0,0,0,0,0,0,0,0,0,0,0,0,0,0,0,566815,0,0
2021-09-17,US,560120,0,0,0,0,0,0,0,0,0,0,0,0,0,0,0,0,0,0,0,0,5599,0,0,0,0,0,0,0,0,0,0,0,0,0,0,0,17,0,0,0,0,0,0,0,0,0,0,0,0,0,0,0,0,0,0,0,0,0,0,0,0,0,0,0,0,0,0,0,0,0,0,0,0,0,0,0,0,0,0,0,0,0,0,0,0,0,0,0,0,0,0,0,0,0,22,0,0,0,0,0,0,0,0,0,0,0,0,0,0,0,0,0,0,0,0,0,0,0,0,0,0,0,0,554483,0,0
2021-09-18,US,547609,0,0,0,0,0,0,0,0,0,0,0,0,0,0,0,0,0,0,0,0,5422,0,0,0,0,0,0,0,0,0,0,0,0,0,0,0,16,0,0,0,0,0,0,0,0,0,0,0,0,0,0,0,0,0,0,0,0,0,0,0,0,0,0,0,0,0,0,0,0,0,0,0,0,0,0,0,0,0,0,0,0,0,0,0,0,0,0,0,0,0,0,0,0,0,22,0,0,0,0,0,0,0,0,0,0,0,0,0,0,0,0,0,0,0,0,0,0,0,0,0,0,0,0,542148,0,0
2021-09-19,US,533084,0,0,0,0,0,0,0,0,0,0,0,0,0,0,0,0,0,0,0,0,5228,0,0,0,0,0,0,0,0,0,0,0,0,0,0,0,15,0,0,0,0,0,0,0,0,0,0,0,0,0,0,0,0,0,0,0,0,0,0,0,0,0,0,0,0,0,0,0,0,0,0,0,0,0,0,0,0,0,0,0,0,0,0,0,0,0,0,0,0,0,0,0,0,0,23,0,0,0,0,0,0,0,0,0,0,0,0,0,0,0,0,0,0,0,0,0,0,0,0,0,0,0,0,527818,0,0
2021-09-20,US,518560,0,0,0,0,0,0,0,0,0,0,0,0,0,0,0,0,0,0,0,0,5036,0,0,0,0,0,0,0,0,0,0,0,0,0,0,0,15,0,0,0,0,0,0,0,0,0,0,0,0,0,0,0,0,0,0,0,0,0,0,0,0,0,0,0,0,0,0,0,0,0,0,0,0,0,0,0,0,0,0,0,0,0,0,0,0,0,0,0,0,0,0,0,0,0,23,0,0,0,0,0,0,0,0,0,0,0,0,0,0,0,0,0,0,0,0,0,0,0,0,0,0,0,0,513485,0,0
2021-09-21,US,504035,0,0,0,0,0,0,0,0,0,0,0,0,0,0,0,0,0,0,0,0,4847,0,0,0,0,0,0,0,0,0,0,0,0,0,0,0,14,0,0,0,0,0,0,0,0,0,0,0,0,0,0,0,0,0,0,0,0,0,0,0,0,0,0,0,0,0,0,0,0,0,0,0,0,0,0,0,0,0,0,0,0,0,0,0,0,0,0,0,0,0,0,0,0,0,24,0,0,0,0,0,0,0,0,0,0,0,0,0,0,0,0,0,0,0,0,0,0,0,0,0,0,0,0,499150,0,0
2021-09-22,US,489510,0,0,0,0,0,0,0,0,0,0,0,0,0,0,0,0,0,0,0,0,4661,0,0,0,0,0,0,0,0,0,0,0,0,0,0,0,14,0,0,0,0,0,0,0,0,0,0,0,0,0,0,0,0,0,0,0,0,0,0,0,0,0,0,0,0,0,0,0,0,0,0,0,0,0,0,0,0,0,0,0,0,0,0,0,0,0,0,0,0,0,0,0,0,0,24,0,0,0,0,0,0,0,0,0,0,0,0,0,0,0,0,0,0,0,0,0,0,0,0,0,0,0,0,484811,0,0
2021-09-23,US,474986,0,0,0,0,0,0,0,0,0,0,0,0,0,0,0,0,0,0,0,0,4478,0,0,0,0,0,0,0,0,0,0,0,0,0,0,0,13,0,0,0,0,0,0,0,0,0,0,0,0,0,0,0,0,0,0,0,0,0,0,0,0,0,0,0,0,0,0,0,0,0,0,0,0,0,0,0,0,0,0,0,0,0,0,0,0,0,0,0,0,0,0,0,0,0,25,0,0,0,0,0,0,0,0,0,0,0,0,0,0,0,0,0,0,0,0,0,0,0,0,0,0,0,0,470470,0,0
2021-09-24,US,460461,0,0,0,0,0,0,0,0,0,0,0,0,0,0,0,0,0,0,0,0,4297,0,0,0,0,0,0,0,0,0,0,0,0,0,0,0,13,0,0,0,0,0,0,0,0,0,0,0,0,0,0,0,0,0,0,0,0,0,0,0,0,0,0,0,0,0,0,0,0,0,0,0,0,0,0,0,0,0,0,0,0,0,0,0,0,0,0,0,0,0,0,0,0,0,25,0,0,0,0,0,0,0,0,0,0,0,0,0,0,0,0,0,0,0,0,0,0,0,0,0,0,0,0,456127,0,0
2021-09-25,US,445937,0,0,0,0,0,0,0,0,0,0,0,0,0,0,0,0,0,0,0,0,4119,0,0,0,0,0,0,0,0,0,0,0,0,0,0,0,12,0,0,0,0,0,0,0,0,0,0,0,0,0,0,0,0,0,0,0,0,0,0,0,0,0,0,0,0,0,0,0,0,0,0,0,0,0,0,0,0,0,0,0,0,0,0,0,0,0,0,0,0,0,0,0,0,0,25,0,0,0,0,0,0,0,0,0,0,0,0,0,0,0,0,0,0,0,0,0,0,0,0,0,0,0,0,441780,0,0
2021-09-26,US,446209,0,0,0,0,0,0,0,0,0,0,0,0,0,0,0,0,0,0,0,0,4080,0,0,0,0,0,0,0,0,0,0,0,0,0,0,0,12,0,0,0,0,0,0,0,0,0,0,0,0,0,0,0,0,0,0,0,0,0,0,0,0,0,0,0,0,0,0,0,0,0,0,0,0,0,0,0,0,0,0,0,0,0,0,0,0,0,0,0,0,0,0,0,0,0,26,0,0,0,0,0,0,0,0,0,0,0,0,0,0,0,0,0,0,0,0,0,0,0,0,0,0,0,0,442091,0,0
2021-09-27,US,446481,0,0,0,0,0,0,0,0,0,0,0,0,0,0,0,0,0,0,0,0,4040,0,0,0,0,0,0,0,0,0,0,0,0,0,0,0,12,0,0,0,0,0,0,0,0,0,0,0,0,0,0,0,0,0,0,0,0,0,0,0,0,0,0,0,0,0,0,0,0,0,0,0,0,0,0,0,0,0,0,0,0,0,0,0,0,0,0,0,0,0,0,0,0,0,27,0,0,0,0,0,0,0,0,0,0,0,0,0,0,0,0,0,0,0,0,0,0,0,0,0,0,0,0,442402,0,0
2021-09-28,US,446753,0,0,0,0,0,0,0,0,0,0,0,0,0,0,0,0,0,0,0,0,4000,0,0,0,0,0,0,0,0,0,0,0,0,0,0,0,12,0,0,0,0,0,0,0,0,0,0,0,0,0,0,0,0,0,0,0,0,0,0,0,0,0,0,0,0,0,0,0,0,0,0,0,0,0,0,0,0,0,0,0,0,0,0,0,0,0,0,0,0,0,0,0,0,0,28,0,0,0,0,0,0,0,0,0,0,0,0,0,0,0,0,0,0,0,0,0,0,0,0,0,0,0,0,442714,0,0
2021-09-29,US,447025,0,0,0,0,0,0,0,0,0,0,0,0,0,0,0,0,0,0,0,0,3960,0,0,0,0,0,0,0,0,0,0,0,0,0,0,0,12,0,0,0,0,0,0,0,0,0,0,0,0,0,0,0,0,0,0,0,0,0,0,0,0,0,0,0,0,0,0,0,0,0,0,0,0,0,0,0,0,0,0,0,0,0,0,0,0,0,0,0,0,0,0,0,0,0,29,0,0,0,0,0,0,0,0,0,0,0,0,0,0,0,0,0,0,0,0,0,0,0,0,0,0,0,0,443025,0,0
2021-09-30,US,447298,0,0,0,0,0,0,0,0,0,0,0,0,0,0,0,0,0,0,0,0,3920,0,0,0,0,0,0,0,0,0,0,0,0,0,0,0,12,0,0,0,0,0,0,0,0,0,0,0,0,0,0,0,0,0,0,0,0,0,0,0,0,0,0,0,0,0,0,0,0,0,0,0,0,0,0,0,0,0,0,0,0,0,0,0,0,0,0,0,0,0,0,0,0,0,30,0,0,0,0,0,0,0,0,0,0,0,0,0,0,0,0,0,0,0,0,0,0,0,0,0,0,0,0,443336,0,0
2021-10-01,US,447570,0,0,0,0,0,0,0,0,0,0,0,0,0,0,0,0,0,0,0,0,3880,0,0,0,0,0,0,0,0,0,0,0,0,0,0,0,12,0,0,0,0,0,0,0,0,0,0,0,0,0,0,0,0,0,0,0,0,0,0,0,0,0,0,0,0,0,0,0,0,0,0,0,0,0,0,0,0,0,0,0,0,0,0,0,0,0,0,0,0,0,0,0,0,0,31,0,0,0,0,0,0,0,0,0,0,0,0,0,0,0,0,0,0,0,0,0,0,0,0,0,0,0,0,443647,0,0
2021-10-02,US,447842,0,0,0,0,0,0,0,0,0,0,0,0,0,0,0,0,0,0,0,0,3840,0,0,0,0,0,0,0,0,0,0,0,0,0,0,0,11,0,0,0,2,2,0,0,0,0,0,0,0,0,0,0,0,0,0,0,0,0,0,0,0,0,0,0,0,0,0,0,0,0,0,0,0,0,0,0,0,0,0,0,0,0,0,0,0,0,0,0,0,0,2,0,0,0,32,0,0,0,0,0,0,0,0,0,0,0,0,0,0,0,0,0,0,0,0,0,0,0,0,0,0,0,0,443952,0,0
2021-10-03,US,446231,0,0,0,0,0,0,0,0,0,0,0,0,0,0,0,0,0,0,0,0,3821,0,0,0,0,0,0,0,0,0,0,0,0,0,0,0,11,0,0,0,2,2,0,0,0,0,0,0,0,0,0,0,0,0,0,0,0,0,0,0,0,0,0,0,0,0,0,0,0,0,0,0,0,0,0,0,0,0,0,0,0,0,0,0,0,0,0,0,0,0,2,0,0,0,31,0,0,0,0,0,0,0,0,0,0,0,0,0,0,0,0,0,0,0,0,0,0,0,0,0,0,0,0,442360,0,0
2021-10-04,US,444620,0,0,0,0,0,0,0,0,0,0,0,0,0,0,0,0,0,0,0,0,3803,0,0,0,0,0,0,0,0,0,0,0,0,0,0,0,11,0,0,0,2,2,0,0,0,0,0,0,0,0,0,0,0,0,0,0,0,0,0,0,0,0,0,0,0,0,0,0,0,0,0,0,0,0,0,0,0,0,0,0,0,0,0,0,0,0,0,0,0,0,2,0,0,0,30,0,0,0,0,0,0,0,0,0,0,0,0,0,0,0,0,0,0,0,0,0,0,0,0,0,0,0,0,440769,0,0
2021-10-05,US,443009,0,0,0,0,0,0,0,0,0,0,0,0,0,0,0,0,0,0,0,0,3784,0,0,0,0,0,0,0,0,0,0,0,0,0,0,0,11,0,0,0,2,2,0,0,0,0,0,0,0,0,0,0,0,0,0,0,0,0,0,0,0,0,0,0,0,0,0,0,0,0,0,0,0,0,0,0,0,0,0,0,0,0,0,0,0,0,0,0,0,0,2,0,0,0,30,0,0,0,0,0,0,0,0,0,0,0,0,0,0,0,0,0,0,0,0,0,0,0,0,0,0,0,0,439177,0,0
2021-10-06,US,441398,0,0,0,0,0,0,0,0,0,0,0,0,0,0,0,0,0,0,0,0,3766,0,0,0,0,0,0,0,0,0,0,0,0,0,0,0,11,0,0,0,2,2,0,0,0,0,0,0,0,0,0,0,0,0,0,0,0,0,0,0,0,0,0,0,0,0,0,0,0,0,0,0,0,0,0,0,0,0,0,0,0,0,0,0,0,0,0,0,0,0,2,0,0,0,29,0,0,0,0,0,0,0,0,0,0,0,0,0,0,0,0,0,0,0,0,0,0,0,0,0,0,0,0,437585,0,0
2021-10-07,US,439787,0,0,0,0,0,0,0,0,0,0,0,0,0,0,0,0,0,0,0,0,3748,0,0,0,0,0,0,0,0,0,0,0,0,0,0,0,11,0,0,0,2,2,0,0,0,0,0,0,0,0,0,0,0,0,0,0,0,0,0,0,0,0,0,0,0,0,0,0,0,0,0,0,0,0,0,0,0,0,0,0,0,0,0,0,0,0,0,0,0,0,2,0,0,0,28,0,0,0,0,0,0,0,0,0,0,0,0,0,0,0,0,0,0,0,0,0,0,0,0,0,0,0,0,435993,0,0
2021-10-08,US,438176,0,0,0,0,0,0,0,0,0,0,0,0,0,0,0,0,0,0,0,0,3729,0,0,0,0,0,0,0,0,0,0,0,0,0,0,0,11,0,0,0,2,2,0,0,0,0,0,0,0,0,0,0,0,0,0,0,0,0,0,0,0,0,0,0,0,0,0,0,0,0,0,0,0,0,0,0,0,0,0,0,0,0,0,0,0,0,0,0,0,0,2,0,0,0,28,0,0,0,0,0,0,0,0,0,0,0,0,0,0,0,0,0,0,0,0,0,0,0,0,0,0,0,0,434401,0,0
2021-10-09,US,436565,0,0,0,0,0,0,0,0,0,0,0,0,0,0,0,0,0,0,0,0,3711,0,0,0,0,0,0,0,0,0,0,0,0,0,0,0,11,0,0,0,2,2,0,0,0,0,0,0,0,0,0,0,0,0,0,0,0,0,0,0,0,0,0,0,0,0,0,0,0,0,0,0,0,0,0,0,0,0,0,0,0,0,0,0,0,0,0,0,0,0,2,0,0,0,27,0,0,0,0,0,0,0,0,0,0,0,0,0,0,0,0,0,0,0,0,0,0,0,0,0,0,0,0,432809,0,0
2021-10-10,US,427725,0,0,0,0,0,0,0,0,0,0,0,0,0,0,0,0,0,0,0,0,3631,0,0,0,0,0,0,0,0,0,0,0,0,0,0,0,11,0,0,0,2,2,0,0,0,0,0,0,0,0,0,0,0,0,0,0,0,0,0,0,0,0,0,0,0,0,0,0,0,0,0,0,0,0,0,0,0,0,0,0,0,0,0,0,0,0,0,0,0,0,2,0,0,0,26,0,0,0,0,0,0,0,0,0,0,0,0,0,0,0,0,0,0,0,0,0,0,0,0,0,0,0,0,424050,0,0
2021-10-11,US,418885,0,0,0,0,0,0,0,0,0,0,0,0,0,0,0,0,0,0,0,0,3552,0,0,0,0,0,0,0,0,0,0,0,0,0,0,0,11,0,0,0,2,2,0,0,0,0,0,0,0,0,0,0,0,0,0,0,0,0,0,0,0,0,0,0,0,0,0,0,0,0,0,0,0,0,0,0,0,0,0,0,0,0,0,0,0,0,0,0,0,0,2,0,0,0,25,0,0,0,0,0,0,0,0,0,0,0,0,0,0,0,0,0,0,0,0,0,0,0,0,0,0,0,0,415290,0,0
2021-10-12,US,410044,0,0,0,0,0,0,0,0,0,0,0,0,0,0,0,0,0,0,0,0,3473,0,0,0,0,0,0,0,0,0,0,0,0,0,0,0,11,0,0,0,2,2,0,0,0,0,0,0,0,0,0,0,0,0,0,0,0,0,0,0,0,0,0,0,0,0,0,0,0,0,0,0,0,0,0,0,0,0,0,0,0,0,0,0,0,0,0,0,0,0,2,0,0,0,24,0,0,0,0,0,0,0,0,0,0,0,0,0,0,0,0,0,0,0,0,0,0,0,0,0,0,0,0,406531,0,0
2021-10-13,US,401204,0,0,0,0,0,0,0,0,0,0,0,0,0,0,0,0,0,0,0,0,3394,0,0,0,0,0,0,0,0,0,0,0,0,0,0,0,11,0,0,0,2,2,0,0,0,0,0,0,0,0,0,0,0,0,0,0,0,0,0,0,0,0,0,0,0,0,0,0,0,0,0,0,0,0,0,0,0,0,0,0,0,0,0,0,0,0,0,0,0,0,2,0,0,0,23,0,0,0,0,0,0,0,0,0,0,0,0,0,0,0,0,0,0,0,0,0,0,0,0,0,0,0,0,397771,0,0
2021-10-14,US,392364,0,0,0,0,0,0,0,0,0,0,0,0,0,0,0,0,0,0,0,0,3315,0,0,0,0,0,0,0,0,0,0,0,0,0,0,0,10,0,0,0,2,2,0,0,0,0,0,0,0,0,0,0,0,0,0,0,0,0,0,0,0,0,0,0,0,0,0,0,0,0,0,0,0,0,0,0,0,0,0,0,0,0,0,0,0,0,0,0,0,0,2,0,0,0,22,0,0,0,0,0,0,0,0,0,0,0,0,0,0,0,0,0,0,0,0,0,0,0,0,0,0,0,0,389011,0,0
2021-10-15,US,383523,0,0,0,0,0,0,0,0,0,0,0,0,0,0,0,0,0,0,0,0,3236,0,0,0,0,0,0,0,0,0,0,0,0,0,0,0,10,0,0,0,2,2,0,0,0,0,0,0,0,0,0,0,0,0,0,0,0,0,0,0,0,0,0,0,0,0,0,0,0,0,0,0,0,0,0,0,0,0,0,0,0,0,0,0,0,0,0,0,0,0,2,0,0,0,21,0,0,0,0,0,0,0,0,0,0,0,0,0,0,0,0,0,0,0,0,0,0,0,0,0,0,0,0,380250,0,0
2021-10-16,US,374683,0,0,0,0,0,0,0,0,0,0,0,0,0,0,0,0,0,0,0,0,3158,0,0,0,0,0,0,0,0,0,0,0,0,0,0,0,10,0,0,0,2,2,0,0,0,0,0,0,0,0,0,0,0,0,0,0,0,0,0,0,0,0,0,0,0,0,0,0,0,0,0,0,0,0,0,0,0,0,0,0,0,0,0,0,0,0,0,0,0,0,2,0,0,0,20,0,0,0,0,0,0,0,0,0,0,0,0,0,0,0,0,0,0,0,0,0,0,0,0,0,0,0,0,371490,0,0
2021-10-17,US,373964,0,0,0,0,0,0,0,0,0,0,0,0,0,0,0,0,0,0,0,0,3148,0,0,0,0,0,0,0,0,0,0,0,0,0,0,0,10,0,0,0,2,2,0,0,0,0,0,0,0,0,0,0,0,0,0,0,0,0,0,0,0,0,0,0,0,0,0,0,0,0,0,0,0,0,0,0,0,0,0,0,0,0,0,0,0,0,0,0,0,0,2,0,0,0,19,0,0,0,0,0,0,0,0,0,0,0,0,0,0,0,0,0,0,0,0,0,0,0,0,0,0,0,0,370781,0,0
2021-10-18,US,373245,0,0,0,0,0,0,0,0,0,0,0,0,0,0,0,0,0,0,0,0,3138,0,0,0,0,0,0,0,0,0,0,0,0,0,0,0,10,0,0,0,2,2,0,0,0,0,0,0,0,0,0,0,0,0,0,0,0,0,0,0,0,0,0,0,0,0,0,0,0,0,0,0,0,0,0,0,0,0,0,0,0,0,0,0,0,0,0,0,0,0,2,0,0,0,19,0,0,0,0,0,0,0,0,0,0,0,0,0,0,0,0,0,0,0,0,0,0,0,0,0,0,0,0,370072,0,0
2021-10-19,US,372525,0,0,0,0,0,0,0,0,0,0,0,0,0,0,0,0,0,0,0,0,3128,0,0,0,0,0,0,0,0,0,0,0,0,0,0,0,10,0,0,0,2,2,0,0,0,0,0,0,0,0,0,0,0,0,0,0,0,0,0,0,0,0,0,0,0,0,0,0,0,0,0,0,0,0,0,0,0,0,0,0,0,0,0,0,0,0,0,0,0,0,2,0,0,0,18,0,0,0,0,0,0,0,0,0,0,0,0,0,0,0,0,0,0,0,0,0,0,0,0,0,0,0,0,369364,0,0
2021-10-20,US,371806,0,0,0,0,0,0,0,0,0,0,0,0,0,0,0,0,0,0,0,0,3118,0,0,0,0,0,0,0,0,0,0,0,0,0,0,0,10,0,0,0,2,2,0,0,0,0,0,0,0,0,0,0,0,0,0,0,0,0,0,0,0,0,0,0,0,0,0,0,0,0,0,0,0,0,0,0,0,0,0,0,0,0,0,0,0,0,0,0,0,0,2,0,0,0,17,0,0,0,0,0,0,0,0,0,0,0,0,0,0,0,0,0,0,0,0,0,0,0,0,0,0,0,0,368655,0,0
2021-10-21,US,371087,0,0,0,0,0,0,0,0,0,0,0,0,0,0,0,0,0,0,0,0,3108,0,0,0,0,0,0,0,0,0,0,0,0,0,0,0,10,0,0,0,2,2,0,0,0,0,0,0,0,0,0,0,0,0,0,0,0,0,0,0,0,0,0,0,0,0,0,0,0,0,0,0,0,0,0,0,0,0,0,0,0,0,0,0,0,0,0,0,0,0,2,0,0,0,17,0,0,0,0,0,0,0,0,0,0,0,0,0,0,0,0,0,0,0,0,0,0,0,0,0,0,0,0,367946,0,0
2021-10-22,US,370368,0,0,0,0,0,0,0,0,0,0,0,0,0,0,0,0,0,0,0,0,3098,0,0,0,0,0,0,0,0,0,0,0,0,0,0,0,10,0,0,0,2,2,0,0,0,0,0,0,0,0,0,0,0,0,0,0,0,0,0,0,0,0,0,0,0,0,0,0,0,0,0,0,0,0,0,0,0,0,0,0,0,0,0,0,0,0,0,0,0,0,2,0,0,0,16,0,0,0,0,0,0,0,0,0,0,0,0,0,0,0,0,0,0,0,0,0,0,0,0,0,0,0,0,367238,0,0
2021-10-23,US,369649,0,0,0,0,0,0,0,0,0,0,0,0,0,0,0,0,0,0,0,0,3088,0,0,0,0,0,0,0,0,0,0,0,0,0,0,0,10,0,0,0,2,2,0,0,0,0,0,0,0,0,0,0,0,0,0,0,0,0,0,0,0,0,0,0,0,0,0,0,0,0,0,0,0,0,0,0,0,0,0,0,0,0,0,0,0,0,0,0,0,0,2,0,0,0,16,0,0,0,0,0,0,0,0,0,0,0,0,0,0,0,0,0,0,0,0,0,0,0,0,0,0,0,0,366529,0,0
2021-10-24,US,380324,0,0,0,0,0,0,0,0,0,0,0,0,0,0,0,0,0,0,0,0,3173,0,0,0,0,0,0,0,0,0,0,0,0,0,0,0,10,0,0,0,2,2,0,0,0,0,0,0,0,0,0,0,0,0,0,0,0,0,0,0,0,0,0,0,0,0,0,0,0,0,0,0,0,0,0,0,0,0,0,0,0,0,0,0,0,0,0,0,0,0,2,0,0,0,16,0,0,0,0,0,0,0,0,0,0,0,0,0,0,0,0,0,0,0,0,0,0,0,0,0,0,0,0,377119,0,0
2021-10-25,US,390999,0,0,0,0,0,0,0,0,0,0,0,0,0,0,0,0,0,0,0,0,3258,0,0,0,0,0,0,0,0,0,0,0,0,0,0,0,11,0,0,0,2,2,0,0,0,0,0,0,0,0,0,0,0,0,0,0,0,0,0,0,0,0,0,0,0,0,0,0,0,0,0,0,0,0,0,0,0,0,0,0,0,0,0,0,0,0,0,0,0,0,2,0,0,0,16,0,0,0,0,0,0,0,0,0,0,0,0,0,0,0,0,0,0,0,0,0,0,0,0,0,0,0,0,387708,0,0
2021-10-26,US,401674,0,0,0,0,0,0,0,0,0,0,0,0,0,0,0,0,0,0,0,0,3343,0,0,0,0,0,0,0,0,0,0,0,0,0,0,0,11,0,0,0,2,2,0,0,0,0,0,0,0,0,0,0,0,0,0,0,0,0,0,0,0,0,0,0,0,0,0,0,0,0,0,0,0,0,0,0,0,0,0,0,0,0,0,0,0,0,0,0,0,0,2,0,0,0,16,0,0,0,0,0,0,0,0,0,0,0,0,0,0,0,0,0,0,0,0,0,0,0,0,0,0,0,0,398298,0,0
2021-10-27,US,412350,0,0,0,0,0,0,0,0,0,0,0,0,0,0,0,0,0,0,0,0,3428,0,0,0,0,0,0,0,0,0,0,0,0,0,0,0,11,0,0,0,2,2,0,0,0,0,0,0,0,0,0,0,0,0,0,0,0,0,0,0,0,0,0,0,0,0,0,0,0,0,0,0,0,0,0,0,0,0,0,0,0,0,0,0,0,0,0,0,0,0,2,0,0,0,15,0,0,0,0,0,0,0,0,0,0,0,0,0,0,0,0,0,0,0,0,0,0,0,0,0,0,0,0,408888,0,0
2021-10-28,US,423025,0,0,0,0,0,0,0,0,0,0,0,0,0,0,0,0,0,0,0,0,3512,0,0,0,0,0,0,0,0,0,0,0,0,0,0,0,12,0,0,0,2,2,0,0,0,0,0,0,0,0,0,0,0,0,0,0,0,0,0,0,0,0,0,0,0,0,0,0,0,0,0,0,0,0,0,0,0,0,0,0,0,0,0,0,0,0,0,0,0,0,2,0,0,0,15,0,0,0,0,0,0,0,0,0,0,0,0,0,0,0,0,0,0,0,0,0,0,0,0,0,0,0,0,419479,0,0
2021-10-29,US,433700,0,0,0,0,0,0,0,0,0,0,0,0,0,0,0,0,0,0,0,0,3596,0,0,0,0,0,0,0,0,0,0,0,0,0,0,0,12,0,0,0,2,2,0,0,0,0,0,0,0,0,0,0,0,0,0,0,0,0,0,0,0,0,0,0,0,0,0,0,0,0,0,0,0,0,0,0,0,0,0,0,0,0,0,0,0,0,0,0,0,0,2,0,0,0,15,0,0,0,0,0,0,0,0,0,0,0,0,0,0,0,0,0,0,0,0,0,0,0,0,0,0,0,0,430070,0,0
2021-10-30,US,444375,0,0,0,0,0,0,0,0,0,0,0,0,0,0,0,0,0,0,0,0,3680,0,0,0,0,0,0,0,0,0,0,0,0,0,0,0,12,0,0,0,2,2,0,2,0,0,0,0,0,0,0,0,0,0,0,0,0,0,0,0,0,0,0,0,0,0,0,0,0,0,0,0,0,0,0,0,0,0,0,0,0,0,0,0,0,0,0,0,0,0,2,0,0,0,15,0,0,0,0,0,0,0,0,0,0,0,0,0,0,0,0,0,0,0,0,0,0,0,0,0,0,0,0,440658,0,0
2021-10-31,US,447068,0,0,0,0,0,0,0,0,0,0,0,0,0,0,0,0,0,0,0,0,3765,0,0,0,0,0,0,0,0,0,0,0,0,0,0,0,15,0,0,0,3,3,0,3,0,0,0,0,0,0,0,0,0,0,0,0,0,0,0,0,0,0,0,0,0,0,0,0,0,0,0,0,0,0,0,0,0,0,0,0,0,0,0,0,0,0,0,0,0,0,2,0,0,0,18,0,0,0,0,0,0,0,0,0,0,0,0,0,0,0,0,0,0,0,0,0,0,0,0,0,0,0,0,443260,0,0
2021-11-01,US,449760,0,0,0,0,0,0,0,0,0,0,0,0,0,0,0,0,0,0,0,0,3851,0,0,0,0,0,0,0,0,0,0,0,0,0,0,0,18,0,0,0,4,3,0,3,0,0,0,0,0,0,0,0,0,0,0,0,0,0,0,0,0,0,0,0,0,0,0,0,0,0,0,0,0,0,0,0,0,0,0,0,0,0,0,0,0,0,0,0,0,0,2,0,0,0,20,0,0,0,0,0,0,0,0,0,0,0,0,0,0,0,0,0,0,0,0,0,0,0,0,0,0,0,0,445860,0,0
2021-11-02,US,452453,0,0,0,0,0,0,0,0,0,0,0,0,0,0,0,0,0,0,0,0,3938,0,0,0,0,0,0,0,0,0,0,0,0,0,0,0,20,0,0,0,4,3,0,3,0,0,0,0,0,0,0,0,0,0,0,0,0,0,0,0,0,0,0,0,0,0,0,0,0,0,0,0,0,0,0,0,0,0,0,0,0,0,0,0,0,0,0,0,0,0,2,0,0,0,23,0,0,0,0,0,0,0,0,0,0,0,0,0,0,0,0,0,0,0,0,0,0,0,0,0,0,0,0,448460,0,0
2021-11-03,US,455146,0,0,0,0,0,0,0,0,0,0,0,0,0,0,0,0,0,0,0,0,4025,0,0,0,0,0,0,0,0,0,0,0,0,0,0,0,23,0,0,0,5,3,0,3,0,0,0,0,0,0,0,0,0,0,0,0,0,0,0,0,0,0,0,0,0,0,0,0,0,0,0,0,0,0,0,0,0,0,0,0,0,0,0,0,0,0,0,0,0,0,2,0,0,0,26,0,0,0,0,0,0,0,0,0,0,0,0,0,0,0,0,0,0,0,0,0,0,0,0,0,0,0,0,451059,0,0
2021-11-04,US,457838,0,0,0,0,0,0,0,0,0,0,0,0,0,0,0,0,0,0,0,0,4113,0,0,0,0,0,0,0,0,0,0,0,0,0,0,0,26,0,0,0,6,3,0,3,0,0,0,0,0,0,0,0,0,0,0,0,0,0,0,0,0,0,0,0,0,0,0,0,0,0,0,0,0,0,0,0,0,0,0,0,0,0,0,0,0,0,0,0,0,0,2,0,0,0,29,0,0,0,0,0,0,0,0,0,0,0,0,0,0,0,0,0,0,0,0,0,0,0,0,0,0,0,0,453657,0,0
2021-11-05,US,460531,0,0,0,0,0,0,0,0,0,0,0,0,0,0,0,0,0,0,0,0,4202,0,0,0,0,0,0,0,0,0,0,0,0,0,0,0,29,0,0,0,6,3,0,3,0,0,0,0,0,0,0,0,0,0,0,0,0,0,0,0,0,0,0,0,0,0,0,0,0,0,0,0,0,0,0,0,0,0,0,0,0,0,0,0,0,0,0,0,0,0,2,0,0,0,32,0,0,0,0,0,0,0,0,0,0,0,0,0,0,0,0,0,0,0,0,0,0,0,0,0,0,0,0,456254,0,0
2021-11-06,US,463224,0,0,0,0,0,0,0,0,0,0,0,0,0,0,0,0,0,0,0,0,4292,0,0,0,0,0,0,0,0,0,0,0,0,0,0,0,31,0,0,0,7,3,0,3,0,0,0,0,0,0,0,0,0,0,0,0,0,0,0,0,0,0,0,0,0,0,0,0,0,0,0,0,0,0,0,0,0,0,0,0,0,0,0,0,0,0,0,0,0,0,2,0,0,0,35,0,0,0,0,0,0,0,0,0,0,0,0,0,0,0,0,0,0,0,0,0,0,0,0,0,0,0,0,458851,0,0
2021-11-07,US,470791,0,0,0,0,0,0,0,0,0,0,0,0,0,0,0,0,0,0,0,0,4428,0,0,0,0,0,0,0,0,0,0,0,0,0,0,0,35,0,0,0,8,3,0,3,0,0,0,0,0,0,0,0,0,0,0,0,0,0,0,0,0,0,0,0,0,0,0,0,0,0,0,0,0,0,0,0,0,0,0,0,0,0,0,0,0,0,0,0,0,0,2,0,0,0,38,0,0,0,0,0,0,0,0,0,0,0,0,0,0,0,0,0,0,0,0,0,0,0,0,0,0,0,0,466274,0,0
2021-11-08,US,478358,0,0,0,0,0,0,0,0,0,0,0,0,0,0,0,0,0,0,0,0,4566,0,0,0,0,0,0,0,0,0,0,0,0,0,0,0,38,0,0,0,8,3,0,3,0,0,0,0,0,0,0,0,0,0,0,0,0,0,0,0,0,0,0,0,0,0,0,0,0,0,0,0,0,0,0,0,0,0,0,0,0,0,0,0,0,0,0,0,0,0,3,0,0,0,41,0,0,0,0,0,0,0,0,0,0,0,0,0,0,0,0,0,0,0,0,0,0,0,0,0,0,0,0,473695,0,0
2021-11-09,US,485925,0,0,0,0,0,0,0,0,0,0,0,0,0,0,0,0,0,0,0,0,4707,0,0,0,0,0,0,0,0,0,0,0,0,0,0,0,41,0,0,0,9,3,0,3,0,0,0,0,0,0,0,0,0,0,0,0,0,0,0,0,0,0,0,0,0,0,0,0,0,0,0,0,0,0,0,0,0,0,0,0,0,0,0,0,0,0,0,0,0,0,3,0,0,0,45,0,0,0,0,0,0,0,0,0,0,0,0,0,0,0,0,0,0,0,0,0,0,0,0,0,0,0,0,481113,0,0
2021-11-10,US,493492,0,0,0,0,0,0,0,0,0,0,0,0,0,0,0,0,0,0,0,0,4849,0,0,0,0,0,0,0,0,0,0,0,0,0,0,0,45,0,0,0,10,4,0,3,0,0,0,0,0,0,0,0,0,0,0,0,0,0,0,0,0,0,0,0,0,0,0,0,0,0,0,0,0,0,0,0,0,0,0,0,0,0,0,0,0,0,0,0,0,0,3,0,0,0,49,0,0,0,0,0,0,0,0,0,0,0,0,0,0,0,0,0,0,0,0,0,0,0,0,0,0,0,0,488530,0,0
2021-11-11,US,501059,0,0,0,0,0,0,0,0,0,0,0,0,0,0,0,0,0,0,0,0,4994,0,0,0,0,0,0,0,0,0,0,0,0,0,0,0,48,0,0,0,11,4,0,4,0,0,0,0,0,0,0,0,0,0,0,0,0,0,0,0,0,0,0,0,0,0,0,0,0,0,0,0,0,0,0,0,0,0,0,0,0,0,0,0,0,0,0,0,0,0,3,0,0,0,52,0,0,0,0,0,0,0,0,0,0,0,0,0,0,0,0,0,0,0,0,0,0,0,0,0,0,0,0,495943,0,0
2021-11-12,US,508626,0,0,0,0,0,0,0,0,0,0,0,0,0,0,0,0,0,0,0,0,5141,0,0,0,0,0,0,0,0,0,0,0,0,0,0,0,52,0,0,0,12,4,0,4,0,0,0,0,0,0,0,0,0,0,0,0,0,0,0,0,0,0,0,0,0,0,0,0,0,0,0,0,0,0,0,0,0,0,0,0,0,0,0,0,0,0,0,0,0,0,3,0,0,0,56,0,0,0,0,0,0,0,0,0,0,0,0,0,0,0,0,0,0,0,0,0,0,0,0,0,0,0,0,503355,0,0
2021-11-13,US,516193,0,0,0,0,0,0,0,0,0,0,0,0,0,0,0,0,0,0,0,0,5290,0,0,0,0,0,0,0,0,0,0,0,0,0,0,0,56,0,0,0,13,4,0,4,0,0,0,0,0,0,0,0,0,0,0,0,0,0,0,0,0,0,0,0,0,0,0,0,0,0,0,0,0,0,0,0,0,0,0,0,0,0,0,0,0,0,0,0,0,0,3,0,0,0,60,0,0,0,0,0,0,0,0,0,0,0,0,0,0,0,0,0,0,0,0,0,0,0,0,0,0,0,0,510764,0,0
2021-11-14,US,532200,0,0,0,0,0,0,0,0,0,0,0,0,0,0,0,0,0,0,0,0,5529,0,0,0,0,0,0,0,0,0,0,0,0,0,0,0,60,0,0,0,14,4,0,4,0,0,0,0,0,0,0,0,0,0,0,0,0,0,0,0,0,0,0,0,0,0,0,0,0,0,0,0,0,0,0,0,0,0,0,0,0,0,0,0,0,0,0,0,0,0,3,0,0,0,65,0,0,0,0,0,0,0,0,0,0,0,0,0,0,0,0,0,0,0,0,0,0,0,0,0,0,0,0,526521,0,0
2021-11-15,US,548206,0,0,0,0,0,0,0,0,0,0,0,0,0,0,0,0,0,0,0,0,5772,0,0,0,0,0,0,0,0,0,0,0,0,0,0,0,65,0,0,0,15,4,0,4,0,0,0,0,0,0,0,0,0,0,0,0,0,0,0,0,0,0,0,0,0,0,0,0,0,0,0,0,0,0,0,0,0,0,0,0,0,0,0,0,0,0,0,0,0,0,3,0,0,0,70,0,0,0,0,0,0,0,0,0,0,0,0,0,0,0,0,0,0,0,0,0,0,0,0,0,0,0,0,542273,0,0
2021-11-16,US,564213,0,0,0,0,0,0,0,0,0,0,0,0,0,0,0,0,0,0,0,0,6020,0,0,0,0,0,0,0,0,0,0,0,0,0,0,0,71,0,0,0,16,5,0,4,0,0,0,0,0,0,0,0,0,0,0,0,0,0,0,0,0,0,0,0,0,0,0,0,0,0,0,0,0,0,0,0,0,0,0,0,0,0,0,0,0,0,0,0,0,0,3,0,0,0,75,0,0,0,0,0,0,0,0,0,0,0,0,0,0,0,0,0,0,0,0,0,0,0,0,0,0,0,0,558019,0,0
2021-11-17,US,580220,0,0,0,0,0,0,0,0,0,0,0,0,0,0,0,0,0,0,0,0,6272,0,0,0,0,0,0,0,0,0,0,0,0,0,0,0,76,0,0,0,17,5,0,5,0,0,0,0,0,0,0,0,0,0,0,0,0,0,0,0,0,0,0,0,0,0,0,0,0,0,0,0,0,0,0,0,0,0,0,0,0,0,0,0,0,0,0,0,0,0,3,0,0,0,81,0,0,0,0,0,0,0,0,0,0,0,0,0,0,0,0,0,0,0,0,0,0,0,0,0,0,0,0,573761,0,0
2021-11-18,US,596227,0,0,0,0,0,0,0,0,0,0,0,0,0,0,0,0,0,0,0,0,6529,0,0,0,0,0,0,0,0,0,0,0,0,0,0,0,81,0,0,0,18,5,0,5,0,0,0,0,0,0,0,0,0,0,0,0,0,0,0,0,0,0,0,0,0,0,0,0,0,0,0,0,0,0,0,0,0,0,0,0,0,0,0,0,0,0,0,0,0,0,3,0,0,0,87,0,0,0,0,0,0,0,0,0,0,0,0,0,0,0,0,0,0,0,0,0,0,0,0,0,0,0,0,589498,0,0
2021-11-19,US,612233,0,0,0,0,0,0,0,0,0,0,0,0,0,0,0,0,0,0,0,0,6790,0,0,0,0,0,0,0,0,0,0,0,0,0,0,0,87,0,0,0,20,5,0,5,0,0,0,0,0,0,0,0,0,0,0,0,0,0,0,0,0,0,0,0,0,0,0,0,0,0,0,0,0,0,0,0,0,0,0,0,0,0,0,0,0,0,0,0,0,0,3,0,0,0,93,0,0,0,0,0,0,0,0,0,0,0,0,0,0,0,0,0,0,0,0,0,0,0,0,0,0,0,0,605230,0,0
2021-11-20,US,628240,0,0,0,0,0,0,0,0,0,0,0,0,0,0,0,0,0,0,0,0,7056,0,0,0,0,0,0,0,0,0,0,0,0,0,0,0,93,0,0,0,21,6,0,5,0,0,0,0,0,0,0,0,0,0,0,0,0,0,0,0,0,0,0,0,0,0,0,0,0,0,0,0,0,0,0,0,0,0,0,0,0,0,0,0,0,0,0,0,0,0,3,0,0,0,99,0,0,0,0,0,0,0,0,0,0,0,0,0,0,0,0,0,0,0,0,0,0,0,0,0,0,0,0,620957,0,0
2021-11-21,US,658665,0,0,0,0,0,0,0,0,0,0,0,0,0,0,0,0,0,0,0,0,7490,0,0,0,0,0,0,0,0,0,0,0,0,0,0,0,101,0,0,0,23,6,0,6,0,0,0,0,0,0,0,0,0,0,0,0,0,0,0,0,0,0,0,0,0,0,0,0,0,0,0,0,0,0,0,0,0,0,0,0,0,0,0,0,0,0,0,0,0,0,4,0,0,0,107,0,0,0,0,0,0,0,0,0,0,0,0,0,0,0,0,0,0,0,0,0,0,0,0,0,0,0,0,650928,0,0
2021-11-22,US,689091,0,0,0,0,0,0,0,0,0,0,0,0,0,0,0,0,0,0,0,0,7933,0,0,0,0,0,0,0,0,0,0,0,0,0,0,0,110,0,0,0,25,6,0,6,0,0,0,0,0,0,0,0,0,0,0,0,0,0,0,0,0,0,0,0,0,0,0,0,0,0,0,0,0,0,0,0,0,0,0,0,0,0,0,0,0,0,0,0,0,0,4,0,0,0,117,0,0,0,0,0,0,0,0,0,0,0,0,0,0,0,0,0,0,0,0,0,0,0,0,0,0,0,0,680890,0,0
2021-11-23,US,719516,0,0,0,0,0,0,0,0,0,0,0,0,0,0,0,0,0,0,0,0,8384,0,0,0,0,0,0,0,0,0,0,0,0,0,0,0,119,0,0,0,27,7,0,6,0,0,0,0,0,0,0,0,0,0,0,0,0,0,0,0,0,0,0,0,0,0,0,0,0,0,0,0,0,0,0,0,0,0,0,0,0,0,0,0,0,0,0,0,0,0,4,0,0,0,126,0,0,0,0,0,0,0,0,0,0,0,0,0,0,0,0,0,0,0,0,0,0,0,0,0,0,0,0,710843,0,0
2021-11-24,US,749941,0,0,0,0,0,0,0,0,0,0,0,0,0,0,0,0,0,0,0,0,8844,0,0,0,0,0,0,0,0,0,0,0,0,0,0,0,128,0,0,0,29,7,0,7,0,0,0,0,0,0,0,0,0,0,0,0,0,0,0,0,0,0,0,0,0,0,0,0,0,0,0,0,0,0,0,0,0,0,0,0,0,0,0,0,0,0,0,0,0,0,4,0,0,0,136,0,0,0,0,0,0,0,0,0,0,0,0,0,0,0,0,0,0,0,0,0,0,0,0,0,0,0,0,740786,0,0
2021-11-25,US,780366,0,0,0,0,0,0,0,0,0,0,0,0,0,0,0,0,0,0,0,0,9312,0,0,0,0,0,0,0,0,0,0,0,0,0,0,0,138,0,0,0,31,8,0,7,0,0,0,0,0,0,0,0,0,0,0,0,0,0,0,0,0,0,0,0,0,0,0,0,0,0,0,0,0,0,0,0,0,0,0,0,0,0,0,0,0,0,0,0,0,0,4,0,0,0,146,0,0,0,0,0,0,0,0,0,0,0,0,0,0,0,0,0,0,0,0,0,0,0,0,0,0,0,0,770720,0,0
2021-11-26,US,810791,0,0,0,0,0,0,0,0,0,0,0,0,0,0,0,0,0,0,0,0,9789,0,0,0,0,0,0,0,0,0,0,0,0,0,0,0,148,0,0,0,34,8,0,8,0,0,0,0,0,0,0,0,0,0,0,0,0,0,0,0,0,0,0,0,0,0,0,0,0,0,0,0,0,0,0,0,0,0,0,0,0,0,0,0,0,0,0,0,0,0,4,0,0,0,156,0,0,0,0,0,0,0,0,0,0,0,0,0,0,0,0,0,0,0,0,0,0,0,0,0,0,0,0,800644,0,0
2021-11-27,US,841217,0,0,0,0,0,0,0,0,0,0,0,0,0,0,0,0,0,0,0,0,10275,0,0,0,0,0,0,0,0,0,0,0,0,0,9,0,158,0,0,0,36,9,0,8,0,0,0,0,0,0,0,0,0,0,0,0,0,0,0,5,0,0,0,0,0,0,0,0,0,0,0,0,0,0,0,0,0,0,0,0,0,0,0,0,0,0,0,0,0,0,5,0,0,0,167,0,0,0,0,0,0,0,0,0,0,0,0,0,0,0,0,0,0,0,0,0,0,0,0,0,0,9,0,830537,0,0
2021-11-28,US,876337,0,0,0,0,0,0,0,0,0,0,0,0,0,0,0,0,0,0,0,0,10387,0,0,0,0,0,0,0,0,0,0,0,0,0,9,0,5515,0,0,0,37,9,0,8,0,0,0,0,0,0,0,0,0,0,0,0,0,0,0,5,0,0,0,0,0,0,0,0,0,0,0,0,0,0,0,0,0,0,0,0,0,0,0,0,0,0,0,0,0,0,5,0,0,0,4339,0,0,0,0,0,0,0,0,0,0,0,0,0,0,0,0,0,0,0,0,0,0,0,0,0,0,10,0,856012,0,0
2021-11-29,US,911457,0,0,0,0,0,0,0,0,0,0,0,0,0,0,0,0,0,0,0,0,10475,0,0,0,0,0,0,0,0,0,0,0,0,0,10,0,11300,0,0,0,38,10,0,9,0,0,0,0,0,0,0,0,0,0,0,0,0,0,0,5,0,0,0,0,0,0,0,0,0,0,0,0,0,0,0,0,0,0,0,0,0,0,0,0,0,0,0,0,0,0,5,0,0,0,8846,0,0,0,0,0,0,0,0,0,0,0,0,0,0,0,0,0,0,0,0,0,0,0,0,0,0,10,0,880750,0,0
2021-11-30,US,946577,0,0,0,0,0,0,0,0,0,0,0,0,0,0,0,0,0,0,0,0,10537,0,0,0,0,0,0,0,0,0,0,0,0,0,10,0,17515,0,0,0,39,10,0,9,0,0,0,0,0,0,0,0,0,0,0,0,0,0,0,5,0,0,0,0,0,0,0,0,0,0,0,0,0,0,0,0,0,0,0,0,0,0,0,0,0,0,0,0,0,0,5,0,0,0,13686,0,0,0,0,0,0,0,0,0,0,0,0,0,0,0,0,0,0,0,0,0,0,0,0,0,0,11,0,904751,0,0
2021-12-01,US,981697,0,0,0,0,0,0,0,0,0,0,0,0,0,0,0,0,0,0,0,0,10573,0,0,0,0,0,0,0,0,0,0,0,0,0,10,0,24158,0,0,0,40,11,0,10,0,0,0,0,0,0,0,0,0,0,0,0,0,0,0,5,0,0,0,0,0,0,0,0,0,0,0,0,0,0,0,0,0,0,0,0,0,0,0,0,0,0,0,0,0,0,5,0,0,0,18860,0,0,0,0,0,0,0,0,0,0,0,0,0,0,0,0,0,0,0,0,0,0,0,0,0,0,12,0,928014,0,0
2021-12-02,US,1016817,0,0,0,0,0,0,0,0,0,0,0,0,0,0,0,0,0,0,0,0,10584,0,0,0,0,0,0,0,0,0,0,0,0,0,11,0,31230,0,0,0,40,11,0,10,0,0,0,0,0,0,0,0,0,0,0,0,0,0,0,5,0,0,0,0,0,0,0,0,0,0,0,0,0,0,0,0,0,0,0,0,0,0,0,0,0,0,0,0,0,0,5,0,0,0,24367,0,0,0,0,0,0,0,0,0,0,0,0,0,0,0,0,0,0,0,0,0,0,0,0,0,0,13,0,950540,0,0
2021-12-03,US,1051937,0,0,0,0,0,0,0,0,0,0,0,0,0,0,0,0,0,0,0,0,10570,0,0,0,0,0,0,0,0,0,0,0,0,0,11,0,38730,0,0,0,41,12,0,11,0,0,0,0,0,0,0,0,0,0,0,0,0,0,0,5,0,0,0,0,0,0,0,0,0,0,0,0,0,0,0,0,0,0,0,0,0,0,0,0,0,0,0,0,0,0,6,0,0,0,30209,0,0,0,0,0,0,0,0,0,0,0,0,0,0,0,0,0,0,0,0,0,0,0,0,0,0,13,0,972329,0,0
2021-12-04,US,1087057,0,0,0,0,0,0,0,0,0,0,0,0,0,0,0,0,0,0,0,0,10531,0,0,0,0,0,0,0,0,0,0,0,0,0,11,0,46660,0,0,0,42,12,0,11,0,0,0,0,0,0,0,0,0,0,0,0,0,0,0,6,0,0,0,0,0,0,0,0,0,0,0,0,0,0,0,0,0,0,0,0,0,0,0,0,0,0,0,0,0,0,6,0,0,0,36384,0,0,0,0,0,0,0,0,0,0,0,0,0,0,0,0,0,0,0,0,0,0,0,0,0,0,14,0,993380,0,0
2021-12-05,US,1089212,0,0,0,0,0,0,0,0,0,0,0,0,0,0,0,0,0,0,0,0,10158,0,0,0,0,0,0,0,0,0,0,0,0,0,11,0,53402,0,0,0,41,12,0,11,0,0,0,0,0,0,0,0,0,0,0,0,0,0,0,6,0,0,0,0,0,0,0,0,0,0,0,0,0,0,0,0,0,0,0,0,0,0,0,0,0,0,0,0,0,0,6,0,0,0,41634,0,0,0,0,0,0,0,0,0,0,0,0,0,0,0,0,0,0,0,0,0,0,0,0,0,0,14,0,983915,0,0
2021-12-06,US,1091366,0,0,0,0,0,0,0,0,0,0,0,0,0,0,0,0,0,0,0,0,9784,0,0,0,0,0,0,0,0,0,0,0,0,0,11,0,60171,0,0,0,40,13,0,12,0,0,0,0,0,0,0,0,0,0,0,0,0,0,0,6,0,0,0,0,0,0,0,0,0,0,0,0,0,0,0,0,0,0,0,0,0,0,0,0,0,0,0,0,0,0,6,0,0,0,46904,0,0,0,0,0,0,0,0,0,0,0,0,0,0,0,0,0,0,0,0,0,0,0,0,0,0,15,0,974405,0,0
2021-12-07,US,1093520,0,0,0,0,0,0,0,0,0,0,0,0,0,0,0,0,0,0,0,0,9409,0,0,0,0,0,0,0,0,0,0,0,0,0,11,0,66965,0,0,0,40,13,0,12,0,0,0,0,0,0,0,0,0,0,0,0,0,0,0,6,0,0,0,0,0,0,0,0,0,0,0,0,0,0,0,0,0,0,0,0,0,0,0,0,0,0,0,0,0,0,6,0,0,0,52194,0,0,0,0,0,0,0,0,0,0,0,0,0,0,0,0,0,0,0,0,0,0,0,0,0,0,15,0,964850,0,0
2021-12-08,US,1095675,0,0,0,0,0,0,0,0,0,0,0,0,0,0,0,0,0,0,0,0,9032,0,0,0,0,0,0,0,0,0,0,0,0,0,11,0,73787,0,0,0,39,13,0,12,0,0,0,0,0,0,0,0,0,0,0,0,0,0,0,6,0,0,0,0,0,0,0,0,0,0,0,0,0,0,0,0,0,0,0,0,0,0,0,0,0,0,0,0,0,0,6,0,0,0,57504,0,0,0,0,0,0,0,0,0,0,0,0,0,0,0,0,0,0,0,0,0,0,0,0,0,0,16,0,955249,0,0
2021-12-09,US,1097829,0,0,0,0,0,0,0,0,0,0,0,0,0,0,0,0,0,0,0,0,8654,0,0,0,0,0,0,0,0,0,0,0,0,0,11,0,80634,0,0,0,38,13,0,12,0,0,0,0,0,0,0,0,0,0,0,0,0,0,0,5,0,0,0,0,0,0,0,0,0,0,0,0,0,0,0,0,0,0,0,0,0,0,0,0,0,0,0,0,0,0,6,0,0,0,62836,0,0,0,0,0,0,0,0,0,0,0,0,0,0,0,0,0,0,0,0,0,0,0,0,0,0,16,0,945603,0,0
2021-12-10,US,1099983,0,0,0,0,0,0,0,0,0,0,0,0,0,0,0,0,0,0,0,0,8273,0,0,0,0,0,0,0,0,0,0,0,0,0,11,0,87508,0,0,0,38,13,0,12,0,0,0,0,0,0,0,0,0,0,0,0,0,0,0,5,0,0,0,0,0,0,0,0,0,0,0,0,0,0,0,0,0,0,0,0,0,0,0,0,0,0,0,0,0,0,6,0,0,0,68187,0,0,0,0,0,0,0,0,0,0,0,0,0,0,0,0,0,0,0,0,0,0,0,0,0,0,16,0,935912,0,0
2021-12-11,US,1102138,0,0,0,0,0,0,0,0,0,0,0,0,0,0,0,0,0,0,0,0,7892,0,0,0,0,0,0,0,0,0,0,0,0,0,11,0,94408,0,0,0,37,14,0,13,0,0,0,0,0,0,0,0,0,0,0,0,0,0,0,5,0,0,0,0,0,0,0,0,0,0,0,0,0,0,0,0,0,0,0,0,0,0,0,0,0,0,0,0,0,0,6,0,0,0,73560,0,0,0,0,0,0,0,0,0,0,0,0,0,0,0,0,0,0,0,0,0,0,0,0,0,0,17,0,926176,0,0
2021-12-12,US,1144977,0,0,0,0,0,0,0,0,0,0,0,0,0,0,0,0,0,0,0,0,7785,0,0,0,0,0,0,0,0,0,0,0,0,0,12,0,105067,0,0,0,38,14,0,13,0,0,0,0,0,0,0,0,0,0,0,0,0,0,0,6,0,0,0,0,0,0,0,0,0,0,0,0,0,0,0,0,0,0,0,0,0,0,0,0,0,0,0,0,0,0,6,0,0,0,81861,0,0,0,0,0,0,0,0,0,0,0,0,0,0,0,0,0,0,0,0,0,0,0,0,0,0,18,0,950157,0,0
2021-12-13,US,1187817,0,0,0,0,0,0,0,0,0,0,0,0,0,0,0,0,0,0,0,0,7648,0,0,0,0,0,0,0,0,0,0,0,0,0,12,0,116250,0,0,0,38,15,0,14,0,0,0,0,0,0,0,0,0,0,0,0,0,0,0,6,0,0,0,0,0,0,0,0,0,0,0,0,0,0,0,0,0,0,0,0,0,0,0,0,0,0,0,0,0,0,6,0,0,0,90570,0,0,0,0,0,0,0,0,0,0,0,0,0,0,0,0,0,0,0,0,0,0,0,0,0,0,19,0,973239,0,0
2021-12-14,US,1230657,0,0,0,0,0,0,0,0,0,0,0,0,0,0,0,0,0,0,0,0,7479,0,0,0,0,0,0,0,0,0,0,0,0,0,13,0,127956,0,0,0,39,16,0,14,0,0,0,0,0,0,0,0,0,0,0,0,0,0,0,6,0,0,0,0,0,0,0,0,0,0,0,0,0,0,0,0,0,0,0,0,0,0,0,0,0,0,0,0,0,0,6,0,0,0,99686,0,0,0,0,0,0,0,0,0,0,0,0,0,0,0,0,0,0,0,0,0,0,0,0,0,0,20,0,995421,0,0
2021-12-15,US,1273496,0,0,0,0,0,0,0,0,0,0,0,0,0,0,0,0,0,0,0,0,7280,0,0,0,0,0,0,0,0,0,0,0,0,0,13,0,140185,0,0,0,40,17,0,15,0,0,0,0,0,0,0,0,0,0,0,0,0,0,0,6,0,0,0,0,0,0,0,0,0,0,0,0,0,0,0,0,0,0,0,0,0,0,0,0,0,0,0,0,0,0,6,0,0,0,109209,0,0,0,0,0,0,0,0,0,0,0,0,0,0,0,0,0,0,0,0,0,0,0,0,0,0,21,0,1016704,0,0
2021-12-16,US,1316336,0,0,0,0,0,0,0,0,0,0,0,0,0,0,0,0,0,0,0,0,7050,0,0,0,0,0,0,0,0,0,0,0,0,0,13,0,152937,0,0,0,40,17,0,16,0,0,0,0,0,0,0,0,0,0,0,0,0,0,0,6,0,0,0,0,0,0,0,0,0,0,0,0,0,0,0,0,0,0,0,0,0,0,0,0,0,0,0,0,0,0,7,0,0,0,119139,0,0,0,0,0,0,0,0,0,0,0,0,0,0,0,0,0,0,0,0,0,0,0,0,0,0,22,0,1037088,0,0
2021-12-17,US,1359175,0,0,0,0,0,0,0,0,0,0,0,0,0,0,0,0,0,0,0,0,6789,0,0,0,0,0,0,0,0,0,0,0,0,0,14,0,166212,0,0,0,40,18,0,17,0,0,0,0,0,0,0,0,0,0,0,0,0,0,0,6,0,0,0,0,0,0,0,0,0,0,0,0,0,0,0,0,0,0,0,0,0,0,0,0,0,0,0,0,0,0,7,0,0,0,129477,0,0,0,0,0,0,0,0,0,0,0,0,0,0,0,0,0,0,0,0,0,0,0,0,0,0,23,0,1056572,0,0
2021-12-18,US,1426784,0,0,0,0,0,0,0,0,0,0,0,0,0,0,0,0,0,0,0,0,6611,0,0,0,0,0,0,0,0,0,0,0,0,0,14,0,183191,0,0,0,41,19,0,18,0,0,0,0,0,0,0,0,0,0,0,0,0,0,0,7,0,0,0,0,0,0,0,0,0,0,0,0,0,0,0,0,0,0,0,0,0,0,0,0,0,0,0,0,0,0,7,0,0,0,142699,0,0,0,0,0,0,0,0,0,0,0,0,0,0,0,0,0,0,0,0,0,0,0,0,0,0,25,0,1094151,0,0
2021-12-19,US,1624477,0,0,0,0,0,0,0,0,0,0,0,0,0,0,0,0,0,0,0,0,6941,0,0,0,0,0,0,0,0,0,0,0,0,0,16,0,218491,0,0,0,46,22,0,20,0,0,0,0,0,0,0,0,0,0,0,0,0,0,0,8,0,0,0,0,0,0,0,0,0,0,0,0,0,0,0,0,0,0,0,0,0,0,0,0,0,0,0,0,0,0,8,0,0,0,170193,0,0,0,0,0,0,0,0,0,0,0,0,0,0,0,0,0,0,0,0,0,0,0,0,0,0,29,0,1228703,0,0
2021-12-20,US,1828071,0,0,0,0,0,0,0,0,0,0,0,0,0,0,0,0,0,0,0,0,7151,0,0,0,0,0,0,0,0,0,0,0,0,0,18,0,257035,0,0,0,51,25,0,23,0,0,0,0,0,0,0,0,0,0,0,0,0,0,0,8,0,0,0,0,0,0,0,0,0,0,0,0,0,0,0,0,0,0,0,0,0,0,0,0,0,0,0,0,0,0,9,0,0,0,200212,0,0,0,0,0,0,0,0,0,0,0,0,0,0,0,0,0,0,0,0,0,0,0,0,0,0,33,0,1363505,0,0
2021-12-21,US,2037567,0,0,0,0,0,0,0,0,0,0,0,0,0,0,0,0,0,0,0,0,7235,0,0,0,0,0,0,0,0,0,0,0,0,0,21,0,298930,0,0,0,55,29,0,26,0,0,0,0,0,0,0,0,0,0,0,0,0,0,0,9,0,0,0,0,0,0,0,0,0,0,0,0,0,0,0,0,0,0,0,0,0,0,0,0,0,0,0,0,0,0,10,0,0,0,232841,0,0,0,0,0,0,0,0,0,0,0,0,0,0,0,0,0,0,0,0,0,0,0,0,0,0,37,0,1498374,0,0
2021-12-22,US,2252964,0,0,0,0,0,0,0,0,0,0,0,0,0,0,0,0,0,0,0,0,7187,0,0,0,0,0,0,0,0,0,0,0,0,0,23,0,344285,0,0,0,59,32,0,29,0,0,0,0,0,0,0,0,0,0,0,0,0,0,0,10,0,0,0,0,0,0,0,0,0,0,0,0,0,0,0,0,0,0,0,0,0,0,0,0,0,0,0,0,0,0,11,0,0,0,268164,0,0,0,0,0,0,0,0,0,0,0,0,0,0,0,0,0,0,0,0,0,0,0,0,0,0,42,0,1633121,0,0
2021-12-23,US,2474262,0,0,0,0,0,0,0,0,0,0,0,0,0,0,0,0,0,0,0,0,6999,0,0,0,0,0,0,0,0,0,0,0,0,0,25,0,393208,0,0,0,64,35,0,32,0,0,0,0,0,0,0,0,0,0,0,0,0,0,0,11,0,0,0,0,0,0,0,0,0,0,0,0,0,0,0,0,0,0,0,0,0,0,0,0,0,0,0,0,0,0,12,0,0,0,306265,0,0,0,0,0,0,0,0,0,0,0,0,0,0,0,0,0,0,0,0,0,0,0,0,0,0,47,0,1767563,0,0
2021-12-24,US,2701462,0,0,0,0,0,0,0,0,0,0,0,0,0,0,0,0,0,0,0,0,6667,0,0,0,0,0,0,0,0,0,0,0,0,0,27,0,445808,0,0,0,68,39,0,36,0,0,0,0,0,0,0,0,0,0,0,0,0,0,0,12,0,0,0,0,0,0,0,0,0,0,0,0,0,0,0,0,0,0,0,0,0,0,0,0,0,0,0,0,0,0,13,0,0,0,347229,0,0,0,0,0,0,0,0,0,0,0,0,0,0,0,0,0,0,0,0,0,0,0,0,0,0,52,0,1901513,0,0
2021-12-25,US,2934564,0,0,0,0,0,0,0,0,0,0,0,0,0,0,0,0,0,0,0,0,6183,0,0,0,14,0,0,0,0,0,0,0,0,0,29,0,502186,0,0,0,72,43,0,39,0,0,0,0,0,0,0,0,0,0,0,0,0,0,0,13,0,0,0,0,0,0,0,0,0,0,0,0,0,0,0,0,14,0,0,0,0,0,0,0,0,0,0,0,0,0,14,0,0,0,391135,0,0,0,0,0,0,0,0,0,0,0,0,0,0,0,0,0,0,0,0,0,0,0,0,0,0,57,0,2034764,0,0
2021-12-26,US,3244855,0,0,0,0,0,0,0,0,0,0,0,0,0,0,0,0,0,0,0,0,6717,0,0,0,17,0,0,0,0,0,0,0,0,0,32,0,578793,0,0,0,83,305,0,44,0,0,0,0,0,0,0,0,0,0,0,0,0,0,0,14,0,0,0,0,0,0,0,0,0,0,0,0,0,0,0,0,16,0,0,0,0,0,0,0,0,0,0,0,0,0,29,0,0,0,483946,0,0,0,0,0,0,0,0,0,0,0,0,0,0,0,0,0,0,0,0,0,0,0,0,0,0,62,0,2174797,0,0
2021-12-27,US,3563222,0,0,0,0,0,0,0,0,0,0,0,0,0,0,0,0,0,0,0,0,7245,0,0,0,19,0,0,0,0,0,0,0,0,0,35,0,661395,0,0,0,95,618,0,48,0,0,0,0,0,0,0,0,0,0,0,0,0,0,0,16,0,0,0,0,0,0,0,0,0,0,0,0,0,0,0,0,18,0,0,0,0,0,0,0,0,0,0,0,0,0,46,0,0,0,587929,0,0,0,0,0,0,0,0,0,0,0,0,0,0,0,0,0,0,0,0,0,0,0,0,0,0,67,0,2305689,0,0
2021-12-28,US,3889663,0,0,0,0,0,0,0,0,0,0,0,0,0,0,0,0,0,0,0,0,7765,0,0,0,21,0,0,0,0,0,0,0,0,0,38,0,750167,0,0,0,108,984,0,53,0,0,0,0,0,0,0,0,0,0,0,0,0,0,0,17,0,0,0,0,0,0,0,0,0,0,0,0,0,0,0,0,20,0,0,0,0,0,0,0,0,0,0,0,0,0,67,0,0,0,703470,0,0,0,0,0,0,0,0,0,0,0,0,0,0,0,0,0,0,0,0,0,0,0,0,0,0,72,0,2426879,0,0
2021-12-29,US,4224179,0,0,0,0,0,0,0,0,0,0,0,0,0,0,0,0,0,0,0,0,8277,0,0,0,24,0,0,0,0,0,0,0,0,0,42,0,845285,0,0,0,122,1404,0,58,0,0,0,0,0,0,0,0,0,0,0,0,0,0,0,18,0,0,0,0,0,0,0,0,0,0,0,0,0,0,0,0,22,0,0,0,0,0,0,0,0,0,0,0,0,0,90,0,0,0,830953,0,0,0,0,0,0,0,0,0,0,0,0,0,0,0,0,0,0,0,0,0,0,0,0,0,0,77,0,2537806,0,0
2021-12-30,US,4566770,0,0,0,0,0,0,0,0,0,0,0,0,0,0,0,0,0,0,0,0,8780,0,0,0,27,0,0,0,0,0,0,0,0,0,45,0,946924,0,0,0,137,1881,0,64,0,0,0,0,0,0,0,0,0,0,0,0,0,0,0,20,0,0,0,0,0,0,0,0,0,0,0,0,0,0,0,0,24,0,0,0,0,0,0,0,0,0,0,0,0,0,115,0,0,0,970760,0,0,0,0,0,0,0,0,0,0,0,0,0,0,0,0,0,0,0,0,0,0,0,0,0,0,82,0,2637910,0,0
2021-12-31,US,4917435,0,0,0,0,0,0,0,0,0,0,0,0,0,0,0,0,0,0,0,0,9273,0,0,0,30,0,0,0,0,0,0,0,0,0,48,0,1055260,0,0,0,153,2416,0,69,0,0,0,0,0,0,0,0,0,0,0,0,0,0,0,21,0,0,0,0,0,0,0,0,0,0,0,0,0,0,0,0,26,0,0,0,0,0,0,0,0,0,0,0,0,0,144,0,0,0,1123277,0,0,0,0,0,0,0,0,0,0,0,0,0,0,0,0,0,0,0,0,0,0,0,0,0,0,87,0,2726630,0,0
2022-01-01,US,5276176,0,0,0,0,0,0,0,0,0,0,0,0,0,0,0,0,0,0,0,0,9755,0,0,0,34,0,0,0,0,0,0,0,0,0,52,0,1170468,0,0,0,170,3011,0,75,0,0,0,0,0,0,0,0,0,0,0,0,0,0,0,23,0,0,0,0,0,0,0,0,0,0,0,0,0,0,0,0,29,0,0,0,0,0,0,0,0,0,0,0,0,0,176,0,0,0,1288888,0,0,0,0,0,0,0,0,0,0,0,0,0,0,0,0,0,0,0,0,0,0,0,0,0,0,92,0,2803404,0,0
2022-01-02,US,5345569,0,0,0,0,0,0,0,0,0,0,0,0,0,0,0,0,0,0,0,0,9687,0,0,0,35,0,0,0,0,0,0,0,0,0,52,0,1224589,0,0,0,179,3476,0,77,0,0,0,0,0,0,0,0,0,0,0,0,0,0,0,23,0,0,0,0,0,0,0,0,0,0,0,0,0,0,0,0,30,0,0,0,0,0,0,0,0,0,0,0,0,0,200,0,0,0,1390604,0,0,0,0,0,0,0,0,0,0,0,0,0,0,0,0,0,0,0,0,0,0,0,0,0,0,91,0,2716528,0,0
2022-01-03,US,5414845,0,0,0,0,0,0,0,0,0,0,0,0,0,0,0,0,0,0,0,0,9613,0,0,0,37,0,0,0,0,0,0,0,0,0,53,0,1279687,0,0,0,187,3951,0,79,0,0,0,0,0,0,0,0,0,0,0,0,0,0,0,23,0,0,0,0,0,0,0,0,0,0,0,0,0,0,0,0,31,0,0,0,0,0,0,0,0,0,0,0,0,0,225,0,0,0,1494489,0,0,0,0,0,0,0,0,0,0,0,0,0,0,0,0,0,0,0,0,0,0,0,0,0,0,91,0,2626381,0,0
2022-01-04,US,5484002,0,0,0,0,0,0,0,0,0,0,0,0,0,0,0,0,0,0,0,0,9533,0,0,0,38,0,0,0,0,0,0,0,0,0,53,0,1335760,0,0,0,196,4437,0,80,0,0,0,0,0,0,0,0,0,0,0,0,0,0,0,23,0,0,0,0,0,0,0,0,0,0,0,0,0,0,0,0,31,0,0,0,0,0,0,0,0,0,0,0,0,0,250,0,0,0,1600536,0,0,0,0,0,0,0,0,0,0,0,0,0,0,0,0,0,0,0,0,0,0,0,0,0,0,90,0,2532973,0,0
2022-01-05,US,5553040,0,0,0,0,0,0,0,0,0,0,0,0,0,0,0,0,0,0,0,0,9449,0,0,0,40,0,0,0,0,0,0,0,0,0,54,0,1392806,0,0,0,204,4934,0,82,0,0,0,0,0,0,0,0,0,0,0,0,0,0,0,23,0,0,0,0,0,0,0,0,0,0,0,0,0,0,0,0,32,0,0,0,0,0,0,0,0,0,0,0,0,0,276,0,0,0,1708740,0,0,0,0,0,0,0,0,0,0,0,0,0,0,0,0,0,0,0,0,0,0,0,0,0,0,89,0,2436310,0,0
2022-01-06,US,5621961,0,0,0,0,0,0,0,0,0,0,0,0,0,0,0,0,0,0,0,0,9359,0,0,0,42,0,0,0,0,0,0,0,0,0,54,0,1450822,0,0,0,213,5442,0,84,0,0,0,0,0,0,0,0,0,0,0,0,0,0,0,23,0,0,0,0,0,0,0,0,0,0,0,0,0,0,0,0,33,0,0,0,0,0,0,0,0,0,0,0,0,0,303,0,0,0,1819096,0,0,0,0,0,0,0,0,0,0,0,0,0,0,0,0,0,0,0,0,0,0,0,0,0,0,89,0,2336403,0,0
2022-01-07,US,5690763,0,0,0,0,0,0,0,0,0,0,0,0,0,0,0,0,0,0,0,0,9263,0,0,0,43,0,0,0,0,0,0,0,0,0,55,0,1509804,0,0,0,222,5961,0,86,0,0,0,0,0,0,0,0,0,0,0,0,0,0,0,23,0,0,0,0,0,0,0,0,0,0,0,0,0,0,0,0,34,0,0,0,0,0,0,0,0,0,0,0,0,0,329,0,0,0,1931597,0,0,0,0,0,0,0,0,0,0,0,0,0,0,0,0,0,0,0,0,0,0,0,0,0,0,88,0,2233257,0,0
2022-01-08,US,5759448,0,0,0,0,0,0,0,0,0,0,0,0,0,0,0,0,0,0,0,0,9163,0,0,0,45,0,0,0,0,0,0,0,0,0,55,0,1569752,0,0,0,231,6490,0,88,0,0,0,0,0,0,0,0,0,0,0,0,0,0,0,23,0,0,0,0,0,0,0,0,0,0,0,0,0,0,0,0,35,0,0,0,0,0,0,0,0,0,0,0,0,0,357,0,0,0,2046238,0,0,0,0,0,0,0,0,0,0,0,0,0,0,0,0,0,0,0,0,0,0,0,0,0,0,87,0,2126883,0,0
2022-01-09,US,5628382,0,0,0,0,0,0,0,0,0,0,0,0,0,0,0,0,0,0,0,0,8747,0,0,0,45,0,0,0,0,0,0,0,0,0,54,0,1574805,0,0,0,232,6790,0,86,0,0,0,0,0,0,0,0,0,0,0,0,0,0,0,23,0,0,0,0,0,0,0,0,0,0,0,0,0,0,0,0,35,0,0,0,0,0,0,0,0,0,0,0,0,0,372,0,0,0,2088922,0,0,0,0,0,0,0,0,0,0,0,0,0,0,0,0,0,0,0,0,0,0,0,0,0,0,84,0,1948188,0,0
2022-01-10,US,5492183,0,0,0,0,0,0,0,0,0,0,0,0,0,0,0,0,0,0,0,0,8333,0,0,0,45,0,0,0,0,0,0,0,0,0,52,0,1576486,0,0,0,233,7062,0,85,0,0,0,0,0,0,0,0,0,0,0,0,0,0,0,22,0,0,0,0,0,0,0,0,0,0,0,0,0,0,0,0,34,0,0,0,0,0,0,0,0,0,0,0,0,0,385,0,0,0,2125463,0,0,0,0,0,0,0,0,0,0,0,0,0,0,0,0,0,0,0,0,0,0,0,0,0,0,80,0,1773902,0,0
2022-01-11,US,5350850,0,0,0,0,0,0,0,0,0,0,0,0,0,0,0,0,0,0,0,0,7921,0,0,0,45,0,0,0,0,0,0,0,0,0,51,0,1574682,0,0,0,233,7305,0,84,0,0,0,0,0,0,0,0,0,0,0,0,0,0,0,21,0,0,0,0,0,0,0,0,0,0,0,0,0,0,0,0,34,0,0,0,0,0,0,0,0,0,0,0,0,0,397,0,0,0,2155616,0,0,0,0,0,0,0,0,0,0,0,0,0,0,0,0,0,0,0,0,0,0,0,0,0,0,76,0,1604384,0,0
2022-01-12,US,5204383,0,0,0,0,0,0,0,0,0,0,0,0,0,0,0,0,0,0,0,0,7513,0,0,0,45,0,0,0,0,0,0,0,0,0,49,0,1569283,0,0,0,232,7519,0,82,0,0,0,0,0,0,0,0,0,0,0,0,0,0,0,20,0,0,0,0,0,0,0,0,0,0,0,0,0,0,0,0,33,0,0,0,0,0,0,0,0,0,0,0,0,0,407,0,0,0,2179138,0,0,0,0,0,0,0,0,0,0,0,0,0,0,0,0,0,0,0,0,0,0,0,0,0,0,73,0,1439988,0,0
2022-01-13,US,5052782,0,0,0,0,0,0,0,0,0,0,0,0,0,0,0,0,0,0,0,0,7108,0,0,0,45,0,0,0,0,0,0,0,0,0,48,0,1560176,0,0,0,231,7701,0,80,0,0,0,0,0,0,0,0,0,0,0,0,0,0,0,20,0,0,0,0,0,0,0,0,0,0,0,0,0,0,0,0,33,0,0,0,0,0,0,0,0,0,0,0,0,0,416,0,0,0,2195783,0,0,0,0,0,0,0,0,0,0,0,0,0,0,0,0,0,0,0,0,0,0,0,0,0,0,69,0,1281072,0,0
2022-01-14,US,4896047,0,0,0,0,0,0,0,0,0,0,0,0,0,0,0,0,0,0,0,0,6707,0,0,0,45,0,0,0,0,0,0,0,0,0,46,0,1547251,0,0,0,230,7851,0,79,0,0,0,0,0,0,0,0,0,0,0,0,0,0,0,19,0,0,0,0,0,0,0,0,0,0,0,0,0,0,0,0,32,0,0,0,0,0,0,0,0,0,0,0,0,0,423,0,0,0,2205308,0,0,0,0,0,0,0,0,0,0,0,0,0,0,0,0,0,0,0,0,0,0,0,0,0,0,65,0,1127993,0,0
2022-01-15,US,4734179,0,0,0,0,0,0,0,0,0,0,0,0,0,0,0,0,0,0,0,0,6311,0,0,0,44,0,0,0,0,0,0,0,0,0,44,0,1530394,0,0,0,227,7968,0,77,0,0,0,0,0,0,0,0,0,0,0,0,0,0,0,18,0,0,0,0,0,0,0,0,0,0,0,0,0,0,0,0,31,0,0,0,0,0,0,0,0,0,0,0,0,0,428,0,0,0,2207468,0,0,0,0,0,0,0,0,0,0,0,0,0,0,0,0,0,0,0,0,0,0,0,0,0,0,62,0,981106,0,0
2022-01-16,US,4527939,0,0,0,0,0,0,0,0,0,0,0,0,0,0,0,0,0,0,0,0,5869,0,0,0,43,0,0,0,0,0,0,0,0,0,42,0,1496528,0,0,0,223,7980,0,74,0,0,0,0,0,0,0,0,0,0,0,0,0,0,0,17,0,0,0,0,0,0,0,0,0,0,0,0,0,0,0,0,30,0,0,0,0,0,0,0,0,0,0,0,0,0,428,0,0,0,2183102,0,0,0,0,0,0,0,0,0,0,0,0,0,0,0,0,0,0,0,0,0,0,0,0,0,0,57,0,833545,0,0
2022-01-17,US,4266396,0,0,0,0,0,0,0,0,0,0,0,0,0,0,0,0,0,0,0,0,5373,0,0,0,42,0,0,0,0,0,0,0,0,0,40,0,1440994,0,0,0,215,7858,0,70,0,0,0,0,0,0,0,0,0,0,0,0,0,0,0,16,0,0,0,0,0,0,0,0,0,0,0,0,0,0,0,0,29,0,0,0,0,0,0,0,0,0,0,0,0,0,421,0,0,0,2124655,0,0,0,0,0,0,0,0,0,0,0,0,0,0,0,0,0,0,0,0,0,0,0,0,0,0,53,0,686632,0,0
2022-01-18,US,4004853,0,0,0,0,0,0,0,0,0,0,0,0,0,0,0,0,0,0,0,0,4896,0,0,0,40,0,0,0,0,0,0,0,0,0,37,0,1381670,0,0,0,206,7695,0,66,0,0,0,0,0,0,0,0,0,0,0,0,0,0,0,15,0,0,0,0,0,0,0,0,0,0,0,0,0,0,0,0,28,0,0,0,0,0,0,0,0,0,0,0,0,0,411,0,0,0,2057912,0,0,0,0,0,0,0,0,0,0,0,0,0,0,0,0,0,0,0,0,0,0,0,0,0,0,48,0,551829,0,0
2022-01-19,US,3743310,0,0,0,0,0,0,0,0,0,0,0,0,0,0,0,0,0,0,0,0,4438,0,0,0,38,0,0,0,0,0,0,0,0,0,35,0,1318557,0,0,0,197,7490,0,63,0,0,0,0,0,0,0,0,0,0,0,0,0,0,0,14,0,0,0,0,0,0,0,0,0,0,0,0,0,0,0,0,26,0,0,0,0,0,0,0,0,0,0,0,0,0,400,0,0,0,1982875,0,0,0,0,0,0,0,0,0,0,0,0,0,0,0,0,0,0,0,0,0,0,0,0,0,0,44,0,429134,0,0
2022-01-20,US,3481767,0,0,0,0,0,0,0,0,0,0,0,0,0,0,0,0,0,0,0,0,4000,0,0,0,36,0,0,0,0,0,0,0,0,0,32,0,1251655,0,0,0,187,7243,0,59,0,0,0,0,0,0,0,0,0,0,0,0,0,0,0,13,0,0,0,0,0,0,0,0,0,0,0,0,0,0,0,0,25,0,0,0,0,0,0,0,0,0,0,0,0,0,386,0,0,0,1899544,0,0,0,0,0,0,0,0,0,0,0,0,0,0,0,0,0,0,0,0,0,0,0,0,0,0,40,0,318549,0,0
2022-01-21,US,3220224,0,0,0,0,0,0,0,0,0,0,0,0,0,0,0,0,0,0,0,0,3581,0,0,0,34,0,0,0,0,0,0,0,0,0,30,0,1180962,0,0,0,176,6955,0,55,0,0,0,0,0,0,0,0,0,0,0,0,0,0,0,12,0,0,0,0,0,0,0,0,0,0,0,0,0,0,0,0,23,0,0,0,0,0,0,0,0,0,0,0,0,0,370,0,0,0,1807918,0,0,0,0,0,0,0,0,0,0,0,0,0,0,0,0,0,0,0,0,0,0,0,0,0,0,36,0,220073,0,0
2022-01-22,US,2958682,0,0,0,0,0,0,0,0,0,0,0,0,0,0,0,0,0,0,0,0,3181,0,0,0,32,0,0,0,0,0,0,0,0,0,27,0,1106477,0,0,0,165,6625,0,51,0,0,0,0,0,0,0,0,0,0,0,0,0,0,0,11,0,0,0,0,0,0,0,0,0,0,0,0,0,0,0,0,21,0,0,0,0,0,0,0,0,0,0,0,0,0,352,0,0,0,1707991,0,0,0,0,0,0,0,0,0,0,0,11,0,0,0,0,0,0,0,0,0,0,0,0,0,0,32,0,133706,0,0
2022-01-23,US,2818691,0,0,0,0,0,0,0,0,0,0,0,0,0,0,0,0,0,0,0,0,2930,0,0,0,30,0,0,0,0,0,0,0,0,0,26,0,1039321,0,0,0,154,8090,0,49,0,0,0,0,0,0,0,0,0,0,0,0,0,0,0,10,0,0,0,0,0,0,0,0,0,0,0,0,0,0,0,0,21,0,0,0,0,0,0,0,0,0,0,0,0,0,325,0,0,0,1644552,0,0,0,0,0,0,0,0,0,0,0,13,0,0,0,0,0,0,0,0,0,0,0,0,0,0,31,0,123140,0,0
2022-01-24,US,2678699,0,0,0,0,0,0,0,0,0,0,0,0,0,0,0,0,0,0,0,0,2689,0,0,0,29,0,0,0,0,0,0,0,0,0,24,0,973635,0,0,0,142,9378,0,47,0,0,0,0,0,0,0,0,0,0,0,0,0,0,0,10,0,0,0,0,0,0,0,0,0,0,0,0,0,0,0,0,21,0,0,0,0,0,0,0,0,0,0,0,0,0,299,0,0,0,1579387,0,0,0,0,0,0,0,0,0,0,0,14,0,0,0,0,0,0,0,0,0,0,0,0,0,0,29,0,112995,0,0
2022-01-25,US,2538708,0,0,0,0,0,0,0,0,0,0,0,0,0,0,0,0,0,0,0,0,2458,0,0,0,27,0,0,0,0,0,0,0,0,0,23,0,909420,0,0,0,131,10490,0,45,0,0,0,0,0,0,0,0,0,0,0,0,0,0,0,9,0,0,0,0,0,0,0,0,0,0,0,0,0,0,0,0,20,0,0,0,0,0,0,0,0,0,0,0,0,0,274,0,0,0,1512497,0,0,0,0,0,0,0,0,0,0,0,16,0,0,0,0,0,0,0,0,0,0,0,0,0,0,28,0,103271,0,0
2022-01-26,US,2398717,0,0,0,0,0,0,0,0,0,0,0,0,0,0,0,0,0,0,0,0,2237,0,0,0,25,0,0,0,0,0,0,0,0,0,22,0,846675,0,0,0,121,11425,0,42,0,0,0,0,0,0,0,0,0,0,0,0,0,0,0,9,0,0,0,0,0,0,0,0,0,0,0,0,0,0,0,0,20,0,0,0,0,0,0,0,0,0,0,0,0,0,250,0,0,0,1443880,0,0,0,0,0,0,0,0,0,0,0,17,0,0,0,0,0,0,0,0,0,0,0,0,0,0,27,0,93969,0,0
2022-01-27,US,2258726,0,0,0,0,0,0,0,0,0,0,0,0,0,0,0,0,0,0,0,0,2026,0,0,0,23,0,0,0,0,0,0,0,0,0,20,0,785400,0,0,0,111,12183,0,40,0,0,0,0,0,0,0,0,0,0,0,0,0,0,0,8,0,0,0,0,0,0,0,0,0,0,0,0,0,0,0,0,19,0,0,0,0,0,0,0,0,0,0,0,0,0,227,0,0,0,1373538,0,0,0,0,0,0,0,0,0,0,0,18,0,0,0,0,0,0,0,0,0,0,0,0,0,0,25,0,85087,0,0
2022-01-28,US,2118735,0,0,0,0,0,0,0,0,0,0,0,0,0,0,0,0,0,0,0,0,1824,0,0,0,22,0,0,0,0,0,0,0,0,0,19,0,725596,0,0,0,101,12765,0,38,0,0,0,0,0,0,0,0,0,0,0,0,0,0,0,8,0,0,0,0,0,0,0,0,0,0,0,0,0,0,0,0,19,0,0,0,0,0,0,0,0,0,0,0,0,0,205,0,0,0,1301470,0,0,0,0,0,0,0,0,0,0,0,19,0,0,0,0,0,0,0,0,0,0,0,0,0,0,24,0,76627,0,0
2022-01-29,US,1978744,0,0,0,0,0,0,0,0,0,0,0,0,0,0,0,0,0,0,0,0,1633,0,0,0,20,0,0,0,0,0,0,0,0,0,18,0,667263,0,0,0,91,13170,0,36,0,0,0,0,0,0,0,0,0,0,0,0,0,0,0,7,0,0,0,0,0,0,0,0,0,0,0,0,0,0,0,0,18,0,0,0,0,0,0,0,0,0,0,0,0,0,184,0,0,0,1227675,0,0,0,0,0,0,0,0,0,0,0,19,0,0,0,0,0,0,0,0,0,0,0,0,0,0,22,0,68587,0,0
2022-01-30,US,1868399,0,0,0,0,0,0,0,0,0,0,0,0,0,0,0,0,0,0,0,0,1476,0,0,0,19,0,0,0,0,0,0,0,0,0,17,0,620240,0,0,0,84,13614,0,34,0,0,0,0,0,0,0,0,0,0,0,0,0,0,0,7,0,0,0,0,0,0,0,0,0,0,0,0,0,0,0,0,18,0,0,0,0,0,0,0,0,0,0,0,0,0,166,0,0,0,1170731,0,0,0,0,0,0,0,0,0,0,0,20,0,0,0,0,0,0,0,0,0,0,0,0,0,0,21,0,61952,0,0
2022-01-31,US,1758054,0,0,0,0,0,0,0,0,0,0,0,0,0,0,0,0,0,0,0,0,1326,0,0,0,18,0,0,0,0,0,0,0,0,0,16,0,574377,0,0,0,76,13920,0,32,0,0,0,0,0,0,0,0,0,0,0,0,0,0,0,7,0,0,0,0,0,0,0,0,0,0,0,0,0,0,0,0,17,0,0,0,0,0,0,0,0,0,0,0,0,0,150,0,0,0,1112427,0,0,0,0,0,0,0,0,0,0,0,20,0,0,0,0,0,0,0,0,0,0,0,0,0,0,20,0,55649,0,0
2022-02-01,US,1647709,0,0,0,0,0,0,0,0,0,0,0,0,0,0,0,0,0,0,0,0,1184,0,0,0,16,0,0,0,0,0,0,0,0,0,15,0,529673,0,0,0,69,14085,0,31,0,0,0,0,0,0,0,0,0,0,0,0,0,0,0,6,0,0,0,0,0,0,0,0,0,0,0,0,0,0,0,0,16,0,0,0,0,0,0,0,0,0,0,0,0,0,134,0,0,0,1052762,0,0,0,0,0,0,0,0,0,0,0,20,0,0,0,0,0,0,0,0,0,0,0,0,0,0,19,0,49678,0,0
2022-02-02,US,1537364,0,0,0,0,0,0,0,0,0,0,0,0,0,0,0,0,0,0,0,0,1050,0,0,0,15,0,0,0,0,0,0,0,0,0,14,0,486128,0,0,0,62,14112,0,29,0,0,0,0,0,0,0,0,0,0,0,0,0,0,0,6,0,0,0,0,0,0,0,0,0,0,0,0,0,0,0,0,16,0,0,0,0,0,0,0,0,0,0,0,0,0,120,0,0,0,991736,0,0,0,0,0,0,0,0,0,0,0,20,0,0,0,0,0,0,0,0,0,0,0,0,0,0,18,0,44039,0,0
2022-02-03,US,1427018,0,0,0,0,0,0,0,0,0,0,0,0,0,0,0,0,0,0,0,0,924,0,0,0,14,0,0,0,0,0,0,0,0,0,13,0,443742,0,0,0,56,14000,0,27,0,0,0,0,0,0,0,0,0,0,0,0,0,0,0,6,0,0,0,0,0,0,0,0,0,0,0,0,0,0,0,0,15,0,0,0,0,0,0,0,0,0,0,0,0,0,106,0,0,0,929350,0,0,0,0,0,0,0,0,0,0,0,20,0,0,0,0,0,0,0,0,0,0,0,0,0,0,17,0,38731,0,0
2022-02-04,US,1316673,0,0,0,0,0,0,0,0,0,0,0,0,0,0,0,0,0,0,0,0,805,0,0,0,13,0,0,0,0,0,0,0,0,0,12,0,402515,0,0,0,50,13748,0,25,0,0,0,0,0,0,0,0,0,0,0,0,0,0,0,5,0,0,0,0,0,0,0,0,0,0,0,0,0,0,0,0,14,0,0,0,0,0,0,0,0,0,0,0,0,0,93,0,0,0,865604,0,0,0,0,0,0,0,0,0,0,0,19,0,0,0,0,0,0,0,0,0,0,0,0,0,0,15,0,33756,0,0
2022-02-05,US,1206328,0,0,0,0,0,0,0,0,0,0,0,0,0,0,0,0,0,0,0,0,695,0,0,0,12,0,0,0,0,0,0,0,0,0,11,0,362446,0,0,0,44,13357,0,23,0,0,0,0,0,0,0,0,0,0,0,0,0,0,0,5,0,0,0,0,0,0,0,0,0,0,0,0,0,0,0,0,13,0,0,0,0,0,0,0,0,0,0,0,0,0,80,0,0,0,800497,0,0,0,0,0,0,0,0,0,0,0,19,0,0,0,0,0,0,0,0,0,0,0,0,0,0,14,0,29112,0,0
2022-02-06,US,1117595,0,0,0,0,0,0,0,0,0,0,0,0,0,0,0,0,0,0,0,0,604,0,0,0,11,0,0,0,0,0,0,0,0,0,10,0,329917,0,0,0,39,13079,0,21,0,0,0,0,0,0,0,0,0,0,0,0,0,0,0,4,0,0,0,0,0,0,0,0,0,0,0,0,0,0,0,0,13,0,0,0,0,0,0,0,0,0,0,0,0,0,70,0,0,0,748505,0,0,0,0,0,0,0,0,0,0,0,18,0,0,0,0,0,0,0,0,0,0,0,0,0,0,13,0,25290,0,0
2022-02-07,US,1028863,0,0,0,0,0,0,0,0,0,0,0,0,0,0,0,0,0,0,0,0,519,0,0,0,10,0,0,0,0,0,0,0,0,0,9,0,298320,0,0,0,35,12690,0,20,0,0,0,0,0,0,0,0,0,0,0,0,0,0,0,4,0,0,0,0,0,0,0,0,0,0,0,0,0,0,0,0,12,0,0,0,0,0,0,0,0,0,0,0,0,0,61,0,0,0,695419,0,0,0,0,0,0,0,0,0,0,0,18,0,0,0,0,0,0,0,0,0,0,0,0,0,0,12,0,21735,0,0
2022-02-08,US,940130,0,0,0,0,0,0,0,0,0,0,0,0,0,0,0,0,0,0,0,0,441,0,0,0,9,0,0,0,0,0,0,0,0,0,8,0,267655,0,0,0,30,12189,0,18,0,0,0,0,0,0,0,0,0,0,0,0,0,0,0,4,0,0,0,0,0,0,0,0,0,0,0,0,0,0,0,0,11,0,0,0,0,0,0,0,0,0,0,0,0,0,52,0,0,0,641239,0,0,0,0,0,0,0,0,0,0,0,17,0,0,0,0,0,0,0,0,0,0,0,0,0,0,11,0,18446,0,0
2022-02-09,US,851398,0,0,0,0,0,0,0,0,0,0,0,0,0,0,0,0,0,0,0,0,369,0,0,0,8,0,0,0,0,0,0,0,0,0,7,0,237921,0,0,0,26,11576,0,17,0,0,0,0,0,0,0,0,0,0,0,0,0,0,0,3,0,0,0,0,0,0,0,0,0,0,0,0,0,0,0,0,10,0,0,0,0,0,0,0,0,0,0,0,0,0,44,0,0,0,585965,0,0,0,0,0,0,0,0,0,0,0,16,0,0,0,0,0,0,0,0,0,0,0,0,0,0,10,0,15424,0,0
2022-02-10,US,762665,0,0,0,0,0,0,0,0,0,0,0,0,0,0,0,0,0,0,0,0,303,0,0,0,7,0,0,0,0,0,0,0,0,0,7,0,209120,0,0,0,22,10850,0,15,0,0,0,0,0,0,0,0,0,0,0,0,0,0,0,3,0,0,0,0,0,0,0,0,0,0,0,0,0,0,0,0,9,0,0,0,0,0,0,0,0,0,0,0,0,0,36,0,0,0,529597,0,0,0,0,0,0,0,0,0,0,0,15,0,0,0,0,0,0,0,0,0,0,0,0,0,0,9,0,12670,0,0
2022-02-11,US,673932,0,0,0,0,0,0,0,0,0,0,0,0,0,0,0,0,0,0,0,0,244,0,0,0,6,0,0,0,0,0,0,0,0,0,6,0,181251,0,0,0,19,10013,0,13,0,0,0,0,0,0,0,0,0,0,0,0,0,0,0,3,0,0,0,0,0,0,0,0,0,0,0,0,0,0,0,0,9,0,0,0,0,0,0,0,0,0,0,0,0,0,30,0,0,0,472135,0,0,0,0,0,0,0,0,0,0,0,14,0,0,0,0,0,0,0,0,0,0,0,0,0,0,8,0,10182,0,0
2022-02-12,US,585200,0,0,0,0,0,0,0,0,0,0,0,0,0,0,0,0,0,0,0,0,191,0,0,0,5,0,0,0,0,0,0,0,0,0,5,0,154313,0,0,0,16,9064,0,12,0,0,0,0,0,0,0,0,0,0,0,0,0,0,0,2,0,0,0,0,0,0,0,0,0,0,0,0,0,0,0,0,8,0,0,0,0,0,0,0,0,0,0,0,0,0,24,0,0,0,413579,0,0,0,0,0,0,0,0,0,0,0,13,0,0,0,0,0,0,0,0,0,0,0,0,0,0,7,0,7961,0,0
2022-02-13,US,548266,0,0,0,0,0,0,0,0,0,0,0,0,0,0,0,0,0,0,0,0,159,0,0,0,5,0,0,0,0,0,0,0,0,0,5,0,141695,0,0,0,14,8838,0,11,0,0,0,0,0,0,0,0,0,0,0,0,0,0,0,2,0,0,0,0,0,0,0,0,0,0,0,0,0,0,0,0,7,0,0,0,0,0,0,0,0,0,0,0,0,0,20,0,0,0,390857,0,0,0,0,0,0,0,0,0,0,0,12,0,0,0,0,0,0,0,0,0,0,0,0,0,0,7,0,6634,0,0
2022-02-14,US,511333,0,0,0,0,0,0,0,0,0,0,0,0,0,0,0,0,0,0,0,0,130,0,0,0,5,0,0,0,0,0,0,0,0,0,4,0,129464,0,0,0,12,8565,0,10,0,0,0,0,0,0,0,0,0,0,0,0,0,0,0,2,0,0,0,0,0,0,0,0,0,0,0,0,0,0,0,0,7,0,0,0,0,0,0,0,0,0,0,0,0,0,17,0,0,0,367679,0,0,0,0,0,0,0,0,0,0,0,12,0,0,0,0,0,0,0,0,0,0,0,0,0,0,6,0,5418,0,0
2022-02-15,US,474399,0,0,0,0,0,0,0,0,0,0,0,0,0,0,0,0,0,0,0,0,104,0,0,0,4,0,0,0,0,0,0,0,0,0,4,0,117622,0,0,0,11,8246,0,10,0,0,0,0,0,0,0,0,0,0,0,0,0,0,0,2,0,0,0,0,0,0,0,0,0,0,0,0,0,0,0,0,7,0,0,0,0,0,0,0,0,0,0,0,0,0,14,0,0,0,344046,0,0,0,0,0,0,0,0,0,0,0,11,0,0,0,0,0,0,0,0,0,0,0,0,0,0,6,0,4313,0,0
2022-02-16,US,437466,0,0,0,0,0,0,0,0,0,0,0,0,0,0,0,0,0,0,0,0,80,0,0,0,4,0,0,0,0,0,0,0,0,0,4,0,106167,0,0,0,9,7880,0,9,0,0,0,0,0,0,0,0,0,0,0,0,0,0,0,2,0,0,0,0,0,0,0,0,0,0,0,0,0,0,0,0,6,0,0,0,0,0,0,0,0,0,0,0,0,0,11,0,0,0,319958,0,0,0,0,0,0,0,0,0,0,0,11,0,0,0,0,0,0,0,0,0,0,0,0,0,0,5,0,3319,0,0
2022-02-17,US,400532,0,0,0,0,0,0,0,0,0,0,0,0,0,0,0,0,0,0,0,0,59,0,0,0,3,0,0,0,0,0,0,0,0,0,3,0,95101,0,0,0,8,7467,0,8,0,0,0,0,0,0,0,0,0,0,0,0,0,0,0,2,0,0,0,0,0,0,0,0,0,0,0,0,0,0,0,0,6,0,0,0,0,0,0,0,0,0,0,0,0,0,9,0,0,0,295414,0,0,0,0,0,0,0,0,0,0,0,10,0,0,0,0,0,0,0,0,0,0,0,0,0,0,5,0,2437,0,0
2022-02-18,US,363599,0,0,0,0,0,0,0,0,0,0,0,0,0,0,0,0,0,0,0,0,41,0,0,0,3,0,0,0,0,0,0,0,0,0,3,0,84422,0,0,0,7,7008,0,8,0,0,0,0,0,0,0,0,0,0,0,0,0,0,0,2,0,0,0,0,0,0,0,0,0,0,0,0,0,0,0,0,5,0,0,0,0,0,0,0,0,0,0,0,0,0,6,0,0,0,270415,0,0,0,0,0,0,0,0,0,0,0,10,0,0,0,0,0,0,0,0,0,0,0,0,0,0,5,0,1665,0,0
2022-02-19,US,326666,0,0,0,0,0,0,0,0,0,0,0,0,0,0,0,0,0,0,0,0,25,0,0,0,3,0,0,0,0,0,0,0,0,0,3,0,74130,0,0,0,5,6502,0,7,0,0,0,0,0,0,0,0,0,1,0,0,0,0,0,1,0,0,0,0,0,0,0,0,0,0,0,0,0,0,0,0,5,0,0,0,0,0,0,0,0,0,0,0,0,0,5,0,0,0,244959,0,0,1,0,0,0,0,0,0,0,0,9,0,0,0,0,0,0,0,0,0,0,0,0,0,0,4,0,1005,0,0
2022-02-20,US,311436,0,0,0,0,0,0,0,0,0,0,0,0,0,0,0,0,0,0,0,0,33,0,0,0,3,0,0,0,0,0,0,0,0,0,3,0,69497,0,0,0,7,8391,0,7,0,0,0,0,0,0,0,0,0,1,0,0,0,0,0,1,0,0,0,0,0,0,0,0,0,0,0,0,0,0,0,0,5,0,0,0,0,0,0,0,0,0,0,0,0,0,53,0,0,0,232486,0,0,1,0,0,0,0,0,0,0,0,9,0,0,0,0,0,0,0,0,0,0,0,0,0,0,4,0,937,0,0
2022-02-21,US,296207,0,0,0,0,0,0,0,0,0,0,0,0,0,0,0,0,0,0,0,0,40,0,0,0,3,0,0,0,0,0,0,0,0,0,3,0,64979,0,0,0,8,10064,0,6,0,0,0,0,0,0,0,0,0,1,0,0,0,0,0,1,0,0,0,0,0,0,0,0,0,0,0,0,0,0,0,0,5,0,0,0,0,0,0,0,0,0,0,0,0,0,96,0,0,0,220116,0,0,1,0,0,0,0,0,0,0,0,9,0,0,0,0,0,0,0,0,0,0,0,0,0,0,4,0,871,0,0
2022-02-22,US,280978,0,0,0,0,0,0,0,0,0,0,0,0,0,0,0,0,0,0,0,0,46,0,0,0,2,0,0,0,0,0,0,0,0,0,3,0,60576,0,0,0,9,11524,0,6,0,0,0,0,0,0,0,0,0,1,0,0,0,0,0,1,0,0,0,0,0,0,0,0,0,0,0,0,0,0,0,0,4,0,0,0,0,0,0,0,0,0,0,0,0,0,135,0,0,0,207849,0,0,1,0,0,0,0,0,0,0,0,8,0,0,0,0,0,0,0,0,0,0,0,0,0,0,4,0,807,0,0
2022-02-23,US,265749,0,0,0,0,0,0,0,0,0,0,0,0,0,0,0,0,0,0,0,0,51,0,0,0,2,0,0,0,0,0,0,0,0,0,3,0,56288,0,0,0,10,12769,0,6,0,0,0,0,0,0,0,0,0,1,0,0,0,0,0,1,0,0,0,0,0,0,0,0,0,0,0,0,0,0,0,0,4,0,0,0,0,0,0,0,0,0,0,0,0,0,169,0,0,0,195685,0,0,1,0,0,0,0,0,0,0,0,8,0,0,0,0,0,0,0,0,0,0,0,0,0,0,4,0,745,0,0
2022-02-24,US,250520,0,0,0,0,0,0,0,0,0,0,0,0,0,0,0,0,0,0,0,0,56,0,0,0,2,0,0,0,0,0,0,0,0,0,3,0,52116,0,0,0,11,13800,0,6,0,0,0,0,0,0,0,0,0,1,0,0,0,0,0,1,0,0,0,0,0,0,0,0,0,0,0,0,0,0,0,0,4,0,0,0,0,0,0,0,0,0,0,0,0,0,198,0,0,0,183624,0,0,1,0,0,0,0,0,0,0,0,8,0,0,0,0,0,0,0,0,0,0,0,0,0,0,4,0,685,0,0
2022-02-25,US,235291,0,0,0,0,0,0,0,0,0,0,0,0,0,0,0,0,0,0,0,0,59,0,0,0,2,0,0,0,0,0,0,0,0,0,3,0,48058,0,0,0,11,14617,0,5,0,0,0,0,0,0,0,0,0,1,0,0,0,0,0,1,0,0,0,0,0,0,0,0,0,0,0,0,0,0,0,0,4,0,0,0,0,0,0,0,0,0,0,0,0,0,222,0,0,0,171666,0,0,1,0,0,0,0,0,0,0,0,8,0,0,0,0,0,0,0,0,0,0,0,0,0,0,4,0,628,0,0
2022-02-26,US,220062,0,0,0,0,0,0,0,0,0,0,0,0,0,0,0,0,0,0,0,0,62,0,0,0,2,0,0,0,0,0,0,0,0,0,3,0,44116,0,0,0,12,15219,0,5,0,0,0,0,0,0,0,0,0,1,0,0,0,0,0,1,0,0,0,0,0,0,0,0,0,0,0,0,0,0,0,0,4,0,0,0,0,0,0,0,0,0,0,0,0,0,242,0,0,0,159811,0,0,1,0,0,0,0,0,0,0,0,7,0,0,0,0,0,0,0,0,0,0,0,0,0,0,4,0,572,0,0
2022-02-27,US,212948,0,0,0,0,0,0,0,0,0,0,0,0,0,0,0,0,0,0,0,0,66,0,0,0,2,0,0,0,0,0,0,0,0,0,3,0,41885,0,0,0,12,16225,0,5,0,0,0,0,0,0,0,0,0,1,0,0,0,0,0,1,0,0,0,0,0,0,0,0,0,0,0,0,0,0,0,0,4,0,0,0,0,0,0,0,0,0,0,0,0,0,267,0,0,0,153925,0,0,1,0,0,0,0,0,0,0,0,7,0,0,0,0,0,0,0,0,0,0,0,0,0,0,4,0,539,0,0
2022-02-28,US,205833,0,0,0,0,0,0,0,0,0,0,0,0,0,0,0,0,0,0,0,0,70,0,0,0,2,0,0,0,0,0,0,0,0,0,3,0,39707,0,0,0,13,17131,0,5,0,0,0,0,0,0,0,0,0,1,0,0,0,0,0,1,0,0,0,0,0,0,0,0,0,0,0,0,0,0,0,0,4,0,0,0,0,0,0,0,0,0,0,0,0,0,290,0,0,0,148086,0,0,1,0,0,0,0,0,0,0,0,7,0,0,0,0,0,0,0,0,0,0,0,0,0,0,4,0,507,0,0
2022-03-01,US,198719,0,0,0,0,0,0,0,0,0,0,0,0,0,0,0,0,0,0,0,0,73,0,0,0,2,0,0,0,0,0,0,0,0,0,3,0,37584,0,0,0,14,17937,0,5,0,0,0,0,0,0,0,0,0,1,0,0,0,0,0,1,0,0,0,0,0,0,0,0,0,0,0,0,0,0,0,0,4,0,0,0,0,0,0,0,0,0,0,0,0,0,311,0,0,0,142296,0,0,1,0,0,0,0,0,0,0,0,7,0,0,0,0,0,0,0,0,0,0,0,0,0,0,4,0,476,0,0
2022-03-02,US,191605,0,0,0,0,0,0,0,0,0,0,0,0,0,0,0,0,0,0,0,0,76,0,0,0,2,0,0,0,0,0,0,0,0,0,3,0,35514,0,0,0,14,18643,0,4,0,0,0,0,0,0,0,0,0,1,0,0,0,0,0,1,0,0,0,0,0,0,0,0,0,0,0,0,0,0,0,0,3,0,0,0,0,0,0,0,0,0,0,0,0,0,330,0,0,0,136554,0,0,1,0,0,0,0,0,0,0,0,7,0,0,0,0,0,0,0,0,0,0,0,0,0,0,3,0,446,0,0
2022-03-03,US,184491,0,0,0,0,0,0,0,0,0,0,0,0,0,0,0,0,0,0,0,0,79,0,0,0,2,0,0,0,0,0,0,0,0,0,3,0,33498,0,0,0,15,19249,0,4,0,0,0,0,0,0,0,0,0,1,0,0,0,0,0,1,0,0,0,0,0,0,0,0,0,0,0,0,0,0,0,0,3,0,0,0,0,0,0,0,0,0,0,0,0,0,346,0,0,0,130860,0,0,1,0,0,0,0,0,0,0,0,7,0,0,0,0,0,0,0,0,0,0,0,0,0,0,3,0,417,0,0
2022-03-04,US,177377,0,0,0,0,0,0,0,0,0,0,0,0,0,0,0,0,0,0,0,0,81,0,0,0,2,0,0,0,0,0,0,0,0,0,3,0,31536,0,0,0,15,19755,0,4,0,0,0,0,0,0,0,0,0,1,0,0,0,0,0,1,0,0,0,0,0,0,0,0,0,0,0,0,0,0,0,0,3,0,0,0,0,0,0,0,0,0,0,0,0,0,360,0,0,0,125215,0,0,1,0,0,0,0,0,0,0,0,7,0,0,0,0,0,0,0,0,0,0,0,0,0,0,3,0,389,0,0
2022-03-05,US,170263,0,0,0,0,0,0,0,0,0,0,0,0,0,0,0,0,0,0,0,0,83,0,0,0,2,0,0,0,0,0,0,0,0,0,3,0,29628,0,0,0,15,20160,0,4,0,0,0,0,0,0,0,0,0,1,0,0,0,0,0,1,0,0,0,0,0,0,0,0,0,0,0,0,0,0,0,0,3,0,0,0,0,0,0,0,0,0,0,0,0,0,372,0,0,0,119617,0,0,1,0,0,0,0,0,0,0,0,7,0,0,0,0,0,0,0,0,0,0,0,0,0,0,3,0,362,0,0
2022-03-06,US,168088,0,0,0,0,0,0,0,0,0,0,0,0,0,0,0,0,0,0,0,0,87,0,0,0,2,0,0,0,0,0,0,0,0,0,3,0,28614,0,0,0,16,21085,0,4,0,0,0,0,0,0,0,0,0,1,0,0,0,0,0,1,0,0,0,0,0,0,0,0,0,0,0,0,0,0,0,0,3,0,0,0,0,0,0,0,0,0,0,0,0,0,393,0,0,0,117521,0,0,1,0,0,0,0,0,0,0,0,7,0,0,0,0,0,0,0,0,0,0,0,0,0,0,3,0,346,0,0
2022-03-07,US,165912,0,0,0,0,0,0,0,0,0,0,0,0,0,0,0,0,0,0,0,0,90,0,0,0,2,0,0,0,0,0,0,0,0,0,3,0,27616,0,0,0,17,21980,0,4,0,0,0,0,0,0,0,0,0,1,0,0,0,0,0,1,0,0,0,0,0,0,0,0,0,0,0,0,0,0,0,0,3,0,0,0,0,0,0,0,0,0,0,0,0,0,414,0,0,0,115439,0,0,1,0,0,0,0,0,0,0,0,7,0,0,0,0,0,0,0,0,0,0,0,0,0,0,3,0,330,0,0
2022-03-08,US,163737,0,0,0,0,0,0,0,0,0,0,0,0,0,0,0,0,0,0,0,0,94,0,0,0,2,0,0,0,0,0,0,0,0,0,4,0,26636,0,0,0,17,22843,0,4,0,0,0,0,0,0,0,0,0,1,0,0,0,0,0,1,0,0,0,0,0,0,0,0,0,0,0,0,0,0,0,0,3,0,0,0,0,0,0,0,0,0,0,0,0,0,434,0,0,0,113372,0,0,1,0,0,0,0,0,0,0,0,7,0,0,0,0,0,0,0,0,0,0,0,0,0,0,3,0,314,0,0
2022-03-09,US,161562,0,0,0,0,0,0,0,0,0,0,0,0,0,0,0,0,0,0,0,0,97,0,0,0,2,0,0,0,0,0,0,0,0,0,4,0,25671,0,0,0,18,23677,0,4,0,0,0,0,0,0,0,0,0,1,0,0,0,0,0,1,0,0,0,0,0,0,0,0,0,0,0,0,0,0,0,0,3,0,0,0,0,0,0,0,0,0,0,0,0,0,453,0,0,0,111320,0,0,1,0,0,0,0,0,0,0,0,7,0,0,0,0,0,0,0,0,0,0,0,0,0,0,4,0,299,0,0
2022-03-10,US,159387,0,0,0,0,0,0,0,0,0,0,0,0,0,0,0,0,0,0,0,0,101,0,0,0,2,0,0,0,0,0,0,0,0,0,4,0,24723,0,0,0,18,24479,0,4,0,0,0,0,0,0,0,0,0,1,0,0,0,0,0,1,0,0,0,0,0,0,0,0,0,0,0,0,0,0,0,0,3,0,0,0,0,0,0,0,0,0,0,0,0,0,472,0,0,0,109282,0,0,2,0,0,0,0,0,0,0,0,7,0,0,0,0,0,0,0,0,0,0,0,0,0,0,4,0,284,0,0
2022-03-11,US,157212,0,0,0,0,0,0,0,0,0,0,0,0,0,0,0,0,0,0,0,0,104,0,0,0,2,0,0,0,0,0,0,0,0,0,4,0,23791,0,0,0,19,25251,0,4,0,0,0,0,0,0,0,0,0,1,0,0,0,0,0,1,0,0,0,0,0,0,0,0,0,0,0,0,0,0,0,0,3,0,0,0,0,0,0,0,0,0,0,0,0,0,490,0,0,0,107259,0,0,2,0,0,0,0,0,0,0,0,7,0,0,0,0,0,0,0,0,0,0,0,0,0,0,4,0,270,0,0
2022-03-12,US,155037,0,0,0,0,0,0,0,0,0,0,0,0,0,0,0,0,0,0,0,0,107,0,0,0,2,0,0,0,0,0,0,0,0,0,4,0,22876,0,0,0,19,25992,0,4,0,0,0,0,0,0,0,0,0,1,0,0,0,0,0,1,0,0,0,0,0,0,0,0,0,0,0,0,0,0,0,0,3,0,0,0,0,0,0,0,0,0,0,0,0,0,507,0,0,0,105251,0,0,2,0,0,0,0,0,0,0,0,7,0,0,0,0,0,0,0,0,0,0,0,0,0,0,4,0,256,0,0
2022-03-13,US,156409,0,0,0,0,0,0,0,0,0,0,0,0,0,0,0,0,0,0,0,0,113,0,0,0,2,0,0,0,0,0,0,0,0,0,4,0,22488,0,0,0,20,27323,0,4,0,0,0,0,0,0,0,0,0,1,0,0,0,0,0,1,0,0,0,0,0,0,0,0,0,0,0,0,0,0,0,0,3,0,0,0,0,0,0,0,0,0,0,0,0,0,536,0,0,0,105654,0,0,2,0,0,0,0,0,0,0,0,7,0,0,0,0,0,0,0,0,0,0,0,0,0,0,4,0,247,0,0
2022-03-14,US,157781,0,0,0,0,0,0,0,0,0,0,0,0,0,0,0,0,0,0,0,0,118,0,0,0,2,0,0,0,0,0,0,0,0,0,4,0,22089,0,0,0,21,28673,0,4,0,0,0,0,0,0,0,0,0,1,0,0,0,0,0,1,0,0,0,0,0,0,0,0,0,0,0,0,0,0,0,0,3,0,0,0,0,0,0,0,0,0,0,0,0,0,565,0,0,0,106048,0,0,2,0,0,0,0,0,0,0,0,7,0,0,0,0,0,0,0,0,0,0,0,0,0,0,4,0,239,0,0
2022-03-15,US,159154,0,0,0,0,0,0,0,0,0,0,0,0,0,0,0,0,0,0,0,0,124,0,0,0,2,0,0,0,0,0,0,0,0,0,4,0,21679,0,0,0,22,30042,0,4,0,0,0,0,0,0,0,0,0,1,0,0,0,0,0,1,0,0,0,0,0,0,0,0,0,0,0,0,0,0,0,0,3,0,0,0,0,0,0,0,0,0,0,0,0,0,595,0,0,0,106432,0,0,2,0,0,0,0,0,0,0,0,8,0,0,0,0,0,0,0,0,0,0,0,0,0,0,4,0,230,0,0
2022-03-16,US,160526,0,0,0,0,0,0,0,0,0,0,0,0,0,0,0,0,0,0,0,0,130,0,0,0,2,0,0,0,0,0,0,0,0,0,5,0,21259,0,0,0,23,31430,0,4,0,0,0,0,0,0,0,0,0,1,0,0,0,0,0,1,0,0,0,0,0,0,0,0,0,0,0,0,0,0,0,0,4,0,0,0,0,0,0,0,0,0,0,0,0,0,625,0,0,0,106807,0,0,2,0,0,0,0,0,0,0,0,8,0,0,0,0,0,0,0,0,0,0,0,0,0,0,4,0,221,0,0
2022-03-17,US,161898,0,0,0,0,0,0,0,0,0,0,0,0,0,0,0,0,0,0,0,0,136,0,0,0,2,0,0,0,0,0,0,0,0,0,5,0,20829,0,0,0,25,32838,0,4,0,0,0,0,0,0,0,0,0,1,0,0,0,0,0,1,0,0,0,0,0,0,0,0,0,0,0,0,0,0,0,0,4,0,0,0,0,0,0,0,0,0,0,0,0,0,655,0,0,0,107173,0,0,2,0,0,0,0,0,0,0,0,8,0,0,0,0,0,0,0,0,0,0,0,0,0,0,4,0,212,0,0
2022-03-18,US,163271,0,0,0,0,0,0,0,0,0,0,0,0,0,0,0,0,0,0,0,0,142,0,0,0,2,0,0,0,0,0,0,0,0,0,5,0,20389,0,0,0,26,34265,0,4,0,0,0,0,0,0,0,0,0,1,0,0,0,0,0,2,0,0,0,0,0,0,0,0,0,0,0,0,0,0,0,0,4,0,0,0,0,0,0,0,0,0,0,0,0,0,686,0,0,0,107530,0,0,2,0,0,0,0,0,0,0,0,8,0,0,0,0,0,0,0,0,0,0,0,0,0,0,4,0,203,0,0
2022-03-19,US,164643,0,0,0,0,0,0,0,0,0,0,0,0,0,0,0,0,0,0,0,0,148,0,0,0,2,0,0,0,0,0,0,0,0,0,5,0,19938,0,0,0,27,35711,0,4,0,0,0,0,0,0,0,0,0,1,0,0,0,0,0,2,0,0,0,0,0,0,0,0,0,0,0,0,0,0,0,0,4,0,0,0,0,0,0,0,0,0,0,0,0,0,717,0,0,0,107877,0,0,2,0,0,0,0,0,0,0,0,8,0,0,0,0,0,0,0,0,0,0,0,0,0,0,4,0,193,0,0
2022-03-20,US,165912,0,0,0,0,0,0,0,0,0,0,0,0,0,0,0,0,0,0,0,0,159,0,0,0,2,0,0,0,0,0,0,0,0,0,5,0,19469,0,0,0,27,38939,0,4,0,0,0,0,0,0,0,0,0,1,0,0,0,0,0,2,0,0,0,0,0,0,0,0,0,0,0,0,0,0,0,0,4,0,0,0,0,0,0,0,0,0,0,0,0,0,1414,0,0,0,105677,0,0,2,0,0,0,0,0,0,0,0,9,0,0,0,0,0,0,0,0,0,0,0,0,0,0,6,0,193,0,0
2022-03-21,US,167180,0,0,0,0,0,0,0,0,0,0,0,0,0,0,0,0,0,0,0,0,170,0,0,0,2,0,0,0,0,0,0,0,0,0,5,0,18991,0,0,0,27,42212,0,4,0,0,0,0,0,0,0,0,0,1,0,0,0,0,0,2,0,0,0,0,0,0,0,0,0,0,0,0,0,0,0,0,4,0,0,0,0,0,0,0,0,0,0,0,0,0,2122,0,0,0,103431,0,0,2,0,0,0,0,0,0,0,0,9,0,0,0,0,0,0,0,0,0,0,0,0,0,0,7,0,192,0,0
2022-03-22,US,168449,0,0,0,0,0,0,0,0,0,0,0,0,0,0,0,0,0,0,0,0,182,0,0,0,2,0,0,0,0,0,0,0,0,0,6,0,18503,0,0,0,27,45530,0,4,0,0,0,0,0,0,0,0,0,1,0,0,0,0,0,2,0,0,0,0,0,0,0,0,0,0,0,0,0,0,0,0,4,0,0,0,0,0,0,0,0,0,0,0,0,0,2840,0,0,0,101138,0,0,2,0,0,0,0,0,0,0,0,9,0,0,0,0,0,0,0,0,0,0,0,0,0,0,8,0,191,0,0
2022-03-23,US,169717,0,0,0,0,0,0,0,0,0,0,0,0,0,0,0,0,0,0,0,0,193,0,0,0,2,0,0,0,0,0,0,0,0,0,6,0,18006,0,0,0,27,48893,0,4,0,0,0,0,0,0,0,0,0,1,0,0,0,0,0,2,0,0,0,0,0,0,0,0,0,0,0,0,0,0,0,0,4,0,0,0,0,0,0,0,0,0,0,0,0,0,3568,0,0,0,98799,0,0,2,0,0,0,0,0,0,0,0,9,0,0,0,0,0,0,0,0,0,0,0,0,0,0,10,0,191,0,0
2022-03-24,US,170986,0,0,0,0,0,0,0,0,0,0,0,0,0,0,0,0,0,0,0,0,205,0,0,0,2,0,0,0,0,0,0,0,0,0,6,0,17499,0,0,0,28,52301,0,4,0,0,0,0,0,0,0,0,0,1,0,0,0,0,0,2,0,0,0,0,0,0,0,0,0,0,0,0,0,0,0,0,4,0,0,0,0,0,0,0,0,0,0,0,0,0,4307,0,0,0,96414,0,0,2,0,0,0,0,0,0,0,0,10,0,0,0,0,0,0,0,0,0,0,0,0,0,0,11,0,190,0,0
2022-03-25,US,172255,0,0,0,0,0,0,0,0,0,0,0,0,0,0,0,0,0,0,0,0,217,0,0,0,2,0,0,0,0,0,0,0,0,0,6,0,16982,0,0,0,28,55755,0,4,0,0,0,0,0,0,0,0,0,1,0,0,0,0,0,2,0,0,0,0,0,0,0,0,0,0,0,0,0,0,0,0,4,0,0,0,0,0,0,0,0,0,0,0,0,0,5057,0,0,0,93982,0,0,2,0,0,0,0,0,0,0,0,10,0,0,0,0,0,0,0,0,0,0,0,0,0,0,12,0,189,0,0
2022-03-26,US,173523,0,0,0,0,0,0,0,0,0,0,0,0,0,0,0,0,0,0,0,0,229,0,0,0,2,0,0,0,0,0,0,0,0,0,6,0,16456,0,0,0,28,59254,0,4,0,0,0,0,0,0,0,0,0,1,0,0,0,0,0,2,0,0,0,0,0,0,0,0,0,0,0,0,0,0,0,0,4,0,0,0,0,0,0,0,0,0,0,0,0,0,5817,0,0,0,91504,0,0,2,0,0,0,0,0,0,0,0,10,0,0,0,0,0,0,0,0,0,0,0,0,0,0,14,0,188,0,0
2022-03-27,US,183210,0,0,0,0,0,0,0,0,0,0,0,0,0,0,0,0,0,0,0,0,253,0,0,0,2,0,0,0,0,0,0,0,0,0,7,0,16688,0,0,0,29,65822,0,4,0,0,0,0,0,0,0,0,0,2,0,0,0,0,0,2,0,0,0,0,0,0,0,0,0,0,0,0,0,0,0,0,5,0,0,0,0,0,0,0,0,0,0,0,0,0,6906,0,0,0,93266,0,0,3,0,0,0,0,0,0,0,0,11,0,0,0,0,0,0,0,0,0,0,0,0,0,0,16,0,196,0,0
2022-03-28,US,192897,0,0,0,0,0,0,0,0,0,0,0,0,0,0,0,0,0,0,0,0,278,0,0,0,2,0,0,0,0,0,0,0,0,0,7,0,16846,0,0,0,31,72735,0,4,0,0,0,0,0,0,0,0,0,2,0,0,0,0,0,2,0,0,0,0,0,0,0,0,0,0,0,0,0,0,0,0,5,0,0,0,0,0,0,0,0,0,0,0,0,0,8074,0,0,0,94673,0,0,3,0,0,0,0,0,0,0,0,11,0,0,0,0,0,0,0,0,0,0,0,0,0,0,18,0,204,0,0
2022-03-29,US,202583,0,0,0,0,0,0,0,0,0,0,0,0,0,0,0,0,0,0,0,0,305,0,0,0,3,0,0,0,0,0,0,0,0,0,8,0,16932,0,0,0,32,79993,0,4,0,0,0,0,0,0,0,0,0,2,0,0,0,0,0,2,0,0,0,0,0,0,0,0,0,0,0,0,0,0,0,0,5,0,0,0,0,0,0,0,0,0,0,0,0,0,9324,0,0,0,95726,0,0,3,0,0,0,0,0,0,0,0,12,0,0,0,0,0,0,0,0,0,0,0,0,0,0,21,0,212,0,0
2022-03-30,US,212270,0,0,0,0,0,0,0,0,0,0,0,0,0,0,0,0,0,0,0,0,332,0,0,0,3,0,0,0,0,0,0,0,0,0,8,0,16945,0,0,0,34,87595,0,5,0,0,0,0,0,0,0,0,0,2,0,0,0,0,0,2,0,0,0,0,0,0,0,0,0,0,0,0,0,0,0,0,5,0,0,0,0,0,0,0,0,0,0,0,0,0,10654,0,0,0,96425,0,0,3,0,0,0,0,0,0,0,0,13,0,0,0,0,0,0,0,0,0,0,0,0,0,0,23,0,219,0,0
2022-03-31,US,221957,0,0,0,0,0,0,0,0,0,0,0,0,0,0,0,0,0,0,0,0,361,0,0,0,3,0,0,0,0,0,0,0,0,0,9,0,16886,0,0,0,35,95542,0,5,0,0,0,0,0,0,0,0,0,2,0,0,0,0,0,3,0,0,0,0,0,0,0,0,0,0,0,0,0,0,0,0,6,0,0,0,0,0,0,0,0,0,0,0,0,0,12065,0,0,0,96771,0,0,3,0,0,0,0,0,0,0,0,14,0,0,0,0,0,0,0,0,0,0,0,0,0,0,26,0,227,0,0
2022-04-01,US,231644,0,0,0,0,0,0,0,0,0,0,0,0,0,0,0,0,0,0,0,0,391,0,0,0,3,0,0,0,0,0,0,0,0,0,9,0,16754,0,0,0,37,103835,0,5,0,0,0,0,0,0,0,0,0,2,0,0,0,0,0,3,0,0,0,0,0,0,0,0,0,0,0,0,0,0,0,0,6,0,0,0,0,0,0,0,0,0,0,0,0,0,13557,0,0,0,96762,0,0,4,0,0,0,0,0,0,0,0,15,0,0,0,0,0,0,0,0,0,0,0,0,0,0,29,0,233,0,0
2022-04-02,US,241330,0,0,0,0,0,0,0,0,0,0,0,0,0,0,0,0,0,0,0,0,422,0,0,0,3,0,0,0,0,0,0,0,0,0,10,0,16549,0,0,0,38,112471,0,5,0,0,0,0,0,0,0,0,0,2,0,0,0,0,0,3,0,0,0,0,0,0,0,0,0,0,0,0,0,0,0,0,6,0,0,0,0,0,0,0,0,0,0,0,0,0,15130,0,0,0,96400,0,0,4,0,0,0,0,0,0,0,0,15,0,0,0,0,0,0,0,0,0,0,0,0,0,0,32,0,240,0,0
2022-04-03,US,255283,0,0,0,0,0,0,0,0,0,0,0,0,0,0,0,0,0,0,0,0,462,0,0,0,3,0,0,0,0,0,0,0,0,0,11,0,16548,0,0,0,41,123517,0,5,0,0,0,0,0,0,0,0,0,2,0,0,0,0,0,3,0,0,0,0,0,0,0,0,0,0,0,0,0,0,0,0,7,0,0,0,0,0,0,0,0,0,0,0,0,0,17068,0,0,0,97309,0,0,4,0,0,0,0,0,0,0,0,16,0,0,0,0,0,0,0,0,0,0,0,0,0,0,35,0,251,0,0
2022-04-04,US,269235,0,0,0,0,0,0,0,0,0,0,0,0,0,0,0,0,0,0,0,0,503,0,0,0,4,0,0,0,0,0,0,0,0,0,12,0,16442,0,0,0,43,135059,0,5,0,0,0,0,0,0,0,0,0,2,0,0,0,0,0,3,0,0,0,0,0,0,0,0,0,0,0,0,0,0,0,0,7,0,0,0,0,0,0,0,0,0,0,0,0,0,19123,0,0,0,97709,0,0,4,0,0,0,0,0,0,0,0,18,0,0,0,0,0,0,0,0,0,0,0,0,0,0,39,0,261,0,0
2022-04-05,US,283188,0,0,0,0,0,0,0,0,0,0,0,0,0,0,0,0,0,0,0,0,547,0,0,0,4,0,0,0,0,0,0,0,0,0,12,0,16232,0,0,0,45,147098,0,5,0,0,0,0,0,0,0,0,0,3,0,0,0,0,0,4,0,0,0,0,0,0,0,0,0,0,0,0,0,0,0,0,8,0,0,0,0,0,0,0,0,0,0,0,0,0,21294,0,0,0,97599,0,0,5,0,0,0,0,0,0,0,0,19,0,0,0,0,0,0,0,0,0,0,0,0,0,0,44,0,271,0,0
2022-04-06,US,297140,0,0,0,0,0,0,0,0,0,0,0,0,0,0,0,0,0,0,0,0,592,0,0,0,4,0,0,0,0,0,0,0,0,0,13,0,15917,0,0,0,47,159633,0,5,0,0,0,0,0,0,0,0,0,3,0,0,0,0,0,4,0,0,0,0,0,0,0,0,0,0,0,0,0,0,0,0,8,0,0,0,0,0,0,0,0,0,0,0,0,0,23581,0,0,0,96980,0,0,5,0,0,0,0,0,0,0,0,20,0,0,0,0,0,0,0,0,0,0,0,0,0,0,48,0,280,0,0
2022-04-07,US,311093,0,0,0,0,0,0,0,0,0,0,0,0,0,0,0,0,0,0,0,0,638,0,0,0,4,0,0,0,0,0,0,0,0,0,14,0,15497,0,0,0,49,172665,0,5,0,0,0,0,0,0,0,0,0,3,0,0,0,0,0,4,0,0,0,0,0,0,0,0,0,0,0,0,0,0,0,0,9,0,0,0,0,0,0,0,0,0,0,0,0,0,25984,0,0,0,95850,0,0,5,0,0,0,0,0,0,0,0,21,0,0,0,0,0,0,0,0,0,0,0,0,0,0,52,0,290,0,0
2022-04-08,US,325045,0,0,0,0,0,0,0,0,0,0,0,0,0,0,0,0,0,0,0,0,687,0,0,0,4,0,0,0,0,0,0,0,0,0,15,0,14973,0,0,0,52,186194,0,6,0,0,0,0,0,0,0,0,0,3,0,0,0,0,0,4,0,0,0,0,0,0,0,0,0,0,0,0,0,0,0,0,9,0,0,0,0,0,0,0,0,0,0,0,0,0,28504,0,0,0,94211,0,0,6,0,0,0,0,0,0,0,0,22,0,0,0,0,0,0,0,0,0,0,0,0,0,0,57,0,299,0,0
2022-04-09,US,338997,0,0,0,0,0,0,0,0,0,0,0,0,0,0,0,0,0,0,0,0,737,0,0,0,5,0,0,0,0,0,0,0,0,0,16,0,14344,0,0,0,54,200219,0,6,0,0,0,0,0,0,0,0,0,3,0,0,0,0,0,4,0,0,0,0,0,0,0,0,0,0,0,0,0,0,0,0,10,0,0,0,0,0,0,0,0,0,0,0,0,0,31140,0,0,0,92062,0,0,6,0,0,0,0,0,0,0,0,24,0,0,0,0,0,0,0,0,0,0,0,0,0,0,62,0,307,0,0
2022-04-10,US,350376,0,0,0,0,0,0,0,0,0,0,0,0,0,0,0,0,0,0,0,0,783,0,0,0,5,0,0,0,0,0,0,0,0,0,17,0,13511,0,0,0,55,213174,0,6,0,0,0,0,0,0,0,0,0,3,0,0,0,0,0,5,0,0,0,0,0,0,0,0,0,0,0,0,0,0,0,0,10,0,0,0,0,0,0,0,0,0,0,0,0,0,33645,0,0,0,88751,0,0,6,0,0,0,0,0,0,0,0,25,0,0,0,0,0,0,0,0,0,0,0,0,0,0,67,0,313,0,0
2022-04-11,US,361754,0,0,0,0,0,0,0,0,0,0,0,0,0,0,0,0,0,0,0,0,830,0,0,0,5,0,0,0,0,0,0,0,0,0,18,0,12592,0,0,0,57,226535,0,6,0,0,0,0,0,0,0,0,0,4,0,0,0,0,0,5,0,0,0,0,0,0,0,0,0,0,0,0,0,0,0,0,10,0,0,0,0,0,0,0,0,0,0,0,0,0,36245,0,0,0,85024,0,0,7,0,0,0,0,0,0,0,0,26,0,0,0,0,0,0,0,0,0,0,0,0,0,0,72,0,318,0,0
2022-04-12,US,373132,0,0,0,0,0,0,0,0,0,0,0,0,0,0,0,0,0,0,0,0,879,0,0,0,5,0,0,0,0,0,0,0,0,0,18,0,11589,0,0,0,59,240300,0,6,0,0,0,0,0,0,0,0,0,4,0,0,0,0,0,5,0,0,0,0,0,0,0,0,0,0,0,0,0,0,0,0,11,0,0,0,0,0,0,0,0,0,0,0,0,0,38940,0,0,0,80882,0,0,7,0,0,0,0,0,0,0,0,27,0,0,0,0,0,0,0,0,0,0,0,0,0,0,77,0,324,0,0
2022-04-13,US,384511,0,0,0,0,0,0,0,0,0,0,0,0,0,0,0,0,0,0,0,0,929,0,0,0,5,0,0,0,0,0,0,0,0,0,19,0,10499,0,0,0,61,254471,0,6,0,0,0,0,0,0,0,0,0,4,0,0,0,0,0,5,0,0,0,0,0,0,0,0,0,0,0,0,0,0,0,0,11,0,0,0,0,0,0,0,0,0,0,0,0,0,41730,0,0,0,76324,0,0,7,0,0,0,0,0,0,0,0,28,0,0,0,0,0,0,0,0,0,0,0,0,0,0,82,0,329,0,0
2022-04-14,US,395889,0,0,0,0,0,0,0,0,0,0,0,0,0,0,0,0,0,0,0,0,981,0,0,0,6,0,0,0,0,0,0,0,0,0,20,0,9325,0,0,0,62,269046,0,6,0,0,0,0,0,0,0,0,0,4,0,0,0,0,0,6,0,0,0,0,0,0,0,0,0,0,0,0,0,0,0,0,12,0,0,0,0,0,0,0,0,0,0,0,0,0,44614,0,0,0,71350,0,0,8,0,0,0,0,0,0,0,0,29,0,0,0,0,0,0,0,0,0,0,0,0,0,0,87,0,333,0,0
2022-04-15,US,407267,0,0,0,0,0,0,0,0,0,0,0,0,0,0,0,0,0,0,0,0,1034,0,0,0,6,0,0,0,0,0,0,0,0,0,21,0,8065,0,0,0,64,284026,0,6,0,0,0,0,0,0,0,0,0,4,0,0,0,0,0,6,0,0,0,0,0,0,0,0,0,0,0,0,0,0,0,0,12,0,0,0,0,0,0,0,0,0,0,0,0,0,47593,0,0,0,65961,0,0,8,0,0,0,0,0,0,0,0,30,0,0,0,0,0,0,0,0,0,0,0,0,0,0,93,0,338,0,0
2022-04-16,US,418645,0,0,0,0,0,0,0,0,0,0,0,0,0,0,0,0,0,0,0,0,1088,0,0,0,6,0,0,0,0,0,0,0,0,0,22,0,6720,0,0,0,66,299412,0,5,0,0,0,0,0,0,0,0,0,4,0,0,0,0,0,6,0,0,0,0,0,0,0,0,0,0,0,0,0,0,0,0,13,0,0,0,0,0,0,0,0,0,0,0,0,0,50667,0,0,0,60156,0,0,8,0,0,0,0,0,0,0,0,32,0,0,0,0,0,0,0,0,0,0,0,0,0,0,99,0,342,0,0
2022-04-17,US,427843,0,0,0,0,0,0,0,0,0,0,0,0,0,0,0,0,0,0,0,0,1128,0,0,0,6,0,0,0,0,0,0,0,0,0,22,0,6640,0,0,0,130,303862,0,6,0,0,0,0,0,0,0,0,0,5,0,0,0,0,0,6,0,0,0,0,0,0,0,0,0,0,0,0,0,0,0,0,13,0,0,0,0,0,0,0,0,0,0,0,0,0,56014,0,0,0,59454,0,0,9,0,0,0,0,0,0,0,0,33,0,0,0,0,0,0,0,0,0,0,0,0,0,0,178,0,338,0,0
2022-04-18,US,437040,0,0,0,0,0,0,0,0,0,0,0,0,0,0,0,0,0,0,0,0,1168,0,0,0,6,0,0,0,0,0,0,0,0,0,22,0,6550,0,0,0,198,308221,0,6,0,0,0,0,0,0,0,0,0,5,0,0,0,0,0,7,0,0,0,0,0,0,0,0,0,0,0,0,0,0,0,0,14,0,0,0,0,0,0,0,0,0,0,0,0,0,61542,0,0,0,58664,0,0,9,0,0,0,0,0,0,0,0,34,0,0,0,0,0,0,0,0,0,0,0,0,0,0,262,0,334,0,0
2022-04-19,US,446237,0,0,0,0,0,0,0,0,0,0,0,0,0,0,0,0,0,0,0,0,1208,0,0,0,7,0,0,0,0,0,0,0,0,0,21,0,6451,0,0,0,267,312488,0,6,0,0,0,0,0,0,0,0,0,5,0,0,0,0,0,7,0,0,0,0,0,0,0,0,0,0,0,0,0,0,0,0,14,0,0,0,0,0,0,0,0,0,0,0,0,0,67253,0,0,0,57788,0,0,9,0,0,0,0,0,0,0,0,35,0,0,0,0,0,0,0,0,0,0,0,0,0,0,348,0,330,0,0
2022-04-20,US,455434,0,0,0,0,0,0,0,0,0,0,0,0,0,0,0,0,0,0,0,0,1250,0,0,0,7,0,0,0,0,0,0,0,0,0,21,0,6341,0,0,0,340,316664,0,6,0,0,0,0,0,0,0,0,0,5,0,0,0,0,0,7,0,0,0,0,0,0,0,0,0,0,0,0,0,0,0,0,14,0,0,0,0,0,0,0,0,0,0,0,0,0,73146,0,0,0,56825,0,0,10,0,0,0,0,0,0,0,0,36,0,0,0,0,0,0,0,0,0,0,0,0,0,0,438,0,325,0,0
2022-04-21,US,464632,0,0,0,0,0,0,0,0,0,0,0,0,0,0,0,0,0,0,0,0,1292,0,0,0,7,0,0,0,0,0,0,0,0,0,21,0,6222,0,0,0,416,320748,0,7,0,0,0,0,0,0,0,0,0,5,0,0,0,0,0,7,0,0,0,0,0,0,0,0,0,0,0,0,0,0,0,0,15,0,0,0,0,0,0,0,0,0,0,0,0,0,79221,0,0,0,55775,0,0,10,0,0,0,0,0,0,0,0,37,0,0,0,0,0,0,0,0,0,0,0,0,0,0,531,0,320,0,0
2022-04-22,US,473829,0,0,0,0,0,0,0,0,0,0,0,0,0,0,0,0,0,0,0,0,1334,0,0,0,7,0,0,0,0,0,0,0,0,0,20,0,6093,0,0,0,494,324741,0,7,0,0,0,0,0,0,0,0,0,5,0,0,0,0,0,7,0,0,0,0,0,0,0,0,0,0,0,0,0,0,0,0,15,0,0,0,0,0,0,0,0,0,0,0,0,0,85477,0,0,0,54638,0,0,10,0,0,0,0,0,0,0,0,38,0,0,0,0,0,0,0,0,0,0,0,0,0,0,627,0,314,0,0
2022-04-23,US,483026,0,0,0,0,0,0,0,0,0,0,0,0,0,0,0,0,0,0,0,0,1377,0,0,0,7,0,0,0,0,0,0,0,0,0,20,0,5955,0,0,0,574,328642,0,7,0,0,0,0,0,0,0,0,0,6,0,0,0,0,0,8,0,0,0,0,0,0,0,0,0,0,0,0,0,0,0,0,16,0,0,0,0,0,0,0,0,0,0,0,0,0,91916,0,0,0,53414,0,0,11,0,0,0,0,0,0,0,0,39,0,0,0,0,0,0,0,0,0,0,0,0,0,0,727,0,308,0,0
2022-04-24,US,499020,0,0,0,0,0,0,0,0,0,0,0,0,0,0,0,0,0,0,0,0,1441,0,0,0,8,0,0,0,0,0,0,0,0,0,20,0,5886,0,0,0,667,337043,0,7,0,0,0,0,0,0,0,0,0,6,0,0,0,0,0,8,0,0,0,0,0,0,0,0,0,0,0,0,0,0,0,0,16,0,0,0,0,0,0,0,0,0,0,0,0,0,99897,0,0,0,52822,0,0,11,0,0,0,0,0,0,0,0,41,0,0,0,0,0,0,0,0,0,0,0,0,0,0,841,0,305,0,0
2022-04-25,US,515014,0,0,0,0,0,0,0,0,0,0,0,0,0,0,0,0,0,0,0,0,1506,0,0,0,8,0,0,0,0,0,0,0,0,0,20,0,5801,0,0,0,764,345284,0,8,0,0,0,0,0,0,0,0,0,6,0,0,0,0,0,8,0,0,0,0,0,0,0,0,0,0,0,0,0,0,0,0,17,0,0,0,0,0,0,0,0,0,0,0,0,0,108195,0,0,0,52079,0,0,12,0,0,0,0,0,0,0,0,43,0,0,0,0,0,0,0,0,0,0,0,0,0,0,962,0,302,0,0
2022-04-26,US,531008,0,0,0,0,0,0,0,0,0,0,0,0,0,0,0,0,0,0,0,0,1572,0,0,0,8,0,0,0,0,0,0,0,0,0,20,0,5699,0,0,0,866,353367,0,8,0,0,0,0,0,0,0,0,0,6,0,0,0,0,0,9,0,0,0,0,0,0,0,0,0,0,0,0,0,0,0,0,18,0,0,0,0,0,0,0,0,0,0,0,0,0,116810,0,0,0,51185,0,0,12,0,0,0,0,0,0,0,0,45,0,0,0,0,0,0,0,0,0,0,0,0,0,0,1088,0,298,0,0
2022-04-27,US,547002,0,0,0,0,0,0,0,0,0,0,0,0,0,0,0,0,0,0,0,0,1639,0,0,0,9,0,0,0,0,0,0,0,0,0,19,0,5580,0,0,0,973,361290,0,8,0,0,0,0,0,0,0,0,0,6,0,0,0,0,0,9,0,0,0,0,0,0,0,0,0,0,0,0,0,0,0,0,18,0,0,0,0,0,0,0,0,0,0,0,0,0,125740,0,0,0,50139,0,0,13,0,0,0,0,0,0,0,0,46,0,0,0,0,0,0,0,0,0,0,0,0,0,0,1220,0,293,0,0
2022-04-28,US,562996,0,0,0,0,0,0,0,0,0,0,0,0,0,0,0,0,0,0,0,0,1707,0,0,0,9,0,0,0,0,0,0,0,0,0,19,0,5443,0,0,0,1084,369054,0,9,0,0,0,0,0,0,0,0,0,7,0,0,0,0,0,9,0,0,0,0,0,0,0,0,0,0,0,0,0,0,0,0,19,0,0,0,0,0,0,0,0,0,0,0,0,0,134988,0,0,0,48942,0,0,13,0,0,0,0,0,0,0,0,48,0,0,0,0,0,0,0,0,0,0,0,0,0,0,1358,0,287,0,0
2022-04-29,US,578990,0,0,0,0,0,0,0,0,0,0,0,0,0,0,0,0,0,0,0,0,1776,0,0,0,9,0,0,0,0,0,0,0,0,0,19,0,5290,0,0,0,1201,376659,0,9,0,0,0,0,0,0,0,0,0,7,0,0,0,0,0,10,0,0,0,0,0,0,0,0,0,0,0,0,0,0,0,0,20,0,0,0,0,0,0,0,0,0,0,0,0,0,144552,0,0,0,47594,0,0,14,0,0,0,0,0,0,0,0,50,0,0,0,0,0,0,0,0,0,0,0,0,0,0,1501,0,280,0,0
2022-04-30,US,594984,0,0,0,0,0,0,0,0,0,0,0,0,0,0,0,0,0,0,0,0,1847,0,0,0,9,0,0,0,0,0,0,0,0,0,18,0,5119,0,0,0,1322,384105,0,10,0,0,0,0,0,0,0,0,0,7,0,0,0,0,0,10,0,0,0,0,0,0,0,0,0,0,0,0,0,0,0,0,20,0,0,0,0,0,0,0,0,0,0,0,0,0,154432,0,0,0,46094,0,0,14,0,0,0,0,0,0,0,0,52,0,0,0,0,0,0,0,0,0,0,0,0,0,0,1651,0,273,0,0
2022-05-01,US,609358,0,0,0,0,0,0,0,0,0,0,0,0,0,0,0,0,0,0,0,0,1913,0,0,0,10,0,0,0,0,0,0,0,0,0,18,0,4919,0,0,0,1443,390355,0,10,0,0,0,0,0,0,0,0,0,7,0,0,0,0,0,11,0,0,0,0,0,0,0,0,0,0,0,0,0,0,0,0,21,0,0,0,0,0,0,0,0,0,0,0,0,0,164193,0,0,0,44325,0,0,15,0,0,0,0,0,0,0,0,54,0,0,0,0,0,0,0,0,0,0,0,0,0,0,1801,0,264,0,0
2022-05-02,US,623732,0,0,0,0,0,0,0,0,0,0,0,0,0,0,0,0,0,0,0,0,1981,0,0,0,10,0,0,0,0,0,0,0,0,0,17,0,4703,0,0,0,1569,396461,0,10,0,0,0,0,0,0,0,0,0,8,0,0,0,0,0,11,0,0,0,0,0,0,0,0,0,0,0,0,0,0,0,0,22,0,0,0,0,0,0,0,0,0,0,0,0,0,174238,0,0,0,42421,0,0,15,0,0,0,0,0,0,0,0,56,0,0,0,0,0,0,0,0,0,0,0,0,0,0,1956,0,254,0,0
2022-05-03,US,638106,0,0,0,0,0,0,0,0,0,0,0,0,0,0,0,0,0,0,0,0,2050,0,0,0,10,0,0,0,0,0,0,0,0,0,17,0,4472,0,0,0,1700,402424,0,11,0,0,0,0,0,0,0,0,0,8,0,0,0,0,0,11,0,0,0,0,0,0,0,0,0,0,0,0,0,0,0,0,22,0,0,0,0,0,0,0,0,0,0,0,0,0,184567,0,0,0,40380,0,0,16,0,0,0,0,0,0,0,0,57,0,0,0,0,0,0,0,0,0,0,0,0,0,0,2117,0,243,0,0
2022-05-04,US,652480,0,0,0,0,0,0,0,0,0,0,0,0,0,0,0,0,0,0,0,0,2119,0,0,0,11,0,0,0,0,0,0,0,0,0,16,0,4226,0,0,0,1834,408245,0,11,0,0,0,0,0,0,0,0,0,8,0,0,0,0,0,12,0,0,0,0,0,0,0,0,0,0,0,0,0,0,0,0,23,0,0,0,0,0,0,0,0,0,0,0,0,0,195181,0,0,0,38204,0,0,16,0,0,0,0,0,0,0,0,59,0,0,0,0,0,0,0,0,0,0,0,0,0,0,2283,0,232,0,0
2022-05-05,US,666854,0,0,0,0,0,0,0,0,0,0,0,0,0,0,0,0,0,0,0,0,2190,0,0,0,11,0,0,0,0,0,0,0,0,0,16,0,3964,0,0,0,1973,413922,0,11,0,0,0,0,0,0,0,0,0,9,0,0,0,0,0,12,0,0,0,0,0,0,0,0,0,0,0,0,0,0,0,0,24,0,0,0,0,0,0,0,0,0,0,0,0,0,206079,0,0,0,35891,0,0,17,0,0,0,0,0,0,0,0,61,0,0,0,0,0,0,0,0,0,0,0,0,0,0,2454,0,220,0,0
2022-05-06,US,681228,0,0,0,0,0,0,0,0,0,0,0,0,0,0,0,0,0,0,0,0,2262,0,0,0,11,0,0,0,0,0,0,0,0,0,15,0,3687,0,0,0,2116,419457,0,12,0,0,0,0,0,0,0,0,0,9,0,0,0,0,0,12,0,0,0,0,0,0,0,0,0,0,0,0,0,0,0,0,24,0,0,0,0,0,0,0,0,0,0,0,0,0,217262,0,0,0,33442,0,0,17,0,0,0,0,0,0,0,0,63,0,0,0,0,0,0,0,0,0,0,0,0,0,0,2631,0,208,0,0
2022-05-07,US,695602,0,0,0,0,0,0,0,0,0,0,0,0,0,0,0,0,0,0,0,0,2335,0,0,0,12,0,0,0,0,0,0,0,0,0,14,0,3395,0,0,0,2263,424848,0,12,0,0,0,0,0,0,0,0,0,9,0,0,0,0,0,13,0,0,0,0,0,0,0,0,0,0,0,0,0,0,0,0,25,0,0,0,0,0,0,0,0,0,0,0,0,0,228729,0,0,0,30858,0,0,18,0,0,0,0,0,0,0,0,65,0,0,0,0,0,0,0,0,0,0,0,0,0,0,2813,0,194,0,0
2022-05-08,US,726105,0,0,0,0,0,0,0,0,0,0,0,0,0,0,0,0,0,0,0,0,2463,0,0,0,12,0,0,0,0,0,0,0,0,0,14,0,3158,0,0,0,2469,439868,0,13,0,0,0,0,0,0,0,0,0,10,0,0,0,0,0,14,0,0,0,0,0,0,0,0,0,0,0,0,0,0,0,0,26,0,0,0,0,0,0,0,0,0,0,0,0,0,245944,0,0,0,28777,0,0,19,0,0,0,0,0,0,0,0,68,0,0,0,0,0,0,0,0,0,0,0,0,0,0,3067,0,184,0,0
2022-05-09,US,756608,0,0,0,0,0,0,0,0,0,0,0,0,0,0,0,0,0,0,0,0,2594,0,0,0,13,0,0,0,0,0,0,0,0,0,13,0,2888,0,0,0,2684,454583,0,14,0,0,0,0,0,0,0,0,0,10,0,0,0,0,0,14,0,0,0,0,0,0,0,0,0,0,0,0,0,0,0,0,28,0,0,0,0,0,0,0,0,0,0,0,0,0,263763,0,0,0,26407,0,0,20,0,0,0,0,0,0,0,0,72,0,0,0,0,0,0,0,0,0,0,0,0,0,0,3334,0,172,0,0
2022-05-10,US,787111,0,0,0,0,0,0,0,0,0,0,0,0,0,0,0,0,0,0,0,0,2727,0,0,0,13,0,0,0,0,0,0,0,0,0,12,0,2586,0,0,0,2909,468996,0,14,0,0,0,0,0,0,0,0,0,10,0,0,0,0,0,15,0,0,0,0,0,0,0,0,0,0,0,0,0,0,0,0,29,0,0,0,0,0,0,0,0,0,0,0,0,0,282185,0,0,0,23748,0,0,21,0,0,0,0,0,0,0,0,76,0,0,0,0,0,0,0,0,0,0,0,0,0,0,3611,0,159,0,0
2022-05-11,US,817615,0,0,0,0,0,0,0,0,0,0,0,0,0,0,0,0,0,0,0,0,2862,0,0,0,14,0,0,0,0,0,0,0,0,0,12,0,2251,0,0,0,3142,483105,0,15,0,0,0,0,0,0,0,0,0,11,0,0,0,0,0,16,0,0,0,0,0,0,0,0,0,0,0,0,0,0,0,0,30,0,0,0,0,0,0,0,0,0,0,0,0,0,301211,0,0,0,20801,0,0,22,0,0,0,0,0,0,0,0,79,0,0,0,0,0,0,0,0,0,0,0,0,0,0,3899,0,144,0,0
2022-05-12,US,848118,0,0,0,0,0,0,0,0,0,0,0,0,0,0,0,0,0,0,0,0,2999,0,0,0,15,0,0,0,0,0,0,0,0,0,11,0,1884,0,0,0,3384,496911,0,16,0,0,0,0,0,0,0,0,0,11,0,0,0,0,0,16,0,0,0,0,0,0,0,0,0,0,0,0,0,0,0,0,32,0,0,0,0,0,0,0,0,0,0,0,0,0,320840,0,0,0,17566,0,0,23,0,0,0,0,0,0,0,0,83,0,0,0,0,0,0,0,0,0,0,0,0,0,0,4198,0,128,0,0
2022-05-13,US,878621,0,0,0,0,0,0,0,0,0,0,0,0,0,0,0,0,0,0,0,0,3139,0,0,0,15,0,0,0,0,0,0,0,0,0,10,0,1484,0,0,0,3635,510414,0,17,0,0,0,0,0,0,0,0,0,12,0,0,0,0,0,17,0,0,0,0,0,0,0,0,0,0,0,0,0,0,0,0,33,0,0,0,0,0,0,0,0,0,0,0,0,0,341074,0,0,0,14042,0,0,24,0,0,0,0,0,0,0,0,87,0,0,0,0,0,0,0,0,0,0,0,0,0,0,4508,0,110,0,0
2022-05-14,US,909124,0,0,0,0,0,0,0,0,0,0,0,0,0,0,0,0,0,0,0,0,3280,0,0,0,16,0,0,0,0,0,0,0,0,0,9,0,1052,0,0,0,3896,523608,0,17,9,0,0,0,0,0,0,0,0,13,0,0,0,0,0,18,0,0,0,0,0,0,0,0,0,0,0,0,0,0,0,0,35,0,0,0,0,0,0,0,0,0,0,0,0,0,361907,0,0,0,10229,0,0,25,0,0,0,0,0,0,0,0,90,0,0,0,0,0,0,0,0,0,0,0,0,0,0,4830,0,91,0,0
2022-05-15,US,926485,0,0,0,0,0,0,0,0,0,0,0,0,0,0,0,0,0,0,0,0,3316,0,0,0,16,0,0,0,0,0,0,0,0,0,9,0,1057,0,0,0,6507,523400,0,18,9,0,0,0,0,0,0,0,0,13,0,0,0,0,0,18,0,0,0,0,0,0,0,0,0,0,0,0,0,0,0,0,87,0,0,0,0,0,0,0,0,0,0,0,0,0,375391,0,0,0,10086,0,0,26,0,0,0,0,0,0,0,0,93,0,0,0,0,0,0,0,0,0,0,0,0,0,0,6349,0,91,0,0
2022-05-16,US,943846,0,0,0,0,0,0,0,0,0,0,0,0,0,0,0,0,0,0,0,0,3351,0,0,0,17,0,0,0,0,0,0,0,0,0,9,0,1061,0,0,0,9213,522809,0,18,9,0,0,0,0,0,0,0,0,13,0,0,0,0,0,19,0,0,0,0,0,0,0,0,0,0,0,0,0,0,0,0,141,0,0,0,0,0,0,0,0,0,0,0,0,0,389120,0,0,0,9930,0,0,27,0,0,0,0,0,0,0,0,95,0,0,0,0,0,0,0,0,0,0,0,0,0,0,7921,0,91,0,0
2022-05-17,US,961207,0,0,0,0,0,0,0,0,0,0,0,0,0,0,0,0,0,0,0,0,3384,0,0,0,17,0,0,0,0,0,0,0,0,0,9,0,1065,0,0,0,12014,521836,0,19,10,0,0,0,0,0,0,0,0,14,0,0,0,0,0,19,0,0,0,0,0,0,0,0,0,0,0,0,0,0,0,0,197,0,0,0,0,0,0,0,0,0,0,0,0,0,403097,0,0,0,9762,0,0,27,0,0,0,0,0,0,0,0,98,0,0,0,0,0,0,0,0,0,0,0,0,0,0,9547,0,91,0,0
2022-05-18,US,978568,0,0,0,0,0,0,0,0,0,0,0,0,0,0,0,0,0,0,0,0,3417,0,0,0,17,0,0,0,0,0,0,0,0,0,9,0,1068,0,0,0,14910,520481,0,19,10,0,0,0,0,0,0,0,0,14,0,0,0,0,0,20,0,0,0,0,0,0,0,0,0,0,0,0,0,0,0,0,255,0,0,0,0,0,0,0,0,0,0,0,0,0,417319,0,0,0,9580,0,0,28,0,0,0,0,0,0,0,0,101,0,0,0,0,0,0,0,0,0,0,0,0,0,0,11227,0,91,0,0
2022-05-19,US,995929,0,0,0,0,0,0,0,0,0,0,0,0,0,0,0,0,0,0,0,0,3449,0,0,0,18,0,0,0,0,0,0,0,0,0,10,0,1071,0,0,0,17901,518743,0,20,10,0,0,0,0,0,0,0,0,14,0,0,0,0,0,21,0,0,0,0,0,0,0,0,0,0,0,0,0,0,0,0,315,0,0,0,0,0,0,0,0,0,0,0,0,0,431788,0,0,0,9387,0,0,29,0,0,0,0,0,0,0,0,103,0,0,0,0,0,0,0,0,0,0,0,0,0,0,12960,0,91,0,0
2022-05-20,US,1013290,0,0,0,0,0,0,0,0,0,0,0,0,0,0,0,0,0,0,0,0,3479,0,0,0,18,0,0,0,0,0,0,0,0,0,10,0,1073,0,0,0,20988,516622,0,20,10,0,0,0,0,0,0,0,0,15,0,0,0,0,0,21,0,0,0,0,0,0,0,0,0,0,0,0,0,0,0,0,377,0,0,0,0,0,0,0,0,0,0,0,0,0,446503,0,0,0,9180,0,0,30,0,0,0,0,0,0,0,0,106,0,0,0,0,0,0,0,0,0,0,0,0,0,0,14747,0,91,0,0
2022-05-21,US,1030651,0,0,0,0,0,0,0,0,0,0,0,0,0,0,0,0,0,0,0,0,3509,0,0,0,19,0,0,0,0,0,0,0,0,0,10,0,1074,0,0,0,24169,514119,0,21,11,0,0,0,0,0,0,0,0,15,0,0,0,0,0,22,0,0,0,0,0,0,0,0,0,0,0,0,0,0,0,0,441,0,0,0,0,0,0,0,0,0,0,0,0,0,461464,0,0,0,8961,0,0,31,0,0,0,0,0,0,0,0,109,0,0,0,0,0,0,0,0,0,0,0,0,0,0,16587,0,91,0,0
2022-05-22,US,1032956,0,0,0,0,0,0,0,0,0,0,0,0,0,0,0,0,0,0,0,0,3487,0,0,0,19,0,0,0,0,0,0,0,0,0,10,0,1060,0,0,0,27051,503890,0,21,11,0,0,0,0,0,0,0,0,15,0,0,0,0,0,22,0,0,0,0,0,0,0,0,0,0,0,0,0,0,0,0,499,0,0,0,0,0,0,0,0,0,0,0,0,0,469824,0,0,0,8603,0,0,31,0,0,0,0,0,0,0,0,110,0,0,0,0,0,0,0,0,0,0,0,0,0,0,18214,0,89,0,0
2022-05-23,US,1035261,0,0,0,0,0,0,0,0,0,0,0,0,0,0,0,0,0,0,0,0,3464,0,0,0,19,0,0,0,0,0,0,0,0,0,10,0,1045,0,0,0,29946,493609,0,21,11,0,0,0,0,0,0,0,0,15,0,0,0,0,0,22,0,0,0,0,0,0,0,0,0,0,0,0,0,0,0,0,558,0,0,0,0,0,0,0,0,0,0,0,0,0,478216,0,0,0,8244,0,0,31,0,0,0,0,0,0,0,0,111,0,0,0,0,0,0,0,0,0,0,0,0,0,0,19850,0,87,0,0
2022-05-24,US,1037567,0,0,0,0,0,0,0,0,0,0,0,0,0,0,0,0,0,0,0,0,3442,0,0,0,19,0,0,0,0,0,0,0,0,0,10,0,1030,0,0,0,32853,483278,0,22,11,0,0,0,0,0,0,0,0,15,0,0,0,0,0,22,0,0,0,0,0,0,0,0,0,0,0,0,0,0,0,0,617,0,0,0,0,0,0,0,0,0,0,0,0,0,486641,0,0,0,7884,0,0,32,0,0,0,0,0,0,0,0,112,0,0,0,0,0,0,0,0,0,0,0,0,0,0,21492,0,86,0,0
2022-05-25,US,1039872,0,0,0,0,0,0,0,0,0,0,0,0,0,0,0,0,0,0,0,0,3419,0,0,0,19,0,0,0,0,0,0,0,0,0,10,0,1015,0,0,0,35773,472896,0,22,11,0,0,0,0,0,0,0,0,16,0,0,0,0,0,23,0,0,0,0,0,0,0,0,0,0,0,0,0,0,0,0,676,0,0,0,0,0,0,0,0,0,0,0,0,0,495099,0,0,0,7521,0,0,32,0,0,0,0,0,0,0,0,113,0,0,0,0,0,0,0,0,0,0,0,0,0,0,23141,0,84,0,0
2022-05-26,US,1042177,0,0,0,0,0,0,0,0,0,0,0,0,0,0,0,0,0,0,0,0,3396,0,0,0,20,0,0,0,0,0,0,0,0,0,10,0,1000,0,0,0,38706,462463,0,22,12,0,0,0,0,0,0,0,0,16,0,0,0,0,0,23,0,0,0,0,0,0,0,0,0,0,0,0,0,0,0,0,736,0,0,0,0,0,0,0,0,0,0,0,0,0,503589,0,0,0,7157,0,0,32,0,0,0,0,0,0,0,0,114,0,0,0,0,0,0,0,0,0,0,0,0,0,0,24797,0,83,0,0
2022-05-27,US,1044483,0,0,0,0,0,0,0,0,0,0,0,0,0,0,0,0,0,0,0,0,3374,0,0,0,20,0,0,0,0,0,0,0,0,0,10,0,985,0,0,0,41651,451980,0,22,12,0,0,0,0,0,0,0,0,16,0,0,0,0,0,23,0,0,0,0,0,0,0,0,0,0,0,0,0,0,0,0,795,0,0,0,0,0,0,0,0,0,0,0,0,0,512112,0,0,0,6792,0,0,33,0,0,0,0,0,0,0,0,115,0,0,0,0,0,0,0,0,0,0,0,0,0,0,26461,0,81,0,0
2022-05-28,US,1046788,0,0,0,0,0,0,0,0,0,0,0,0,0,0,0,0,0,0,0,0,3351,0,0,0,20,0,0,0,0,0,0,0,0,0,11,0,970,0,0,0,44609,441446,0,23,12,0,0,0,0,0,0,0,0,16,0,0,0,0,0,23,0,0,0,0,0,0,0,0,0,0,0,0,0,0,0,0,855,0,0,0,0,0,0,0,0,0,0,0,0,0,520668,0,0,0,6424,0,0,33,0,0,0,0,0,0,0,0,117,0,0,0,0,0,0,0,0,0,0,0,0,0,0,28131,0,79,0,0
2022-05-29,US,1050626,0,0,0,0,0,0,0,0,0,0,0,0,0,0,0,0,0,0,0,0,3332,0,0,0,20,0,0,0,0,0,0,0,0,0,11,0,957,0,0,0,47649,431490,0,23,12,0,0,0,0,0,0,0,0,16,0,0,0,0,0,24,0,0,0,0,0,0,0,0,0,0,0,0,0,0,0,0,917,0,0,0,0,0,0,0,0,0,0,0,0,0,530029,0,0,0,6064,0,0,33,0,0,0,0,0,0,0,0,118,0,0,0,0,0,0,0,0,0,0,0,0,0,0,29852,0,78,0,0
2022-05-30,US,1054463,0,0,0,0,0,0,0,0,0,0,0,0,0,0,0,0,0,0,0,0,3314,0,0,0,20,0,0,0,0,0,0,0,0,0,11,0,943,0,0,0,50710,421450,0,23,12,0,0,0,0,0,0,0,0,16,0,0,0,0,0,24,0,0,0,0,0,0,0,0,0,0,0,0,0,0,0,0,979,0,0,0,0,0,0,0,0,0,0,0,0,0,539445,0,0,0,5701,0,0,34,0,0,0,0,0,0,0,0,119,0,0,0,0,0,0,0,0,0,0,0,0,0,0,31585,0,76,0,0
2022-05-31,US,1058301,0,0,0,0,0,0,0,0,0,0,0,0,0,0,0,0,0,0,0,0,3295,0,0,0,20,0,0,0,0,0,0,0,0,0,11,0,929,0,0,0,53792,411326,0,24,12,0,0,0,0,0,0,0,0,17,0,0,0,0,0,24,0,0,0,0,0,0,0,0,0,0,0,0,0,0,0,0,1042,0,0,0,0,0,0,0,0,0,0,0,0,0,548916,0,0,0,5335,0,0,34,0,0,0,0,0,0,0,0,121,0,0,0,0,0,0,0,0,0,0,0,0,0,0,33330,0,75,0,0
2022-06-01,US,1062139,0,0,0,0,0,0,0,0,0,0,0,0,0,0,0,0,0,0,0,0,3276,0,0,0,21,0,0,0,0,0,0,0,0,0,11,0,915,0,0,0,56895,401117,0,24,13,0,0,0,0,0,0,0,0,17,0,0,0,0,0,24,0,0,0,0,0,0,0,0,0,0,0,0,0,0,0,0,1104,0,0,0,0,0,0,0,0,0,0,0,0,0,558440,0,0,0,4966,0,0,35,0,0,0,0,0,0,0,0,122,0,0,0,0,0,0,0,0,0,0,0,0,0,0,35087,0,73,0,0
2022-06-02,US,1065977,0,0,0,0,0,0,0,0,0,0,0,0,0,0,0,0,0,0,0,0,3257,0,0,0,21,0,0,0,0,0,0,0,0,0,11,0,900,0,0,0,60019,390823,0,24,13,0,0,0,0,0,0,0,0,17,0,0,0,0,0,25,0,0,0,0,0,0,0,0,0,0,0,0,0,0,0,0,1168,0,0,0,0,0,0,0,0,0,0,0,0,0,568020,0,0,0,4595,0,0,35,0,0,0,0,0,0,0,0,123,0,0,0,0,0,0,0,0,0,0,0,0,0,0,36855,0,72,0,0
2022-06-03,US,1069814,0,0,0,0,0,0,0,0,0,0,0,0,0,0,0,0,0,0,0,0,3238,0,0,0,21,0,0,0,0,0,0,0,0,0,11,0,886,0,0,0,63164,380445,0,24,13,0,0,0,0,0,0,0,0,17,0,0,0,0,0,25,0,0,0,0,0,0,0,0,0,0,0,0,0,0,0,0,1232,0,0,0,0,0,0,0,0,0,0,0,0,0,577653,0,0,0,4221,0,0,36,0,0,0,0,0,0,0,0,125,0,0,0,0,0,0,0,0,0,0,0,0,0,0,38635,0,70,0,0
2022-06-04,US,1073652,0,0,0,0,0,0,0,0,0,0,0,0,0,0,0,0,0,0,0,0,3218,0,0,0,21,0,0,0,0,0,0,0,0,0,11,0,871,0,0,0,66329,369982,0,25,13,0,0,0,0,0,0,0,0,17,0,0,0,0,0,25,0,0,0,0,0,0,0,0,0,0,0,0,0,0,0,0,1296,0,0,0,0,0,0,0,0,0,0,0,0,0,587341,0,0,0,3844,0,0,36,0,0,0,0,0,0,0,0,126,0,0,0,0,0,0,0,0,0,0,0,0,0,0,40427,0,69,0,0
2022-06-05,US,1078955,0,0,0,0,0,0,0,0,0,0,0,0,0,0,0,0,0,0,0,0,3202,0,0,0,21,0,0,0,0,0,0,0,0,0,11,0,858,0,0,0,69611,359924,0,25,13,0,0,0,0,0,0,0,0,18,0,0,0,0,0,26,0,0,0,0,0,0,0,0,0,0,0,0,0,0,0,0,1362,0,0,0,0,0,0,0,0,0,0,0,0,0,597895,0,0,0,3469,0,0,36,0,0,0,0,0,0,0,0,128,0,0,0,0,0,0,0,0,0,0,0,0,0,0,42289,0,67,0,0
2022-06-06,US,1084258,0,0,0,0,0,0,0,0,0,0,0,0,0,0,0,0,0,0,0,0,3187,0,0,0,22,0,0,0,0,0,0,0,0,0,11,0,844,0,0,0,72921,349749,0,25,14,0,0,0,0,0,0,0,0,18,0,0,0,0,0,26,0,0,0,0,0,0,0,0,0,0,0,0,0,0,0,0,1429,0,0,0,0,0,0,0,0,0,0,0,0,0,608525,0,0,0,3089,0,0,37,0,0,0,0,0,0,0,0,129,0,0,0,0,0,0,0,0,0,0,0,0,0,0,44166,0,65,0,0
2022-06-07,US,1089561,0,0,0,0,0,0,0,0,0,0,0,0,0,0,0,0,0,0,0,0,3170,0,0,0,22,0,0,0,0,0,0,0,0,0,11,0,831,0,0,0,76261,339457,0,26,14,0,0,0,0,0,0,0,0,18,0,0,0,0,0,26,0,0,0,0,0,0,0,0,0,0,0,0,0,0,0,0,1497,0,0,0,0,0,0,0,0,0,0,0,0,0,619229,0,0,0,2707,0,0,37,0,0,0,0,0,0,0,0,131,0,0,0,0,0,0,0,0,0,0,0,0,0,0,46060,0,64,0,0
2022-06-08,US,1094864,0,0,0,0,0,0,0,0,0,0,0,0,0,0,0,0,0,0,0,0,3154,0,0,0,22,0,0,0,0,0,0,0,0,0,12,0,817,0,0,0,79629,329049,0,26,14,0,0,0,0,0,0,0,0,18,0,0,0,0,0,27,0,0,0,0,0,0,0,0,0,0,0,0,0,0,0,0,1565,0,0,0,0,0,0,0,0,0,0,0,0,0,630009,0,0,0,2320,0,0,38,0,0,0,0,0,0,0,0,132,0,0,0,0,0,0,0,0,0,0,0,0,0,0,47970,0,62,0,0
2022-06-09,US,1100167,0,0,0,0,0,0,0,0,0,0,0,0,0,0,0,0,0,0,0,0,3137,0,0,0,22,0,0,0,0,0,0,0,0,0,12,0,802,0,0,0,83027,318523,0,26,14,0,0,0,0,0,0,0,0,18,0,0,0,0,0,27,0,0,0,0,0,0,0,0,0,0,0,0,0,0,0,0,1634,0,0,0,0,0,0,0,0,0,0,0,0,0,640864,0,0,0,1929,0,0,38,0,0,0,0,0,0,0,0,134,0,0,0,0,0,0,0,0,0,0,0,0,0,0,49897,0,61,0,0
2022-06-10,US,1105470,0,0,0,0,0,0,0,0,0,0,0,0,0,0,0,0,0,0,0,0,3120,0,0,0,22,0,0,0,0,0,0,0,0,0,12,0,788,0,0,0,86453,307881,0,27,14,0,0,0,0,0,0,0,0,19,0,0,0,0,0,27,0,0,0,0,0,0,0,0,0,0,0,0,0,0,0,0,1703,0,0,0,0,0,0,0,0,0,0,0,0,0,651795,0,0,0,1535,0,0,39,0,0,0,0,0,0,0,0,135,0,0,0,0,0,0,0,0,0,0,0,0,0,0,51840,0,59,0,0
2022-06-11,US,1110773,0,0,0,0,0,0,0,0,0,0,0,0,0,0,0,0,0,0,0,0,3103,0,0,0,23,0,0,0,0,0,0,0,0,0,12,0,774,0,0,0,89907,297114,0,27,15,0,0,0,0,0,0,0,0,19,0,0,0,0,0,28,0,0,0,0,0,0,0,0,0,0,0,0,0,0,0,0,1773,0,0,0,0,10,0,0,0,0,0,0,0,0,662783,10,0,0,1136,0,0,39,0,0,0,0,0,0,0,0,137,0,10,0,0,0,0,0,0,0,0,0,0,0,0,53798,0,58,0,0
2022-06-12,US,1109930,0,0,0,0,0,0,0,0,0,0,0,0,0,0,0,0,0,0,0,0,3036,0,0,0,23,0,0,0,0,0,0,0,0,0,12,0,780,0,0,0,106319,288945,0,27,15,0,0,0,0,0,0,0,0,19,0,0,0,0,0,28,0,0,0,0,0,0,0,0,0,0,0,0,0,0,0,0,2200,0,0,0,0,11,0,0,0,0,0,0,0,0,650490,10,0,0,1107,0,0,40,0,0,0,0,0,0,0,0,138,0,10,0,0,0,0,0,0,0,0,0,0,0,0,56660,0,60,0,0
2022-06-13,US,1109088,0,0,0,0,0,0,0,0,0,0,0,0,0,0,0,0,0,0,0,0,2968,0,0,0,23,0,0,0,0,0,0,0,0,0,12,0,787,0,0,0,122707,280787,0,27,15,0,0,0,0,0,0,0,0,19,0,0,0,0,0,28,0,0,0,0,0,0,0,0,0,0,0,0,0,0,0,0,2627,0,0,0,0,13,0,0,0,0,0,0,0,0,638215,11,0,0,1078,0,0,40,0,0,0,0,0,0,0,0,139,0,11,0,0,0,0,0,0,0,0,0,0,0,0,59519,0,63,0,0
2022-06-14,US,1108245,0,0,0,0,0,0,0,0,0,0,0,0,0,0,0,0,0,0,0,0,2901,0,0,0,23,0,0,0,0,0,0,0,0,0,12,0,793,0,0,0,139070,272642,0,27,15,0,0,0,0,0,0,0,0,19,0,0,0,0,0,28,0,0,0,0,0,0,0,0,0,0,0,0,0,0,0,0,3053,0,0,0,0,14,0,0,0,0,0,0,0,0,625957,12,0,0,1050,0,0,40,0,0,0,0,0,0,0,0,140,0,11,0,0,0,0,0,0,0,0,0,0,0,0,62373,0,65,0,0
2022-06-15,US,1107403,0,0,0,0,0,0,0,0,0,0,0,0,0,0,0,0,0,0,0,0,2834,0,0,0,23,0,0,0,0,0,0,0,0,0,12,0,800,0,0,0,155408,264508,0,28,15,0,0,0,0,0,0,0,0,19,0,0,0,0,0,28,0,0,0,0,0,0,0,0,0,0,0,0,0,0,0,0,3478,0,0,0,0,16,0,0,0,0,0,0,0,0,613717,12,0,0,1021,0,0,41,0,0,0,0,0,0,0,0,140,0,12,0,0,0,0,0,0,0,0,0,0,0,0,65223,0,68,0,0
2022-06-16,US,1106561,0,0,0,0,0,0,0,0,0,0,0,0,0,0,0,0,0,0,0,0,2767,0,0,0,23,0,0,0,0,0,0,0,0,0,12,0,807,0,0,0,171722,256386,0,28,15,0,0,0,0,0,0,0,0,19,0,0,0,0,0,29,0,0,0,0,0,0,0,0,0,0,0,0,0,0,0,0,3903,0,0,0,0,18,0,0,0,0,0,0,0,0,601494,13,0,0,992,0,0,41,0,0,0,0,0,0,0,0,141,0,12,0,0,0,0,0,0,0,0,0,0,0,0,68068,0,71,0,0
2022-06-17,US,1105718,0,0,0,0,0,0,0,0,0,0,0,0,0,0,0,0,0,0,0,0,2701,0,0,0,23,0,0,0,0,0,0,0,0,0,12,0,813,0,0,0,188011,248275,0,28,15,0,0,0,0,0,0,0,0,20,0,0,0,0,0,29,0,0,0,0,0,0,0,0,0,0,0,0,0,0,0,0,4327,0,0,0,0,19,0,0,0,0,0,0,0,0,589289,14,0,0,963,0,0,41,0,0,0,0,0,0,0,0,142,0,13,0,0,0,0,0,0,0,0,0,0,0,0,70910,0,73,0,0
2022-06-18,US,1104876,0,0,0,0,0,0,0,0,0,0,0,0,0,0,0,0,0,0,0,0,2634,0,0,0,23,0,0,0,0,0,0,0,0,0,12,0,820,0,0,0,204276,240177,0,28,16,0,0,0,0,0,0,0,0,20,0,0,0,0,0,29,0,0,0,0,0,0,0,0,0,0,0,0,0,0,0,0,4751,0,0,0,0,21,0,0,0,0,0,0,0,0,577102,14,0,0,935,0,0,41,0,0,0,0,0,0,0,0,143,0,14,0,0,0,0,0,0,0,0,0,0,0,0,73746,0,76,0,0
2022-06-19,US,1112489,0,0,0,0,0,0,0,0,0,0,0,0,0,0,0,0,0,0,0,0,2587,0,0,0,24,0,0,0,0,0,0,0,0,0,12,0,833,0,0,0,222205,233868,0,29,16,0,0,0,0,0,0,0,0,20,0,0,0,0,0,29,0,0,0,0,0,0,0,0,0,0,0,0,0,0,0,0,5213,0,0,0,0,22,0,0,0,0,0,0,0,0,569259,15,0,0,913,0,0,42,0,0,0,0,0,0,0,0,145,0,14,0,0,0,0,0,0,0,0,0,0,0,0,77165,0,79,0,0
2022-06-20,US,1120103,0,0,0,0,0,0,0,0,0,0,0,0,0,0,0,0,0,0,0,0,2539,0,0,0,24,0,0,0,0,0,0,0,0,0,12,0,846,0,0,0,240360,227450,0,29,16,0,0,0,0,0,0,0,0,20,0,0,0,0,0,30,0,0,0,0,0,0,0,0,0,0,0,0,0,0,0,0,5681,0,0,0,0,24,0,0,0,0,0,0,0,0,561254,16,0,0,891,0,0,43,0,0,0,0,0,0,0,0,147,0,15,0,0,0,0,0,0,0,0,0,0,0,0,80624,0,82,0,0
2022-06-21,US,1127716,0,0,0,0,0,0,0,0,0,0,0,0,0,0,0,0,0,0,0,0,2490,0,0,0,24,0,0,0,0,0,0,0,0,0,12,0,859,0,0,0,258742,220923,0,29,16,0,0,0,0,0,0,0,0,20,0,0,0,0,0,30,0,0,0,0,0,0,0,0,0,0,0,0,0,0,0,0,6155,0,0,0,0,26,0,0,0,0,0,0,0,0,553086,17,0,0,868,0,0,43,0,0,0,0,0,0,0,0,149,0,16,0,0,0,0,0,0,0,0,0,0,0,0,84123,0,86,0,0
2022-06-22,US,1135329,0,0,0,0,0,0,0,0,0,0,0,0,0,0,0,0,0,0,0,0,2441,0,0,0,25,0,0,0,0,0,0,0,0,0,13,0,872,0,0,0,277351,214286,0,30,17,0,0,0,0,0,0,0,0,21,0,0,0,0,0,31,0,0,0,0,0,0,0,0,0,0,0,0,0,0,0,0,6635,0,0,0,0,28,0,0,0,0,0,0,0,0,544757,17,0,0,845,0,0,44,0,0,0,0,0,0,0,0,151,0,16,0,0,0,0,0,0,0,0,0,0,0,0,87662,0,89,0,0
2022-06-23,US,1142943,0,0,0,0,0,0,0,0,0,0,0,0,0,0,0,0,0,0,0,0,2390,0,0,0,25,0,0,0,0,0,0,0,0,0,13,0,885,0,0,0,296186,207540,0,30,17,0,0,0,0,0,0,0,0,21,0,0,0,0,0,31,0,0,0,0,0,0,0,0,0,0,0,0,0,0,0,0,7121,0,0,0,0,30,0,0,0,0,0,0,0,0,536266,18,0,0,822,0,0,44,0,0,0,0,0,0,0,0,153,0,17,0,0,0,0,0,0,0,0,0,0,0,0,91241,0,92,0,0
2022-06-24,US,1150556,0,0,0,0,0,0,0,0,0,0,0,0,0,0,0,0,0,0,0,0,2339,0,0,0,25,0,0,0,0,0,0,0,0,0,13,0,899,0,0,0,315248,200685,0,31,17,0,0,0,0,0,0,0,0,21,0,0,0,0,0,31,0,0,0,0,0,0,0,0,0,0,0,0,0,0,0,0,7613,0,0,0,0,32,0,0,0,0,0,0,0,0,527612,19,0,0,799,0,0,45,0,0,0,0,0,0,0,0,155,0,18,0,0,0,0,0,0,0,0,0,0,0,0,94859,0,96,0,0
2022-06-25,US,1158169,0,0,0,0,0,0,0,0,0,0,0,0,0,0,0,0,0,0,0,0,2286,0,0,0,25,0,0,0,0,0,0,0,0,0,13,0,912,0,0,0,334536,193721,0,31,17,0,0,0,0,0,0,0,0,22,0,0,0,0,0,32,0,0,0,0,0,0,0,0,0,0,0,0,0,0,0,0,8111,0,0,0,0,33,0,0,0,0,0,0,0,0,518797,20,0,0,775,0,0,46,0,0,0,0,0,0,0,0,157,0,19,0,0,0,0,0,0,0,0,0,0,0,0,98518,0,99,0,0
2022-06-26,US,1163650,0,0,0,0,0,0,0,0,0,0,0,0,0,0,0,0,0,0,0,0,2229,0,0,0,26,0,0,0,0,0,0,0,0,0,13,0,924,0,0,0,353404,186306,0,31,18,0,0,0,0,0,0,0,0,22,0,0,0,0,0,32,0,0,0,0,0,0,0,0,0,0,0,0,0,0,0,0,8599,0,0,0,0,35,0,0,0,0,0,0,0,0,508886,21,0,0,749,0,0,46,0,0,0,0,0,0,0,0,159,0,19,0,0,0,0,0,0,0,0,0,0,0,0,102029,0,102,0,0
2022-06-27,US,1169130,0,0,0,0,0,0,0,0,0,0,0,0,0,0,0,0,0,0,0,0,2171,0,0,0,26,0,0,0,0,0,0,0,0,0,13,0,936,0,0,0,372434,178812,0,32,18,0,0,0,0,0,0,0,0,22,0,0,0,0,0,33,0,0,0,0,0,0,0,0,0,0,0,0,0,0,0,0,9091,0,0,0,0,37,0,0,0,0,0,0,0,0,498859,21,0,0,723,0,0,47,0,0,0,0,0,0,0,0,160,0,20,0,0,0,0,0,0,0,0,0,0,0,0,105570,0,106,0,0
2022-06-28,US,1174611,0,0,0,0,0,0,0,0,0,0,0,0,0,0,0,0,0,0,0,0,2113,0,0,0,26,0,0,0,0,0,0,0,0,0,13,0,948,0,0,0,391628,171240,0,32,18,0,0,0,0,0,0,0,0,22,0,0,0,0,0,33,0,0,0,0,0,0,0,0,0,0,0,0,0,0,0,0,9587,0,0,0,0,39,0,0,0,0,0,0,0,0,488715,22,0,0,696,0,0,47,0,0,0,0,0,0,0,0,162,0,21,0,0,0,0,0,0,0,0,0,0,0,0,109139,0,109,0,0
2022-06-29,US,1180091,0,0,0,0,0,0,0,0,0,0,0,0,0,0,0,0,0,0,0,0,2053,0,0,0,26,0,0,0,0,0,0,0,0,0,13,0,960,0,0,0,410985,163589,0,33,18,0,0,0,0,0,0,0,0,22,0,0,0,0,0,33,0,0,0,0,0,0,0,0,0,0,0,0,0,0,0,0,10088,0,0,0,0,41,0,0,0,0,0,0,0,0,478454,23,0,0,670,0,0,48,0,0,0,0,0,0,0,0,164,0,21,0,0,0,0,0,0,0,0,0,0,0,0,112736,0,113,0,0
2022-06-30,US,1185572,0,0,0,0,0,0,0,0,0,0,0,0,0,0,0,0,0,0,0,0,1993,0,0,0,27,0,0,0,0,0,0,0,0,0,14,0,972,0,0,0,430506,155859,0,33,18,0,0,0,0,0,0,0,0,23,0,0,0,0,0,34,0,0,0,0,0,0,0,0,0,0,0,0,0,0,0,0,10593,0,0,0,0,43,0,0,0,0,0,0,0,0,468076,24,0,0,643,0,0,48,0,0,0,0,0,0,0,0,166,0,22,0,0,0,0,0,0,0,0,0,0,0,0,116363,0,116,0,0
2022-07-01,US,1191052,0,0,0,0,0,0,0,0,0,0,0,0,0,0,0,0,0,0,0,0,1933,0,0,0,27,0,0,0,0,0,0,0,0,0,14,0,984,0,0,0,450189,148051,0,33,19,0,0,0,0,0,0,0,0,23,0,0,0,0,0,34,0,0,0,0,0,0,0,0,0,0,0,0,0,0,0,0,11102,0,0,0,0,45,0,0,0,0,0,0,0,0,457582,25,0,0,616,0,0,49,0,0,0,0,0,0,0,0,167,0,23,0,0,0,0,0,0,0,0,0,0,0,0,120018,0,119,0,0
2022-07-02,US,1196533,0,0,0,0,0,0,0,0,0,0,0,0,0,0,0,0,0,0,0,0,1872,0,0,0,27,0,0,0,0,0,0,0,0,0,14,0,997,0,0,0,470036,140164,0,34,19,0,0,0,0,0,0,0,0,23,0,0,0,0,0,34,0,0,0,0,0,0,0,0,0,0,0,0,0,0,0,0,11615,0,0,0,0,47,0,0,0,0,0,0,0,0,446971,25,0,0,588,0,0,49,0,0,0,0,0,0,0,0,169,0,24,0,0,0,0,0,0,0,0,0,0,0,0,123702,0,123,0,0
2022-07-03,US,1226695,0,0,0,0,0,0,0,0,0,0,0,0,0,0,0,0,0,0,0,0,1847,0,0,0,28,0,0,0,0,0,0,0,0,0,14,0,1030,0,0,0,500109,134912,0,35,20,0,0,0,0,0,0,0,0,24,0,0,0,0,0,36,0,0,0,0,0,0,0,0,0,0,0,0,0,0,0,0,12382,0,0,0,0,50,0,0,0,0,0,0,0,0,445200,27,0,0,572,0,0,51,0,0,0,0,0,0,0,0,174,0,25,0,0,0,0,0,0,0,0,0,0,0,0,130031,0,129,0,0
2022-07-04,US,1256857,0,0,0,0,0,0,0,0,0,0,0,0,0,0,0,0,0,0,0,0,1819,0,0,0,29,0,0,0,0,0,0,0,0,0,15,0,1063,0,0,0,531078,129228,0,36,20,0,0,0,0,0,0,0,0,25,0,0,0,0,0,37,0,0,0,0,0,0,0,0,0,0,0,0,0,0,0,0,13172,0,0,0,0,53,0,0,0,0,0,0,0,0,442788,28,0,0,554,0,0,53,0,0,0,0,0,0,0,0,180,0,26,0,0,0,0,0,0,0,0,0,0,0,0,136518,0,135,0,0
2022-07-05,US,1287018,0,0,0,0,0,0,0,0,0,0,0,0,0,0,0,0,0,0,0,0,1787,0,0,0,30,0,0,0,0,0,0,0,0,0,15,0,1097,0,0,0,562944,123113,0,37,21,0,0,0,0,0,0,0,0,25,0,0,0,0,0,38,0,0,0,0,0,0,0,0,0,0,0,0,0,0,0,0,13986,0,0,0,0,56,0,0,0,0,0,0,0,0,439734,30,0,0,535,0,0,54,0,0,0,0,0,0,0,0,185,0,27,0,0,0,0,0,0,0,0,0,0,0,0,143163,0,141,0,0
2022-07-06,US,1317180,0,0,0,0,0,0,0,0,0,0,0,0,0,0,0,0,0,0,0,0,1752,0,0,0,30,0,0,0,0,0,0,0,0,0,15,0,1132,0,0,0,595706,116564,0,38,22,0,0,0,0,0,0,0,0,26,0,0,0,0,0,39,0,0,0,0,0,0,0,0,0,0,0,0,0,0,0,0,14822,0,0,0,0,59,0,0,0,0,0,0,0,0,436039,31,0,0,514,0,0,56,0,0,0,0,0,0,0,0,191,0,29,0,0,0,0,0,0,0,0,0,0,0,0,149966,0,148,0,0
2022-07-07,US,1347342,0,0,0,0,0,0,0,0,0,0,0,0,0,0,0,0,0,0,0,0,1713,0,0,0,31,0,0,0,0,0,0,0,0,0,16,0,1166,0,0,0,629366,109584,0,39,22,0,0,0,0,0,0,0,0,27,0,0,0,0,0,40,0,0,0,0,0,0,0,0,0,0,0,0,0,0,0,0,15682,0,0,0,0,62,0,0,0,0,0,0,0,0,431703,33,0,0,492,0,0,58,0,0,0,0,0,0,0,0,196,0,30,0,0,0,0,0,0,0,0,0,0,0,0,156927,0,155,0,0
2022-07-08,US,1377504,0,0,0,0,0,0,0,0,0,0,0,0,0,0,0,0,0,0,0,0,1671,0,0,0,32,0,0,0,0,0,0,0,0,0,16,0,1201,0,0,0,663922,102171,0,40,23,0,0,0,0,0,0,0,0,28,0,0,0,0,0,41,0,0,0,0,0,0,0,0,0,0,0,0,0,0,0,0,16566,0,0,0,0,66,0,0,0,0,0,0,0,0,426724,34,0,0,468,0,0,59,0,0,0,0,0,0,0,0,202,0,31,0,0,0,0,0,0,0,0,0,0,0,0,164047,0,161,0,0
2022-07-09,US,1407666,0,0,0,0,0,0,0,0,0,0,0,0,0,0,0,0,0,0,0,0,1625,0,0,0,33,0,0,0,0,0,0,0,0,0,17,0,1236,0,0,0,699176,94300,0,41,24,0,0,0,0,0,0,0,0,28,0,0,0,0,0,42,0,0,0,0,0,0,0,0,0,0,0,0,0,0,0,0,17467,0,0,0,0,69,0,0,0,0,0,0,0,0,420985,36,0,0,442,0,0,61,0,0,0,0,0,0,0,0,207,0,33,0,0,0,0,0,0,0,0,28,0,373,0,171275,0,168,0,0
2022-07-10,US,1435173,0,0,0,0,0,0,0,0,0,0,0,0,0,0,0,0,0,0,0,0,1658,0,0,0,34,0,0,0,0,0,0,0,0,0,17,0,1283,0,0,0,728517,93309,0,43,24,0,0,0,0,0,0,0,0,29,0,0,0,0,0,43,0,0,0,0,0,0,0,0,0,0,0,0,0,0,0,0,18873,0,0,0,0,126,0,0,0,0,0,0,0,0,416703,37,0,0,446,0,0,63,0,0,0,0,0,0,0,0,230,0,34,0,0,0,0,0,0,0,0,44,0,425,0,173068,0,166,0,0
2022-07-11,US,1462680,0,0,0,0,0,0,0,0,0,0,0,0,0,0,0,0,0,0,0,0,1692,0,0,0,35,0,0,0,0,0,0,0,0,0,17,0,1330,0,0,0,758458,92209,0,44,25,0,0,0,0,0,0,0,0,30,0,0,0,0,0,45,0,0,0,0,0,0,0,0,0,0,0,0,0,0,0,0,20320,0,0,0,0,185,0,0,0,0,0,0,0,0,411941,39,0,0,450,0,0,64,0,0,0,0,0,0,0,0,254,0,36,0,0,0,0,0,0,0,0,62,0,479,0,174802,0,164,0,0
2022-07-12,US,1490186,0,0,0,0,0,0,0,0,0,0,0,0,0,0,0,0,0,0,0,0,1726,0,0,0,35,0,0,0,0,0,0,0,0,0,18,0,1378,0,0,0,789001,91001,0,45,26,0,0,0,0,0,0,0,0,31,0,0,0,0,0,46,0,0,0,0,0,0,0,0,0,0,0,0,0,0,0,0,21808,0,0,0,0,246,0,0,0,0,0,0,0,0,406700,41,0,0,453,0,0,66,0,0,0,0,0,0,0,0,278,0,37,0,0,0,0,0,0,0,0,79,0,535,0,176476,0,162,0,0
2022-07-13,US,1517693,0,0,0,0,0,0,0,0,0,0,0,0,0,0,0,0,0,0,0,0,1760,0,0,0,36,0,0,0,0,0,0,0,0,0,18,0,1426,0,0,0,820145,89685,0,46,26,0,0,0,0,0,0,0,0,31,0,0,0,0,0,47,0,0,0,0,0,0,0,0,0,0,0,0,0,0,0,0,23336,0,0,0,0,309,0,0,0,0,0,0,0,0,400980,42,0,0,456,0,0,67,0,0,0,0,0,0,0,0,303,0,39,0,0,0,0,0,0,0,0,98,0,592,0,178091,0,159,0,0
2022-07-14,US,1545200,0,0,0,0,0,0,0,0,0,0,0,0,0,0,0,0,0,0,0,0,1794,0,0,0,37,0,0,0,0,0,0,0,0,0,18,0,1476,0,0,0,851890,88259,0,47,27,0,0,0,0,0,0,0,0,32,0,0,0,0,0,48,0,0,0,0,0,0,0,0,0,0,0,0,0,0,0,0,24906,0,0,0,0,374,0,0,0,0,0,0,0,0,394780,44,0,0,459,0,0,69,0,0,0,0,0,0,0,0,328,0,40,0,0,0,0,0,0,0,0,117,0,651,0,179646,0,157,0,0
2022-07-15,US,1572706,0,0,0,0,0,0,0,0,0,0,0,0,0,0,0,0,0,0,0,0,1828,0,0,0,38,0,0,0,0,0,0,0,0,0,19,0,1526,0,0,0,884236,86725,0,48,28,0,0,0,0,0,0,0,0,33,0,0,0,0,0,49,0,0,0,0,0,0,0,0,0,0,0,0,0,0,0,0,26516,0,0,0,0,442,0,0,0,0,0,0,0,0,388100,46,0,0,462,0,0,71,0,0,0,0,0,0,0,0,355,0,42,0,0,0,0,0,0,0,0,137,0,711,0,181142,0,154,0,0
2022-07-16,US,1600213,0,0,0,0,0,0,0,0,0,0,0,0,0,0,0,0,0,0,0,0,1862,0,0,0,39,0,0,0,0,0,0,0,0,0,19,0,1578,0,0,0,917183,85083,0,50,28,0,0,0,0,0,0,0,0,34,0,0,0,0,0,50,0,0,0,0,0,0,0,0,0,0,0,0,0,0,0,0,28166,0,0,0,0,511,0,0,0,0,0,0,0,0,380941,47,0,0,464,0,0,72,0,0,0,0,0,0,0,0,382,0,43,0,0,0,0,0,0,0,0,157,0,773,0,182578,0,150,0,0
2022-07-17,US,1600183,0,0,0,0,0,0,0,0,0,0,0,0,0,0,0,0,0,0,0,0,1865,0,0,0,39,0,0,0,0,0,0,0,0,0,19,0,1602,0,0,0,934647,81922,0,50,28,0,0,0,0,0,0,0,0,34,0,0,0,0,0,51,0,0,0,0,0,0,0,0,0,0,0,0,0,0,0,0,29353,0,0,0,0,573,0,0,0,0,0,0,0,0,366988,48,0,0,459,0,0,73,0,0,0,0,0,0,0,0,403,0,44,0,0,0,0,0,0,0,0,175,0,823,0,180843,0,145,0,0
2022-07-18,US,1600152,0,0,0,0,0,0,0,0,0,0,0,0,0,0,0,0,0,0,0,0,1867,0,0,0,39,0,0,0,0,0,0,0,0,0,19,0,1627,0,0,0,952110,78761,0,50,29,0,0,0,0,0,0,0,0,34,0,0,0,0,0,51,0,0,0,0,0,0,0,0,0,0,0,0,0,0,0,0,30540,0,0,0,0,635,0,0,0,0,0,0,0,0,353034,49,0,0,453,0,0,73,0,0,0,0,0,0,0,0,424,0,45,0,0,0,0,0,0,0,0,193,0,873,0,179107,0,139,0,0
2022-07-19,US,1600122,0,0,0,0,0,0,0,0,0,0,0,0,0,0,0,0,0,0,0,0,1869,0,0,0,39,0,0,0,0,0,0,0,0,0,19,0,1651,0,0,0,969572,75601,0,51,29,0,0,0,0,0,0,0,0,34,0,0,0,0,0,51,0,0,0,0,0,0,0,0,0,0,0,0,0,0,0,0,31726,0,0,0,0,697,0,0,0,0,0,0,0,0,339082,50,0,0,448,0,0,74,0,0,0,0,0,0,0,0,445,0,46,0,0,0,0,0,0,0,0,211,0,923,0,177372,0,133,0,0
2022-07-20,US,1600092,0,0,0,0,0,0,0,0,0,0,0,0,0,0,0,0,0,0,0,0,1871,0,0,0,39,0,0,0,0,0,0,0,0,0,19,0,1676,0,0,0,987034,72440,0,51,29,0,0,0,0,0,0,0,0,34,0,0,0,0,0,51,0,0,0,0,0,0,0,0,0,0,0,0,0,0,0,0,32913,0,0,0,0,758,0,0,0,0,0,0,0,0,325130,51,0,0,442,0,0,74,0,0,0,0,0,0,0,0,465,0,47,0,0,0,0,0,0,0,0,229,0,973,0,175637,0,127,0,0
2022-07-21,US,1600062,0,0,0,0,0,0,0,0,0,0,0,0,0,0,0,0,0,0,0,0,1873,0,0,0,40,0,0,0,0,0,0,0,0,0,20,0,1701,0,0,0,1004495,69280,0,51,29,0,0,0,0,0,0,0,0,34,0,0,0,0,0,52,0,0,0,0,0,0,0,0,0,0,0,0,0,0,0,0,34099,0,0,0,0,820,0,0,0,0,0,0,0,0,311178,52,0,0,436,0,0,75,0,0,0,0,0,0,0,0,486,0,48,0,0,0,0,0,0,0,0,247,0,1023,0,173901,0,121,0,0
2022-07-22,US,1600032,0,0,0,0,0,0,0,0,0,0,0,0,0,0,0,0,0,0,0,0,1875,0,0,0,40,0,0,0,0,0,0,0,0,0,20,0,1725,0,0,0,1021956,66120,0,52,30,0,0,0,0,0,0,0,0,35,0,0,0,0,0,52,0,0,0,0,0,0,0,0,0,0,0,0,0,0,0,0,35285,0,0,0,0,882,0,0,0,0,0,0,0,0,297227,53,0,0,431,0,0,75,0,0,0,0,0,0,0,0,507,0,48,0,0,0,0,0,0,0,0,265,0,1073,0,172166,0,116,0,0
2022-07-23,US,1600001,0,0,0,0,0,0,0,0,0,0,0,0,0,0,0,0,0,0,0,0,1878,0,0,0,40,0,0,0,0,0,0,0,0,0,20,0,1750,0,0,0,1039416,62959,0,52,30,0,0,0,0,0,0,0,0,35,0,0,0,0,0,52,0,0,0,0,0,0,0,0,0,0,0,0,0,0,0,0,36472,0,0,0,0,944,0,0,0,0,0,0,0,0,283277,54,0,0,425,0,0,75,0,0,0,0,0,0,0,0,528,0,49,0,0,0,0,0,0,0,0,283,0,1122,0,170431,0,110,0,0
2022-07-24,US,1579374,0,0,0,0,0,0,0,0,0,0,0,0,0,0,0,0,0,0,0,0,1856,0,0,0,40,0,0,0,0,0,0,0,0,0,19,0,1752,0,0,0,1043269,59030,0,52,30,0,0,0,0,0,0,0,0,35,0,0,0,0,0,52,0,0,0,0,0,0,0,0,0,0,0,0,0,0,0,0,37173,0,0,0,0,992,0,0,0,0,0,0,0,0,265860,54,0,0,414,0,0,75,0,0,0,0,0,0,0,0,542,0,49,0,0,0,0,0,0,0,0,297,0,1157,0,166524,0,103,0,0
2022-07-25,US,1558746,0,0,0,0,0,0,0,0,0,0,0,0,0,0,0,0,0,0,0,0,1834,0,0,0,39,0,0,0,0,0,0,0,0,0,19,0,1753,0,0,0,1046672,55181,0,51,29,0,0,0,0,0,0,0,0,34,0,0,0,0,0,51,0,0,0,0,0,0,0,0,0,0,0,0,0,0,0,0,37844,0,0,0,0,1040,0,0,0,0,0,0,0,0,248802,55,0,0,404,0,0,74,0,0,0,0,0,0,0,0,555,0,50,0,0,0,0,0,0,0,0,311,0,1191,0,162662,0,96,0,0
2022-07-26,US,1538119,0,0,0,0,0,0,0,0,0,0,0,0,0,0,0,0,0,0,0,0,1811,0,0,0,39,0,0,0,0,0,0,0,0,0,19,0,1753,0,0,0,1049624,51414,0,51,29,0,0,0,0,0,0,0,0,34,0,0,0,0,0,51,0,0,0,0,0,0,0,0,0,0,0,0,0,0,0,0,38484,0,0,0,0,1085,0,0,0,0,0,0,0,0,232104,55,0,0,393,0,0,74,0,0,0,0,0,0,0,0,568,0,50,0,0,0,0,0,0,0,0,324,0,1223,0,158845,0,89,0,0
2022-07-27,US,1517491,0,0,0,0,0,0,0,0,0,0,0,0,0,0,0,0,0,0,0,0,1789,0,0,0,38,0,0,0,0,0,0,0,0,0,19,0,1753,0,0,0,1052125,47729,0,51,29,0,0,0,0,0,0,0,0,34,0,0,0,0,0,51,0,0,0,0,0,0,0,0,0,0,0,0,0,0,0,0,39094,0,0,0,0,1129,0,0,0,0,0,0,0,0,215766,55,0,0,382,0,0,73,0,0,0,0,0,0,0,0,580,0,50,0,0,0,0,0,0,0,0,337,0,1254,0,155072,0,82,0,0
2022-07-28,US,1496864,0,0,0,0,0,0,0,0,0,0,0,0,0,0,0,0,0,0,0,0,1767,0,0,0,38,0,0,0,0,0,0,0,0,0,19,0,1752,0,0,0,1054176,44125,0,50,29,0,0,0,0,0,0,0,0,33,0,0,0,0,0,50,0,0,0,0,0,0,0,0,0,0,0,0,0,0,0,0,39673,0,0,0,0,1172,0,0,0,0,0,0,0,0,199787,55,0,0,372,0,0,73,0,0,0,0,0,0,0,0,592,0,50,0,0,0,0,0,0,0,0,349,0,1283,0,151344,0,75,0,0
2022-07-29,US,1476236,0,0,0,0,0,0,0,0,0,0,0,0,0,0,0,0,0,0,0,0,1745,0,0,0,38,0,0,0,0,0,0,0,0,0,19,0,1751,0,0,0,1055776,40602,0,50,29,0,0,0,0,0,0,0,0,33,0,0,0,0,0,50,0,0,0,0,0,0,0,0,0,0,0,0,0,0,0,0,40221,0,0,0,0,1213,0,0,0,0,0,0,0,0,184168,55,0,0,362,0,0,72,0,0,0,0,0,0,0,0,603,0,50,0,0,0,0,0,0,0,0,361,0,1312,0,147661,0,69,0,0
2022-07-30,US,1455609,0,0,0,0,0,0,0,0,0,0,0,0,0,0,0,0,0,0,0,0,1722,0,0,0,37,0,0,0,0,0,0,0,0,0,18,0,1749,0,0,0,1056925,37161,0,49,28,0,0,0,0,0,0,0,0,33,0,0,0,0,0,49,0,0,0,0,0,0,0,0,0,0,0,0,0,0,0,0,40739,0,0,0,0,1252,0,0,0,0,0,0,0,0,168908,55,0,0,352,0,0,72,0,0,0,0,0,0,0,0,613,0,50,0,0,0,0,0,0,0,0,372,0,1339,0,144022,0,63,0,0
2022-07-31,US,1432083,0,0,0,0,0,0,0,0,0,0,0,0,0,0,0,0,0,0,0,0,1696,0,0,0,37,0,0,0,0,0,0,0,0,0,18,0,1742,0,0,0,1055488,33733,0,49,28,0,0,0,0,0,0,0,0,32,0,0,0,0,0,49,0,0,0,0,0,0,0,0,0,0,0,0,0,0,0,0,41143,0,0,0,0,1287,0,0,0,0,0,0,0,0,153697,55,0,0,341,0,0,71,0,0,0,0,0,0,0,0,622,0,50,0,0,0,0,0,0,0,0,382,0,1362,0,140144,0,57,0,0
2022-08-01,US,1408558,0,0,0,0,0,0,0,0,0,0,0,0,0,0,0,0,0,0,0,0,1670,0,0,0,36,0,0,0,0,0,0,0,0,0,18,0,1735,0,0,0,1053536,30398,0,48,28,0,0,0,0,0,0,0,0,32,0,0,0,0,0,48,0,0,0,0,0,0,0,0,0,0,0,0,0,0,0,0,41512,0,0,0,0,1320,0,0,0,0,0,0,0,0,138896,55,0,0,331,0,0,70,0,0,0,0,0,0,0,0,630,0,50,0,0,0,0,0,0,0,0,392,0,1383,0,136317,0,50,0,0
2022-08-02,US,1407664,0,0,0,0,0,0,0,0,0,0,0,0,0,0,0,0,0,0,0,0,1671,0,0,0,37,0,0,0,0,0,0,0,0,0,18,0,1756,0,0,0,1068246,27600,0,49,28,0,0,0,0,0,0,0,0,32,0,0,0,0,0,49,0,0,0,0,0,0,0,0,0,0,0,0,0,0,0,0,42530,0,0,0,0,1374,0,0,0,0,0,0,0,0,126539,56,0,0,326,0,0,70,0,0,0,0,0,0,0,0,648,0,51,0,0,0,0,0,0,0,0,407,0,1426,0,134707,0,45,0,0
2022-08-03,US,1406001,0,0,0,0,0,0,0,0,0,0,0,0,0,0,0,0,0,0,0,0,1671,0,0,0,37,0,0,0,0,0,0,0,0,0,18,0,1775,0,0,0,1082343,24791,0,49,28,0,0,0,0,0,0,0,0,32,0,0,0,0,0,49,0,0,0,0,0,0,0,0,0,0,0,0,0,0,0,0,43523,0,0,0,0,1426,0,0,0,0,0,0,0,0,114136,57,0,0,320,0,0,71,0,0,0,0,0,0,0,0,666,0,51,0,0,0,0,0,0,0,0,422,0,1468,0,133026,0,40,0,0
2022-08-04,US,1403569,0,0,0,0,0,0,0,0,0,0,0,0,0,0,0,0,0,0,0,0,1670,0,0,0,37,0,0,0,0,0,0,0,0,0,18,0,1794,0,0,0,1095804,21977,0,49,28,0,0,0,0,0,0,0,0,32,0,0,0,0,0,49,0,0,0,0,0,0,0,0,0,0,0,0,0,0,0,0,44489,0,0,0,0,1478,0,0,0,0,0,0,0,0,101706,58,0,0,315,0,0,71,0,0,0,0,0,0,0,0,683,0,52,0,0,0,0,0,0,0,0,438,0,1509,0,131277,0,35,0,0
2022-08-05,US,1400369,0,0,0,0,0,0,0,0,0,0,0,0,0,0,0,0,0,0,0,0,1668,0,0,0,37,0,0,0,0,0,0,0,0,0,18,0,1811,0,0,0,1108604,19162,0,49,28,0,0,0,0,0,0,0,0,33,0,0,0,0,0,49,0,0,0,0,0,0,0,0,0,0,0,0,0,0,0,0,45426,0,0,0,0,1529,0,0,0,0,0,0,0,0,89269,58,0,0,309,0,0,71,0,0,0,0,0,0,0,0,700,0,53,0,0,0,0,0,0,0,0,452,0,1550,0,129462,0,30,0,0
2022-08-06,US,1396400,0,0,0,0,0,0,0,0,0,0,0,0,0,0,0,0,0,0,0,0,1666,0,0,0,37,0,0,0,0,0,0,0,0,0,18,0,1828,0,0,0,1120696,16351,0,49,28,0,0,0,0,0,0,0,0,33,0,0,0,0,0,49,0,0,0,0,0,0,0,0,0,0,0,0,0,0,0,0,46333,0,0,0,0,1578,0,0,0,0,0,0,0,0,76845,59,0,0,304,0,0,71,0,0,0,0,0,0,0,0,716,0,53,0,0,0,0,0,0,0,0,467,0,1589,0,127581,0,25,0,25
2022-08-07,US,1389543,0,0,0,0,0,0,0,0,0,0,0,0,0,0,0,0,0,0,0,0,1678,0,0,0,45,0,0,0,0,0,0,0,0,0,18,0,1794,0,0,0,1118164,15818,0,50,28,0,0,0,0,0,0,0,0,33,0,0,0,0,0,76,0,0,0,0,0,0,0,0,0,0,0,0,0,0,0,0,47794,0,0,0,0,1790,0,0,0,0,0,0,0,0,74061,60,0,0,301,0,0,71,0,0,0,0,0,0,0,0,731,0,54,0,0,0,0,0,0,0,0,536,0,1700,0,124637,0,25,0,81
2022-08-08,US,1381854,0,0,0,0,0,0,0,0,0,0,0,0,0,0,0,0,0,0,0,0,1689,0,0,0,54,0,0,0,0,0,0,0,0,0,18,0,1760,0,0,0,1114932,15280,0,50,29,0,0,0,0,0,0,0,0,33,0,0,0,0,0,102,0,0,0,0,0,0,0,0,0,0,0,0,0,0,0,0,49208,0,0,0,0,1998,0,0,0,0,0,0,0,0,71258,60,0,0,297,0,0,71,0,0,0,0,0,0,0,0,745,0,54,0,0,0,0,0,0,0,0,604,0,1809,0,121642,0,25,0,137
2022-08-09,US,1373333,0,0,0,0,0,0,0,0,0,0,0,0,0,0,0,0,0,0,0,0,1699,0,0,0,62,0,0,0,0,0,0,0,0,0,18,0,1725,0,0,0,1110993,14738,0,50,29,0,0,0,0,0,0,0,0,33,0,0,0,0,0,128,0,0,0,0,0,0,0,0,0,0,0,0,0,0,0,0,50574,0,0,0,0,2202,0,0,0,0,0,0,0,0,68440,61,0,0,294,0,0,71,0,0,0,0,0,0,0,0,759,0,55,0,0,0,0,0,0,0,0,671,0,1915,0,118601,0,25,0,192
2022-08-10,US,1363980,0,0,0,0,0,0,0,0,0,0,0,0,0,0,0,0,0,0,0,0,1707,0,0,0,70,0,0,0,0,0,0,0,0,0,18,0,1690,0,0,0,1106344,14193,0,49,28,0,0,0,0,0,0,0,0,32,0,0,0,0,0,153,0,0,0,0,0,0,0,0,0,0,0,0,0,0,0,0,51887,0,0,0,0,2402,0,0,0,0,0,0,0,0,65612,61,0,0,291,0,0,71,0,0,0,0,0,0,0,0,771,0,55,0,0,0,0,0,0,0,0,737,0,2019,0,115518,0,25,0,247
2022-08-11,US,1353795,0,0,0,0,0,0,0,0,0,0,0,0,0,0,0,0,0,0,0,0,1714,0,0,0,77,0,0,0,0,0,0,0,0,0,18,0,1653,0,0,0,1100978,13646,0,49,28,0,0,0,0,0,0,0,0,32,0,0,0,0,0,178,0,0,0,0,0,0,0,0,0,0,0,0,0,0,0,0,53145,0,0,0,0,2597,0,0,0,0,0,0,0,0,62777,61,0,0,287,0,0,71,0,0,0,0,0,0,0,0,784,0,55,0,0,0,0,0,0,0,0,801,0,2120,0,112397,0,25,0,300
2022-08-12,US,1342779,0,0,0,0,0,0,0,0,0,0,0,0,0,0,0,0,0,0,0,0,1720,0,0,0,85,0,0,0,0,0,0,0,0,0,18,0,1616,0,0,0,1094890,13097,0,49,28,0,0,0,0,0,0,0,0,32,0,0,0,0,0,203,0,0,0,0,0,0,0,0,0,0,0,0,0,0,0,0,54344,0,0,0,0,2788,0,0,0,0,0,0,0,0,59941,62,0,0,283,0,0,71,0,0,0,0,0,0,0,0,795,0,55,0,0,0,0,0,0,0,0,864,0,2218,0,109242,0,25,0,352
2022-08-13,US,1330930,0,0,0,0,0,0,0,0,0,0,0,0,0,0,0,0,0,0,0,0,1725,0,0,0,93,0,0,0,0,0,0,0,0,0,17,0,1579,0,0,0,1088075,12548,0,49,28,0,0,0,0,0,0,0,0,32,0,0,0,0,0,226,0,0,0,0,0,0,0,0,0,0,0,0,0,0,0,0,55482,0,0,0,0,2973,0,0,0,0,0,0,0,0,57107,62,0,0,279,0,0,71,0,0,0,0,0,0,0,0,806,0,56,0,0,0,0,0,0,0,0,925,0,2312,0,106058,0,25,0,404
2022-08-14,US,1330142,0,0,0,0,0,0,0,0,0,0,0,0,0,0,0,0,0,0,0,0,1743,0,0,0,101,0,0,0,0,0,0,0,0,0,18,0,1555,0,0,0,1090275,12107,0,49,28,0,0,0,0,0,0,0,0,32,0,0,0,0,0,252,0,0,0,0,0,0,0,0,0,0,0,0,0,0,0,0,57066,0,0,0,0,3181,0,0,0,0,0,0,0,0,54769,63,0,0,278,0,0,71,0,0,0,0,0,0,0,0,823,0,56,0,0,0,0,0,0,0,0,993,0,2425,0,103776,0,25,0,458
2022-08-15,US,1328843,0,0,0,0,0,0,0,0,0,0,0,0,0,0,0,0,0,0,0,0,1761,0,0,0,109,0,0,0,0,0,0,0,0,0,18,0,1530,0,0,0,1092051,11662,0,50,29,0,0,0,0,0,0,0,0,32,0,0,0,0,0,277,0,0,0,0,0,0,0,0,0,0,0,0,0,0,0,0,58625,0,0,0,0,3387,0,0,0,0,0,0,0,0,52414,63,0,0,276,0,0,71,0,0,0,0,0,0,0,0,839,0,57,0,0,0,0,0,0,0,0,1060,0,2536,0,101458,0,25,0,511
2022-08-16,US,1327032,0,0,0,0,0,0,0,0,0,0,0,0,0,0,0,0,0,0,0,0,1778,0,0,0,117,0,0,0,0,0,0,0,0,0,18,0,1505,0,0,0,1093401,11213,0,50,29,0,0,0,0,0,0,0,0,33,0,0,0,0,0,302,0,0,0,0,0,0,0,0,0,0,0,0,0,0,0,0,60158,0,0,0,0,3592,0,0,0,0,0,0,0,0,50045,64,0,0,274,0,0,72,0,0,0,0,0,0,0,0,856,0,58,0,0,0,0,0,0,0,0,1127,0,2646,0,99106,0,26,0,565
2022-08-17,US,1324710,0,0,0,0,0,0,0,0,0,0,0,0,0,0,0,0,0,0,0,0,1795,0,0,0,125,0,0,0,0,0,0,0,0,0,18,0,1479,0,0,0,1094320,10762,0,50,29,0,0,0,0,0,0,0,0,33,0,0,0,0,0,327,0,0,0,0,0,0,0,0,0,0,0,0,0,0,0,0,61662,0,0,0,0,3795,0,0,0,0,0,0,0,0,47663,65,0,0,273,0,0,72,0,0,0,0,0,0,0,0,872,0,58,0,0,0,0,0,0,0,0,1193,0,2755,0,96723,0,26,0,618
2022-08-18,US,1321877,0,0,0,0,0,0,0,0,0,0,0,0,0,0,0,0,0,0,0,0,1810,0,0,0,133,0,0,0,0,0,0,0,0,0,18,0,1452,0,0,0,1094806,10308,0,50,29,0,0,0,0,0,0,0,0,33,0,0,0,0,0,352,0,0,0,0,0,0,0,0,0,0,0,0,0,0,0,0,63137,0,0,0,0,3995,0,0,0,0,0,0,0,0,45271,65,0,0,271,0,0,72,0,0,0,0,0,0,0,0,887,0,59,0,0,0,0,0,0,0,0,1259,0,2862,0,94311,0,26,0,671
2022-08-19,US,1318532,0,0,0,0,0,0,0,0,0,0,0,0,0,0,0,0,0,0,0,0,1825,0,0,0,140,0,0,0,0,0,0,0,0,0,18,0,1426,0,0,0,1094856,9852,0,50,29,0,0,0,0,0,0,0,0,33,0,0,0,0,0,377,0,0,0,0,0,0,0,0,0,0,0,0,0,0,0,0,64579,0,0,0,0,4193,0,0,0,0,0,0,0,0,42873,66,0,0,268,0,0,72,0,0,0,0,0,0,0,0,903,0,59,0,0,0,0,0,0,0,0,1324,0,2968,0,91873,0,26,0,723
2022-08-20,US,1314676,0,0,0,0,0,0,0,0,0,0,0,0,0,0,0,0,0,0,0,0,1839,0,0,0,148,0,0,0,0,0,0,0,0,0,18,0,1398,0,0,0,1094465,9395,0,50,29,0,0,0,0,0,0,0,0,33,0,0,0,0,0,401,0,0,0,0,0,0,0,0,0,0,0,0,0,0,0,0,65988,0,0,0,0,4388,0,0,0,0,0,0,0,0,40471,67,0,0,266,0,0,72,0,0,0,0,0,0,0,0,917,0,60,0,0,0,0,0,0,0,0,1388,0,3072,0,89411,0,26,0,774
2022-08-21,US,1324837,0,0,0,0,0,0,0,0,0,0,0,0,0,0,0,0,0,0,0,0,1873,0,0,0,157,0,0,0,0,0,0,0,0,0,18,0,1386,0,0,0,1105757,9035,0,51,30,0,0,0,0,0,0,0,0,33,0,0,0,0,0,429,0,0,0,0,0,0,0,0,0,0,0,0,0,0,0,0,68108,0,0,0,0,4630,0,0,0,0,0,0,0,0,38489,68,0,0,267,0,0,73,0,0,0,0,0,0,0,0,942,0,61,0,0,0,0,0,0,0,0,1467,0,3209,0,87892,0,27,0,834
2022-08-22,US,1334845,0,0,0,0,0,0,0,0,0,0,0,0,0,0,0,0,0,0,0,0,1906,0,0,0,167,0,0,0,0,0,0,0,0,0,18,0,1373,0,0,0,1116965,8669,0,52,30,0,0,0,0,0,0,0,0,34,0,0,0,0,0,458,0,0,0,0,0,0,0,0,0,0,0,0,0,0,0,0,70245,0,0,0,0,4876,0,0,0,0,0,0,0,0,36468,69,0,0,268,0,0,74,0,0,0,0,0,0,0,0,967,0,62,0,0,0,0,0,0,0,0,1547,0,3348,0,86329,0,27,0,895
2022-08-23,US,1344700,0,0,0,0,0,0,0,0,0,0,0,0,0,0,0,0,0,0,0,0,1940,0,0,0,176,0,0,0,0,0,0,0,0,0,18,0,1360,0,0,0,1128086,8294,0,53,30,0,0,0,0,0,0,0,0,34,0,0,0,0,0,488,0,0,0,0,0,0,0,0,0,0,0,0,0,0,0,0,72398,0,0,0,0,5124,0,0,0,0,0,0,0,0,34408,71,0,0,268,0,0,75,0,0,0,0,0,0,0,0,992,0,63,0,0,0,0,0,0,0,0,1627,0,3487,0,84723,0,27,0,956
2022-08-24,US,1354401,0,0,0,0,0,0,0,0,0,0,0,0,0,0,0,0,0,0,0,0,1974,0,0,0,186,0,0,0,0,0,0,0,0,0,18,0,1346,0,0,0,1139121,7913,0,53,31,0,0,0,0,0,0,0,0,34,0,0,0,0,0,517,0,0,0,0,0,0,0,0,0,0,0,0,0,0,0,0,74566,0,0,0,0,5374,0,0,0,0,0,0,0,0,32311,72,0,0,269,0,0,76,0,0,0,0,0,0,0,0,1017,0,64,0,0,0,0,0,0,0,0,1709,0,3629,0,83075,0,28,0,1019
2022-08-25,US,1363948,0,0,0,0,0,0,0,0,0,0,0,0,0,0,0,0,0,0,0,0,2008,0,0,0,196,0,0,0,0,0,0,0,0,0,19,0,1331,0,0,0,1150067,7524,0,54,31,0,0,0,0,0,0,0,0,35,0,0,0,0,0,547,0,0,0,0,0,0,0,0,0,0,0,0,0,0,0,0,76749,0,0,0,0,5627,0,0,0,0,0,0,0,0,30176,73,0,0,269,0,0,77,0,0,0,0,0,0,0,0,1042,0,66,0,0,0,0,0,0,0,0,1791,0,3771,0,81385,0,28,0,1081
2022-08-26,US,1373342,0,0,0,0,0,0,0,0,0,0,0,0,0,0,0,0,0,0,0,0,2042,0,0,0,205,0,0,0,0,0,0,0,0,0,19,0,1316,0,0,0,1160925,7128,0,55,32,0,0,0,0,0,0,0,0,35,0,0,0,0,0,577,0,0,0,0,0,0,0,0,0,0,0,0,0,0,0,0,78947,0,0,0,0,5882,0,0,0,0,0,0,0,0,28006,75,0,0,269,0,0,78,0,0,0,0,0,0,0,0,1067,0,67,0,0,0,0,0,0,0,0,1874,0,3915,0,79655,0,29,0,1145
2022-08-27,US,1382583,0,0,0,0,0,0,0,0,0,0,0,0,0,0,0,0,0,0,0,0,2076,0,0,0,215,0,0,0,0,0,0,0,0,0,19,0,1301,0,0,0,1171693,6725,0,55,32,0,0,0,0,0,0,0,0,36,0,0,0,0,0,608,0,0,0,0,0,0,0,0,0,0,0,0,0,0,0,0,81158,0,0,0,0,6140,0,0,0,0,0,0,0,0,25800,76,0,0,270,0,0,79,0,0,0,0,0,0,0,0,1093,0,68,0,0,0,0,0,0,0,0,1958,0,4059,0,77884,0,29,0,1209
2022-08-28,US,1413435,0,0,0,0,0,0,0,0,0,0,0,0,0,0,0,0,0,0,0,0,2143,0,0,0,229,0,0,0,0,0,0,0,0,0,19,0,1305,0,0,0,1200861,6415,0,57,33,0,0,0,0,0,0,0,0,37,0,0,0,0,0,649,0,0,0,0,0,0,0,0,0,0,0,0,0,0,0,0,84687,0,0,0,0,6500,0,0,0,0,0,0,0,0,23927,78,0,0,274,0,0,81,0,0,0,0,0,0,0,0,1136,0,70,0,0,0,0,0,0,0,0,2075,0,4271,0,77264,0,30,0,1294
2022-08-29,US,1444626,0,0,0,0,0,0,0,0,0,0,0,0,0,0,0,0,0,0,0,0,2212,0,0,0,243,0,0,0,0,0,0,0,0,0,20,0,1309,0,0,0,1230451,6085,0,58,34,0,0,0,0,0,0,0,0,38,0,0,0,0,0,691,0,0,0,0,0,0,0,0,0,0,0,0,0,0,0,0,88312,0,0,0,0,6871,0,0,0,0,0,0,0,0,21953,81,0,0,279,0,0,83,0,0,0,0,0,0,0,0,1180,0,73,0,0,0,0,0,0,0,0,2195,0,4489,0,76559,0,31,0,1381
2022-08-30,US,1476158,0,0,0,0,0,0,0,0,0,0,0,0,0,0,0,0,0,0,0,0,2282,0,0,0,257,0,0,0,0,0,0,0,0,0,20,0,1312,0,0,0,1260465,5737,0,60,35,0,0,0,0,0,0,0,0,39,0,0,0,0,0,734,0,0,0,0,0,0,0,0,0,0,0,0,0,0,0,0,92033,0,0,0,0,7254,0,0,0,0,0,0,0,0,19876,84,0,0,283,0,0,85,0,0,0,0,0,0,0,0,1225,0,75,0,0,0,0,0,0,0,0,2319,0,4713,0,75768,0,32,0,1472
2022-08-31,US,1508030,0,0,0,0,0,0,0,0,0,0,0,0,0,0,0,0,0,0,0,0,2354,0,0,0,272,0,0,0,0,0,0,0,0,0,21,0,1314,0,0,0,1290905,5369,0,61,36,0,0,0,0,0,0,0,0,40,0,0,0,0,0,779,0,0,0,0,0,0,0,0,0,0,0,0,0,0,0,0,95853,0,0,0,0,7648,0,0,0,0,0,0,0,0,17693,86,0,0,288,0,0,88,0,0,0,0,0,0,0,0,1272,0,77,0,0,0,0,0,0,0,0,2446,0,4944,0,74888,0,33,0,1565
2022-09-01,US,1523537,0,0,0,0,0,0,0,0,0,0,0,0,0,0,0,0,0,0,0,0,2400,0,0,0,284,0,0,0,0,0,0,0,0,0,21,0,1300,0,0,0,1307437,4928,0,62,36,0,0,0,0,0,0,0,0,40,0,0,0,0,0,817,0,0,0,0,0,0,0,0,0,0,0,0,0,0,0,0,98690,0,0,0,0,7967,0,0,0,0,0,0,0,0,15236,88,0,0,289,0,0,89,0,0,0,0,0,0,0,0,1305,0,79,0,0,0,0,0,0,0,0,2550,0,5125,0,73116,0,33,0,1643
2022-09-02,US,1539044,0,0,0,0,0,0,0,0,0,0,0,0,0,0,0,0,0,0,0,0,2447,0,0,0,297,0,0,0,0,0,0,0,0,0,21,0,1287,0,0,0,1324035,4476,0,63,37,0,0,0,0,0,0,0,0,41,0,0,0,0,0,855,0,0,0,0,0,0,0,0,0,0,0,0,0,0,0,0,101565,0,0,0,0,8291,0,0,0,0,0,0,0,0,12726,90,0,0,291,0,0,90,0,0,0,0,0,0,0,0,1339,0,81,0,0,0,0,0,0,0,0,2655,0,5309,0,71293,0,34,0,1723
2022-09-03,US,1554550,0,0,0,0,0,0,0,0,0,0,0,0,0,0,0,0,0,0,0,0,2495,0,0,0,309,0,0,0,0,0,0,0,0,0,22,0,1272,0,0,0,1340660,4014,0,64,37,0,0,0,0,0,0,0,0,41,0,0,0,0,0,893,0,0,0,0,0,0,0,0,0,0,0,0,0,0,0,0,104475,0,0,0,0,8619,0,0,0,0,0,0,0,0,10161,92,0,0,292,0,0,92,0,0,0,0,0,0,0,0,1373,0,82,0,0,0,0,0,0,0,0,2762,0,5496,0,69416,0,34,46,1803
2022-09-04,US,1566748,0,0,0,0,0,0,0,0,0,0,0,0,0,0,0,0,0,0,0,0,2531,0,0,0,524,0,0,0,0,0,0,0,0,0,22,0,1265,0,0,0,1348965,4070,0,65,38,0,0,0,0,0,0,0,0,42,0,0,0,0,0,1392,0,0,0,0,0,0,0,0,0,0,0,0,0,0,0,0,106976,0,0,0,0,9514,0,0,0,0,0,0,0,0,9927,94,0,0,295,0,0,113,0,0,0,0,0,0,0,0,1517,0,84,0,0,0,0,0,0,0,0,2936,0,5770,0,68539,0,35,78,1960
2022-09-05,US,1578946,0,0,0,0,0,0,0,0,0,0,0,0,0,0,0,0,0,0,0,0,2567,0,0,0,742,0,0,0,0,0,0,0,0,0,22,0,1257,0,0,0,1357235,4126,0,66,38,0,0,0,0,0,0,0,0,42,0,0,0,0,0,1898,0,0,0,0,0,0,0,0,0,0,0,0,0,0,0,0,109504,0,0,0,0,10422,0,0,0,0,0,0,0,0,9687,95,0,0,297,0,0,134,0,0,0,0,0,0,0,0,1664,0,85,0,0,0,0,0,0,0,0,3112,0,6047,0,67640,0,36,110,2119
2022-09-06,US,1591144,0,0,0,0,0,0,0,0,0,0,0,0,0,0,0,0,0,0,0,0,2603,0,0,0,963,0,0,0,0,0,0,0,0,0,22,0,1249,0,0,0,1365471,4182,0,67,39,0,0,0,0,0,0,0,0,43,0,0,0,0,0,2412,0,0,0,0,0,0,0,0,0,0,0,0,0,0,0,0,112059,0,0,0,0,11343,0,0,0,0,0,0,0,0,9443,97,0,0,300,0,0,156,0,0,0,0,0,0,0,0,1813,0,87,0,0,0,0,0,0,0,0,3290,0,6327,0,66719,0,36,143,2280
2022-09-07,US,1603342,0,0,0,0,0,0,0,0,0,0,0,0,0,0,0,0,0,0,0,0,2640,0,0,0,1188,0,0,0,0,0,0,0,0,0,23,0,1241,0,0,0,1373672,4238,0,68,39,0,0,0,0,0,0,0,0,43,0,0,0,0,0,2933,0,0,0,0,0,0,0,0,0,0,0,0,0,0,0,0,114639,0,0,0,0,12277,0,0,0,0,0,0,0,0,9193,99,0,0,302,0,0,178,0,0,0,0,0,0,0,0,1964,0,88,0,0,0,0,0,0,0,0,3471,0,6612,0,65775,0,37,177,2443
2022-09-08,US,1615540,0,0,0,0,0,0,0,0,0,0,0,0,0,0,0,0,0,0,0,0,2677,0,0,0,1416,0,0,0,0,0,0,0,0,0,23,0,1232,0,0,0,1381839,4295,0,69,40,0,0,0,0,0,0,0,0,44,0,0,0,0,0,3462,0,0,0,0,0,0,0,0,0,0,0,0,0,0,0,0,117246,0,0,0,0,13224,0,0,0,0,0,0,0,0,8939,100,0,0,305,0,0,201,0,0,0,0,0,0,0,0,2118,0,90,0,0,0,0,0,0,0,0,3654,0,6900,0,64810,0,38,211,2609
2022-09-09,US,1627738,0,0,0,0,0,0,0,0,0,0,0,0,0,0,0,0,0,0,0,0,2714,0,0,0,1647,0,0,0,0,0,0,0,0,0,23,0,1224,0,0,0,1389971,4353,0,69,40,0,0,0,0,0,0,0,0,44,0,0,0,0,0,3999,0,0,0,0,0,0,0,0,0,0,0,0,0,0,0,0,119878,0,0,0,0,14184,0,0,0,0,0,0,0,0,8680,102,0,0,308,0,0,224,0,0,0,0,0,0,0,0,2273,0,91,0,0,0,0,0,0,0,0,3839,0,7191,0,63822,0,38,245,2777
2022-09-10,US,1639936,0,0,0,0,0,0,0,0,0,0,0,0,0,0,0,0,0,0,0,0,2752,0,0,0,1881,0,0,0,0,0,0,0,0,0,23,0,1215,0,0,0,1398069,4410,0,70,41,0,0,0,0,0,0,0,0,45,0,0,0,0,0,4543,0,0,0,0,0,0,0,0,0,0,0,0,0,0,0,0,122537,0,0,0,0,15156,0,0,0,0,0,0,0,0,8416,104,0,0,310,0,0,247,0,0,0,0,0,0,0,0,2430,0,93,0,0,0,0,0,0,0,0,4027,0,7486,0,62813,0,39,280,2947
2022-09-11,US,1630302,0,0,0,0,0,0,0,0,0,0,0,0,0,0,0,0,0,0,0,0,2753,0,0,0,2091,0,0,0,0,0,0,0,0,0,23,0,1189,0,0,0,1387551,4409,0,70,41,0,0,0,0,0,0,0,0,45,0,0,0,0,0,5028,0,0,0,0,0,0,0,0,0,0,0,0,0,0,0,0,123568,0,0,0,0,15929,0,0,0,0,0,0,0,0,8039,104,0,0,309,0,0,267,0,0,0,0,0,0,0,0,2555,0,93,0,0,0,0,0,0,0,0,4162,0,7682,0,60965,0,39,312,3078
2022-09-12,US,1620667,0,0,0,0,0,0,0,0,0,0,0,0,0,0,0,0,0,0,0,0,2754,0,0,0,2299,0,0,0,0,0,0,0,0,0,23,0,1164,0,0,0,1377060,4408,0,70,41,0,0,0,0,0,0,0,0,45,0,0,0,0,0,5507,0,0,0,0,0,0,0,0,0,0,0,0,0,0,0,0,124577,0,0,0,0,16691,0,0,0,0,0,0,0,0,7666,105,0,0,307,0,0,286,0,0,0,0,0,0,0,0,2679,0,93,0,0,0,0,0,0,0,0,4294,0,7875,0,59134,0,39,343,3207
2022-09-13,US,1611033,0,0,0,0,0,0,0,0,0,0,0,0,0,0,0,0,0,0,0,0,2754,0,0,0,2503,0,0,0,0,0,0,0,0,0,23,0,1139,0,0,0,1366596,4407,0,70,41,0,0,0,0,0,0,0,0,45,0,0,0,0,0,5980,0,0,0,0,0,0,0,0,0,0,0,0,0,0,0,0,125566,0,0,0,0,17442,0,0,0,0,0,0,0,0,7297,105,0,0,306,0,0,306,0,0,0,0,0,0,0,0,2801,0,94,0,0,0,0,0,0,0,0,4425,0,8065,0,57321,0,39,373,3335
2022-09-14,US,1601399,0,0,0,0,0,0,0,0,0,0,0,0,0,0,0,0,0,0,0,0,2754,0,0,0,2705,0,0,0,0,0,0,0,0,0,23,0,1115,0,0,0,1356160,4405,0,70,41,0,0,0,0,0,0,0,0,45,0,0,0,0,0,6446,0,0,0,0,0,0,0,0,0,0,0,0,0,0,0,0,126535,0,0,0,0,18184,0,0,0,0,0,0,0,0,6932,105,0,0,304,0,0,325,0,0,0,0,0,0,0,0,2921,0,94,0,0,0,0,0,0,0,0,4554,0,8253,0,55525,0,39,403,3460
2022-09-15,US,1591764,0,0,0,0,0,0,0,0,0,0,0,0,0,0,0,0,0,0,0,0,2755,0,0,0,2905,0,0,0,0,0,0,0,0,0,23,0,1090,0,0,0,1345750,4403,0,70,41,0,0,0,0,0,0,0,0,44,0,0,0,0,0,6907,0,0,0,0,0,0,0,0,0,0,0,0,0,0,0,0,127482,0,0,0,0,18915,0,0,0,0,0,0,0,0,6571,106,0,0,303,0,0,344,0,0,0,0,0,0,0,0,3040,0,94,0,0,0,0,0,0,0,0,4681,0,8437,0,53747,0,39,433,3585
2022-09-16,US,1582130,0,0,0,0,0,0,0,0,0,0,0,0,0,0,0,0,0,0,0,0,2754,0,0,0,3101,0,0,0,0,0,0,0,0,0,23,0,1066,0,0,0,1335368,4400,0,70,41,0,0,0,0,0,0,0,0,44,0,0,0,0,0,7361,0,0,0,0,0,0,0,0,0,0,0,0,0,0,0,0,128409,0,0,0,0,19637,0,0,0,0,0,0,0,0,6214,106,0,0,302,0,0,362,0,0,0,0,0,0,0,0,3157,0,94,0,0,0,0,0,0,0,0,4806,0,8619,0,51986,0,40,463,3707
2022-09-17,US,1572496,0,0,0,0,0,0,0,0,0,0,0,0,0,0,0,0,0,0,0,0,2754,0,0,0,3296,0,0,0,0,0,0,0,0,0,23,0,1042,0,0,0,1325014,4397,0,70,41,0,0,0,0,0,0,0,0,44,0,0,0,0,0,7810,0,0,0,0,0,0,0,0,0,0,0,0,0,0,0,0,129315,0,0,0,0,20348,0,0,0,0,0,0,0,0,5860,106,0,0,300,0,0,381,0,0,0,0,0,0,0,0,3272,0,95,0,0,0,0,0,0,0,0,4929,0,8798,0,50243,0,40,492,3827
2022-09-18,US,1554455,0,0,0,0,0,0,0,0,0,0,0,0,0,0,0,0,0,0,0,0,2739,0,0,0,3468,0,0,0,0,0,0,0,0,0,23,0,1013,0,0,0,1307615,4371,0,69,40,0,0,0,0,0,0,0,0,44,0,0,0,0,0,8208,0,0,0,0,0,0,0,0,0,0,0,0,0,0,0,0,129501,0,0,0,0,20935,0,0,0,0,0,0,0,0,5481,106,0,0,297,0,0,397,0,0,0,0,0,0,0,0,3368,0,94,0,0,0,0,0,0,0,0,5023,0,8926,0,48256,0,40,517,3925
2022-09-19,US,1536415,0,0,0,0,0,0,0,0,0,0,0,0,0,0,0,0,0,0,0,0,2723,0,0,0,3636,0,0,0,0,0,0,0,0,0,22,0,984,0,0,0,1290267,4343,0,69,40,0,0,0,0,0,0,0,0,44,0,0,0,0,0,8595,0,0,0,0,0,0,0,0,0,0,0,0,0,0,0,0,129647,0,0,0,0,21504,0,0,0,0,0,0,0,0,5109,106,0,0,294,0,0,412,0,0,0,0,0,0,0,0,3460,0,94,0,0,0,0,0,0,0,0,5114,0,9048,0,46302,0,39,542,4019
2022-09-20,US,1518374,0,0,0,0,0,0,0,0,0,0,0,0,0,0,0,0,0,0,0,0,2707,0,0,0,3799,0,0,0,0,0,0,0,0,0,22,0,956,0,0,0,1272970,4316,0,68,40,0,0,0,0,0,0,0,0,43,0,0,0,0,0,8970,0,0,0,0,0,0,0,0,0,0,0,0,0,0,0,0,129755,0,0,0,0,22054,0,0,0,0,0,0,0,0,4745,105,0,0,291,0,0,427,0,0,0,0,0,0,0,0,3549,0,94,0,0,0,0,0,0,0,0,5201,0,9165,0,44381,0,39,567,4110
2022-09-21,US,1500334,0,0,0,0,0,0,0,0,0,0,0,0,0,0,0,0,0,0,0,0,2691,0,0,0,3957,0,0,0,0,0,0,0,0,0,22,0,928,0,0,0,1255725,4287,0,68,39,0,0,0,0,0,0,0,0,43,0,0,0,0,0,9334,0,0,0,0,0,0,0,0,0,0,0,0,0,0,0,0,129824,0,0,0,0,22584,0,0,0,0,0,0,0,0,4387,105,0,0,288,0,0,442,0,0,0,0,0,0,0,0,3635,0,94,0,0,0,0,0,0,0,0,5285,0,9277,0,42492,0,39,590,4198
2022-09-22,US,1482293,0,0,0,0,0,0,0,0,0,0,0,0,0,0,0,0,0,0,0,0,2674,0,0,0,4111,0,0,0,0,0,0,0,0,0,22,0,900,0,0,0,1238530,4258,0,67,39,0,0,0,0,0,0,0,0,43,0,0,0,0,0,9687,0,0,0,0,0,0,0,0,0,0,0,0,0,0,0,0,129854,0,0,0,0,23096,0,0,0,0,0,0,0,0,4037,104,0,0,284,0,0,456,0,0,0,0,0,0,0,0,3719,0,93,0,0,0,0,0,0,0,0,5365,0,9383,0,40636,0,39,613,4282
2022-09-23,US,1464253,0,0,0,0,0,0,0,0,0,0,0,0,0,0,0,0,0,0,0,0,2657,0,0,0,4259,0,0,0,0,0,0,0,0,0,22,0,873,0,0,0,1221386,4229,0,67,39,0,0,0,0,0,0,0,0,42,0,0,0,0,0,10028,0,0,0,0,0,0,0,0,0,0,0,0,0,0,0,0,129846,0,0,0,0,23588,0,0,0,0,0,0,0,0,3694,104,0,0,281,0,0,470,0,0,0,0,0,0,0,0,3799,0,93,0,0,0,0,0,0,0,0,5442,0,9485,0,38813,0,39,635,4363
2022-09-24,US,1446212,0,0,0,0,0,0,0,0,0,0,0,0,0,0,0,0,0,0,0,0,2639,0,0,0,4402,0,0,0,0,0,0,0,0,0,21,0,846,0,0,0,1204293,4199,0,66,39,0,0,0,0,0,0,0,0,42,0,0,0,0,0,10359,0,0,0,0,0,0,0,0,0,0,0,0,0,0,0,0,129799,0,0,0,0,24061,0,0,0,0,0,0,0,0,3358,104,0,0,278,0,0,483,0,0,0,0,0,0,0,0,3875,0,92,0,0,0,0,0,0,0,0,5515,0,9580,0,37023,0,39,657,4441
2022-09-25,US,1430456,0,0,0,0,0,0,0,0,0,0,0,0,0,0,0,0,0,0,0,0,2625,0,0,0,4548,0,0,0,0,0,0,0,0,0,21,0,821,0,0,0,1189151,4175,0,66,38,0,0,0,0,0,0,0,0,42,0,0,0,0,0,10694,0,0,0,0,0,0,0,0,0,0,0,0,0,0,0,0,129920,0,0,0,0,24555,0,0,0,0,0,0,0,0,3034,103,0,0,275,0,0,496,0,0,0,0,0,0,0,0,3956,0,92,0,0,0,0,0,0,0,0,5594,0,9686,0,35322,0,39,679,4523
2022-09-26,US,1414700,0,0,0,0,0,0,0,0,0,0,0,0,0,0,0,0,0,0,0,0,2611,0,0,0,4690,0,0,0,0,0,0,0,0,0,21,0,796,0,0,0,1174053,4151,0,65,38,0,0,0,0,0,0,0,0,41,0,0,0,0,0,11020,0,0,0,0,0,0,0,0,0,0,0,0,0,0,0,0,130008,0,0,0,0,25032,0,0,0,0,0,0,0,0,2717,103,0,0,273,0,0,509,0,0,0,0,0,0,0,0,4033,0,92,0,0,0,0,0,0,0,0,5670,0,9788,0,33649,0,39,700,4602
2022-09-27,US,1398945,0,0,0,0,0,0,0,0,0,0,0,0,0,0,0,0,0,0,0,0,2597,0,0,0,4827,0,0,0,0,0,0,0,0,0,21,0,772,0,0,0,1159000,4126,0,65,38,0,0,0,0,0,0,0,0,41,0,0,0,0,0,11337,0,0,0,0,0,0,0,0,0,0,0,0,0,0,0,0,130062,0,0,0,0,25492,0,0,0,0,0,0,0,0,2406,103,0,0,270,0,0,522,0,0,0,0,0,0,0,0,4108,0,92,0,0,0,0,0,0,0,0,5742,0,9885,0,32005,0,38,720,4678
2022-09-28,US,1383189,0,0,0,0,0,0,0,0,0,0,0,0,0,0,0,0,0,0,0,0,2582,0,0,0,4960,0,0,0,0,0,0,0,0,0,21,0,747,0,0,0,1143991,4100,0,65,38,0,0,0,0,0,0,0,0,41,0,0,0,0,0,11643,0,0,0,0,0,0,0,0,0,0,0,0,0,0,0,0,130082,0,0,0,0,25935,0,0,0,0,0,0,0,0,2101,102,0,0,267,0,0,534,0,0,0,0,0,0,0,0,4180,0,91,0,0,0,0,0,0,0,0,5812,0,9977,0,30390,0,38,740,4751
2022-09-29,US,1367433,0,0,0,0,0,0,0,0,0,0,0,0,0,0,0,0,0,0,0,0,2567,0,0,0,5089,0,0,0,0,0,0,0,0,0,21,0,724,0,0,0,1129027,4075,0,64,37,0,0,0,0,0,0,0,0,40,0,0,0,0,0,11939,0,0,0,0,0,0,0,0,0,0,0,0,0,0,0,0,130068,0,0,0,0,26362,0,0,0,0,0,0,0,0,1803,102,0,0,264,0,0,546,0,0,0,0,0,0,0,0,4249,0,91,0,0,0,0,0,0,0,0,5878,0,10064,0,28803,0,38,759,4821
2022-09-30,US,1351677,0,0,0,0,0,0,0,0,0,0,0,0,0,0,0,0,0,0,0,0,2552,0,0,0,5214,0,0,0,0,0,0,0,0,0,20,0,700,0,0,0,1114107,4048,0,64,37,0,0,0,0,0,0,0,0,40,0,0,0,0,0,12226,0,0,0,0,0,0,0,0,0,0,0,0,0,0,0,0,130021,0,0,0,0,26773,0,0,0,0,0,0,0,0,1511,102,0,0,262,0,0,557,0,0,0,0,0,0,0,0,4316,0,91,0,0,0,0,0,0,0,0,5941,0,10147,0,27245,0,38,778,4889
2022-10-01,US,1335921,0,0,0,0,0,0,0,0,0,0,0,0,0,0,0,0,0,0,0,0,2536,0,0,0,5334,0,0,0,0,0,0,0,0,0,20,0,677,0,0,0,1099201,4022,0,63,37,0,0,0,0,0,0,0,0,40,0,0,0,0,0,12502,0,0,0,0,0,0,0,0,0,0,0,0,0,0,0,38,129936,0,0,0,0,27165,0,0,0,0,0,0,0,0,1225,101,0,0,259,0,0,568,0,0,0,0,0,0,0,0,4380,0,90,0,0,0,0,0,0,0,0,6001,0,10225,0,25714,0,38,796,4953
2022-10-02,US,1327937,0,0,0,0,0,0,0,0,0,0,0,0,0,0,0,0,0,0,0,0,2533,0,0,0,7313,0,0,0,0,0,0,0,0,0,20,0,692,0,0,0,1086206,4259,0,63,37,0,0,0,0,0,0,0,0,40,0,0,0,0,0,15066,0,0,0,0,0,0,0,0,0,0,0,0,0,0,0,53,128025,0,0,0,0,28706,0,0,0,0,0,0,0,0,1183,102,0,0,265,0,0,848,0,0,0,0,0,0,0,0,4658,0,90,0,0,0,0,0,0,0,0,6200,0,10339,0,25039,0,43,1173,4984
2022-10-03,US,1319953,0,0,0,0,0,0,0,0,0,0,0,0,0,0,0,0,0,0,0,0,2530,0,0,0,9269,0,0,0,0,0,0,0,0,0,20,0,707,0,0,0,1073288,4493,0,63,37,0,0,0,0,0,0,0,0,40,0,0,0,0,0,17599,0,0,0,0,0,0,0,0,0,0,0,0,0,0,0,67,126128,0,0,0,0,30227,0,0,0,0,0,0,0,0,1142,102,0,0,270,0,0,1125,0,0,0,0,0,0,0,0,4932,0,91,0,0,0,0,0,0,0,0,6396,0,10451,0,24371,0,47,1545,5014
2022-10-04,US,1311968,0,0,0,0,0,0,0,0,0,0,0,0,0,0,0,0,0,0,0,0,2528,0,0,0,11201,0,0,0,0,0,0,0,0,0,20,0,722,0,0,0,1060448,4724,0,63,37,0,0,0,0,0,0,0,0,39,0,0,0,0,0,20100,0,0,0,0,0,0,0,0,0,0,0,0,0,0,0,82,124245,0,0,0,0,31726,0,0,0,0,0,0,0,0,1101,102,0,0,276,0,0,1398,0,0,0,0,0,0,0,0,5203,0,91,0,0,0,0,0,0,0,0,6588,0,10561,0,23708,0,52,1913,5043
2022-10-05,US,1303984,0,0,0,0,0,0,0,0,0,0,0,0,0,0,0,0,0,0,0,0,2525,0,0,0,13108,0,0,0,0,0,0,0,0,0,20,0,736,0,0,0,1047684,4952,0,63,37,0,0,0,0,0,0,0,0,39,0,0,0,0,0,22569,0,0,0,0,0,0,0,0,0,0,0,0,0,0,0,96,122375,0,0,0,0,33206,0,0,0,0,0,0,0,0,1060,102,0,0,281,0,0,1667,0,0,0,0,0,0,0,0,5470,0,91,0,0,0,0,0,0,0,0,6778,0,10668,0,23052,0,57,2276,5072
2022-10-06,US,1295999,0,0,0,0,0,0,0,0,0,0,0,0,0,0,0,0,0,0,0,0,2521,0,0,0,14991,0,0,0,0,0,0,0,0,0,20,0,750,0,0,0,1034998,5177,0,63,37,0,0,0,0,0,0,0,0,39,0,0,0,0,0,25006,0,0,0,0,0,0,0,0,0,0,0,0,0,0,0,110,120519,0,0,0,0,34665,0,0,0,0,0,0,0,0,1020,102,0,0,287,0,0,1933,0,0,0,0,0,0,0,0,5733,0,91,0,0,0,0,0,0,0,0,6965,0,10774,0,22402,0,61,2635,5100
2022-10-07,US,1288015,0,0,0,0,0,0,0,0,0,0,0,0,0,0,0,0,0,0,0,0,2518,0,0,0,16850,0,0,0,0,0,0,0,0,0,20,0,764,0,0,0,1022390,5399,0,63,37,0,0,0,0,0,0,0,0,39,0,0,0,0,0,27412,0,0,0,0,0,0,0,0,0,0,0,0,0,0,0,124,118676,0,0,0,0,36103,0,0,0,0,0,0,0,0,980,102,0,0,292,0,0,2196,0,0,0,0,0,0,0,0,5993,0,91,0,0,0,0,0,0,0,0,7150,0,10877,0,21758,0,65,2989,5127
2022-10-08,US,1280031,0,0,0,0,0,0,0,0,0,0,0,0,0,0,0,0,0,0,0,0,2515,0,0,0,18685,0,0,0,0,0,0,0,0,0,20,0,777,0,0,0,1009858,5617,0,63,37,0,0,0,0,0,0,0,0,39,0,0,0,0,0,29785,0,0,0,0,0,0,0,0,0,0,0,0,0,0,0,138,116848,0,0,0,0,37521,0,0,0,0,0,0,0,0,940,103,0,0,297,0,0,2455,0,0,0,0,0,0,0,0,6249,0,91,0,0,0,0,0,0,0,0,7331,0,10979,0,21121,0,70,3339,5154
2022-10-09,US,1291269,0,0,0,0,0,0,0,0,0,0,0,0,0,0,0,0,0,0,0,0,2549,0,0,0,20805,0,0,0,0,0,0,0,0,0,20,0,803,0,0,0,1012476,5921,0,63,37,0,0,0,0,0,0,0,0,40,0,0,0,0,0,32613,0,0,0,0,0,0,0,0,0,0,0,0,0,0,0,154,116771,0,0,0,0,39507,0,0,0,0,0,0,0,0,915,104,0,0,307,0,0,2752,0,0,0,0,0,0,0,0,6600,0,93,0,0,0,0,0,0,0,0,7624,0,11245,0,20799,0,75,3739,5258
2022-10-10,US,1302506,0,0,0,0,0,0,0,0,0,0,0,0,0,0,0,0,0,0,0,0,2583,0,0,0,22959,0,0,0,0,0,0,0,0,0,20,0,828,0,0,0,1014985,6229,0,64,37,0,0,0,0,0,0,0,0,40,0,0,0,0,0,35485,0,0,0,0,0,0,0,0,0,0,0,0,0,0,0,170,116675,0,0,0,0,41521,0,0,0,0,0,0,0,0,889,106,0,0,316,0,0,3054,0,0,0,0,0,0,0,0,6956,0,94,0,0,0,0,0,0,0,0,7920,0,11515,0,20469,0,81,4146,5363
2022-10-11,US,1313744,0,0,0,0,0,0,0,0,0,0,0,0,0,0,0,0,0,0,0,0,2618,0,0,0,25147,0,0,0,0,0,0,0,0,0,20,0,854,0,0,0,1017385,6541,0,65,38,0,0,0,0,0,0,0,0,41,0,0,0,0,0,38402,0,0,0,0,0,0,0,0,0,0,0,0,0,0,0,187,116559,0,0,0,0,43565,0,0,0,0,0,0,0,0,862,108,0,0,326,0,0,3361,0,0,0,0,0,0,0,0,7317,0,96,0,0,0,0,0,0,0,0,8220,0,11787,0,20130,0,86,4560,5469
2022-10-12,US,1324982,0,0,0,0,0,0,0,0,0,0,0,0,0,0,0,0,0,0,0,0,2653,0,0,0,27370,0,0,0,0,0,0,0,0,0,21,0,881,0,0,0,1019677,6858,0,66,38,0,0,0,0,0,0,0,0,41,0,0,0,0,0,41364,0,0,0,0,0,0,0,0,0,0,0,0,0,0,0,203,116425,0,0,0,0,45637,0,0,0,0,0,0,0,0,835,109,0,0,336,0,0,3672,0,0,0,0,0,0,0,0,7683,0,97,0,0,0,0,0,0,0,0,8524,0,12063,0,19782,0,92,4980,5576
2022-10-13,US,1336219,0,0,0,0,0,0,0,0,0,0,0,0,0,0,0,0,0,0,0,0,2688,0,0,0,29626,0,0,0,0,0,0,0,0,0,21,0,907,0,0,0,1021859,7179,0,67,39,0,0,0,0,0,0,0,0,42,0,0,0,0,0,44371,0,0,0,0,0,0,0,0,0,0,0,0,0,0,0,220,116271,0,0,0,0,47738,0,0,0,0,0,0,0,0,807,111,0,0,346,0,0,3988,0,0,0,0,0,0,0,0,8054,0,99,0,0,0,0,0,0,0,0,8832,0,12341,0,19425,0,98,5406,5684
2022-10-14,US,1347457,0,0,0,0,0,0,0,0,0,0,0,0,0,0,0,0,0,0,0,0,2724,0,0,0,31917,0,0,0,0,0,0,0,0,0,21,0,934,0,0,0,1023933,7504,0,68,39,0,0,0,0,0,0,0,0,42,0,0,0,0,0,47422,0,0,0,0,0,0,0,0,0,0,0,0,0,0,0,237,116098,0,0,0,0,49868,0,0,0,0,0,0,0,0,779,113,0,0,357,0,0,4309,0,0,0,0,0,0,0,0,8430,0,100,0,0,0,0,0,0,0,0,9144,0,12623,0,19059,0,104,5839,5793
2022-10-15,US,1358695,0,0,0,0,0,0,0,0,0,0,0,0,0,0,0,0,0,0,0,0,2759,0,0,0,34241,0,0,0,0,0,0,0,0,0,21,0,962,0,0,0,1025898,7835,0,68,40,0,0,0,0,0,0,0,0,43,0,0,0,0,0,50517,0,0,0,0,0,0,0,0,0,0,0,0,0,0,0,255,115906,0,0,0,0,52026,0,0,0,0,0,0,0,0,750,115,0,0,367,0,0,4635,0,0,0,0,0,0,0,0,8812,0,102,0,0,0,0,0,0,0,0,9460,0,12907,0,18685,0,110,6279,5903
2022-10-16,US,1350428,0,0,0,0,0,0,0,0,0,0,0,0,0,0,0,0,0,0,0,0,2755,0,0,0,36079,0,0,0,0,0,0,0,0,0,21,0,975,0,0,0,1013122,8053,0,68,40,0,0,0,0,0,0,0,0,42,0,0,0,0,0,52894,0,0,0,0,0,0,0,0,0,0,0,0,0,0,0,268,114048,0,0,0,0,53442,0,0,0,0,0,0,0,0,710,115,0,0,372,0,0,4894,0,0,0,0,0,0,0,0,9068,0,102,0,0,0,0,0,0,0,0,9641,0,13007,0,18041,0,114,6629,5929
2022-10-17,US,1342162,0,0,0,0,0,0,0,0,0,0,0,0,0,0,0,0,0,0,0,0,2751,0,0,0,37891,0,0,0,0,0,0,0,0,0,21,0,988,0,0,0,1000426,8268,0,68,40,0,0,0,0,0,0,0,0,42,0,0,0,0,0,55237,0,0,0,0,0,0,0,0,0,0,0,0,0,0,0,282,112204,0,0,0,0,54836,0,0,0,0,0,0,0,0,671,115,0,0,377,0,0,5151,0,0,0,0,0,0,0,0,9320,0,102,0,0,0,0,0,0,0,0,9819,0,13104,0,17404,0,119,6974,5953
2022-10-18,US,1333895,0,0,0,0,0,0,0,0,0,0,0,0,0,0,0,0,0,0,0,0,2747,0,0,0,39679,0,0,0,0,0,0,0,0,0,21,0,1001,0,0,0,987810,8479,0,68,40,0,0,0,0,0,0,0,0,42,0,0,0,0,0,57548,0,0,0,0,0,0,0,0,0,0,0,0,0,0,0,295,110373,0,0,0,0,56209,0,0,0,0,0,0,0,0,632,115,0,0,382,0,0,5403,0,0,0,0,0,0,0,0,9568,0,102,0,0,0,0,0,0,0,0,9993,0,13199,0,16773,0,123,7315,5978
2022-10-19,US,1325628,0,0,0,0,0,0,0,0,0,0,0,0,0,0,0,0,0,0,0,0,2742,0,0,0,41441,0,0,0,0,0,0,0,0,0,21,0,1014,0,0,0,975273,8688,0,68,40,0,0,0,0,0,0,0,0,42,0,0,0,0,0,59826,0,0,0,0,0,0,0,0,0,0,0,0,0,0,0,309,108557,0,0,0,0,57561,0,0,0,0,0,0,0,0,593,115,0,0,387,0,0,5653,0,0,0,0,0,0,0,0,9812,0,102,0,0,0,0,0,0,0,0,10165,0,13292,0,16148,0,127,7651,6001
2022-10-20,US,1317362,0,0,0,0,0,0,0,0,0,0,0,0,0,0,0,0,0,0,0,0,2738,0,0,0,43179,0,0,0,0,0,0,0,0,0,21,0,1027,0,0,0,962817,8893,0,68,40,0,0,0,0,0,0,0,0,42,0,0,0,0,0,62071,0,0,0,0,0,0,0,0,0,0,0,0,0,0,0,322,106755,0,0,0,0,58892,0,0,0,0,0,0,0,0,555,115,0,0,392,0,0,5898,0,0,0,0,0,0,0,0,10053,0,102,0,0,0,0,0,0,0,0,10334,0,13383,0,15531,0,131,7982,6023
2022-10-21,US,1309095,0,0,0,0,0,0,0,0,0,0,0,0,0,0,0,0,0,0,0,0,2733,0,0,0,44891,0,0,0,0,0,0,0,0,0,21,0,1039,0,0,0,950441,9095,0,68,40,0,0,0,0,0,0,0,0,42,0,0,0,0,0,64283,0,0,0,0,0,0,0,0,0,0,0,0,0,0,0,335,104967,0,0,0,0,60202,0,0,0,0,0,0,0,0,517,115,0,0,396,0,0,6140,0,0,0,0,0,0,0,0,10290,0,102,0,0,0,0,0,0,0,0,10501,0,13471,0,14919,0,135,8308,6045
2022-10-22,US,1300829,0,0,0,0,0,0,0,0,0,0,0,0,0,0,0,0,0,0,0,0,2728,0,0,0,46578,0,0,0,0,0,0,0,0,0,21,0,1051,0,0,0,938144,9293,0,67,39,0,0,0,0,0,0,0,0,42,0,0,0,0,0,66462,0,0,0,0,0,0,0,0,0,0,0,0,0,0,0,347,103194,0,0,0,0,61490,0,0,0,0,0,0,0,0,480,115,0,0,401,0,0,6379,0,0,0,0,0,0,0,0,10523,0,102,0,0,0,0,0,0,0,0,10664,0,13558,0,14314,0,139,8629,6066
2022-10-23,US,1274844,0,0,0,0,0,0,0,0,0,0,0,0,0,0,0,0,0,0,0,0,2685,0,0,0,47579,0,0,0,0,0,0,0,0,0,20,0,1048,0,0,0,913235,9359,0,66,39,0,0,0,0,0,0,0,0,41,0,0,0,0,0,67668,0,0,0,0,0,0,0,0,0,0,0,0,0,0,0,355,100043,0,0,0,0,61897,0,0,0,0,0,0,0,0,437,114,0,0,400,0,0,6524,0,0,0,0,0,0,0,0,10604,0,101,0,0,0,0,0,0,0,0,10676,0,13455,0,13528,0,141,8824,6003
2022-10-24,US,1248858,0,0,0,0,0,0,0,0,0,0,0,0,0,0,0,0,0,0,0,0,2643,0,0,0,48501,0,0,0,0,0,0,0,0,0,20,0,1045,0,0,0,888578,9414,0,65,38,0,0,0,0,0,0,0,0,40,0,0,0,0,0,68771,0,0,0,0,0,0,0,0,0,0,0,0,0,0,0,362,96938,0,0,0,0,62237,0,0,0,0,0,0,0,0,396,112,0,0,399,0,0,6657,0,0,0,0,0,0,0,0,10674,0,100,0,0,0,0,0,0,0,0,10679,0,13345,0,12762,0,143,9003,5937
2022-10-25,US,1222873,0,0,0,0,0,0,0,0,0,0,0,0,0,0,0,0,0,0,0,0,2599,0,0,0,49345,0,0,0,0,0,0,0,0,0,20,0,1041,0,0,0,864172,9459,0,64,38,0,0,0,0,0,0,0,0,40,0,0,0,0,0,69770,0,0,0,0,0,0,0,0,0,0,0,0,0,0,0,368,93876,0,0,0,0,62511,0,0,0,0,0,0,0,0,356,110,0,0,397,0,0,6779,0,0,0,0,0,0,0,0,10732,0,98,0,0,0,0,0,0,0,0,10672,0,13229,0,12016,0,145,9167,5870
2022-10-26,US,1196888,0,0,0,0,0,0,0,0,0,0,0,0,0,0,0,0,0,0,0,0,2555,0,0,0,50110,0,0,0,0,0,0,0,0,0,19,0,1036,0,0,0,840017,9493,0,63,37,0,0,0,0,0,0,0,0,39,0,0,0,0,0,70667,0,0,0,0,0,0,0,0,0,0,0,0,0,0,0,374,90859,0,0,0,0,62718,0,0,0,0,0,0,0,0,317,109,0,0,395,0,0,6890,0,0,0,0,0,0,0,0,10779,0,97,0,0,0,0,0,0,0,0,10657,0,13106,0,11291,0,146,9317,5799
2022-10-27,US,1170903,0,0,0,0,0,0,0,0,0,0,0,0,0,0,0,0,0,0,0,0,2511,0,0,0,50796,0,0,0,0,0,0,0,0,0,19,0,1030,0,0,0,816114,9518,0,62,36,0,0,0,0,0,0,0,0,38,0,0,0,0,0,71459,0,0,0,0,0,0,0,0,0,0,0,0,0,0,0,379,87887,0,0,0,0,62858,0,0,0,0,0,0,0,0,280,107,0,0,393,0,0,6990,0,0,0,0,0,0,0,0,10813,0,95,0,0,0,0,0,0,0,0,10632,0,12975,0,10586,0,147,9451,5727
2022-10-28,US,1144918,0,0,0,0,0,0,0,0,0,0,0,0,0,0,0,0,0,0,0,0,2466,0,0,0,51403,0,0,0,0,0,0,0,0,0,18,0,1024,0,0,0,792463,9532,0,61,36,0,0,0,0,0,0,0,0,38,0,0,0,0,0,72149,0,0,0,0,0,0,0,0,0,0,0,0,0,0,0,384,84959,0,0,0,0,62932,0,0,0,0,0,0,0,0,243,105,0,0,390,0,0,7080,0,0,0,0,0,0,0,0,10835,0,94,0,0,0,0,0,0,0,0,10598,0,12838,0,9902,0,148,9570,5652
2022-10-29,US,1118933,0,0,0,0,0,0,0,0,0,0,0,0,0,0,0,0,0,0,0,0,2421,0,0,0,51930,0,0,0,0,0,0,0,0,0,18,0,1016,0,0,0,769042,9536,0,60,35,0,0,0,0,0,0,0,0,37,0,0,0,0,0,72733,0,0,0,0,0,0,0,0,0,0,0,0,0,0,0,388,82073,0,0,0,0,62937,0,0,0,0,0,0,0,30,209,104,0,0,388,0,0,7157,0,0,0,0,0,0,0,0,10845,0,92,0,0,0,0,0,0,0,0,10554,0,12694,0,9237,0,149,9675,5574
2022-10-30,US,1121166,0,0,0,0,0,0,0,0,0,0,0,0,0,0,0,0,0,0,0,0,2446,0,0,0,57305,0,0,0,0,0,0,0,0,0,18,0,1004,0,0,0,759479,9614,0,151,35,0,0,0,0,0,0,0,0,37,0,0,0,0,0,77962,0,0,0,0,0,0,0,0,0,0,0,0,0,0,0,482,80728,0,0,0,0,63635,0,0,0,0,0,0,0,30,211,105,0,0,386,0,0,7947,0,0,0,0,0,0,0,0,11125,0,93,0,0,0,0,0,0,0,0,10663,0,12654,0,9034,0,145,10316,5560
2022-10-31,US,1123398,0,0,0,0,0,0,0,0,0,0,0,0,0,0,0,0,0,0,0,0,2471,0,0,0,62701,0,0,0,0,0,0,0,0,0,18,0,991,0,0,0,749872,9693,0,243,35,0,0,0,0,0,0,0,0,37,0,0,0,0,0,83211,0,0,0,0,0,0,0,0,0,0,0,0,0,0,0,576,79378,0,0,0,0,64335,0,0,0,0,0,0,0,30,213,106,0,0,384,0,0,8740,0,0,0,0,0,0,0,0,11406,0,94,0,0,0,0,0,0,0,0,10773,0,12614,0,8830,0,141,10960,5546
2022-11-01,US,1125631,0,0,0,0,0,0,0,0,0,0,0,0,0,0,0,0,0,0,0,0,2497,0,0,0,68119,0,0,0,0,0,0,0,0,0,18,0,978,0,0,0,740220,9771,0,335,36,0,0,0,0,0,0,0,0,37,0,0,0,0,0,88480,0,0,0,0,0,0,0,0,0,0,0,0,0,0,0,671,78022,0,0,0,0,65037,0,0,0,0,0,0,0,31,215,106,0,0,382,0,0,9536,0,0,0,0,0,0,0,0,11688,0,94,0,0,0,0,0,0,0,0,10882,0,12573,0,8626,0,137,11607,5532
2022-11-02,US,1127864,0,0,0,0,0,0,0,0,0,0,0,0,0,0,0,0,0,0,0,0,2523,0,0,0,73557,0,0,0,0,0,0,0,0,0,18,0,965,0,0,0,730525,9851,0,427,36,0,0,0,0,0,0,0,0,38,0,0,0,0,0,93770,0,0,0,0,0,0,0,0,0,0,0,0,0,0,0,766,76660,0,0,0,0,65742,0,0,0,0,0,0,0,31,218,107,0,0,380,0,0,10335,0,0,0,0,0,0,0,0,11971,0,95,0,0,0,0,0,0,0,0,10992,0,12532,0,8420,0,133,12255,5517
2022-11-03,US,1130096,0,0,0,0,0,0,0,0,0,0,0,0,0,0,0,0,0,0,0,0,2549,0,0,0,79016,0,0,0,0,0,0,0,0,0,19,0,952,0,0,0,720785,9930,0,520,36,0,0,0,0,0,0,0,0,38,0,0,0,0,0,99079,0,0,0,0,0,0,0,0,0,0,0,0,0,0,0,862,75291,0,0,0,0,66449,0,0,0,0,0,0,0,31,220,108,0,0,378,0,0,11137,0,0,0,0,0,0,0,0,12255,0,96,0,0,0,0,0,0,0,0,11102,0,12491,0,8214,0,128,12907,5503
2022-11-04,US,1132329,0,0,0,0,0,0,0,0,0,0,0,0,0,0,0,0,0,0,0,0,2574,0,0,0,84496,0,0,0,0,0,0,0,0,0,19,0,939,0,0,0,711001,10009,0,613,36,0,0,0,0,0,0,0,0,38,0,0,0,0,0,104409,0,0,0,0,0,0,0,0,0,0,0,0,0,0,0,958,73917,0,0,0,0,67158,0,0,0,0,0,0,0,32,222,109,0,0,375,0,0,11942,0,0,0,0,0,0,0,0,12540,0,97,0,0,0,0,0,0,0,0,11213,0,12450,0,8006,0,124,13561,5488
2022-11-05,US,1134561,0,0,0,0,0,0,0,0,0,0,0,0,0,0,0,0,0,0,0,0,2600,0,0,0,89997,0,0,0,0,0,0,0,0,0,19,0,926,0,0,0,701173,10089,0,707,36,0,0,0,0,0,0,0,0,38,0,0,0,0,0,109760,0,0,0,0,0,0,0,0,0,0,0,0,0,0,0,1054,72537,0,0,0,0,67870,0,0,0,0,0,0,0,32,224,110,0,0,373,0,0,12750,0,0,0,0,0,0,0,0,12826,0,98,0,0,0,0,0,0,0,0,11324,0,12408,0,7798,0,120,14217,5474
2022-11-06,US,1137982,0,0,0,0,0,0,0,0,0,0,0,0,0,0,0,0,0,0,0,0,2629,0,0,0,95619,0,0,0,0,0,0,0,0,0,19,0,914,0,0,0,692024,10180,0,801,37,0,0,0,0,0,0,0,0,39,0,0,0,0,0,115250,0,0,0,0,0,0,0,0,0,0,0,0,0,0,0,1152,71225,0,0,0,0,68655,0,0,0,0,0,0,0,32,227,111,0,0,372,0,0,13575,0,0,0,0,0,0,0,0,13127,0,98,0,0,0,0,0,0,0,0,11447,0,12379,0,7597,0,116,14891,5465
2022-11-07,US,1141403,0,0,0,0,0,0,0,0,0,0,0,0,0,0,0,0,0,0,0,0,2658,0,0,0,101273,0,0,0,0,0,0,0,0,0,19,0,902,0,0,0,682806,10271,0,897,37,0,0,0,0,0,0,0,0,39,0,0,0,0,0,120772,0,0,0,0,0,0,0,0,0,0,0,0,0,0,0,1251,69904,0,0,0,0,69444,0,0,0,0,0,0,0,33,229,112,0,0,370,0,0,14405,0,0,0,0,0,0,0,0,13430,0,99,0,0,0,0,0,0,0,0,11571,0,12350,0,7394,0,112,15569,5456
2022-11-08,US,1144823,0,0,0,0,0,0,0,0,0,0,0,0,0,0,0,0,0,0,0,0,2687,0,0,0,106959,0,0,0,0,0,0,0,0,0,19,0,890,0,0,0,673521,10362,0,992,37,0,0,0,0,0,0,0,0,39,0,0,0,0,0,126325,0,0,0,0,0,0,0,0,0,0,0,0,0,0,0,1350,68574,0,0,0,0,70237,0,0,0,0,0,0,0,33,232,113,0,0,368,0,0,15240,0,0,0,0,0,0,0,0,13734,0,100,0,0,0,0,0,0,0,0,11696,0,12320,0,7190,0,108,16251,5446
2022-11-09,US,1148244,0,0,0,0,0,0,0,0,0,0,0,0,0,0,0,0,0,0,0,0,2716,0,0,0,112678,0,0,0,0,0,0,0,0,0,19,0,877,0,0,0,664169,10454,0,1089,37,0,0,0,0,0,0,0,0,39,0,0,0,0,0,131908,0,0,0,0,0,0,0,0,0,0,0,0,0,0,0,1449,67234,0,0,0,0,71033,0,0,0,0,0,0,0,33,234,114,0,0,366,0,0,16080,0,0,0,0,0,0,0,0,14039,0,101,0,0,0,0,0,0,0,0,11820,0,12290,0,6985,0,103,16937,5437
2022-11-10,US,1151664,0,0,0,0,0,0,0,0,0,0,0,0,0,0,0,0,0,0,0,0,2745,0,0,0,118428,0,0,0,0,0,0,0,0,0,19,0,865,0,0,0,654748,10546,0,1186,38,0,0,0,0,0,0,0,0,40,0,0,0,0,0,137523,0,0,0,0,0,0,0,0,0,0,0,0,0,0,0,1550,65886,0,0,0,0,71832,0,0,0,0,0,0,0,34,237,115,0,0,365,0,0,16924,0,0,0,0,0,0,0,0,14346,0,102,0,0,0,0,0,0,0,0,11946,0,12260,0,6778,0,99,17626,5427
2022-11-11,US,1155085,0,0,0,0,0,0,0,0,0,0,0,0,0,0,0,0,0,0,0,0,2775,0,0,0,124211,0,0,0,0,0,0,0,0,0,19,0,852,0,0,0,645260,10639,0,1283,38,0,0,0,0,0,0,0,0,40,0,0,0,0,0,143169,0,0,0,0,0,0,0,0,0,0,0,0,0,0,0,1650,64528,0,0,0,0,72635,0,0,0,0,0,0,0,34,239,116,0,0,363,0,0,17774,0,0,0,0,0,0,0,0,14655,0,103,0,0,0,0,0,0,0,0,12072,0,12229,0,6570,0,95,18320,5417
2022-11-12,US,1158505,0,0,0,0,0,0,0,0,0,0,0,0,0,0,0,0,0,0,0,0,2804,0,0,0,130026,0,0,0,0,0,0,0,0,0,19,0,839,0,0,0,635704,10732,0,1381,38,0,0,0,0,0,0,0,0,40,0,0,0,0,0,148845,0,0,0,0,0,0,0,0,0,0,0,0,0,0,0,1752,63161,0,0,0,0,73442,0,0,0,0,0,0,0,35,242,117,0,0,361,0,0,18627,0,0,0,0,0,0,0,0,14965,0,104,0,0,0,0,0,0,0,0,12198,0,12197,0,6361,0,91,19017,5407
2022-11-13,US,1174932,0,0,0,0,0,0,0,0,0,0,0,0,0,0,0,0,0,0,0,0,2865,0,0,0,137393,0,0,0,0,0,0,0,0,0,20,0,836,0,0,0,633089,10946,0,1497,39,0,0,0,0,0,0,0,0,41,0,0,0,0,0,156283,0,0,0,0,0,0,0,0,0,0,0,0,0,0,0,1874,62476,0,0,0,0,75083,0,0,0,0,0,0,0,35,247,120,0,0,363,0,0,19704,0,0,0,0,0,0,0,0,15448,0,106,0,0,0,0,0,0,0,0,12463,0,12302,0,6219,0,87,19938,5457
2022-11-14,US,1191358,0,0,0,0,0,0,0,0,0,0,0,0,0,0,0,0,0,0,0,0,2927,0,0,0,144916,0,0,0,0,0,0,0,0,0,20,0,832,0,0,0,630148,11162,0,1614,40,0,0,0,0,0,0,0,0,41,0,0,0,0,0,163870,0,0,0,0,0,0,0,0,0,0,0,0,0,0,0,2000,61747,0,0,0,0,76741,0,0,0,0,0,0,0,36,252,122,0,0,365,0,0,20803,0,0,0,0,0,0,0,0,15938,0,108,0,0,0,0,0,0,0,0,12731,0,12404,0,6071,0,84,20878,5507
2022-11-15,US,1207784,0,0,0,0,0,0,0,0,0,0,0,0,0,0,0,0,0,0,0,0,2990,0,0,0,152592,0,0,0,0,0,0,0,0,0,20,0,827,0,0,0,626883,11380,0,1735,40,0,0,0,0,0,0,0,0,42,0,0,0,0,0,171605,0,0,0,0,0,0,0,0,0,0,0,0,0,0,0,2128,60974,0,0,0,0,78415,0,0,0,0,0,0,0,37,258,124,0,0,368,0,0,21925,0,0,0,0,0,0,0,0,16436,0,110,0,0,0,0,0,0,0,0,13001,0,12505,0,5916,0,80,21836,5556
2022-11-16,US,1224211,0,0,0,0,0,0,0,0,0,0,0,0,0,0,0,0,0,0,0,0,3053,0,0,0,160423,0,0,0,0,0,0,0,0,0,21,0,823,0,0,0,623292,11599,0,1858,41,0,0,0,0,0,0,0,0,43,0,0,0,0,0,179489,0,0,0,0,0,0,0,0,0,0,0,0,0,0,0,2259,60157,0,0,0,0,80106,0,0,0,0,0,0,0,38,263,127,0,0,369,0,0,23070,0,0,0,0,0,0,0,0,16942,0,112,0,0,0,0,0,0,0,0,13274,0,12604,0,5754,0,76,22813,5604
2022-11-17,US,1240637,0,0,0,0,0,0,0,0,0,0,0,0,0,0,0,0,0,0,0,0,3117,0,0,0,168409,0,0,0,0,0,0,0,0,0,21,0,817,0,0,0,619376,11821,0,1984,42,0,0,0,0,0,0,0,0,44,0,0,0,0,0,187523,0,0,0,0,0,0,0,0,0,0,0,0,0,0,0,2392,59295,0,0,0,0,81815,0,0,0,0,0,0,0,38,269,129,0,0,371,0,0,24238,0,0,0,0,0,0,0,0,17455,0,115,0,0,0,0,0,0,0,0,13549,0,12700,0,5587,0,73,23807,5651
2022-11-18,US,1257063,0,0,0,0,0,0,0,0,0,0,0,0,0,0,0,0,0,0,0,0,3181,0,0,0,176549,0,0,0,0,0,0,0,0,0,21,0,812,0,0,0,615135,12044,0,2113,43,0,0,0,0,0,0,0,0,44,0,0,0,0,0,195705,0,0,0,0,0,0,0,0,0,0,0,0,0,0,0,2529,58390,0,0,0,0,83539,0,0,0,0,0,0,0,39,274,132,0,0,373,0,0,25428,0,0,0,0,0,0,0,0,17976,0,117,0,0,0,0,0,0,0,0,13827,0,12795,0,5412,0,69,24820,5698
2022-11-19,US,1273489,0,0,0,0,0,0,0,0,0,0,0,0,0,0,0,0,0,0,0,0,3246,0,0,0,184843,0,0,0,0,0,0,0,0,0,22,0,805,0,0,0,610568,12269,0,2244,43,0,0,0,0,0,0,0,0,45,0,0,0,0,0,204036,0,0,0,0,0,0,0,0,0,0,0,0,0,0,0,2668,57440,0,0,0,0,85281,0,0,0,0,0,0,0,40,280,134,0,0,375,0,0,26641,0,0,0,0,0,0,0,0,18504,0,119,0,0,0,0,0,0,0,0,14107,0,12888,0,5232,0,64,25851,5744
2022-11-20,US,1307027,0,0,0,0,0,0,0,0,0,0,0,0,0,0,0,0,0,0,0,0,3356,0,0,0,195856,0,0,0,0,0,0,0,0,0,22,0,810,0,0,0,613711,12661,0,2409,45,0,0,0,0,0,0,0,0,46,0,0,0,0,0,215336,0,0,0,0,0,0,0,0,0,0,0,0,0,0,0,2847,57195,0,0,0,0,88194,0,0,0,0,0,0,0,41,289,138,0,0,381,0,0,28246,0,0,0,0,0,0,0,0,19292,0,123,0,0,0,0,0,0,0,0,14581,0,13151,0,5111,0,61,27257,5866
2022-11-21,US,1340564,0,0,0,0,0,0,0,0,0,0,0,0,0,0,0,0,0,0,0,0,3466,0,0,0,207184,0,0,0,0,0,0,0,0,0,23,0,813,0,0,0,616191,13057,0,2580,46,0,0,0,0,0,0,0,0,48,0,0,0,0,0,226939,0,0,0,0,0,0,0,0,0,0,0,0,0,0,0,3031,56859,0,0,0,0,91141,0,0,0,0,0,0,0,43,299,143,0,0,388,0,0,29898,0,0,0,0,0,0,0,0,20096,0,127,0,0,0,0,0,0,0,0,15060,0,13411,0,4978,0,57,28700,5986
2022-11-22,US,1374102,0,0,0,0,0,0,0,0,0,0,0,0,0,0,0,0,0,0,0,0,3578,0,0,0,218828,0,0,0,0,0,0,0,0,0,24,0,815,0,0,0,618006,13456,0,2756,47,0,0,0,0,0,0,0,0,49,0,0,0,0,0,238846,0,0,0,0,0,0,0,0,0,0,0,0,0,0,0,3222,56434,0,0,0,0,94123,0,0,0,0,0,0,0,44,308,147,0,0,394,0,0,31597,0,0,0,0,0,0,0,0,20916,0,130,0,0,0,0,0,0,0,0,15545,0,13666,0,4831,0,53,30180,6105
2022-11-23,US,1407639,0,0,0,0,0,0,0,0,0,0,0,0,0,0,0,0,0,0,0,0,3692,0,0,0,230787,0,0,0,0,0,0,0,0,0,24,0,816,0,0,0,619158,13859,0,2938,49,0,0,0,0,0,0,0,0,50,0,0,0,0,0,251058,0,0,0,0,0,0,0,0,0,0,0,0,0,0,0,3418,55918,0,0,0,0,97139,0,0,0,0,0,0,0,45,318,152,0,0,400,0,0,33341,0,0,0,0,0,0,0,0,21750,0,134,0,0,0,0,0,0,0,0,16035,0,13917,0,4671,0,49,31698,6222
2022-11-24,US,1441176,0,0,0,0,0,0,0,0,0,0,0,0,0,0,0,0,0,0,0,0,3806,0,0,0,243061,0,0,0,0,0,0,0,0,0,25,0,817,0,0,0,619646,14266,0,3125,50,0,0,0,0,0,0,0,0,52,0,0,0,0,0,263574,0,0,0,0,0,0,0,0,0,0,0,0,0,0,0,3619,55312,0,0,0,0,100189,0,0,0,0,0,0,0,47,328,156,0,0,406,0,0,35132,0,0,0,0,0,0,0,0,22600,0,138,0,0,0,0,0,0,0,0,16529,0,14165,0,4497,0,45,33253,6338
2022-11-25,US,1474714,0,0,0,0,0,0,0,0,0,0,0,0,0,0,0,0,0,0,0,0,3922,0,0,0,255651,0,0,0,0,0,0,0,0,0,25,0,816,0,0,0,619470,14676,0,3318,51,0,0,0,0,0,0,0,0,53,0,0,0,0,0,276393,0,0,0,0,0,0,0,0,0,0,0,0,0,0,0,3826,54616,0,0,0,0,103273,0,0,0,0,0,0,0,48,338,161,0,0,412,0,0,36970,0,0,0,0,0,0,0,0,23466,0,142,0,0,0,0,0,0,0,0,17030,0,14409,0,4311,0,40,34845,6453
2022-11-26,US,1508251,0,0,0,0,0,0,0,0,0,0,0,0,0,0,0,0,0,0,0,0,4038,0,0,0,268549,0,0,0,0,0,0,0,0,0,26,0,815,0,0,0,618616,15089,0,3516,53,0,0,0,0,0,0,0,0,54,0,0,0,0,0,289510,0,0,0,0,0,0,0,0,0,0,0,0,0,0,0,4038,53828,0,0,0,0,106389,0,0,0,0,0,0,0,50,348,165,0,0,418,35,0,38852,0,0,0,0,0,0,0,0,24347,0,146,0,0,0,0,0,0,0,0,17535,0,14648,0,4111,0,35,36473,6565
2022-11-27,US,1563935,0,0,0,0,0,0,0,0,0,0,0,0,0,0,0,0,0,0,0,0,4204,0,0,0,286668,0,0,0,0,0,0,0,0,0,27,0,836,0,0,0,629273,15599,0,5726,55,0,0,0,0,0,0,0,0,57,0,0,0,0,0,303627,0,0,0,0,0,0,0,0,0,0,0,0,0,0,0,4423,54462,0,0,0,0,109122,0,0,0,0,0,0,0,52,358,172,0,0,444,38,0,41253,0,0,0,0,0,0,0,0,25069,0,153,0,0,0,0,0,0,0,0,17972,0,15020,0,4172,0,38,38376,6741
2022-11-28,US,1619620,0,0,0,0,0,0,0,0,0,0,0,0,0,0,0,0,0,0,0,0,4371,0,0,0,305370,0,0,0,0,0,0,0,0,0,28,0,856,0,0,0,639061,16106,0,8083,57,0,0,0,0,0,0,0,0,59,0,0,0,0,0,317989,0,0,0,0,0,0,0,0,0,0,0,0,0,0,0,4825,54998,0,0,0,0,111771,0,0,0,0,0,0,0,54,368,179,0,0,472,41,0,43722,0,0,0,0,0,0,0,0,25778,0,159,0,0,0,0,0,0,0,0,18394,0,15380,0,4226,0,41,40317,6911
2022-11-29,US,1675304,0,0,0,0,0,0,0,0,0,0,0,0,0,0,0,0,0,0,0,0,4539,0,0,0,324658,0,0,0,0,0,0,0,0,0,29,0,875,0,0,0,647981,16610,0,10589,59,0,0,0,0,0,0,0,0,61,0,0,0,0,0,332594,0,0,0,0,0,0,0,0,0,0,0,0,0,0,0,5243,55438,0,0,0,0,114334,0,0,0,0,0,0,0,56,378,187,0,0,500,44,0,46260,0,0,0,0,0,0,0,0,26475,0,165,0,0,0,0,0,0,0,0,18802,0,15728,0,4274,0,44,42299,7077
2022-11-30,US,1730988,0,0,0,0,0,0,0,0,0,0,0,0,0,0,0,0,0,0,0,0,4709,0,0,0,344531,0,0,0,0,0,0,0,0,0,30,0,894,0,0,0,656032,17111,0,13244,61,0,0,0,0,0,0,0,0,63,0,0,0,0,0,347444,0,0,0,0,0,0,0,0,0,0,0,0,0,0,0,5679,55782,0,0,0,0,116813,0,0,0,0,0,0,0,59,388,194,0,0,529,48,0,48868,0,0,0,0,0,0,0,0,27159,0,172,0,0,0,0,0,0,0,0,19194,0,16064,0,4315,0,48,44320,7238
2022-12-01,US,1786672,0,0,0,0,0,0,0,0,0,0,0,0,0,0,0,0,0,0,0,0,4879,0,0,0,364989,0,0,0,0,0,0,0,0,0,31,0,911,0,0,0,663215,17608,0,16046,63,0,0,0,0,0,0,0,0,66,0,0,0,0,0,362539,0,0,0,0,0,0,0,0,0,0,0,0,0,0,0,6131,56029,0,0,0,0,119206,0,0,0,0,0,0,0,61,398,201,0,0,559,52,0,51544,0,0,0,0,0,0,0,0,27831,0,178,0,0,0,0,0,0,0,0,19571,0,16388,0,4350,0,52,46381,7394
2022-12-02,US,1842356,0,0,0,0,0,0,0,0,0,0,0,0,0,0,0,0,0,0,0,0,5051,0,0,0,386031,0,0,0,0,0,0,0,0,0,32,0,929,0,0,0,669529,18102,0,18997,66,0,0,0,0,0,0,0,0,68,0,0,0,0,0,377878,0,0,0,0,0,0,0,0,0,0,0,0,0,0,0,6600,56180,0,0,0,0,121514,0,0,0,0,0,0,0,63,407,208,0,0,590,55,0,54288,0,0,0,0,0,0,0,0,28490,0,185,0,0,0,0,0,0,0,0,19934,0,16700,0,4378,0,55,48481,7546
2022-12-03,US,1898040,0,0,0,0,0,0,0,0,0,0,0,0,0,0,0,0,0,0,0,0,5224,0,0,0,407659,0,0,0,0,0,0,0,0,0,33,0,945,0,0,0,674974,18592,0,22096,68,0,0,0,0,0,0,0,0,70,0,0,0,0,0,393462,0,0,0,0,0,0,0,0,0,0,0,0,0,0,0,7085,56234,0,0,0,0,123736,0,0,0,0,0,0,0,66,416,216,0,0,622,59,0,57102,0,0,0,0,0,0,0,0,29137,0,191,0,0,0,0,0,0,0,0,20281,0,17000,0,4400,0,59,50621,7693
2022-12-04,US,1911902,0,0,0,0,0,0,0,0,0,0,0,0,0,0,0,0,0,0,0,0,5282,0,0,0,420670,0,0,0,0,0,0,0,0,0,34,0,940,0,0,0,665003,18671,0,24801,69,0,0,0,0,0,0,0,0,71,0,0,0,0,0,400529,0,0,0,0,0,0,0,0,0,0,0,0,0,0,0,7426,54988,0,0,0,0,123180,0,0,0,0,0,0,0,66,416,219,0,0,640,62,0,58701,0,0,0,0,0,0,0,0,29133,0,194,0,0,0,0,0,0,0,0,20172,0,16917,0,4320,0,62,51670,7667
2022-12-05,US,1925765,0,0,0,0,0,0,0,0,0,0,0,0,0,0,0,0,0,0,0,0,5341,0,0,0,433827,0,0,0,0,0,0,0,0,0,34,0,936,0,0,0,654815,18749,0,27543,69,0,0,0,0,0,0,0,0,72,0,0,0,0,0,407657,0,0,0,0,0,0,0,0,0,0,0,0,0,0,0,7770,53719,0,0,0,0,122601,0,0,0,0,0,0,0,67,416,221,0,0,659,64,0,60317,0,0,0,0,0,0,0,0,29127,0,196,0,0,0,0,0,0,0,0,20060,0,16832,0,4239,0,64,52729,7640
2022-12-06,US,1939627,0,0,0,0,0,0,0,0,0,0,0,0,0,0,0,0,0,0,0,0,5401,0,0,0,447131,0,0,0,0,0,0,0,0,0,34,0,930,0,0,0,644410,18826,0,30323,70,0,0,0,0,0,0,0,0,72,0,0,0,0,0,414846,0,0,0,0,0,0,0,0,0,0,0,0,0,0,0,8118,52425,0,0,0,0,122002,0,0,0,0,0,0,0,68,416,224,0,0,677,67,0,61950,0,0,0,0,0,0,0,0,29117,0,199,0,0,0,0,0,0,0,0,19943,0,16744,0,4157,0,67,53798,7612
2022-12-07,US,1953489,0,0,0,0,0,0,0,0,0,0,0,0,0,0,0,0,0,0,0,0,5460,0,0,0,460581,0,0,0,0,0,0,0,0,0,35,0,925,0,0,0,633788,18902,0,33139,71,0,0,0,0,0,0,0,0,73,0,0,0,0,0,422096,0,0,0,0,0,0,0,0,0,0,0,0,0,0,0,8471,51107,0,0,0,0,121381,0,0,0,0,0,0,0,69,415,227,0,0,696,70,0,63600,0,0,0,0,0,0,0,0,29104,0,201,0,0,0,0,0,0,0,0,19823,0,16653,0,4073,0,70,54877,7582
2022-12-08,US,1967352,0,0,0,0,0,0,0,0,0,0,0,0,0,0,0,0,0,0,0,0,5520,0,0,0,474177,0,0,0,0,0,0,0,0,0,35,0,920,0,0,0,622948,18977,0,35992,72,0,0,0,0,0,0,0,0,74,0,0,0,0,0,429407,0,0,0,0,0,0,0,0,0,0,0,0,0,0,0,8828,49765,0,0,0,0,120739,0,0,0,0,0,0,0,70,415,230,0,0,715,73,0,65268,0,0,0,0,0,0,0,0,29088,0,203,0,0,0,0,0,0,0,0,19700,0,16558,0,3987,0,73,55966,7552
2022-12-09,US,1981214,0,0,0,0,0,0,0,0,0,0,0,0,0,0,0,0,0,0,0,0,5580,0,0,0,487919,0,0,0,0,0,0,0,0,0,35,0,914,0,0,0,611892,19052,0,38883,72,0,0,0,0,0,0,0,0,75,0,0,0,0,0,436780,0,0,0,0,0,0,0,0,0,0,0,0,0,0,0,9189,48399,0,0,0,0,120076,0,0,0,0,0,0,0,71,415,233,0,0,735,75,0,66952,0,0,0,0,0,0,0,0,29069,0,206,0,0,0,0,0,0,0,0,19572,0,16461,0,3900,0,75,57065,7520
2022-12-10,US,1995076,0,0,0,0,0,0,0,0,0,0,0,0,0,0,0,0,0,0,0,0,5640,0,0,0,501808,0,0,0,0,0,0,0,0,0,36,0,909,0,0,0,600618,19126,0,41810,73,0,0,0,0,0,0,0,0,75,0,0,0,0,0,444213,0,0,0,0,0,0,0,0,0,0,0,0,0,0,0,9554,47009,0,0,0,0,119391,0,0,0,0,0,0,0,72,414,235,0,0,754,78,0,68654,0,0,0,0,0,0,0,0,29047,0,208,0,0,0,0,0,0,0,0,19441,0,16361,0,3811,0,78,58174,7487
2022-12-11,US,2007146,0,0,0,0,0,0,0,0,0,0,0,0,0,0,0,0,0,0,0,0,5696,0,0,0,515383,0,0,0,0,0,0,0,0,0,36,0,902,0,0,0,588601,19181,0,44735,74,0,0,0,0,0,0,0,0,76,0,0,0,0,0,451305,0,0,0,0,0,0,0,0,0,0,0,0,0,0,0,9915,45553,0,0,0,0,118579,0,0,0,0,0,0,0,73,413,238,0,0,773,81,0,70311,0,0,0,0,0,0,0,0,28995,0,211,0,0,0,0,0,0,0,0,19288,0,16243,0,3717,0,81,59239,7446
2022-12-12,US,2019217,0,0,0,0,0,0,0,0,0,0,0,0,0,0,0,0,0,0,0,0,5752,0,0,0,529086,0,0,0,0,0,0,0,0,0,36,0,895,0,0,0,576395,19237,0,47692,75,0,0,0,0,0,0,0,0,77,0,0,0,0,0,458450,0,0,0,0,0,0,0,0,0,0,0,0,0,0,0,10279,44077,0,0,0,0,117749,0,0,0,0,0,0,0,74,412,241,0,0,793,84,0,71982,0,0,0,0,0,0,0,0,28941,0,213,0,0,0,0,0,0,0,0,19133,0,16122,0,3621,0,84,60314,7404
2022-12-13,US,2031287,0,0,0,0,0,0,0,0,0,0,0,0,0,0,0,0,0,0,0,0,5808,0,0,0,542916,0,0,0,0,0,0,0,0,0,37,0,888,0,0,0,563999,19291,0,50681,75,0,0,0,0,0,0,0,0,77,0,0,0,0,0,465649,0,0,0,0,0,0,0,0,0,0,0,0,0,0,0,10647,42580,0,0,0,0,116900,0,0,0,0,0,0,0,75,412,243,0,0,812,87,0,73669,0,0,0,0,0,0,0,0,28884,0,215,0,0,0,0,0,0,0,0,18974,0,15999,0,3525,0,87,61397,7361
2022-12-14,US,2043357,0,0,0,0,0,0,0,0,0,0,0,0,0,0,0,0,0,0,0,0,5864,0,0,0,556873,0,0,0,0,0,0,0,0,0,37,0,881,0,0,0,551414,19344,0,53703,76,0,0,0,0,0,0,0,0,78,0,0,0,0,0,472901,0,0,0,0,0,0,0,0,0,0,0,0,0,0,0,11019,41062,0,0,0,0,116032,0,0,0,0,0,0,0,76,411,246,0,0,832,89,0,75370,0,0,0,0,0,0,0,0,28825,0,218,0,0,0,0,0,0,0,0,18812,0,15874,0,3426,0,89,62488,7317
2022-12-15,US,2055428,0,0,0,0,0,0,0,0,0,0,0,0,0,0,0,0,0,0,0,0,5921,0,0,0,570958,0,0,0,0,0,0,0,0,0,37,0,874,0,0,0,538639,19397,0,56757,77,0,0,0,0,0,0,0,0,79,0,0,0,0,0,480206,0,0,0,0,0,0,0,0,0,0,0,0,0,0,0,11395,39522,0,0,0,0,115146,0,0,0,0,0,0,0,77,410,249,0,0,851,92,0,77087,0,0,0,0,0,0,0,0,28762,0,220,0,0,0,0,0,0,0,0,18647,0,15745,0,3327,0,92,63589,7272
2022-12-16,US,2067498,0,0,0,0,0,0,0,0,0,0,0,0,0,0,0,0,0,0,0,0,5977,0,0,0,585171,0,0,0,0,0,0,0,0,0,37,0,866,0,0,0,525675,19449,0,59844,77,0,0,0,0,0,0,0,0,79,0,0,0,0,0,487564,0,0,0,0,0,0,0,0,0,0,0,0,0,0,0,11774,37962,0,0,0,0,114242,0,0,0,0,0,0,0,77,409,251,0,0,871,95,0,78819,0,0,0,0,0,0,0,0,28697,0,223,0,0,0,0,0,0,0,0,18478,0,15614,0,3226,0,95,64698,7226
2022-12-17,US,2079569,0,0,0,0,0,0,0,0,0,0,0,0,0,0,0,0,0,0,0,0,6035,0,0,0,599512,0,0,0,0,0,0,0,0,0,38,0,858,0,0,0,512522,19501,0,62962,78,0,0,0,0,0,0,0,0,80,0,0,0,0,0,494976,0,0,0,0,0,0,0,0,0,0,0,0,0,0,0,12156,36380,0,0,0,0,113318,0,0,0,0,0,0,0,78,407,254,0,0,891,98,0,80565,0,0,0,0,0,0,0,0,28629,0,225,0,0,0,0,0,0,0,0,18306,0,15481,0,3123,0,98,65815,7179
2022-12-18,US,2106175,0,0,0,0,0,0,0,0,0,0,0,0,0,0,0,0,0,0,0,0,6134,0,0,0,618246,0,0,0,0,0,0,0,0,0,38,0,857,0,0,0,502648,19687,0,66573,79,0,0,0,0,0,0,0,0,81,0,0,0,0,0,505933,0,0,0,0,0,0,0,0,0,0,0,0,0,0,0,12630,35019,0,0,0,0,113158,0,0,0,0,0,0,0,80,409,259,0,0,918,102,0,82899,0,0,0,0,0,0,0,0,28757,0,229,0,0,0,0,0,0,0,0,18257,0,15451,0,3041,0,102,67407,7181
2022-12-19,US,2132781,0,0,0,0,0,0,0,0,0,0,0,0,0,0,0,0,0,0,0,0,6235,0,0,0,637262,0,0,0,0,0,0,0,0,0,39,0,854,0,0,0,492357,19872,0,70255,81,0,0,0,0,0,0,0,0,83,0,0,0,0,0,517007,0,0,0,0,0,0,0,0,0,0,0,0,0,0,0,13111,33612,0,0,0,0,112956,0,0,0,0,0,0,0,81,411,263,0,0,945,106,0,85266,0,0,0,0,0,0,0,0,28879,0,233,0,0,0,0,0,0,0,0,18201,0,15416,0,2955,0,106,69017,7180
2022-12-20,US,2159388,0,0,0,0,0,0,0,0,0,0,0,0,0,0,0,0,0,0,0,0,6335,0,0,0,656557,0,0,0,0,0,0,0,0,0,39,0,852,0,0,0,481651,20056,0,74007,82,0,0,0,0,0,0,0,0,84,0,0,0,0,0,528198,0,0,0,0,0,0,0,0,0,0,0,0,0,0,0,13601,32159,0,0,0,0,112713,0,0,0,0,0,0,0,83,412,268,0,0,972,109,0,87665,0,0,0,0,0,0,0,0,28995,0,237,0,0,0,0,0,0,0,0,18137,0,15375,0,2865,0,109,70646,7177
2022-12-21,US,2185994,0,0,0,0,0,0,0,0,0,0,0,0,0,0,0,0,0,0,0,0,6437,0,0,0,676134,0,0,0,0,0,0,0,0,0,40,0,849,0,0,0,470527,20238,0,77831,83,0,0,0,0,0,0,0,0,85,0,0,0,0,0,539507,0,0,0,0,0,0,0,0,0,0,0,0,0,0,0,14099,30659,0,0,0,0,112430,0,0,0,0,0,0,0,84,414,272,0,0,1000,113,0,90098,0,0,0,0,0,0,0,0,29105,0,241,0,0,0,0,0,0,0,0,18067,0,15328,0,2773,0,113,72295,7171
2022-12-22,US,2212600,0,0,0,0,0,0,0,0,0,0,0,0,0,0,0,0,0,0,0,0,6539,0,0,0,695990,0,0,0,0,0,0,0,0,0,41,0,846,0,0,0,458988,20418,0,81726,85,0,0,0,0,0,0,0,0,87,0,0,0,0,0,550932,0,0,0,0,0,0,0,0,0,0,0,0,0,0,0,14604,29113,0,0,0,0,112106,0,0,0,0,0,0,0,86,415,277,0,0,1028,117,0,92564,0,0,0,0,0,0,0,0,29208,0,245,0,0,0,0,0,0,0,0,17989,0,15275,0,2678,0,117,73962,7164
2022-12-23,US,2239207,0,0,0,0,0,0,0,0,0,0,0,0,0,0,0,0,0,0,0,0,6641,0,0,0,716127,0,0,0,0,0,0,0,0,0,41,0,843,0,0,0,447032,20596,0,85692,86,0,0,0,0,0,0,0,0,88,0,0,0,0,0,562475,0,0,0,0,0,0,0,0,0,0,0,0,0,0,0,15118,27521,0,0,0,0,111741,0,0,0,0,0,0,0,87,416,282,0,0,1057,121,0,95063,0,0,0,0,0,0,0,0,29306,0,249,0,0,0,0,0,0,0,0,17904,0,15217,0,2579,0,121,75649,7154
2022-12-24,US,2265813,0,0,0,0,0,0,0,0,0,0,0,0,0,0,0,0,0,0,0,0,6737,0,0,0,735758,0,0,0,0,0,0,0,0,0,42,0,838,0,0,0,434195,20751,0,89633,87,0,0,0,0,0,0,0,0,89,0,0,0,0,0,573522,0,0,0,0,0,0,0,0,0,0,0,0,0,0,0,15623,25855,0,0,0,83,111216,0,0,0,0,0,0,0,89,417,286,0,0,1085,125,0,97491,0,0,0,0,0,0,0,0,29366,0,253,0,42,0,0,0,42,626,0,17792,0,15137,0,2475,1627,125,77271,7134
2022-12-25,US,2287490,0,0,0,0,0,0,0,0,0,0,0,0,0,0,0,0,0,0,0,0,6902,0,0,0,744012,0,0,0,0,0,0,0,0,0,42,0,835,0,0,0,429011,20662,0,108829,88,0,0,0,0,0,0,0,0,90,0,0,0,0,0,573169,0,0,0,0,0,0,0,0,0,0,0,0,0,0,0,16349,25401,0,0,0,86,109934,0,0,0,0,0,0,0,90,416,290,0,0,1080,129,0,98365,0,0,0,0,0,0,0,0,29101,0,257,0,87,0,0,0,44,770,0,17599,0,15091,0,2427,1849,124,77230,7131
2022-12-26,US,2309166,0,0,0,0,0,0,0,0,0,0,0,0,0,0,0,0,0,0,0,0,7068,0,0,0,752289,0,0,0,0,0,0,0,0,0,43,0,831,0,0,0,423650,20567,0,128372,89,0,0,0,0,0,0,0,0,91,0,0,0,0,0,572705,0,0,0,0,0,0,0,0,0,0,0,0,0,0,0,17085,24934,0,0,0,88,108607,0,0,0,0,0,0,0,92,416,295,0,0,1075,132,0,99238,0,0,0,0,0,0,0,0,28825,0,261,0,133,0,0,0,46,917,0,17398,0,15042,0,2377,2075,122,77174,7127
2022-12-27,US,2330843,0,0,0,0,0,0,0,0,0,0,0,0,0,0,0,0,0,0,0,0,7237,0,0,0,760589,0,0,0,0,0,0,0,0,0,44,0,828,0,0,0,418112,20467,0,148263,91,0,0,0,0,0,0,0,0,92,0,0,0,0,0,572130,0,0,0,0,0,0,0,0,0,0,0,0,0,0,0,17833,24454,0,0,0,90,107235,0,0,0,0,0,0,0,93,415,299,0,0,1070,136,0,100110,0,0,0,0,0,0,0,0,28539,0,264,0,181,0,0,0,49,1067,0,17191,0,14989,0,2326,2305,120,77103,7121
2022-12-28,US,2352519,0,0,0,0,0,0,0,0,0,0,0,0,0,0,0,0,0,0,0,0,7407,0,0,0,768912,0,0,0,0,0,0,0,0,0,45,0,824,0,0,0,412397,20361,0,168503,92,0,0,0,0,0,0,0,0,94,0,0,0,0,0,571445,0,0,0,0,0,0,0,0,0,0,0,0,0,0,0,18591,23960,0,0,0,93,105819,0,0,0,0,0,0,0,94,414,303,0,0,1065,140,0,100981,0,0,0,0,0,0,0,0,28243,0,268,0,228,0,0,0,51,1220,0,16976,0,14932,0,2274,2539,118,77017,7114
2022-12-29,US,2374196,0,0,0,0,0,0,0,0,0,0,0,0,0,0,0,0,0,0,0,0,7579,0,0,0,777258,0,0,0,0,0,0,0,0,0,45,0,820,0,0,0,406505,20250,0,189090,93,0,0,0,0,0,0,0,0,95,0,0,0,0,0,570648,0,0,0,0,0,0,0,0,0,0,0,0,0,0,0,19361,23453,0,0,0,95,104358,0,0,0,0,0,0,0,96,413,307,0,0,1059,143,0,101851,0,0,0,0,0,0,0,0,27936,0,272,0,277,0,0,0,54,1375,0,16755,0,14872,0,2220,2777,117,76916,7106
2022-12-30,US,2395872,0,0,0,0,0,0,0,0,0,0,0,0,0,0,0,0,0,0,0,0,7753,0,0,0,785627,0,0,0,0,0,0,0,0,0,46,0,815,0,0,0,400435,20133,0,210026,94,0,0,0,0,0,0,0,0,96,0,0,0,0,0,569741,0,0,0,0,0,0,0,0,0,0,0,0,0,0,0,20141,22933,0,0,0,98,102853,0,0,0,0,0,0,0,97,412,311,0,0,1053,147,0,102720,0,0,0,0,0,0,0,0,27619,0,275,0,327,0,0,0,56,1532,0,16526,0,14809,0,2165,3019,115,76801,7097
2022-12-31,US,2417549,0,0,0,0,0,0,0,0,0,0,0,0,0,0,0,0,0,0,0,0,7929,0,0,0,794020,0,0,0,0,0,0,0,0,0,47,0,811,0,0,0,394188,20011,0,231310,95,0,0,0,0,0,0,0,0,97,0,0,0,0,0,568723,0,0,0,0,0,0,0,0,0,0,0,0,0,0,0,20932,22399,0,0,0,100,101303,0,0,0,0,0,0,0,99,410,316,0,0,1046,151,0,103588,0,0,0,0,0,0,0,0,27291,0,279,0,378,0,0,0,59,1693,0,16291,0,14741,0,2108,3265,113,76670,7086
2023-01-01,US,2387520,0,0,0,0,0,0,0,0,0,0,0,0,0,0,0,0,0,0,0,0,7935,0,0,0,785425,0,0,0,0,0,0,0,0,0,46,0,789,0,0,0,379544,19462,0,247580,94,0,0,0,0,0,0,0,0,96,0,0,0,0,0,555562,0,0,0,0,0,0,0,0,0,0,0,0,0,0,0,21274,21389,0,0,0,100,97595,0,0,0,0,0,0,0,98,400,313,0,0,1018,152,0,102240,0,0,0,0,0,0,0,0,26382,0,277,0,420,0,0,0,60,1816,0,15709,0,14360,0,2007,3440,109,74903,6923
2023-01-02,US,2357491,0,0,0,0,0,0,0,0,0,0,0,0,0,0,0,0,0,0,0,0,7939,0,0,0,776799,0,0,0,0,0,0,0,0,0,46,0,767,0,0,0,365145,18921,0,263369,93,0,0,0,0,0,0,0,0,95,0,0,0,0,0,542555,0,0,0,0,0,0,0,0,0,0,0,0,0,0,0,21600,20397,0,0,0,101,93949,0,0,0,0,0,0,0,97,390,311,0,0,990,152,0,100894,0,0,0,0,0,0,0,0,25487,0,275,0,461,0,0,0,61,1936,0,15136,0,13983,0,1908,3610,104,73156,6763
2023-01-03,US,2327462,0,0,0,0,0,0,0,0,0,0,0,0,0,0,0,0,0,0,0,0,7939,0,0,0,768141,0,0,0,0,0,0,0,0,0,46,0,746,0,0,0,350991,18387,0,278677,93,0,0,0,0,0,0,0,0,94,0,0,0,0,0,529701,0,0,0,0,0,0,0,0,0,0,0,0,0,0,0,21911,19424,0,0,0,101,90364,0,0,0,0,0,0,0,97,381,308,0,0,962,153,0,99549,0,0,0,0,0,0,0,0,24607,0,272,0,501,0,0,0,63,2052,0,14573,0,13611,0,1810,3774,100,71430,6605
2023-01-04,US,2297433,0,0,0,0,0,0,0,0,0,0,0,0,0,0,0,0,0,0,0,0,7938,0,0,0,759451,0,0,0,0,0,0,0,0,0,45,0,725,0,0,0,337082,17860,0,293503,92,0,0,0,0,0,0,0,0,93,0,0,0,0,0,517000,0,0,0,0,0,0,0,0,0,0,0,0,0,0,0,22207,18469,0,0,0,101,86841,0,0,0,0,0,0,0,96,371,305,0,0,934,153,0,98206,0,0,0,0,0,0,0,0,23740,0,270,0,540,0,0,0,64,2165,0,14019,0,13244,0,1714,3933,96,69724,6448
2023-01-05,US,2267404,0,0,0,0,0,0,0,0,0,0,0,0,0,0,0,0,0,0,0,0,7933,0,0,0,750729,0,0,0,0,0,0,0,0,0,45,0,705,0,0,0,323418,17341,0,307849,91,0,0,0,0,0,0,0,0,92,0,0,0,0,0,504452,0,0,0,0,0,0,0,0,0,0,0,0,0,0,0,22488,17533,0,0,0,101,83379,0,0,0,0,0,0,0,95,362,303,0,0,907,154,0,96865,0,0,0,0,0,0,0,0,22888,0,268,0,577,0,0,0,65,2274,0,13475,0,12882,0,1621,4086,92,68039,6293
2023-01-06,US,2237374,0,0,0,0,0,0,0,0,0,0,0,0,0,0,0,0,0,0,0,0,7926,0,0,0,741976,0,0,0,0,0,0,0,0,0,45,0,684,0,0,0,310000,16830,0,321714,90,0,0,0,0,0,0,0,0,91,0,0,0,0,0,492058,0,0,0,0,0,0,0,0,0,0,0,0,0,0,0,22754,16615,0,0,0,101,79979,0,0,0,0,0,0,0,94,352,300,0,0,881,154,0,95525,0,0,0,0,0,0,0,0,22051,0,265,0,614,0,0,0,66,2379,0,12941,0,12525,0,1529,4235,88,66374,6140
2023-01-07,US,2207345,0,0,0,0,0,0,0,0,0,0,0,0,0,0,0,0,0,0,0,0,7916,0,0,0,733190,0,0,0,0,0,0,0,0,0,45,0,664,0,0,0,296826,16326,0,335097,89,0,0,0,0,0,0,0,0,90,0,0,0,0,0,479816,0,0,0,0,0,0,0,0,0,0,0,0,0,0,0,23005,15715,0,0,0,101,76641,0,0,0,0,0,0,0,94,343,297,0,0,854,154,0,94186,0,0,0,0,0,0,0,0,21228,0,263,0,649,0,0,0,67,2481,0,12416,0,12173,0,1439,4377,84,64729,5989
2023-01-08,US,2138792,0,0,0,0,0,0,0,0,0,0,0,0,0,0,0,0,0,0,0,0,7764,0,0,0,711556,0,0,0,0,0,0,0,0,0,43,0,633,0,0,0,278873,15550,0,341842,86,0,0,0,0,0,0,0,0,88,0,0,0,0,0,459453,0,0,0,0,0,0,0,0,0,0,0,0,0,0,0,22829,14571,0,0,0,100,72066,0,0,0,0,0,0,0,91,328,290,0,0,814,152,0,91207,0,0,0,0,0,0,0,0,20057,0,256,0,671,0,0,0,67,2534,0,11690,0,11617,0,1327,4435,79,61989,5737
2023-01-09,US,2070239,0,0,0,0,0,0,0,0,0,0,0,0,0,0,0,0,0,0,0,0,7606,0,0,0,689849,0,0,0,0,0,0,0,0,0,42,0,603,0,0,0,261481,14791,0,347488,84,0,0,0,0,0,0,0,0,85,0,0,0,0,0,439439,0,0,0,0,0,0,0,0,0,0,0,0,0,0,0,22619,13469,0,0,0,98,67631,0,0,0,0,0,0,0,89,313,281,0,0,774,149,0,88230,0,0,0,0,0,0,0,0,18920,0,249,0,690,0,0,0,66,2578,0,10986,0,11072,0,1219,4479,74,59295,5489
2023-01-10,US,2001686,0,0,0,0,0,0,0,0,0,0,0,0,0,0,0,0,0,0,0,0,7442,0,0,0,668069,0,0,0,0,0,0,0,0,0,41,0,573,0,0,0,244648,14049,0,352035,81,0,0,0,0,0,0,0,0,83,0,0,0,0,0,419775,0,0,0,0,0,0,0,0,0,0,0,0,0,0,0,22374,12410,0,0,0,96,63338,0,0,0,0,0,0,0,86,299,273,0,0,735,146,0,85258,0,0,0,0,0,0,0,0,17815,0,242,0,707,0,0,0,66,2614,0,10303,0,10539,0,1116,4512,69,56648,5245
2023-01-11,US,1933133,0,0,0,0,0,0,0,0,0,0,0,0,0,0,0,0,0,0,0,0,7271,0,0,0,646217,0,0,0,0,0,0,0,0,0,40,0,544,0,0,0,228375,13325,0,355483,79,0,0,0,0,0,0,0,0,80,0,0,0,0,0,400462,0,0,0,0,0,0,0,0,0,0,0,0,0,0,0,22095,11392,0,0,0,94,59185,0,0,0,0,0,0,0,84,284,265,0,0,698,143,0,82288,0,0,0,0,0,0,0,0,16743,0,234,0,720,0,0,0,65,2641,0,9643,0,10017,0,1017,4532,64,54048,5005
2023-01-12,US,1864580,0,0,0,0,0,0,0,0,0,0,0,0,0,0,0,0,0,0,0,0,7095,0,0,0,624292,0,0,0,0,0,0,0,0,0,39,0,515,0,0,0,212662,12617,0,357831,76,0,0,0,0,0,0,0,0,77,0,0,0,0,0,381498,0,0,0,0,0,0,0,0,0,0,0,0,0,0,0,21782,10416,0,0,0,92,55172,0,0,0,0,0,0,0,81,270,257,0,0,661,140,0,79323,0,0,0,0,0,0,0,0,15704,0,227,0,732,0,0,0,64,2661,0,9004,0,9506,0,922,4540,60,51495,4769
2023-01-13,US,1796027,0,0,0,0,0,0,0,0,0,0,0,0,0,0,0,0,0,0,0,0,6913,0,0,0,602293,0,0,0,0,0,0,0,0,0,38,0,487,0,0,0,197508,11927,0,359080,74,0,0,0,0,0,0,0,0,75,0,0,0,0,0,362884,0,0,0,0,0,0,0,0,0,0,0,0,0,0,0,21433,9483,0,0,0,89,51300,0,0,0,0,0,0,0,79,257,249,0,0,625,137,0,76360,0,0,0,0,0,0,0,0,14698,0,220,0,740,0,0,0,64,2672,0,8387,0,9007,0,831,4535,55,48988,4538
2023-01-14,US,1727474,0,0,0,0,0,0,0,0,0,0,0,0,0,0,0,0,0,0,0,0,6725,0,0,0,580222,0,0,0,0,0,0,0,0,0,36,0,460,0,0,0,182914,11255,0,359230,71,0,0,0,0,0,0,0,0,72,0,0,0,0,0,344621,0,0,0,0,0,0,0,0,0,0,0,0,0,0,0,21051,8591,0,0,0,87,47569,0,0,0,0,0,0,0,76,243,240,0,0,589,133,0,73402,0,0,0,0,0,0,0,0,13724,0,212,0,746,0,0,0,63,2674,0,7792,0,8520,0,745,4518,51,46529,4311
2023-01-15,US,1707183,0,0,0,0,0,0,0,0,0,0,0,0,0,0,0,0,0,0,0,0,6721,0,0,0,574314,0,0,0,0,0,0,0,0,0,36,0,447,0,0,0,173793,10908,0,368704,71,0,0,0,0,0,0,0,0,71,0,0,0,0,0,336212,0,0,0,0,0,0,0,0,0,0,0,0,0,0,0,21234,7967,0,0,0,87,45258,0,0,0,0,0,0,0,75,237,238,0,0,571,133,0,72496,0,0,0,0,0,0,0,0,13155,0,211,0,771,0,0,0,63,2746,0,7428,0,8277,0,683,4620,49,45399,4208
2023-01-16,US,1686892,0,0,0,0,0,0,0,0,0,0,0,0,0,0,0,0,0,0,0,0,6714,0,0,0,568385,0,0,0,0,0,0,0,0,0,36,0,433,0,0,0,164838,10566,0,377852,70,0,0,0,0,0,0,0,0,71,0,0,0,0,0,327907,0,0,0,0,0,0,0,0,0,0,0,0,0,0,0,21406,7355,0,0,0,87,42989,0,0,0,0,0,0,0,75,231,236,0,0,553,134,0,71591,0,0,0,0,0,0,0,0,12595,0,209,0,795,0,0,0,64,2816,0,7072,0,8039,0,621,4717,46,44284,4105
2023-01-17,US,1666601,0,0,0,0,0,0,0,0,0,0,0,0,0,0,0,0,0,0,0,0,6707,0,0,0,562434,0,0,0,0,0,0,0,0,0,36,0,420,0,0,0,156048,10229,0,386676,69,0,0,0,0,0,0,0,0,70,0,0,0,0,0,319705,0,0,0,0,0,0,0,0,0,0,0,0,0,0,0,21569,6755,0,0,0,87,40761,0,0,0,0,0,0,0,74,225,235,0,0,536,134,0,70687,0,0,0,0,0,0,0,0,12046,0,207,0,818,0,0,0,65,2883,0,6721,0,7803,0,561,4811,43,43182,4004
2023-01-18,US,1646310,0,0,0,0,0,0,0,0,0,0,0,0,0,0,0,0,0,0,0,0,6697,0,0,0,556461,0,0,0,0,0,0,0,0,0,35,0,406,0,0,0,147424,9897,0,395174,69,0,0,0,0,0,0,0,0,69,0,0,0,0,0,311607,0,0,0,0,0,0,0,0,0,0,0,0,0,0,0,21721,6168,0,0,0,87,38575,0,0,0,0,0,0,0,74,219,233,0,0,519,134,0,69785,0,0,0,0,0,0,0,0,11506,0,206,0,840,0,0,0,65,2948,0,6377,0,7571,0,503,4901,41,42094,3904
2023-01-19,US,1626018,0,0,0,0,0,0,0,0,0,0,0,0,0,0,0,0,0,0,0,0,6686,0,0,0,550467,0,0,0,0,0,0,0,0,0,35,0,393,0,0,0,138965,9570,0,403347,68,0,0,0,0,0,0,0,0,69,0,0,0,0,0,303613,0,0,0,0,0,0,0,0,0,0,0,0,0,0,0,21863,5593,0,0,0,87,36431,0,0,0,0,0,0,0,73,212,231,0,0,501,134,0,68883,0,0,0,0,0,0,0,0,10975,0,204,0,862,0,0,0,66,3010,0,6040,0,7342,0,445,4988,38,41020,3805
2023-01-20,US,1605727,0,0,0,0,0,0,0,0,0,0,0,0,0,0,0,0,0,0,0,0,6673,0,0,0,544451,0,0,0,0,0,0,0,0,0,35,0,381,0,0,0,130672,9248,0,411195,67,0,0,0,0,0,0,0,0,68,0,0,0,0,0,295722,0,0,0,0,0,0,0,0,0,0,0,0,0,0,0,21995,5031,0,0,0,87,34328,0,0,0,0,0,0,0,73,207,229,0,0,485,134,0,67982,0,0,0,0,0,0,0,0,10455,0,202,0,883,0,0,0,66,3070,0,5709,0,7117,0,389,5071,36,39960,3708
2023-01-21,US,1585436,0,0,0,0,0,0,0,0,0,0,0,0,0,0,0,0,0,0,0,0,6655,0,0,0,538209,0,0,0,0,0,0,0,0,0,35,0,368,0,0,0,122498,8929,0,418558,67,0,0,0,0,0,0,0,0,67,67,0,0,0,0,287825,0,0,0,0,0,0,0,0,0,0,0,0,0,0,0,22108,4480,0,0,0,87,32254,334,33,0,0,0,0,0,72,201,227,0,33,468,134,0,67057,0,0,0,0,0,0,0,0,9940,0,201,134,903,0,0,0,67,3126,0,5382,0,6892,0,334,5148,33,38898,3610
2023-01-22,US,1573612,0,0,0,0,0,0,0,0,0,0,0,0,0,0,0,0,0,0,0,0,6585,0,0,0,525330,0,0,0,0,0,0,0,0,0,35,0,368,0,0,0,118597,8764,0,435933,66,0,0,0,0,0,0,0,0,67,69,0,0,0,0,279365,0,0,0,0,0,0,0,0,0,0,0,0,0,0,0,21874,4336,0,0,0,88,31102,479,34,0,0,0,0,0,72,196,226,0,34,451,149,0,65935,0,0,0,0,0,0,0,0,9618,0,237,137,962,0,0,0,73,3392,0,5216,0,6692,0,323,5557,35,37703,3515
2023-01-23,US,1561788,0,0,0,0,0,0,0,0,0,0,0,0,0,0,0,0,0,0,0,0,6515,0,0,0,512583,0,0,0,0,0,0,0,0,0,35,0,368,0,0,0,114740,8602,0,452999,66,0,0,0,0,0,0,0,0,67,71,0,0,0,0,271000,0,0,0,0,0,0,0,0,0,0,0,0,0,0,0,21641,4194,0,0,0,88,29963,622,34,0,0,0,0,0,72,191,225,0,34,433,163,0,64823,0,0,0,0,0,0,0,0,9299,0,273,141,1020,0,0,0,79,3654,0,5051,0,6494,0,312,5960,36,36521,3420
2023-01-24,US,1549964,0,0,0,0,0,0,0,0,0,0,0,0,0,0,0,0,0,0,0,0,6445,0,0,0,499970,0,0,0,0,0,0,0,0,0,35,0,368,0,0,0,110929,8441,0,469757,66,0,0,0,0,0,0,0,0,66,74,0,0,0,0,262729,0,0,0,0,0,0,0,0,0,0,0,0,0,0,0,21408,4054,0,0,0,88,28838,762,34,0,0,0,0,0,72,186,225,0,34,416,177,0,63719,0,0,0,0,0,0,0,0,8984,0,308,145,1078,0,0,0,85,3911,0,4888,0,6299,0,302,6356,37,35353,3326
2023-01-25,US,1538140,0,0,0,0,0,0,0,0,0,0,0,0,0,0,0,0,0,0,0,0,6376,0,0,0,487490,0,0,0,0,0,0,0,0,0,35,0,369,0,0,0,107162,8281,0,486208,66,0,0,0,0,0,0,0,0,66,76,0,0,0,0,254553,0,0,0,0,0,0,0,0,0,0,0,0,0,0,0,21177,3916,0,0,0,89,27727,901,34,0,0,0,0,0,71,182,224,0,35,399,192,0,62625,0,0,0,0,0,0,0,0,8673,0,343,148,1134,0,0,0,90,4164,0,4727,0,6106,0,291,6745,38,34199,3233
2023-01-26,US,1526316,0,0,0,0,0,0,0,0,0,0,0,0,0,0,0,0,0,0,0,0,6306,0,0,0,475143,0,0,0,0,0,0,0,0,0,34,0,369,0,0,0,103440,8123,0,502351,65,0,0,0,0,0,0,0,0,66,78,0,0,0,0,246472,0,0,0,0,0,0,0,0,0,0,0,0,0,0,0,20947,3779,0,0,0,89,26629,1037,34,0,0,0,0,0,71,177,223,0,35,383,205,0,61540,0,0,0,0,0,0,0,0,8366,0,377,152,1189,0,0,0,96,4413,0,4568,0,5914,0,280,7127,39,33058,3142
2023-01-27,US,1514492,0,0,0,0,0,0,0,0,0,0,0,0,0,0,0,0,0,0,0,0,6237,0,0,0,462929,0,0,0,0,0,0,0,0,0,34,0,369,0,0,0,99763,7966,0,518186,65,0,0,0,0,0,0,0,0,65,80,0,0,0,0,238486,0,0,0,0,0,0,0,0,0,0,0,0,0,0,0,20718,3644,0,0,0,89,25545,1171,34,0,0,0,0,0,71,173,222,0,35,366,219,0,60465,0,0,0,0,0,0,0,0,8062,0,410,155,1244,0,0,0,101,4657,0,4411,0,5726,0,270,7503,40,31930,3051
2023-01-28,US,1502668,0,0,0,0,0,0,0,0,0,0,0,0,0,0,0,0,0,0,0,0,6169,0,0,0,450849,0,0,0,0,0,0,0,0,0,34,0,369,0,0,0,96131,7811,0,533712,65,0,0,0,0,0,0,0,0,65,82,0,0,0,0,230595,0,0,0,0,0,0,0,0,0,0,0,0,0,0,0,20490,3511,0,0,0,90,24475,1302,34,0,0,0,0,0,71,168,221,0,35,350,232,0,59399,0,0,0,0,0,0,0,0,7762,0,443,158,1297,0,0,0,107,4897,0,4255,0,5539,0,260,7872,41,30816,2961
2023-01-29,US,1492834,0,0,0,0,0,0,0,0,0,0,0,0,0,0,0,0,0,0,0,0,6109,0,0,0,439487,0,0,0,0,0,0,0,0,0,34,0,369,0,0,0,92667,7667,0,549664,64,0,0,0,0,0,0,0,0,65,84,0,0,0,0,223095,0,0,0,0,0,0,0,0,0,0,0,0,0,0,0,20290,3383,0,0,0,90,23450,1433,34,0,0,0,0,0,71,164,221,0,36,334,246,0,58420,0,0,0,0,0,0,0,0,7476,0,476,162,1351,0,0,0,112,5139,0,4107,0,5362,0,250,8245,42,29756,2877
2023-01-30,US,1483000,0,0,0,0,0,0,0,0,0,0,0,0,0,0,0,0,0,0,0,0,6049,0,0,0,428237,0,0,0,0,0,0,0,0,0,34,0,370,0,0,0,89241,7525,0,565360,64,0,0,0,0,0,0,0,0,65,86,0,0,0,0,215675,0,0,0,0,0,0,0,0,0,0,0,0,0,0,0,20091,3257,0,0,0,90,22436,1563,35,0,0,0,0,0,70,160,220,0,36,319,259,0,57449,0,0,0,0,0,0,0,0,7193,0,509,165,1404,0,0,0,118,5378,0,3961,0,5186,0,240,8613,43,28707,2793
2023-01-31,US,1473166,0,0,0,0,0,0,0,0,0,0,0,0,0,0,0,0,0,0,0,0,5989,0,0,0,417097,0,0,0,0,0,0,0,0,0,34,0,370,0,0,0,85852,7383,0,580800,64,0,0,0,0,0,0,0,0,64,88,0,0,0,0,208334,0,0,0,0,0,0,0,0,0,0,0,0,0,0,0,19892,3133,0,0,0,91,21433,1691,35,0,0,0,0,0,70,156,220,0,36,304,272,0,56486,0,0,0,0,0,0,0,0,6913,0,541,169,1457,0,0,0,123,5613,0,3816,0,5013,0,231,8975,44,27669,2710
2023-02-01,US,1463332,0,0,0,0,0,0,0,0,0,0,0,0,0,0,0,0,0,0,0,0,5930,0,0,0,406068,0,0,0,0,0,0,0,0,0,34,0,370,0,0,0,82500,7243,0,595983,64,0,0,0,0,0,0,0,0,64,90,0,0,0,0,201072,0,0,0,0,0,0,0,0,0,0,0,0,0,0,0,19695,3010,0,0,0,91,20442,1816,35,0,0,0,0,0,70,152,219,0,36,289,285,0,55530,0,0,0,0,0,0,0,0,6636,0,572,172,1509,0,0,0,128,5845,0,3673,0,4841,0,221,9331,45,26642,2628
2023-02-02,US,1453498,0,0,0,0,0,0,0,0,0,0,0,0,0,0,0,0,0,0,0,0,5871,0,0,0,395149,0,0,0,0,0,0,0,0,0,34,0,371,0,0,0,79186,7105,0,610911,63,0,0,0,0,0,0,0,0,64,92,0,0,0,0,193888,0,0,0,0,0,0,0,0,0,0,0,0,0,0,0,19498,2888,0,0,0,91,19463,1940,35,0,0,0,0,0,70,148,219,0,37,274,298,0,54582,0,0,0,0,0,0,0,0,6362,0,603,175,1559,0,0,0,133,6073,0,3531,0,4671,0,212,9682,46,25627,2546
2023-02-03,US,1443664,0,0,0,0,0,0,0,0,0,0,0,0,0,0,0,0,0,0,0,0,5812,0,0,0,384341,0,0,0,0,0,0,0,0,0,34,0,371,0,0,0,75909,6967,0,625582,63,0,0,0,0,0,0,0,0,64,94,0,0,0,0,186783,0,0,0,0,0,0,0,0,0,0,0,0,0,0,0,19303,2767,0,0,0,92,18494,2062,35,0,0,0,0,0,70,144,218,0,37,259,310,0,53642,0,0,0,0,0,0,0,0,6091,0,634,178,1610,0,0,0,139,6297,0,3391,0,4503,0,203,10027,47,24623,2466
2023-02-04,US,1433830,0,0,0,0,0,0,0,0,0,0,0,0,0,0,0,0,0,0,0,0,5754,0,0,0,373645,0,0,0,0,0,0,0,0,0,34,0,371,0,0,0,72669,6831,0,639998,63,0,0,0,0,0,0,0,0,63,96,0,0,0,0,179758,0,0,0,0,0,0,0,0,0,0,0,0,0,0,0,19108,2648,0,0,0,92,17537,2183,35,0,0,0,0,0,70,140,217,0,37,244,323,0,52710,0,0,0,0,0,0,0,0,5823,0,664,181,1659,0,0,0,144,6518,0,3253,0,4337,0,194,10367,48,23630,2386
2023-02-05,US,1428009,0,0,0,0,0,0,0,0,0,0,0,0,0,0,0,0,0,0,0,0,5712,0,0,0,364081,0,0,0,0,0,0,0,0,0,34,0,372,0,0,0,69663,6715,0,656000,63,0,0,0,0,0,0,0,0,63,98,0,0,0,0,173297,0,0,0,0,0,0,0,0,0,0,0,0,0,0,0,18967,2538,0,0,0,92,16639,2308,35,0,0,0,0,0,70,136,217,0,38,231,336,0,51932,0,0,0,0,0,0,0,0,5574,0,696,185,1712,0,0,0,149,6754,0,3125,0,4185,0,185,10731,49,22713,2314
2023-02-06,US,1422187,0,0,0,0,0,0,0,0,0,0,0,0,0,0,0,0,0,0,0,0,5669,0,0,0,354584,0,0,0,0,0,0,0,0,0,34,0,374,0,0,0,66678,6599,0,671851,63,0,0,0,0,0,0,0,0,63,100,0,0,0,0,166884,0,0,0,0,0,0,0,0,0,0,0,0,0,0,0,18827,2428,0,0,0,93,15747,2431,36,0,0,0,0,0,70,133,217,0,38,217,349,0,51158,0,0,0,0,0,0,0,0,5327,0,727,188,1765,0,0,0,154,6988,0,2998,0,4033,0,177,11092,50,21802,2242
2023-02-07,US,1416365,0,0,0,0,0,0,0,0,0,0,0,0,0,0,0,0,0,0,0,0,5628,0,0,0,345152,0,0,0,0,0,0,0,0,0,34,0,375,0,0,0,63716,6484,0,687551,63,0,0,0,0,0,0,0,0,63,102,0,0,0,0,160518,0,0,0,0,0,0,0,0,0,0,0,0,0,0,0,18688,2319,0,0,0,94,14861,2554,36,0,0,0,0,0,70,129,217,0,38,204,361,0,50388,0,0,0,0,0,0,0,0,5082,0,758,192,1817,0,0,0,159,7220,0,2872,0,3883,0,168,11449,51,20898,2171
2023-02-08,US,1410543,0,0,0,0,0,0,0,0,0,0,0,0,0,0,0,0,0,0,0,0,5586,0,0,0,335785,0,0,0,0,0,0,0,0,0,34,0,376,0,0,0,60775,6370,0,703099,63,0,0,0,0,0,0,0,0,63,104,0,0,0,0,154198,0,0,0,0,0,0,0,0,0,0,0,0,0,0,0,18549,2211,0,0,0,94,13983,2676,36,0,0,0,0,0,70,126,217,0,39,190,374,0,49624,0,0,0,0,0,0,0,0,4839,0,789,195,1869,0,0,0,165,7450,0,2746,0,3734,0,160,11804,52,20000,2100
2023-02-09,US,1404721,0,0,0,0,0,0,0,0,0,0,0,0,0,0,0,0,0,0,0,0,5544,0,0,0,326484,0,0,0,0,0,0,0,0,0,34,0,377,0,0,0,57857,6257,0,718495,63,0,0,0,0,0,0,0,0,63,106,0,0,0,0,147924,0,0,0,0,0,0,0,0,0,0,0,0,0,0,0,18410,2104,0,0,0,95,13111,2796,36,0,0,0,0,0,70,122,217,0,39,177,387,0,48864,0,0,0,0,0,0,0,0,4597,0,820,199,1920,0,0,0,170,7678,0,2622,0,3586,0,151,12155,53,19109,2030
2023-02-10,US,1398900,0,0,0,0,0,0,0,0,0,0,0,0,0,0,0,0,0,0,0,0,5503,0,0,0,317249,0,0,0,0,0,0,0,0,0,34,0,378,0,0,0,54961,6144,0,733740,62,0,0,0,0,0,0,0,0,63,108,0,0,0,0,141698,0,0,0,0,0,0,0,0,0,0,0,0,0,0,0,18272,1997,0,0,0,95,12246,2916,37,0,0,0,0,0,70,119,217,0,39,164,399,0,48108,0,0,0,0,0,0,0,0,4358,0,850,202,1971,0,0,0,175,7903,0,2499,0,3439,0,143,12502,54,18225,1961
2023-02-11,US,1393078,0,0,0,0,0,0,0,0,0,0,0,0,0,0,0,0,0,0,0,0,5461,0,0,0,308079,0,0,0,0,0,0,0,0,0,34,0,379,0,0,0,52087,6032,0,748833,62,0,0,0,0,0,0,0,0,63,110,0,0,0,0,135518,0,0,0,0,0,0,0,0,0,0,0,0,0,0,0,18134,1891,0,0,0,96,11388,3034,37,0,0,0,0,0,70,116,217,0,40,151,411,0,47357,0,0,0,0,0,0,0,0,4120,0,880,206,2021,0,0,0,180,8126,0,2376,0,3293,0,135,12847,55,17348,1891
2023-02-12,US,1378747,0,0,0,0,0,0,0,0,0,0,0,0,0,0,0,0,0,0,0,0,5387,0,0,0,297140,0,0,0,0,0,0,0,0,0,34,0,378,0,0,0,48933,5885,0,759090,62,0,0,0,0,0,0,0,0,62,111,0,0,0,0,128591,0,0,0,0,0,0,0,0,0,0,0,0,0,0,0,17887,1776,0,0,0,96,10471,3132,37,0,0,0,0,0,70,112,216,0,40,137,421,0,46325,0,0,0,0,0,0,0,0,3860,0,904,208,2058,0,0,0,184,8296,0,2241,0,3129,0,126,13107,56,16376,1812
2023-02-13,US,1364415,0,0,0,0,0,0,0,0,0,0,0,0,0,0,0,0,0,0,0,0,5313,0,0,0,286364,0,0,0,0,0,0,0,0,0,34,0,377,0,0,0,45833,5739,0,768973,61,0,0,0,0,0,0,0,0,62,113,0,0,0,0,121779,0,0,0,0,0,0,0,0,0,0,0,0,0,0,0,17641,1662,0,0,0,95,9572,3227,37,0,0,0,0,0,69,108,214,0,40,123,430,0,45304,0,0,0,0,0,0,0,0,3604,0,927,210,2094,0,0,0,187,8461,0,2108,0,2967,0,118,13359,56,15421,1733
2023-02-14,US,1350084,0,0,0,0,0,0,0,0,0,0,0,0,0,0,0,0,0,0,0,0,5239,0,0,0,275748,0,0,0,0,0,0,0,0,0,34,0,375,0,0,0,42788,5595,0,778483,61,0,0,0,0,0,0,0,0,61,114,0,0,0,0,115082,0,0,0,0,0,0,0,0,0,0,0,0,0,0,0,17396,1550,0,0,0,95,8689,3320,37,0,0,0,0,0,69,104,213,0,40,110,439,0,44294,0,0,0,0,0,0,0,0,3354,0,950,211,2129,0,0,0,191,8620,0,1977,0,2809,0,109,13602,57,14482,1656
2023-02-15,US,1335753,0,0,0,0,0,0,0,0,0,0,0,0,0,0,0,0,0,0,0,0,5166,0,0,0,265294,0,0,0,0,0,0,0,0,0,34,0,374,0,0,0,39797,5453,0,787620,61,0,0,0,0,0,0,0,0,61,115,0,0,0,0,108500,0,0,0,0,0,0,0,0,0,0,0,0,0,0,0,17152,1440,0,0,0,95,7822,3410,37,0,0,0,0,0,68,100,211,0,40,97,448,0,43296,0,0,0,0,0,0,0,0,3107,0,972,213,2162,0,0,0,195,8775,0,1849,0,2653,0,101,13838,58,13560,1580
2023-02-16,US,1321421,0,0,0,0,0,0,0,0,0,0,0,0,0,0,0,0,0,0,0,0,5093,0,0,0,255002,0,0,0,0,0,0,0,0,0,33,0,372,0,0,0,36861,5313,0,796384,60,0,0,0,0,0,0,0,0,60,116,0,0,0,0,102033,0,0,0,0,0,0,0,0,0,0,0,0,0,0,0,16910,1332,0,0,0,95,6973,3497,36,0,0,0,0,0,68,96,210,0,40,84,457,0,42309,0,0,0,0,0,0,0,0,2866,0,993,215,2194,0,0,0,198,8923,0,1723,0,2499,0,92,14066,58,12654,1505
2023-02-17,US,1307090,0,0,0,0,0,0,0,0,0,0,0,0,0,0,0,0,0,0,0,0,5021,0,0,0,244871,0,0,0,0,0,0,0,0,0,33,0,371,0,0,0,33979,5174,0,804774,60,0,0,0,0,0,0,0,0,60,117,0,0,0,0,95681,0,0,0,0,0,0,0,0,0,0,0,0,0,0,0,16669,1226,0,0,0,95,6139,3582,36,0,0,0,0,0,67,92,208,0,40,71,465,0,41334,0,0,0,0,0,0,0,0,2628,0,1014,217,2225,0,0,0,201,9067,0,1599,0,2349,0,84,14285,59,11765,1431
2023-02-18,US,1292759,0,0,0,0,0,0,0,0,0,0,0,0,0,0,0,0,0,0,0,0,4948,0,0,0,234880,0,0,0,0,0,0,0,0,0,33,0,369,0,0,0,31149,5037,0,812717,59,0,0,0,0,0,0,0,0,59,118,0,0,0,0,89436,0,0,0,0,0,0,0,0,0,0,0,0,0,0,0,16427,1123,0,0,0,95,5322,3663,36,0,0,0,0,0,67,89,207,0,40,59,473,0,40366,0,30,0,59,30,0,0,0,2395,0,1034,218,2255,0,0,0,204,9205,0,1477,0,2201,0,76,14495,59,10891,1359
2023-02-19,US,1264450,0,0,0,0,0,0,0,0,0,0,0,0,0,0,0,0,0,0,0,0,4788,0,0,0,224947,0,0,0,0,0,0,0,0,0,32,0,351,0,0,0,29757,4852,0,801674,155,0,0,0,0,0,0,0,0,57,113,0,0,0,0,85601,0,0,0,0,0,0,0,0,0,0,0,0,0,0,0,15953,1068,0,0,0,93,5093,3989,36,0,0,0,0,0,66,90,223,0,39,60,521,0,39262,0,31,0,72,29,0,0,0,2279,0,1162,217,2253,0,0,0,209,9200,0,1413,0,2127,0,76,14768,57,10429,1308
2023-02-20,US,1236142,0,0,0,0,0,0,0,0,0,0,0,0,0,0,0,0,0,0,0,0,4630,0,0,0,215227,0,0,0,0,0,0,0,0,0,32,0,333,0,0,0,28397,4671,0,790330,247,0,0,0,0,0,0,0,0,55,107,0,0,0,0,81850,0,0,0,0,0,0,0,0,0,0,0,0,0,0,0,15483,1015,0,0,0,92,4869,4296,35,0,0,0,0,0,65,91,237,0,39,60,567,0,38168,0,33,0,84,29,0,0,0,2167,0,1283,216,2248,0,0,0,214,9187,0,1350,0,2055,0,75,15014,55,9977,1258
2023-02-21,US,1207834,0,0,0,0,0,0,0,0,0,0,0,0,0,0,0,0,0,0,0,0,4475,0,0,0,205722,0,0,0,0,0,0,0,0,0,31,0,316,0,0,0,27069,4493,0,778683,334,0,0,0,0,0,0,0,0,53,102,0,0,0,0,78183,0,0,0,0,0,0,0,0,0,0,0,0,0,0,0,15019,963,0,0,0,91,4650,4586,35,0,0,0,0,0,63,92,251,0,39,60,611,0,37084,0,34,0,96,29,0,0,0,2056,0,1397,215,2242,0,0,0,218,9165,0,1288,0,1983,0,75,15234,53,9534,1209
2023-02-22,US,1179525,0,0,0,0,0,0,0,0,0,0,0,0,0,0,0,0,0,0,0,0,4321,0,0,0,196432,0,0,0,0,0,0,0,0,0,31,0,299,0,0,0,25772,4318,0,766734,417,0,0,0,0,0,0,0,0,51,97,0,0,0,0,74600,0,0,0,0,0,0,0,0,0,0,0,0,0,0,0,14560,912,0,0,0,89,4436,4857,34,0,0,0,0,0,62,93,264,0,38,61,652,0,36010,0,36,0,107,29,0,0,0,1949,0,1505,213,2233,0,0,0,222,9134,0,1228,0,1913,0,74,15427,51,9102,1160
2023-02-23,US,1151217,0,0,0,0,0,0,0,0,0,0,0,0,0,0,0,0,0,0,0,0,4170,0,0,0,187356,0,0,0,0,0,0,0,0,0,30,0,282,0,0,0,24508,4147,0,754482,496,0,0,0,0,0,0,0,0,49,92,0,0,0,0,71101,0,0,0,0,0,0,0,0,0,0,0,0,0,0,0,14106,863,0,0,0,88,4227,5110,34,0,0,0,0,0,61,94,276,0,38,61,690,0,34945,0,37,0,117,29,0,0,0,1845,0,1606,211,2223,0,0,0,225,9094,0,1170,0,1844,0,74,15594,49,8680,1113
2023-02-24,US,1122908,0,0,0,0,0,0,0,0,0,0,0,0,0,0,0,0,0,0,0,0,4022,0,0,0,178494,0,0,0,0,0,0,0,0,0,29,0,266,0,0,0,23275,3979,0,741929,570,0,0,0,0,0,0,0,0,47,88,0,0,0,0,67686,0,0,0,0,0,0,0,0,0,0,0,0,0,0,0,13657,815,0,0,0,87,4023,5345,33,0,0,0,0,0,60,94,288,0,37,61,725,0,33891,0,38,0,127,29,0,0,0,1743,0,1700,210,2210,0,0,0,228,9045,0,1113,0,1776,0,73,15735,47,8268,1067
2023-02-25,US,1094600,0,0,0,0,0,0,0,0,0,0,0,0,0,0,0,0,0,0,0,0,3876,0,0,0,169846,0,0,0,0,0,0,0,0,0,29,0,250,0,0,0,22074,3814,0,729073,640,0,0,0,0,0,0,0,0,45,83,0,0,0,0,64355,0,0,0,0,0,0,0,0,0,0,0,0,0,0,0,13213,768,0,0,0,85,3824,5562,33,0,0,0,0,0,58,95,298,0,36,61,758,0,32846,0,39,0,136,28,0,0,0,1644,0,1787,208,2195,0,0,0,230,8988,0,1057,0,1709,0,72,15849,45,7866,1022
2023-02-26,US,1070350,0,0,0,0,0,0,0,0,0,0,0,0,0,0,0,0,0,0,0,0,3746,0,0,0,162028,0,0,0,0,0,0,0,0,0,28,0,236,0,0,0,20984,3667,0,718639,708,0,0,0,0,0,0,0,0,44,79,0,0,0,0,61341,0,0,0,0,0,0,0,0,0,0,0,0,0,0,0,12823,726,0,0,0,84,3644,5783,32,0,0,0,0,0,57,95,308,0,36,61,791,0,31932,0,40,0,145,28,0,0,0,1554,0,1875,206,2186,0,0,0,233,8955,0,1007,0,1650,0,72,15998,44,7502,981
2023-02-27,US,1046100,0,0,0,0,0,0,0,0,0,0,0,0,0,0,0,0,0,0,0,0,3618,0,0,0,154393,0,0,0,0,0,0,0,0,0,28,0,222,0,0,0,19921,3522,0,707947,773,0,0,0,0,0,0,0,0,42,75,0,0,0,0,58398,0,0,0,0,0,0,0,0,0,0,0,0,0,0,0,12437,685,0,0,0,83,3469,5987,32,0,0,0,0,0,56,96,318,0,36,61,822,0,31027,0,41,0,153,28,0,0,0,1467,0,1957,205,2176,0,0,0,236,8916,0,957,0,1591,0,71,16124,42,7147,941
2023-02-28,US,1021850,0,0,0,0,0,0,0,0,0,0,0,0,0,0,0,0,0,0,0,0,3492,0,0,0,146941,0,0,0,0,0,0,0,0,0,27,0,209,0,0,0,18886,3380,0,696996,834,0,0,0,0,0,0,0,0,41,71,0,0,0,0,55528,0,0,0,0,0,0,0,0,0,0,0,0,0,0,0,12056,645,0,0,0,81,3297,6177,31,0,0,0,0,0,55,96,327,0,35,61,851,0,30130,0,42,0,161,28,0,0,0,1381,0,2033,203,2163,0,0,0,238,8868,0,909,0,1534,0,71,16227,41,6801,902
2023-03-01,US,997600,0,0,0,0,0,0,0,0,0,0,0,0,0,0,0,0,0,0,0,0,3368,0,0,0,139673,0,0,0,0,0,0,0,0,0,27,0,196,0,0,0,17877,3242,0,685786,891,0,0,0,0,0,0,0,0,39,67,0,0,0,0,52729,0,0,0,0,0,0,0,0,0,0,0,0,0,0,0,11679,606,0,0,0,80,3130,6351,31,0,0,0,0,0,54,96,335,0,35,61,877,0,29241,0,43,0,168,28,0,0,0,1299,0,2104,201,2149,0,0,0,240,8813,0,863,0,1477,0,70,16308,39,6463,864
2023-03-02,US,973350,0,0,0,0,0,0,0,0,0,0,0,0,0,0,0,0,0,0,0,0,3247,0,0,0,132589,0,0,0,0,0,0,0,0,0,26,0,183,0,0,0,16896,3105,0,674317,944,0,0,0,0,0,0,0,0,38,63,0,0,0,0,50002,0,0,0,0,0,0,0,0,0,0,0,0,0,0,0,11307,568,0,0,0,79,2967,6509,30,0,0,0,0,0,53,96,343,0,34,61,902,0,28361,0,44,0,175,28,0,0,0,1218,0,2169,199,2133,0,0,0,241,8751,0,817,0,1422,0,69,16366,38,6133,827
2023-03-03,US,949100,0,0,0,0,0,0,0,0,0,0,0,0,0,0,0,0,0,0,0,0,3127,0,0,0,125689,0,0,0,0,0,0,0,0,0,26,0,171,0,0,0,15943,2972,0,662589,994,0,0,0,0,0,0,0,0,36,59,0,0,0,0,47347,0,0,0,0,0,0,0,0,0,0,0,0,0,0,0,10939,531,0,0,0,78,2809,6652,30,0,0,0,0,0,52,96,350,0,34,61,923,0,27490,0,45,0,181,27,0,0,0,1140,0,2228,197,2115,0,0,0,242,8681,0,773,0,1367,0,68,16401,36,5813,790
2023-03-04,US,924850,0,0,0,0,0,0,0,0,0,0,0,0,0,0,0,0,0,0,0,0,3009,0,0,0,118972,0,0,0,0,0,0,0,0,0,25,0,159,0,0,0,15016,2842,0,650602,1040,0,0,0,0,0,0,0,0,35,56,0,0,0,0,44764,0,0,0,0,0,0,0,0,0,0,0,0,0,0,0,10575,495,0,0,0,76,2655,6779,29,0,0,0,0,0,51,96,355,0,33,61,943,0,26626,0,45,0,187,27,0,0,0,1065,0,2281,195,2096,0,0,0,243,8603,0,730,0,1313,0,68,16414,35,5501,754
2023-03-05,US,908074,0,0,0,0,0,0,0,0,0,0,0,0,0,0,0,0,0,0,0,0,2917,0,0,0,113372,0,0,0,0,0,0,0,0,0,25,0,149,0,0,0,14234,2737,0,643653,1091,0,0,0,0,0,0,0,0,33,53,0,0,0,0,42604,0,0,0,0,0,0,0,0,0,0,0,0,0,0,0,10301,465,0,0,0,75,2526,6948,29,0,0,0,0,0,50,97,364,0,33,61,968,0,25986,0,46,0,194,27,0,0,0,1000,0,2348,194,2092,0,0,0,245,8588,0,693,0,1271,0,67,16540,33,5240,725
2023-03-06,US,891297,0,0,0,0,0,0,0,0,0,0,0,0,0,0,0,0,0,0,0,0,2827,0,0,0,107899,0,0,0,0,0,0,0,0,0,24,0,139,0,0,0,13470,2634,0,636525,1139,0,0,0,0,0,0,0,0,32,50,0,0,0,0,40494,0,0,0,0,0,0,0,0,0,0,0,0,0,0,0,10029,435,0,0,0,75,2400,7106,29,0,0,0,0,0,49,97,371,0,32,61,992,0,25350,0,47,0,200,27,0,0,0,937,0,2410,193,2086,0,0,0,247,8569,0,658,0,1230,0,67,16651,32,4985,697
2023-03-07,US,874520,0,0,0,0,0,0,0,0,0,0,0,0,0,0,0,0,0,0,0,0,2738,0,0,0,102553,0,0,0,0,0,0,0,0,0,24,0,129,0,0,0,12726,2533,0,629218,1185,0,0,0,0,0,0,0,0,31,47,0,0,0,0,38433,0,0,0,0,0,0,0,0,0,0,0,0,0,0,0,9761,406,0,0,0,74,2277,7253,28,0,0,0,0,0,49,98,378,0,32,61,1014,0,24721,0,48,0,206,27,0,0,0,875,0,2469,192,2079,0,0,0,249,8544,0,624,0,1189,0,66,16746,31,4737,669
2023-03-08,US,857744,0,0,0,0,0,0,0,0,0,0,0,0,0,0,0,0,0,0,0,0,2650,0,0,0,97335,0,0,0,0,0,0,0,0,0,24,0,119,0,0,0,12000,2434,0,621732,1229,0,0,0,0,0,0,0,0,30,44,0,0,0,0,36422,0,0,0,0,0,0,0,0,0,0,0,0,0,0,0,9496,378,0,0,0,73,2157,7389,28,0,0,0,0,0,48,98,385,0,32,61,1035,0,24098,0,48,0,212,27,0,0,0,816,0,2524,191,2072,0,0,0,251,8514,0,590,0,1149,0,66,16825,30,4494,642
2023-03-09,US,840967,0,0,0,0,0,0,0,0,0,0,0,0,0,0,0,0,0,0,0,0,2564,0,0,0,92243,0,0,0,0,0,0,0,0,0,23,0,110,0,0,0,11293,2337,0,614066,1269,0,0,0,0,0,0,0,0,29,41,0,0,0,0,34461,0,0,0,0,0,0,0,0,0,0,0,0,0,0,0,9234,351,0,0,0,72,2040,7515,28,0,0,0,0,0,47,98,391,0,32,61,1054,0,23480,0,49,0,217,26,0,0,0,757,0,2575,190,2062,0,0,0,252,8478,0,557,0,1110,0,66,16889,29,4257,615
2023-03-10,US,824191,0,0,0,0,0,0,0,0,0,0,0,0,0,0,0,0,0,0,0,0,2479,0,0,0,87278,0,0,0,0,0,0,0,0,0,23,0,101,0,0,0,10605,2242,0,606222,1308,0,0,0,0,0,0,0,0,28,39,0,0,0,0,32549,0,0,0,0,0,0,0,0,0,0,0,0,0,0,0,8974,324,0,0,0,71,1925,7630,27,0,0,0,0,0,46,98,396,0,31,61,1072,0,22868,0,49,0,222,26,0,0,0,701,0,2621,189,2052,0,0,0,253,8438,0,525,0,1071,0,65,16937,28,4027,589
2023-03-11,US,807414,0,0,0,0,0,0,0,0,0,0,0,0,0,0,0,0,0,0,0,0,2395,0,0,0,82441,0,0,0,0,0,0,0,0,0,23,0,93,0,0,0,9935,2149,0,598198,1343,0,0,0,0,0,0,0,0,27,36,0,0,0,0,30688,0,0,0,0,0,0,0,0,0,0,0,0,0,0,0,8718,298,0,0,0,70,1814,7734,27,0,0,0,0,0,46,98,401,0,31,61,1088,0,22262,0,50,0,226,26,0,0,0,646,0,2664,187,2040,0,0,0,254,8392,0,494,0,1033,0,65,16969,27,3802,563
2023-03-12,US,801153,0,0,0,0,0,0,0,0,0,0,0,0,0,0,0,0,0,0,0,0,2344,0,0,0,78764,0,0,0,0,0,0,0,0,0,23,0,86,0,0,0,9408,2085,0,597842,1395,0,0,0,0,0,0,0,0,26,34,0,0,0,0,29260,0,0,0,0,0,0,0,0,0,0,0,0,0,0,0,8578,277,0,0,0,70,1729,7931,27,0,0,0,0,0,45,100,411,0,31,62,1117,0,21950,0,51,0,234,26,0,0,0,601,0,2739,188,2054,0,0,0,258,8452,0,470,0,1009,0,65,17212,26,3630,545
2023-03-13,US,794892,0,0,0,0,0,0,0,0,0,0,0,0,0,0,0,0,0,0,0,0,2293,0,0,0,75135,0,0,0,0,0,0,0,0,0,23,0,78,0,0,0,8888,2022,0,597419,1445,0,0,0,0,0,0,0,0,25,32,0,0,0,0,27851,0,0,0,0,0,0,0,0,0,0,0,0,0,0,0,8438,256,0,0,0,70,1645,8125,27,0,0,0,0,0,45,101,420,0,31,63,1145,0,21640,0,52,0,241,26,0,0,0,556,0,2812,189,2068,0,0,0,262,8510,0,446,0,985,0,65,17449,25,3461,528
2023-03-14,US,788631,0,0,0,0,0,0,0,0,0,0,0,0,0,0,0,0,0,0,0,0,2242,0,0,0,71553,0,0,0,0,0,0,0,0,0,22,0,71,0,0,0,8375,1959,0,596929,1494,0,0,0,0,0,0,0,0,25,30,0,0,0,0,26460,0,0,0,0,0,0,0,0,0,0,0,0,0,0,0,8300,235,0,0,0,70,1561,8314,27,0,0,0,0,0,45,102,430,0,31,63,1173,0,21333,0,53,0,248,27,0,0,0,513,0,2884,190,2081,0,0,0,266,8566,0,423,0,961,0,65,17679,25,3294,510
2023-03-15,US,782371,0,0,0,0,0,0,0,0,0,0,0,0,0,0,0,0,0,0,0,0,2192,0,0,0,68018,0,0,0,0,0,0,0,0,0,22,0,64,0,0,0,7869,1898,0,596373,1543,0,0,0,0,0,0,0,0,24,28,0,0,0,0,25088,0,0,0,0,0,0,0,0,0,0,0,0,0,0,0,8163,215,0,0,0,70,1479,8500,27,0,0,0,0,0,45,103,439,0,31,64,1200,0,21027,0,54,0,254,27,0,0,0,469,0,2954,191,2094,0,0,0,270,8620,0,400,0,938,0,66,17905,24,3130,493
2023-03-16,US,776110,0,0,0,0,0,0,0,0,0,0,0,0,0,0,0,0,0,0,0,0,2143,0,0,0,64531,0,0,0,0,0,0,0,0,0,22,0,58,0,0,0,7371,1837,0,595750,1590,0,0,0,0,0,0,0,0,23,26,0,0,0,0,23735,0,0,0,0,0,0,0,0,0,0,0,0,0,0,0,8027,194,0,0,0,70,1398,8681,27,0,0,0,0,0,45,104,448,0,31,65,1227,0,20724,0,55,0,261,27,0,0,0,427,0,3023,192,2106,0,0,0,273,8672,0,377,0,914,0,66,18124,23,2967,476
2023-03-17,US,769849,0,0,0,0,0,0,0,0,0,0,0,0,0,0,0,0,0,0,0,0,2094,0,0,0,61091,0,0,0,0,0,0,0,0,0,22,0,51,0,0,0,6879,1777,0,595060,1637,0,0,0,0,0,0,0,0,23,24,0,0,0,0,22400,0,0,0,0,0,0,0,0,0,0,0,0,0,0,0,7892,175,0,0,0,70,1318,8858,27,0,0,0,0,0,45,106,456,0,31,65,1253,0,20423,0,56,0,268,27,0,0,0,385,0,3090,192,2118,0,0,0,277,8722,0,354,0,892,0,66,18337,23,2807,459
2023-03-18,US,763588,0,0,0,0,0,0,0,0,0,0,0,0,0,0,0,0,0,0,0,0,2043,0,0,0,57622,0,0,0,0,0,0,0,0,0,22,0,44,0,0,0,6385,1715,0,593512,1680,0,0,0,0,0,0,0,0,22,22,0,0,0,0,21055,0,0,0,0,0,0,0,0,0,0,0,0,0,0,0,7748,155,0,22,0,70,1238,9020,27,0,0,0,0,0,44,107,464,0,31,66,1277,0,20097,0,57,508,274,27,0,0,0,343,0,3152,193,2126,0,0,0,280,8758,111,332,133,868,243,66,18520,22,2645,442
2023-03-19,US,768348,0,0,0,0,0,0,0,0,0,0,0,0,0,0,0,0,0,0,0,0,2059,0,0,0,56636,0,0,0,0,0,0,0,0,0,22,0,45,0,0,0,6265,1691,0,597538,2055,0,0,0,0,0,0,0,0,24,54,0,0,0,0,20672,0,0,0,0,0,0,0,0,0,0,0,0,0,0,0,7803,151,0,24,0,71,1206,9722,27,0,0,0,0,0,45,109,533,0,31,67,1436,0,20134,0,59,662,284,28,0,0,0,338,0,3436,196,2195,0,0,0,287,8960,111,325,163,850,276,66,18625,23,2610,432
2023-03-20,US,773108,0,0,0,0,0,0,0,0,0,0,0,0,0,0,0,0,0,0,0,0,2075,0,0,0,55633,0,0,0,0,0,0,0,0,0,23,0,45,0,0,0,6142,1666,0,601569,2435,0,0,0,0,0,0,0,0,25,86,0,0,0,0,20284,0,0,0,0,0,0,0,0,0,0,0,0,0,0,0,7858,148,0,26,0,72,1173,10433,28,0,0,0,0,0,45,112,602,0,32,69,1598,0,20169,0,61,817,294,28,0,0,0,334,0,3724,200,2265,0,0,0,294,9164,111,319,194,832,309,66,18729,23,2573,423
2023-03-21,US,777868,0,0,0,0,0,0,0,0,0,0,0,0,0,0,0,0,0,0,0,0,2092,0,0,0,54614,0,0,0,0,0,0,0,0,0,23,0,45,0,0,0,6017,1641,0,605603,2819,0,0,0,0,0,0,0,0,27,118,0,0,0,0,19888,0,0,0,0,0,0,0,0,0,0,0,0,0,0,0,7913,144,0,28,0,73,1140,11152,28,0,0,0,0,0,46,114,671,0,32,70,1761,0,20204,0,62,974,305,29,0,0,0,329,0,4015,204,2336,0,0,0,301,9370,111,312,226,814,343,66,18834,24,2536,413
2023-03-22,US,782628,0,0,0,0,0,0,0,0,0,0,0,0,0,0,0,0,0,0,0,0,2108,0,0,0,53577,0,0,0,0,0,0,0,0,0,23,0,46,0,0,0,5891,1615,0,609642,3208,0,0,0,0,0,0,0,0,29,151,0,0,0,0,19487,0,0,0,0,0,0,0,0,0,0,0,0,0,0,0,7968,141,0,29,0,74,1106,11879,28,0,0,0,0,0,46,117,742,0,33,72,1927,0,20237,0,64,1133,315,29,0,0,0,325,0,4309,207,2407,0,0,0,308,9578,111,305,258,795,377,67,18938,24,2498,403
2023-03-23,US,787389,0,0,0,0,0,0,0,0,0,0,0,0,0,0,0,0,0,0,0,0,2124,0,0,0,52525,0,0,0,0,0,0,0,0,0,23,0,46,0,0,0,5762,1589,0,613685,3601,0,0,0,0,0,0,0,0,31,185,0,0,0,0,19078,0,0,0,0,0,0,0,0,0,0,0,0,0,0,0,8023,137,0,31,0,74,1072,12614,29,0,0,0,0,0,47,120,814,0,33,73,2094,0,20269,0,66,1294,326,30,0,0,0,320,0,4607,211,2479,0,0,0,315,9787,111,299,290,776,412,67,19043,25,2460,392
2023-03-24,US,792149,0,0,0,0,0,0,0,0,0,0,0,0,0,0,0,0,0,0,0,0,2141,0,0,0,51455,0,0,0,0,0,0,0,0,0,24,0,47,0,0,0,5631,1562,0,617731,3999,0,0,0,0,0,0,0,0,32,218,0,0,0,0,18664,0,0,0,0,0,0,0,0,0,0,0,0,0,0,0,8078,133,0,33,0,75,1038,13357,29,0,0,0,0,0,47,123,886,0,34,75,2263,0,20300,0,68,1457,337,30,0,0,0,315,0,4907,214,2552,0,0,0,322,9998,112,292,323,757,447,67,19147,25,2421,382
2023-03-25,US,796909,0,0,0,0,0,0,0,0,0,0,0,0,0,0,0,0,0,0,0,0,2157,0,0,0,50369,0,0,0,0,0,0,0,0,0,24,0,47,0,0,0,5499,1536,0,621782,4401,0,0,0,0,0,0,0,0,34,252,0,0,0,0,18243,0,0,0,0,0,0,0,0,0,0,0,0,0,0,0,8134,130,0,35,0,76,1003,14108,29,0,0,0,0,0,48,125,959,0,34,77,2434,0,20330,0,70,1622,348,31,0,0,0,310,0,5211,218,2625,0,0,0,330,10211,112,285,356,738,482,67,19251,26,2381,371
2023-03-26,US,768515,0,0,0,0,0,0,0,0,0,0,0,0,0,0,0,0,0,0,0,0,2084,0,0,0,47229,0,0,0,0,0,0,0,0,0,23,0,46,0,0,0,5142,1446,0,599954,4609,0,0,0,0,0,0,0,0,34,275,0,0,0,0,17079,0,0,0,0,0,0,0,0,0,0,0,0,0,0,0,7850,121,0,35,0,74,927,14252,29,0,0,0,0,0,46,123,990,0,33,75,2499,0,19517,0,69,1714,344,30,0,0,0,293,0,5290,213,2587,0,0,0,323,9995,107,266,373,689,496,64,18554,25,2244,346
2023-03-27,US,740121,0,0,0,0,0,0,0,0,0,0,0,0,0,0,0,0,0,0,0,0,2010,0,0,0,44188,0,0,0,0,0,0,0,0,0,22,0,44,0,0,0,4798,1359,0,578102,4790,0,0,0,0,0,0,0,0,35,295,0,0,0,0,15953,0,0,0,0,0,0,0,0,0,0,0,0,0,0,0,7567,112,0,36,0,72,854,14348,28,0,0,0,0,0,44,120,1017,0,32,73,2553,0,18711,0,68,1796,339,29,0,0,0,275,0,5350,207,2546,0,0,0,316,9768,103,248,388,641,508,61,17858,25,2111,321
2023-03-28,US,711726,0,0,0,0,0,0,0,0,0,0,0,0,0,0,0,0,0,0,0,0,1936,0,0,0,41246,0,0,0,0,0,0,0,0,0,22,0,43,0,0,0,4465,1274,0,556226,4944,0,0,0,0,0,0,0,0,35,313,0,0,0,0,14865,0,0,0,0,0,0,0,0,0,0,0,0,0,0,0,7282,103,0,36,0,70,785,14397,27,0,0,0,0,0,43,117,1038,0,31,71,2596,0,17911,0,66,1866,334,28,0,0,0,259,0,5390,201,2500,0,0,0,309,9530,98,231,401,595,518,58,17163,24,1981,297
2023-03-29,US,683332,0,0,0,0,0,0,0,0,0,0,0,0,0,0,0,0,0,0,0,0,1862,0,0,0,38404,0,0,0,0,0,0,0,0,0,21,0,41,0,0,0,4144,1192,0,534326,5071,0,0,0,0,0,0,0,0,35,329,0,0,0,0,13815,0,0,0,0,0,0,0,0,0,0,0,0,0,0,0,6998,95,0,36,0,67,718,14397,26,0,0,0,0,0,41,114,1055,0,30,70,2627,0,17117,0,65,1925,329,28,0,0,0,243,0,5410,195,2450,0,0,0,301,9281,94,214,411,551,525,56,16469,23,1856,274
2023-03-30,US,654938,0,0,0,0,0,0,0,0,0,0,0,0,0,0,0,0,0,0,0,0,1788,0,0,0,35661,0,0,0,0,0,0,0,0,0,20,0,39,0,0,0,3835,1113,0,512402,5171,0,0,0,0,0,0,0,0,34,342,0,0,0,0,12803,0,0,0,0,0,0,0,0,0,0,0,0,0,0,0,6712,88,0,36,0,65,654,14350,25,0,0,0,0,0,40,111,1067,0,29,68,2647,0,16331,0,63,1973,322,27,0,0,0,227,0,5411,189,2396,0,0,0,293,9021,90,198,420,508,530,53,15775,23,1734,252
2023-03-31,US,626544,0,0,0,0,0,0,0,0,0,0,0,0,0,0,0,0,0,0,0,0,1713,0,0,0,33018,0,0,0,0,0,0,0,0,0,19,0,38,0,0,0,3538,1036,0,490454,5245,0,0,0,0,0,0,0,0,34,353,0,0,0,0,11829,0,0,0,0,0,0,0,0,0,0,0,0,0,0,0,6427,80,0,36,0,63,593,14255,24,0,0,0,0,0,38,108,1074,0,28,66,2656,0,15550,0,62,2010,315,26,0,0,0,212,0,5392,183,2338,0,0,0,284,8750,85,183,426,467,533,51,15083,22,1616,231
2023-04-01,US,598150,0,0,0,0,0,0,0,0,0,0,0,0,0,0,0,0,0,0,0,0,1638,0,0,0,30474,0,0,0,0,0,0,0,0,0,18,0,36,0,0,0,3253,962,0,468481,5291,0,0,0,0,0,0,0,0,34,361,0,0,0,0,10893,0,0,0,0,0,0,0,0,0,0,0,0,0,0,0,6140,73,0,35,0,60,535,14113,23,0,0,0,0,0,37,105,1076,0,27,64,2654,0,14777,0,60,2036,308,25,0,0,0,197,0,5354,176,2275,0,0,0,276,8469,81,168,430,428,533,48,14391,21,1502,211
2023-04-02,US,592794,0,0,0,0,0,0,0,0,0,0,0,0,0,0,0,0,0,0,0,0,1626,0,0,0,29163,0,0,0,0,0,0,0,0,0,18,0,36,0,0,0,3100,926,0,464538,5525,0,0,0,0,0,0,0,0,35,383,0,0,0,0,10399,0,0,0,0,0,0,0,0,0,0,0,0,0,0,0,6090,69,0,36,0,60,500,14485,23,0,0,0,0,0,36,105,1117,0,27,64,2748,0,14576,0,61,2134,312,25,0,0,0,190,0,5510,177,2298,0,0,0,277,8507,80,160,449,406,552,47,14254,21,1449,200
2023-04-03,US,587438,0,0,0,0,0,0,0,0,0,0,0,0,0,0,0,0,0,0,0,0,1614,0,0,0,27871,0,0,0,0,0,0,0,0,0,18,0,36,0,0,0,2949,891,0,460591,5754,0,0,0,0,0,0,0,0,36,403,0,0,0,0,9912,0,0,0,0,0,0,0,0,0,0,0,0,0,0,0,6040,65,0,37,0,60,465,14849,23,0,0,0,0,0,36,106,1157,0,27,64,2839,0,14376,0,61,2230,315,25,0,0,0,184,0,5663,177,2320,0,0,0,279,8543,79,152,468,385,572,47,14117,21,1395,188
2023-04-04,US,582083,0,0,0,0,0,0,0,0,0,0,0,0,0,0,0,0,0,0,0,0,1602,0,0,0,26598,0,0,0,0,0,0,0,0,0,18,0,36,0,0,0,2801,856,0,456639,5978,0,0,0,0,0,0,0,0,36,423,0,0,0,0,9432,0,0,0,0,0,0,0,0,0,0,0,0,0,0,0,5990,61,0,38,0,60,430,15203,23,0,0,0,0,0,36,106,1196,0,27,64,2928,0,14178,0,62,2323,319,25,0,0,0,177,0,5812,177,2341,0,0,0,280,8576,78,144,486,364,590,46,13980,22,1343,177
2023-04-05,US,576727,0,0,0,0,0,0,0,0,0,0,0,0,0,0,0,0,0,0,0,0,1590,0,0,0,25343,0,0,0,0,0,0,0,0,0,18,0,35,0,0,0,2654,822,0,452683,6196,0,0,0,0,0,0,0,0,37,443,0,0,0,0,8960,0,0,0,0,0,0,0,0,0,0,0,0,0,0,0,5940,57,0,39,0,59,396,15549,23,0,0,0,0,0,36,107,1234,0,27,65,3015,0,13981,0,62,2415,322,25,0,0,0,171,0,5957,177,2362,0,0,0,281,8608,77,136,504,343,608,45,13843,22,1291,166
2023-04-06,US,571371,0,0,0,0,0,0,0,0,0,0,0,0,0,0,0,0,0,0,0,0,1577,0,0,0,24107,0,0,0,0,0,0,0,0,0,18,0,35,0,0,0,2510,788,0,448722,6410,0,0,0,0,0,0,0,0,38,463,0,0,0,0,8494,0,0,0,0,0,0,0,0,0,0,0,0,0,0,0,5890,54,0,40,0,59,363,15885,23,0,0,0,0,0,36,107,1271,0,27,65,3100,0,13785,0,63,2504,326,25,0,0,0,164,0,6099,177,2381,0,0,0,282,8638,76,129,522,323,626,45,13707,22,1241,155
2023-04-07,US,566015,0,0,0,0,0,0,0,0,0,0,0,0,0,0,0,0,0,0,0,0,1565,0,0,0,22890,0,0,0,0,0,0,0,0,0,18,0,35,0,0,0,2369,755,0,444757,6619,0,0,0,0,0,0,0,0,39,482,0,0,0,0,8036,0,0,0,0,0,0,0,0,0,0,0,0,0,0,0,5839,50,0,41,0,59,330,16213,23,0,0,0,0,0,35,108,1307,0,27,65,3183,0,13591,0,63,2591,329,25,0,0,0,158,0,6236,177,2400,0,0,0,284,8666,75,121,539,303,643,44,13570,22,1190,145
2023-04-08,US,560660,0,0,0,0,0,0,0,0,0,0,0,0,0,0,0,0,0,0,0,0,1553,0,0,0,21691,0,0,0,0,0,0,0,0,0,18,0,35,0,0,0,2229,722,0,440787,6822,0,0,0,0,0,0,0,0,39,500,0,0,0,0,7585,0,0,0,0,0,0,0,0,0,0,0,0,0,0,0,5789,46,0,42,0,59,298,16531,23,0,0,0,0,0,35,108,1343,0,27,65,3263,0,13397,0,64,2676,332,25,0,0,0,151,0,6371,177,2418,0,0,0,285,8691,73,114,556,283,660,43,13434,22,1141,134
2023-04-09,US,553823,0,0,0,0,0,0,0,0,0,0,0,0,0,0,0,0,0,0,0,0,1536,0,0,0,20457,0,0,0,0,0,0,0,0,0,18,0,34,0,0,0,2086,688,0,435647,7002,0,0,0,0,0,0,0,0,40,517,0,0,0,0,7122,0,0,0,0,0,0,0,0,0,0,0,0,0,0,0,5723,42,0,42,0,58,266,16796,22,0,0,0,0,0,35,108,1374,0,27,65,3333,0,13170,0,64,2752,334,25,0,0,0,145,0,6484,177,2429,0,0,0,285,8692,72,107,571,263,675,42,13263,22,1089,124
2023-04-10,US,546987,0,0,0,0,0,0,0,0,0,0,0,0,0,0,0,0,0,0,0,0,1520,0,0,0,19247,0,0,0,0,0,0,0,0,0,17,0,34,0,0,0,1946,655,0,430502,7175,0,0,0,0,0,0,0,0,41,533,0,0,0,0,6668,0,0,0,0,0,0,0,0,0,0,0,0,0,0,0,5657,39,0,43,0,58,234,17049,22,0,0,0,0,0,35,108,1403,0,27,65,3400,0,12944,0,64,2825,336,25,0,0,0,138,0,6592,176,2439,0,0,0,285,8690,71,99,585,243,689,42,13091,22,1039,113
2023-04-11,US,540151,0,0,0,0,0,0,0,0,0,0,0,0,0,0,0,0,0,0,0,0,1503,0,0,0,18060,0,0,0,0,0,0,0,0,0,17,0,34,0,0,0,1809,622,0,425352,7342,0,0,0,0,0,0,0,0,41,548,0,0,0,0,6224,0,0,0,0,0,0,0,0,0,0,0,0,0,0,0,5591,35,0,44,0,58,203,17291,22,0,0,0,0,0,34,108,1432,0,26,65,3464,0,12720,0,64,2896,338,25,0,0,0,132,0,6696,176,2448,0,0,0,285,8685,70,92,598,224,702,41,12920,22,989,103
2023-04-12,US,533315,0,0,0,0,0,0,0,0,0,0,0,0,0,0,0,0,0,0,0,0,1487,0,0,0,16897,0,0,0,0,0,0,0,0,0,17,0,33,0,0,0,1675,590,0,420195,7502,0,0,0,0,0,0,0,0,42,563,0,0,0,0,5788,0,0,0,0,0,0,0,0,0,0,0,0,0,0,0,5524,32,0,44,0,57,173,17521,22,0,0,0,0,0,34,108,1459,0,26,65,3526,0,12498,0,64,2963,340,25,0,0,0,126,0,6795,175,2456,0,0,0,285,8677,68,85,612,205,715,40,12749,22,940,93
2023-04-13,US,526478,0,0,0,0,0,0,0,0,0,0,0,0,0,0,0,0,0,0,0,0,1470,0,0,0,15759,0,0,0,0,0,0,0,0,0,17,0,33,0,0,0,1543,558,0,415032,7656,0,0,0,0,0,0,0,0,42,578,0,0,0,0,5362,0,0,0,0,0,0,0,0,0,0,0,0,0,0,0,5458,28,0,45,0,57,143,17739,22,0,0,0,0,0,34,108,1485,0,26,65,3584,0,12277,0,65,3028,341,25,0,0,0,120,0,6889,174,2463,0,0,0,285,8667,67,78,624,187,728,39,12578,22,892,84
2023-04-14,US,519642,0,0,0,0,0,0,0,0,0,0,0,0,0,0,0,0,0,0,0,0,1453,0,0,0,14644,0,0,0,0,0,0,0,0,0,17,0,33,0,0,0,1415,527,0,409864,7803,0,0,0,0,0,0,0,0,43,592,0,0,0,0,4944,0,0,0,0,0,0,0,0,0,0,0,0,0,0,0,5391,25,0,45,0,57,115,17946,22,0,0,0,0,0,33,108,1510,0,26,65,3640,0,12057,0,65,3091,343,25,0,0,0,114,0,6979,174,2469,0,0,0,285,8654,66,71,636,169,739,39,12408,22,845,74
2023-04-15,US,512806,0,0,0,0,0,0,0,0,0,0,0,0,0,0,0,0,0,0,0,0,1436,0,0,0,13552,0,0,0,0,0,0,0,0,0,17,0,32,0,0,0,1289,497,0,404656,7943,0,0,0,0,0,0,0,0,43,605,0,0,0,0,4536,0,0,0,0,0,0,0,0,0,0,0,0,0,0,0,5324,22,0,46,0,56,86,18140,22,0,0,0,0,0,33,108,1534,0,26,65,3694,22,11839,0,65,3150,344,25,0,0,0,108,22,7063,173,2473,0,0,0,284,8638,65,65,648,151,751,38,12236,22,799,65
2023-04-16,US,506194,0,0,0,0,0,0,0,0,0,0,0,0,0,0,0,0,0,0,0,0,1407,0,0,0,13065,0,0,0,0,0,0,0,0,0,17,0,36,0,0,0,1253,511,0,397390,8512,0,0,0,0,0,0,0,0,47,637,0,0,0,0,4363,0,0,0,0,0,0,0,0,0,0,0,0,0,0,0,5235,21,0,46,0,56,83,18503,39,0,0,0,0,0,33,106,1565,0,26,68,3900,44,11829,0,68,3434,345,25,0,0,0,105,48,7194,192,2512,0,0,0,303,8528,76,64,710,156,810,37,11936,22,775,63
2023-04-17,US,499583,0,0,0,0,0,0,0,0,0,0,0,0,0,0,0,0,0,0,0,0,1377,0,0,0,12586,0,0,0,0,0,0,0,0,0,16,0,40,0,0,0,1217,525,0,390178,9063,0,0,0,0,0,0,0,0,51,669,0,0,0,0,4193,0,0,0,0,0,0,0,0,0,0,0,0,0,0,0,5146,21,0,47,0,55,80,18849,55,0,0,0,0,0,32,104,1596,0,26,72,4100,65,11817,0,72,3709,346,24,0,0,0,102,74,7320,211,2548,0,0,0,321,8419,87,63,770,161,867,36,11639,22,751,61
2023-04-18,US,492971,0,0,0,0,0,0,0,0,0,0,0,0,0,0,0,0,0,0,0,0,1348,0,0,0,12115,0,0,0,0,0,0,0,0,0,16,0,44,0,0,0,1182,539,0,383019,9596,0,0,0,0,0,0,0,0,55,699,0,0,0,0,4025,0,0,0,0,0,0,0,0,0,0,0,0,0,0,0,5058,21,0,47,0,55,77,19181,72,0,0,0,0,0,32,102,1625,0,25,75,4293,86,11800,0,75,3976,347,24,0,0,0,99,99,7440,229,2583,0,0,0,338,8309,97,62,829,165,922,36,11346,22,728,59
2023-04-19,US,486360,0,0,0,0,0,0,0,0,0,0,0,0,0,0,0,0,0,0,0,0,1320,0,0,0,11652,0,0,0,0,0,0,0,0,0,16,0,47,0,0,0,1148,552,0,375914,10112,0,0,0,0,0,0,0,0,59,728,0,0,0,0,3861,0,0,0,0,0,0,0,0,0,0,0,0,0,0,0,4970,21,0,48,0,55,74,19496,88,0,0,0,0,0,32,100,1652,0,25,78,4480,106,11780,0,78,4234,348,24,0,0,0,96,123,7554,246,2616,0,0,0,355,8199,108,61,886,169,976,35,11057,22,705,57
2023-04-20,US,479749,0,0,0,0,0,0,0,0,0,0,0,0,0,0,0,0,0,0,0,0,1291,0,0,0,11198,0,0,0,0,0,0,0,0,0,16,0,51,0,0,0,1114,564,0,368862,10610,0,0,0,0,0,0,0,0,63,756,0,0,0,0,3700,0,0,0,0,0,0,0,0,0,0,0,0,0,0,0,4883,20,0,48,0,54,72,19797,103,0,0,0,0,0,31,99,1679,0,25,81,4660,126,11756,0,81,4484,349,24,0,0,0,93,147,7662,263,2647,0,0,0,371,8089,117,60,940,173,1027,34,10771,22,682,55
2023-04-21,US,473137,0,0,0,0,0,0,0,0,0,0,0,0,0,0,0,0,0,0,0,0,1263,0,0,0,10751,0,0,0,0,0,0,0,0,0,16,0,54,0,0,0,1080,576,0,361863,11091,0,0,0,0,0,0,0,0,66,783,0,0,0,0,3542,0,0,0,0,0,0,0,0,0,0,0,0,0,0,0,4796,20,0,48,0,54,69,20081,118,0,0,0,0,0,31,97,1704,0,25,84,4833,145,11728,0,84,4725,349,24,0,0,0,91,170,7764,279,2676,0,0,0,386,7979,127,59,993,177,1077,34,10489,22,660,53
2023-04-22,US,466526,0,0,0,0,0,0,0,0,0,0,0,0,0,0,0,0,0,0,0,0,1235,0,0,0,10313,0,0,0,0,0,0,0,0,0,16,0,58,0,0,0,1047,587,0,354918,11555,0,0,0,0,0,0,0,0,70,809,0,0,0,0,3387,0,0,0,0,0,0,0,0,0,0,0,0,0,0,0,4710,20,0,49,0,53,66,20350,132,0,0,0,0,0,31,95,1727,0,25,87,5000,163,11696,0,87,4958,349,24,0,0,0,88,192,7860,295,2703,0,0,0,401,7869,136,58,1044,181,1126,33,10211,22,638,51
2023-04-23,US,470355,0,0,0,0,0,0,0,0,0,0,0,0,0,0,0,0,0,0,0,0,1235,0,0,0,10107,0,0,0,0,0,0,0,0,0,16,0,62,0,0,0,1038,611,0,355927,12273,0,0,0,0,0,0,0,0,75,853,0,0,0,0,3308,0,0,0,0,0,0,0,0,0,0,0,0,0,0,0,4730,20,0,50,0,54,65,21072,150,0,0,0,0,0,31,95,1789,0,25,91,5277,186,11926,0,91,5301,358,24,0,0,0,87,218,8132,317,2791,0,0,0,425,7935,149,59,1118,189,1199,33,10162,22,630,51
2023-04-24,US,474185,0,0,0,0,0,0,0,0,0,0,0,0,0,0,0,0,0,0,0,0,1235,0,0,0,9897,0,0,0,0,0,0,0,0,0,16,0,67,0,0,0,1028,636,0,356905,13002,0,0,0,0,0,0,0,0,80,898,0,0,0,0,3227,0,0,0,0,0,0,0,0,0,0,0,0,0,0,0,4749,20,0,52,0,55,63,21802,167,0,0,0,0,0,31,96,1852,0,25,96,5558,208,12157,0,96,5648,366,25,0,0,0,86,245,8406,340,2879,0,0,0,449,8001,161,59,1194,197,1273,33,10111,23,622,50
2023-04-25,US,478015,0,0,0,0,0,0,0,0,0,0,0,0,0,0,0,0,0,0,0,0,1234,0,0,0,9682,0,0,0,0,0,0,0,0,0,16,0,71,0,0,0,1018,661,0,357852,13741,0,0,0,0,0,0,0,0,85,943,0,0,0,0,3145,0,0,0,0,0,0,0,0,0,0,0,0,0,0,0,4768,20,0,53,0,55,62,22541,185,0,0,0,0,0,32,96,1916,0,26,101,5843,231,12391,0,101,6000,374,25,0,0,0,85,272,8684,363,2969,0,0,0,474,8067,174,59,1270,205,1348,33,10058,23,614,49
2023-04-26,US,481845,0,0,0,0,0,0,0,0,0,0,0,0,0,0,0,0,0,0,0,0,1234,0,0,0,9462,0,0,0,0,0,0,0,0,0,16,0,76,0,0,0,1008,686,0,358768,14490,0,0,0,0,0,0,0,0,90,989,0,0,0,0,3061,0,0,0,0,0,0,0,0,0,0,0,0,0,0,0,4786,20,0,54,0,56,61,23290,203,0,0,0,0,0,32,96,1980,0,26,106,6132,254,12627,0,106,6357,383,26,0,0,0,85,300,8966,386,3059,0,0,0,499,8133,186,60,1347,213,1424,33,10002,24,606,48
2023-04-27,US,485675,0,0,0,0,0,0,0,0,0,0,0,0,0,0,0,0,0,0,0,0,1233,0,0,0,9237,0,0,0,0,0,0,0,0,0,17,0,81,0,0,0,997,711,0,359653,15249,0,0,0,0,0,0,0,0,95,1035,0,0,0,0,2975,0,0,0,0,0,0,0,0,0,0,0,0,0,0,0,4804,21,0,56,0,57,59,24047,221,0,0,0,0,0,33,96,2045,0,27,111,6425,277,12865,0,111,6719,391,26,0,0,0,84,328,9250,410,3151,0,0,0,524,8199,199,60,1426,221,1501,33,9945,24,597,48
2023-04-28,US,489504,0,0,0,0,0,0,0,0,0,0,0,0,0,0,0,0,0,0,0,0,1232,0,0,0,9007,0,0,0,0,0,0,0,0,0,17,0,86,0,0,0,986,737,0,360507,16018,0,0,0,0,0,0,0,0,101,1083,0,0,0,0,2888,0,0,0,0,0,0,0,0,0,0,0,0,0,0,0,4822,21,0,57,0,58,58,24814,240,0,0,0,0,0,33,97,2111,0,27,116,6722,301,13105,0,116,7085,400,26,0,0,0,83,356,9538,434,3244,0,0,0,549,8265,213,61,1505,229,1579,33,9885,25,588,47
2023-04-29,US,493334,0,0,0,0,0,0,0,0,0,0,0,0,0,0,0,0,0,0,0,0,1231,0,0,0,8773,0,0,0,0,0,0,0,0,0,17,0,91,0,0,0,975,764,0,361329,16798,0,0,0,0,0,0,0,0,106,1130,0,0,0,0,2798,0,0,0,0,0,0,0,0,0,0,0,0,0,0,0,4840,21,0,59,0,59,57,25590,259,0,0,0,0,0,33,97,2178,0,27,121,7022,325,13348,0,121,7457,408,27,0,0,0,82,385,9830,458,3338,0,0,0,575,8331,226,61,1586,238,1659,33,9823,25,579,46
2023-04-30,US,493856,0,0,0,0,0,0,0,0,0,0,0,0,0,0,0,0,0,0,0,0,1221,0,0,0,8477,0,0,0,0,0,0,0,0,0,17,0,95,0,0,0,957,785,0,359711,17471,0,0,0,0,0,0,0,0,111,1171,0,0,0,0,2689,0,0,0,0,0,0,0,0,0,0,0,0,0,0,0,4825,21,0,60,0,59,55,26199,276,0,0,0,0,0,33,97,2230,0,27,125,7278,347,13502,0,125,7782,414,27,0,0,0,80,411,10057,479,3410,0,0,0,597,8342,238,61,1656,244,1727,33,9694,26,566,45
2023-05-01,US,494379,0,0,0,0,0,0,0,0,0,0,0,0,0,0,0,0,0,0,0,0,1212,0,0,0,8181,0,0,0,0,0,0,0,0,0,17,0,99,0,0,0,939,806,0,358089,18145,0,0,0,0,0,0,0,0,115,1211,0,0,0,0,2580,0,0,0,0,0,0,0,0,0,0,0,0,0,0,0,4810,21,0,61,0,59,53,26810,294,0,0,0,0,0,34,96,2283,0,28,130,7534,369,13657,0,130,8107,420,27,0,0,0,79,438,10285,500,3482,0,0,0,620,8352,250,61,1727,251,1796,33,9565,26,553,44
2023-05-02,US,494901,0,0,0,0,0,0,0,0,0,0,0,0,0,0,0,0,0,0,0,0,1202,0,0,0,7884,0,0,0,0,0,0,0,0,0,17,0,104,0,0,0,921,827,0,356463,18821,0,0,0,0,0,0,0,0,120,1252,0,0,0,0,2471,0,0,0,0,0,0,0,0,0,0,0,0,0,0,0,4795,21,0,62,0,60,51,27421,311,0,0,0,0,0,34,96,2336,0,28,134,7790,392,13812,0,134,8433,426,28,0,0,0,77,465,10514,522,3555,0,0,0,642,8362,262,61,1797,258,1865,33,9435,26,540,43
2023-05-03,US,495424,0,0,0,0,0,0,0,0,0,0,0,0,0,0,0,0,0,0,0,0,1192,0,0,0,7586,0,0,0,0,0,0,0,0,0,17,0,108,0,0,0,903,849,0,354832,19498,0,0,0,0,0,0,0,0,125,1292,0,0,0,0,2361,0,0,0,0,0,0,0,0,0,0,0,0,0,0,0,4779,21,0,63,0,60,49,28034,328,0,0,0,0,0,34,95,2389,0,28,138,8048,414,13967,0,138,8760,432,28,0,0,0,76,491,10743,543,3627,0,0,0,664,8373,274,61,1868,265,1935,32,9305,27,527,42
2023-05-04,US,495946,0,0,0,0,0,0,0,0,0,0,0,0,0,0,0,0,0,0,0,0,1183,0,0,0,7287,0,0,0,0,0,0,0,0,0,17,0,112,0,0,0,885,870,0,353197,20176,0,0,0,0,0,0,0,0,130,1333,0,0,0,0,2251,0,0,0,0,0,0,0,0,0,0,0,0,0,0,0,4764,21,0,65,0,60,47,28649,346,0,0,0,0,0,34,95,2442,0,28,143,8305,436,14122,0,143,9087,438,28,0,0,0,74,518,10972,565,3700,0,0,0,687,8383,286,61,1940,272,2004,32,9175,27,514,41
2023-05-05,US,496468,0,0,0,0,0,0,0,0,0,0,0,0,0,0,0,0,0,0,0,0,1173,0,0,0,6988,0,0,0,0,0,0,0,0,0,17,0,117,0,0,0,867,892,0,351558,20856,0,0,0,0,0,0,0,0,134,1374,0,0,0,0,2141,0,0,0,0,0,0,0,0,0,0,0,0,0,0,0,4749,21,0,66,0,61,45,29264,363,0,0,0,0,0,34,95,2495,0,28,147,8564,458,14278,0,147,9415,444,28,0,0,0,73,545,11202,586,3773,0,0,0,709,8393,298,61,2011,279,2073,32,9045,28,501,39
2023-05-06,US,496991,0,0,0,0,0,0,0,0,0,0,0,0,0,0,0,0,0,0,0,0,1164,0,0,0,6689,0,0,0,0,0,0,0,0,0,17,0,121,0,0,0,848,913,0,349914,21537,0,0,0,0,0,0,0,0,139,1415,0,0,0,0,2030,0,0,0,0,0,0,0,0,0,0,0,0,0,0,0,4733,21,0,67,0,61,44,29881,381,0,0,0,0,0,34,94,2548,0,29,152,8822,481,14434,0,152,9744,450,29,0,0,0,71,571,11432,608,3846,0,0,0,731,8404,310,61,2082,286,2143,32,8914,28,488,38
2023-05-07,US,495711,0,0,0,0,0,0,0,0,0,0,0,0,0,0,0,0,0,0,0,0,1150,0,0,0,6365,0,0,0,0,0,0,0,0,0,17,0,125,0,0,0,827,931,0,347004,22140,0,0,0,0,0,0,0,0,144,1451,0,0,0,0,1913,0,0,0,0,0,0,0,0,0,0,0,0,0,0,0,4701,21,0,68,0,61,42,30389,397,0,0,0,0,0,34,93,2592,0,29,155,9049,501,14538,0,155,10037,455,29,0,0,0,70,596,11621,627,3905,0,0,0,751,8384,321,60,2146,292,2205,32,8751,28,473,37
2023-05-08,US,494430,0,0,0,0,0,0,0,0,0,0,0,0,0,0,0,0,0,0,0,0,1136,0,0,0,6043,0,0,0,0,0,0,0,0,0,18,0,129,0,0,0,806,949,0,344104,22739,0,0,0,0,0,0,0,0,148,1486,0,0,0,0,1795,0,0,0,0,0,0,0,0,0,0,0,0,0,0,0,4669,21,0,69,0,62,40,30894,413,0,0,0,0,0,34,93,2635,0,29,159,9274,522,14640,0,159,10328,459,29,0,0,0,68,621,11808,647,3963,0,0,0,771,8364,332,60,2209,298,2266,31,8589,28,459,36
2023-05-09,US,493150,0,0,0,0,0,0,0,0,0,0,0,0,0,0,0,0,0,0,0,0,1122,0,0,0,5723,0,0,0,0,0,0,0,0,0,18,0,133,0,0,0,785,967,0,341214,23334,0,0,0,0,0,0,0,0,152,1522,0,0,0,0,1679,0,0,0,0,0,0,0,0,0,0,0,0,0,0,0,4636,21,0,70,0,62,38,31395,429,0,0,0,0,0,34,92,2679,0,29,163,9498,542,14743,0,163,10618,463,29,0,0,0,66,645,11995,666,4022,0,0,0,790,8343,343,60,2272,303,2327,31,8427,29,444,35
2023-05-10,US,491870,0,0,0,0,0,0,0,0,0,0,0,0,0,0,0,0,0,0,0,0,1108,0,0,0,5404,0,0,0,0,0,0,0,0,0,18,0,137,0,0,0,764,985,0,338335,23926,0,0,0,0,0,0,0,0,156,1557,0,0,0,0,1563,0,0,0,0,0,0,0,0,0,0,0,0,0,0,0,4604,21,0,70,0,62,36,31894,445,0,0,0,0,0,34,91,2722,0,29,167,9721,563,14844,0,167,10906,468,29,0,0,0,64,669,12180,685,4080,0,0,0,810,8323,354,60,2335,309,2388,31,8266,29,429,33
2023-05-11,US,490590,0,0,0,0,0,0,0,0,0,0,0,0,0,0,0,0,0,0,0,0,1095,0,0,0,5086,0,0,0,0,0,0,0,0,0,18,0,141,0,0,0,743,1003,0,335466,24515,0,0,0,0,0,0,0,0,160,1592,0,0,0,0,1448,0,0,0,0,0,0,0,0,0,0,0,0,0,0,0,4572,21,0,71,0,62,34,32390,461,0,0,0,0,0,34,90,2765,0,29,171,9942,583,14945,0,171,11192,472,29,0,0,0,63,694,12364,704,4137,0,0,0,829,8303,364,59,2397,315,2448,30,8106,29,415,32
2023-05-12,US,489309,0,0,0,0,0,0,0,0,0,0,0,0,0,0,0,0,0,0,0,0,1081,0,0,0,4771,0,0,0,0,0,0,0,0,0,18,0,144,0,0,0,723,1021,0,332607,25101,0,0,0,0,0,0,0,0,165,1626,0,0,0,0,1333,0,0,0,0,0,0,0,0,0,0,0,0,0,0,0,4540,21,0,72,0,62,32,32882,476,0,0,0,0,0,34,90,2807,0,29,174,10162,603,15045,0,174,11477,476,30,0,0,0,61,718,12547,723,4194,0,0,0,848,8283,375,59,2459,321,2508,30,7947,29,400,31
2023-05-13,US,488029,0,0,0,0,0,0,0,0,0,0,0,0,0,0,0,0,0,0,0,0,1066,0,0,0,4449,0,0,0,0,0,0,0,0,30,18,0,148,0,0,0,701,1036,0,329214,25640,0,0,0,0,0,0,0,0,168,1658,0,0,0,0,1217,0,0,0,0,0,0,0,0,0,0,0,0,0,0,0,4501,21,0,73,0,62,30,33317,491,0,0,0,0,0,34,89,2845,0,29,178,10364,622,15119,0,178,11741,480,30,0,0,0,59,740,12708,740,4244,326,215,237,866,8249,385,59,2517,326,2564,30,7775,30,385,30
2023-05-14,US,485335,0,0,0,0,0,0,0,0,0,0,0,0,0,0,0,0,0,0,0,0,1078,0,0,0,4311,0,0,0,0,0,0,0,0,29,18,0,147,0,0,0,698,1012,0,323361,26231,0,0,0,0,0,0,0,0,172,1968,0,0,0,0,1178,0,0,0,0,0,0,0,0,0,0,0,0,0,0,0,4479,21,0,74,0,62,30,33659,513,0,0,0,0,0,34,89,2899,0,29,172,10974,727,15290,0,214,12252,482,56,0,0,0,59,781,12817,789,4470,334,263,237,887,8163,427,58,2783,315,2731,29,7512,29,389,0
2023-05-15,US,482640,0,0,0,0,0,0,0,0,0,0,0,0,0,0,0,0,0,0,0,0,1090,0,0,0,4174,0,0,0,0,0,0,0,0,29,17,0,145,0,0,0,695,987,0,317534,26812,0,0,0,0,0,0,0,0,176,2273,0,0,0,0,1140,0,0,0,0,0,0,0,0,0,0,0,0,0,0,0,4457,20,0,74,0,62,31,33992,534,0,0,0,0,0,34,89,2953,0,29,167,11576,832,15458,0,250,12756,485,82,0,0,0,58,822,12923,836,4694,343,312,237,907,8077,468,58,3046,303,2896,29,7252,29,393,0
2023-05-16,US,479945,0,0,0,0,0,0,0,0,0,0,0,0,0,0,0,0,0,0,0,0,1101,0,0,0,4038,0,0,0,0,0,0,0,0,29,17,0,143,0,0,0,692,963,0,311751,27385,0,0,0,0,0,0,0,0,179,2576,0,0,0,0,1102,0,0,0,0,0,0,0,0,0,0,0,0,0,0,0,4435,20,0,75,0,62,32,34321,555,0,0,0,0,0,34,90,3005,0,29,162,12171,935,15624,0,286,13254,488,108,0,0,0,58,862,13027,883,4914,351,359,237,927,7992,509,57,3306,292,3059,29,6993,29,397,0
2023-05-17,US,477251,0,0,0,0,0,0,0,0,0,0,0,0,0,0,0,0,0,0,0,0,1112,0,0,0,3903,0,0,0,0,0,0,0,0,29,17,0,142,0,0,0,689,939,0,306014,27950,0,0,0,0,0,0,0,0,182,2874,0,0,0,0,1065,0,0,0,0,0,0,0,0,0,0,0,0,0,0,0,4413,20,0,75,0,62,33,34643,576,0,0,0,0,0,34,90,3057,0,29,157,12758,1037,15786,0,321,13745,490,134,0,0,0,57,902,13129,930,5132,359,407,238,946,7907,549,57,3563,282,3219,29,6737,29,401,0
2023-05-18,US,474556,0,0,0,0,0,0,0,0,0,0,0,0,0,0,0,0,0,0,0,0,1123,0,0,0,3770,0,0,0,0,0,0,0,0,29,17,0,140,0,0,0,686,915,0,300321,28507,0,0,0,0,0,0,0,0,186,3170,0,0,0,0,1028,0,0,0,0,0,0,0,0,0,0,0,0,0,0,0,4391,20,0,76,0,62,33,34959,596,0,0,0,0,0,34,90,3108,0,29,152,13338,1138,15945,0,356,14230,493,160,0,0,0,57,941,13230,976,5347,367,453,238,965,7822,589,57,3817,271,3378,29,6484,29,405,0
2023-05-19,US,471861,0,0,0,0,0,0,0,0,0,0,0,0,0,0,0,0,0,0,0,0,1134,0,0,0,3638,0,0,0,0,0,0,0,0,28,17,0,139,0,0,0,683,892,0,294673,29056,0,0,0,0,0,0,0,0,189,3461,0,0,0,0,991,0,0,0,0,0,0,0,0,0,0,0,0,0,0,0,4369,20,0,77,0,62,34,35270,616,0,0,0,0,0,34,91,3158,0,29,147,13911,1237,16102,0,390,14709,495,185,0,0,0,57,980,13328,1021,5559,375,499,238,984,7738,628,56,4067,260,3535,29,6233,28,408,0
2023-05-20,US,469167,0,0,0,0,0,0,0,0,0,0,0,0,0,0,0,0,0,0,0,0,1145,0,0,0,3507,0,0,0,0,0,0,0,0,28,17,0,137,0,0,0,680,868,0,289071,29597,0,0,0,0,0,0,0,0,192,3749,0,0,0,0,955,0,0,0,0,0,0,0,0,0,0,0,0,0,0,0,4347,20,0,77,0,62,35,35575,636,0,0,0,0,0,34,91,3207,0,29,142,14476,1335,16256,0,424,15181,498,210,0,0,0,56,1018,13424,1066,5769,383,545,238,1003,7654,667,56,4315,249,3690,29,5984,28,412,0
2023-05-21,US,461708,0,0,0,0,0,0,0,0,0,0,0,0,0,0,0,0,0,0,0,0,1144,0,0,0,3343,0,0,0,0,0,0,0,0,28,17,0,135,0,0,0,670,836,0,280617,29822,0,0,0,0,0,0,0,0,194,3993,0,0,0,0,909,0,0,0,0,0,0,0,0,0,0,0,0,0,0,0,4280,20,0,77,0,61,35,35507,649,0,0,0,0,0,33,90,3223,0,29,135,14880,1418,16239,0,453,15487,495,232,0,0,0,55,1044,13381,1099,5914,386,583,236,1011,7494,699,55,4513,237,3804,28,5680,28,411,0
2023-05-22,US,454250,0,0,0,0,0,0,0,0,0,0,0,0,0,0,0,0,0,0,0,0,1142,0,0,0,3183,0,0,0,0,0,0,0,0,27,17,0,132,0,0,0,660,805,0,272289,30024,0,0,0,0,0,0,0,0,195,4226,0,0,0,0,865,0,0,0,0,0,0,0,0,0,0,0,0,0,0,0,4214,19,0,77,0,61,35,35424,662,0,0,0,0,0,33,90,3236,0,29,129,15264,1497,16215,0,480,15775,492,253,0,0,0,54,1070,13331,1130,6052,390,621,233,1018,7334,728,54,4702,224,3912,28,5382,27,410,0
2023-05-23,US,446791,0,0,0,0,0,0,0,0,0,0,0,0,0,0,0,0,0,0,0,0,1139,0,0,0,3026,0,0,0,0,0,0,0,0,27,17,0,129,0,0,0,650,775,0,264085,30204,0,0,0,0,0,0,0,0,196,4450,0,0,0,0,821,0,0,0,0,0,0,0,0,0,0,0,0,0,0,0,4147,19,0,76,0,60,36,35325,673,0,0,0,0,0,33,89,3247,0,28,123,15627,1573,16183,0,507,16046,489,273,0,0,0,53,1094,13277,1160,6183,393,657,231,1025,7176,757,53,4883,212,4014,27,5090,27,409,0
2023-05-24,US,439333,0,0,0,0,0,0,0,0,0,0,0,0,0,0,0,0,0,0,0,0,1137,0,0,0,2872,0,0,0,0,0,0,0,0,26,16,0,126,0,0,0,640,745,0,256005,30361,0,0,0,0,0,0,0,0,197,4664,0,0,0,0,779,0,0,0,0,0,0,0,0,0,0,0,0,0,0,0,4081,19,0,76,0,59,36,35209,684,0,0,0,0,0,32,88,3256,0,28,117,15970,1645,16143,0,532,16299,486,293,0,0,0,52,1117,13217,1188,6305,396,691,228,1031,7020,784,52,5055,199,4111,27,4806,26,408,0
2023-05-25,US,431875,0,0,0,0,0,0,0,0,0,0,0,0,0,0,0,0,0,0,0,0,1133,0,0,0,2722,0,0,0,0,0,0,0,0,26,16,0,123,0,0,0,630,715,0,248051,30497,0,0,0,0,0,0,0,0,197,4869,0,0,0,0,737,0,0,0,0,0,0,0,0,0,0,0,0,0,0,0,4014,18,0,76,0,58,36,35077,694,0,0,0,0,0,32,87,3263,0,28,111,16292,1714,16095,0,556,16534,482,312,0,0,0,51,1138,13151,1214,6420,398,724,226,1035,6864,810,51,5218,188,4202,26,4528,26,407,0
2023-05-26,US,424416,0,0,0,0,0,0,0,0,0,0,0,0,0,0,0,0,0,0,0,0,1129,0,0,0,2576,0,0,0,0,0,0,0,0,25,16,0,121,0,0,0,620,686,0,240220,30609,0,0,0,0,0,0,0,0,198,5063,0,0,0,0,697,0,0,0,0,0,0,0,0,0,0,0,0,0,0,0,3947,18,0,75,0,58,36,34930,703,0,0,0,0,0,31,87,3268,0,27,105,16594,1780,16040,0,580,16752,479,330,0,0,0,50,1158,13080,1239,6528,400,755,223,1040,6710,834,50,5373,176,4288,26,4257,25,405,0
2023-05-27,US,416958,0,0,0,0,0,0,0,0,0,0,0,0,0,0,0,0,0,0,0,0,1124,0,0,0,2433,0,0,0,0,0,0,0,0,25,16,0,118,0,0,0,610,658,0,232514,30699,0,0,0,0,0,0,0,0,198,5248,0,0,0,0,657,0,0,0,0,0,0,0,0,0,0,0,0,0,0,0,3880,18,0,75,0,57,37,34766,712,0,0,0,0,0,31,86,3270,0,27,100,16875,1842,15976,0,602,16952,475,347,0,0,0,49,1176,13003,1262,6627,402,785,221,1043,6557,857,49,5519,165,4368,25,3993,25,403,0
2023-05-28,US,413454,0,0,0,0,0,0,0,0,0,0,0,0,0,0,0,0,0,0,0,0,1130,0,0,0,2315,0,0,0,0,0,0,0,0,25,16,0,116,0,0,0,606,636,0,227105,31064,0,0,0,0,0,0,0,0,200,5475,0,0,0,0,625,0,0,0,0,0,0,0,0,0,0,0,0,0,0,0,3850,18,0,75,0,57,37,34920,726,0,0,0,0,0,31,86,3302,0,27,95,17302,1920,16059,0,628,17300,476,367,0,0,0,49,1205,13046,1296,6784,407,821,220,1056,6467,888,49,5711,156,4486,25,3772,25,405,0
2023-05-29,US,409951,0,0,0,0,0,0,0,0,0,0,0,0,0,0,0,0,0,0,0,0,1136,0,0,0,2199,0,0,0,0,0,0,0,0,25,16,0,115,0,0,0,601,615,0,221755,31418,0,0,0,0,0,0,0,0,203,5698,0,0,0,0,592,0,0,0,0,0,0,0,0,0,0,0,0,0,0,0,3820,17,0,75,0,57,38,35066,741,0,0,0,0,0,30,86,3333,0,27,91,17718,1996,16138,0,655,17639,476,386,0,0,0,48,1233,13086,1329,6938,413,856,220,1068,6378,917,48,5900,146,4601,25,3554,24,407,0
2023-05-30,US,406447,0,0,0,0,0,0,0,0,0,0,0,0,0,0,0,0,0,0,0,0,1141,0,0,0,2085,0,0,0,0,0,0,0,0,24,15,0,113,0,0,0,597,594,0,216463,31762,0,0,0,0,0,0,0,0,205,5916,0,0,0,0,561,0,0,0,0,0,0,0,0,0,0,0,0,0,0,0,3790,17,0,76,0,56,38,35205,755,0,0,0,0,0,30,86,3363,0,27,86,18126,2070,16213,0,680,17970,477,406,0,0,0,48,1260,13124,1362,7087,418,890,219,1080,6289,946,48,6084,137,4713,25,3339,24,409,0
2023-05-31,US,402943,0,0,0,0,0,0,0,0,0,0,0,0,0,0,0,0,0,0,0,0,1146,0,0,0,1973,0,0,0,0,0,0,0,0,24,15,0,112,0,0,0,593,573,0,211229,32095,0,0,0,0,0,0,0,0,207,6129,0,0,0,0,530,0,0,0,0,0,0,0,0,0,0,0,0,0,0,0,3759,17,0,76,0,56,38,35337,768,0,0,0,0,0,30,86,3392,0,27,82,18523,2143,16284,0,705,18293,477,424,0,0,0,47,1287,13159,1393,7233,423,924,218,1092,6201,974,47,6264,128,4823,25,3127,24,410,0
2023-06-01,US,399439,0,0,0,0,0,0,0,0,0,0,0,0,0,0,0,0,0,0,0,0,1150,0,0,0,1862,0,0,0,0,0,0,0,0,24,15,0,110,0,0,0,588,552,0,206054,32418,0,0,0,0,0,0,0,0,209,6338,0,0,0,0,499,0,0,0,0,0,0,0,0,0,0,0,0,0,0,0,3729,17,0,76,0,56,39,35461,782,0,0,0,0,0,30,86,3420,0,27,78,18911,2214,16352,0,730,18608,477,443,0,0,0,47,1313,13191,1424,7376,427,957,218,1103,6113,1002,47,6440,119,4930,24,2918,24,412,0
2023-06-02,US,395936,0,0,0,0,0,0,0,0,0,0,0,0,0,0,0,0,0,0,0,0,1155,0,0,0,1753,0,0,0,0,0,0,0,0,24,15,0,108,0,0,0,584,532,0,200938,32730,0,0,0,0,0,0,0,0,210,6543,0,0,0,0,468,0,0,0,0,0,0,0,0,0,0,0,0,0,0,0,3699,17,0,76,0,56,39,35577,794,0,0,0,0,0,30,85,3447,0,27,74,19289,2283,16416,0,754,18914,477,461,0,0,0,46,1338,13221,1455,7515,432,990,217,1114,6026,1029,46,6612,111,5035,24,2713,23,413,0
2023-06-03,US,392432,0,0,0,0,0,0,0,0,0,0,0,0,0,0,0,0,0,0,0,0,1159,0,0,0,1645,0,0,0,0,0,0,0,0,23,15,0,107,0,0,0,579,512,0,195880,33032,0,0,0,0,0,0,0,0,212,6742,0,0,0,0,439,0,0,0,0,0,0,0,0,0,0,0,0,0,0,0,3668,17,0,76,0,55,40,35686,807,0,0,0,0,0,30,85,3473,0,26,69,19658,2351,16476,0,778,19212,478,478,0,0,0,46,1363,13248,1484,7650,437,1021,216,1124,5940,1056,46,6780,102,5137,24,2511,23,415,0
2023-06-04,US,389382,0,0,0,0,0,0,0,0,0,0,0,0,0,0,0,0,0,0,0,0,1164,0,0,0,1541,0,0,0,0,0,0,0,0,23,15,0,105,0,0,0,576,493,0,191103,33362,0,0,0,0,0,0,0,0,214,6946,0,0,0,0,410,0,0,0,0,0,0,0,0,0,0,0,0,0,0,0,3642,17,0,77,0,55,40,35829,820,0,0,0,0,0,29,85,3502,0,26,65,20040,2420,16552,0,802,19525,478,496,0,0,0,45,1389,13288,1515,7791,441,1054,216,1136,5861,1083,45,6952,94,5242,24,2314,23,416,0
2023-06-05,US,386332,0,0,0,0,0,0,0,0,0,0,0,0,0,0,0,0,0,0,0,0,1169,0,0,0,1438,0,0,0,0,0,0,0,0,23,15,0,104,0,0,0,572,474,0,186377,33682,0,0,0,0,0,0,0,0,216,7145,0,0,0,0,381,0,0,0,0,0,0,0,0,0,0,0,0,0,0,0,3616,17,0,77,0,55,41,35965,833,0,0,0,0,0,29,85,3530,0,26,61,20414,2488,16625,0,825,19830,479,513,0,0,0,45,1414,13326,1544,7929,446,1085,215,1147,5782,1109,45,7121,85,5345,24,2121,23,418,0
2023-06-06,US,383282,0,0,0,0,0,0,0,0,0,0,0,0,0,0,0,0,0,0,0,0,1174,0,0,0,1337,0,0,0,0,0,0,0,0,23,15,0,103,0,0,0,568,455,0,181702,33994,0,0,0,0,0,0,0,0,218,7340,0,0,0,0,353,0,0,0,0,0,0,0,0,0,0,0,0,0,0,0,3589,16,0,77,0,55,41,36095,846,0,0,0,0,0,29,85,3557,0,26,58,20780,2555,16695,0,848,20128,479,530,0,0,0,44,1439,13362,1573,8063,451,1116,215,1158,5704,1135,44,7286,77,5446,23,1930,22,420,0
2023-06-07,US,380232,0,0,0,0,0,0,0,0,0,0,0,0,0,0,0,0,0,0,0,0,1178,0,0,0,1237,0,0,0,0,0,0,0,0,23,15,0,101,0,0,0,564,437,0,177078,34296,0,0,0,0,0,0,0,0,220,7531,0,0,0,0,325,0,0,0,0,0,0,0,0,0,0,0,0,0,0,0,3563,16,0,77,0,55,41,36218,858,0,0,0,0,0,29,85,3584,0,26,54,21137,2620,16761,0,871,20419,480,547,0,0,0,44,1463,13395,1602,8195,455,1146,214,1168,5627,1161,44,7447,69,5545,23,1742,22,421,0
2023-06-08,US,377182,0,0,0,0,0,0,0,0,0,0,0,0,0,0,0,0,0,0,0,0,1183,0,0,0,1139,0,0,0,0,0,0,0,0,22,15,0,100,0,0,0,561,419,0,172505,34590,0,0,0,0,0,0,0,0,222,7718,0,0,0,0,298,0,0,0,0,0,0,0,0,0,0,0,0,0,0,0,3537,16,0,78,0,55,42,36335,870,0,0,0,0,0,29,85,3609,0,26,50,21486,2684,16825,0,893,20702,480,564,0,0,0,43,1486,13427,1630,8323,460,1176,214,1178,5550,1185,43,7605,61,5641,23,1557,22,423,0
2023-06-09,US,374132,0,0,0,0,0,0,0,0,0,0,0,0,0,0,0,0,0,0,0,0,1187,0,0,0,1042,0,0,0,0,0,0,0,0,22,15,0,99,0,0,0,557,401,0,167982,34874,0,0,0,0,0,0,0,0,223,7902,0,0,0,0,271,0,0,0,0,0,0,0,0,0,0,0,0,0,0,0,3510,16,0,78,0,54,42,36445,882,0,0,0,0,0,29,85,3634,0,26,46,21827,2746,16885,0,915,20979,480,580,0,0,0,43,1509,13456,1657,8448,464,1205,213,1188,5474,1210,43,7760,54,5735,23,1374,22,424,0
2023-06-10,US,371082,0,0,0,0,0,0,0,0,0,0,0,0,0,0,0,0,0,0,0,0,1189,0,0,0,945,0,0,0,0,0,0,0,0,22,15,0,97,0,0,0,552,382,0,163287,35100,0,0,0,0,0,0,0,0,225,8070,0,0,0,0,244,0,0,0,0,0,0,0,0,0,42,0,0,382,85,0,3479,16,0,78,0,54,42,36498,892,0,0,0,0,0,28,85,3653,0,26,42,22128,2803,16918,0,934,21219,480,595,0,0,0,42,1529,13464,1681,8558,467,1232,212,1196,5391,1232,42,7900,46,5819,23,1193,22,425,0
2023-06-11,US,368137,0,0,0,0,0,0,0,0,0,0,0,0,0,0,0,0,0,0,0,0,1189,0,0,0,936,0,0,0,0,0,0,0,0,22,15,0,96,0,0,0,545,371,0,159633,35195,0,0,0,0,0,0,0,0,226,8488,0,0,0,0,245,0,0,0,0,0,0,0,0,0,62,0,0,430,87,0,3501,16,0,78,0,54,42,36144,935,0,0,0,0,0,28,83,3627,0,26,42,22339,3138,16812,0,968,21169,480,681,0,0,0,43,1553,13413,1783,8643,589,1279,239,1183,5223,1270,42,7816,46,5660,22,1191,21,416,0
2023-06-12,US,365192,0,0,0,0,0,0,0,0,0,0,0,0,0,0,0,0,0,0,0,0,1188,0,0,0,928,0,0,0,0,0,0,0,0,22,15,0,94,0,0,0,538,361,0,156017,35285,0,0,0,0,0,0,0,0,228,8899,0,0,0,0,246,0,0,0,0,0,0,0,0,0,81,0,0,477,89,0,3522,16,0,78,0,54,41,35790,977,0,0,0,0,0,28,81,3602,0,26,42,22544,3468,16706,0,1001,21117,481,766,0,0,0,43,1577,13360,1883,8724,709,1325,266,1170,5058,1308,42,7733,45,5502,22,1189,21,407,0
2023-06-13,US,362246,0,0,0,0,0,0,0,0,0,0,0,0,0,0,0,0,0,0,0,0,1188,0,0,0,919,0,0,0,0,0,0,0,0,21,14,0,93,0,0,0,532,350,0,152439,35368,0,0,0,0,0,0,0,0,229,9303,0,0,0,0,246,0,0,0,0,0,0,0,0,0,100,0,0,524,91,0,3542,15,0,78,0,53,41,35438,1018,0,0,0,0,0,28,80,3576,0,26,41,22743,3792,16599,0,1033,21064,481,850,0,0,0,43,1600,13307,1982,8804,827,1370,292,1158,4894,1345,41,7650,44,5347,22,1188,21,398,0
2023-06-14,US,359301,0,0,0,0,0,0,0,0,0,0,0,0,0,0,0,0,0,0,0,0,1187,0,0,0,910,0,0,0,0,0,0,0,0,21,14,0,92,0,0,0,525,339,0,148899,35446,0,0,0,0,0,0,0,0,231,9698,0,0,0,0,247,0,0,0,0,0,0,0,0,0,118,0,0,569,93,0,3561,15,0,78,0,53,40,35086,1059,0,0,0,0,0,28,78,3550,0,26,41,22935,4110,16491,0,1064,21009,481,932,0,0,0,43,1623,13253,2078,8881,943,1415,317,1145,4733,1381,41,7568,44,5193,22,1186,21,390,0
2023-06-15,US,356355,0,0,0,0,0,0,0,0,0,0,0,0,0,0,0,0,0,0,0,0,1186,0,0,0,902,0,0,0,0,0,0,0,0,21,14,0,91,0,0,0,518,329,0,145396,35517,0,0,0,0,0,0,0,0,232,10086,0,0,0,0,248,0,0,0,0,0,0,0,0,0,137,0,0,614,95,0,3580,15,0,79,0,53,39,34736,1099,0,0,0,0,0,28,76,3524,0,25,40,23121,4422,16384,0,1095,20951,481,1012,0,0,0,43,1645,13198,2173,8955,1057,1458,342,1132,4573,1416,40,7485,43,5041,22,1184,20,381,0
2023-06-16,US,353410,0,0,0,0,0,0,0,0,0,0,0,0,0,0,0,0,0,0,0,0,1185,0,0,0,893,0,0,0,0,0,0,0,0,21,14,0,89,0,0,0,512,319,0,141930,35582,0,0,0,0,0,0,0,0,234,10466,0,0,0,0,248,0,0,0,0,0,0,0,0,0,154,0,0,658,96,0,3597,15,0,79,0,53,39,34386,1137,0,0,0,0,0,28,75,3499,0,25,40,23301,4729,16275,0,1126,20892,481,1091,0,0,0,43,1666,13142,2265,9027,1169,1501,367,1119,4416,1451,40,7403,43,4891,22,1181,20,373,0
2023-06-17,US,350465,0,0,0,0,0,0,0,0,0,0,0,0,0,0,0,0,0,0,0,0,1184,0,0,0,884,0,0,0,0,0,0,0,0,21,14,0,88,0,0,0,505,309,0,138503,35642,0,0,0,0,0,0,0,0,235,10838,0,0,0,0,249,0,0,0,0,0,0,0,0,0,172,0,0,701,98,0,3614,15,0,79,0,53,38,34038,1176,0,0,0,0,0,27,73,3473,0,25,40,23475,5030,16166,0,1155,20831,481,1169,0,0,0,43,1687,13086,2356,9097,1279,1543,391,1107,4260,1485,39,7322,42,4743,21,1179,20,364,0
2023-06-18,US,349686,0,0,0,0,0,0,0,0,0,0,0,0,0,0,0,0,0,0,0,0,1190,0,0,0,881,0,0,0,0,0,0,0,0,21,14,0,87,0,0,0,501,301,0,135955,35918,0,0,0,0,0,0,0,0,238,11273,0,0,0,0,251,0,0,0,0,0,0,0,0,0,190,0,0,748,100,0,3653,15,0,79,0,53,38,33901,1220,0,0,0,0,0,27,72,3468,0,25,39,23791,5358,16157,0,1191,20898,484,1253,0,0,0,43,1718,13109,2461,9221,1396,1593,417,1101,4133,1527,39,7286,42,4625,21,1184,20,358,0
2023-06-19,US,348908,0,0,0,0,0,0,0,0,0,0,0,0,0,0,0,0,0,0,0,0,1196,0,0,0,878,0,0,0,0,0,0,0,0,21,14,0,87,0,0,0,498,292,0,133417,36193,0,0,0,0,0,0,0,0,240,11706,0,0,0,0,253,0,0,0,0,0,0,0,0,0,209,0,0,794,103,0,3692,15,0,80,0,53,38,33764,1265,0,0,0,0,0,27,70,3464,0,25,39,24104,5685,16148,0,1227,20964,486,1337,0,0,0,44,1749,13133,2565,9345,1512,1644,443,1095,4005,1570,39,7250,42,4508,21,1189,20,352,0
2023-06-20,US,348129,0,0,0,0,0,0,0,0,0,0,0,0,0,0,0,0,0,0,0,0,1202,0,0,0,875,0,0,0,0,0,0,0,0,20,14,0,86,0,0,0,495,284,0,130890,36466,0,0,0,0,0,0,0,0,243,12136,0,0,0,0,255,0,0,0,0,0,0,0,0,0,227,0,0,841,105,0,3730,15,0,80,0,53,37,33627,1310,0,0,0,0,0,28,69,3459,0,26,39,24416,6010,16139,0,1263,21029,489,1420,0,0,0,44,1779,13156,2668,9468,1628,1694,469,1089,3878,1612,39,7214,42,4391,21,1193,20,346,0
2023-06-21,US,347351,0,0,0,0,0,0,0,0,0,0,0,0,0,0,0,0,0,0,0,0,1208,0,0,0,872,0,0,0,0,0,0,0,0,20,14,0,85,0,0,0,491,276,0,128372,36737,0,0,0,0,0,0,0,0,246,12565,0,0,0,0,257,0,0,0,0,0,0,0,0,0,245,0,0,887,107,0,3768,15,0,81,0,53,37,33491,1354,0,0,0,0,0,28,68,3455,0,26,39,24726,6334,16129,0,1299,21094,492,1503,0,0,0,44,1809,13179,2771,9591,1743,1744,495,1084,3752,1654,38,7178,42,4274,21,1198,20,340,0
2023-06-22,US,346572,0,0,0,0,0,0,0,0,0,0,0,0,0,0,0,0,0,0,0,0,1214,0,0,0,869,0,0,0,0,0,0,0,0,20,14,0,85,0,0,0,488,268,0,125863,37007,0,0,0,0,0,0,0,0,248,12991,0,0,0,0,259,0,0,0,0,0,0,0,0,0,263,0,0,933,110,0,3806,15,0,82,0,53,36,33355,1398,0,0,0,0,0,28,67,3450,0,26,39,25035,6657,16120,0,1335,21159,495,1585,0,0,0,44,1840,13202,2873,9713,1857,1794,521,1078,3626,1695,38,7142,41,4158,21,1203,20,334,0
2023-06-23,US,345794,0,0,0,0,0,0,0,0,0,0,0,0,0,0,0,0,0,0,0,0,1219,0,0,0,866,0,0,0,0,0,0,0,0,20,14,0,84,0,0,0,484,260,0,123365,37275,0,0,0,0,0,0,0,0,251,13416,0,0,0,0,261,0,0,0,0,0,0,0,0,0,281,0,0,979,112,0,3844,15,0,82,0,53,36,33219,1442,0,0,0,0,0,28,66,3446,0,26,39,25342,6978,16110,0,1370,21223,498,1667,0,0,0,45,1870,13224,2975,9834,1971,1843,546,1072,3501,1737,38,7106,41,4043,21,1208,20,328,0
2023-06-24,US,345016,0,0,0,0,0,0,0,0,0,0,0,0,0,0,0,0,0,0,0,0,1225,0,0,0,863,0,0,0,0,0,0,0,0,20,14,0,83,0,0,0,481,252,0,120877,37542,0,0,0,0,0,0,0,0,254,13838,0,0,0,0,263,0,0,0,0,0,0,0,0,0,299,0,0,1024,114,0,3881,15,0,83,0,53,36,33083,1485,0,0,0,0,0,28,64,3441,0,26,38,25648,7297,16100,0,1406,21287,500,1749,0,0,0,45,1900,13247,3077,9954,2085,1892,572,1067,3376,1778,38,7071,41,3928,21,1212,20,322,0
2023-06-25,US,354683,0,0,0,0,0,0,0,0,0,0,0,0,0,0,0,0,0,0,0,0,1268,0,0,0,886,0,0,0,0,0,0,0,0,21,15,0,85,0,0,0,492,252,0,121991,38954,0,0,0,0,0,0,0,0,264,14691,0,0,0,0,273,0,0,0,0,0,0,0,0,0,327,0,0,1102,120,0,4038,15,0,86,0,55,37,33948,1575,0,0,0,0,0,28,65,3541,0,27,39,26739,7846,16579,0,1484,21998,518,1886,0,0,0,47,1988,13671,3274,10380,2264,2000,615,1093,3351,1874,39,7249,42,3929,22,1254,20,326,0
2023-06-26,US,364351,0,0,0,0,0,0,0,0,0,0,0,0,0,0,0,0,0,0,0,0,1312,0,0,0,909,0,0,0,0,0,0,0,0,21,15,0,87,0,0,0,503,251,0,122982,40386,0,0,0,0,0,0,0,0,275,15570,0,0,0,0,283,0,0,0,0,0,0,0,0,0,355,0,0,1183,126,0,4196,16,0,89,0,57,37,34809,1668,0,0,0,0,0,29,66,3641,0,27,40,27851,8414,17059,0,1565,22715,536,2028,0,0,0,48,2078,14099,3477,10814,2450,2111,660,1120,3319,1973,40,7426,43,3924,22,1296,21,329,0
2023-06-27,US,374019,0,0,0,0,0,0,0,0,0,0,0,0,0,0,0,0,0,0,0,0,1356,0,0,0,932,0,0,0,0,0,0,0,0,22,16,0,88,0,0,0,514,250,0,123848,41838,0,0,0,0,0,0,0,0,286,16473,0,0,0,0,293,0,0,0,0,0,0,0,0,0,385,0,0,1266,132,0,4358,16,0,92,0,59,38,35666,1763,0,0,0,0,0,30,66,3741,0,28,41,28983,9001,17540,0,1648,23438,555,2174,0,0,0,50,2171,14529,3687,11255,2643,2225,707,1146,3280,2075,41,7601,44,3914,23,1338,21,332,0
2023-06-28,US,383686,0,0,0,0,0,0,0,0,0,0,0,0,0,0,0,0,0,0,0,0,1401,0,0,0,954,0,0,0,0,0,0,0,0,22,16,0,90,0,0,0,524,248,0,124591,43309,0,0,0,0,0,0,0,0,297,17403,0,0,0,0,304,0,0,0,0,0,0,0,0,0,415,0,0,1352,138,0,4522,16,0,95,0,60,39,36521,1860,0,0,0,0,0,31,67,3842,0,29,42,30135,9606,18023,0,1734,24168,574,2325,0,0,0,52,2265,14963,3902,11705,2843,2342,755,1172,3235,2179,42,7776,45,3897,23,1381,22,335,0
2023-06-29,US,393354,0,0,0,0,0,0,0,0,0,0,0,0,0,0,0,0,0,0,0,0,1446,0,0,0,977,0,0,0,0,0,0,0,0,23,16,0,92,0,0,0,535,246,0,125209,44801,0,0,0,0,0,0,0,0,308,18357,0,0,0,0,314,0,0,0,0,0,0,0,0,0,447,0,0,1440,145,0,4688,17,0,99,0,62,39,37371,1961,0,0,0,0,0,32,67,3942,0,30,43,31308,10231,18507,0,1821,24904,592,2481,0,0,0,54,2361,15399,4124,12162,3049,2462,804,1198,3183,2285,42,7950,46,3875,24,1424,22,337,0
2023-06-30,US,403022,0,0,0,0,0,0,0,0,0,0,0,0,0,0,0,0,0,0,0,0,1491,0,0,0,1000,0,0,0,0,0,0,0,0,23,17,0,94,0,0,0,545,243,0,125703,46311,0,0,0,0,0,0,0,0,319,19337,0,0,0,0,325,0,0,0,0,0,0,0,0,0,480,0,0,1532,151,0,4858,17,0,102,0,64,40,38219,2064,0,0,0,0,0,33,68,4043,0,31,44,32501,10874,18993,0,1911,25646,611,2642,0,0,0,55,2459,15839,4352,12628,3262,2585,855,1223,3125,2394,43,8122,47,3846,25,1468,23,340,0
2023-07-01,US,412690,0,0,0,0,0,0,0,0,0,0,0,0,0,0,0,0,0,0,0,0,1537,0,0,0,1022,0,0,0,0,0,0,0,0,24,17,0,95,0,0,0,556,240,0,126073,47842,0,0,0,0,0,0,0,0,331,20343,0,0,0,0,336,0,0,0,0,0,0,0,0,0,513,0,0,1625,158,0,5029,18,0,105,0,66,41,39063,2169,0,0,0,0,0,34,68,4144,0,32,45,33714,11536,19480,0,2002,26395,631,2808,0,0,0,57,2559,16281,4586,13102,3481,2711,908,1249,3060,2506,44,8293,48,3812,25,1512,23,342,0
2023-07-02,US,419094,0,0,0,0,0,0,0,0,0,0,0,0,0,0,0,0,0,0,0,0,1571,0,0,0,1037,0,0,0,0,0,0,0,0,24,18,0,96,0,0,0,562,235,0,125344,49010,0,0,0,0,0,0,0,0,340,21209,0,0,0,0,344,0,0,0,0,0,0,0,0,0,544,0,0,1709,163,0,5164,18,0,108,0,67,41,39595,2260,0,0,0,0,0,34,68,4212,0,32,46,34678,12122,19815,0,2080,26939,645,2955,0,0,0,59,2640,16597,4788,13479,3678,2818,955,1264,2965,2600,45,8398,48,3742,26,1544,23,341,0
2023-07-03,US,425499,0,0,0,0,0,0,0,0,0,0,0,0,0,0,0,0,0,0,0,0,1606,0,0,0,1051,0,0,0,0,0,0,0,0,25,18,0,97,0,0,0,567,230,0,124532,50192,0,0,0,0,0,0,0,0,349,22091,0,0,0,0,353,0,0,0,0,0,0,0,0,0,575,0,0,1794,169,0,5300,18,0,110,0,68,41,40125,2352,0,0,0,0,0,35,68,4280,0,33,46,35655,12721,20150,0,2159,27489,660,3106,0,0,0,60,2722,16915,4995,13861,3880,2927,1002,1279,2866,2695,45,8503,49,3669,26,1577,24,339,0
2023-07-04,US,431903,0,0,0,0,0,0,0,0,0,0,0,0,0,0,0,0,0,0,0,0,1641,0,0,0,1066,0,0,0,0,0,0,0,0,25,18,0,98,0,0,0,573,224,0,123638,51386,0,0,0,0,0,0,0,0,358,22991,0,0,0,0,361,0,0,0,0,0,0,0,0,0,607,0,0,1881,174,0,5437,19,0,113,0,70,42,40653,2446,0,0,0,0,0,35,68,4349,0,34,47,36646,13332,20487,0,2240,28042,675,3260,0,0,0,61,2806,17234,5205,14248,4086,3037,1051,1295,2763,2792,46,8606,49,3591,26,1610,24,338,0
2023-07-05,US,438308,0,0,0,0,0,0,0,0,0,0,0,0,0,0,0,0,0,0,0,0,1676,0,0,0,1080,0,0,0,0,0,0,0,0,25,19,0,98,0,0,0,578,218,0,122661,52594,0,0,0,0,0,0,0,0,367,23907,0,0,0,0,370,0,0,0,0,0,0,0,0,0,640,0,0,1969,180,0,5577,19,0,116,0,71,42,41179,2542,0,0,0,0,0,36,67,4417,0,34,48,37650,13956,20824,0,2322,28599,689,3417,0,0,0,63,2891,17556,5420,14641,4296,3150,1100,1310,2655,2891,46,8709,50,3510,27,1643,24,336,0
2023-07-06,US,444713,0,0,0,0,0,0,0,0,0,0,0,0,0,0,0,0,0,0,0,0,1712,0,0,0,1094,0,0,0,0,0,0,0,0,26,19,0,99,0,0,0,584,212,0,121602,53815,0,0,0,0,0,0,0,0,377,24840,0,0,0,0,379,0,0,0,0,0,0,0,0,0,673,0,0,2060,186,0,5718,19,0,118,0,72,42,41702,2640,0,0,0,0,0,37,67,4486,0,35,48,38668,14592,21162,0,2405,29161,705,3577,0,0,0,64,2977,17880,5639,15039,4511,3265,1151,1324,2544,2992,47,8811,51,3425,27,1677,25,334,0
2023-07-07,US,451117,0,0,0,0,0,0,0,0,0,0,0,0,0,0,0,0,0,0,0,0,1747,0,0,0,1109,0,0,0,0,0,0,0,0,26,19,0,100,0,0,0,589,205,0,120462,55049,0,0,0,0,0,0,0,0,387,25790,0,0,0,0,387,0,0,0,0,0,0,0,0,0,707,0,0,2152,192,0,5860,19,0,121,0,74,42,42223,2739,0,0,0,0,0,37,66,4555,0,36,49,39699,15240,21502,0,2490,29726,720,3740,0,0,0,66,3065,18205,5861,15442,4731,3382,1202,1339,2427,3094,48,8912,51,3335,28,1711,25,332,0
2023-07-08,US,457522,0,0,0,0,0,0,0,0,0,0,0,0,0,0,0,0,0,0,0,0,1779,0,0,0,1120,0,0,0,0,0,0,0,0,26,20,0,101,0,0,0,593,198,0,118929,56149,0,0,0,0,0,0,0,0,395,26687,0,0,0,0,395,0,0,0,0,0,0,0,0,0,740,0,0,2240,198,0,5989,20,0,123,0,75,42,42631,2833,0,0,0,0,0,38,66,4612,0,36,49,40638,15860,21786,66,2569,30217,733,3897,132,66,922,67,3146,18485,6072,15809,4941,3492,1252,1350,2301,3190,48,8989,52,3234,28,1740,25,329,0
2023-07-09,US,467459,0,0,0,0,0,0,0,0,0,0,0,0,0,0,0,0,0,0,0,0,1878,0,0,0,1107,0,0,0,0,0,0,0,0,27,20,0,102,0,0,0,592,200,0,119474,57389,0,0,0,0,0,0,0,0,514,28612,0,0,0,0,398,0,0,0,0,0,0,0,0,0,781,0,0,2384,248,0,6077,20,0,127,0,77,43,43048,3107,0,0,0,0,0,39,69,4751,0,37,50,41574,16529,22343,75,2695,30809,754,4566,140,74,1011,69,3242,18658,6246,15895,5089,3721,1354,1411,2316,3259,49,9017,52,3221,29,1731,26,329,0
2023-07-10,US,477396,0,0,0,0,0,0,0,0,0,0,0,0,0,0,0,0,0,0,0,0,1979,0,0,0,1091,0,0,0,0,0,0,0,0,28,21,0,103,0,0,0,590,202,0,119932,58629,0,0,0,0,0,0,0,0,638,30594,0,0,0,0,401,0,0,0,0,0,0,0,0,0,823,0,0,2532,301,0,6162,21,0,131,0,79,44,43444,3390,0,0,0,0,0,40,73,4892,0,38,51,42513,17212,22905,85,2824,31397,776,5259,148,82,1104,71,3340,18822,6422,15970,5238,3957,1459,1473,2330,3328,50,9038,53,3205,29,1720,26,328,0
2023-07-11,US,487333,0,0,0,0,0,0,0,0,0,0,0,0,0,0,0,0,0,0,0,0,2083,0,0,0,1075,0,0,0,0,0,0,0,0,28,21,0,105,0,0,0,587,204,0,120303,59870,0,0,0,0,0,0,0,0,767,32633,0,0,0,0,404,0,0,0,0,0,0,0,0,0,867,0,0,2685,356,0,6246,21,0,134,0,81,44,43818,3683,0,0,0,0,0,41,77,5034,0,39,52,43453,17908,23470,95,2956,31983,797,5978,157,91,1199,73,3439,18976,6600,16034,5389,4200,1568,1537,2343,3397,51,9052,54,3185,30,1707,27,327,0
2023-07-12,US,497270,0,0,0,0,0,0,0,0,0,0,0,0,0,0,0,0,0,0,0,0,2190,0,0,0,1056,0,0,0,0,0,0,0,0,29,22,0,106,0,0,0,584,206,0,120588,61112,0,0,0,0,0,0,0,0,900,34729,0,0,0,0,406,0,0,0,0,0,0,0,0,0,911,0,0,2841,412,0,6328,21,0,138,0,83,45,44171,3984,0,0,0,0,0,42,80,5178,0,40,53,44396,18618,24038,106,3091,32566,819,6722,166,99,1297,75,3539,19120,6780,16087,5541,4449,1679,1601,2354,3466,51,9059,55,3161,30,1691,27,326,0
2023-07-13,US,507207,0,0,0,0,0,0,0,0,0,0,0,0,0,0,0,0,0,0,0,0,2299,0,0,0,1036,0,0,0,0,0,0,0,0,29,22,0,108,0,0,0,581,208,0,120785,62355,0,0,0,0,0,0,0,0,1038,36883,0,0,0,0,409,0,0,0,0,0,0,0,0,0,956,0,0,3001,471,0,6409,22,0,142,0,85,45,44502,4295,0,0,0,0,0,43,84,5323,0,41,54,45341,19342,24611,117,3229,33147,841,7490,175,108,1397,77,3641,19255,6961,16129,5696,4705,1794,1668,2364,3535,52,9059,56,3134,31,1674,28,324,0
2023-07-14,US,517144,0,0,0,0,0,0,0,0,0,0,0,0,0,0,0,0,0,0,0,0,2410,0,0,0,1015,0,0,0,0,0,0,0,0,30,23,0,109,0,0,0,576,209,0,120895,63599,0,0,0,0,0,0,0,0,1181,39094,0,0,0,0,410,0,0,0,0,0,0,0,0,0,1003,0,0,3166,531,0,6487,22,0,146,0,87,46,44811,4614,0,0,0,0,0,44,88,5471,0,42,55,46289,20080,25186,128,3370,33724,864,8284,185,118,1501,79,3743,19379,7144,16160,5852,4967,1912,1735,2372,3604,53,9052,57,3104,32,1655,28,322,0
2023-07-15,US,527081,0,0,0,0,0,0,0,0,0,0,0,0,0,0,0,0,0,0,0,0,2525,0,0,0,992,0,0,0,0,0,0,0,0,30,23,0,110,0,0,0,571,211,0,120918,64843,0,0,0,0,0,0,0,0,1329,41363,0,0,0,0,412,0,0,0,0,0,0,0,0,0,1051,0,0,3335,594,0,6564,23,0,150,0,89,46,45098,4943,0,0,0,0,0,45,92,5620,0,43,56,47239,20832,25766,139,3514,34299,886,9102,194,127,1608,81,3847,19494,7329,16180,6009,5236,2034,1804,2379,3674,54,9037,58,3070,32,1634,29,320,0
2023-07-16,US,535202,0,0,0,0,0,0,0,0,0,0,0,0,0,0,0,0,0,0,0,0,2633,0,0,0,964,0,0,0,0,0,0,0,0,31,24,0,111,0,0,0,564,212,0,120446,65865,0,0,0,0,0,0,0,0,1476,43541,0,0,0,0,412,0,0,0,0,0,0,0,0,0,1096,0,0,3495,656,0,6616,23,0,153,0,90,46,45210,5263,0,0,0,0,0,45,96,5751,0,44,57,48028,21525,26260,151,3648,34753,906,9912,203,137,1712,83,3939,19533,7491,16134,6148,5493,2151,1868,2377,3730,55,8985,59,3022,33,1605,29,316,0
2023-07-17,US,543322,0,0,0,0,0,0,0,0,0,0,0,0,0,0,0,0,0,0,0,0,2742,0,0,0,934,0,0,0,0,0,0,0,0,31,24,0,112,0,0,0,556,213,0,119902,66887,0,0,0,0,0,0,0,0,1627,45766,0,0,0,0,412,0,0,0,0,0,0,0,0,0,1142,0,0,3659,720,0,6667,23,0,157,0,92,47,45305,5590,0,0,0,0,0,46,100,5883,0,45,57,48819,22228,26757,162,3785,35204,926,10742,213,147,1818,85,4031,19564,7654,16080,6288,5755,2271,1932,2373,3786,55,8927,59,2971,33,1574,30,312,0
2023-07-18,US,551442,0,0,0,0,0,0,0,0,0,0,0,0,0,0,0,0,0,0,0,0,2855,0,0,0,903,0,0,0,0,0,0,0,0,32,24,0,113,0,0,0,548,213,0,119287,67911,0,0,0,0,0,0,0,0,1782,48039,0,0,0,0,412,0,0,0,0,0,0,0,0,0,1188,0,0,3827,786,0,6716,24,0,160,0,94,47,45382,5924,0,0,0,0,0,47,104,6017,0,46,58,49611,22944,27256,174,3924,35654,946,11593,222,156,1927,87,4125,19588,7818,16016,6429,6023,2393,1998,2368,3843,56,8863,60,2917,34,1542,30,308,0
2023-07-19,US,559563,0,0,0,0,0,0,0,0,0,0,0,0,0,0,0,0,0,0,0,0,2969,0,0,0,871,0,0,0,0,0,0,0,0,32,25,0,114,0,0,0,539,214,0,118601,68934,0,0,0,0,0,0,0,0,1941,50358,0,0,0,0,411,0,0,0,0,0,0,0,0,0,1236,0,0,3998,853,0,6764,24,0,164,0,95,47,45441,6267,0,0,0,0,0,48,108,6152,0,47,59,50406,23670,27759,186,4066,36101,966,12463,232,167,2038,89,4220,19603,7984,15943,6572,6295,2518,2066,2361,3899,57,8794,61,2860,34,1509,30,304,0
2023-07-20,US,567683,0,0,0,0,0,0,0,0,0,0,0,0,0,0,0,0,0,0,0,0,3085,0,0,0,838,0,0,0,0,0,0,0,0,32,25,0,115,0,0,0,529,214,0,117844,69959,0,0,0,0,0,0,0,0,2103,52724,0,0,0,0,411,0,0,0,0,0,0,0,0,0,1284,0,0,4172,921,0,6810,24,0,168,0,97,47,45482,6616,0,0,0,0,0,49,112,6289,0,47,60,51202,24408,28265,199,4210,36546,986,13355,242,177,2152,91,4315,19610,8151,15861,6716,6574,2646,2134,2354,3956,57,8718,61,2801,35,1474,31,299,0
2023-07-21,US,575803,0,0,0,0,0,0,0,0,0,0,0,0,0,0,0,0,0,0,0,0,3203,0,0,0,803,0,0,0,0,0,0,0,0,33,26,0,116,0,0,0,519,215,0,117015,70984,0,0,0,0,0,0,0,0,2270,55137,0,0,0,0,410,0,0,0,0,0,0,0,0,0,1334,0,0,4349,992,0,6855,25,0,171,0,99,48,45506,6973,0,0,0,0,0,49,116,6427,0,48,60,52001,25157,28773,211,4357,36989,1007,14267,252,188,2268,93,4412,19609,8320,15771,6861,6857,2776,2203,2345,4012,58,8637,62,2738,35,1437,31,294,0
2023-07-22,US,583924,0,0,0,0,0,0,0,0,0,0,0,0,0,0,0,0,0,0,0,0,3324,0,0,0,767,0,0,0,0,0,0,0,0,33,26,0,116,0,0,0,509,215,0,116115,72010,0,0,0,0,0,0,0,0,2440,57597,0,0,0,0,409,0,0,0,0,0,0,0,0,0,1384,0,0,4530,1064,0,6899,25,0,175,0,101,48,45511,7337,0,0,0,0,0,50,120,6566,0,49,61,52801,25917,29285,224,4506,37429,1028,15199,262,198,2386,95,4509,19600,8490,15671,7008,7146,2909,2273,2335,4069,58,8550,63,2673,36,1398,31,289,0
2023-07-23,US,601531,0,0,0,0,0,0,0,0,0,0,0,0,0,0,0,0,0,0,0,0,3502,0,0,0,742,0,0,0,0,0,0,0,0,34,27,0,119,0,0,0,506,219,0,116990,74207,0,0,0,0,0,0,0,0,2656,61067,0,0,0,0,414,0,0,0,0,0,0,0,0,0,1458,0,0,4790,1156,0,7052,26,0,182,0,104,49,46228,7833,0,0,0,0,0,52,127,6814,0,51,63,54462,27117,30277,241,4732,38474,1065,16410,277,213,2547,98,4682,19897,8801,15811,7271,7560,3093,2382,2362,4191,60,8592,64,2647,37,1380,32,288,0
2023-07-24,US,619138,0,0,0,0,0,0,0,0,0,0,0,0,0,0,0,0,0,0,0,0,3684,0,0,0,713,0,0,0,0,0,0,0,0,35,28,0,121,0,0,0,502,223,0,117710,76406,0,0,0,0,0,0,0,0,2881,64639,0,0,0,0,419,0,0,0,0,0,0,0,0,0,1534,0,0,5057,1251,0,7202,27,0,188,0,108,50,46907,8344,0,0,0,0,0,54,133,7065,0,53,64,56127,28341,31276,259,4964,39514,1103,17666,292,228,2713,102,4856,20177,9115,15933,7538,7985,3283,2494,2385,4314,62,8622,66,2614,38,1358,33,286,0
2023-07-25,US,636746,0,0,0,0,0,0,0,0,0,0,0,0,0,0,0,0,0,0,0,0,3871,0,0,0,682,0,0,0,0,0,0,0,0,36,29,0,124,0,0,0,497,226,0,118275,78606,0,0,0,0,0,0,0,0,3114,68313,0,0,0,0,423,0,0,0,0,0,0,0,0,0,1612,0,0,5331,1350,0,7348,28,0,195,0,111,51,47547,8872,0,0,0,0,0,55,140,7319,0,54,66,57796,29589,32281,278,5201,40549,1142,18965,308,243,2885,106,5033,20439,9432,16034,7807,8422,3479,2608,2406,4436,63,8639,67,2575,39,1332,34,284,0
2023-07-26,US,654353,0,0,0,0,0,0,0,0,0,0,0,0,0,0,0,0,0,0,0,0,4063,0,0,0,648,0,0,0,0,0,0,0,0,37,30,0,126,0,0,0,491,229,0,118687,80807,0,0,0,0,0,0,0,0,3355,72088,0,0,0,0,427,0,0,0,0,0,0,0,0,0,1692,0,0,5612,1452,0,7492,28,0,202,0,115,52,48149,9415,0,0,0,0,0,57,146,7576,0,56,68,59469,30862,33292,296,5443,41579,1181,20309,324,259,3062,109,5212,20685,9752,16117,8079,8870,3680,2724,2424,4559,65,8644,69,2529,40,1303,35,281,0
2023-07-27,US,671960,0,0,0,0,0,0,0,0,0,0,0,0,0,0,0,0,0,0,0,0,4259,0,0,0,611,0,0,0,0,0,0,0,0,38,30,0,129,0,0,0,484,232,0,118944,83010,0,0,0,0,0,0,0,0,3605,75965,0,0,0,0,431,0,0,0,0,0,0,0,0,0,1774,0,0,5901,1558,0,7632,29,0,209,0,118,53,48712,9975,0,0,0,0,0,59,153,7835,0,58,69,61146,32160,34310,316,5690,42604,1220,21698,340,275,3243,113,5393,20913,10075,16179,8354,9330,3887,2842,2440,4681,66,8636,71,2478,41,1270,36,278,0
2023-07-28,US,689567,0,0,0,0,0,0,0,0,0,0,0,0,0,0,0,0,0,0,0,0,4459,0,0,0,571,0,0,0,0,0,0,0,0,39,31,0,131,0,0,0,475,235,0,119048,85215,0,0,0,0,0,0,0,0,3863,79944,0,0,0,0,434,0,0,0,0,0,0,0,0,0,1857,0,0,6196,1668,0,7769,30,0,216,0,122,53,49237,10551,0,0,0,0,0,60,160,8098,0,60,71,62828,33482,35334,336,5943,43625,1260,23130,357,292,3431,117,5576,21123,10402,16223,8632,9802,4100,2963,2453,4804,68,8615,72,2420,42,1234,37,274,0
2023-07-29,US,707175,0,0,0,0,0,0,0,0,0,0,0,0,0,0,0,0,0,0,0,0,4664,0,0,0,528,0,0,0,0,0,0,0,0,40,32,0,134,0,0,0,466,238,0,118996,87421,0,0,0,0,0,0,0,0,4129,84025,0,0,0,0,437,0,0,0,0,0,0,0,0,0,1943,0,0,6499,1780,0,7903,31,0,223,0,125,54,49723,11143,0,0,0,0,0,62,167,8364,0,61,73,64513,34829,36364,357,6201,44640,1300,24607,374,309,3623,121,5761,21317,10731,16246,8913,10285,4318,3086,2464,4926,69,8582,74,2356,44,1194,38,269,0
2023-07-30,US,727335,0,0,0,0,0,0,0,0,0,0,0,0,0,0,0,0,0,0,0,0,4891,0,0,0,484,0,0,0,0,0,0,0,0,41,33,0,136,0,0,0,457,242,0,119210,89944,0,0,0,0,0,0,0,0,4419,88518,0,0,0,0,441,0,0,0,0,0,0,0,0,0,2038,0,0,6834,1904,0,8062,31,0,231,0,129,55,50347,11792,0,0,0,0,0,64,175,8663,0,63,75,66435,36328,37533,380,6487,45811,1345,26220,393,329,3834,125,5970,21569,11103,16308,9230,10818,4558,3223,2481,5066,71,8566,76,2293,45,1155,39,265,0
2023-07-31,US,747495,0,0,0,0,0,0,0,0,0,0,0,0,0,0,0,0,0,0,0,0,5123,0,0,0,437,0,0,0,0,0,0,0,0,42,34,0,139,0,0,0,447,245,0,119246,92469,0,0,0,0,0,0,0,0,4719,93128,0,0,0,0,444,0,0,0,0,0,0,0,0,0,2134,0,0,7176,2031,0,8217,32,0,239,0,133,56,50928,12460,0,0,0,0,0,66,184,8965,0,65,77,68363,37854,38709,403,6779,46977,1391,27883,413,348,4051,129,6180,21801,11479,16347,9550,11365,4805,3363,2494,5207,73,8536,77,2224,46,1111,40,261,0
2023-08-01,US,767656,0,0,0,0,0,0,0,0,0,0,0,0,0,0,0,0,0,0,0,0,5361,0,0,0,386,0,0,0,0,0,0,0,0,43,35,0,142,0,0,0,436,248,0,119106,94995,0,0,0,0,0,0,0,0,5028,97854,0,0,0,0,447,0,0,0,0,0,0,0,0,0,2233,0,0,7527,2162,0,8368,33,0,247,0,138,57,51464,13146,0,0,0,0,0,68,192,9271,0,67,78,70294,39409,39892,427,7077,48137,1437,29597,433,368,4274,134,6394,22013,11858,16364,9874,11924,5058,3506,2505,5347,74,8491,79,2147,47,1064,41,255,0
2023-08-02,US,787816,0,0,0,0,0,0,0,0,0,0,0,0,0,0,0,0,0,0,0,0,5603,0,0,0,333,0,0,0,0,0,0,0,0,45,36,0,144,0,0,0,424,251,0,118789,97524,0,0,0,0,0,0,0,0,5347,102697,0,0,0,0,450,0,0,0,0,0,0,0,0,0,2334,0,0,7886,2297,0,8516,34,0,255,0,142,58,51956,13851,0,0,0,0,0,70,201,9580,0,70,80,72231,40992,41083,452,7382,49291,1484,31362,453,389,4503,138,6609,22206,12241,16358,10201,12497,5317,3651,2513,5487,76,8432,81,2063,49,1012,42,249,0
2023-08-03,US,807976,0,0,0,0,0,0,0,0,0,0,0,0,0,0,0,0,0,0,0,0,5851,0,0,0,275,0,0,0,0,0,0,0,0,46,37,0,147,0,0,0,410,254,0,118295,100054,0,0,0,0,0,0,0,0,5676,107657,0,0,0,0,452,0,0,0,0,0,0,0,0,0,2438,0,0,8253,2436,0,8660,35,0,263,0,146,59,52405,14574,0,0,0,0,0,72,209,9893,0,72,82,74172,42604,42281,477,7692,50440,1531,33178,474,410,4738,142,6827,22379,12628,16331,10531,13083,5583,3799,2518,5627,78,8358,83,1971,50,957,43,243,0
2023-08-04,US,828137,0,0,0,0,0,0,0,0,0,0,0,0,0,0,0,0,0,0,0,0,6104,0,0,0,215,0,0,0,0,0,0,0,0,47,38,0,149,0,0,0,395,256,0,117624,102586,0,0,0,0,0,0,0,0,6014,112733,0,0,0,0,453,0,0,0,0,0,0,0,0,0,2543,0,0,8629,2579,0,8801,36,0,272,0,150,60,52809,15316,0,0,0,0,0,74,218,10208,0,74,84,76118,44243,43486,503,8009,51583,1578,35044,496,432,4979,147,7048,22532,13018,16281,10866,13683,5856,3949,2519,5767,79,8270,85,1873,51,897,44,235,0
2023-08-05,US,848297,0,0,0,0,0,0,0,0,0,0,0,0,0,0,0,0,0,0,0,0,6362,0,0,0,151,0,0,0,0,0,0,0,0,48,39,0,151,0,0,0,379,259,0,116777,105119,0,0,0,0,0,0,0,0,6362,117926,0,0,0,0,454,0,0,0,0,0,0,0,0,0,2651,0,0,9013,2727,0,8937,37,0,280,0,154,61,53169,16076,0,0,0,0,0,76,227,10528,0,76,86,78068,45910,44699,530,8331,52721,1626,36961,518,454,5226,151,7271,22665,13412,16208,11203,14296,6135,4103,2518,5908,81,8167,86,1767,52,833,45,227,0
2023-08-06,US,873402,0,0,0,0,0,0,0,0,0,0,0,0,0,0,0,0,0,0,0,0,6509,0,0,0,155,0,0,0,0,0,0,0,0,49,41,0,152,0,0,0,378,259,0,118094,107360,0,0,0,0,0,0,0,0,7409,123705,0,0,0,0,464,0,0,0,0,0,0,0,0,0,2903,0,0,9408,3044,0,9026,38,0,290,0,159,62,53955,16810,0,0,0,0,0,106,232,10744,0,110,88,80146,48121,45726,650,8772,54035,1685,39067,531,486,5462,156,7623,22966,13711,16459,11589,14680,6205,4131,2546,5982,83,8214,88,1804,54,835,46,0,0
2023-08-07,US,898508,0,0,0,0,0,0,0,0,0,0,0,0,0,0,0,0,0,0,0,0,6651,0,0,0,159,0,0,0,0,0,0,0,0,51,42,0,152,0,0,0,376,258,0,119254,109521,0,0,0,0,0,0,0,0,8504,129582,0,0,0,0,473,0,0,0,0,0,0,0,0,0,3164,0,0,9809,3373,0,9102,39,0,301,0,165,63,54681,17555,0,0,0,0,0,139,237,10952,0,145,91,82189,50367,46724,775,9222,55320,1743,41222,545,518,5700,160,7980,23240,14001,16691,11975,15058,6267,4153,2570,6049,85,8248,91,1839,55,836,47,0,0
2023-08-08,US,923613,0,0,0,0,0,0,0,0,0,0,0,0,0,0,0,0,0,0,0,0,6791,0,0,0,162,0,0,0,0,0,0,0,0,52,43,0,152,0,0,0,373,257,0,120289,111631,0,0,0,0,0,0,0,0,9649,135590,0,0,0,0,482,0,0,0,0,0,0,0,0,0,3434,0,0,10216,3717,0,9167,40,0,311,0,170,64,55361,18314,0,0,0,0,0,173,242,11155,0,183,93,84216,52662,47704,906,9683,56591,1802,43434,558,551,5944,164,8345,23493,14285,16911,12364,15433,6323,4169,2592,6110,87,8270,93,1873,57,835,48,0,0
2023-08-09,US,948719,0,0,0,0,0,0,0,0,0,0,0,0,0,0,0,0,0,0,0,0,6929,0,0,0,166,0,0,0,0,0,0,0,0,53,45,0,152,0,0,0,370,255,0,121199,113688,0,0,0,0,0,0,0,0,10843,141727,0,0,0,0,490,0,0,0,0,0,0,0,0,0,3715,0,0,10631,4074,0,9222,41,0,321,0,175,65,55995,19088,0,0,0,0,0,208,247,11351,0,222,95,86230,55006,48666,1043,10155,57846,1862,45704,571,585,6192,168,8718,23723,14564,17116,12756,15806,6372,4180,2610,6165,89,8281,95,1906,59,833,50,0,0
2023-08-10,US,973824,0,0,0,0,0,0,0,0,0,0,0,0,0,0,0,0,0,0,0,0,7064,0,0,0,169,0,0,0,0,0,0,0,0,55,46,0,152,0,0,0,366,253,0,121984,115694,0,0,0,0,0,0,0,0,12086,147995,0,0,0,0,498,0,0,0,0,0,0,0,0,0,4006,0,0,11053,4444,0,9268,42,0,332,0,180,66,56582,19877,0,0,0,0,0,245,252,11542,0,263,98,88228,57397,49610,1186,10638,59087,1922,48032,584,620,6444,173,9099,23932,14836,17309,13151,16176,6414,4185,2626,6214,91,8281,97,1939,60,830,51,0,0
2023-08-11,US,998929,0,0,0,0,0,0,0,0,0,0,0,0,0,0,0,0,0,0,0,0,7197,0,0,0,172,0,0,0,0,0,0,0,0,56,47,0,151,0,0,0,361,250,0,122644,117648,0,0,0,0,0,0,0,0,13378,154392,0,0,0,0,506,0,0,0,0,0,0,0,0,0,4307,0,0,11482,4829,0,9302,43,0,343,0,186,67,57123,20680,0,0,0,0,0,284,256,11728,0,306,100,90212,59837,50537,1335,11132,60312,1983,50418,597,656,6702,177,9487,24119,15102,17488,13549,16544,6450,4185,2639,6257,93,8269,99,1970,62,825,52,0,0
2023-08-12,US,1024035,0,0,0,0,0,0,0,0,0,0,0,0,0,0,0,0,0,0,0,0,7327,0,0,0,176,0,0,0,0,0,0,0,0,57,49,0,150,0,0,0,356,247,0,123179,119550,0,0,0,0,0,0,0,0,14720,160920,0,0,0,0,514,0,0,0,0,0,0,0,0,0,4618,0,0,11919,5226,0,9327,45,0,354,0,191,68,57618,21498,0,0,0,0,0,325,261,11908,0,350,102,92182,62325,51446,1490,11637,61522,2044,52861,610,694,6963,181,9884,24285,15363,17653,13950,16910,6479,4180,2650,6295,95,8246,101,2000,63,819,53,0,0
2023-08-13,US,1033871,0,0,0,0,0,0,0,0,0,0,0,0,0,0,0,0,0,0,0,0,7346,0,0,0,176,0,0,0,0,0,0,0,0,58,49,0,147,0,0,0,345,240,0,121789,119633,0,0,0,0,0,0,0,0,15877,165139,0,0,0,0,514,0,0,0,0,0,0,0,0,0,4866,0,0,12183,5556,0,9205,45,0,359,0,194,68,57222,22006,0,0,0,0,0,362,262,11906,0,391,103,92766,63918,51575,1627,11977,61805,2076,54557,613,721,7125,183,10138,24074,15391,17546,14145,17021,6408,4109,2619,6234,96,8092,102,2000,64,800,54,0,0
2023-08-14,US,1043706,0,0,0,0,0,0,0,0,0,0,0,0,0,0,0,0,0,0,0,0,7364,0,0,0,177,0,0,0,0,0,0,0,0,58,50,0,143,0,0,0,333,233,0,120350,119696,0,0,0,0,0,0,0,0,17054,169409,0,0,0,0,514,0,0,0,0,0,0,0,0,0,5119,0,0,12449,5890,0,9079,45,0,365,0,196,67,56807,22519,0,0,0,0,0,399,262,11902,0,433,104,93345,65530,51698,1766,12320,62081,2107,56275,617,749,7287,184,10395,23853,15416,17433,14341,17132,6333,4035,2587,6171,96,7933,102,2000,65,780,54,0,0
2023-08-15,US,1053542,0,0,0,0,0,0,0,0,0,0,0,0,0,0,0,0,0,0,0,0,7381,0,0,0,178,0,0,0,0,0,0,0,0,59,50,0,140,0,0,0,321,226,0,118862,119738,0,0,0,0,0,0,0,0,18250,173730,0,0,0,0,514,0,0,0,0,0,0,0,0,0,5376,0,0,12719,6230,0,8949,46,0,371,0,199,67,56374,23038,0,0,0,0,0,437,263,11896,0,475,104,93918,67161,51813,1908,12668,62352,2139,58016,621,777,7452,186,10655,23625,15439,17315,14538,17242,6256,3959,2554,6106,97,7771,103,1999,65,760,55,0,0
2023-08-16,US,1063378,0,0,0,0,0,0,0,0,0,0,0,0,0,0,0,0,0,0,0,0,7397,0,0,0,178,0,0,0,0,0,0,0,0,59,51,0,136,0,0,0,309,218,0,117325,119760,0,0,0,0,0,0,0,0,19465,178103,0,0,0,0,513,0,0,0,0,0,0,0,0,0,5636,0,0,12991,6575,0,8815,46,0,376,0,201,67,55923,23563,0,0,0,0,0,476,263,11887,0,518,105,94485,68810,51922,2052,13021,62617,2171,59780,624,806,7619,187,10919,23388,15459,17192,14736,17350,6177,3881,2519,6039,97,7603,104,1998,66,739,55,0,0
2023-08-17,US,1073213,0,0,0,0,0,0,0,0,0,0,0,0,0,0,0,0,0,0,0,0,7412,0,0,0,179,0,0,0,0,0,0,0,0,60,52,0,133,0,0,0,297,210,0,115738,119762,0,0,0,0,0,0,0,0,20700,182527,0,0,0,0,513,0,0,0,0,0,0,0,0,0,5901,0,0,13267,6926,0,8677,47,0,382,0,204,67,55454,24094,0,0,0,0,0,515,263,11877,0,561,106,95047,70479,52024,2198,13378,62876,2203,61567,628,835,7787,188,11185,23142,15478,17064,14936,17458,6095,3801,2484,5969,98,7431,104,1996,66,718,55,0,0
2023-08-18,US,1083049,0,0,0,0,0,0,0,0,0,0,0,0,0,0,0,0,0,0,0,0,7426,0,0,0,179,0,0,0,0,0,0,0,0,60,52,0,129,0,0,0,284,202,0,114103,119743,0,0,0,0,0,0,0,0,21954,187002,0,0,0,0,512,0,0,0,0,0,0,0,0,0,6169,0,0,13545,7282,0,8535,47,0,388,0,206,67,54967,24631,0,0,0,0,0,555,264,11864,0,606,106,95603,72167,52118,2347,13739,63129,2236,63376,631,865,7957,190,11455,22888,15494,16930,15137,17565,6010,3719,2448,5897,99,7255,105,1994,67,696,56,0,0
2023-08-19,US,1092885,0,0,0,0,0,0,0,0,0,0,0,0,0,0,0,0,0,0,0,0,7440,0,0,0,180,0,0,0,0,0,0,0,0,61,53,0,125,0,0,0,272,194,0,112417,119703,0,0,0,0,0,0,0,0,23228,191528,0,0,0,0,512,0,0,0,0,0,0,0,0,0,6441,0,0,13826,7643,0,8389,48,0,394,0,209,66,54461,25173,0,0,0,0,0,596,264,11849,0,651,107,96153,73874,52206,2498,14104,63376,2268,65208,635,895,8129,191,11727,22625,15507,16791,15339,17670,5923,3635,2410,5822,99,7074,105,1992,68,674,56,0,0
2023-08-20,US,1102636,0,0,0,0,0,0,0,0,0,0,0,0,0,0,0,0,0,0,0,0,7451,0,0,0,180,0,0,0,0,0,0,0,0,61,53,0,121,0,0,0,258,186,0,110674,119635,0,0,0,0,0,0,0,0,24519,196090,0,0,0,0,511,0,0,0,0,0,0,0,0,0,6717,0,0,14109,8009,0,8238,48,0,400,0,211,66,53933,25719,0,0,0,0,0,637,265,11831,0,696,108,96689,75594,52282,2651,14473,63612,2301,67058,638,925,8302,193,12002,22352,15518,16645,15541,17774,5833,3548,2372,5745,100,6888,106,1989,68,651,57,0,0
2023-08-21,US,1112387,0,0,0,0,0,0,0,0,0,0,0,0,0,0,0,0,0,0,0,0,7462,0,0,0,181,0,0,0,0,0,0,0,0,62,54,0,117,0,0,0,245,177,0,108883,119546,0,0,0,0,0,0,0,0,25830,200703,0,0,0,0,510,0,0,0,0,0,0,0,0,0,6996,0,0,14395,8381,0,8084,49,0,406,0,214,66,53387,26271,0,0,0,0,0,679,265,11810,0,743,109,97220,77333,52352,2807,14846,63842,2334,68930,641,956,8477,194,12280,22071,15526,16494,15744,17876,5740,3459,2332,5666,100,6698,106,1986,69,628,57,0,0
2023-08-22,US,1122138,0,0,0,0,0,0,0,0,0,0,0,0,0,0,0,0,0,0,0,0,7472,0,0,0,181,0,0,0,0,0,0,0,0,62,55,0,113,0,0,0,231,169,0,107042,119436,0,0,0,0,0,0,0,0,27160,205367,0,0,0,0,509,0,0,0,0,0,0,0,0,0,7280,0,0,14683,8757,0,7925,49,0,412,0,217,66,52823,26828,0,0,0,0,0,722,265,11788,0,790,109,97746,79091,52414,2965,15224,64067,2367,70825,644,987,8654,196,12560,21781,15531,16338,15948,17978,5645,3368,2291,5584,101,6504,107,1983,70,604,57,0,0
2023-08-23,US,1131889,0,0,0,0,0,0,0,0,0,0,0,0,0,0,0,0,0,0,0,0,7480,0,0,0,182,0,0,0,0,0,0,0,0,63,55,0,109,0,0,0,217,160,0,105152,119307,0,0,0,0,0,0,0,0,28509,210082,0,0,0,0,508,0,0,0,0,0,0,0,0,0,7567,0,0,14975,9139,0,7762,49,0,418,0,219,65,52241,27391,0,0,0,0,0,765,265,11763,0,838,110,98265,80868,52470,3125,15606,64285,2400,72742,648,1018,8832,197,12844,21483,15535,16177,16153,18078,5547,3275,2249,5500,101,6305,107,1979,70,580,58,0,0
2023-08-24,US,1141640,0,0,0,0,0,0,0,0,0,0,0,0,0,0,0,0,0,0,0,0,7488,0,0,0,182,0,0,0,0,0,0,0,0,63,56,0,104,0,0,0,203,151,0,103213,119157,0,0,0,0,0,0,0,0,29878,214848,0,0,0,0,507,0,0,0,0,0,0,0,0,0,7858,0,0,15269,9527,0,7595,50,0,424,0,222,65,51640,27960,0,0,0,0,0,809,265,11736,0,886,111,98779,82664,52519,3287,15992,64498,2434,74682,651,1050,9013,198,13131,21176,15536,16010,16360,18178,5447,3180,2206,5413,102,6101,108,1974,71,555,58,0,0
2023-08-25,US,1151391,0,0,0,0,0,0,0,0,0,0,0,0,0,0,0,0,0,0,0,0,7495,0,0,0,182,0,0,0,0,0,0,0,0,64,56,0,100,0,0,0,188,142,0,101226,118987,0,0,0,0,0,0,0,0,31265,219664,0,0,0,0,506,0,0,0,0,0,0,0,0,0,8154,0,0,15566,9919,0,7424,50,0,430,0,225,65,51022,28535,0,0,0,0,0,853,265,11707,0,935,111,99288,84479,52561,3452,16382,64705,2468,76645,654,1082,9195,200,13421,20861,15535,15838,16567,18276,5344,3083,2162,5324,102,5893,108,1970,71,529,59,0,0
2023-08-26,US,1161142,0,0,0,0,0,0,0,0,0,0,0,0,0,0,0,0,0,0,0,0,7500,0,0,0,183,0,0,0,0,0,0,0,0,64,57,0,96,0,0,0,173,132,0,99189,118796,0,0,0,0,0,0,0,0,32673,224532,0,0,0,0,505,0,0,0,0,0,0,0,0,0,8453,0,0,15866,10317,0,7249,51,0,436,0,227,64,50386,29115,0,0,0,0,0,898,266,11675,0,985,112,99790,86312,52596,3619,16777,64906,2502,78630,657,1115,9379,201,13713,20537,15531,15661,16776,18374,5239,2983,2117,5233,103,5681,109,1965,72,504,59,0,0
2023-08-27,US,1185966,0,0,0,0,0,0,0,0,0,0,0,0,0,0,0,0,0,0,0,0,7602,0,0,0,185,0,0,0,0,0,0,0,0,66,58,0,92,0,0,0,160,124,0,98354,120112,0,0,0,0,0,0,0,0,34538,232404,0,0,0,0,510,0,0,0,0,0,0,0,0,0,8868,0,0,16377,10858,0,7161,52,0,448,0,233,65,50372,30084,0,0,0,0,0,956,269,11792,0,1049,114,101578,89300,53301,3838,17397,65939,2568,81676,669,1163,9687,205,14190,20465,15725,15678,17205,18708,5197,2919,2097,5206,104,5534,110,1985,74,483,60,0,0
2023-08-28,US,1210791,0,0,0,0,0,0,0,0,0,0,0,0,0,0,0,0,0,0,0,0,7701,0,0,0,188,0,0,0,0,0,0,0,0,67,60,0,88,0,0,0,146,116,0,97394,121377,0,0,0,0,0,0,0,0,36453,240405,0,0,0,0,514,0,0,0,0,0,0,0,0,0,9294,0,0,16895,11413,0,7063,53,0,460,0,239,65,50312,31067,0,0,0,0,0,1016,272,11902,0,1115,116,103351,92335,53989,4062,18028,66958,2636,84779,680,1212,10001,209,14674,20372,15914,15681,17637,19040,5148,2849,2075,5173,106,5377,112,2004,75,462,61,0,0
2023-08-29,US,1235615,0,0,0,0,0,0,0,0,0,0,0,0,0,0,0,0,0,0,0,0,7797,0,0,0,191,0,0,0,0,0,0,0,0,68,61,0,85,0,0,0,132,107,0,96311,122590,0,0,0,0,0,0,0,0,38416,248535,0,0,0,0,519,0,0,0,0,0,0,0,0,0,9729,0,0,17420,11981,0,6955,54,0,472,0,244,66,50206,32064,0,0,0,0,0,1077,276,12007,0,1183,118,105110,95419,54659,4292,18670,67961,2704,87940,691,1262,10319,213,15165,20257,16096,15671,18071,19370,5093,2773,2050,5134,108,5208,114,2022,77,439,62,0,0
2023-08-30,US,1260440,0,0,0,0,0,0,0,0,0,0,0,0,0,0,0,0,0,0,0,0,7891,0,0,0,193,0,0,0,0,0,0,0,0,70,63,0,81,0,0,0,117,98,0,95103,123752,0,0,0,0,0,0,0,0,40429,256794,0,0,0,0,523,0,0,0,0,0,0,0,0,0,10174,0,0,17953,12563,0,6836,55,0,485,0,250,66,50054,33077,0,0,0,0,0,1139,279,12107,0,1252,120,106854,98550,55312,4528,19324,68950,2772,91158,703,1313,10641,217,15664,20120,16273,15648,18509,19697,5032,2693,2022,5090,110,5027,116,2039,78,415,63,0,0
2023-08-31,US,1285265,0,0,0,0,0,0,0,0,0,0,0,0,0,0,0,0,0,0,0,0,7983,0,0,0,196,0,0,0,0,0,0,0,0,71,64,0,76,0,0,0,101,88,0,93771,124862,0,0,0,0,0,0,0,0,42490,265182,0,0,0,0,528,0,0,0,0,0,0,0,0,0,10629,0,0,18492,13158,0,6708,56,0,497,0,256,66,49856,34103,0,0,0,0,0,1204,282,12201,0,1323,123,108584,101730,55947,4770,19988,69924,2841,94433,714,1364,10968,221,16171,19963,16444,15611,18949,20022,4964,2607,1992,5039,111,4836,118,2055,80,389,65,0,0
2023-09-01,US,1310089,0,0,0,0,0,0,0,0,0,0,0,0,0,0,0,0,0,0,0,0,8072,0,0,0,198,0,0,0,0,0,0,0,0,72,65,0,72,0,0,0,84,78,0,92315,125921,0,0,0,0,0,0,0,0,44601,273699,0,0,0,0,531,0,0,0,0,0,0,0,0,0,11094,0,0,19039,13767,0,6569,57,0,509,0,262,67,49613,35144,0,0,0,0,0,1270,285,12289,0,1396,125,110299,104957,56565,5018,20663,70882,2911,97765,725,1417,11300,225,16686,19783,16609,15561,19392,20344,4890,2515,1958,4983,113,4633,119,2070,81,362,66,0,0
2023-09-02,US,1334914,0,0,0,0,0,0,0,0,0,0,0,0,0,0,0,0,0,0,0,0,8158,0,0,0,201,0,0,0,0,0,0,0,0,74,67,0,67,0,0,0,67,67,0,90734,126929,0,0,0,0,0,0,0,0,46760,282346,0,0,0,0,535,0,0,0,0,0,0,0,0,0,11569,0,0,19594,14389,0,6420,58,0,522,0,267,67,49324,36200,0,0,0,0,0,1337,288,12371,0,1471,127,112000,108233,57165,5272,21349,71826,2981,101155,736,1471,11636,229,17208,19582,16768,15498,19839,20664,4809,2419,1923,4921,115,4419,121,2084,83,334,67,0,0
2023-09-03,US,1334575,0,0,0,0,0,0,0,0,0,0,0,0,0,0,0,0,0,0,0,0,8210,0,0,0,196,0,0,0,0,0,0,0,0,73,77,0,69,0,0,0,73,69,0,88984,124942,0,0,0,0,0,0,0,0,49870,283540,0,0,0,0,522,0,0,0,0,0,0,0,0,0,11759,0,0,20067,14638,0,6467,58,0,525,0,340,68,48591,36372,0,0,0,0,0,1411,285,12268,0,1581,126,110911,108776,56785,5648,21289,70629,3422,102830,741,1798,11603,229,17064,19232,16491,15158,19501,20456,4771,2377,1887,4824,114,4296,121,2035,83,327,0,0,0
2023-09-04,US,1334237,0,0,0,0,0,0,0,0,0,0,0,0,0,0,0,0,0,0,0,0,8262,0,0,0,190,0,0,0,0,0,0,0,0,73,87,0,70,0,0,0,79,70,0,87230,122950,0,0,0,0,0,0,0,0,52975,284720,0,0,0,0,509,0,0,0,0,0,0,0,0,0,11949,0,0,20539,14886,0,6514,58,0,528,0,413,69,47856,36543,0,0,0,0,0,1485,283,12164,0,1690,126,109816,109314,56404,6024,21228,69430,3862,104498,745,2125,11569,228,16918,18881,16212,14817,19162,20247,4732,2334,1851,4727,114,4173,120,1985,83,319,0,0,0
2023-09-05,US,1333899,0,0,0,0,0,0,0,0,0,0,0,0,0,0,0,0,0,0,0,0,8314,0,0,0,185,0,0,0,0,0,0,0,0,73,98,0,72,0,0,0,85,72,0,85477,120958,0,0,0,0,0,0,0,0,56079,285900,0,0,0,0,496,0,0,0,0,0,0,0,0,0,12139,0,0,21011,15134,0,6560,58,0,530,0,485,69,47121,36713,0,0,0,0,0,1559,280,12060,0,1799,126,108723,109851,56022,6399,21167,68231,4303,106166,750,2451,11536,228,16773,18530,15934,14476,18824,20039,4694,2292,1815,4630,113,4050,119,1935,83,311,0,0,0
2023-09-06,US,1333561,0,0,0,0,0,0,0,0,0,0,0,0,0,0,0,0,0,0,0,0,8365,0,0,0,180,0,0,0,0,0,0,0,0,73,108,0,74,0,0,0,91,74,0,83725,118968,0,0,0,0,0,0,0,0,59181,287078,0,0,0,0,483,0,0,0,0,0,0,0,0,0,12328,0,0,21482,15382,0,6607,58,0,533,0,558,70,46387,36883,0,0,0,0,0,1633,277,11956,0,1908,125,107629,110388,55641,6775,21106,67032,4742,107832,755,2777,11502,227,16628,18179,15656,14136,18485,19831,4656,2250,1779,4533,113,3927,119,1886,83,303,0,0,0
2023-09-07,US,1333222,0,0,0,0,0,0,0,0,0,0,0,0,0,0,0,0,0,0,0,0,8416,0,0,0,175,0,0,0,0,0,0,0,0,73,118,0,76,0,0,0,97,76,0,81974,116979,0,0,0,0,0,0,0,0,62281,288256,0,0,0,0,470,0,0,0,0,0,0,0,0,0,12517,0,0,21954,15629,0,6654,58,0,536,0,630,71,45653,37053,0,0,0,0,0,1707,275,11852,0,2017,125,106537,110925,55259,7150,21046,65834,5182,109498,760,3103,11469,227,16482,17828,15378,13796,18147,19623,4617,2208,1744,4436,112,3804,118,1836,83,295,0,0,0
2023-09-08,US,1332884,0,0,0,0,0,0,0,0,0,0,0,0,0,0,0,0,0,0,0,0,8468,0,0,0,170,0,0,0,0,0,0,0,0,73,128,0,78,0,0,0,103,78,0,80223,114991,0,0,0,0,0,0,0,0,65380,289434,0,0,0,0,458,0,0,0,0,0,0,0,0,0,12707,0,0,22425,15877,0,6700,58,0,538,0,703,72,44919,37224,0,0,0,0,0,1780,272,11748,0,2126,125,105445,111462,54878,7525,20985,64637,5622,111163,765,3429,11436,227,16337,17478,15100,13456,17809,19414,4579,2166,1708,4340,112,3681,118,1786,83,288,0,0,0
2023-09-09,US,1332546,0,0,0,0,0,0,0,0,0,0,0,0,0,0,0,0,0,0,0,0,8519,0,0,0,165,0,0,0,0,0,0,0,0,73,138,0,79,0,0,0,109,79,0,78474,113003,0,0,0,0,0,0,0,0,68478,290611,0,0,0,0,445,0,0,0,0,0,0,0,0,0,12896,0,0,22896,16124,0,6747,58,0,541,0,775,73,44186,37393,0,0,0,0,0,1854,270,11644,0,2235,124,104353,111998,54497,7899,20924,63440,6061,112828,770,3755,11402,226,16192,17128,14822,13116,17472,19206,4540,2124,1672,4243,111,3559,117,1737,83,280,0,0,0
2023-09-10,US,1315200,0,0,0,0,0,0,0,0,0,0,0,0,0,0,0,0,0,0,0,0,8461,0,0,0,158,0,0,0,0,0,0,0,0,72,147,0,80,0,0,0,113,80,0,75745,109600,0,0,0,0,0,0,0,0,70660,288062,0,0,0,0,426,0,0,0,0,0,0,0,0,0,12918,0,0,23068,16163,0,6707,58,0,537,0,836,72,42898,37084,0,0,0,0,0,1903,264,11393,0,2314,122,101944,111097,53426,8168,20597,61449,6417,113029,765,4029,11224,223,15842,16563,14359,12614,16915,18756,4445,2056,1616,4093,109,3392,115,1666,82,268,0,0,0
2023-09-11,US,1297854,0,0,0,0,0,0,0,0,0,0,0,0,0,0,0,0,0,0,0,0,8402,0,0,0,151,0,0,0,0,0,0,0,0,71,155,0,81,0,0,0,118,81,0,73062,106247,0,0,0,0,0,0,0,0,72761,285480,0,0,0,0,408,0,0,0,0,0,0,0,0,0,12935,0,0,23228,16195,0,6666,57,0,533,0,896,72,41629,36769,0,0,0,0,0,1950,258,11145,0,2390,120,99562,110182,52364,8427,20271,59489,6761,113187,760,4294,11046,220,15496,16008,13903,12120,16368,18311,4350,1988,1560,3946,108,3229,113,1596,81,257,0,0,0
2023-09-12,US,1280508,0,0,0,0,0,0,0,0,0,0,0,0,0,0,0,0,0,0,0,0,8341,0,0,0,144,0,0,0,0,0,0,0,0,70,162,0,82,0,0,0,122,82,0,70424,102945,0,0,0,0,0,0,0,0,74781,282866,0,0,0,0,390,0,0,0,0,0,0,0,0,0,12947,0,0,23375,16220,0,6623,56,0,528,0,954,72,40379,36450,0,0,0,0,0,1995,252,10899,0,2463,118,97208,109252,51311,8677,19947,57559,7094,113300,755,4550,10869,216,15153,15462,13454,11634,15828,17871,4256,1922,1505,3801,106,3068,111,1527,80,247,0,0,0
2023-09-13,US,1263162,0,0,0,0,0,0,0,0,0,0,0,0,0,0,0,0,0,0,0,0,8279,0,0,0,137,0,0,0,0,0,0,0,0,69,170,0,82,0,0,0,126,82,0,67831,99695,0,0,0,0,0,0,0,0,76719,280220,0,0,0,0,373,0,0,0,0,0,0,0,0,0,12954,0,0,23510,16238,0,6579,55,0,524,0,1010,72,39148,36127,0,0,0,0,0,2039,246,10656,0,2533,117,94882,108307,50268,8916,19624,55661,7416,113370,749,4798,10693,213,14814,14925,13012,11158,15298,17436,4163,1857,1451,3659,104,2911,109,1460,79,236,0,0,0
2023-09-14,US,1245816,0,0,0,0,0,0,0,0,0,0,0,0,0,0,0,0,0,0,0,0,8215,0,0,0,131,0,0,0,0,0,0,0,0,68,177,0,83,0,0,0,130,83,0,65283,96495,0,0,0,0,0,0,0,0,78577,277541,0,0,0,0,356,0,0,0,0,0,0,0,0,0,12956,0,0,23633,16251,0,6534,55,0,519,0,1064,72,37935,35798,0,0,0,0,0,2080,240,10415,0,2601,115,92584,107348,49235,9146,19303,53793,7726,113395,744,5038,10518,210,14479,14396,12577,10690,14776,17007,4071,1793,1398,3520,102,2757,107,1394,78,225,0,0,0
2023-09-15,US,1228470,0,0,0,0,0,0,0,0,0,0,0,0,0,0,0,0,0,0,0,0,8150,0,0,0,124,0,0,0,0,0,0,0,0,67,184,0,83,0,0,0,134,83,0,62780,93346,0,0,0,0,0,0,0,0,80354,274829,0,0,0,0,339,0,0,0,0,0,0,0,0,0,12953,0,0,23743,16256,0,6488,54,0,515,0,1116,72,36742,35465,0,0,0,0,0,2119,235,10177,0,2666,113,90313,106374,48211,9366,18983,51956,8025,113377,738,5269,10343,207,14148,13877,12150,10231,14263,16583,3980,1729,1346,3383,100,2607,105,1330,77,215,0,0,0
2023-09-16,US,1211124,0,0,0,0,0,0,0,0,0,0,0,0,0,0,0,0,0,0,0,0,8084,0,0,0,118,0,0,0,0,0,0,0,0,66,191,0,84,0,0,0,137,84,0,60322,90249,0,0,0,0,0,0,0,0,82050,272085,0,0,0,0,323,0,0,0,0,0,0,0,0,0,12945,0,0,23841,16255,0,6440,53,0,510,0,1166,71,35567,35127,0,0,0,0,0,2157,229,9942,0,2727,111,88070,105385,47197,9576,18665,50149,8312,113314,732,5491,10169,203,13820,13367,11729,9781,13759,16164,3890,1667,1295,3248,98,2459,103,1266,75,205,0,0,0
2023-09-17,US,1188386,0,0,0,0,0,0,0,0,0,0,0,0,0,0,0,0,0,0,0,0,7980,0,0,0,111,0,0,0,0,0,0,0,0,65,196,0,84,0,0,0,140,84,0,57647,86808,0,0,0,0,0,0,0,0,83286,268091,0,0,0,0,305,0,0,0,0,0,0,0,0,0,12874,0,0,23819,16174,0,6362,52,0,503,0,1209,71,34255,34628,0,0,0,0,0,2182,223,9665,0,2774,109,85467,103910,45984,9732,18265,48155,8549,112696,723,5679,9951,199,13435,12807,11265,9297,13204,15680,3784,1599,1240,3102,96,2304,101,1199,74,194,0,0,0
2023-09-18,US,1165647,0,0,0,0,0,0,0,0,0,0,0,0,0,0,0,0,0,0,0,0,7874,0,0,0,104,0,0,0,0,0,0,0,0,63,201,0,84,0,0,0,143,84,0,55031,83434,0,0,0,0,0,0,0,0,84417,264055,0,0,0,0,288,0,0,0,0,0,0,0,0,0,12796,0,0,23780,16085,0,6283,51,0,496,0,1249,70,32968,34122,0,0,0,0,0,2205,216,9392,0,2816,106,82900,102415,44783,9875,17867,46201,8771,112020,714,5856,9734,195,13054,12260,10810,8825,12659,15202,3679,1532,1185,2959,94,2154,98,1133,73,184,0,0,0
2023-09-19,US,1142908,0,0,0,0,0,0,0,0,0,0,0,0,0,0,0,0,0,0,0,0,7766,0,0,0,98,0,0,0,0,0,0,0,0,62,206,0,84,0,0,0,145,84,0,52475,80127,0,0,0,0,0,0,0,0,85441,259977,0,0,0,0,272,0,0,0,0,0,0,0,0,0,12711,0,0,23725,15987,0,6202,50,0,489,0,1287,69,31706,33610,0,0,0,0,0,2226,210,9122,0,2855,104,80370,100902,43594,10006,17471,44287,8978,111286,704,6022,9518,191,12679,11724,10364,8365,12127,14731,3575,1467,1132,2819,92,2007,96,1069,71,174,0,0,0
2023-09-20,US,1120170,0,0,0,0,0,0,0,0,0,0,0,0,0,0,0,0,0,0,0,0,7657,0,0,0,92,0,0,0,0,0,0,0,0,61,211,0,84,0,0,0,147,84,0,49977,76887,0,0,0,0,0,0,0,0,86358,255855,0,0,0,0,256,0,0,0,0,0,0,0,0,0,12620,0,0,23653,15880,0,6119,49,0,482,0,1322,69,30469,33093,0,0,0,0,0,2244,203,8856,0,2891,102,77876,99369,42419,10123,17076,42414,9170,110495,695,6177,9303,187,12308,11200,9928,7915,11605,14268,3473,1403,1079,2682,89,1865,94,1006,70,164,0,0,0
2023-09-21,US,1097431,0,0,0,0,0,0,0,0,0,0,0,0,0,0,0,0,0,0,0,0,7546,0,0,0,86,0,0,0,0,0,0,0,0,59,215,0,83,0,0,0,149,83,0,47538,73713,0,0,0,0,0,0,0,0,87170,251691,0,0,0,0,240,0,0,0,0,0,0,0,0,0,12522,0,0,23565,15765,0,6035,48,0,474,0,1355,68,29256,32569,0,0,0,0,0,2260,197,8593,0,2922,99,75418,97817,41255,10228,16684,40581,9346,109645,685,6321,9089,183,11942,10688,9500,7478,11095,13811,3371,1340,1028,2549,87,1726,91,945,68,154,0,0,0
2023-09-22,US,1074693,0,0,0,0,0,0,0,0,0,0,0,0,0,0,0,0,0,0,0,0,7433,0,0,0,80,0,0,0,0,0,0,0,0,58,219,0,83,0,0,0,151,83,0,45159,70607,0,0,0,0,0,0,0,0,87875,247485,0,0,0,0,225,0,0,0,0,0,0,0,0,0,12418,0,0,23461,15641,0,5949,47,0,467,0,1386,67,28067,32038,0,0,0,0,0,2273,191,8334,0,2950,97,72997,96245,40105,10320,16294,38788,9508,108738,675,6453,8876,179,11581,10187,9083,7051,10596,13361,3272,1279,979,2419,85,1592,89,886,67,145,0,0,0
2023-09-23,US,1051954,0,0,0,0,0,0,0,0,0,0,0,0,0,0,0,0,0,0,0,0,7318,0,0,0,74,0,0,0,0,0,0,0,0,57,222,0,83,0,0,0,152,83,0,42838,67567,0,0,0,0,0,0,0,0,88474,243235,0,0,0,0,210,0,0,0,0,0,0,0,0,0,12307,0,0,23341,15509,0,5861,46,0,459,0,1414,67,26904,31502,0,0,0,0,0,2283,185,8078,0,2974,95,70612,94655,38966,10399,15905,37036,9655,107774,664,6575,8664,175,11225,9699,8674,6637,10109,12918,3173,1219,930,2293,83,1463,87,828,66,136,0,0,0
2023-09-24,US,1049527,0,0,0,0,0,0,0,0,0,0,0,0,0,0,0,0,0,0,0,0,7343,0,0,0,70,0,0,0,0,0,0,0,0,57,230,0,84,0,0,0,157,84,0,41378,65869,0,0,0,0,0,0,0,0,90723,243659,0,0,0,0,199,0,0,0,0,0,0,0,0,0,12430,0,0,23663,15671,0,5885,46,0,460,0,1467,67,26273,31571,0,0,0,0,0,2336,183,7980,0,3053,94,69610,94881,38587,10672,15825,36020,9980,108858,667,6817,8620,174,11088,9404,8439,6356,9823,12728,3136,1184,900,2212,82,1363,86,788,65,129,0,0,0
2023-09-25,US,1047101,0,0,0,0,0,0,0,0,0,0,0,0,0,0,0,0,0,0,0,0,7368,0,0,0,66,0,0,0,0,0,0,0,0,56,237,0,85,0,0,0,161,85,0,39923,64178,0,0,0,0,0,0,0,0,92960,244078,0,0,0,0,189,0,0,0,0,0,0,0,0,0,12553,0,0,23982,15832,0,5910,46,0,461,0,1521,68,25645,31639,0,0,0,0,0,2389,180,7882,0,3132,94,68613,95105,38210,10943,15745,35010,10303,109936,669,7058,8576,173,10951,9111,8204,6077,9539,12539,3100,1149,870,2132,82,1264,85,747,65,123,0,0,0
2023-09-26,US,1044674,0,0,0,0,0,0,0,0,0,0,0,0,0,0,0,0,0,0,0,0,7393,0,0,0,62,0,0,0,0,0,0,0,0,56,245,0,87,0,0,0,166,87,0,38475,62494,0,0,0,0,0,0,0,0,95186,244492,0,0,0,0,178,0,0,0,0,0,0,0,0,0,12674,0,0,24301,15993,0,5934,46,0,463,0,1574,68,25020,31706,0,0,0,0,0,2442,178,7785,0,3211,93,67619,95327,37834,11213,15665,34003,10624,111008,672,7297,8533,173,10815,8818,7970,5800,9255,12351,3063,1113,841,2052,81,1166,85,707,65,116,0,0,0
2023-09-27,US,1042247,0,0,0,0,0,0,0,0,0,0,0,0,0,0,0,0,0,0,0,0,7418,0,0,0,58,0,0,0,0,0,0,0,0,56,252,0,88,0,0,0,170,88,0,37033,60817,0,0,0,0,0,0,0,0,97400,244902,0,0,0,0,168,0,0,0,0,0,0,0,0,0,12795,0,0,24617,16153,0,5958,46,0,464,0,1627,69,24397,31773,0,0,0,0,0,2494,176,7688,0,3289,93,66629,95547,37459,11482,15585,33001,10944,112074,674,7536,8489,172,10680,8527,7738,5523,8973,12163,3027,1078,811,1972,81,1068,84,667,65,110,0,0,0
2023-09-28,US,1039820,0,0,0,0,0,0,0,0,0,0,0,0,0,0,0,0,0,0,0,0,7442,0,0,0,54,0,0,0,0,0,0,0,0,56,259,0,89,0,0,0,174,89,0,35597,59148,0,0,0,0,0,0,0,0,99603,245308,0,0,0,0,158,0,0,0,0,0,0,0,0,0,12916,0,0,24931,16311,0,5982,46,0,465,0,1680,69,23777,31839,0,0,0,0,0,2546,173,7591,0,3366,92,65643,95766,37085,11749,15505,32003,11263,113134,677,7773,8445,171,10545,8238,7506,5248,8692,11977,2991,1044,782,1893,80,970,84,627,65,104,0,0,0
2023-09-29,US,1037393,0,0,0,0,0,0,0,0,0,0,0,0,0,0,0,0,0,0,0,0,7467,0,0,0,50,0,0,0,0,0,0,0,0,56,267,0,90,0,0,0,178,90,0,34168,57485,0,0,0,0,0,0,0,0,101795,245709,0,0,0,0,147,0,0,0,0,0,0,0,0,0,13035,0,0,25244,16469,0,6006,46,0,466,0,1733,70,23159,31904,0,0,0,0,0,2598,171,7495,0,3444,92,64661,95982,36713,12015,15426,31009,11579,114187,679,8009,8402,171,10411,7949,7275,4974,8413,11791,2955,1009,752,1814,80,873,83,588,65,98,0,0,0
2023-09-30,US,1034967,0,0,0,0,0,0,0,0,0,0,0,0,0,0,0,0,0,0,0,0,7491,0,0,0,46,0,0,0,0,0,0,0,0,56,274,0,91,0,0,0,183,91,0,32745,55830,0,0,0,0,0,0,0,0,103975,246105,0,0,0,0,137,0,0,0,0,0,0,0,0,0,13154,0,0,25555,16626,0,6029,46,0,467,0,1785,70,22544,31969,0,0,0,0,0,2649,168,7399,0,3521,91,63682,96195,36342,12279,15347,30020,11895,115234,681,8244,8359,170,10277,7662,7045,4701,8134,11605,2919,974,723,1736,79,776,82,548,65,91,0,0,0
2023-10-01,US,1027559,0,0,0,0,0,0,0,0,0,0,0,0,0,0,0,0,0,0,0,0,7625,0,0,0,48,0,0,0,0,0,0,0,0,55,394,0,90,0,0,0,200,112,0,32111,54613,0,0,0,0,0,0,0,0,106907,243477,0,0,0,0,136,0,0,0,0,0,0,0,0,0,13190,0,0,25296,16435,0,5946,48,0,466,0,2147,70,22297,31871,0,0,0,0,0,2749,165,7258,0,3608,91,62274,94842,35611,12536,15100,29241,12483,113944,681,8800,8247,168,10249,7497,6831,4549,7951,11440,2860,942,697,1696,78,753,81,539,64,0,0,0,0
2023-10-02,US,1020152,0,0,0,0,0,0,0,0,0,0,0,0,0,0,0,0,0,0,0,0,7756,0,0,0,51,0,0,0,0,0,0,0,0,55,512,0,89,0,0,0,218,133,0,31479,53403,0,0,0,0,0,0,0,0,109776,240840,0,0,0,0,135,0,0,0,0,0,0,0,0,0,13222,0,0,25037,16244,0,5862,51,0,465,0,2504,70,22049,31769,0,0,0,0,0,2847,162,7116,0,3693,90,60874,93490,34883,12786,14853,28468,13060,112650,680,9346,8136,167,10220,7332,6619,4399,7770,11274,2800,909,671,1657,77,729,80,529,64,0,0,0,0
2023-10-03,US,1012745,0,0,0,0,0,0,0,0,0,0,0,0,0,0,0,0,0,0,0,0,7885,0,0,0,54,0,0,0,0,0,0,0,0,54,628,0,88,0,0,0,235,153,0,30853,52205,0,0,0,0,0,0,0,0,112592,238216,0,0,0,0,133,0,0,0,0,0,0,0,0,0,13252,0,0,24778,16054,0,5779,54,0,464,0,2856,70,21802,31664,0,0,0,0,0,2944,159,6976,0,3776,90,59488,92148,34162,13032,14609,27703,13628,111362,679,9883,8025,165,10191,7169,6409,4250,7590,11110,2742,877,646,1619,76,706,79,520,63,0,0,0,0
2023-10-04,US,1005338,0,0,0,0,0,0,0,0,0,0,0,0,0,0,0,0,0,0,0,0,8010,0,0,0,56,0,0,0,0,0,0,0,0,54,742,0,87,0,0,0,251,173,0,30234,51019,0,0,0,0,0,0,0,0,115356,235605,0,0,0,0,132,0,0,0,0,0,0,0,0,0,13281,0,0,24520,15865,0,5697,56,0,463,0,3201,71,21556,31558,0,0,0,0,0,3038,156,6838,0,3858,89,58115,90815,33448,13272,14367,26946,14186,110082,678,10411,7916,164,10160,7008,6202,4104,7412,10947,2684,845,620,1581,75,683,78,511,63,0,0,0,0
2023-10-05,US,997931,0,0,0,0,0,0,0,0,0,0,0,0,0,0,0,0,0,0,0,0,8133,0,0,0,59,0,0,0,0,0,0,0,0,53,855,0,86,0,0,0,268,193,0,29619,49844,0,0,0,0,0,0,0,0,118066,233006,0,0,0,0,131,0,0,0,0,0,0,0,0,0,13308,0,0,24264,15677,0,5615,59,0,461,0,3542,71,21312,31451,0,0,0,0,0,3131,153,6701,0,3938,89,56756,89493,32741,13508,14126,26197,14735,108809,677,10930,7806,163,10129,6848,5997,3959,7236,10785,2626,814,595,1543,75,660,77,501,62,0,0,0,0
2023-10-06,US,990524,0,0,0,0,0,0,0,0,0,0,0,0,0,0,0,0,0,0,0,0,8253,0,0,0,61,0,0,0,0,0,0,0,0,53,966,0,85,0,0,0,284,212,0,29011,48682,0,0,0,0,0,0,0,0,120724,230421,0,0,0,0,130,0,0,0,0,0,0,0,0,0,13333,0,0,24009,15490,0,5534,61,0,460,0,3877,71,21069,31341,0,0,0,0,0,3222,150,6565,0,4017,88,55411,88179,32041,13739,13888,25456,15273,107542,676,11440,7698,161,10098,6690,5794,3815,7061,10624,2569,783,571,1505,74,637,76,492,62,0,0,0,0
2023-10-07,US,983117,0,0,0,0,0,0,0,0,0,0,0,0,0,0,0,0,0,0,0,0,8371,0,0,0,63,0,0,0,0,0,0,0,0,52,1075,0,84,0,0,0,300,231,0,28409,47531,0,0,0,0,0,0,0,0,123329,227848,0,0,0,0,129,0,0,0,0,0,0,0,0,0,13356,0,0,23754,15304,0,5454,63,0,459,0,4207,71,20827,31229,0,0,0,0,0,3312,147,6430,0,4094,88,54080,86876,31347,13965,13652,24724,15802,106282,675,11942,7591,160,10065,6533,5594,3673,6889,10465,2512,752,546,1468,73,615,75,483,62,0,0,0,0
2023-10-08,US,959197,0,0,0,0,0,0,0,0,0,0,0,0,0,0,0,0,0,0,0,0,8342,0,0,0,65,0,0,0,0,0,0,0,0,51,1163,0,82,0,0,0,310,246,0,27341,45607,0,0,0,0,0,0,0,0,123751,221475,0,0,0,0,125,0,0,0,0,0,0,0,0,0,13151,0,0,23104,14863,0,5283,65,0,450,0,4454,70,20238,30589,0,0,0,0,0,3342,142,6190,0,4098,86,51870,84134,30142,13945,13190,23593,16045,103252,662,12224,7357,155,9862,6270,5304,3474,6604,10132,2415,710,513,1407,71,583,73,466,60,0,0,0,0
2023-10-09,US,935277,0,0,0,0,0,0,0,0,0,0,0,0,0,0,0,0,0,0,0,0,8305,0,0,0,66,0,0,0,0,0,0,0,0,50,1245,0,80,0,0,0,320,259,0,26293,43721,0,0,0,0,0,0,0,0,124002,215144,0,0,0,0,122,0,0,0,0,0,0,0,0,0,12939,0,0,22456,14426,0,5114,66,0,440,0,4685,69,19653,29943,0,0,0,0,0,3367,136,5954,0,4098,83,49705,81423,28958,13910,12735,22489,16257,100244,649,12478,7126,151,9658,6013,5022,3279,6326,9803,2319,668,481,1348,69,552,71,449,59,0,0,0,0
2023-10-10,US,911357,0,0,0,0,0,0,0,0,0,0,0,0,0,0,0,0,0,0,0,0,8258,0,0,0,67,0,0,0,0,0,0,0,0,48,1321,0,77,0,0,0,328,272,0,25263,41874,0,0,0,0,0,0,0,0,124082,208854,0,0,0,0,118,0,0,0,0,0,0,0,0,0,12722,0,0,21813,13992,0,4947,67,0,431,0,4897,67,19072,29291,0,0,0,0,0,3386,131,5722,0,4092,81,47584,78744,27797,13859,12287,21411,16438,97258,636,12703,6898,147,9451,5760,4748,3091,6053,9479,2225,628,450,1289,66,521,69,433,57,0,0,0,0
2023-10-11,US,887438,0,0,0,0,0,0,0,0,0,0,0,0,0,0,0,0,0,0,0,0,8204,0,0,0,68,0,0,0,0,0,0,0,0,47,1391,0,75,0,0,0,336,283,0,24252,40065,0,0,0,0,0,0,0,0,123991,202605,0,0,0,0,115,0,0,0,0,0,0,0,0,0,12499,0,0,21173,13562,0,4782,68,0,422,0,5093,66,18496,28633,0,0,0,0,0,3400,126,5495,0,4082,79,45507,76096,26657,13792,11845,20360,16587,94294,623,12900,6671,143,9242,5513,4482,2907,5786,9158,2133,589,420,1232,64,492,67,417,56,0,0,0,0
2023-10-12,US,863518,0,0,0,0,0,0,0,0,0,0,0,0,0,0,0,0,0,0,0,0,8140,0,0,0,68,0,0,0,0,0,0,0,0,46,1456,0,73,0,0,0,343,293,0,23260,38294,0,0,0,0,0,0,0,0,123730,196398,0,0,0,0,112,0,0,0,0,0,0,0,0,0,12270,0,0,20537,13135,0,4618,68,0,412,0,5270,65,17923,27969,0,0,0,0,0,3408,121,5272,0,4066,77,43476,73479,25540,13709,11409,19335,16705,91352,610,13068,6448,139,9030,5271,4223,2729,5525,8840,2043,552,391,1176,62,463,65,401,54,0,0,0,0
2023-10-13,US,839598,0,0,0,0,0,0,0,0,0,0,0,0,0,0,0,0,0,0,0,0,8067,0,0,0,69,0,0,0,0,0,0,0,0,45,1515,0,70,0,0,0,349,303,0,22286,36562,0,0,0,0,0,0,0,0,123298,190232,0,0,0,0,109,0,0,0,0,0,0,0,0,0,12035,0,0,19904,12711,0,4457,69,0,403,0,5431,64,17355,27299,0,0,0,0,0,3410,116,5052,0,4044,75,41488,70893,24445,13610,10980,18336,16791,88433,596,13207,6226,135,8817,5034,3972,2557,5270,8527,1954,515,363,1122,60,435,62,385,53,0,0,0,0
2023-10-14,US,815678,0,0,0,0,0,0,0,0,0,0,0,0,0,0,0,0,0,0,0,0,7986,0,0,0,69,0,0,0,0,0,0,0,0,43,1568,0,68,0,0,0,354,311,0,21331,34867,0,0,0,0,0,0,0,0,122696,184107,0,0,0,0,105,0,0,0,0,0,0,0,0,0,11794,0,0,19275,12291,0,4297,69,0,393,0,5574,62,16790,26623,0,0,0,0,0,3407,111,4837,0,4018,73,39546,68339,23372,13494,10557,17364,16846,85535,582,13318,6008,131,8602,4802,3729,2390,5020,8218,1868,480,336,1068,58,408,60,370,51,0,0,0,0
2023-10-15,US,811009,0,0,0,0,0,0,0,0,0,0,0,0,0,0,0,0,0,0,0,0,8089,0,0,0,71,0,0,0,0,0,0,0,0,43,1655,0,67,0,0,0,367,327,0,20891,34019,0,0,0,0,0,0,0,0,124887,182352,0,0,0,0,104,0,0,0,0,0,0,0,0,0,11828,0,0,19103,12163,0,4241,71,0,392,0,5838,63,16625,26572,0,0,0,0,0,3482,109,4739,0,4083,73,38563,67417,22864,13688,10387,16818,17281,84670,582,13726,5932,130,8588,4687,3578,2283,4893,8105,1826,457,318,1041,58,392,60,363,51,0,0,0,0
2023-10-16,US,806340,0,0,0,0,0,0,0,0,0,0,0,0,0,0,0,0,0,0,0,0,8189,0,0,0,73,0,0,0,0,0,0,0,0,43,1741,0,67,0,0,0,379,342,0,20455,33178,0,0,0,0,0,0,0,0,127044,180606,0,0,0,0,104,0,0,0,0,0,0,0,0,0,11860,0,0,18932,12035,0,4184,73,0,392,0,6098,63,16460,26520,0,0,0,0,0,3555,107,4642,0,4147,73,37589,66501,22360,13879,10219,16276,17709,83809,582,14128,5857,129,8574,4573,3428,2177,4766,7993,1785,434,299,1014,57,375,59,357,51,0,0,0,0
2023-10-17,US,801670,0,0,0,0,0,0,0,0,0,0,0,0,0,0,0,0,0,0,0,0,8288,0,0,0,75,0,0,0,0,0,0,0,0,42,1826,0,66,0,0,0,392,356,0,20022,32344,0,0,0,0,0,0,0,0,129169,178867,0,0,0,0,103,0,0,0,0,0,0,0,0,0,11892,0,0,18761,11908,0,4128,75,0,391,0,6355,63,16296,26466,0,0,0,0,0,3627,105,4545,0,4211,72,36624,65590,21860,14066,10052,15740,18131,82952,582,14525,5782,128,8560,4459,3280,2073,4641,7881,1745,411,281,987,57,359,58,350,50,0,0,0,0
2023-10-18,US,797001,0,0,0,0,0,0,0,0,0,0,0,0,0,0,0,0,0,0,0,0,8385,0,0,0,77,0,0,0,0,0,0,0,0,42,1910,0,65,0,0,0,404,371,0,19593,31518,0,0,0,0,0,0,0,0,131260,177136,0,0,0,0,102,0,0,0,0,0,0,0,0,0,11922,0,0,18591,11782,0,4072,77,0,391,0,6609,63,16133,26412,0,0,0,0,0,3698,103,4449,0,4273,72,35668,64686,21365,14251,9886,15209,18546,82100,582,14917,5708,127,8545,4347,3134,1969,4517,7770,1704,389,263,960,56,342,58,344,50,0,0,0,0
2023-10-19,US,792332,0,0,0,0,0,0,0,0,0,0,0,0,0,0,0,0,0,0,0,0,8480,0,0,0,79,0,0,0,0,0,0,0,0,42,1993,0,65,0,0,0,416,386,0,19167,30699,0,0,0,0,0,0,0,0,133318,175414,0,0,0,0,101,0,0,0,0,0,0,0,0,0,11951,0,0,18422,11657,0,4017,79,0,390,0,6859,63,15970,26356,0,0,0,0,0,3768,101,4354,0,4334,72,34720,63788,20874,14432,9721,14683,18956,81252,581,15302,5634,126,8530,4236,2989,1866,4394,7660,1664,366,246,934,55,326,57,338,50,0,0,0,0
2023-10-20,US,787662,0,0,0,0,0,0,0,0,0,0,0,0,0,0,0,0,0,0,0,0,8574,0,0,0,81,0,0,0,0,0,0,0,0,42,2074,0,64,0,0,0,429,400,0,18745,29888,0,0,0,0,0,0,0,0,135342,173699,0,0,0,0,100,0,0,0,0,0,0,0,0,0,11979,0,0,18254,11532,0,3962,81,0,390,0,7106,63,15809,26299,0,0,0,0,0,3836,99,4260,0,4394,71,33781,62896,20388,14610,9558,14162,19360,80408,581,15683,5561,125,8514,4125,2846,1764,4272,7551,1624,344,228,908,55,310,56,331,49,0,0,0,0
2023-10-21,US,782993,0,0,0,0,0,0,0,0,0,0,0,0,0,0,0,0,0,0,0,0,8666,0,0,0,82,0,0,0,0,0,0,0,0,41,2155,0,63,0,0,0,440,414,0,18327,29085,0,0,0,0,0,0,0,0,137333,171993,0,0,0,0,100,0,0,0,0,0,0,0,0,0,12006,0,0,18086,11408,0,3907,82,0,389,0,7350,63,15648,26241,0,0,0,0,0,3904,96,4166,0,4453,71,32851,62011,19905,14785,9395,13646,19757,79568,581,16057,5488,124,8498,4016,2704,1664,4152,7443,1585,323,211,882,54,294,56,325,49,0,0,0,0
2023-10-22,US,788976,0,0,0,0,0,0,0,0,0,0,0,0,0,0,0,0,0,0,0,0,8876,0,0,0,85,0,0,0,0,0,0,0,0,41,2264,0,63,0,0,0,458,434,0,18158,28676,0,0,0,0,0,0,0,0,141197,172625,0,0,0,0,100,0,0,0,0,0,0,0,0,0,12196,0,0,18165,11439,0,3906,85,0,394,0,7694,64,15700,26540,0,0,0,0,0,4025,96,4129,0,4573,72,32366,61968,19693,15162,9361,13315,20424,79811,588,16651,5490,125,8597,3961,2598,1586,4087,7435,1567,305,196,868,54,283,56,323,50,0,0,0,0
2023-10-23,US,794959,0,0,0,0,0,0,0,0,0,0,0,0,0,0,0,0,0,0,0,0,9088,0,0,0,88,0,0,0,0,0,0,0,0,42,2376,0,64,0,0,0,476,454,0,17984,28257,0,0,0,0,0,0,0,0,145104,173247,0,0,0,0,101,0,0,0,0,0,0,0,0,0,12388,0,0,18242,11469,0,3904,88,0,398,0,8042,65,15751,26840,0,0,0,0,0,4148,95,4091,0,4694,72,31871,61917,19475,15542,9325,12978,21099,80048,596,17252,5491,126,8698,3905,2491,1506,4021,7427,1549,287,181,853,54,271,56,321,50,0,0,0,0
2023-10-24,US,800942,0,0,0,0,0,0,0,0,0,0,0,0,0,0,0,0,0,0,0,0,9302,0,0,0,91,0,0,0,0,0,0,0,0,42,2488,0,64,0,0,0,495,474,0,17805,27829,0,0,0,0,0,0,0,0,149053,173859,0,0,0,0,101,0,0,0,0,0,0,0,0,0,12581,0,0,18318,11498,0,3901,91,0,403,0,8395,66,15800,27142,0,0,0,0,0,4271,94,4053,0,4817,73,31364,61858,19252,15927,9287,12634,21782,80279,604,17860,5492,126,8798,3848,2382,1425,3954,7418,1530,269,166,839,55,258,56,319,50,0,0,0,0
2023-10-25,US,806925,0,0,0,0,0,0,0,0,0,0,0,0,0,0,0,0,0,0,0,0,9519,0,0,0,94,0,0,0,0,0,0,0,0,42,2603,0,64,0,0,0,513,494,0,17622,27391,0,0,0,0,0,0,0,0,153045,174460,0,0,0,0,102,0,0,0,0,0,0,0,0,0,12776,0,0,18394,11527,0,3898,94,0,408,0,8752,67,15849,27446,0,0,0,0,0,4396,93,4013,0,4941,73,30846,61792,19023,16316,9248,12284,22473,80505,611,18475,5492,127,8899,3789,2271,1343,3885,7407,1511,251,151,824,55,246,56,317,51,0,0,0,0
2023-10-26,US,812907,0,0,0,0,0,0,0,0,0,0,0,0,0,0,0,0,0,0,0,0,9738,0,0,0,97,0,0,0,0,0,0,0,0,43,2718,0,64,0,0,0,532,515,0,17434,26944,0,0,0,0,0,0,0,0,157080,175051,0,0,0,0,103,0,0,0,0,0,0,0,0,0,12972,0,0,18469,11554,0,3895,97,0,413,0,9113,68,15897,27751,0,0,0,0,0,4523,92,3971,0,5066,74,30316,61717,18789,16708,9207,11926,23171,80725,619,19098,5491,128,9001,3729,2158,1259,3815,7396,1491,232,135,809,55,233,56,315,51,0,0,0,0
2023-10-27,US,818890,0,0,0,0,0,0,0,0,0,0,0,0,0,0,0,0,0,0,0,0,9959,0,0,0,100,0,0,0,0,0,0,0,0,43,2835,0,64,0,0,0,551,536,0,17241,26487,0,0,0,0,0,0,0,0,161157,175632,0,0,0,0,103,0,0,0,0,0,0,0,0,0,13169,0,0,18542,11581,0,3891,100,0,417,0,9479,69,15944,28057,0,0,0,0,0,4651,92,3929,0,5192,75,29776,61635,18549,17105,9164,11563,23877,80940,627,19727,5490,129,9103,3668,2043,1175,3743,7384,1471,214,120,793,55,220,56,313,51,0,0,0,0
2023-10-28,US,824873,0,0,0,0,0,0,0,0,0,0,0,0,0,0,0,0,0,0,0,0,10181,0,0,0,104,0,0,0,0,0,0,0,0,43,2953,0,65,0,0,0,570,557,0,17042,26019,0,0,0,0,0,0,0,0,165267,176191,0,0,0,0,104,0,0,0,0,0,0,0,0,0,13368,0,0,18614,11606,0,3886,104,0,422,0,9849,70,15989,28363,52,0,0,0,0,4780,91,3886,0,5320,75,29223,61541,18303,17504,9119,11192,24590,81144,635,20363,5488,129,9205,3605,1926,1088,3670,7370,1451,194,104,777,55,207,56,311,52,0,0,0,0
2023-10-29,US,833564,0,0,0,0,0,0,0,0,0,0,0,0,0,0,0,0,0,0,0,0,10295,0,0,0,106,0,0,0,0,0,0,0,0,44,4408,0,65,0,0,0,567,584,0,16969,25760,0,0,0,0,0,0,0,0,169862,176407,0,0,0,0,104,0,0,0,0,0,0,0,0,0,13397,0,0,18655,11689,0,3857,105,0,429,0,10537,72,16091,28457,53,0,0,0,0,5017,90,3856,0,5469,76,29151,61431,18332,17750,9100,11058,25482,81187,640,21178,5465,131,9293,3597,1894,1071,3640,7302,1462,193,104,761,55,211,57,0,0,0,0,0,0
2023-10-30,US,842254,0,0,0,0,0,0,0,0,0,0,0,0,0,0,0,0,0,0,0,0,10404,0,0,0,109,0,0,0,0,0,0,0,0,44,5892,0,65,0,0,0,564,610,0,16883,25477,0,0,0,0,0,0,0,0,174441,176510,0,0,0,0,103,0,0,0,0,0,0,0,0,0,13418,0,0,18685,11766,0,3825,107,0,435,0,11232,73,16184,28533,53,0,0,0,0,5256,90,3822,0,5618,77,29059,61277,18349,17990,9074,10914,26377,81177,645,21996,5438,132,9377,3585,1860,1053,3607,7227,1473,192,105,744,56,214,57,0,0,0,0,0,0
2023-10-31,US,850945,0,0,0,0,0,0,0,0,0,0,0,0,0,0,0,0,0,0,0,0,10514,0,0,0,111,0,0,0,0,0,0,0,0,44,7405,0,66,0,0,0,561,638,0,16791,25184,0,0,0,0,0,0,0,0,179079,176578,0,0,0,0,103,0,0,0,0,0,0,0,0,0,13436,0,0,18711,11843,0,3791,109,0,441,0,11940,74,16276,28605,54,0,0,0,0,5499,89,3787,0,5769,78,28958,61106,18362,18230,9045,10764,27284,81149,650,22827,5409,133,9460,3573,1825,1034,3573,7149,1483,191,105,727,56,217,57,0,0,0,0,0,0
2023-11-01,US,859636,0,0,0,0,0,0,0,0,0,0,0,0,0,0,0,0,0,0,0,0,10623,0,0,0,114,0,0,0,0,0,0,0,0,45,8948,0,66,0,0,0,557,665,0,16694,24879,0,0,0,0,0,0,0,0,183774,176609,0,0,0,0,103,0,0,0,0,0,0,0,0,0,13452,0,0,18734,11918,0,3756,111,0,448,0,12660,75,16367,28672,55,0,0,0,0,5746,88,3751,0,5922,79,28850,60919,18372,18472,9014,10610,28205,81103,655,23670,5379,134,9543,3559,1789,1015,3537,7068,1493,189,106,709,56,220,57,0,0,0,0,0,0
2023-11-02,US,868326,0,0,0,0,0,0,0,0,0,0,0,0,0,0,0,0,0,0,0,0,10733,0,0,0,116,0,0,0,0,0,0,0,0,45,10521,0,66,0,0,0,553,693,0,16592,24563,0,0,0,0,0,0,0,0,188528,176604,0,0,0,0,103,0,0,0,0,0,0,0,0,0,13466,0,0,18753,11992,0,3720,113,0,454,0,13392,77,16456,28735,55,0,0,0,0,5996,87,3713,0,6077,80,28733,60716,18379,18715,8980,10450,29138,81040,660,24526,5347,135,9625,3545,1752,995,3500,6983,1504,188,106,690,57,224,58,0,0,0,0,0,0
2023-11-03,US,877017,0,0,0,0,0,0,0,0,0,0,0,0,0,0,0,0,0,0,0,0,10842,0,0,0,119,0,0,0,0,0,0,0,0,46,12123,0,67,0,0,0,549,722,0,16484,24235,0,0,0,0,0,0,0,0,193339,176564,0,0,0,0,103,0,0,0,0,0,0,0,0,0,13477,0,0,18769,12065,0,3682,114,0,460,0,14136,78,16543,28793,56,0,0,0,0,6251,87,3674,0,6234,81,28607,60496,18381,18959,8944,10284,30085,80959,665,25394,5313,136,9708,3530,1714,974,3461,6896,1514,187,107,671,57,227,58,0,0,0,0,0,0
2023-11-04,US,885708,0,0,0,0,0,0,0,0,0,0,0,0,0,0,0,0,0,0,0,0,10952,0,0,0,122,0,0,0,0,0,0,0,0,46,13755,0,67,0,0,0,545,751,0,16371,23896,0,0,0,0,0,0,0,0,198209,176488,0,0,0,0,102,0,0,0,0,0,0,0,0,0,13485,0,0,18782,12138,0,3642,116,0,467,0,14892,79,16629,28846,57,0,0,0,0,6509,86,3633,0,6393,82,28474,60260,18381,19204,8906,10113,31044,80860,670,26274,5277,137,9790,3513,1675,953,3421,6805,1524,185,107,652,57,230,58,0,0,0,0,0,0
2023-11-05,US,893367,0,0,0,0,0,0,0,0,0,0,0,0,0,0,0,0,0,0,0,0,11049,0,0,0,124,0,0,0,0,0,0,0,0,46,15399,0,67,0,0,0,540,779,0,16233,23518,0,0,0,0,0,0,0,0,202902,176172,0,0,0,0,102,0,0,0,0,0,0,0,0,0,13476,0,0,18770,12195,0,3597,118,0,473,0,15642,81,16694,28862,57,0,0,0,0,6764,85,3586,0,6546,82,28300,59938,18355,19428,8855,9926,31980,80650,674,27135,5233,138,9860,3492,1633,930,3375,6704,1532,183,108,631,57,233,58,0,0,0,0,0,0
2023-11-06,US,901027,0,0,0,0,0,0,0,0,0,0,0,0,0,0,0,0,0,0,0,0,11146,0,0,0,127,0,0,0,0,0,0,0,0,47,17068,0,68,0,0,0,535,808,0,16091,23131,0,0,0,0,0,0,0,0,207647,175825,0,0,0,0,102,0,0,0,0,0,0,0,0,0,13465,0,0,18754,12252,0,3550,120,0,479,0,16402,82,16758,28874,58,0,0,0,0,7021,84,3538,0,6701,83,28119,59602,18326,19652,8801,9733,32927,80425,678,28007,5189,139,9930,3469,1590,906,3328,6600,1540,181,108,609,57,237,58,0,0,0,0,0,0
2023-11-07,US,908687,0,0,0,0,0,0,0,0,0,0,0,0,0,0,0,0,0,0,0,0,11243,0,0,0,129,0,0,0,0,0,0,0,0,47,18765,0,68,0,0,0,530,837,0,15944,22733,0,0,0,0,0,0,0,0,212442,175447,0,0,0,0,101,0,0,0,0,0,0,0,0,0,13451,0,0,18736,12308,0,3502,121,0,485,0,17174,83,16820,28881,59,0,0,0,0,7283,83,3489,0,6857,84,27930,59252,18294,19878,8746,9536,33885,80185,682,28890,5142,140,10000,3446,1545,882,3280,6493,1548,179,108,588,58,240,59,0,0,0,0,0,0
2023-11-08,US,916347,0,0,0,0,0,0,0,0,0,0,0,0,0,0,0,0,0,0,0,0,11340,0,0,0,132,0,0,0,0,0,0,0,0,47,20487,0,68,0,0,0,524,867,0,15792,22325,0,0,0,0,0,0,0,0,217289,175037,0,0,0,0,101,0,0,0,0,0,0,0,0,0,13435,0,0,18714,12363,0,3453,123,0,491,0,17956,84,16881,28885,59,0,0,0,0,7547,82,3438,0,7015,85,27734,58886,18259,20105,8688,9334,34855,79928,686,29784,5094,141,10070,3422,1500,858,3230,6383,1556,177,109,566,58,243,59,0,0,0,0,0,0
2023-11-09,US,924006,0,0,0,0,0,0,0,0,0,0,0,0,0,0,0,0,0,0,0,0,11437,0,0,0,134,0,0,0,0,0,0,0,0,48,22235,0,68,0,0,0,519,897,0,15636,21908,0,0,0,0,0,0,0,0,222186,174595,0,0,0,0,100,0,0,0,0,0,0,0,0,0,13417,0,0,18690,12417,0,3403,125,0,497,0,18749,86,16941,28885,60,0,0,0,0,7815,81,3386,0,7175,86,27531,58507,18221,20333,8628,9128,35836,79656,690,30689,5044,142,10139,3397,1454,833,3180,6271,1564,175,109,543,58,246,59,0,0,0,0,0,0
2023-11-10,US,931666,0,0,0,0,0,0,0,0,0,0,0,0,0,0,0,0,0,0,0,0,11534,0,0,0,137,0,0,0,0,0,0,0,0,48,24010,0,69,0,0,0,513,927,0,15475,21480,0,0,0,0,0,0,0,0,227135,174122,0,0,0,0,100,0,0,0,0,0,0,0,0,0,13397,0,0,18662,12471,0,3351,127,0,503,0,19552,87,16999,28880,61,0,0,0,0,8086,80,3332,0,7336,86,27321,58113,18179,20561,8566,8917,36829,79369,694,31605,4993,143,10209,3371,1407,807,3127,6156,1571,173,109,520,58,249,59,0,0,0,0,0,0
2023-11-11,US,939326,0,0,0,0,0,0,0,0,0,0,0,0,0,0,0,0,0,0,0,0,11631,0,0,0,140,0,0,0,0,0,0,0,0,48,25811,0,69,0,0,0,507,958,0,15308,21042,0,0,0,0,0,0,0,0,232135,173617,0,0,0,0,99,0,0,0,0,0,0,0,0,0,13374,0,0,18632,12523,0,3298,129,0,509,0,20366,88,17056,28872,61,0,0,0,0,8361,79,3278,0,7499,87,27104,57705,18135,20791,8501,8701,37833,79066,698,32531,4941,144,10277,3344,1359,781,3074,6038,1579,171,109,496,58,252,59,0,0,0,0,0,0
2023-11-12,US,951282,0,0,0,0,0,0,0,0,0,0,0,0,0,0,0,0,0,0,0,0,11781,0,0,0,143,0,0,0,0,0,0,0,0,49,27763,0,69,0,0,0,503,994,0,15206,20688,0,0,0,0,0,0,0,0,238262,173866,0,0,0,0,99,0,0,0,0,0,0,0,0,0,13410,0,0,18683,12632,0,3258,131,0,518,0,21287,90,17189,28991,62,0,0,0,0,8679,78,3236,0,7699,88,27001,57541,18169,21117,8473,8518,39025,79105,705,33620,4909,145,10393,3331,1316,758,3033,5944,1594,170,110,475,59,257,59,0,0,0,0,0,0
2023-11-13,US,963238,0,0,0,0,0,0,0,0,0,0,0,0,0,0,0,0,0,0,0,0,11932,0,0,0,146,0,0,0,0,0,0,0,0,50,29756,0,70,0,0,0,499,1030,0,15096,20318,0,0,0,0,0,0,0,0,244469,174065,0,0,0,0,99,0,0,0,0,0,0,0,0,0,13443,0,0,18729,12739,0,3216,133,0,526,0,22224,92,17320,29103,63,0,0,0,0,9001,77,3193,0,7901,90,26887,57356,18198,21445,8441,8329,40235,79119,712,34727,4874,147,10508,3317,1271,734,2990,5846,1609,168,111,452,59,261,60,0,0,0,0,0,0
2023-11-14,US,975194,0,0,0,0,0,0,0,0,0,0,0,0,0,0,0,0,0,0,0,0,12082,0,0,0,150,0,0,0,0,0,0,0,0,50,31790,0,70,0,0,0,495,1066,0,14979,19933,0,0,0,0,0,0,0,0,250756,174215,0,0,0,0,99,0,0,0,0,0,0,0,0,0,13472,0,0,18771,12846,0,3173,136,0,535,0,23178,94,17449,29209,64,0,0,0,0,9329,76,3147,0,8106,91,26762,57148,18223,21774,8406,8132,41463,79109,719,35850,4838,149,10623,3302,1225,709,2945,5743,1623,167,112,429,59,266,60,0,0,0,0,0,0
2023-11-15,US,987150,0,0,0,0,0,0,0,0,0,0,0,0,0,0,0,0,0,0,0,0,12232,0,0,0,153,0,0,0,0,0,0,0,0,51,33865,0,71,0,0,0,490,1104,0,14855,19532,0,0,0,0,0,0,0,0,257122,174316,0,0,0,0,98,0,0,0,0,0,0,0,0,0,13498,0,0,18808,12951,0,3127,138,0,544,0,24149,95,17576,29309,65,0,0,0,0,9662,75,3099,0,8313,92,26625,56917,18242,22105,8367,7928,42708,79074,725,36990,4798,150,10738,3285,1178,683,2898,5637,1637,165,113,405,60,270,60,0,0,0,0,0,0
2023-11-16,US,999106,0,0,0,0,0,0,0,0,0,0,0,0,0,0,0,0,0,0,0,0,12383,0,0,0,157,0,0,0,0,0,0,0,0,51,35980,0,71,0,0,0,485,1142,0,14722,19115,0,0,0,0,0,0,0,0,263569,174367,0,0,0,0,98,0,0,0,0,0,0,0,0,0,13521,0,0,18840,13054,0,3079,141,0,552,0,25137,97,17701,29402,66,0,0,0,0,10001,74,3050,0,8523,93,26478,56664,18256,22437,8325,7716,43971,79016,732,38147,4757,152,10852,3267,1128,657,2849,5526,1652,163,113,380,60,275,61,0,0,0,0,0,0
2023-11-17,US,1011061,0,0,0,0,0,0,0,0,0,0,0,0,0,0,0,0,0,0,0,0,12534,0,0,0,160,0,0,0,0,0,0,0,0,52,38137,0,72,0,0,0,480,1180,0,14583,18682,0,0,0,0,0,0,0,0,270095,174369,0,0,0,0,98,0,0,0,0,0,0,0,0,0,13540,0,0,18867,13157,0,3029,143,0,561,0,26141,99,17824,29490,67,0,0,0,0,10345,73,2998,0,8736,95,26319,56388,18266,22771,8279,7497,45253,78933,739,39321,4713,153,10965,3247,1078,629,2798,5410,1666,161,114,355,61,279,61,0,0,0,0,0,0
2023-11-18,US,1023017,0,0,0,0,0,0,0,0,0,0,0,0,0,0,0,0,0,0,0,0,12684,0,0,0,164,0,0,0,0,0,0,0,0,52,40334,0,72,0,0,0,475,1219,0,14436,18234,0,0,0,0,0,0,0,0,276700,174322,0,0,0,0,97,0,0,0,0,0,0,0,0,0,13556,0,0,18890,13258,0,2977,146,0,570,0,27161,101,17944,29571,68,0,0,0,0,10694,72,2944,0,8951,96,26148,56089,18271,23106,8230,7270,46552,78825,746,40512,4667,155,11079,3226,1026,601,2745,5291,1680,159,115,329,61,284,61,0,0,0,0,0,0
2023-11-19,US,1049630,0,0,0,0,0,0,0,0,0,0,0,0,0,0,0,0,0,0,0,0,13017,0,0,0,170,0,0,0,0,0,0,0,0,54,43175,0,74,0,0,0,476,1277,0,14483,18022,0,0,0,0,0,0,0,0,287399,176693,0,0,0,0,98,0,0,0,0,0,0,0,0,0,13760,0,0,19176,13547,0,2964,150,0,587,0,28598,104,18318,30065,70,0,0,0,0,11205,72,2929,0,9299,98,26335,56558,18529,23775,8294,7136,48546,79808,763,42311,4683,159,11350,3249,986,580,2728,5240,1717,159,117,306,62,293,63,0,0,0,0,0,0
2023-11-20,US,1076243,0,0,0,0,0,0,0,0,0,0,0,0,0,0,0,0,0,0,0,0,13349,0,0,0,176,0,0,0,0,0,0,0,0,55,46107,0,75,0,0,0,476,1336,0,14514,17775,0,0,0,0,0,0,0,0,298275,178954,0,0,0,0,99,0,0,0,0,0,0,0,0,0,13957,0,0,19452,13833,0,2947,155,0,604,0,30071,107,18688,30546,72,0,0,0,0,11728,72,2909,0,9652,101,26496,56977,18776,24447,8350,6986,50581,80737,780,44148,4695,162,11621,3269,942,557,2707,5180,1755,159,119,282,63,301,64,0,0,0,0,0,0
2023-11-21,US,1102856,0,0,0,0,0,0,0,0,0,0,0,0,0,0,0,0,0,0,0,0,13682,0,0,0,182,0,0,0,0,0,0,0,0,56,49130,0,77,0,0,0,476,1396,0,14529,17493,0,0,0,0,0,0,0,0,309329,181106,0,0,0,0,100,0,0,0,0,0,0,0,0,0,14147,0,0,19717,14117,0,2925,160,0,622,0,31582,111,19053,31013,74,0,0,0,0,12262,71,2884,0,10012,104,26632,57345,19013,25123,8398,6819,52655,81611,798,46022,4701,166,11891,3286,896,533,2681,5110,1792,159,121,257,65,310,65,0,0,0,0,0,0
2023-11-22,US,1129469,0,0,0,0,0,0,0,0,0,0,0,0,0,0,0,0,0,0,0,0,14015,0,0,0,188,0,0,0,0,0,0,0,0,58,52243,0,78,0,0,0,475,1457,0,14527,17177,0,0,0,0,0,0,0,0,320560,183147,0,0,0,0,101,0,0,0,0,0,0,0,0,0,14329,0,0,19972,14397,0,2898,164,0,639,0,33130,114,19413,31465,76,0,0,0,0,12809,71,2855,0,10377,106,26743,57663,19238,25802,8438,6636,54769,82431,815,47934,4702,170,12159,3300,845,506,2650,5031,1829,158,124,230,66,319,66,0,0,0,0,0,0
2023-11-23,US,1156082,0,0,0,0,0,0,0,0,0,0,0,0,0,0,0,0,0,0,0,0,14348,0,0,0,195,0,0,0,0,0,0,0,0,59,55448,0,80,0,0,0,474,1520,0,14508,16825,0,0,0,0,0,0,0,0,331969,185079,0,0,0,0,102,0,0,0,0,0,0,0,0,0,14503,0,0,20216,14675,0,2867,169,0,657,0,34714,117,19769,31904,78,0,0,0,0,13367,71,2821,0,10748,109,26829,57931,19453,26485,8471,6436,56923,83197,832,49884,4697,173,12428,3310,792,478,2615,4942,1866,158,126,201,67,328,67,0,0,0,0,0,0
2023-11-24,US,1182695,0,0,0,0,0,0,0,0,0,0,0,0,0,0,0,0,0,0,0,0,14681,0,0,0,201,0,0,0,0,0,0,0,0,60,58743,0,81,0,0,0,472,1584,0,14472,16439,0,0,0,0,0,0,0,0,343556,186901,0,0,0,0,102,0,0,0,0,0,0,0,0,0,14670,0,0,20450,14950,0,2832,174,0,674,0,36336,121,20119,32329,80,0,0,0,0,13937,70,2783,0,11125,112,26890,58149,19656,27171,8496,6220,59117,83909,848,51872,4687,177,12695,3318,735,447,2576,4844,1902,157,128,170,68,337,68,0,0,0,0,0,0
2023-11-25,US,1209308,0,0,0,0,0,0,0,0,0,0,0,0,0,0,0,0,0,0,0,0,15006,0,0,0,208,0,0,0,0,0,69,0,0,62,62094,0,82,0,0,0,469,1649,0,14412,16009,0,0,0,0,0,69,0,0,355116,188506,0,0,0,69,103,0,0,0,69,0,69,0,0,0,14821,0,0,20661,15213,0,2790,179,0,692,0,37973,124,20454,32721,82,0,0,0,346,14510,69,2738,0,11501,114,26910,58283,19837,27844,8509,5984,61315,84519,865,53867,4670,181,12954,3321,674,415,2531,4733,1937,156,130,138,69,346,69,0,0,0,0,0,0
2023-11-26,US,1250751,0,0,0,0,0,0,0,0,0,0,0,0,0,0,0,0,0,0,0,0,15603,0,0,0,212,0,0,0,0,0,73,0,0,64,76932,0,85,0,0,0,472,1830,0,14540,16257,0,0,0,0,0,71,0,0,364688,191775,0,0,0,109,105,0,0,0,71,0,73,0,0,0,15076,0,0,20973,15522,0,2877,186,0,882,0,39475,129,20865,33176,85,0,0,0,385,15405,72,2777,0,11847,118,27452,59057,20429,28411,8923,6033,62969,85588,888,55785,4765,187,13181,3357,690,418,2583,4776,1939,157,134,148,71,0,0,0,0,0,0,0,0
2023-11-27,US,1292193,0,0,0,0,0,0,0,0,0,0,0,0,0,0,0,0,0,0,0,0,16201,0,0,0,217,0,0,0,0,0,76,0,0,66,92594,0,87,0,0,0,474,2018,0,14638,16479,0,0,0,0,0,73,0,0,373957,194762,0,0,0,151,106,0,0,0,73,0,77,0,0,0,15309,0,0,21250,15811,0,2962,193,0,1084,0,40977,135,21249,33574,88,0,0,0,425,16321,76,2810,0,12186,122,27959,59728,21007,28942,9342,6070,64571,86505,911,57687,4855,193,13390,3387,704,421,2632,4810,1935,159,137,158,73,0,0,0,0,0,0,0,0
2023-11-28,US,1333636,0,0,0,0,0,0,0,0,0,0,0,0,0,0,0,0,0,0,0,0,16803,0,0,0,221,0,0,0,0,0,79,0,0,68,109099,0,90,0,0,0,475,2215,0,14711,16681,0,0,0,0,0,75,0,0,383044,197533,0,0,0,195,108,0,0,0,75,0,80,0,0,0,15525,0,0,21501,16085,0,3046,200,0,1296,0,42491,140,21613,33928,91,0,0,0,467,17264,79,2840,0,12522,126,28439,60317,21580,29446,9768,6096,66141,87298,933,59593,4940,198,13584,3411,718,423,2678,4836,1928,160,141,168,75,0,0,0,0,0,0,0,0
2023-11-29,US,1375078,0,0,0,0,0,0,0,0,0,0,0,0,0,0,0,0,0,0,0,0,17411,0,0,0,225,0,0,0,0,0,83,0,0,70,126449,0,92,0,0,0,475,2420,0,14760,16862,0,0,0,0,0,76,0,0,391950,200086,0,0,0,242,109,0,0,0,76,0,84,0,0,0,15723,0,0,21725,16345,0,3130,208,0,1520,0,44018,145,21957,34236,94,0,0,0,511,18232,82,2866,0,12854,130,28894,60823,22146,29923,10203,6112,67680,87968,954,61502,5021,204,13763,3431,732,424,2722,4853,1916,161,144,179,76,0,0,0,0,0,0,0,0
2023-11-30,US,1416521,0,0,0,0,0,0,0,0,0,0,0,0,0,0,0,0,0,0,0,0,18024,0,0,0,229,0,0,0,0,0,87,0,0,72,144644,0,94,0,0,0,474,2634,0,14784,17023,0,0,0,0,0,78,0,0,400675,202423,0,0,0,292,110,0,0,0,78,0,88,0,0,0,15904,0,0,21922,16590,0,3213,215,0,1754,0,45557,150,22282,34499,97,0,0,0,557,19227,85,2889,0,13183,135,29322,61246,22706,30375,10646,6117,69188,88515,976,63415,5098,210,13927,3445,745,424,2764,4863,1899,161,148,190,78,0,0,0,0,0,0,0,0
2023-12-01,US,1457963,0,0,0,0,0,0,0,0,0,0,0,0,0,0,0,0,0,0,0,0,18642,0,0,0,233,0,0,0,0,0,90,0,0,74,163683,0,96,0,0,0,472,2855,0,14783,17163,0,0,0,0,0,80,0,0,409218,204543,0,0,0,343,112,0,0,0,80,0,92,0,0,0,16068,0,0,22092,16820,0,3295,223,0,2000,0,47108,156,22587,34716,101,0,0,0,604,20247,89,2908,0,13508,139,29725,61586,23259,30799,11096,6111,70665,88937,997,65332,5170,216,14077,3454,757,423,2803,4865,1879,162,151,201,80,0,0,0,0,0,0,0,0
2023-12-02,US,1499406,0,0,0,0,0,0,0,0,0,0,0,0,0,0,0,0,0,0,0,0,19265,0,0,0,236,0,0,0,0,0,94,0,0,76,183568,0,99,0,0,0,469,3085,0,14757,17283,0,0,0,0,0,81,0,0,417580,206446,0,0,0,398,113,0,0,0,81,0,96,0,0,0,16215,0,0,22235,17036,0,3377,230,0,2257,0,48672,161,22872,34889,104,0,0,0,653,21294,92,2922,0,13830,143,30101,61844,23806,31198,11555,6095,72111,89236,1017,67252,5238,222,14212,3458,769,422,2840,4858,1853,162,154,212,81,0,0,0,0,0,0,0,0
2023-12-03,US,1512813,0,0,0,0,0,0,0,0,0,0,0,0,0,0,0,0,0,0,0,0,19532,0,0,0,235,0,0,0,0,0,96,0,0,76,200582,0,99,0,0,0,457,3263,0,14439,17067,0,0,0,0,0,81,0,0,418014,204344,0,0,0,446,111,0,0,0,81,0,99,0,0,0,16047,0,0,21944,16924,0,3395,234,0,2479,0,49334,163,22716,34379,105,0,0,0,692,21960,94,2880,0,13891,144,29898,60890,23904,30995,11802,5958,72187,87784,1018,67917,5205,223,14071,3393,767,413,2822,4756,1791,159,155,220,81,0,0,0,0,0,0,0,0
2023-12-04,US,1526220,0,0,0,0,0,0,0,0,0,0,0,0,0,0,0,0,0,0,0,0,19800,0,0,0,234,0,0,0,0,0,98,0,0,77,217871,0,99,0,0,0,444,3443,0,14113,16843,0,0,0,0,0,81,0,0,418388,202172,0,0,0,496,110,0,0,0,81,0,101,0,0,0,15873,0,0,21645,16808,0,3412,237,0,2704,0,50000,166,22554,33854,106,0,0,0,731,22635,96,2837,0,13950,146,29686,59909,23999,30784,12053,5818,72253,86292,1019,68582,5171,225,13926,3327,764,403,2803,4651,1727,155,155,228,81,0,0,0,0,0,0,0,0
2023-12-05,US,1539626,0,0,0,0,0,0,0,0,0,0,0,0,0,0,0,0,0,0,0,0,20070,0,0,0,233,0,0,0,0,0,100,0,0,78,235437,0,100,0,0,0,432,3626,0,13779,16613,0,0,0,0,0,81,0,0,418703,199929,0,0,0,546,109,0,0,0,81,0,104,0,0,0,15694,0,0,21337,16686,0,3430,240,0,2933,0,50671,168,22385,33315,107,0,0,0,770,23318,97,2792,0,14009,147,29465,58901,24093,30564,12305,5674,72309,84759,1020,69250,5135,226,13776,3259,760,393,2784,4543,1661,152,156,236,81,0,0,0,0,0,0,0,0
2023-12-06,US,1553033,0,0,0,0,0,0,0,0,0,0,0,0,0,0,0,0,0,0,0,0,20341,0,0,0,232,0,0,0,0,0,102,0,0,78,253278,0,100,0,0,0,419,3812,0,13437,16377,0,0,0,0,0,81,0,0,418959,197615,0,0,0,597,108,0,0,0,81,0,106,0,0,0,15510,0,0,21020,16560,0,3447,244,0,3166,0,51345,171,22210,32761,109,0,0,0,810,24010,99,2746,0,14067,149,29236,57866,24185,30335,12561,5527,72355,83186,1020,69918,5097,228,13621,3189,757,382,2764,4433,1594,149,156,244,81,0,0,0,0,0,0,0,0
2023-12-07,US,1566440,0,0,0,0,0,0,0,0,0,0,0,0,0,0,0,0,0,0,0,0,20615,0,0,0,231,0,0,0,0,0,104,0,0,79,271396,0,100,0,0,0,405,4001,0,13087,16133,0,0,0,0,0,81,0,0,419156,195230,0,0,0,649,106,0,0,0,81,0,109,0,0,0,15319,0,0,20695,16428,0,3465,247,0,3403,0,52023,173,22029,32192,110,0,0,0,850,24710,101,2699,0,14123,150,28999,56804,24274,30098,12819,5377,72391,81573,1021,70587,5058,230,13461,3118,754,372,2743,4319,1526,145,156,252,81,0,0,0,0,0,0,0,0
2023-12-08,US,1579847,0,0,0,0,0,0,0,0,0,0,0,0,0,0,0,0,0,0,0,0,20890,0,0,0,229,0,0,0,0,0,106,0,0,80,289790,0,101,0,0,0,392,4192,0,12729,15883,0,0,0,0,0,81,0,0,419293,192775,0,0,0,701,105,0,0,0,81,0,111,0,0,0,15123,0,0,20360,16293,0,3482,250,0,3643,0,52706,176,21841,31609,111,0,0,0,892,25419,103,2651,0,14178,152,28753,55714,24361,29852,13080,5222,72416,79919,1021,71258,5018,231,13297,3045,750,361,2722,4204,1456,142,157,261,81,0,0,0,0,0,0,0,0
2023-12-09,US,1593254,0,0,0,0,0,0,0,0,0,0,0,0,0,0,0,0,0,0,0,0,21166,0,0,0,228,0,0,0,0,0,109,0,0,80,308461,0,101,0,0,0,378,4386,0,12362,15627,0,0,0,0,0,81,0,0,419371,190248,0,0,0,755,104,0,0,0,81,0,114,0,0,0,14922,0,0,20017,16152,0,3498,254,0,3886,0,53393,178,21646,31010,112,0,0,0,933,26136,105,2601,0,14232,153,28499,54598,24447,29598,13343,5065,72432,78225,1021,71929,4977,233,13127,2970,746,350,2699,4086,1385,138,157,269,81,0,0,0,0,0,0,0,0
2023-12-10,US,1625138,0,0,0,0,0,0,0,0,0,0,0,0,0,0,0,0,0,0,0,0,21691,0,0,0,229,0,0,0,0,0,112,0,0,82,331174,0,102,0,0,0,368,4635,0,12125,15540,0,0,0,0,0,82,0,0,424212,189808,0,0,0,818,103,0,0,0,82,0,118,0,0,0,14884,0,0,19891,16191,0,3555,260,0,4181,0,54705,183,21692,30747,115,0,0,0,987,27171,108,2579,0,14450,156,28560,54069,24812,29672,13765,4960,73270,77370,1033,73437,4990,237,13102,2927,751,343,2707,4010,1328,136,159,281,82,0,0,0,0,0,0,0,0
2023-12-11,US,1657022,0,0,0,0,0,0,0,0,0,0,0,0,0,0,0,0,0,0,0,0,22220,0,0,0,231,0,0,0,0,0,116,0,0,83,354539,0,104,0,0,0,357,4890,0,11870,15437,0,0,0,0,0,83,0,0,428913,189200,0,0,0,884,103,0,0,0,83,0,122,0,0,0,14832,0,0,19745,16218,0,3612,267,0,4485,0,56028,187,21722,30448,117,0,0,0,1042,28226,111,2555,0,14664,160,28602,53476,25173,29726,14194,4848,74083,76419,1045,74947,5001,241,13066,2880,755,335,2712,3929,1267,134,161,293,83,0,0,0,0,0,0,0,0
2023-12-12,US,1688905,0,0,0,0,0,0,0,0,0,0,0,0,0,0,0,0,0,0,0,0,22753,0,0,0,232,0,0,0,0,0,119,0,0,85,378558,0,105,0,0,0,346,5152,0,11595,15319,0,0,0,0,0,84,0,0,433474,188425,0,0,0,951,102,0,0,0,84,0,126,0,0,0,14768,0,0,19577,16234,0,3668,273,0,4797,0,57360,192,21737,30115,120,0,0,0,1098,29301,114,2528,0,14876,163,28624,52820,25528,29759,14628,4727,74873,75373,1056,76460,5007,245,13018,2829,758,326,2716,3841,1203,131,163,305,84,0,0,0,0,0,0,0,0
2023-12-13,US,1720789,0,0,0,0,0,0,0,0,0,0,0,0,0,0,0,0,0,0,0,0,23290,0,0,0,232,0,0,0,0,0,123,0,0,86,403230,0,106,0,0,0,334,5421,0,11301,15185,0,0,0,0,0,85,0,0,437895,187482,0,0,0,1021,102,0,0,0,85,0,130,0,0,0,14690,0,0,19389,16239,0,3723,280,0,5117,0,58701,197,21736,29746,123,0,0,0,1156,30396,117,2497,0,15085,166,28625,52099,25879,29772,15069,4598,75639,74231,1067,77976,5011,250,12958,2773,762,317,2718,3747,1135,129,165,318,85,0,0,0,0,0,0,0,0
2023-12-14,US,1752673,0,0,0,0,0,0,0,0,0,0,0,0,0,0,0,0,0,0,0,0,23831,0,0,0,233,0,0,0,0,0,126,0,0,88,428555,0,108,0,0,0,321,5696,0,10988,15035,0,0,0,0,0,85,0,0,442176,186371,0,0,0,1092,101,0,0,0,85,0,134,0,0,0,14599,0,0,19180,16233,0,3778,286,0,5447,0,60053,202,21721,29343,125,0,0,0,1215,31512,120,2464,0,15292,170,28607,51314,26225,29764,15516,4461,76380,72993,1077,79495,5011,254,12888,2714,764,308,2719,3647,1064,126,167,330,85,0,0,0,0,0,0,0,0
2023-12-15,US,1784557,0,0,0,0,0,0,0,0,0,0,0,0,0,0,0,0,0,0,0,0,24376,0,0,0,234,0,0,0,0,0,130,0,0,89,454534,0,109,0,0,0,307,5977,0,10655,14870,0,0,0,0,0,86,0,0,446316,185093,0,0,0,1165,100,0,0,0,86,0,139,0,0,0,14494,0,0,18950,16216,0,3832,293,0,5784,0,61413,206,21690,28905,128,0,0,0,1275,32648,124,2428,0,15496,173,28568,50465,26566,29736,15969,4316,77097,71660,1087,81016,5008,258,12806,2651,767,297,2717,3541,990,123,169,343,86,0,0,0,0,0,0,0,0
2023-12-16,US,1816440,0,0,0,0,0,0,0,0,0,0,0,0,0,0,0,0,0,0,0,0,24925,0,0,0,234,0,0,0,0,0,134,0,0,91,481167,0,110,0,0,0,293,6264,0,10304,14688,0,0,0,0,0,87,0,0,450316,183646,0,0,0,1240,100,0,0,0,87,0,143,0,0,0,14376,0,0,18699,16187,0,3886,300,0,6131,0,62784,211,21643,28432,130,0,0,0,1337,33804,127,2389,0,15697,176,28509,49552,26902,29687,16428,4162,77790,70231,1097,82540,5001,262,12712,2583,769,287,2714,3428,912,120,171,357,87,0,0,0,0,0,0,0,0
2023-12-17,US,1879995,0,0,0,0,0,0,0,0,0,0,0,0,0,0,0,0,0,0,0,0,25915,0,0,0,239,0,0,0,0,0,140,0,0,94,517167,0,114,0,0,0,283,6670,0,10104,14740,0,0,0,0,0,89,0,0,461957,185151,0,0,0,1339,100,0,0,0,89,0,150,0,0,0,14489,0,0,18744,16424,0,4007,312,0,6597,0,65264,220,21952,28402,135,0,0,0,1424,35580,133,2388,0,16168,183,28917,49407,27699,30126,17183,4069,79804,69884,1125,85507,5076,271,12823,2555,784,280,2755,3366,845,118,175,376,89,0,0,0,0,0,0,0,0
2023-12-18,US,1943549,0,0,0,0,0,0,0,0,0,0,0,0,0,0,0,0,0,0,0,0,26912,0,0,0,243,0,0,0,0,0,146,0,0,97,554466,0,117,0,0,0,272,7089,0,9865,14759,0,0,0,0,0,91,0,0,473320,186321,0,0,0,1443,101,0,0,0,91,0,157,0,0,0,14576,0,0,18746,16638,0,4127,324,0,7080,0,67763,229,22229,28303,140,0,0,0,1514,37396,138,2380,0,16634,189,29286,49135,28487,30523,17950,3960,81769,69346,1153,88479,5145,279,12912,2518,798,272,2792,3292,772,116,180,397,91,0,0,0,0,0,0,0,0
2023-12-19,US,2007104,0,0,0,0,0,0,0,0,0,0,0,0,0,0,0,0,0,0,0,0,27918,0,0,0,247,0,0,0,0,0,153,0,0,100,593067,0,120,0,0,0,259,7521,0,9589,14748,0,0,0,0,0,93,0,0,484403,187158,0,0,0,1550,101,0,0,0,93,0,164,0,0,0,14636,0,0,18708,16830,0,4245,336,0,7580,0,70281,237,22476,28134,145,0,0,0,1606,39252,144,2367,0,17094,195,29614,48735,29265,30880,18729,3835,83686,68618,1180,91457,5207,288,12978,2473,811,263,2826,3205,691,114,185,418,93,0,0,0,0,0,0,0,0
2023-12-20,US,2070658,0,0,0,0,0,0,0,0,0,0,0,0,0,0,0,0,0,0,0,0,28931,0,0,0,250,0,0,0,0,0,159,0,0,103,632968,0,123,0,0,0,244,7965,0,9274,14705,0,0,0,0,0,95,0,0,495207,187660,0,0,0,1661,102,0,0,0,95,0,171,0,0,0,14669,0,0,18628,16999,0,4363,348,0,8097,0,72818,246,22693,27896,150,0,0,0,1702,41149,150,2348,0,17549,202,29902,48207,30034,31196,19521,3693,85555,67700,1206,94440,5262,297,13021,2421,823,253,2856,3106,605,111,189,439,95,0,0,0,0,0,0,0,0
2023-12-21,US,2134212,0,0,0,0,0,0,0,0,0,0,0,0,0,0,0,0,0,0,0,0,29953,0,0,0,253,0,0,0,0,0,166,0,0,106,674171,0,126,0,0,0,229,8423,0,8922,14630,0,0,0,0,0,97,0,0,505731,187829,0,0,0,1776,102,0,0,0,97,0,179,0,0,0,14676,0,0,18507,17147,0,4480,361,0,8632,0,75374,255,22879,27588,155,0,0,0,1800,43085,156,2323,0,17999,208,30150,47552,30793,31472,20325,3535,87376,66591,1232,97428,5310,305,13042,2360,835,242,2883,2994,511,108,194,461,97,0,0,0,0,0,0,0,0
2023-12-22,US,2197767,0,0,0,0,0,0,0,0,0,0,0,0,0,0,0,0,0,0,0,0,30982,0,0,0,256,0,0,0,0,0,172,0,0,109,716677,0,129,0,0,0,212,8892,0,8531,14524,0,0,0,0,0,99,0,0,515976,187663,0,0,0,1894,102,0,0,0,99,0,186,0,0,0,14657,0,0,18344,17271,0,4596,373,0,9183,0,77950,264,23035,27210,160,0,0,0,1901,45062,162,2293,0,18443,215,30359,46770,31542,31706,21140,3361,89149,65292,1257,100422,5352,314,13040,2291,846,230,2906,2870,411,105,198,483,99,0,0,0,0,0,0,0,0
2023-12-23,US,2261321,0,0,0,0,0,0,0,0,0,0,0,0,0,0,0,0,0,0,0,0,31894,0,0,0,258,0,0,0,193,0,178,0,0,112,757494,4746,131,0,0,0,193,9338,0,8070,14330,0,0,0,0,0,101,0,0,523873,186426,0,0,0,2009,101,0,0,0,101,0,193,385,0,0,14554,673,197,18068,17305,0,4692,384,0,9713,1244,80228,272,23069,26658,165,578,0,620,1997,46895,167,2247,256,18808,220,30407,45679,32154,31774,21882,3159,90516,63551,1276,103015,5365,321,12964,2205,852,216,2913,2723,302,101,202,504,101,0,0,0,0,0,0,0,0
2023-12-24,US,2329715,0,0,0,0,0,0,0,0,0,0,0,0,0,0,0,0,0,0,0,0,32475,0,0,0,261,0,0,0,196,0,186,0,0,115,811548,5704,135,0,0,0,203,9576,0,8091,14368,0,0,0,0,0,140,0,0,527695,187175,0,0,0,2268,107,0,0,0,113,0,202,416,0,0,14653,846,249,18071,17416,0,4697,398,0,11124,1427,81504,282,23267,26745,170,634,0,933,2259,48028,174,2238,359,18928,227,30508,45809,32597,31954,22294,3174,90983,63710,1282,104106,5374,330,13044,2225,851,222,2907,2739,0,0,0,0,0,0,0,0,0,0,0,0,0
2023-12-25,US,2398109,0,0,0,0,0,0,0,0,0,0,0,0,0,0,0,0,0,0,0,0,33015,0,0,0,264,0,0,0,198,0,193,0,0,118,867003,6707,138,0,0,0,214,9806,0,8094,14374,0,0,0,0,0,181,0,0,530512,187531,0,0,0,2539,113,0,0,0,125,0,210,448,0,0,14723,1029,304,18032,17492,0,4691,412,0,12595,1617,82667,292,23422,26775,176,693,0,1262,2533,49119,180,2223,468,19012,234,30543,45840,32990,32070,22679,3183,91265,63731,1285,105020,5370,339,13099,2240,848,229,2894,2750,0,0,0,0,0,0,0,0,0,0,0,0,0
2023-12-26,US,2466503,0,0,0,0,0,0,0,0,0,0,0,0,0,0,0,0,0,0,0,0,33532,0,0,0,267,0,0,0,200,0,200,0,0,122,924263,7758,141,0,0,0,225,10033,0,8084,14356,0,0,0,0,0,224,0,0,532606,187594,0,0,0,2820,119,0,0,0,137,0,218,481,0,0,14773,1220,362,17961,17544,0,4677,425,0,14132,1815,83760,302,23548,26762,181,753,0,1609,2819,50191,187,2203,582,19068,241,30529,45796,33352,32139,23049,3187,91411,63645,1286,105812,5358,348,13135,2252,843,235,2875,2757,0,0,0,0,0,0,0,0,0,0,0,0,0
2023-12-27,US,2534897,0,0,0,0,0,0,0,0,0,0,0,0,0,0,0,0,0,0,0,0,34025,0,0,0,269,0,0,0,203,0,208,0,0,125,983327,8857,144,0,0,0,236,10257,0,8060,14314,0,0,0,0,0,270,0,0,533977,187363,0,0,0,3114,126,0,0,0,151,0,227,515,0,0,14803,1421,422,17857,17571,0,4655,439,0,15734,2022,84782,312,23643,26706,186,816,0,1973,3116,51245,193,2178,701,19097,248,30467,45676,33681,32161,23403,3186,91420,63454,1285,106482,5336,358,13152,2262,836,242,2850,2760,0,0,0,0,0,0,0,0,0,0,0,0,0
2023-12-28,US,2603291,0,0,0,0,0,0,0,0,0,0,0,0,0,0,0,0,0,0,0,0,34495,0,0,0,271,0,0,0,205,0,215,0,0,128,1044198,10003,147,0,0,0,247,10478,0,8023,14249,0,0,0,0,0,318,0,0,534625,186839,0,0,0,3419,133,0,0,0,164,0,236,550,0,0,14812,1630,485,17720,17573,0,4624,453,0,17401,2238,85734,322,23708,26606,192,881,0,2354,3425,52281,200,2149,827,19099,255,30355,45482,33978,32136,23741,3180,91294,63157,1283,107029,5305,366,13151,2269,828,248,2820,2758,0,0,0,0,0,0,0,0,0,0,0,0,0
2023-12-29,US,2671685,0,0,0,0,0,0,0,0,0,0,0,0,0,0,0,0,0,0,0,0,34941,0,0,0,272,0,0,0,207,0,223,0,0,131,1106874,11197,150,0,0,0,259,10696,0,7973,14160,0,0,0,0,0,367,0,0,534549,186022,0,0,0,3736,139,0,0,0,179,0,245,586,0,0,14800,1849,551,17551,17550,0,4586,467,0,19133,2462,86616,332,23743,26464,197,948,0,2753,3747,53298,207,2115,957,19075,262,30194,45213,34243,32064,24065,3169,91030,62755,1278,107454,5264,375,13130,2273,819,255,2784,2753,0,0,0,0,0,0,0,0,0,0,0,0,0
2023-12-30,US,2740079,0,0,0,0,0,0,0,0,0,0,0,0,0,0,0,0,0,0,0,0,35363,0,0,0,274,0,0,0,208,0,231,0,0,135,1171355,12438,152,0,0,0,271,10911,0,7909,14048,0,0,0,0,0,419,0,0,533750,184911,0,0,0,4064,147,0,0,0,193,0,254,623,0,0,14768,2076,620,17350,17502,0,4539,481,0,20931,2694,87428,342,23748,26278,203,1017,0,3169,4080,54297,214,2076,1094,19023,269,29984,44868,34476,31946,24373,3154,90631,62247,1271,107757,5215,384,13091,2274,807,261,2742,2744,0,0,0,0,0,0,0,0,0,0,0,0,0
2023-12-31,US,2722707,0,0,0,0,0,0,0,0,0,0,0,0,0,0,0,0,0,0,0,0,34670,0,0,0,267,0,0,0,203,0,232,0,0,134,1199847,13308,150,0,0,0,275,10784,0,7593,13486,0,0,0,0,0,459,0,0,515974,177903,0,0,0,4270,149,0,0,0,202,0,255,641,0,0,14266,2242,670,16593,16897,0,4347,480,0,22098,2846,85477,342,22998,25254,202,1056,0,3492,4289,53590,214,1971,1198,18366,268,28817,43091,33617,30809,23912,3038,87344,59751,1224,104641,4998,381,12636,2203,770,259,2613,2647,0,0,0,0,0,0,0,0,0,0,0,0,0
2024-01-01,US,2705336,0,0,0,0,0,0,0,0,0,0,0,0,0,0,0,0,0,0,0,0,33982,0,0,0,259,0,0,0,198,0,232,0,0,133,1227881,14166,149,0,0,0,278,10657,0,7280,12931,0,0,0,0,0,497,0,0,498381,170969,0,0,0,4472,152,0,0,0,211,0,256,659,0,0,13770,2406,719,15845,16299,0,4157,480,0,23248,2995,83544,341,22256,24241,201,1094,0,3810,4496,52888,215,1867,1301,17715,266,27662,41334,32767,29685,23455,2923,84091,57282,1177,101556,4784,378,12185,2132,733,258,2485,2552,0,0,0,0,0,0,0,0,0,0,0,0,0
2024-01-02,US,2687965,0,0,0,0,0,0,0,0,0,0,0,0,0,0,0,0,0,0,0,0,33301,0,0,0,252,0,0,0,194,0,233,0,0,132,1255458,15012,147,0,0,0,282,10531,0,6970,12382,0,0,0,0,0,536,0,0,480971,164109,0,0,0,4672,154,0,0,0,220,0,257,677,0,0,13278,2567,768,15105,15707,0,3969,479,0,24382,3142,81628,341,21521,23238,201,1131,0,4125,4700,52190,215,1764,1402,17072,265,26520,39595,31925,28573,23002,2810,80873,54840,1131,98502,4573,375,11739,2063,697,256,2358,2457,0,0,0,0,0,0,0,0,0,0,0,0,0
2024-01-03,US,2670593,0,0,0,0,0,0,0,0,0,0,0,0,0,0,0,0,0,0,0,0,32626,0,0,0,245,0,0,0,189,0,233,0,0,131,1282579,15846,145,0,0,0,285,10406,0,6664,11839,0,0,0,0,0,574,0,0,463745,157324,0,0,0,4868,156,0,0,0,228,0,258,694,0,0,12792,2726,816,14373,15121,0,3784,478,0,25499,3286,79731,340,20795,22247,200,1168,0,4435,4900,51497,215,1662,1502,16435,264,25391,37875,31091,27472,22553,2698,77689,52424,1085,95479,4364,372,11297,1994,661,254,2233,2364,0,0,0,0,0,0,0,0,0,0,0,0,0
2024-01-04,US,2653222,0,0,0,0,0,0,0,0,0,0,0,0,0,0,0,0,0,0,0,0,31956,0,0,0,238,0,0,0,184,0,234,0,0,130,1309241,16667,143,0,0,0,288,10282,0,6361,11301,0,0,0,0,0,611,0,0,446701,150613,0,0,0,5062,159,0,0,0,237,0,259,711,0,0,12311,2882,864,13649,14541,0,3600,477,0,26600,3429,77851,340,20075,21266,199,1204,0,4740,5098,50808,215,1562,1601,15805,262,24274,36174,30265,26383,22108,2587,74540,50036,1039,92488,4157,369,10860,1925,626,252,2109,2271,0,0,0,0,0,0,0,0,0,0,0,0,0
2024-01-05,US,2635851,0,0,0,0,0,0,0,0,0,0,0,0,0,0,0,0,0,0,0,0,31293,0,0,0,231,0,0,0,179,0,234,0,0,129,1335447,17477,141,0,0,0,292,10158,0,6061,10770,0,0,0,0,0,648,0,0,429841,143977,0,0,0,5253,161,0,0,0,245,0,260,728,0,0,11835,3037,910,12933,13968,0,3419,476,0,27684,3570,75989,339,19364,20297,198,1240,0,5042,5293,50124,215,1462,1698,15182,261,23169,34492,29447,25306,21667,2477,71425,47674,995,89527,3952,366,10428,1858,590,251,1986,2180,0,0,0,0,0,0,0,0,0,0,0,0,0
2024-01-06,US,2618479,0,0,0,0,0,0,0,0,0,0,0,0,0,0,0,0,0,0,0,0,30636,0,0,0,224,0,0,0,175,0,235,0,0,128,1361195,18274,139,0,0,0,295,10035,0,5765,10245,0,0,0,0,0,684,0,0,413165,137414,0,0,0,5441,163,0,0,0,253,0,261,744,0,0,11364,3189,956,12226,13401,0,3239,475,0,28752,3708,74145,338,18660,19338,197,1275,0,5338,5484,49445,216,1364,1794,14566,259,22077,32829,28638,24242,21230,2368,68345,45338,950,86597,3750,362,10001,1791,556,249,1866,2089,0,0,0,0,0,0,0,0,0,0,0,0,0
2024-01-07,US,2551813,0,0,0,0,0,0,0,0,0,0,0,0,0,0,0,0,0,0,0,0,29416,0,0,0,213,0,0,0,167,0,231,0,0,124,1360210,18699,135,0,0,0,292,9725,0,5369,9542,0,0,0,0,0,706,0,0,389154,128445,0,0,0,5519,162,0,0,0,256,0,257,746,0,0,10692,3276,983,11308,12597,0,3004,465,0,29238,3771,70948,331,17623,18042,193,1285,0,5524,5565,47846,212,1243,1853,13692,253,20599,30595,27309,22749,20402,2218,64062,42214,889,82111,3483,353,9397,1692,512,243,1713,1962,0,0,0,0,0,0,0,0,0,0,0,0,0
2024-01-08,US,2485146,0,0,0,0,0,0,0,0,0,0,0,0,0,0,0,0,0,0,0,0,28219,0,0,0,203,0,0,0,159,0,227,0,0,121,1357467,19076,130,0,0,0,290,9418,0,4986,8861,0,0,0,0,0,726,0,0,365847,119762,0,0,0,5586,161,0,0,0,259,0,253,747,0,0,10040,3353,1006,10423,11817,0,2776,454,0,29661,3827,67819,324,16616,16787,188,1292,0,5693,5635,46264,208,1127,1906,12845,247,19169,28433,26011,21302,19590,2073,59912,39193,830,77745,3224,343,8811,1596,469,236,1566,1838,0,0,0,0,0,0,0,0,0,0,0,0,0
2024-01-09,US,2418480,0,0,0,0,0,0,0,0,0,0,0,0,0,0,0,0,0,0,0,0,27045,0,0,0,192,0,0,0,152,0,223,0,0,118,1352965,19408,126,0,0,0,286,9114,0,4615,8204,0,0,0,0,0,744,0,0,343245,111364,0,0,0,5642,160,0,0,0,261,0,248,746,0,0,9408,3422,1028,9568,11061,0,2557,444,0,30020,3874,64759,317,15637,15575,184,1297,0,5845,5693,44701,203,1015,1954,12023,240,17787,26344,24745,19901,18792,1932,55895,36275,773,73498,2975,333,8244,1503,428,230,1424,1719,0,0,0,0,0,0,0,0,0,0,0,0,0
2024-01-10,US,2351813,0,0,0,0,0,0,0,0,0,0,0,0,0,0,0,0,0,0,0,0,25895,0,0,0,182,0,0,0,144,0,218,0,0,114,1346705,19693,122,0,0,0,283,8812,0,4258,7570,0,0,0,0,0,760,0,0,321348,103251,0,0,0,5686,159,0,0,0,262,0,244,745,0,0,8795,3483,1046,8746,10329,0,2346,434,0,30316,3912,61767,310,14689,14404,179,1300,0,5981,5740,43155,199,907,1996,11228,234,16452,24329,23510,18546,18010,1796,52010,33459,718,69370,2735,323,7694,1412,388,223,1288,1603,0,0,0,0,0,0,0,0,0,0,0,0,0
2024-01-11,US,2285147,0,0,0,0,0,0,0,0,0,0,0,0,0,0,0,0,0,0,0,0,24767,0,0,0,172,0,0,0,137,0,214,0,0,111,1338686,19931,117,0,0,0,280,8514,0,3914,6959,0,0,0,0,0,774,0,0,300155,95425,0,0,0,5719,157,0,0,0,263,0,239,742,0,0,8203,3534,1062,7955,9622,0,2142,423,0,30547,3943,58843,303,13769,13276,174,1301,0,6099,5775,41627,195,804,2033,10460,228,15166,22386,22306,17236,17242,1664,48258,30747,665,65361,2503,313,7163,1325,350,217,1157,1491,0,0,0,0,0,0,0,0,0,0,0,0,0
2024-01-12,US,2218480,0,0,0,0,0,0,0,0,0,0,0,0,0,0,0,0,0,0,0,0,23662,0,0,0,163,0,0,0,130,0,209,0,0,108,1328909,20123,113,0,0,0,276,8218,0,3583,6371,0,0,0,0,0,786,0,0,279667,87884,0,0,0,5740,155,0,0,0,264,0,235,739,0,0,7631,3577,1075,7196,8939,0,1947,413,0,30716,3965,55988,295,12879,12190,170,1300,0,6201,5798,40117,191,706,2064,9717,221,13927,20516,21134,15972,16490,1537,44639,28137,613,61472,2281,304,6651,1240,314,211,1032,1383,0,0,0,0,0,0,0,0,0,0,0,0,0
2024-01-13,US,2151814,0,0,0,0,0,0,0,0,0,0,0,0,0,0,0,0,0,0,0,0,22580,0,0,0,153,0,0,0,124,0,205,0,0,104,1317373,20269,109,0,0,0,272,7925,0,3265,5806,0,0,0,0,0,795,0,0,259884,80629,0,0,0,5751,153,0,0,0,264,0,230,734,0,0,7079,3611,1085,6468,8280,0,1759,402,0,30820,3979,53201,288,12018,11145,165,1296,0,6286,5810,38625,186,612,2090,9001,215,12736,18720,19993,14754,15752,1415,41153,25630,564,57701,2068,294,6156,1158,279,204,912,1279,0,0,0,0,0,0,0,0,0,0,0,0,0
2024-01-14,US,2097632,0,0,0,0,0,0,0,0,0,0,0,0,0,0,0,0,0,0,0,0,21650,0,0,0,145,0,0,0,118,0,201,0,0,102,1311886,20490,105,0,0,0,269,7680,0,2977,5296,0,0,0,0,0,808,0,0,242247,74101,0,0,0,5784,152,0,0,0,265,0,226,733,0,0,6586,3658,1100,5807,7691,0,1589,394,0,31046,4008,50785,282,11254,10204,161,1298,0,6392,5846,37372,183,525,2123,8361,210,11663,17098,18997,13663,15119,1306,38026,23366,519,54373,1874,286,5714,1085,248,199,803,1185,0,0,0,0,0,0,0,0,0,0,0,0,0
2024-01-15,US,2043450,0,0,0,0,0,0,0,0,0,0,0,0,0,0,0,0,0,0,0,0,20739,0,0,0,137,0,0,0,112,0,198,0,0,99,1304969,20673,102,0,0,0,266,7438,0,2700,4805,0,0,0,0,0,819,0,0,225183,67805,0,0,0,5808,151,0,0,0,266,0,222,730,0,0,6109,3698,1112,5171,7121,0,1426,385,0,31220,4031,48425,276,10513,9296,157,1299,0,6485,5871,36135,179,442,2152,7742,204,10628,15536,18026,12609,14499,1200,35007,21184,476,51142,1689,278,5286,1014,217,194,698,1095,0,0,0,0,0,0,0,0,0,0,0,0,0
2024-01-16,US,1989268,0,0,0,0,0,0,0,0,0,0,0,0,0,0,0,0,0,0,0,0,19846,0,0,0,130,0,0,0,106,0,194,0,0,96,1296624,20818,99,0,0,0,263,7199,0,2434,4332,0,0,0,0,0,828,0,0,208691,61741,0,0,0,5824,149,0,0,0,266,0,218,727,0,0,5649,3731,1122,4561,6571,0,1269,376,0,31342,4047,46120,270,9796,8423,153,1297,0,6564,5888,34911,176,363,2176,7144,199,9632,14033,17080,11592,13891,1098,32096,19087,435,48008,1510,270,4874,946,188,189,598,1009,0,0,0,0,0,0,0,0,0,0,0,0,0
2024-01-17,US,1935086,0,0,0,0,0,0,0,0,0,0,0,0,0,0,0,0,0,0,0,0,18972,0,0,0,122,0,0,0,101,0,190,0,0,93,1286849,20926,95,0,0,0,259,6961,0,2179,3878,0,0,0,0,0,835,0,0,192773,55910,0,0,0,5829,148,0,0,0,266,0,214,723,0,0,5205,3756,1130,3977,6041,0,1118,368,0,31413,4057,43870,263,9104,7583,150,1294,0,6629,5895,33702,172,288,2196,6568,194,8675,12590,16160,10612,13295,1000,29292,17073,395,44970,1338,262,4476,880,160,183,502,925,0,0,0,0,0,0,0,0,0,0,0,0,0
2024-01-18,US,1880904,0,0,0,0,0,0,0,0,0,0,0,0,0,0,0,0,0,0,0,0,18116,0,0,0,115,0,0,0,95,0,186,0,0,91,1275644,20996,92,0,0,0,256,6726,0,1933,3443,0,0,0,0,0,841,0,0,177427,50310,0,0,0,5826,146,0,0,0,266,0,210,718,0,0,4777,3775,1136,3419,5531,0,974,359,0,31431,4060,41677,257,8434,6778,146,1288,0,6680,5893,32508,168,216,2211,6013,189,7757,11206,15265,9670,12711,906,26597,15142,357,42030,1174,254,4093,816,133,178,410,844,0,0,0,0,0,0,0,0,0,0,0,0,0
2024-01-19,US,1826722,0,0,0,0,0,0,0,0,0,0,0,0,0,0,0,0,0,0,0,0,17279,0,0,0,108,0,0,0,90,0,182,0,0,88,1263010,21028,89,0,0,0,252,6493,0,1699,3027,0,0,0,0,0,845,0,0,162654,44943,0,0,0,5813,144,0,0,0,265,0,206,712,0,0,4365,3786,1139,2886,5040,0,836,350,0,31398,4056,39538,251,7789,6007,142,1281,0,6718,5881,31328,165,148,2222,5480,184,6878,9881,14396,8765,12139,815,24010,13296,321,39186,1018,247,3725,754,108,173,323,767,0,0,0,0,0,0,0,0,0,0,0,0,0
2024-01-20,US,1772540,0,0,0,0,0,0,0,0,0,0,0,0,0,0,0,0,85,0,0,0,16456,0,0,0,101,0,0,0,85,0,178,0,85,85,1248564,21016,85,0,0,85,248,6261,0,1475,2629,0,101,0,0,0,847,85,0,148409,39797,0,101,0,5790,142,0,0,0,263,0,202,705,0,0,3968,3790,1140,2379,4567,0,705,341,0,31304,4044,37444,245,7166,5269,138,1272,0,6741,5858,30153,161,84,2228,4966,178,6036,8613,13548,7894,11576,728,21524,11529,285,36428,868,239,3370,695,84,168,240,692,0,0,0,0,0,0,0,0,0,0,0,0,0
2024-01-21,US,1761105,0,0,0,0,0,0,0,0,0,0,0,0,0,0,0,0,86,0,0,0,16311,0,0,0,101,0,0,0,86,0,175,0,86,92,1246780,22703,87,0,0,98,243,6259,0,1434,2532,0,101,0,0,0,881,87,0,143328,38406,0,101,0,6122,144,0,0,0,261,0,219,954,0,0,3842,4236,1131,2301,4401,0,680,340,0,32257,4285,36337,244,6920,5086,138,1647,0,7210,6163,29676,161,84,2328,4792,183,5833,8305,13273,7616,11416,703,20820,11105,278,35302,841,237,3260,0,0,0,0,0,0,0,0,0,0,0,0,0,0,0,0,0,0
2024-01-22,US,1749670,0,0,0,0,0,0,0,0,0,0,0,0,0,0,0,0,87,0,0,0,16149,0,0,0,101,0,0,0,86,0,172,0,86,99,1243606,24343,89,0,0,111,238,6249,0,1392,2434,0,101,0,0,0,913,89,0,138145,36988,0,101,0,6444,145,0,0,0,258,0,235,1200,0,0,3713,4671,1121,2222,4231,0,655,340,0,33161,4518,35201,244,6670,4900,137,2015,0,7666,6458,29171,161,84,2423,4614,188,5626,7990,12986,7333,11246,676,20100,10674,270,34149,813,235,3148,0,0,0,0,0,0,0,0,0,0,0,0,0,0,0,0,0,0
2024-01-23,US,1738235,0,0,0,0,0,0,0,0,0,0,0,0,0,0,0,0,88,0,0,0,15988,0,0,0,101,0,0,0,87,0,168,0,86,106,1240367,25960,90,0,0,124,233,6240,0,1351,2336,0,101,0,0,0,945,91,0,133018,35585,0,101,0,6761,146,0,0,0,255,0,251,1441,0,0,3586,5101,1111,2144,4063,0,630,339,0,34051,4747,34078,243,6422,4715,136,2378,0,8116,6748,28671,161,84,2518,4438,193,5422,7679,12702,7054,11076,651,19389,10247,262,33008,786,233,3037,0,0,0,0,0,0,0,0,0,0,0,0,0,0,0,0,0,0
2024-01-24,US,1726800,0,0,0,0,0,0,0,0,0,0,0,0,0,0,0,0,89,0,0,0,15827,0,0,0,101,0,0,0,88,0,165,0,86,112,1237064,27554,92,0,0,136,228,6230,0,1310,2240,0,101,0,0,0,976,93,0,127948,34198,0,101,0,7073,147,0,0,0,252,0,267,1680,0,0,3460,5525,1101,2066,3897,0,606,338,0,34926,4974,32966,243,6177,4533,136,2736,0,8558,7033,28174,161,84,2611,4264,197,5219,7372,12420,6777,10908,625,18685,9825,255,31880,758,231,2927,0,0,0,0,0,0,0,0,0,0,0,0,0,0,0,0,0,0
2024-01-25,US,1715365,0,0,0,0,0,0,0,0,0,0,0,0,0,0,0,0,90,0,0,0,15667,0,0,0,100,0,0,0,88,0,162,0,86,119,1233696,29124,93,0,0,149,223,6219,0,1269,2145,0,100,0,0,0,1006,95,0,122933,32826,0,100,0,7380,149,0,0,0,249,0,283,1915,0,0,3335,5942,1091,1990,3733,0,581,337,0,35787,5196,31866,242,5935,4353,135,3089,0,8995,7315,27681,161,83,2702,4092,202,5019,7068,12142,6503,10741,600,17988,9408,247,30763,732,229,2818,0,0,0,0,0,0,0,0,0,0,0,0,0,0,0,0,0,0
2024-01-26,US,1703930,0,0,0,0,0,0,0,0,0,0,0,0,0,0,0,0,90,0,0,0,15508,0,0,0,100,0,0,0,89,0,159,0,86,125,1230262,30670,95,0,0,161,218,6208,0,1229,2050,0,100,0,0,0,1037,97,0,117975,31470,0,100,0,7682,150,0,0,0,246,0,299,2147,0,0,3211,6354,1081,1914,3571,0,557,336,0,36633,5416,30778,242,5695,4174,135,3437,0,9424,7591,27193,161,83,2792,3921,206,4821,6767,11865,6232,10575,575,17300,8995,240,29659,705,227,2710,0,0,0,0,0,0,0,0,0,0,0,0,0,0,0,0,0,0
2024-01-27,US,1692496,0,0,0,0,0,0,0,0,0,0,0,0,0,0,0,0,91,0,0,0,15350,0,0,0,100,0,0,0,89,0,156,0,86,131,1226765,32193,96,0,0,173,213,6197,0,1190,1957,0,100,0,0,0,1066,98,0,113072,30129,0,100,0,7980,151,0,0,0,243,0,314,2376,0,0,3089,6759,1071,1839,3410,0,533,335,0,37464,5632,29702,241,5458,3998,134,3781,0,9847,7864,26709,161,83,2880,3753,210,4625,6470,11592,5965,10411,550,16619,8588,232,28567,679,225,2604,0,0,0,0,0,0,0,0,0,0,0,0,0,0,0,0,0,0
2024-01-28,US,1708009,0,0,0,0,0,0,0,0,0,0,0,0,0,0,0,0,93,0,0,0,15436,0,0,0,102,0,0,0,91,0,155,0,88,140,1242811,34233,99,0,0,188,211,6284,0,1169,1895,0,102,0,0,0,1113,102,0,109960,29265,0,102,0,8406,154,0,0,0,244,0,334,2643,0,0,3016,7273,1078,1793,3304,0,518,340,0,38894,5938,29096,244,5308,3885,136,4185,0,10428,8262,26649,163,84,3015,3644,218,4503,6275,11502,5792,10412,534,16201,8316,229,27928,663,227,2539,0,0,0,0,0,0,0,0,0,0,0,0,0,0,0,0,0,0
2024-01-29,US,1723522,0,0,0,0,0,0,0,0,0,0,0,0,0,0,0,0,96,0,0,0,15521,0,0,0,103,0,0,0,93,0,154,0,89,148,1258943,36304,102,0,0,203,210,6372,0,1147,1831,0,103,0,0,0,1160,105,0,106773,28381,0,103,0,8838,158,0,0,0,245,0,355,2914,0,0,2941,7796,1085,1746,3195,0,502,344,0,40344,6248,28475,248,5153,3770,137,4596,0,11017,8666,26584,166,85,3151,3533,226,4377,6075,11409,5615,10411,517,15773,8038,225,27273,647,228,2472,0,0,0,0,0,0,0,0,0,0,0,0,0,0,0,0,0,0
2024-01-30,US,1739035,0,0,0,0,0,0,0,0,0,0,0,0,0,0,0,0,98,0,0,0,15605,0,0,0,105,0,0,0,95,0,153,0,91,157,1275163,38406,105,0,0,218,208,6461,0,1125,1766,0,105,0,0,0,1208,109,0,103511,27476,0,105,0,9276,162,0,0,0,246,0,376,3190,0,0,2864,8326,1092,1698,3083,0,486,349,0,41814,6564,27838,251,4996,3651,139,5013,0,11616,9076,26513,168,87,3290,3419,234,4249,5871,11313,5433,10409,501,15335,7753,221,26601,631,230,2404,0,0,0,0,0,0,0,0,0,0,0,0,0,0,0,0,0,0
2024-01-31,US,1754549,0,0,0,0,0,0,0,0,0,0,0,0,0,0,0,0,100,0,0,0,15688,0,0,0,106,0,0,0,97,0,153,0,92,166,1291469,40540,108,0,0,233,206,6550,0,1103,1700,0,106,0,0,0,1257,112,0,100175,26550,0,106,0,9721,165,0,0,0,247,0,397,3470,0,0,2786,8864,1099,1649,2969,0,469,353,0,43303,6884,27185,254,4834,3530,140,5437,0,12223,9492,26437,171,88,3430,3302,242,4117,5663,11213,5248,10405,483,14886,7462,217,25913,615,231,2334,0,0,0,0,0,0,0,0,0,0,0,0,0,0,0,0,0,0
2024-02-01,US,1770062,0,0,0,0,0,0,0,0,0,0,0,0,0,0,0,0,102,0,0,0,15770,0,0,0,108,0,0,0,99,0,152,0,94,174,1307862,42706,112,0,0,249,204,6640,0,1080,1632,0,108,0,0,0,1307,116,0,96763,25604,0,108,0,10172,169,0,0,0,248,0,419,3755,0,0,2705,9411,1105,1599,2853,0,453,358,0,44812,7208,26517,258,4669,3406,142,5868,0,12839,9914,26355,173,89,3573,3183,250,3983,5450,11109,5058,10400,466,14428,7165,213,25208,597,233,2262,0,0,0,0,0,0,0,0,0,0,0,0,0,0,0,0,0,0
2024-02-02,US,1785575,0,0,0,0,0,0,0,0,0,0,0,0,0,0,0,0,105,0,0,0,15851,0,0,0,109,0,0,0,101,0,151,0,96,183,1324341,44903,115,0,0,265,203,6730,0,1056,1563,0,109,0,0,0,1357,119,0,93277,24637,0,109,0,10629,173,0,0,0,248,0,441,4044,0,0,2623,9966,1112,1547,2734,0,435,362,0,46340,7538,25832,261,4501,3280,143,6306,0,13465,10342,26268,176,90,3717,3061,258,3846,5232,11002,4865,10392,448,13959,6862,209,24488,580,235,2189,0,0,0,0,0,0,0,0,0,0,0,0,0,0,0,0,0,0
2024-02-03,US,1801088,0,0,0,0,0,0,0,0,0,0,0,0,0,0,0,0,107,0,0,0,15931,0,0,0,111,0,0,0,103,0,150,0,97,193,1340907,47132,118,0,0,281,201,6820,0,1032,1492,0,111,0,0,0,1407,123,0,89715,23649,0,111,0,11093,176,0,0,0,249,0,463,4338,0,0,2539,10529,1119,1495,2613,0,418,367,0,47888,7871,25132,264,4329,3151,145,6750,0,14099,10776,26175,178,91,3864,2937,267,3705,5009,10891,4667,10383,430,13479,6552,204,23751,562,236,2114,0,0,0,0,0,0,0,0,0,0,0,0,0,0,0,0,0,0
2024-02-04,US,1809249,0,0,0,0,0,0,0,0,0,0,0,0,0,0,0,0,109,0,0,0,15945,0,0,0,112,0,0,0,104,0,148,0,98,201,1352066,49192,121,0,0,296,198,6884,0,1003,1414,0,112,0,0,0,1453,126,0,85731,22550,0,112,0,11516,180,0,0,0,249,0,483,4617,0,0,2443,11055,1121,1435,2479,0,398,370,0,49256,8176,24317,267,4136,3007,146,7172,0,14682,11170,25972,180,92,3996,2798,274,3547,4763,10734,4447,10330,409,12937,6211,199,22905,542,237,2029,0,0,0,0,0,0,0,0,0,0,0,0,0,0,0,0,0,0
2024-02-05,US,1817410,0,0,0,0,0,0,0,0,0,0,0,0,0,0,0,0,111,0,0,0,15959,0,0,0,113,0,0,0,106,0,147,0,99,210,1363270,51268,124,0,0,312,195,6947,0,974,1335,0,113,0,0,0,1499,129,0,81707,21439,0,113,0,11943,183,0,0,0,249,0,504,4898,0,0,2346,11586,1123,1375,2344,0,378,373,0,50633,8484,23493,269,3941,2861,147,7597,0,15269,11567,25765,182,93,4129,2659,281,3388,4514,10574,4225,10277,389,12389,5866,194,22050,521,237,1944,0,0,0,0,0,0,0,0,0,0,0,0,0,0,0,0,0,0
2024-02-06,US,1825571,0,0,0,0,0,0,0,0,0,0,0,0,0,0,0,0,113,0,0,0,15972,0,0,0,114,0,0,0,108,0,145,0,101,218,1374519,53361,126,0,0,327,192,7011,0,944,1255,0,114,0,0,0,1545,132,0,77644,20318,0,114,0,12373,186,0,0,0,249,0,525,5182,0,0,2249,12121,1125,1314,2207,0,358,376,0,52021,8794,22662,271,3745,2714,148,8026,0,15862,11968,25556,184,94,4263,2518,289,3227,4263,10413,4000,10222,368,11836,5518,189,21187,500,238,1857,0,0,0,0,0,0,0,0,0,0,0,0,0,0,0,0,0,0
2024-02-07,US,1833732,0,0,0,0,0,0,0,0,0,0,0,0,0,0,0,0,115,0,0,0,15985,0,0,0,115,0,0,0,109,0,144,0,102,227,1385813,55471,129,0,0,343,189,7075,0,914,1175,0,115,0,0,0,1592,136,0,73542,19186,0,115,0,12806,189,0,0,0,248,0,546,5468,0,0,2150,12660,1127,1253,2069,0,338,379,0,53420,9106,21822,274,3547,2566,149,8458,0,16459,12371,25343,186,95,4398,2375,296,3065,4010,10249,3774,10167,347,11278,5167,183,20315,479,238,1770,0,0,0,0,0,0,0,0,0,0,0,0,0,0,0,0,0,0
2024-02-08,US,1841893,0,0,0,0,0,0,0,0,0,0,0,0,0,0,0,0,117,0,0,0,15997,0,0,0,116,0,0,0,111,0,142,0,103,236,1397153,57597,132,0,0,358,186,7140,0,884,1094,0,116,0,0,0,1638,139,0,69400,18044,0,116,0,13243,192,0,0,0,248,0,567,5757,0,0,2050,13203,1129,1191,1930,0,318,382,0,54828,9421,20973,276,3346,2416,150,8894,0,17061,12778,25128,188,96,4534,2231,304,2901,3754,10084,3545,10111,326,10714,4812,178,19435,458,239,1682,0,0,0,0,0,0,0,0,0,0,0,0,0,0,0,0,0,0
2024-02-09,US,1850054,0,0,0,0,0,0,0,0,0,0,0,0,0,0,0,0,119,0,0,0,16009,0,0,0,117,0,0,0,113,0,140,0,104,244,1408538,59740,135,0,0,374,183,7205,0,854,1012,0,117,0,0,0,1686,142,0,65220,16890,0,117,0,13683,195,0,0,0,248,0,589,6048,0,0,1949,13751,1131,1128,1790,0,297,385,0,56247,9738,20117,279,3144,2265,151,9333,0,17667,13187,24910,190,97,4671,2086,311,2735,3496,9917,3315,10053,304,10145,4454,172,18546,436,240,1593,0,0,0,0,0,0,0,0,0,0,0,0,0,0,0,0,0,0
2024-02-10,US,1858215,0,0,0,0,0,0,0,0,0,0,0,0,0,0,0,0,121,0,0,0,16020,0,0,0,118,0,0,0,114,0,139,0,106,253,1419969,61899,138,0,0,390,180,7270,0,823,930,0,118,0,0,0,1733,145,0,61000,15726,0,118,0,14126,199,0,0,0,248,0,610,6341,0,0,1848,14303,1133,1065,1648,0,277,388,0,57676,10058,19252,281,2940,2113,152,9776,0,18278,13600,24689,192,98,4809,1940,319,2568,3235,9748,3082,9995,283,9570,4093,167,17649,415,240,1504,0,0,0,0,0,0,0,0,0,0,0,0,0,0,0,0,0,0
2024-02-11,US,1849165,0,0,0,0,0,0,0,0,0,0,0,0,0,0,0,0,122,0,0,0,15883,0,0,0,118,0,0,0,115,0,136,0,106,260,1418244,63483,139,0,0,403,176,7267,0,785,838,0,118,0,0,0,1765,147,0,56218,14417,0,118,0,14439,200,0,0,0,245,0,626,6575,0,0,1729,14722,1125,992,1491,0,253,388,0,58570,10284,18209,281,2709,1941,151,10128,0,18719,13887,24240,192,97,4903,1775,324,2377,2944,9489,2821,9845,259,8907,3694,160,16589,389,238,1400,0,0,0,0,0,0,0,0,0,0,0,0,0,0,0,0,0,0
2024-02-12,US,1840114,0,0,0,0,0,0,0,0,0,0,0,0,0,0,0,0,123,0,0,0,15746,0,0,0,118,0,0,0,115,0,133,0,106,266,1416468,65049,141,0,0,415,171,7265,0,747,748,0,118,0,0,0,1796,149,0,51480,13120,0,118,0,14747,201,0,0,0,242,0,642,6806,0,0,1612,15136,1116,920,1335,0,230,388,0,59453,10507,17176,281,2480,1770,151,10476,0,19155,14170,23793,192,97,4995,1613,328,2188,2657,9232,2562,9695,235,8251,3299,153,15538,364,237,1298,0,0,0,0,0,0,0,0,0,0,0,0,0,0,0,0,0,0
2024-02-13,US,1831063,0,0,0,0,0,0,0,0,0,0,0,0,0,0,0,0,124,0,0,0,15610,0,0,0,118,0,0,0,116,0,130,0,106,273,1414640,66596,143,0,0,427,167,7262,0,709,659,0,118,0,0,0,1827,151,0,46787,11835,0,118,0,15052,203,0,0,0,240,0,657,7035,0,0,1495,15545,1108,849,1181,0,207,387,0,60324,10728,16152,280,2253,1601,150,10820,0,19586,14449,23350,192,97,5086,1451,333,2001,2371,8977,2305,9546,211,7600,2907,146,14497,339,235,1196,0,0,0,0,0,0,0,0,0,0,0,0,0,0,0,0,0,0
2024-02-14,US,1822013,0,0,0,0,0,0,0,0,0,0,0,0,0,0,0,0,125,0,0,0,15475,0,0,0,118,0,0,0,117,0,127,0,106,279,1412761,68125,144,0,0,439,162,7259,0,672,570,0,118,0,0,0,1857,153,0,42137,10562,0,118,0,15353,204,0,0,0,237,0,673,7262,0,0,1380,15950,1099,778,1029,0,185,387,0,61183,10946,15138,280,2029,1434,150,11160,0,20012,14725,22911,192,97,5177,1292,337,1816,2089,8724,2051,9399,187,6955,2520,139,13466,314,233,1095,0,0,0,0,0,0,0,0,0,0,0,0,0,0,0,0,0,0
2024-02-15,US,1812962,0,0,0,0,0,0,0,0,0,0,0,0,0,0,0,0,125,0,0,0,15340,0,0,0,118,0,0,0,117,0,124,0,107,285,1410831,69635,146,0,0,451,158,7255,0,635,482,0,118,0,0,0,1887,155,0,37533,9302,0,118,0,15650,205,0,0,0,235,0,688,7486,0,0,1265,16350,1091,707,878,0,162,386,0,62031,11161,14133,280,1806,1269,150,11496,0,20432,14998,22474,192,97,5266,1133,342,1632,1809,8474,1800,9252,164,6317,2136,132,12445,290,232,995,0,0,0,0,0,0,0,0,0,0,0,0,0,0,0,0,0,0
2024-02-16,US,1803911,0,0,0,0,0,0,0,0,0,0,0,0,0,0,0,0,126,0,0,0,15205,0,0,0,118,0,0,0,118,0,121,0,107,291,1408850,71126,147,0,0,462,153,7251,0,598,396,0,118,0,0,0,1916,157,0,32972,8054,0,118,0,15943,206,0,0,0,232,0,703,7707,0,0,1152,16745,1083,638,728,0,140,386,0,62867,11374,13137,279,1586,1105,149,11828,0,20847,15267,22041,193,97,5353,977,346,1450,1533,8225,1551,9107,141,5684,1755,125,11433,265,230,897,0,0,0,0,0,0,0,0,0,0,0,0,0,0,0,0,0,0
2024-02-17,US,1794861,0,0,0,0,0,0,0,0,0,0,0,0,0,0,0,0,127,0,0,0,15068,0,0,0,118,0,0,0,118,0,118,0,107,297,1406494,72582,149,0,0,474,149,7245,0,562,310,0,118,0,0,0,1945,158,0,28449,6816,0,118,0,16229,208,0,0,149,230,264,717,7923,0,0,1040,17131,1074,569,580,0,118,385,0,63677,11581,12148,279,1367,942,149,12154,0,21252,15529,21606,193,97,5439,821,350,1269,1258,7977,1304,8960,118,5057,1379,118,10428,241,228,798,0,0,0,0,0,0,0,0,0,0,0,0,0,0,0,0,0,0
2024-02-18,US,1742087,0,0,0,0,0,0,0,0,0,0,0,0,0,0,0,0,125,0,0,0,14787,0,0,0,132,0,0,0,118,0,122,0,105,357,1359270,72824,155,0,0,591,156,6982,0,548,312,0,115,0,0,0,2291,156,0,26934,6508,0,128,0,15986,204,0,0,187,262,369,1055,8055,0,0,1004,17145,1057,551,562,0,116,375,0,63392,11651,11475,272,1295,905,162,12488,0,21446,15377,20596,188,95,5473,776,344,1218,1208,7614,1243,8610,119,4774,1313,126,9827,233,221,0,0,0,0,0,0,0,0,0,0,0,0,0,0,0,0,0,0,0
2024-02-19,US,1689313,0,0,0,0,0,0,0,0,0,0,0,0,0,0,0,0,122,0,0,0,14490,0,0,0,145,0,0,0,118,0,124,0,102,412,1311813,72891,161,0,0,700,162,6719,0,533,314,0,112,0,0,0,2612,154,0,25448,6205,0,136,0,15722,200,0,0,223,292,467,1371,8161,0,0,968,17120,1039,534,545,0,113,365,0,62985,11691,10816,265,1224,868,173,12775,0,21581,15200,19601,183,92,5492,733,338,1167,1158,7255,1183,8262,120,4497,1249,133,9240,225,214,0,0,0,0,0,0,0,0,0,0,0,0,0,0,0,0,0,0,0
2024-02-20,US,1636539,0,0,0,0,0,0,0,0,0,0,0,0,0,0,0,0,120,0,0,0,14184,0,0,0,157,0,0,0,117,0,127,0,100,463,1264750,72816,166,0,0,801,168,6460,0,518,315,0,108,0,0,0,2908,151,0,24004,5907,0,144,0,15444,196,0,0,256,319,558,1664,8245,0,0,932,17065,1020,516,527,0,111,355,0,62483,11706,10176,258,1155,832,184,13020,0,21667,15006,18628,179,90,5501,690,331,1116,1109,6905,1125,7919,120,4228,1186,140,8671,217,207,0,0,0,0,0,0,0,0,0,0,0,0,0,0,0,0,0,0,0
2024-02-21,US,1583765,0,0,0,0,0,0,0,0,0,0,0,0,0,0,0,0,117,0,0,0,13868,0,0,0,168,0,0,0,116,0,129,0,97,510,1218080,72599,170,0,0,894,173,6203,0,503,315,0,105,0,0,0,3180,149,0,22601,5617,0,152,0,15153,191,0,0,287,344,643,1937,8307,0,0,897,16978,1000,498,509,0,108,345,0,61886,11697,9556,250,1089,796,194,13223,0,21704,14793,17679,174,87,5497,648,324,1067,1061,6563,1068,7581,121,3968,1124,146,8120,210,200,0,0,0,0,0,0,0,0,0,0,0,0,0,0,0,0,0,0,0
2024-02-22,US,1530991,0,0,0,0,0,0,0,0,0,0,0,0,0,0,0,0,115,0,0,0,13542,0,0,0,178,0,0,0,115,0,130,0,95,552,1171802,72239,174,0,0,979,177,5950,0,488,315,0,102,0,0,0,3427,146,0,21241,5333,0,158,0,14847,187,0,0,315,367,720,2187,8347,0,0,862,16860,979,481,491,0,105,334,0,61195,11663,8955,243,1024,761,202,13385,0,21692,14562,16753,169,85,5482,608,317,1018,1014,6228,1012,7249,120,3716,1064,151,7587,202,193,0,0,0,0,0,0,0,0,0,0,0,0,0,0,0,0,0,0,0
2024-02-23,US,1478217,0,0,0,0,0,0,0,0,0,0,0,0,0,0,0,0,112,0,0,0,13207,0,0,0,186,0,0,0,114,0,131,0,92,591,1125918,71737,177,0,0,1056,181,5700,0,473,314,0,98,0,0,0,3650,143,0,19923,5056,0,163,0,14528,182,0,0,340,387,791,2415,8366,0,0,827,16712,958,464,473,0,102,324,0,60408,11605,8374,235,961,726,210,13505,0,21631,14313,15850,164,82,5456,570,310,970,967,5902,958,6922,120,3472,1006,155,7072,194,186,0,0,0,0,0,0,0,0,0,0,0,0,0,0,0,0,0,0,0
2024-02-24,US,1425443,0,0,0,0,0,0,0,0,0,0,0,0,0,0,0,0,109,0,0,0,12863,0,0,0,194,0,0,0,113,0,132,0,89,626,1080426,71093,179,0,0,1126,184,5453,0,458,312,0,95,0,0,0,3849,140,0,18646,4785,0,168,0,14195,178,0,0,363,405,855,2622,8362,0,0,793,16532,935,446,456,0,99,314,0,59528,11522,7812,228,900,692,216,13584,0,21520,14045,14970,159,80,5418,532,302,923,921,5583,905,6601,119,3237,949,159,6576,186,179,0,0,0,0,0,0,0,0,0,0,0,0,0,0,0,0,0,0,0
2024-02-25,US,1393456,0,0,0,0,0,0,0,0,0,0,0,0,0,0,0,0,108,0,0,0,12699,0,0,0,203,0,0,0,113,0,134,0,88,666,1051006,71371,184,0,0,1205,189,5288,0,449,315,0,93,0,0,0,4084,139,0,17675,4590,0,175,0,14058,175,0,0,389,427,925,2850,8463,0,0,770,16569,925,435,445,0,98,308,0,59439,11587,7380,224,854,669,225,13827,0,21684,13969,14328,156,78,5449,503,298,891,890,5353,866,6381,120,3055,908,164,6190,182,174,0,0,0,0,0,0,0,0,0,0,0,0,0,0,0,0,0,0,0
2024-02-26,US,1361469,0,0,0,0,0,0,0,0,0,0,0,0,0,0,0,0,106,0,0,0,12529,0,0,0,212,0,0,0,113,0,137,0,86,704,1021824,71563,188,0,0,1280,193,5126,0,440,316,0,91,0,0,0,4304,138,0,16730,4399,0,181,0,13913,173,0,0,413,448,992,3064,8551,0,0,748,16587,915,425,434,0,96,302,0,59293,11638,6960,219,809,646,234,14046,0,21818,13881,13699,153,77,5473,475,295,859,859,5127,828,6164,121,2878,867,169,5814,177,170,0,0,0,0,0,0,0,0,0,0,0,0,0,0,0,0,0,0,0
2024-02-27,US,1329482,0,0,0,0,0,0,0,0,0,0,0,0,0,0,0,0,105,0,0,0,12353,0,0,0,221,0,0,0,112,0,138,0,85,739,992880,71669,192,0,0,1349,197,4965,0,432,318,0,89,0,0,0,4510,136,0,15810,4212,0,186,0,13759,171,0,0,436,467,1055,3266,8625,0,0,726,16586,905,414,423,0,95,296,0,59089,11673,6551,215,765,623,241,14239,0,21923,13782,13085,151,75,5491,448,291,827,828,4906,792,5950,122,2707,827,174,5450,172,166,0,0,0,0,0,0,0,0,0,0,0,0,0,0,0,0,0,0,0
2024-02-28,US,1297495,0,0,0,0,0,0,0,0,0,0,0,0,0,0,0,0,103,0,0,0,12172,0,0,0,228,0,0,0,112,0,140,0,83,772,964174,71689,195,0,0,1414,201,4806,0,423,319,0,87,0,0,0,4701,135,0,14916,4028,0,192,0,13597,168,0,0,457,484,1113,3454,8686,0,0,704,16567,894,403,412,0,93,290,0,58828,11694,6154,211,722,601,248,14406,0,21997,13672,12485,148,74,5501,422,287,796,798,4690,755,5740,122,2540,788,178,5097,167,161,0,0,0,0,0,0,0,0,0,0,0,0,0,0,0,0,0,0,0
2024-02-29,US,1265508,0,0,0,0,0,0,0,0,0,0,0,0,0,0,0,0,102,0,0,0,11984,0,0,0,235,0,0,0,112,0,141,0,82,802,935707,71622,198,0,0,1474,204,4649,0,414,319,0,85,0,0,0,4877,133,0,14046,3849,0,196,0,13427,166,0,0,477,501,1167,3628,8734,0,0,683,16529,882,393,401,0,92,283,0,58510,11700,5769,206,681,579,254,14549,0,22042,13551,11899,145,72,5504,396,283,766,769,4479,720,5533,122,2379,750,182,4755,162,157,0,0,0,0,0,0,0,0,0,0,0,0,0,0,0,0,0,0,0
2024-03-01,US,1233521,0,0,0,0,0,0,0,0,0,0,0,0,0,0,0,0,100,0,0,0,11791,0,0,0,242,0,0,0,111,0,143,0,80,830,907477,71469,200,0,0,1530,207,4494,0,405,319,0,83,0,0,0,5038,132,0,13203,3674,0,201,0,13248,163,0,0,495,515,1217,3790,8768,0,0,661,16472,870,382,391,0,90,277,0,58134,11690,5396,202,641,557,260,14666,0,22057,13420,11327,142,71,5501,371,279,736,739,4272,686,5329,122,2222,713,186,4423,157,153,0,0,0,0,0,0,0,0,0,0,0,0,0,0,0,0,0,0,0
2024-03-02,US,1201534,0,0,0,0,0,0,0,0,0,0,0,0,0,0,0,0,99,0,0,0,11593,0,0,0,247,0,0,0,110,0,143,0,79,855,879486,71230,203,0,0,1580,210,4341,0,395,319,0,81,0,0,0,5184,130,0,12384,3503,0,204,0,13061,160,0,0,512,529,1263,3939,8789,0,0,640,16396,857,371,380,0,88,271,0,57701,11666,5035,197,601,536,265,14758,0,22043,13277,10769,139,69,5490,347,274,707,711,4071,652,5128,122,2070,677,189,4103,153,148,0,0,0,0,0,0,0,0,0,0,0,0,0,0,0,0,0,0,0
2024-03-03,US,1184190,0,0,0,0,0,0,0,0,0,0,0,0,0,0,0,0,98,0,0,0,11531,0,0,0,256,0,0,0,111,0,146,0,78,889,862397,71793,207,0,0,1646,215,4242,0,391,322,0,80,0,0,0,5382,130,0,11737,3378,0,210,0,13026,159,0,0,534,548,1322,4125,8907,0,0,627,16505,854,365,374,0,88,268,0,57927,11773,4744,195,571,522,273,15010,0,22274,13288,10353,138,68,5541,328,273,686,691,3922,627,4993,123,1948,650,194,3841,150,146,0,0,0,0,0,0,0,0,0,0,0,0,0,0,0,0,0,0,0
2024-03-04,US,1166847,0,0,0,0,0,0,0,0,0,0,0,0,0,0,0,0,98,0,0,0,11466,0,0,0,264,0,0,0,112,0,148,0,77,922,845437,72309,211,0,0,1709,219,4145,0,387,325,0,79,0,0,0,5572,130,0,11103,3255,0,216,0,12988,159,0,0,554,566,1378,4304,9018,0,0,614,16605,851,359,368,0,87,265,0,58122,11871,4460,193,541,507,281,15249,0,22489,13292,9945,136,68,5588,309,272,666,672,3777,603,4859,124,1828,624,198,3585,147,144,0,0,0,0,0,0,0,0,0,0,0,0,0,0,0,0,0,0,0
2024-03-05,US,1149504,0,0,0,0,0,0,0,0,0,0,0,0,0,0,0,0,97,0,0,0,11398,0,0,0,271,0,0,0,112,0,150,0,77,953,828606,72778,215,0,0,1770,223,4048,0,382,328,0,78,0,0,0,5755,129,0,10482,3134,0,221,0,12944,158,0,0,574,583,1431,4476,9122,0,0,601,16694,848,353,362,0,86,262,0,58285,11962,4182,191,511,493,288,15474,0,22687,13291,9545,135,67,5631,290,270,647,653,3634,579,4728,126,1711,598,203,3336,144,141,0,0,0,0,0,0,0,0,0,0,0,0,0,0,0,0,0,0,0
2024-03-06,US,1132160,0,0,0,0,0,0,0,0,0,0,0,0,0,0,0,0,97,0,0,0,11327,0,0,0,278,0,0,0,112,0,153,0,76,982,811905,73200,219,0,0,1828,227,3953,0,378,331,0,77,0,0,0,5929,129,0,9876,3015,0,226,0,12896,157,0,0,593,599,1483,4641,9218,0,0,588,16773,844,347,355,0,86,259,0,58418,12044,3911,189,482,480,294,15685,0,22870,13284,9152,134,66,5670,272,269,627,634,3494,555,4598,127,1597,572,207,3092,142,139,0,0,0,0,0,0,0,0,0,0,0,0,0,0,0,0,0,0,0
2024-03-07,US,1114817,0,0,0,0,0,0,0,0,0,0,0,0,0,0,0,0,96,0,0,0,11253,0,0,0,285,0,0,0,113,0,154,0,75,1011,795333,73576,222,0,0,1884,231,3858,0,373,333,0,76,0,0,0,6095,129,0,9283,2899,0,231,0,12844,156,0,0,612,615,1532,4799,9307,0,0,575,16842,841,341,349,0,85,256,0,58519,12118,3646,187,454,466,301,15883,0,23036,13271,8767,132,65,5705,255,267,608,616,3356,532,4470,127,1485,547,211,2854,139,136,0,0,0,0,0,0,0,0,0,0,0,0,0,0,0,0,0,0,0
2024-03-08,US,1097474,0,0,0,0,0,0,0,0,0,0,0,0,0,0,0,0,95,0,0,0,11176,0,0,0,292,0,0,0,113,0,156,0,75,1038,778890,73905,225,0,0,1937,235,3765,0,369,335,0,75,0,0,0,6253,128,0,8705,2785,0,235,0,12787,155,0,0,629,630,1579,4950,9390,0,0,563,16900,836,335,343,0,84,253,0,58589,12185,3387,184,427,452,307,16067,0,23187,13252,8389,131,65,5737,237,266,589,598,3221,509,4343,128,1376,523,215,2622,136,134,0,0,0,0,0,0,0,0,0,0,0,0,0,0,0,0,0,0,0
2024-03-09,US,1080130,0,0,0,0,0,0,0,0,0,0,0,0,0,0,0,0,95,0,0,0,11095,0,0,0,298,0,0,0,113,0,158,0,74,1063,762576,74187,228,0,0,1987,238,3673,0,364,337,0,74,0,0,0,6403,128,0,8140,2673,0,240,0,12725,154,0,0,645,644,1624,5093,9464,0,0,550,16949,832,329,337,0,83,249,0,58629,12243,3135,182,400,439,313,16237,0,23321,13227,8020,129,64,5765,221,264,571,580,3088,487,4219,129,1270,498,219,2396,133,131,0,0,0,0,0,0,0,0,0,0,0,0,0,0,0,0,0,0,0
2024-03-10,US,1068400,0,0,0,0,0,0,0,0,0,0,0,0,0,0,0,0,95,0,0,0,11070,0,0,0,305,0,0,0,114,0,160,0,73,1093,750333,74815,232,0,0,2046,243,3600,0,361,340,0,73,0,0,0,6579,128,0,7628,2576,0,245,0,12726,153,0,0,664,661,1675,5257,9582,0,0,541,17077,832,325,333,0,83,248,0,58946,12358,2904,181,375,428,320,16481,0,23563,13266,7698,129,64,5819,205,264,556,565,2974,468,4118,130,1173,477,223,2187,131,130,0,0,0,0,0,0,0,0,0,0,0,0,0,0,0,0,0,0,0
2024-03-11,US,1056669,0,0,0,0,0,0,0,0,0,0,0,0,0,0,0,0,94,0,0,0,11043,0,0,0,313,0,0,0,115,0,162,0,73,1123,738178,75411,236,0,0,2102,247,3529,0,359,344,0,72,0,0,0,6750,128,0,7127,2481,0,250,0,12723,153,0,0,683,677,1724,5416,9695,0,0,531,17198,831,321,329,0,83,246,0,59243,12467,2678,179,352,418,327,16715,0,23794,13300,7381,128,63,5871,190,263,540,551,2862,449,4018,132,1078,457,228,1982,129,128,0,0,0,0,0,0,0,0,0,0,0,0,0,0,0,0,0,0,0
2024-03-12,US,1044939,0,0,0,0,0,0,0,0,0,0,0,0,0,0,0,0,94,0,0,0,11013,0,0,0,320,0,0,0,115,0,165,0,73,1151,726110,75976,240,0,0,2157,251,3458,0,356,347,0,71,0,0,0,6916,128,0,6634,2388,0,255,0,12718,153,0,0,701,693,1773,5570,9804,0,0,522,17312,831,317,325,0,82,244,0,59518,12571,2456,178,328,407,333,16939,0,24014,13331,7070,127,63,5920,176,263,526,537,2751,430,3919,133,984,437,232,1782,127,126,0,0,0,0,0,0,0,0,0,0,0,0,0,0,0,0,0,0,0
2024-03-13,US,1033208,0,0,0,0,0,0,0,0,0,0,0,0,0,0,0,0,94,0,0,0,10981,0,0,0,326,0,0,0,116,0,167,0,72,1178,714130,76510,244,0,0,2211,255,3388,0,353,350,0,71,0,0,0,7076,128,0,6151,2296,0,260,0,12710,152,0,0,718,708,1819,5720,9907,0,0,513,17419,830,313,321,0,82,242,0,59773,12669,2238,177,305,397,340,17155,0,24223,13358,6764,126,62,5967,161,262,511,522,2642,412,3822,134,892,417,236,1585,125,125,0,0,0,0,0,0,0,0,0,0,0,0,0,0,0,0,0,0,0
2024-03-14,US,1021478,0,0,0,0,0,0,0,0,0,0,0,0,0,0,0,0,94,0,0,0,10948,0,0,0,333,0,0,0,117,0,169,0,72,1204,702237,77011,247,0,0,2262,259,3318,0,350,353,0,70,0,0,0,7231,128,0,5677,2206,0,265,0,12698,152,0,0,735,722,1865,5864,10006,0,0,503,17520,829,309,316,0,82,240,0,60006,12762,2025,175,283,387,346,17361,0,24421,13380,6463,125,62,6011,147,262,496,509,2535,394,3725,135,802,397,240,1393,123,123,0,0,0,0,0,0,0,0,0,0,0,0,0,0,0,0,0,0,0
2024-03-15,US,1009748,0,0,0,0,0,0,0,0,0,0,0,0,0,0,0,0,93,0,0,0,10912,0,0,0,339,0,0,0,117,0,171,0,71,1230,690431,77481,251,0,0,2312,262,3250,0,347,355,0,69,0,0,0,7380,128,0,5213,2117,0,269,0,12683,151,0,0,752,737,1908,6004,10099,0,0,494,17613,827,305,312,0,81,238,0,60219,12850,1816,174,261,377,352,17558,0,24608,13399,6167,124,61,6053,133,261,482,495,2430,376,3630,136,714,378,244,1204,121,121,0,0,0,0,0,0,0,0,0,0,0,0,0,0,0,0,0,0,0
2024-03-16,US,998017,0,0,0,0,0,0,0,0,0,0,0,0,0,0,0,0,93,0,0,0,10852,0,0,0,344,0,0,0,117,0,172,0,71,1252,677360,77764,253,176,0,2355,265,3175,0,344,357,0,69,0,0,861,7509,128,0,4748,2025,0,273,203,12640,150,0,0,766,749,1946,6127,10168,0,0,484,17665,824,300,308,0,81,235,406,60289,12906,1608,172,239,366,357,17710,344,24735,13387,5865,123,61,6080,119,260,467,480,2322,358,3529,137,627,358,247,1018,119,119,0,0,0,0,0,0,0,0,0,0,0,0,0,0,0,0,0,0,0
2024-03-17,US,962146,0,0,0,0,0,0,0,0,0,0,0,0,0,0,0,0,91,0,0,0,10484,0,0,0,335,0,0,0,115,0,167,0,69,1677,647100,76875,243,234,0,2467,257,3084,0,328,368,0,66,0,0,838,7574,125,0,4440,1912,0,271,312,12671,146,0,0,981,911,2233,7372,10034,0,0,467,16928,786,289,296,0,78,228,624,58180,12579,1511,167,229,348,402,17540,347,24381,12952,5647,126,59,5913,115,249,449,467,2211,363,3362,134,598,340,0,0,0,0,0,0,0,0,0,0,0,0,0,0,0,0,0,0,0,0,0,0,0
2024-03-18,US,926275,0,0,0,0,0,0,0,0,0,0,0,0,0,0,0,0,88,0,0,0,10099,0,0,0,325,0,0,0,113,0,162,0,67,2066,616333,75734,233,287,0,2561,248,2987,0,312,378,0,64,0,0,812,7604,121,0,4136,1799,0,267,412,12648,142,0,0,1177,1058,2491,8499,9869,0,0,448,16174,747,278,285,0,76,220,824,55981,12224,1415,162,220,330,442,17310,348,23953,12496,5421,127,57,5733,110,238,430,453,2098,365,3193,132,569,323,0,0,0,0,0,0,0,0,0,0,0,0,0,0,0,0,0,0,0,0,0,0,0
2024-03-19,US,890403,0,0,0,0,0,0,0,0,0,0,0,0,0,0,0,0,85,0,0,0,9714,0,0,0,314,0,0,0,110,0,157,0,64,2419,586081,74459,222,335,0,2641,239,2889,0,296,385,0,62,0,0,787,7609,118,0,3843,1689,0,264,504,12590,138,0,0,1355,1192,2722,9518,9688,0,0,430,15430,709,266,273,0,74,212,1007,53785,11860,1321,157,211,312,477,17047,347,23487,12038,5197,128,55,5551,106,227,411,439,1987,367,3027,129,540,306,0,0,0,0,0,0,0,0,0,0,0,0,0,0,0,0,0,0,0,0,0,0,0
2024-03-20,US,854532,0,0,0,0,0,0,0,0,0,0,0,0,0,0,0,0,83,0,0,0,9328,0,0,0,304,0,0,0,107,0,152,0,62,2738,556344,73051,212,378,0,2707,230,2789,0,281,391,0,59,0,0,761,7590,114,0,3561,1583,0,259,586,12498,133,0,0,1515,1311,2927,10428,9491,0,0,412,14695,672,255,262,0,71,205,1173,51591,11487,1231,152,201,295,509,16751,346,22984,11577,4974,128,53,5365,101,216,393,424,1879,367,2865,126,512,289,0,0,0,0,0,0,0,0,0,0,0,0,0,0,0,0,0,0,0,0,0,0,0
2024-03-21,US,818661,0,0,0,0,0,0,0,0,0,0,0,0,0,0,0,0,80,0,0,0,8941,0,0,0,293,0,0,0,104,0,147,0,60,3021,527121,71509,202,417,0,2758,221,2687,0,265,395,0,57,0,0,735,7547,111,0,3289,1480,0,254,661,12370,129,0,0,1657,1416,3105,11229,9278,0,0,394,13970,635,244,251,0,69,197,1321,49400,11105,1144,147,192,278,536,16423,344,22444,11114,4752,128,51,5176,97,206,374,409,1774,366,2706,123,485,272,0,0,0,0,0,0,0,0,0,0,0,0,0,0,0,0,0,0,0,0,0,0,0
2024-03-22,US,782789,0,0,0,0,0,0,0,0,0,0,0,0,0,0,0,0,77,0,0,0,8555,0,0,0,282,0,0,0,101,0,141,0,58,3270,498413,69834,192,450,0,2794,212,2585,0,250,397,0,54,0,0,708,7480,107,0,3028,1379,0,249,726,12208,124,0,0,1781,1507,3257,11922,9048,0,0,376,13254,599,233,239,0,66,189,1452,47210,10715,1060,141,183,261,559,16061,340,21867,10650,4531,128,49,4984,92,195,356,394,1671,364,2550,119,457,256,0,0,0,0,0,0,0,0,0,0,0,0,0,0,0,0,0,0,0,0,0,0,0
2024-03-23,US,746918,0,0,0,0,0,0,0,0,0,0,0,0,0,0,0,0,74,0,0,0,8167,0,0,0,271,0,0,0,98,0,136,0,55,3484,470219,68025,182,479,0,2817,203,2481,0,236,397,0,52,0,0,680,7388,103,0,2777,1283,0,243,783,12011,119,0,0,1887,1584,3383,12506,8802,0,0,358,12548,564,222,228,0,63,181,1566,45023,10315,979,136,174,245,577,15667,336,21252,10183,4312,127,47,4788,88,185,338,378,1570,360,2398,116,431,240,0,0,0,0,0,0,0,0,0,0,0,0,0,0,0,0,0,0,0,0,0,0,0
2024-03-24,US,734595,0,0,0,0,0,0,0,0,0,0,0,0,0,0,0,0,73,0,0,0,8037,0,0,0,268,0,0,0,97,0,134,0,55,3784,457196,68270,178,520,0,2918,200,2454,0,229,409,0,51,0,0,674,7514,103,0,2622,1228,0,245,859,12169,118,0,0,2041,1701,3597,13411,8823,0,0,351,12244,547,218,224,0,63,178,1717,44257,10235,931,134,170,237,611,15745,341,21283,10036,4229,130,46,4742,86,180,331,375,1520,367,2324,116,418,233,0,0,0,0,0,0,0,0,0,0,0,0,0,0,0,0,0,0,0,0,0,0,0
2024-03-25,US,722271,0,0,0,0,0,0,0,0,0,0,0,0,0,0,0,0,73,0,0,0,7907,0,0,0,266,0,0,0,97,0,133,0,54,4072,444349,68470,174,559,0,3014,197,2426,0,222,420,0,50,0,0,667,7631,102,0,2470,1175,0,246,931,12315,117,0,0,2188,1814,3803,14279,8838,0,0,345,11943,531,214,220,0,62,176,1863,43492,10152,884,133,167,229,644,15811,346,21301,9888,4146,132,46,4694,84,176,323,371,1471,374,2251,115,406,225,0,0,0,0,0,0,0,0,0,0,0,0,0,0,0,0,0,0,0,0,0,0,0
2024-03-26,US,709948,0,0,0,0,0,0,0,0,0,0,0,0,0,0,0,0,72,0,0,0,7777,0,0,0,263,0,0,0,97,0,131,0,53,4348,431679,68623,170,597,0,3105,194,2399,0,215,430,0,50,0,0,661,7739,101,0,2322,1123,0,247,1001,12449,116,0,0,2329,1922,3999,15110,8847,0,0,338,11645,514,210,216,0,61,173,2002,42727,10066,838,131,163,221,675,15866,351,21305,9740,4064,135,45,4646,83,172,316,367,1422,380,2179,115,394,217,0,0,0,0,0,0,0,0,0,0,0,0,0,0,0,0,0,0,0,0,0,0,0
2024-03-27,US,697624,0,0,0,0,0,0,0,0,0,0,0,0,0,0,0,0,71,0,0,0,7646,0,0,0,260,0,0,0,96,0,130,0,53,4612,419187,68731,166,633,0,3192,191,2370,0,209,440,0,49,0,0,654,7840,100,0,2177,1072,0,248,1068,12571,115,0,0,2463,2025,4186,15903,8851,0,0,332,11350,498,206,211,0,61,171,2136,41964,9977,794,130,159,213,705,15910,355,21297,9591,3982,137,44,4596,81,167,309,363,1375,385,2108,115,382,210,0,0,0,0,0,0,0,0,0,0,0,0,0,0,0,0,0,0,0,0,0,0,0
2024-03-28,US,685300,0,0,0,0,0,0,0,0,0,0,0,0,0,0,0,0,71,0,0,0,7515,0,0,0,257,0,0,0,96,0,129,0,52,4864,406871,68793,162,667,0,3273,188,2342,0,202,449,0,48,0,0,647,7932,100,0,2036,1022,0,249,1132,12681,114,0,0,2592,2123,4364,16659,8849,0,0,325,11059,482,202,207,0,60,168,2264,41201,9885,750,129,156,205,733,15942,359,21277,9441,3901,139,44,4545,79,163,302,359,1328,390,2038,115,370,202,0,0,0,0,0,0,0,0,0,0,0,0,0,0,0,0,0,0,0,0,0,0,0
2024-03-29,US,672977,0,0,0,0,0,0,0,0,0,0,0,0,0,0,0,0,70,0,0,0,7384,0,0,0,254,0,0,0,96,0,127,0,51,5104,394732,68809,158,700,0,3350,185,2313,0,196,458,0,47,0,0,640,8016,99,0,1899,974,0,249,1193,12780,113,0,0,2714,2217,4533,17378,8842,0,0,319,10771,467,198,203,0,59,166,2385,40438,9790,707,127,152,198,759,15964,362,21243,9290,3820,141,43,4493,78,159,295,355,1282,395,1970,114,358,195,0,0,0,0,0,0,0,0,0,0,0,0,0,0,0,0,0,0,0,0,0,0,0
2024-03-30,US,660653,0,0,0,0,0,0,0,0,0,0,0,0,0,0,0,0,69,0,0,0,7253,0,0,0,251,0,0,0,95,0,126,0,51,5332,382770,68778,154,731,0,3421,182,2283,0,189,466,0,46,0,0,632,8091,98,0,1766,926,0,249,1250,12866,111,0,0,2831,2305,4693,18059,8829,0,0,312,10487,452,194,199,0,59,163,2501,39677,9691,666,126,149,191,785,15973,365,21197,9139,3739,143,42,4440,76,155,288,351,1237,400,1903,114,347,188,0,0,0,0,0,0,0,0,0,0,0,0,0,0,0,0,0,0,0,0,0,0,0
2024-03-31,US,652491,0,0,0,0,0,0,0,0,0,0,0,0,0,0,0,0,69,0,0,0,7168,0,0,0,250,0,0,0,95,0,125,0,50,5583,373366,69143,151,765,0,3510,181,2267,0,184,476,0,46,0,0,629,8211,98,0,1646,885,0,251,1314,13023,111,0,0,2959,2404,4875,18823,8868,0,0,308,10271,439,191,196,0,58,162,2628,39166,9652,629,125,147,185,814,16075,371,21273,9045,3683,146,42,4414,75,152,283,349,1201,406,1848,114,338,182,0,0,0,0,0,0,0,0,0,0,0,0,0,0,0,0,0,0,0,0,0,0,0
2024-04-01,US,644329,0,0,0,0,0,0,0,0,0,0,0,0,0,0,0,0,68,0,0,0,7082,0,0,0,248,0,0,0,95,0,124,0,50,5827,364079,69478,148,798,0,3596,179,2251,0,179,486,0,45,0,0,625,8325,97,0,1530,845,0,253,1375,13173,110,0,0,3084,2500,5051,19562,8902,0,0,303,10057,427,188,194,0,58,160,2750,38656,9610,593,124,144,179,841,16168,376,21341,8950,3626,148,42,4387,74,148,278,347,1164,412,1795,114,328,177,0,0,0,0,0,0,0,0,0,0,0,0,0,0,0,0,0,0,0,0,0,0,0
2024-04-02,US,636167,0,0,0,0,0,0,0,0,0,0,0,0,0,0,0,0,68,0,0,0,6997,0,0,0,247,0,0,0,95,0,123,0,50,6062,354909,69782,145,830,0,3678,177,2235,0,175,496,0,45,0,0,622,8433,97,0,1415,806,0,254,1434,13314,110,0,0,3205,2593,5221,20276,8933,0,0,299,9845,415,185,191,0,57,159,2869,38146,9566,558,123,142,173,869,16254,380,21401,8855,3570,150,41,4360,73,145,273,344,1129,418,1742,114,320,171,0,0,0,0,0,0,0,0,0,0,0,0,0,0,0,0,0,0,0,0,0,0,0
2024-04-03,US,628005,0,0,0,0,0,0,0,0,0,0,0,0,0,0,0,0,68,0,0,0,6911,0,0,0,245,0,0,0,95,0,123,0,49,6290,345857,70055,143,861,0,3757,175,2218,0,170,505,0,44,0,0,618,8536,97,0,1303,767,0,256,1492,13448,109,0,0,3321,2682,5385,20966,8960,0,0,294,9636,403,183,188,0,57,157,2983,37637,9521,524,123,139,167,895,16333,385,21452,8759,3514,153,41,4332,71,142,268,342,1094,424,1690,115,311,165,0,0,0,0,0,0,0,0,0,0,0,0,0,0,0,0,0,0,0,0,0,0,0
2024-04-04,US,619843,0,0,0,0,0,0,0,0,0,0,0,0,0,0,0,0,67,0,0,0,6825,0,0,0,243,0,0,0,95,0,122,0,49,6510,336922,70298,140,891,0,3833,173,2201,0,165,514,0,44,0,0,614,8634,96,0,1194,729,0,257,1547,13574,108,0,0,3434,2769,5543,21631,8984,0,0,290,9429,392,180,185,0,57,156,3094,37128,9473,490,122,137,162,920,16404,389,21495,8663,3459,155,41,4303,70,139,263,340,1060,429,1639,115,302,160,0,0,0,0,0,0,0,0,0,0,0,0,0,0,0,0,0,0,0,0,0,0,0
2024-04-05,US,611681,0,0,0,0,0,0,0,0,0,0,0,0,0,0,0,0,67,0,0,0,6739,0,0,0,242,0,0,0,95,0,121,0,49,6722,328103,70511,137,920,0,3905,172,2184,0,160,522,0,43,0,0,610,8726,96,0,1087,692,0,258,1600,13691,108,0,0,3542,2852,5695,22271,9003,0,0,286,9224,380,177,183,0,56,154,3201,36620,9423,457,121,134,156,944,16468,393,21529,8567,3403,157,40,4273,69,136,258,338,1026,434,1588,115,294,155,0,0,0,0,0,0,0,0,0,0,0,0,0,0,0,0,0,0,0,0,0,0,0
2024-04-06,US,603519,0,0,0,0,0,0,0,0,0,0,0,0,0,0,0,0,67,0,0,0,6653,0,0,0,240,0,0,0,95,0,120,0,48,6926,319403,70693,134,948,0,3974,170,2167,0,156,530,0,43,0,0,606,8812,95,0,982,656,0,259,1652,13801,107,0,0,3646,2932,5841,22887,9019,0,0,281,9021,369,175,180,0,56,153,3304,36112,9371,425,120,132,151,967,16524,397,21554,8470,3348,159,40,4243,68,133,253,335,992,439,1539,115,285,149,0,0,0,0,0,0,0,0,0,0,0,0,0,0,0,0,0,0,0,0,0,0,0
2024-04-07,US,595730,0,0,0,0,0,0,0,0,0,0,0,0,0,0,0,0,66,0,0,0,6571,0,0,0,238,0,0,0,94,0,119,0,48,7126,311013,70889,132,975,0,4043,168,2150,0,151,538,0,42,0,0,602,8899,95,0,881,621,0,260,1702,13912,106,0,0,3749,3010,5984,23492,9037,0,0,277,8825,358,172,177,0,55,151,3405,35627,9323,394,119,130,145,990,16583,400,21585,8377,3295,160,39,4215,67,130,249,333,960,444,1491,115,277,144,0,0,0,0,0,0,0,0,0,0,0,0,0,0,0,0,0,0,0,0,0,0,0
2024-04-08,US,587940,0,0,0,0,0,0,0,0,0,0,0,0,0,0,0,0,66,0,0,0,6489,0,0,0,237,0,0,0,94,0,118,0,47,7319,302736,71056,129,1001,0,4108,166,2133,0,147,546,0,42,0,0,598,8980,95,0,781,586,0,261,1751,14015,106,0,0,3847,3086,6122,24074,9052,0,0,273,8632,348,169,175,0,55,150,3502,35143,9274,363,118,127,140,1012,16635,404,21607,8285,3243,162,39,4186,66,128,244,331,928,448,1443,115,269,139,0,0,0,0,0,0,0,0,0,0,0,0,0,0,0,0,0,0,0,0,0,0,0
2024-04-09,US,580151,0,0,0,0,0,0,0,0,0,0,0,0,0,0,0,0,65,0,0,0,6406,0,0,0,235,0,0,0,94,0,118,0,47,7504,294570,71194,127,1027,0,4170,164,2116,0,142,553,0,41,0,0,594,9056,94,0,684,552,0,262,1798,14110,105,0,0,3942,3158,6254,24633,9063,0,0,269,8441,337,167,172,0,55,148,3595,34659,9222,333,118,125,135,1032,16680,407,21622,8191,3191,164,39,4156,65,125,240,328,897,453,1397,115,261,134,0,0,0,0,0,0,0,0,0,0,0,0,0,0,0,0,0,0,0,0,0,0,0
2024-04-10,US,572361,0,0,0,0,0,0,0,0,0,0,0,0,0,0,0,0,65,0,0,0,6324,0,0,0,233,0,0,0,94,0,117,0,47,7681,286516,71303,124,1051,0,4229,163,2099,0,138,559,0,41,0,0,590,9127,94,0,590,519,0,263,1842,14198,104,0,0,4032,3228,6381,25167,9070,0,0,265,8252,327,164,169,0,54,146,3685,34175,9168,304,117,123,130,1052,16718,410,21628,8098,3139,166,38,4125,64,122,235,326,866,457,1351,114,253,129,0,0,0,0,0,0,0,0,0,0,0,0,0,0,0,0,0,0,0,0,0,0,0
2024-04-11,US,564572,0,0,0,0,0,0,0,0,0,0,0,0,0,0,0,0,65,0,0,0,6241,0,0,0,232,0,0,0,94,0,116,0,46,7851,278574,71383,122,1074,0,4285,161,2081,0,134,566,0,40,0,0,586,9193,93,0,497,486,0,263,1885,14278,104,0,0,4119,3294,6501,25678,9074,0,0,260,8065,316,162,167,0,54,145,3771,33692,9113,276,116,121,125,1072,16748,413,21627,8004,3087,167,38,4094,63,119,231,323,836,460,1306,114,246,125,0,0,0,0,0,0,0,0,0,0,0,0,0,0,0,0,0,0,0,0,0,0,0
2024-04-12,US,556782,0,0,0,0,0,0,0,0,0,0,0,0,0,0,0,0,64,0,0,0,6159,0,0,0,230,0,0,0,93,0,115,0,46,8014,270743,71434,119,1096,0,4338,159,2063,0,130,572,0,40,0,0,581,9253,93,0,407,455,0,264,1927,14351,103,0,0,4202,3357,6616,26166,9075,0,0,256,7880,306,159,164,0,53,143,3853,33210,9055,248,115,118,120,1090,16772,415,21617,7909,3035,168,38,4062,62,117,226,321,806,464,1262,114,238,120,0,0,0,0,0,0,0,0,0,0,0,0,0,0,0,0,0,0,0,0,0,0,0
2024-04-13,US,548993,0,0,0,0,0,0,0,0,0,0,0,0,0,0,0,0,64,0,0,0,6070,0,0,0,228,0,0,0,93,0,114,0,45,8161,262774,71388,116,1116,0,4383,157,2043,0,125,577,0,39,0,0,576,9299,92,0,319,423,0,264,1964,14403,102,0,146,4277,3414,6719,26604,9063,0,241,252,7690,296,156,161,136,53,142,3928,32697,8987,220,114,116,115,1106,16772,417,21578,7807,2981,170,37,4026,61,114,221,318,776,466,1217,114,231,115,0,0,0,0,0,0,0,0,0,0,0,0,0,0,0,0,0,0,0,0,0,0,0
2024-04-14,US,538070,0,0,0,0,0,0,0,0,0,0,0,0,0,0,0,0,63,0,0,0,6004,0,0,0,222,0,0,0,92,0,111,0,45,9260,253387,69748,115,1307,0,4480,154,1966,0,123,564,0,39,0,0,667,9386,91,0,333,415,0,263,2259,13913,101,0,224,4331,3851,7164,27498,9180,0,243,247,7519,296,153,158,165,52,139,3953,31655,8731,213,112,113,113,1326,16326,480,21023,7639,2871,170,37,3929,59,112,216,314,739,456,1156,0,0,0,0,0,0,0,0,0,0,0,0,0,0,0,0,0,0,0,0,0,0,0,0,0,0
2024-04-15,US,527148,0,0,0,0,0,0,0,0,0,0,0,0,0,0,0,0,62,0,0,0,5931,0,0,0,216,0,0,0,91,0,109,0,44,10302,243958,68060,113,1489,0,4565,152,1888,0,121,550,0,38,0,0,753,9453,90,0,346,406,0,262,2539,13419,99,0,299,4375,4264,7579,28313,9277,0,245,241,7342,296,150,155,193,51,137,3971,30604,8471,206,110,111,110,1535,15872,539,20455,7466,2760,170,36,3830,58,110,210,309,702,444,1095,0,0,0,0,0,0,0,0,0,0,0,0,0,0,0,0,0,0,0,0,0,0,0,0,0,0
2024-04-16,US,516226,0,0,0,0,0,0,0,0,0,0,0,0,0,0,0,0,61,0,0,0,5856,0,0,0,209,0,0,0,90,0,107,0,43,11292,234707,66383,112,1662,0,4644,149,1813,0,119,537,0,37,0,0,835,9510,89,0,358,397,0,260,2806,12935,98,0,371,4414,4657,7971,29071,9363,0,246,236,7166,295,146,151,219,50,135,3985,29569,8214,199,107,108,107,1734,15422,596,19894,7294,2651,170,35,3732,56,108,205,305,666,433,1036,0,0,0,0,0,0,0,0,0,0,0,0,0,0,0,0,0,0,0,0,0,0,0,0,0,0
2024-04-17,US,505303,0,0,0,0,0,0,0,0,0,0,0,0,0,0,0,0,60,0,0,0,5779,0,0,0,204,0,0,0,89,0,104,0,43,12232,225634,64718,110,1827,0,4715,146,1738,0,117,524,0,36,0,0,912,9556,88,0,370,388,0,258,3059,12459,97,0,439,4448,5029,8340,29772,9437,0,247,230,6992,294,143,148,244,50,132,3994,28551,7960,192,105,105,104,1923,14978,649,19338,7122,2544,170,35,3634,55,106,199,300,631,423,979,0,0,0,0,0,0,0,0,0,0,0,0,0,0,0,0,0,0,0,0,0,0,0,0,0,0
2024-04-18,US,494381,0,0,0,0,0,0,0,0,0,0,0,0,0,0,0,0,59,0,0,0,5700,0,0,0,198,0,0,0,88,0,102,0,42,13120,216739,63064,108,1982,0,4778,143,1666,0,115,511,0,36,0,0,986,9591,87,0,380,379,0,256,3298,11992,95,0,504,4476,5381,8686,30416,9499,0,248,225,6818,293,140,144,268,49,130,4000,27550,7710,185,103,102,101,2103,14538,700,18788,6951,2440,169,34,3537,54,104,194,295,597,412,923,0,0,0,0,0,0,0,0,0,0,0,0,0,0,0,0,0,0,0,0,0,0,0,0,0,0
2024-04-19,US,483459,0,0,0,0,0,0,0,0,0,0,0,0,0,0,0,0,58,0,0,0,5619,0,0,0,192,0,0,0,87,0,99,0,41,13957,208022,61421,106,2130,0,4835,140,1595,0,112,498,0,35,0,0,1055,9616,85,0,390,370,0,254,3524,11533,94,0,565,4499,5713,9008,31003,9549,0,249,219,6645,292,136,141,291,48,127,4001,26566,7464,178,101,99,99,2273,14104,748,18243,6781,2338,169,33,3441,52,102,188,291,563,401,868,0,0,0,0,0,0,0,0,0,0,0,0,0,0,0,0,0,0,0,0,0,0,0,0,0,0
2024-04-20,US,472536,0,0,0,0,0,0,0,0,0,0,0,0,0,0,0,0,57,0,0,0,5535,0,0,0,186,0,0,0,86,0,97,0,40,14743,199482,59790,105,2268,0,4884,138,1525,0,110,485,0,34,0,0,1120,9630,84,0,399,361,0,252,3737,11084,92,0,624,4516,6024,9307,31532,9588,0,249,214,6474,290,133,137,312,47,125,3999,25599,7220,172,99,97,96,2433,13675,793,17705,6612,2238,168,33,3346,51,100,183,286,531,390,815,0,0,0,0,0,0,0,0,0,0,0,0,0,0,0,0,0,0,0,0,0,0,0,0,0,0
2024-04-21,US,464225,0,0,0,0,0,0,0,0,0,0,0,0,0,0,0,0,57,0,0,0,5481,0,0,0,181,0,0,0,86,0,95,0,40,15566,192202,58498,103,2412,0,4953,136,1465,0,109,475,0,34,0,0,1188,9688,83,0,409,354,0,251,3958,10703,91,0,683,4553,6351,9637,32186,9669,0,251,210,6338,290,130,135,334,47,123,4015,24789,7020,166,97,95,94,2597,13326,840,17270,6480,2152,168,32,3270,50,98,179,282,502,382,768,0,0,0,0,0,0,0,0,0,0,0,0,0,0,0,0,0,0,0,0,0,0,0,0,0,0
2024-04-22,US,455913,0,0,0,0,0,0,0,0,0,0,0,0,0,0,0,0,56,0,0,0,5425,0,0,0,177,0,0,0,85,0,93,0,39,16350,185056,57216,102,2548,0,5017,133,1407,0,107,464,0,33,0,0,1253,9738,82,0,419,347,0,250,4169,10329,90,0,739,4586,6662,9949,32797,9741,0,252,205,6204,290,128,132,355,46,121,4028,23991,6823,161,95,92,92,2755,12980,884,16839,6348,2068,168,32,3195,49,97,174,279,474,373,723,0,0,0,0,0,0,0,0,0,0,0,0,0,0,0,0,0,0,0,0,0,0,0,0,0,0
2024-04-23,US,447601,0,0,0,0,0,0,0,0,0,0,0,0,0,0,0,0,55,0,0,0,5367,0,0,0,172,0,0,0,84,0,91,0,39,17095,178046,55942,101,2679,0,5075,131,1349,0,105,454,0,33,0,0,1314,9779,82,0,428,340,0,249,4369,9962,89,0,793,4615,6957,10244,33364,9804,0,253,201,6071,289,125,129,375,45,119,4038,23207,6628,155,94,90,90,2905,12639,927,16412,6217,1986,168,31,3120,48,95,170,275,447,365,678,0,0,0,0,0,0,0,0,0,0,0,0,0,0,0,0,0,0,0,0,0,0,0,0,0,0
2024-04-24,US,439289,0,0,0,0,0,0,0,0,0,0,0,0,0,0,0,0,55,0,0,0,5308,0,0,0,167,0,0,0,83,0,89,0,38,17801,171172,54676,100,2802,0,5128,129,1293,0,104,444,0,32,0,0,1373,9812,81,0,436,334,0,247,4560,9601,88,0,844,4640,7237,10521,33887,9858,0,254,197,5938,289,123,127,394,45,117,4044,22435,6435,150,92,88,88,3047,12302,967,15990,6087,1905,168,31,3046,47,94,166,272,420,357,634,0,0,0,0,0,0,0,0,0,0,0,0,0,0,0,0,0,0,0,0,0,0,0,0,0,0
2024-04-25,US,430978,0,0,0,0,0,0,0,0,0,0,0,0,0,0,0,0,54,0,0,0,5248,0,0,0,163,0,0,0,83,0,87,0,38,18469,164433,53419,98,2919,0,5175,127,1238,0,102,434,0,31,0,0,1428,9837,80,0,444,327,0,246,4740,9247,87,0,893,4660,7502,10780,34368,9903,0,254,193,5806,288,120,124,412,44,115,4048,21676,6246,145,90,86,85,3182,11968,1005,15572,5957,1826,167,30,2972,46,92,162,268,394,348,592,0,0,0,0,0,0,0,0,0,0,0,0,0,0,0,0,0,0,0,0,0,0,0,0,0,0
2024-04-26,US,422666,0,0,0,0,0,0,0,0,0,0,0,0,0,0,0,0,53,0,0,0,5186,0,0,0,159,0,0,0,82,0,86,0,37,19097,157829,52171,97,3030,0,5217,125,1184,0,100,424,0,31,0,0,1480,9854,79,0,451,320,0,244,4909,8900,86,0,940,4676,7751,11021,34805,9940,0,255,189,5675,287,117,122,429,44,113,4048,20930,6059,140,89,84,83,3310,11639,1041,15159,5828,1749,167,30,2899,45,90,158,265,369,340,551,0,0,0,0,0,0,0,0,0,0,0,0,0,0,0,0,0,0,0,0,0,0,0,0,0,0
2024-04-27,US,414354,0,0,0,0,0,0,0,0,0,0,0,0,0,0,0,0,53,0,0,0,5122,0,0,0,154,0,0,0,81,0,84,0,37,19687,151360,50931,96,3134,0,5253,123,1131,0,99,414,0,30,0,0,1529,9863,78,0,458,313,0,242,5069,8559,84,0,983,4688,7984,11245,35198,9967,0,255,185,5544,286,115,119,445,43,112,4046,20198,5874,135,87,82,81,3430,11313,1075,14750,5699,1673,166,29,2827,44,89,154,261,345,332,511,0,0,0,0,0,0,0,0,0,0,0,0,0,0,0,0,0,0,0,0,0,0,0,0,0,0
2024-04-28,US,459107,0,0,0,0,0,0,0,0,0,0,0,0,0,0,0,0,59,0,0,0,5718,0,0,0,169,0,0,0,91,0,93,0,41,22883,163980,56196,106,3653,0,5974,136,1221,0,109,458,0,34,0,0,1780,11153,87,0,524,347,0,272,5900,9300,94,0,1159,5310,9274,12947,40194,11290,0,288,204,6122,321,127,132,520,48,124,4568,22023,6436,147,96,90,90,4006,12428,1251,16221,6299,1808,187,33,3115,48,99,169,291,363,366,534,0,0,0,0,0,0,0,0,0,0,0,0,0,0,0,0,0,0,0,0,0,0,0,0,0,0
2024-04-29,US,461556,0,0,0,0,0,0,0,0,0,0,0,0,0,0,0,0,59,0,0,0,5791,0,0,0,169,0,0,0,92,0,93,0,41,24080,161108,56257,108,3855,0,6160,137,1195,0,110,458,0,34,0,0,1877,11438,88,0,544,348,0,277,6216,9166,95,0,1234,5454,9753,13507,41610,11599,0,296,205,6133,328,128,132,550,48,125,4678,21783,6398,145,97,90,90,4233,12386,1318,16184,6317,1772,191,33,3115,48,99,169,294,345,367,504,0,0,0,0,0,0,0,0,0,0,0,0,0,0,0,0,0,0,0,0,0,0,0,0,0,0
2024-04-30,US,463617,0,0,0,0,0,0,0,0,0,0,0,0,0,0,0,0,60,0,0,0,5859,0,0,0,168,0,0,0,93,0,93,0,42,25267,158063,56269,109,4055,0,6343,138,1167,0,111,459,0,34,0,0,1973,11716,89,0,564,349,0,281,6530,9021,96,0,1309,5595,10228,14060,43001,11900,0,303,205,6140,334,128,132,580,49,126,4785,21520,6353,143,97,90,90,4459,12333,1385,16133,6329,1733,195,33,3112,49,100,169,297,328,367,474,0,0,0,0,0,0,0,0,0,0,0,0,0,0,0,0,0,0,0,0,0,0,0,0,0,0
2024-05-01,US,465446,0,0,0,0,0,0,0,0,0,0,0,0,0,0,0,0,61,0,0,0,5925,0,0,0,167,0,0,0,94,0,93,0,42,26451,154909,56251,110,4255,0,6523,139,1139,0,112,459,0,34,0,0,2068,11990,90,0,583,350,0,286,6843,8871,97,0,1385,5734,10702,14610,44381,12197,0,310,206,6143,341,128,133,609,49,127,4890,21245,6305,141,98,90,90,4685,12273,1451,16072,6338,1694,199,33,3107,49,101,168,300,310,366,443,0,0,0,0,0,0,0,0,0,0,0,0,0,0,0,0,0,0,0,0,0,0,0,0,0,0
2024-05-02,US,468003,0,0,0,0,0,0,0,0,0,0,0,0,0,0,0,0,61,0,0,0,6001,0,0,0,167,0,0,0,96,0,94,0,42,27686,151961,56319,111,4463,0,6716,140,1112,0,113,460,0,35,0,0,2167,12284,91,0,604,351,0,291,7170,8733,98,0,1463,5883,11196,15187,45842,12515,0,317,206,6155,348,129,133,640,50,128,5004,20999,6266,139,99,90,90,4920,12231,1521,16036,6357,1657,203,34,3107,49,102,168,303,292,367,413,0,0,0,0,0,0,0,0,0,0,0,0,0,0,0,0,0,0,0,0,0,0,0,0,0,0
2024-05-03,US,476399,0,0,0,0,0,0,0,0,0,0,0,0,0,0,0,0,63,0,0,0,6153,0,0,0,168,0,0,0,98,0,95,0,43,29292,150821,57084,114,4731,0,6995,143,1098,0,115,466,0,35,0,0,2296,12738,94,0,633,357,0,300,7593,8699,101,0,1560,6108,11840,15965,47903,12996,0,329,210,6244,359,131,135,680,51,130,5182,21006,6304,139,100,91,91,5221,12339,1610,16196,6455,1639,210,35,3145,49,104,170,310,277,372,386,0,0,0,0,0,0,0,0,0,0,0,0,0,0,0,0,0,0,0,0,0,0,0,0,0,0
2024-05-04,US,489376,0,0,0,0,0,0,0,0,0,0,0,0,0,0,0,0,65,0,0,0,6366,0,0,0,172,0,0,0,102,0,98,0,45,31229,150958,58387,117,5053,0,7350,147,1093,0,119,477,0,36,0,0,2451,13324,97,0,668,366,0,311,8101,8741,104,0,1677,6397,12618,16920,50481,13613,0,344,215,6392,374,134,139,727,53,134,5414,21199,6398,141,103,93,93,5582,12561,1718,16507,6614,1635,219,36,3212,51,107,174,320,264,380,363,0,0,0,0,0,0,0,0,0,0,0,0,0,0,0,0,0,0,0,0,0,0,0,0,0,0
2024-05-05,US,506022,0,0,0,0,0,0,0,0,0,0,0,0,0,0,0,0,68,0,0,0,6629,0,0,0,176,0,0,0,106,0,101,0,46,33469,151986,60112,122,5424,0,7769,153,1095,0,123,491,0,37,0,0,2629,14024,101,0,710,378,0,326,8689,8836,108,0,1810,6742,13518,18033,53513,14348,0,362,222,6586,392,138,143,782,55,139,5692,21528,6536,143,107,96,95,5998,12870,1843,16934,6821,1640,230,37,3303,52,111,178,333,252,391,339,0,0,0,0,0,0,0,0,0,0,0,0,0,0,0,0,0,0,0,0,0,0,0,0,0,0
2024-05-06,US,522662,0,0,0,0,0,0,0,0,0,0,0,0,0,0,0,0,70,0,0,0,6895,0,0,0,180,0,0,0,111,0,104,0,48,35787,152744,61819,127,5808,0,8199,158,1094,0,127,506,0,39,0,0,2814,14741,105,0,753,390,0,340,9298,8918,112,0,1948,7095,14449,19181,56632,15100,0,381,229,6779,410,142,148,838,57,144,5977,21831,6669,144,110,99,98,6428,13171,1972,17351,7028,1642,241,38,3392,54,114,183,346,239,402,314,0,0,0,0,0,0,0,0,0,0,0,0,0,0,0,0,0,0,0,0,0,0,0,0,0,0
2024-05-07,US,537403,0,0,0,0,0,0,0,0,0,0,0,0,0,0,0,0,73,0,0,0,7139,0,0,0,183,0,0,0,115,0,107,0,50,38047,152692,63286,131,6184,0,8610,163,1086,0,131,518,0,40,0,0,2995,15419,109,0,794,400,0,354,9891,8954,116,0,2083,7430,15357,20293,59626,15815,0,398,235,6945,428,146,152,894,59,149,6245,22030,6772,146,114,101,100,6850,13417,2098,17697,7208,1635,251,39,3468,55,118,187,358,223,412,285,0,0,0,0,0,0,0,0,0,0,0,0,0,0,0,0,0,0,0,0,0,0,0,0,0,0
2024-05-08,US,548081,0,0,0,0,0,0,0,0,0,0,0,0,0,0,0,0,75,0,0,0,7332,0,0,0,185,0,0,0,118,0,108,0,51,40078,151280,64261,134,6523,0,8964,167,1069,0,134,526,0,41,0,0,3157,15993,112,0,830,408,0,365,10426,8914,119,0,2207,7715,16172,21278,62235,16424,0,413,239,7058,442,149,154,944,60,152,6471,22043,6821,145,116,102,102,7230,13556,2211,17902,7332,1612,260,40,3517,56,121,189,367,205,418,252,0,0,0,0,0,0,0,0,0,0,0,0,0,0,0,0,0,0,0,0,0,0,0,0,0,0
2024-05-09,US,552803,0,0,0,0,0,0,0,0,0,0,0,0,0,0,0,0,76,0,0,0,7446,0,0,0,185,0,0,0,120,0,109,0,52,41710,148099,64530,136,6797,0,9226,169,1039,0,136,529,0,41,0,0,3289,16401,113,0,858,411,0,372,10857,8770,121,0,2309,7920,16825,22048,64208,16862,0,424,240,7094,452,150,155,984,61,154,6629,21805,6792,144,117,103,102,7539,13544,2302,17909,7377,1571,266,41,3527,56,122,190,372,184,420,215,0,0,0,0,0,0,0,0,0,0,0,0,0,0,0,0,0,0,0,0,0,0,0,0,0,0
2024-05-10,US,553832,0,0,0,0,0,0,0,0,0,0,0,0,0,0,0,0,76,0,0,0,7511,0,0,0,184,0,0,0,122,0,109,0,52,43076,143883,64365,137,7028,0,9428,169,1002,0,136,528,0,41,0,0,3399,16702,114,0,880,411,0,377,11219,8565,122,0,2397,8074,17371,22677,65766,17191,0,432,240,7082,458,150,155,1019,61,155,6744,21417,6718,141,117,102,102,7801,13440,2379,17795,7371,1519,270,41,3513,56,122,189,374,161,419,177,0,0,0,0,0,0,0,0,0,0,0,0,0,0,0,0,0,0,0,0,0,0,0,0,0,0
2024-05-11,US,560242,0,0,0,0,0,0,0,0,0,0,0,0,0,0,0,0,78,0,0,0,7647,0,0,0,184,0,0,0,124,0,110,0,53,44862,140953,64797,139,7328,0,9721,172,974,0,138,532,0,42,0,0,3542,17163,116,0,911,415,0,385,11690,8437,124,0,2508,8305,18087,23525,67958,17684,205,443,242,7136,470,151,157,1063,62,157,6924,21223,6705,139,119,103,102,8138,13460,2479,17845,7435,1480,277,42,3532,57,124,190,381,139,421,139,0,0,0,0,0,0,0,0,0,0,0,0,0,0,0,0,0,0,0,0,0,0,0,0,0,0
2024-05-12,US,574427,0,0,0,0,0,0,0,0,0,0,0,0,0,0,0,0,80,0,0,0,7796,0,0,0,188,0,0,0,234,0,113,0,54,49360,141731,65064,146,7452,0,10207,177,976,0,148,543,0,43,0,0,3898,17383,120,0,907,420,0,400,12888,8816,126,0,2806,8577,19504,24554,70060,17894,316,464,248,7130,474,155,161,1124,64,162,7252,21226,6733,142,122,105,104,8421,13522,2649,17890,7496,1494,277,43,3604,58,130,193,0,0,0,0,0,0,0,0,0,0,0,0,0,0,0,0,0,0,0,0,0,0,0,0,0,0,0,0,0,0
2024-05-13,US,588428,0,0,0,0,0,0,0,0,0,0,0,0,0,0,0,0,83,0,0,0,7925,0,0,0,190,0,0,0,350,0,116,0,56,53917,142041,65110,152,7556,0,10683,181,975,0,157,552,0,44,0,0,4257,17553,124,0,900,424,0,414,14103,9183,129,0,3111,8833,20925,25547,72019,18050,431,485,254,7099,477,158,164,1184,66,166,7572,21153,6738,143,125,107,106,8689,13539,2819,17872,7534,1503,277,44,3667,59,136,197,0,0,0,0,0,0,0,0,0,0,0,0,0,0,0,0,0,0,0,0,0,0,0,0,0,0,0,0,0,0
2024-05-14,US,603907,0,0,0,0,0,0,0,0,0,0,0,0,0,0,0,0,85,0,0,0,8071,0,0,0,194,0,0,0,472,0,118,0,58,58777,142551,65243,159,7676,0,11196,187,975,0,167,563,0,45,0,0,4641,17754,128,0,894,429,0,430,15398,9580,131,0,3434,9113,22447,26625,74172,18238,552,507,260,7075,481,162,168,1249,68,171,7917,21104,6752,145,129,109,109,8982,13575,3001,17877,7584,1514,278,45,3737,60,142,201,0,0,0,0,0,0,0,0,0,0,0,0,0,0,0,0,0,0,0,0,0,0,0,0,0,0,0,0,0,0
2024-05-15,US,620550,0,0,0,0,0,0,0,0,0,0,0,0,0,0,0,0,88,0,0,0,8229,0,0,0,197,0,0,0,600,0,121,0,60,63933,143164,65418,166,7806,0,11743,192,976,0,178,575,0,47,0,0,5048,17975,133,0,888,435,0,446,16772,10005,134,0,3778,9413,24063,27776,76482,18446,681,531,266,7054,485,166,173,1318,70,176,8286,21063,6771,148,132,112,111,9296,13620,3195,17892,7640,1527,278,47,3814,62,149,205,0,0,0,0,0,0,0,0,0,0,0,0,0,0,0,0,0,0,0,0,0,0,0,0,0,0,0,0,0,0
2024-05-16,US,640457,0,0,0,0,0,0,0,0,0,0,0,0,0,0,0,0,91,0,0,0,8426,0,0,0,201,0,0,0,739,0,125,0,62,69633,144335,65842,175,7972,0,12366,199,980,0,189,589,0,48,0,0,5498,18275,138,0,885,442,0,465,18290,10491,137,0,4156,9766,25864,29097,79209,18733,820,558,274,7057,491,171,178,1396,73,182,8707,21096,6815,150,137,115,114,9662,13717,3412,17972,7727,1546,280,48,3909,64,156,210,0,0,0,0,0,0,0,0,0,0,0,0,0,0,0,0,0,0,0,0,0,0,0,0,0,0,0,0,0,0
2024-05-17,US,666720,0,0,0,0,0,0,0,0,0,0,0,0,0,0,0,0,96,0,0,0,8702,0,0,0,208,0,0,0,893,0,130,0,64,76288,146691,66798,185,8211,0,13130,207,992,0,204,609,0,50,0,0,6024,18737,144,0,889,453,0,489,20061,11094,141,0,4593,10219,27996,30738,82743,19185,975,591,285,7114,501,178,185,1490,76,190,9226,21292,6915,155,142,119,118,10129,13926,3671,18196,7880,1578,284,51,4041,66,166,217,0,0,0,0,0,0,0,0,0,0,0,0,0,0,0,0,0,0,0,0,0,0,0,0,0,0,0,0,0,0
2024-05-18,US,699599,0,0,0,0,0,0,0,0,0,0,0,0,0,0,0,0,101,0,0,0,9059,0,0,0,216,0,0,0,1068,0,136,0,68,84036,150188,68262,197,8524,0,14047,218,1011,0,221,635,0,53,0,0,6635,19359,153,0,898,468,0,518,22120,11821,147,0,5100,10779,30501,32724,87122,19798,1151,632,298,7221,516,186,194,1602,81,200,9851,21640,7067,160,149,124,123,10703,14241,3977,18554,8096,1624,290,53,4211,69,177,226,0,0,0,0,0,0,0,0,0,0,0,0,0,0,0,0,0,0,0,0,0,0,0,0,0,0,0,0,0,0
2024-05-19,US,734271,0,0,0,0,0,0,0,0,0,0,0,0,0,0,0,0,107,0,0,0,9432,0,0,0,224,0,0,0,1258,0,143,0,72,92384,153708,69725,210,8850,0,15025,230,1030,0,239,662,0,56,0,0,7295,20001,161,0,906,484,0,550,24340,12597,153,0,5647,11371,33193,34839,91754,20430,1342,674,313,7323,531,195,203,1722,85,211,10517,21976,7219,166,157,129,129,11312,14557,4305,18908,8317,1670,296,56,4388,72,189,235,0,0,0,0,0,0,0,0,0,0,0,0,0,0,0,0,0,0,0,0,0,0,0,0,0,0,0,0,0,0
2024-05-20,US,767726,0,0,0,0,0,0,0,0,0,0,0,0,0,0,0,0,112,0,0,0,9782,0,0,0,232,0,0,0,1458,0,149,0,75,100967,156610,70894,224,9152,0,16005,241,1045,0,257,687,0,58,0,0,7972,20581,170,0,910,498,0,580,26624,13369,159,0,6212,11950,35939,36941,96263,20997,1543,717,326,7389,544,203,212,1843,89,221,11182,22207,7341,172,164,135,134,11909,14813,4639,19179,8507,1710,300,59,4556,75,201,244,0,0,0,0,0,0,0,0,0,0,0,0,0,0,0,0,0,0,0,0,0,0,0,0,0,0,0,0,0,0
2024-05-21,US,794962,0,0,0,0,0,0,0,0,0,0,0,0,0,0,0,0,117,0,0,0,10046,0,0,0,238,0,0,0,1658,0,154,0,78,109078,157920,71331,235,9373,0,16879,250,1049,0,274,707,0,60,0,0,8613,20968,177,0,903,507,0,607,28784,14049,163,0,6750,12437,38492,38786,100018,21364,1743,755,337,7375,551,210,219,1953,93,229,11772,22198,7387,175,170,138,138,12416,14917,4945,19247,8613,1734,302,61,4683,78,212,251,0,0,0,0,0,0,0,0,0,0,0,0,0,0,0,0,0,0,0,0,0,0,0,0,0,0,0,0,0,0
2024-05-22,US,823808,0,0,0,0,0,0,0,0,0,0,0,0,0,0,0,0,122,0,0,0,10326,0,0,0,244,0,0,0,1871,0,159,0,81,117729,159250,71765,248,9604,0,17808,259,1052,0,292,727,0,63,0,0,9296,21374,184,0,895,517,0,635,31089,14771,168,0,7325,12954,41212,40746,104000,21748,1956,795,348,7355,559,217,226,2069,97,238,12399,22177,7432,179,176,143,142,12955,15021,5272,19311,8722,1758,303,64,4818,80,223,258,0,0,0,0,0,0,0,0,0,0,0,0,0,0,0,0,0,0,0,0,0,0,0,0,0,0,0,0,0,0
2024-05-23,US,843762,0,0,0,0,0,0,0,0,0,0,0,0,0,0,0,0,125,0,0,0,10488,0,0,0,247,0,0,0,2074,0,163,0,84,125387,158600,71297,257,9726,0,18564,266,1042,0,307,740,0,64,0,0,9900,21527,190,0,875,521,0,657,33133,15347,171,0,7841,13334,43566,42300,106880,21873,2158,828,356,7239,561,222,232,2166,99,245,12904,21868,7385,181,181,145,144,13358,14937,5550,19129,8726,1761,301,65,4899,82,232,263,0,0,0,0,0,0,0,0,0,0,0,0,0,0,0,0,0,0,0,0,0,0,0,0,0,0,0,0,0,0
2024-05-24,US,850493,0,0,0,0,0,0,0,0,0,0,0,0,0,0,0,0,127,0,0,0,10484,0,0,0,247,0,0,0,2249,0,163,0,85,131232,155323,69642,263,9692,0,19039,269,1014,0,318,740,0,65,0,0,10362,21332,193,0,840,516,0,668,34698,15689,171,0,8244,13508,45280,43209,108096,21644,2330,848,358,7001,553,223,233,2231,101,247,13213,21189,7214,180,182,146,145,13555,14605,5746,18626,8586,1736,294,66,4902,82,238,263,0,0,0,0,0,0,0,0,0,0,0,0,0,0,0,0,0,0,0,0,0,0,0,0,0,0,0,0,0,0
2024-05-25,US,852052,0,0,0,0,0,0,0,0,0,0,0,0,0,0,0,0,128,0,0,0,10414,0,0,0,244,0,0,0,2412,0,163,0,85,136325,151057,67542,268,9598,0,19401,270,980,0,326,736,0,65,0,0,10764,21003,194,0,800,508,0,676,36065,15938,169,0,8600,13600,46732,43860,108659,21279,2490,863,358,6717,541,223,233,2282,101,248,13444,20374,6997,178,183,145,144,13671,14180,5909,18004,8392,1699,284,66,4875,82,242,261,0,0,0,0,0,0,0,0,0,0,0,0,0,0,0,0,0,0,0,0,0,0,0,0,0,0,0,0,0,0
2024-05-26,US,858219,0,0,0,0,0,0,0,0,0,0,0,0,0,0,0,0,129,0,0,0,10401,0,0,0,244,0,0,0,2589,0,164,0,86,142200,147567,65787,274,9554,0,19872,273,951,0,337,736,0,66,0,0,11228,20785,197,0,763,503,0,687,37639,16275,169,0,9006,13767,48449,44753,109812,21025,2665,882,360,6467,533,225,234,2346,103,251,13749,19660,6816,177,184,145,144,13861,13827,6105,17474,8242,1671,277,67,4874,82,247,261,0,0,0,0,0,0,0,0,0,0,0,0,0,0,0,0,0,0,0,0,0,0,0,0,0,0,0,0,0,0
2024-05-27,US,874694,0,0,0,0,0,0,0,0,0,0,0,0,0,0,0,0,133,0,0,0,10510,0,0,0,246,0,0,0,2802,0,167,0,88,149911,145729,64764,283,9623,0,20590,278,932,0,352,745,0,67,0,0,11837,20806,202,0,735,504,0,707,39699,16813,171,0,9529,14100,50784,46200,112294,21013,2875,913,366,6286,530,228,238,2440,105,256,14225,19161,6711,178,188,147,146,14220,13629,6379,17136,8185,1663,272,69,4930,84,256,264,0,0,0,0,0,0,0,0,0,0,0,0,0,0,0,0,0,0,0,0,0,0,0,0,0,0,0,0,0,0
2024-05-28,US,909664,0,0,0,0,0,0,0,0,0,0,0,0,0,0,0,0,139,0,0,0,10836,0,0,0,253,0,0,0,3083,0,173,0,92,161085,146697,64975,299,9888,0,21762,290,931,0,375,769,0,70,0,0,12719,21246,211,0,719,514,0,741,42678,17720,176,0,10275,14736,54276,48658,117173,21421,3156,964,379,6220,538,237,247,2588,110,267,15014,19015,6734,182,196,152,151,14885,13691,6796,17121,8288,1687,272,71,5089,87,270,273,0,0,0,0,0,0,0,0,0,0,0,0,0,0,0,0,0,0,0,0,0,0,0,0,0,0,0,0,0,0
2024-05-29,US,952417,0,0,0,0,0,0,0,0,0,0,0,0,0,0,0,0,146,0,0,0,11246,0,0,0,262,0,0,0,3406,0,181,0,97,174080,148506,65539,317,10228,0,23151,305,935,0,402,800,0,73,0,0,13745,21833,223,0,706,529,0,783,46140,18798,183,0,11139,15504,58357,51584,123087,21976,3478,1024,396,6181,549,248,258,2763,115,281,15951,18954,6794,188,205,158,157,15686,13830,7286,17192,8443,1722,274,75,5287,91,287,283,0,0,0,0,0,0,0,0,0,0,0,0,0,0,0,0,0,0,0,0,0,0,0,0,0,0,0,0,0,0
2024-05-30,US,1012849,0,0,0,0,0,0,0,0,0,0,0,0,0,0,0,0,156,0,0,0,11855,0,0,0,275,0,0,0,3810,0,192,0,103,190893,152521,67050,342,10744,0,25010,325,951,0,437,844,0,78,0,0,15072,22782,238,0,701,552,0,841,50616,20253,193,0,12251,16568,63687,55537,131330,22889,3884,1105,421,6221,569,263,274,2994,123,299,17208,19141,6952,197,218,167,166,16789,14170,7929,17503,8729,1784,280,80,5580,96,310,299,0,0,0,0,0,0,0,0,0,0,0,0,0,0,0,0,0,0,0,0,0,0,0,0,0,0,0,0,0,0
2024-05-31,US,1077754,0,0,0,0,0,0,0,0,0,0,0,0,0,0,0,0,167,0,0,0,12502,0,0,0,289,0,0,0,4255,0,204,0,110,209263,156541,68530,369,11290,0,27027,346,967,0,476,891,0,83,0,0,16523,23776,255,0,693,576,0,902,55508,21829,204,0,13468,17715,69499,59819,140207,23844,4329,1193,447,6244,590,279,291,3246,132,319,18572,19287,7106,207,233,177,176,17980,14506,8630,17795,9024,1848,285,85,5892,102,335,316,0,0,0,0,0,0,0,0,0,0,0,0,0,0,0,0,0,0,0,0,0,0,0,0,0,0,0,0,0,0
2024-06-01,US,1112146,0,0,0,0,0,0,0,0,0,0,0,0,0,0,0,0,173,0,0,0,12786,0,0,0,295,0,0,0,4598,0,210,0,114,222273,155598,67810,386,11505,0,28317,358,951,0,502,913,0,86,0,0,17550,24055,265,0,661,583,0,939,58980,22812,208,0,14343,18369,73503,62474,145157,24077,4670,1248,460,6056,593,287,300,3411,136,330,19435,18787,7033,210,240,182,181,18672,14380,9104,17507,9038,1855,282,88,6033,105,350,323,0,0,0,0,0,0,0,0,0,0,0,0,0,0,0,0,0,0,0,0,0,0,0,0,0,0,0,0,0,0
2024-06-02,US,1129359,0,0,0,0,0,0,0,0,0,0,0,0,0,0,0,0,177,0,0,0,12867,0,0,0,296,0,0,0,4880,0,213,0,117,232143,151977,65908,397,11534,0,29189,364,918,0,520,920,0,87,0,0,18329,23940,270,0,615,580,0,962,61620,23457,210,0,15017,18742,76454,64199,147886,23913,4949,1285,466,5756,585,291,304,3526,139,336,20009,17946,6837,210,244,183,182,19081,14003,9446,16909,8900,1831,273,90,6078,106,361,325,0,0,0,0,0,0,0,0,0,0,0,0,0,0,0,0,0,0,0,0,0,0,0,0,0,0,0,0,0,0
2024-06-03,US,1126547,0,0,0,0,0,0,0,0,0,0,0,0,0,0,0,0,177,0,0,0,12718,0,0,0,292,0,0,0,5077,0,212,0,117,237979,145585,62800,401,11358,0,29549,364,868,0,530,911,0,87,0,0,18790,23395,271,0,558,567,0,968,63189,23689,207,0,15431,18785,78073,64796,148000,23319,5142,1300,464,5350,568,290,303,3580,139,336,20232,16772,6516,206,244,182,181,19153,13371,9624,15999,8600,1774,260,90,6015,105,365,322,0,0,0,0,0,0,0,0,0,0,0,0,0,0,0,0,0,0,0,0,0,0,0,0,0,0,0,0,0,0
2024-06-04,US,1101001,0,0,0,0,0,0,0,0,0,0,0,0,0,0,0,0,174,0,0,0,12316,0,0,0,282,0,0,0,5167,0,207,0,115,238851,136406,58499,397,10955,0,29303,357,802,0,529,883,0,85,0,0,18859,22389,267,0,491,542,0,954,63439,23436,201,0,15522,18446,78071,64065,145114,22267,5226,1287,452,4845,539,283,295,3560,137,330,20040,15288,6072,198,238,177,176,18836,12484,9602,14789,8135,1682,241,88,5832,102,361,312,0,0,0,0,0,0,0,0,0,0,0,0,0,0,0,0,0,0,0,0,0,0,0,0,0,0,0,0,0,0
2024-06-05,US,1064607,0,0,0,0,0,0,0,0,0,0,0,0,0,0,0,0,169,0,0,0,11798,0,0,0,270,0,0,0,5195,0,200,0,111,237016,126214,53784,389,10453,0,28743,346,731,0,521,848,0,82,0,0,18714,21190,260,0,423,513,0,931,62970,22936,193,0,15435,17921,77200,62662,140772,21026,5248,1261,436,4314,505,273,285,3501,133,319,19636,13716,5584,189,231,170,169,18327,11507,9475,13481,7604,1577,221,86,5594,99,354,299,0,0,0,0,0,0,0,0,0,0,0,0,0,0,0,0,0,0,0,0,0,0,0,0,0,0,0,0,0,0
2024-06-06,US,1017330,0,0,0,0,0,0,0,0,0,0,0,0,0,0,0,0,162,0,0,0,11169,0,0,0,254,0,0,0,5153,0,191,0,107,232282,115179,48737,377,9856,0,27858,331,655,0,508,804,0,79,0,0,18340,19810,249,0,354,480,0,897,61728,22180,182,0,15156,17206,75405,60562,134956,19609,5200,1221,416,3768,468,260,272,3402,128,306,19011,12087,5062,177,221,161,160,17621,10457,9236,12100,7016,1460,199,82,5302,94,343,284,0,0,0,0,0,0,0,0,0,0,0,0,0,0,0,0,0,0,0,0,0,0,0,0,0,0,0,0,0,0
2024-06-07,US,975079,0,0,0,0,0,0,0,0,0,0,0,0,0,0,0,0,156,0,0,0,10604,0,0,0,241,0,0,0,5121,0,182,0,103,228185,105191,44165,365,9318,0,27075,318,587,0,497,764,0,76,0,0,18017,18567,240,0,291,450,0,867,60655,21511,173,0,14917,16568,73839,58701,129768,18332,5162,1186,398,3273,434,249,260,3315,123,294,18457,10608,4588,167,212,153,153,16993,9505,9026,10847,6485,1354,180,79,5041,90,333,270,0,0,0,0,0,0,0,0,0,0,0,0,0,0,0,0,0,0,0,0,0,0,0,0,0,0,0,0,0,0
2024-06-08,US,957183,0,0,0,0,0,0,0,0,0,0,0,0,0,0,0,0,154,0,0,0,10308,0,0,0,234,0,0,0,5204,0,179,0,101,229404,98134,40846,363,9020,0,26941,313,536,0,497,744,0,74,176,0,18113,17810,237,0,239,432,0,858,60994,21359,168,0,15024,16337,74007,58255,127772,17538,5241,1179,389,2879,412,244,255,3307,121,289,18347,9452,4245,161,208,150,149,16780,8822,9030,9909,6129,1284,166,78,4907,88,331,262,0,0,0,0,0,0,0,0,0,0,0,0,0,0,0,0,0,0,0,0,0,0,0,0,0,0,0,0,0,0
2024-06-09,US,938819,0,0,0,0,0,0,0,0,0,0,0,0,0,0,0,0,152,0,0,0,9980,0,0,0,226,0,0,0,6587,0,175,0,100,225979,94388,39056,359,8788,0,26285,308,515,0,477,724,0,73,170,0,18076,17187,234,0,232,412,0,860,61453,20969,163,0,14682,16026,74857,56746,124229,16905,5586,1173,381,2730,393,238,250,3403,119,285,17805,8988,4046,156,204,146,145,16165,8419,8697,9484,5826,1218,161,76,4688,86,320,255,0,0,0,0,0,0,0,0,0,0,0,0,0,0,0,0,0,0,0,0,0,0,0,0,0,0,0,0,0,0
2024-06-10,US,956783,0,0,0,0,0,0,0,0,0,0,0,0,0,0,0,0,156,0,0,0,10038,0,0,0,228,0,0,0,8224,0,178,0,102,231298,94295,38777,370,8897,0,26646,314,514,0,475,732,0,75,170,0,18739,17230,240,0,235,408,0,895,64290,21391,163,0,14909,16334,78602,57433,125494,16927,6148,1212,387,2688,390,242,254,3630,122,291,17952,8873,4004,156,208,148,147,16175,8343,8700,9427,5749,1199,163,78,4652,87,321,258,0,0,0,0,0,0,0,0,0,0,0,0,0,0,0,0,0,0,0,0,0,0,0,0,0,0,0,0,0,0
2024-06-11,US,984951,0,0,0,0,0,0,0,0,0,0,0,0,0,0,0,0,161,0,0,0,10196,0,0,0,231,0,0,0,10022,0,183,0,105,239132,95116,38862,384,9097,0,27284,324,519,0,478,748,0,77,172,0,19617,17442,249,0,241,407,0,941,67893,22042,165,0,15291,16817,83298,58714,128043,17115,6797,1266,398,2669,390,249,261,3905,126,300,18282,8837,3999,158,214,151,150,16344,8344,8789,9458,5724,1191,167,81,4658,89,326,263,0,0,0,0,0,0,0,0,0,0,0,0,0,0,0,0,0,0,0,0,0,0,0,0,0,0,0,0,0,0
2024-06-12,US,1028017,0,0,0,0,0,0,0,0,0,0,0,0,0,0,0,0,169,0,0,0,10499,0,0,0,238,0,0,0,12084,0,190,0,110,250657,97234,39459,404,9431,0,28324,339,530,0,488,774,0,80,177,0,20815,17897,261,0,250,412,0,1003,72646,23028,170,0,15901,17555,89425,60853,132446,17539,7583,1339,414,2684,395,259,272,4250,132,314,18873,8915,4045,162,224,157,156,16737,8453,8998,9614,5772,1198,173,85,4726,93,335,272,0,0,0,0,0,0,0,0,0,0,0,0,0,0,0,0,0,0,0,0,0,0,0,0,0,0,0,0,0,0
2024-06-13,US,1085337,0,0,0,0,0,0,0,0,0,0,0,0,0,0,0,0,179,0,0,0,10934,0,0,0,248,0,0,0,14472,0,200,0,117,265762,100501,40495,431,9889,0,29742,359,547,0,503,811,0,85,184,0,22335,18570,277,0,262,422,0,1080,78581,24335,177,0,16726,18536,97036,63793,138569,18175,8522,1433,436,2726,404,273,286,4672,140,333,19706,9085,4135,167,237,164,163,17332,8655,9315,9879,5880,1217,181,90,4846,98,348,284,0,0,0,0,0,0,0,0,0,0,0,0,0,0,0,0,0,0,0,0,0,0,0,0,0,0,0,0,0,0
2024-06-14,US,1142887,0,0,0,0,0,0,0,0,0,0,0,0,0,0,0,0,190,0,0,0,11355,0,0,0,258,0,0,0,17045,0,211,0,124,281043,103561,41416,457,10342,0,31149,379,564,0,517,847,0,90,190,0,23897,19212,293,0,274,430,0,1160,84732,25650,183,0,17548,19521,104945,66699,144588,18778,9517,1529,458,2757,412,287,301,5114,148,351,20519,9223,4211,173,249,172,171,17893,8830,9614,10117,5967,1231,189,95,4951,103,360,297,0,0,0,0,0,0,0,0,0,0,0,0,0,0,0,0,0,0,0,0,0,0,0,0,0,0,0,0,0,0
2024-06-15,US,1220049,0,0,0,0,0,0,0,0,0,0,0,0,0,0,0,0,204,0,0,0,11952,0,0,0,272,0,0,0,20123,0,224,0,133,301287,108131,42904,493,10964,0,33071,405,588,0,539,896,0,96,199,0,25915,20144,315,0,290,444,0,1263,92571,27408,192,0,18663,20842,114981,70694,152930,19661,10740,1654,488,2822,426,306,321,5666,159,376,21658,9479,4343,181,266,182,181,18720,9123,10056,10495,6129,1261,201,101,5124,109,379,314,0,0,0,0,0,0,0,0,0,0,0,0,0,0,0,0,0,0,0,0,0,0,0,0,0,0,0,0,0,0
2024-06-16,US,1321459,0,0,0,0,0,0,0,0,0,0,0,0,0,0,0,0,222,0,0,0,12761,0,0,0,290,0,0,0,23883,0,243,0,144,327704,114495,45052,538,11792,0,35623,440,623,0,569,963,0,104,212,0,28506,21422,343,0,312,464,0,1394,102560,29714,204,0,20139,22577,127734,76019,164105,20878,12261,1815,528,2926,445,330,347,6362,173,408,23190,9869,4538,192,289,196,195,19864,9553,10667,11037,6378,1307,216,110,5375,118,403,336,0,0,0,0,0,0,0,0,0,0,0,0,0,0,0,0,0,0,0,0,0,0,0,0,0,0,0,0,0,0
2024-06-17,US,1392297,0,0,0,0,0,0,0,0,0,0,0,0,0,0,0,0,235,0,0,0,13252,0,0,0,302,0,0,0,27363,0,255,0,152,346720,117868,45973,572,12337,0,37326,465,641,0,584,1006,0,110,219,0,30495,22153,363,0,327,472,0,1496,110476,31337,212,0,21140,23791,137949,79514,171283,21558,13580,1937,555,2944,453,347,365,6939,183,431,24152,9979,4607,199,304,205,204,20493,9719,11001,11280,6445,1316,225,116,5479,124,418,351,0,0,0,0,0,0,0,0,0,0,0,0,0,0,0,0,0,0,0,0,0,0,0,0,0,0,0,0,0,0
2024-06-18,US,1461674,0,0,0,0,0,0,0,0,0,0,0,0,0,0,0,0,247,0,0,0,13709,0,0,0,312,0,0,0,31036,0,267,0,161,365517,120838,46696,605,12861,0,38968,489,656,0,597,1047,0,115,226,0,32499,22819,383,0,340,477,0,1599,118520,32930,218,0,22110,24979,148359,82867,178117,22171,14952,2060,581,2946,458,364,382,7534,193,454,25059,10036,4654,204,320,214,213,21058,9840,11301,11476,6478,1317,235,122,5558,129,431,365,0,0,0,0,0,0,0,0,0,0,0,0,0,0,0,0,0,0,0,0,0,0,0,0,0,0,0,0,0,0
2024-06-19,US,1517854,0,0,0,0,0,0,0,0,0,0,0,0,0,0,0,0,258,0,0,0,14025,0,0,0,319,0,0,0,34628,0,277,0,167,381146,122468,46862,634,13260,0,40240,509,665,0,604,1078,0,120,230,0,34251,23241,400,0,351,476,0,1691,125711,34228,223,0,22873,25943,157733,85419,183197,22545,16248,2166,602,2908,458,377,396,8081,201,472,25715,9965,4643,208,332,221,220,21393,9841,11476,11538,6428,1301,242,127,5571,134,440,375,0,0,0,0,0,0,0,0,0,0,0,0,0,0,0,0,0,0,0,0,0,0,0,0,0,0,0,0,0,0
2024-06-20,US,1563117,0,0,0,0,0,0,0,0,0,0,0,0,0,0,0,0,267,0,0,0,14226,0,0,0,324,0,0,0,38131,0,285,0,173,394139,123016,46582,658,13558,0,41208,525,667,0,604,1100,0,124,233,0,35790,23466,415,0,359,471,0,1772,132175,35283,225,0,23466,26720,166218,87314,186842,22724,17476,2258,618,2840,454,388,407,8588,208,488,26166,9792,4585,210,343,226,225,21542,9746,11552,11491,6312,1271,247,132,5530,137,445,383,0,0,0,0,0,0,0,0,0,0,0,0,0,0,0,0,0,0,0,0,0,0,0,0,0,0,0,0,0,0
2024-06-21,US,1635699,0,0,0,0,0,0,0,0,0,0,0,0,0,0,0,0,281,0,0,0,14659,0,0,0,334,0,0,0,42486,0,297,0,182,414142,125479,46990,695,14086,0,42878,551,680,0,614,1141,0,129,239,0,37994,24066,436,0,373,473,0,1887,141154,36956,231,0,24462,27964,177893,90686,193615,23263,19066,2392,646,2810,455,405,425,9265,218,512,27049,9754,4594,215,359,235,234,22031,9791,11810,11615,6282,1258,257,138,5570,143,458,396,0,0,0,0,0,0,0,0,0,0,0,0,0,0,0,0,0,0,0,0,0,0,0,0,0,0,0,0,0,0
2024-06-22,US,1697416,0,0,0,0,0,0,0,0,0,0,0,0,0,0,0,0,293,0,0,0,14976,0,0,0,342,0,0,0,46772,0,308,0,189,431535,126842,46941,727,14511,0,44244,573,687,0,619,1174,0,135,243,0,39990,24465,455,0,384,469,0,1992,149429,38387,236,0,25289,29023,188712,93400,198945,23605,20592,2512,668,2747,453,419,440,9903,228,532,27726,9611,4554,218,373,242,241,22332,9739,11967,11628,6184,1231,264,144,5556,148,466,407,0,0,0,0,0,0,0,0,0,0,0,0,0,0,0,0,0,0,0,0,0,0,0,0,0,0,0,0,0,0
2024-06-23,US,1713631,0,0,0,0,0,0,0,0,0,0,0,0,0,0,0,0,297,0,0,0,14880,0,0,0,340,0,0,0,49928,0,310,0,192,437441,124649,45550,740,14542,0,44411,579,675,0,606,1175,0,136,240,0,40939,24185,462,0,385,452,0,2045,153833,38791,233,0,25432,29304,194661,93578,198851,23290,21604,2567,673,2603,437,422,444,10289,231,539,27644,9187,4383,215,377,243,241,22010,9406,11789,11311,5905,1167,265,146,5382,149,462,407,0,0,0,0,0,0,0,0,0,0,0,0,0,0,0,0,0,0,0,0,0,0,0,0,0,0,0,0,0,0
2024-06-24,US,1715008,0,0,0,0,0,0,0,0,0,0,0,0,0,0,0,0,299,0,0,0,14654,0,0,0,335,0,0,0,52679,0,310,0,193,439578,121343,43746,746,14447,0,44192,581,656,0,587,1165,0,136,236,0,41541,23690,465,0,383,431,0,2080,156936,38859,229,0,25355,29331,198968,92937,197016,22767,22437,2599,672,2435,417,422,443,10589,232,541,27319,8678,4172,210,377,241,240,21491,8987,11506,10890,5572,1093,263,146,5159,148,454,403,0,0,0,0,0,0,0,0,0,0,0,0,0,0,0,0,0,0,0,0,0,0,0,0,0,0,0,0,0,0
2024-06-25,US,1708779,0,0,0,0,0,0,0,0,0,0,0,0,0,0,0,0,299,0,0,0,14363,0,0,0,328,0,0,0,55189,0,308,0,193,439760,117507,41753,749,14288,0,43777,580,635,0,566,1151,0,136,230,0,41956,23092,466,0,378,408,0,2107,159335,38754,224,0,25166,29228,202380,91887,194311,22145,23169,2620,668,2257,396,419,441,10841,232,540,26874,8132,3943,205,376,239,237,20879,8529,11173,10423,5215,1013,260,146,4914,147,443,397,0,0,0,0,0,0,0,0,0,0,0,0,0,0,0,0,0,0,0,0,0,0,0,0,0,0,0,0,0,0
2024-06-26,US,1692561,0,0,0,0,0,0,0,0,0,0,0,0,0,0,0,0,298,0,0,0,13991,0,0,0,320,0,0,0,57341,0,305,0,192,437348,113029,39539,748,14046,0,43110,576,610,0,542,1129,0,135,223,0,42118,22366,464,0,372,383,0,2120,160764,38423,217,0,24830,28955,204556,90309,190497,21401,23754,2625,660,2067,372,414,436,11026,231,536,26276,7545,3693,198,373,235,234,20152,8028,10779,9901,4831,929,255,145,4643,145,430,390,0,0,0,0,0,0,0,0,0,0,0,0,0,0,0,0,0,0,0,0,0,0,0,0,0,0,0,0,0,0
2024-06-27,US,1666018,0,0,0,0,0,0,0,0,0,0,0,0,0,0,0,0,294,0,0,0,13540,0,0,0,310,0,0,0,59076,0,299,0,189,432224,107946,37131,742,13722,0,42186,568,582,0,516,1101,0,133,215,0,42010,21515,459,0,363,357,0,2120,161138,37856,209,0,24346,28504,205380,88198,185571,20540,24174,2614,648,1869,347,407,428,11137,228,529,25527,6925,3427,190,367,229,228,19315,7487,10326,9328,4427,841,249,143,4349,142,415,379,0,0,0,0,0,0,0,0,0,0,0,0,0,0,0,0,0,0,0,0,0,0,0,0,0,0,0,0,0,0
2024-06-28,US,1599570,0,0,0,0,0,0,0,0,0,0,0,0,0,0,0,0,284,0,0,0,12777,0,0,0,293,0,0,0,59249,0,287,0,182,416651,100462,33932,718,13075,0,40265,547,541,0,477,1048,0,128,201,0,40865,20178,443,0,346,322,0,2067,157491,36380,197,0,23284,27371,201060,84013,176307,19215,23971,2538,621,1636,314,390,410,10965,220,509,24184,6167,3090,178,353,219,218,18044,6791,9642,8556,3935,737,237,138,3964,136,390,360,0,0,0,0,0,0,0,0,0,0,0,0,0,0,0,0,0,0,0,0,0,0,0,0,0,0,0,0,0,0
2024-06-29,US,1524242,0,0,0,0,0,0,0,0,0,0,0,0,0,0,0,0,272,0,0,0,11963,0,0,0,274,0,0,0,58869,0,273,0,175,398617,92702,30698,690,12364,0,38142,522,499,0,438,989,0,122,187,0,39445,18770,424,0,327,288,0,2000,152724,34700,183,0,22100,26085,195281,79420,166230,17829,23568,2445,590,1407,282,371,390,10707,210,487,22737,5418,2753,165,337,207,206,16718,6092,8928,7771,3449,635,224,132,3575,129,364,340,0,0,0,0,0,0,0,0,0,0,0,0,0,0,0,0,0,0,0,0,0,0,0,0,0,0,0,0,0,0
2024-06-30,US,1479999,0,0,0,0,0,0,0,0,0,0,0,0,0,0,0,0,265,0,0,0,11410,0,0,0,262,0,0,0,59500,0,264,0,170,388588,87070,28217,675,11912,0,36815,508,468,0,409,951,0,119,178,0,38791,17782,414,0,316,261,0,1971,150863,33725,174,0,21374,25331,193196,76497,159682,16845,23588,2401,572,1220,256,359,378,10648,205,474,21777,4815,2488,156,327,199,198,15770,5547,8416,7175,3057,552,216,128,3275,125,346,326,0,0,0,0,0,0,0,0,0,0,0,0,0,0,0,0,0,0,0,0,0,0,0,0,0,0,0,0,0,0
2024-07-01,US,1465164,0,0,0,0,0,0,0,0,0,0,0,0,0,0,0,0,264,0,0,0,11092,0,0,0,255,0,0,0,61221,0,261,0,169,386219,83285,26361,673,11701,0,36228,504,447,0,389,933,0,118,172,0,38888,17164,412,0,310,240,0,1980,151898,33418,168,0,21077,25081,194806,75119,156376,16213,24049,2403,565,1062,236,355,374,10791,204,470,21262,4325,2280,150,324,196,195,15154,5127,8082,6736,2737,482,212,127,3048,123,335,319,0,0,0,0,0,0,0,0,0,0,0,0,0,0,0,0,0,0,0,0,0,0,0,0,0,0,0,0,0,0
2024-07-02,US,1480151,0,0,0,0,0,0,0,0,0,0,0,0,0,0,0,0,267,0,0,0,10999,0,0,0,253,0,0,0,64188,0,263,0,171,391711,81195,25041,685,11728,0,36378,510,435,0,376,933,0,119,169,0,39776,16896,418,0,311,224,0,2030,156024,33792,166,0,21208,25340,200382,75270,156252,15912,25000,2453,569,926,221,357,377,11153,207,476,21179,3924,2117,147,328,197,196,14846,4811,7913,6435,2473,421,212,129,2883,124,331,319,0,0,0,0,0,0,0,0,0,0,0,0,0,0,0,0,0,0,0,0,0,0,0,0,0,0,0,0,0,0
2024-07-03,US,1514906,0,0,0,0,0,0,0,0,0,0,0,0,0,0,0,0,275,0,0,0,11047,0,0,0,254,0,0,0,68091,0,269,0,176,402486,80090,24002,707,11909,0,37007,523,429,0,368,946,0,122,169,0,41212,16838,430,0,316,211,0,2108,162322,34618,166,0,21619,25939,208755,76405,158157,15807,26308,2538,581,797,209,365,385,11673,212,488,21370,3559,1977,147,336,200,199,14720,4547,7840,6206,2232,365,216,132,2750,127,331,323,0,0,0,0,0,0,0,0,0,0,0,0,0,0,0,0,0,0,0,0,0,0,0,0,0,0,0,0,0,0
2024-07-04,US,1570287,0,0,0,0,0,0,0,0,0,0,0,0,0,0,0,0,286,0,0,0,11232,0,0,0,259,0,0,0,73064,0,278,0,183,418836,79896,23193,738,12246,0,38126,544,427,0,365,971,0,127,171,0,43240,16983,448,0,324,199,0,2216,170986,35917,168,0,22320,26890,220189,78543,162111,15889,28017,2659,601,670,198,377,398,12367,221,508,21833,3216,1853,147,348,205,205,14767,4323,7859,6040,2004,309,222,138,2643,131,335,331,0,0,0,0,0,0,0,0,0,0,0,0,0,0,0,0,0,0,0,0,0,0,0,0,0,0,0,0,0,0
2024-07-05,US,1630913,0,0,0,0,0,0,0,0,0,0,0,0,0,0,0,0,299,0,0,0,11439,0,0,0,264,0,0,0,78465,0,288,0,191,436705,79739,22337,772,12617,0,39355,566,425,0,361,998,0,132,172,0,45450,17149,468,0,334,186,0,2334,180423,37339,170,0,23089,27932,232640,80895,166470,15987,29875,2790,623,534,187,391,413,13122,230,528,22345,2849,1720,148,362,212,211,14827,4084,7885,5865,1759,249,228,143,2529,135,340,339,0,0,0,0,0,0,0,0,0,0,0,0,0,0,0,0,0,0,0,0,0,0,0,0,0,0,0,0,0,0
2024-07-06,US,1686940,0,0,0,0,0,0,0,0,0,0,0,0,0,0,0,0,310,0,0,0,11590,0,0,0,268,0,0,0,83783,0,297,735,198,453215,79080,21280,804,12938,0,40434,586,421,0,354,1021,0,136,173,0,47544,17223,486,0,343,171,0,2446,189450,38636,171,194,23773,28879,244582,82924,170130,15995,31687,2914,642,384,173,403,426,13852,239,548,22759,2438,1567,149,374,217,216,14801,3802,7864,5641,1486,183,234,149,2391,139,343,347,0,0,0,0,0,0,0,0,0,0,0,0,0,0,0,0,0,0,0,0,0,0,0,0,0,0,0,0,0,0
2024-07-07,US,1750225,0,0,0,0,0,0,0,0,0,0,0,0,0,0,0,0,323,0,0,0,12071,0,0,0,272,0,0,0,93796,0,372,894,206,467382,80930,21619,822,13146,0,41506,610,426,0,364,1049,0,142,183,0,49652,17450,507,0,348,181,0,2588,199050,39418,181,301,24492,29804,254177,85199,174897,16407,33146,3189,665,394,183,418,441,14419,249,570,23237,2448,1596,153,389,224,223,15016,3849,7957,5726,1492,192,240,153,2401,144,348,0,0,0,0,0,0,0,0,0,0,0,0,0,0,0,0,0,0,0,0,0,0,0,0,0,0,0,0,0,0,0
2024-07-08,US,1804989,0,0,0,0,0,0,0,0,0,0,0,0,0,0,0,0,335,0,0,0,12494,0,0,0,275,0,0,0,103797,0,449,1057,213,478982,82293,21818,834,13268,0,42336,630,428,0,371,1071,0,146,193,0,51530,17559,525,0,352,189,0,2721,207808,39954,190,413,25076,30567,262508,86984,178666,16724,34454,3459,684,401,192,430,454,14917,258,589,23573,2441,1614,157,401,229,228,15132,3870,7996,5775,1487,200,246,157,2394,148,350,0,0,0,0,0,0,0,0,0,0,0,0,0,0,0,0,0,0,0,0,0,0,0,0,0,0,0,0,0,0,0
2024-07-09,US,1842932,0,0,0,0,0,0,0,0,0,0,0,0,0,0,0,0,343,0,0,0,12802,0,0,0,276,0,0,0,113193,0,526,1216,219,485964,82828,21788,839,13253,0,42748,645,425,0,375,1082,0,149,200,0,52944,17483,539,0,351,196,0,2831,214759,40082,197,527,25417,31036,268413,87914,180682,16874,35456,3705,696,404,199,438,463,15277,264,603,23668,2406,1616,159,410,232,231,15089,3849,7950,5762,1465,206,249,159,2360,150,349,0,0,0,0,0,0,0,0,0,0,0,0,0,0,0,0,0,0,0,0,0,0,0,0,0,0,0,0,0,0,0
2024-07-10,US,1866459,0,0,0,0,0,0,0,0,0,0,0,0,0,0,0,0,349,0,0,0,13012,0,0,0,273,0,0,0,121945,0,600,1371,222,489041,82676,21572,836,13123,0,42810,654,419,0,375,1084,0,152,206,0,53955,17255,549,0,348,202,0,2920,220117,39873,203,640,25552,31256,272231,88126,181226,16885,36189,3928,704,404,205,442,468,15520,269,612,23565,2350,1605,161,416,233,232,14915,3795,7834,5701,1430,211,249,161,2305,151,345,0,0,0,0,0,0,0,0,0,0,0,0,0,0,0,0,0,0,0,0,0,0,0,0,0,0,0,0,0,0,0
2024-07-11,US,1898430,0,0,0,0,0,0,0,0,0,0,0,0,0,0,0,0,357,0,0,0,13282,0,0,0,272,0,0,0,131467,0,680,1537,227,494237,82862,21439,836,13044,0,43051,667,414,0,377,1091,0,154,214,0,55220,17092,561,0,345,208,0,3024,226548,39822,210,759,25798,31613,277292,88710,182538,16967,37095,4174,714,405,211,449,475,15834,274,624,23557,2302,1599,162,423,235,234,14798,3755,7747,5661,1400,217,251,162,2258,153,342,0,0,0,0,0,0,0,0,0,0,0,0,0,0,0,0,0,0,0,0,0,0,0,0,0,0,0,0,0,0,0
2024-07-12,US,1910922,0,0,0,0,0,0,0,0,0,0,0,0,0,0,0,0,361,0,0,0,13417,0,0,0,268,0,0,0,139813,0,754,1689,229,494287,82169,21074,828,12824,0,42839,673,405,0,376,1087,0,156,219,0,55927,16742,567,0,340,213,0,3099,230717,39346,215,873,25774,31641,279518,88362,181935,16870,37626,4381,717,402,216,451,477,15987,277,630,23297,2228,1577,162,426,235,234,14521,3674,7576,5559,1355,221,251,162,2186,154,335,0,0,0,0,0,0,0,0,0,0,0,0,0,0,0,0,0,0,0,0,0,0,0,0,0,0,0,0,0,0,0
2024-07-13,US,1946245,0,0,0,0,0,0,0,0,0,0,0,0,0,0,0,0,369,0,0,0,13714,0,0,0,267,0,0,0,150017,0,838,1866,234,500164,82427,20948,829,12750,0,43126,687,400,0,378,1095,0,159,227,0,57310,16581,580,0,338,220,0,3212,237710,39321,222,1000,26053,32043,285093,89046,183461,16969,38614,4645,728,404,224,458,485,16332,283,643,23305,2178,1572,164,434,237,236,14408,3634,7490,5521,1324,227,253,164,2138,156,333,0,0,0,0,0,0,0,0,0,0,0,0,0,0,0,0,0,0,0,0,0,0,0,0,0,0,0,0,0,0,0
2024-07-14,US,2003463,0,0,0,0,0,0,0,0,0,0,0,0,0,0,0,0,381,0,0,0,14166,0,0,0,269,0,0,0,162272,0,936,2071,242,511511,83552,21033,839,12804,0,43874,708,399,0,385,1115,0,164,237,0,59355,16584,600,0,339,229,0,3363,247506,39703,232,1143,26617,32796,293895,90687,186963,17249,40051,4970,748,410,234,470,498,16863,293,663,23556,2149,1583,168,448,242,241,14439,3630,7477,5538,1306,236,258,168,2109,160,333,0,0,0,0,0,0,0,0,0,0,0,0,0,0,0,0,0,0,0,0,0,0,0,0,0,0,0,0,0,0,0
2024-07-15,US,2055015,0,0,0,0,0,0,0,0,0,0,0,0,0,0,0,0,393,0,0,0,14582,0,0,0,270,0,0,0,174494,0,1035,2277,249,521230,84370,21030,846,12805,0,44470,728,397,0,390,1131,0,168,248,0,61251,16514,619,0,339,238,0,3509,256755,39931,242,1290,27093,33447,301888,92018,189834,17469,41391,5292,765,415,243,481,510,17350,301,682,23716,2109,1589,171,459,247,246,14407,3610,7430,5531,1280,244,262,171,2070,163,332,0,0,0,0,0,0,0,0,0,0,0,0,0,0,0,0,0,0,0,0,0,0,0,0,0,0,0,0,0,0,0
2024-07-16,US,2101561,0,0,0,0,0,0,0,0,0,0,0,0,0,0,0,0,404,0,0,0,14965,0,0,0,269,0,0,0,186675,0,1135,2486,255,529515,84919,20949,849,12759,0,44932,746,393,0,394,1143,0,172,257,0,63016,16380,636,0,338,247,0,3648,265517,40023,251,1439,27494,34006,309167,93077,192149,17635,42644,5609,780,418,253,491,520,17796,309,699,23797,2059,1588,174,470,250,249,14321,3576,7354,5504,1249,252,265,174,2021,166,330,0,0,0,0,0,0,0,0,0,0,0,0,0,0,0,0,0,0,0,0,0,0,0,0,0,0,0,0,0,0,0
2024-07-17,US,2154290,0,0,0,0,0,0,0,0,0,0,0,0,0,0,0,0,415,0,0,0,15394,0,0,0,269,0,0,0,199794,0,1241,2709,263,539191,85654,20904,855,12734,0,45501,766,389,0,399,1159,0,177,268,0,64984,16270,655,0,337,257,0,3801,275199,40195,261,1597,27966,34657,317376,94362,194936,17842,44038,5953,798,422,263,502,532,18298,318,718,23926,2010,1591,178,482,254,253,14258,3546,7288,5486,1219,261,269,178,1974,170,328,0,0,0,0,0,0,0,0,0,0,0,0,0,0,0,0,0,0,0,0,0,0,0,0,0,0,0,0,0,0,0
2024-07-18,US,2188246,0,0,0,0,0,0,0,0,0,0,0,0,0,0,0,0,424,0,0,0,15691,0,0,0,267,0,0,0,211511,0,1341,2915,268,544023,85586,20654,853,12585,0,45651,780,381,0,401,1164,0,180,276,0,66401,15997,668,0,333,264,0,3924,282604,39983,269,1747,28185,34997,322837,94782,195943,17884,45062,6253,809,422,271,509,539,18642,324,731,23828,1940,1578,179,490,256,255,14054,3481,7149,5413,1175,268,271,179,1905,172,323,0,0,0,0,0,0,0,0,0,0,0,0,0,0,0,0,0,0,0,0,0,0,0,0,0,0,0,0,0,0,0
2024-07-19,US,2248047,0,0,0,0,0,0,0,0,0,0,0,0,0,0,0,0,437,0,0,0,16175,0,0,0,268,0,0,0,226094,0,1459,3163,276,555123,86468,20623,860,12569,0,46315,803,377,0,407,1182,0,185,288,0,68620,15891,690,0,332,275,0,4095,293478,40207,280,1923,28728,35742,332132,96275,199175,18127,46631,6635,829,427,282,522,553,19209,335,753,23991,1888,1582,183,504,261,260,13997,3452,7083,5398,1143,278,276,183,1855,176,322,0,0,0,0,0,0,0,0,0,0,0,0,0,0,0,0,0,0,0,0,0,0,0,0,0,0,0,0,0,0,0
2024-07-20,US,2295825,0,0,0,0,0,0,0,0,0,0,0,0,0,0,0,0,448,0,0,0,16576,0,0,0,266,0,0,0,239890,0,1573,3402,283,563074,86817,20453,861,12468,0,46704,822,371,0,410,1193,0,189,299,0,70491,15673,708,0,330,285,0,4248,302934,40174,290,2095,29106,36285,339672,97202,201240,18262,47968,6992,844,430,292,532,564,19676,343,771,24003,1821,1576,186,515,264,263,13844,3398,6966,5346,1102,286,279,186,1789,179,318,0,0,0,0,0,0,0,0,0,0,0,0,0,0,0,0,0,0,0,0,0,0,0,0,0,0,0,0,0,0,0
2024-07-21,US,2288806,0,0,0,0,0,0,0,0,0,0,0,0,0,0,0,0,449,0,0,0,16583,0,0,0,258,0,0,0,248119,0,1652,3562,283,557517,85068,19784,842,12064,0,45967,821,356,0,404,1175,0,189,303,0,70686,15072,709,0,319,288,0,4301,305217,39167,294,2219,28785,35958,339114,95788,198464,17956,48166,7186,839,422,295,529,561,19674,343,770,23433,1709,1531,184,514,261,260,13353,3261,6678,5164,1033,288,275,184,1679,177,306,0,0,0,0,0,0,0,0,0,0,0,0,0,0,0,0,0,0,0,0,0,0,0,0,0,0,0,0,0,0,0
2024-07-22,US,2274024,0,0,0,0,0,0,0,0,0,0,0,0,0,0,0,0,448,0,0,0,16532,0,0,0,250,0,0,0,255422,0,1724,3709,282,550106,83045,19053,820,11622,0,45081,817,339,0,396,1153,0,188,305,0,70638,14425,707,0,307,289,0,4338,306433,38035,296,2334,28369,35512,337401,94060,195034,17591,48197,7354,832,412,297,524,556,19605,342,767,22787,1592,1482,181,511,257,256,12820,3114,6371,4966,961,289,270,181,1565,176,294,0,0,0,0,0,0,0,0,0,0,0,0,0,0,0,0,0,0,0,0,0,0,0,0,0,0,0,0,0,0,0
2024-07-23,US,2259071,0,0,0,0,0,0,0,0,0,0,0,0,0,0,0,0,447,0,0,0,16480,0,0,0,241,0,0,0,262589,0,1795,3854,281,542703,81035,18330,798,11184,0,44198,813,323,0,388,1132,0,187,308,0,70579,13784,706,0,295,291,0,4374,307586,36912,298,2447,27954,35066,335656,92340,191619,17229,48220,7518,824,403,299,519,551,19533,341,764,22147,1476,1433,179,508,253,252,12293,2969,6066,4769,890,290,266,179,1452,174,281,0,0,0,0,0,0,0,0,0,0,0,0,0,0,0,0,0,0,0,0,0,0,0,0,0,0,0,0,0,0,0
2024-07-24,US,2247009,0,0,0,0,0,0,0,0,0,0,0,0,0,0,0,0,446,0,0,0,16447,0,0,0,233,0,0,0,269987,0,1867,4001,281,536039,79146,17636,778,10765,0,43379,811,307,0,381,1112,0,186,310,0,70606,13167,706,0,284,293,0,4415,309094,35846,300,2562,27577,34667,334335,90750,188474,16891,48300,7690,818,394,302,515,547,19487,340,762,21541,1364,1386,177,506,250,249,11787,2829,5772,4581,821,291,262,177,1342,172,269,0,0,0,0,0,0,0,0,0,0,0,0,0,0,0,0,0,0,0,0,0,0,0,0,0,0,0,0,0,0,0
2024-07-25,US,2238104,0,0,0,0,0,0,0,0,0,0,0,0,0,0,0,0,446,0,0,0,16438,0,0,0,225,0,0,0,277682,0,1941,4152,280,530164,77381,16973,758,10364,0,42627,809,291,0,375,1094,0,185,314,0,70728,12573,706,0,274,296,0,4461,311006,34839,303,2679,27241,34319,333480,89299,185613,16580,48446,7870,812,386,304,512,544,19466,340,761,20970,1254,1342,175,504,247,246,11301,2694,5489,4400,753,292,258,175,1234,171,258,0,0,0,0,0,0,0,0,0,0,0,0,0,0,0,0,0,0,0,0,0,0,0,0,0,0,0,0,0,0,0
2024-07-26,US,2231811,0,0,0,0,0,0,0,0,0,0,0,0,0,0,0,0,447,0,0,0,16447,0,0,0,218,0,0,0,285642,0,2017,4307,280,524933,75717,16334,740,9978,0,41928,809,277,0,369,1077,0,185,317,0,70931,11998,707,0,263,298,0,4513,313261,33879,306,2799,26939,34012,333011,87959,182984,16289,48645,8058,808,379,307,510,541,19469,341,760,20426,1147,1300,173,503,244,243,10831,2563,5214,4226,687,294,254,173,1129,169,247,0,0,0,0,0,0,0,0,0,0,0,0,0,0,0,0,0,0,0,0,0,0,0,0,0,0,0,0,0,0,0
2024-07-27,US,2238350,0,0,0,0,0,0,0,0,0,0,0,0,0,0,0,0,450,0,0,0,16551,0,0,0,212,0,0,0,295246,0,2104,4487,282,522720,74488,15789,726,9649,0,41470,813,263,0,365,1066,0,186,322,0,71540,11492,712,0,254,303,0,4590,317317,33113,311,2935,26791,33901,334456,87125,181406,16092,49125,8292,808,373,312,510,542,19583,343,764,20000,1046,1265,173,505,242,241,10424,2447,4969,4076,625,298,252,173,1030,169,237,0,0,0,0,0,0,0,0,0,0,0,0,0,0,0,0,0,0,0,0,0,0,0,0,0,0,0,0,0,0,0
2024-07-28,US,2286106,0,0,0,0,0,0,0,0,0,0,0,0,0,0,0,0,461,0,0,0,16961,0,0,0,209,0,0,0,310499,0,2232,4754,289,530040,74595,15520,725,9489,0,41762,832,255,0,367,1075,0,190,334,0,73478,11184,731,0,250,313,0,4753,327293,32936,322,3128,27131,34409,342071,87868,183117,16186,50517,8684,823,375,323,519,552,20059,351,782,19930,962,1252,175,516,245,244,10198,2372,4809,3997,573,307,255,175,948,172,232,0,0,0,0,0,0,0,0,0,0,0,0,0,0,0,0,0,0,0,0,0,0,0,0,0,0,0,0,0,0,0
2024-07-29,US,2337846,0,0,0,0,0,0,0,0,0,0,0,0,0,0,0,0,474,0,0,0,17403,0,0,0,207,0,0,0,326683,0,2368,5036,297,538118,74768,15252,724,9329,0,42100,852,246,0,370,1085,0,195,346,0,75561,10872,751,0,246,324,0,4928,337979,32777,333,3331,27508,34967,350304,88716,185053,16297,52012,9101,840,376,334,530,564,20572,361,802,19874,875,1240,178,528,248,247,9970,2297,4646,3918,519,316,258,178,863,175,226,0,0,0,0,0,0,0,0,0,0,0,0,0,0,0,0,0,0,0,0,0,0,0,0,0,0,0,0,0,0,0
2024-07-30,US,2386018,0,0,0,0,0,0,0,0,0,0,0,0,0,0,0,0,485,0,0,0,17821,0,0,0,204,0,0,0,342760,0,2503,5318,304,545207,74762,14934,722,9140,0,42349,871,236,0,373,1093,0,199,358,0,77546,10519,770,0,241,334,0,5097,348288,32530,344,3536,27834,35463,358023,89380,186613,16372,53443,9513,855,377,345,540,574,21057,369,820,19765,781,1224,181,540,251,250,9707,2212,4464,3825,461,326,260,181,772,178,220,0,0,0,0,0,0,0,0,0,0,0,0,0,0,0,0,0,0,0,0,0,0,0,0,0,0,0,0,0,0,0
2024-07-31,US,2409867,0,0,0,0,0,0,0,0,0,0,0,0,0,0,0,0,492,0,0,0,18059,0,0,0,199,0,0,0,355625,0,2616,5551,308,546617,73946,14444,712,8845,0,42147,882,223,0,371,1089,0,201,366,0,78754,10041,781,0,233,341,0,5217,355149,31924,352,3709,27868,35591,362107,89098,186202,16272,54339,9835,861,374,353,544,579,21329,374,830,19439,677,1194,181,546,251,250,9332,2101,4228,3689,396,332,260,181,670,179,211,0,0,0,0,0,0,0,0,0,0,0,0,0,0,0,0,0,0,0,0,0,0,0,0,0,0,0,0,0,0,0
2024-08-01,US,2411303,0,0,0,0,0,0,0,0,0,0,0,0,0,0,0,0,494,0,0,0,18130,0,0,0,191,0,0,0,365282,0,2705,5735,309,542901,72427,13814,695,8464,0,41546,884,208,0,366,1075,0,202,371,0,79234,9464,785,0,223,345,0,5289,358742,31011,357,3848,27640,35385,362829,87974,184036,16018,54735,10068,860,367,357,543,578,21403,376,833,18927,565,1153,180,546,249,248,8864,1969,3950,3516,328,335,257,180,560,178,200,0,0,0,0,0,0,0,0,0,0,0,0,0,0,0,0,0,0,0,0,0,0,0,0,0,0,0,0,0,0,0
2024-08-02,US,2392723,0,0,0,0,0,0,0,0,0,0,0,0,0,0,0,0,492,0,0,0,18050,0,0,0,183,0,0,0,371840,0,2772,5869,308,534707,70318,13073,672,8016,0,40605,879,191,0,358,1052,0,200,373,0,79054,8812,782,0,211,347,0,5317,359333,29847,358,3955,27185,34887,360535,86129,180357,15633,54673,10216,851,357,359,537,572,21300,374,828,18262,449,1103,177,543,245,244,8326,1821,3641,3315,256,335,252,177,447,176,187,0,0,0,0,0,0,0,0,0,0,0,0,0,0,0,0,0,0,0,0,0,0,0,0,0,0,0,0,0,0,0
2024-08-03,US,2387016,0,0,0,0,0,0,0,0,0,0,0,0,0,0,0,0,493,0,0,0,18066,0,0,0,175,0,0,0,380303,0,2852,6034,308,529431,68603,12410,653,7615,0,39889,879,176,0,351,1034,0,200,377,0,79294,8213,784,0,200,350,0,5373,361823,28853,361,4081,26878,34579,360176,84759,177673,15335,54902,10416,846,350,362,535,569,21310,375,828,17700,337,1059,176,542,242,241,7838,1685,3355,3134,187,337,249,176,337,175,176,0,0,0,0,0,0,0,0,0,0,0,0,0,0,0,0,0,0,0,0,0,0,0,0,0,0,0,0,0,0,0
2024-08-04,US,2369308,0,0,0,0,0,0,0,0,0,0,0,0,0,0,0,0,529,0,0,0,17991,0,0,0,188,0,0,0,390285,0,3555,6250,307,520175,67226,12113,631,7507,0,39288,874,180,0,343,1013,0,272,379,0,78525,8087,782,0,203,341,0,5572,358097,28264,363,4163,26447,34044,355766,83280,175044,15232,54467,10585,838,341,353,529,564,20962,373,824,17314,329,1033,176,538,238,237,7648,1630,3241,3012,185,328,244,0,0,0,0,0,0,0,0,0,0,0,0,0,0,0,0,0,0,0,0,0,0,0,0,0,0,0,0,0,0,0,0,0,0,0
2024-08-05,US,2346862,0,0,0,0,0,0,0,0,0,0,0,0,0,0,0,0,562,0,0,0,17873,0,0,0,201,0,0,0,399135,0,4237,6448,305,509780,65706,11792,608,7382,0,38600,868,185,0,333,988,0,343,380,0,77574,7943,778,0,206,331,0,5754,353544,27615,364,4233,25958,33433,350546,81620,172025,15093,53904,10725,828,331,342,523,558,20568,371,818,16891,319,1004,177,534,233,233,7443,1573,3121,2884,183,319,239,0,0,0,0,0,0,0,0,0,0,0,0,0,0,0,0,0,0,0,0,0,0,0,0,0,0,0,0,0,0,0,0,0,0,0
2024-08-06,US,2322065,0,0,0,0,0,0,0,0,0,0,0,0,0,0,0,0,595,0,0,0,17735,0,0,0,214,0,0,0,407332,0,4901,6634,303,498985,64137,11462,585,7251,0,37880,860,189,0,324,964,0,412,380,0,76549,7793,773,0,208,321,0,5926,348660,26946,364,4296,25448,32795,345012,79895,168860,14939,53288,10850,817,321,332,516,551,20157,368,811,16457,310,975,177,528,228,228,7233,1514,2999,2755,180,310,233,0,0,0,0,0,0,0,0,0,0,0,0,0,0,0,0,0,0,0,0,0,0,0,0,0,0,0,0,0,0,0,0,0,0,0
2024-08-07,US,2293517,0,0,0,0,0,0,0,0,0,0,0,0,0,0,0,0,625,0,0,0,17568,0,0,0,226,0,0,0,414586,0,5541,6803,300,487509,62485,11119,561,7109,0,37105,851,192,0,314,938,0,478,380,0,75405,7631,766,0,210,311,0,6083,343239,26242,364,4350,24901,32110,338963,78061,165454,14760,52588,10951,805,311,321,509,543,19718,365,803,16001,300,945,176,522,223,223,7014,1455,2875,2624,177,300,228,0,0,0,0,0,0,0,0,0,0,0,0,0,0,0,0,0,0,0,0,0,0,0,0,0,0,0,0,0,0,0,0,0,0,0
2024-08-08,US,2261198,0,0,0,0,0,0,0,0,0,0,0,0,0,0,0,0,653,0,0,0,17371,0,0,0,237,0,0,0,420833,0,6153,6955,296,475372,60753,10763,536,6957,0,36278,841,195,0,304,911,0,542,379,0,74143,7459,759,0,212,300,0,6224,337283,25505,363,4394,24320,31380,332404,76121,161811,14557,51801,11028,792,300,310,500,534,19252,361,794,15527,290,914,175,515,218,217,6787,1394,2748,2491,174,290,222,0,0,0,0,0,0,0,0,0,0,0,0,0,0,0,0,0,0,0,0,0,0,0,0,0,0,0,0,0,0,0,0,0,0,0
2024-08-09,US,2228196,0,0,0,0,0,0,0,0,0,0,0,0,0,0,0,0,680,0,0,0,17167,0,0,0,247,0,0,0,426604,0,6743,7097,293,463244,59027,10410,512,6805,0,35448,830,198,0,294,884,0,603,378,0,72864,7286,751,0,213,290,0,6356,331258,24771,361,4433,23739,30648,325797,74183,158157,14349,51001,11095,778,290,299,492,525,18785,357,784,15054,281,883,175,508,213,212,6562,1333,2623,2361,171,280,216,0,0,0,0,0,0,0,0,0,0,0,0,0,0,0,0,0,0,0,0,0,0,0,0,0,0,0,0,0,0,0,0,0,0,0
2024-08-10,US,2227578,0,0,0,0,0,0,0,0,0,0,0,0,0,0,0,0,717,0,0,0,17211,0,0,0,261,0,0,0,438395,0,7421,7339,294,457927,58172,10211,496,6752,0,35138,832,204,0,288,870,0,672,382,0,72647,7220,754,0,217,283,0,6577,330065,24402,365,4535,23505,30366,323951,73335,156821,14350,50942,11320,776,283,292,490,524,18594,358,786,14805,275,865,176,508,210,210,6434,1293,2537,2266,170,275,213,0,0,0,0,0,0,0,0,0,0,0,0,0,0,0,0,0,0,0,0,0,0,0,0,0,0,0,0,0,0,0,0,0,0,0
2024-08-11,US,2276251,0,0,0,0,0,0,0,0,0,0,0,0,0,0,0,0,770,0,0,0,17638,0,0,0,281,0,0,0,460144,0,8278,7748,301,462631,58586,10233,490,6847,0,35599,852,214,0,288,875,0,758,395,0,74033,7312,774,0,227,283,0,6949,336151,24565,377,4740,23787,30750,329235,74092,158927,14669,52010,11801,790,283,292,500,534,18811,367,805,14877,275,866,182,520,213,212,6445,1280,2505,2219,173,275,215,0,0,0,0,0,0,0,0,0,0,0,0,0,0,0,0,0,0,0,0,0,0,0,0,0,0,0,0,0,0,0,0,0,0,0
2024-08-12,US,2282645,0,0,0,0,0,0,0,0,0,0,0,0,0,0,0,0,810,0,0,0,17738,0,0,0,296,0,0,0,473640,0,8998,8020,303,458613,57891,10061,475,6814,0,35392,856,220,0,283,863,0,831,401,0,74040,7267,779,0,232,278,0,7197,335966,24263,382,4860,23622,30556,328361,73452,158050,14715,52111,12068,790,278,286,500,535,18673,370,809,14667,270,850,184,522,211,211,6334,1243,2425,2129,173,270,213,0,0,0,0,0,0,0,0,0,0,0,0,0,0,0,0,0,0,0,0,0,0,0,0,0,0,0,0,0,0,0,0,0,0,0
2024-08-13,US,2237202,0,0,0,0,0,0,0,0,0,0,0,0,0,0,0,0,830,0,0,0,17435,0,0,0,305,0,0,0,476173,0,9501,8105,298,444272,55896,9663,449,6627,0,34386,840,222,0,272,832,0,884,397,0,72368,7058,767,0,231,266,0,7278,328171,23417,379,4867,22924,29673,320061,71159,153606,14427,51029,12056,773,266,274,489,523,18115,363,794,14128,259,816,183,512,205,204,6081,1178,2292,1992,168,259,206,0,0,0,0,0,0,0,0,0,0,0,0,0,0,0,0,0,0,0,0,0,0,0,0,0,0,0,0,0,0,0,0,0,0,0
2024-08-14,US,2213772,0,0,0,0,0,0,0,0,0,0,0,0,0,0,0,0,858,0,0,0,17301,0,0,0,315,0,0,0,483022,0,10077,8262,296,434462,54477,9367,429,6507,0,33728,833,225,0,263,810,0,944,397,0,71415,6920,762,0,233,257,0,7424,323639,22812,379,4919,22459,29091,314964,69591,150713,14281,50450,12157,763,257,264,483,516,17741,361,788,13736,250,790,182,507,200,200,5892,1126,2183,1877,166,250,201,0,0,0,0,0,0,0,0,0,0,0,0,0,0,0,0,0,0,0,0,0,0,0,0,0,0,0,0,0,0,0,0,0,0,0
2024-08-15,US,2209482,0,0,0,0,0,0,0,0,0,0,0,0,0,0,0,0,893,0,0,0,17317,0,0,0,329,0,0,0,493899,0,10732,8488,296,428474,53540,9154,412,6444,0,33365,833,230,0,257,795,0,1011,401,0,71081,6843,764,0,237,251,0,7630,321919,22408,382,5012,22190,28763,312612,68636,149139,14258,50308,12359,759,251,257,480,514,17523,361,788,13466,244,771,184,506,198,197,5755,1084,2095,1780,165,244,198,0,0,0,0,0,0,0,0,0,0,0,0,0,0,0,0,0,0,0,0,0,0,0,0,0,0,0,0,0,0,0,0,0,0,0
2024-08-16,US,2212113,0,0,0,0,0,0,0,0,0,0,0,0,0,0,0,0,930,0,0,0,17387,0,0,0,343,0,0,0,506314,0,11420,8740,297,423831,52770,8970,396,6401,0,33107,836,236,0,252,782,0,1081,406,0,70970,6788,768,0,242,245,0,7861,321208,22076,386,5121,21992,28525,311241,67896,148034,14280,50324,12601,758,245,251,480,514,17359,363,791,13238,239,754,186,507,196,195,5637,1046,2013,1688,164,239,195,0,0,0,0,0,0,0,0,0,0,0,0,0,0,0,0,0,0,0,0,0,0,0,0,0,0,0,0,0,0,0,0,0,0,0
2024-08-17,US,2150665,0,0,0,0,0,0,0,0,0,0,0,0,0,0,0,0,940,0,0,0,16951,0,0,0,347,0,0,0,503749,0,11759,8733,290,407048,50495,8531,370,6174,0,31898,814,235,0,239,747,0,1118,399,0,68809,6538,749,0,239,232,0,7858,311221,21113,379,5079,21162,27469,300900,65211,142674,13888,48883,12471,735,232,238,465,498,16698,354,770,12633,227,716,182,493,188,188,5358,978,1875,1550,159,226,187,0,0,0,0,0,0,0,0,0,0,0,0,0,0,0,0,0,0,0,0,0,0,0,0,0,0,0,0,0,0,0,0,0,0,0
2024-08-18,US,2037604,0,0,0,0,0,0,0,0,0,0,0,0,0,0,0,0,924,0,0,0,16105,0,0,0,342,0,0,0,488161,0,11763,8497,276,380903,47073,7903,335,5803,0,29946,773,228,0,222,695,0,1123,382,0,65012,6135,713,0,231,214,0,7649,293852,19672,363,4907,19842,25775,283476,61026,133992,13162,46273,12024,694,214,219,440,471,15650,337,731,11745,210,662,174,468,176,176,4961,890,1698,1383,150,209,175,0,0,0,0,0,0,0,0,0,0,0,0,0,0,0,0,0,0,0,0,0,0,0,0,0,0,0,0,0,0,0,0,0,0,0
2024-08-19,US,1972378,0,0,0,0,0,0,0,0,0,0,0,0,0,0,0,0,927,0,0,0,15634,0,0,0,343,0,0,0,483080,0,11988,8441,268,364116,44823,7476,310,5572,0,28722,749,226,0,209,661,0,1148,373,0,62756,5882,693,0,227,202,0,7602,283470,18722,355,4841,19006,24707,272847,58340,128558,12745,44752,11841,670,202,206,425,455,14985,327,710,11151,198,625,170,453,169,168,4691,826,1569,1255,145,198,167,0,0,0,0,0,0,0,0,0,0,0,0,0,0,0,0,0,0,0,0,0,0,0,0,0,0,0,0,0,0,0,0,0,0,0
2024-08-20,US,1958845,0,0,0,0,0,0,0,0,0,0,0,0,0,0,0,0,953,0,0,0,15570,0,0,0,353,0,0,0,490239,0,12504,8597,267,357055,43778,7252,294,5489,0,28261,746,229,0,203,644,0,1201,375,0,62153,5786,691,0,230,195,0,7746,280556,18275,356,4899,18676,24297,269431,57212,126540,12662,44406,11960,664,195,199,421,451,14719,326,706,10859,192,606,171,450,166,165,4547,785,1483,1163,143,191,163,0,0,0,0,0,0,0,0,0,0,0,0,0,0,0,0,0,0,0,0,0,0,0,0,0,0,0,0,0,0,0,0,0,0,0
2024-08-21,US,1948236,0,0,0,0,0,0,0,0,0,0,0,0,0,0,0,0,979,0,0,0,15529,0,0,0,363,0,0,0,498001,0,13031,8764,266,350582,42807,7041,278,5415,0,27846,743,233,0,197,629,0,1256,376,0,61644,5698,690,0,232,189,0,7899,278073,17859,357,4963,18377,23927,266436,56179,124725,12598,44127,12095,658,189,192,417,447,14477,325,704,10585,186,587,171,448,163,163,4412,746,1401,1075,142,185,160,0,0,0,0,0,0,0,0,0,0,0,0,0,0,0,0,0,0,0,0,0,0,0,0,0,0,0,0,0,0,0,0,0,0,0
2024-08-22,US,1940452,0,0,0,0,0,0,0,0,0,0,0,0,0,0,0,0,1007,0,0,0,15510,0,0,0,374,0,0,0,506386,0,13571,8941,266,344662,41906,6842,263,5349,0,27473,742,237,0,191,614,0,1311,379,0,61226,5620,690,0,235,183,0,8062,276002,17472,359,5034,18106,23593,263842,55234,123101,12552,43912,12245,654,183,186,414,445,14257,325,703,10329,180,569,172,447,160,160,4285,708,1321,988,140,179,157,0,0,0,0,0,0,0,0,0,0,0,0,0,0,0,0,0,0,0,0,0,0,0,0,0,0,0,0,0,0,0,0,0,0,0
2024-08-23,US,1948874,0,0,0,0,0,0,0,0,0,0,0,0,0,0,0,0,1044,0,0,0,15620,0,0,0,388,0,0,0,519004,0,14225,9193,268,341618,41353,6700,250,5327,0,27330,746,243,0,187,605,0,1377,384,0,61320,5588,696,0,240,178,0,8292,276235,17232,364,5146,17986,23456,263451,54750,122505,12610,44064,12498,655,178,181,415,446,14156,327,707,10159,176,556,175,449,159,159,4193,676,1252,910,140,175,155,0,0,0,0,0,0,0,0,0,0,0,0,0,0,0,0,0,0,0,0,0,0,0,0,0,0,0,0,0,0,0,0,0,0,0
2024-08-24,US,1970043,0,0,0,0,0,0,0,0,0,0,0,0,0,0,0,0,1088,0,0,0,15834,0,0,0,405,0,0,0,535176,0,14980,9509,271,340739,41061,6599,238,5340,0,27361,756,251,0,184,599,0,1454,392,0,61812,5592,706,0,246,175,0,8580,278261,17099,372,5294,17981,23469,264760,54612,122692,12752,44503,12835,660,175,177,419,450,14146,332,717,10052,173,547,178,454,159,159,4127,648,1191,837,141,172,154,0,0,0,0,0,0,0,0,0,0,0,0,0,0,0,0,0,0,0,0,0,0,0,0,0,0,0,0,0,0,0,0,0,0,0
2024-08-25,US,1987125,0,0,0,0,0,0,0,0,0,0,0,0,0,0,0,0,1130,0,0,0,16015,0,0,0,421,0,0,0,550441,0,15717,9809,275,339065,40668,6481,226,5341,0,27331,764,258,0,180,592,0,1528,399,0,62172,5584,715,0,252,171,0,8853,279691,16924,379,5432,17935,23428,265489,54348,122604,12867,44849,13150,664,171,173,421,452,14103,336,724,9920,169,536,181,459,158,158,4050,618,1125,760,142,168,153,0,0,0,0,0,0,0,0,0,0,0,0,0,0,0,0,0,0,0,0,0,0,0,0,0,0,0,0,0,0,0,0,0,0,0
2024-08-26,US,2010340,0,0,0,0,0,0,0,0,0,0,0,0,0,0,0,0,1176,0,0,0,16247,0,0,0,438,0,0,0,567621,0,16514,10143,279,338343,40387,6379,214,5357,0,27380,774,266,0,177,587,0,1609,408,0,62721,5591,726,0,259,167,0,9158,281964,16795,387,5589,17940,23455,267007,54236,122870,13021,45333,13510,670,167,169,425,457,14100,341,734,9814,166,526,185,464,158,158,3983,590,1062,684,143,165,153,0,0,0,0,0,0,0,0,0,0,0,0,0,0,0,0,0,0,0,0,0,0,0,0,0,0,0,0,0,0,0,0,0,0,0
2024-08-27,US,2050647,0,0,0,0,0,0,0,0,0,0,0,0,0,0,0,0,1233,0,0,0,16618,0,0,0,460,0,0,0,589966,0,17471,10571,285,340349,40424,6326,203,5418,0,27652,791,277,0,176,586,0,1705,420,0,63797,5644,744,0,268,165,0,9547,286603,16798,398,5797,18091,23673,270744,54562,124144,13287,46201,13990,681,165,166,432,465,14212,349,751,9785,164,520,190,474,159,159,3947,565,1005,610,145,163,153,0,0,0,0,0,0,0,0,0,0,0,0,0,0,0,0,0,0,0,0,0,0,0,0,0,0,0,0,0,0,0,0,0,0,0
2024-08-28,US,2099217,0,0,0,0,0,0,0,0,0,0,0,0,0,0,0,0,1297,0,0,0,17058,0,0,0,484,0,0,0,615165,0,18525,11051,293,343521,40591,6291,193,5498,0,28025,812,289,0,174,587,0,1811,434,0,65123,5718,765,0,279,163,0,9983,292353,16855,411,6032,18306,23976,275502,55074,125866,13606,47253,14537,696,163,164,441,475,14374,358,770,9785,162,516,196,486,161,161,3921,540,948,536,148,162,154,0,0,0,0,0,0,0,0,0,0,0,0,0,0,0,0,0,0,0,0,0,0,0,0,0,0,0,0,0,0,0,0,0,0,0
2024-08-29,US,2156975,0,0,0,0,0,0,0,0,0,0,0,0,0,0,0,0,1368,0,0,0,17576,0,0,0,511,0,0,0,643624,0,19693,11591,302,347947,40895,6274,182,5600,0,28505,835,302,0,174,590,0,1928,451,0,66724,5813,789,0,291,162,0,10474,299329,16968,426,6298,18590,24371,281381,55789,128078,13985,48511,15158,713,162,162,452,487,14590,369,793,9816,161,513,204,499,163,163,3907,516,892,460,151,161,156,0,0,0,0,0,0,0,0,0,0,0,0,0,0,0,0,0,0,0,0,0,0,0,0,0,0,0,0,0,0,0,0,0,0,0
2024-08-30,US,2216084,0,0,0,0,0,0,0,0,0,0,0,0,0,0,0,0,1442,0,0,0,18106,0,0,0,539,0,0,0,673111,0,20910,12151,311,352320,41182,6251,171,5702,0,28988,860,316,0,173,592,0,2050,467,0,68357,5909,814,0,303,160,0,10983,306436,17073,442,6574,18874,24767,287346,56494,130302,14373,49796,15800,730,160,160,464,499,14805,381,817,9841,160,510,211,513,166,166,3889,491,832,378,154,159,157,0,0,0,0,0,0,0,0,0,0,0,0,0,0,0,0,0,0,0,0,0,0,0,0,0,0,0,0,0,0,0,0,0,0,0
2024-08-31,US,2267229,0,0,0,0,0,0,0,0,0,0,0,0,0,0,0,0,1512,0,0,0,18566,0,0,0,565,0,0,0,700447,0,22074,12674,319,355006,41259,6192,159,5779,0,29338,881,329,0,171,592,0,2167,482,334,69702,5977,835,329,315,157,379,11459,312243,17091,456,6828,19070,25048,292056,56930,131934,14703,50876,16389,745,157,157,473,509,14950,390,837,9814,158,503,218,525,167,167,3848,461,764,291,157,157,158,0,0,0,0,0,0,0,0,0,0,0,0,0,0,0,0,0,0,0,0,0,0,0,0,0,0,0,0,0,0,0,0,0,0,0
2024-09-01,US,2284259,0,0,0,0,0,0,0,0,0,0,0,0,0,0,0,0,1696,0,0,0,19144,0,0,0,584,0,0,0,718328,0,24358,13920,322,353222,41296,6178,263,5795,0,29211,889,327,0,173,582,0,2509,490,347,69662,5916,887,327,315,160,422,12147,311637,17126,464,7079,18872,24876,290993,56384,131075,14440,50437,16385,748,160,165,475,512,14960,395,845,9669,175,509,221,530,169,169,3826,455,750,290,0,0,0,0,0,0,0,0,0,0,0,0,0,0,0,0,0,0,0,0,0,0,0,0,0,0,0,0,0,0,0,0,0,0,0,0,0,0
2024-09-02,US,2277726,0,0,0,0,0,0,0,0,0,0,0,0,0,0,0,0,1863,0,0,0,19522,0,0,0,597,0,0,0,728709,0,26395,15026,322,347699,40896,6098,366,5750,0,28775,889,321,0,173,566,0,2827,493,356,68887,5793,930,321,313,161,460,12710,307738,16981,466,7256,18474,24440,286852,55241,128829,14022,49463,16207,744,160,170,473,509,14811,395,845,9422,189,510,222,529,170,170,3763,444,727,285,0,0,0,0,0,0,0,0,0,0,0,0,0,0,0,0,0,0,0,0,0,0,0,0,0,0,0,0,0,0,0,0,0,0,0,0,0,0
2024-09-03,US,2255681,0,0,0,0,0,0,0,0,0,0,0,0,0,0,0,0,2015,0,0,0,19762,0,0,0,605,0,0,0,733971,0,28227,16014,320,339865,40222,5978,464,5666,0,28148,882,313,0,173,547,0,3121,493,363,67649,5631,966,313,308,161,495,13179,301781,16721,466,7382,17955,23842,280799,53734,125728,13514,48163,15921,734,160,175,467,503,14563,392,838,9113,203,506,222,524,169,169,3675,430,700,279,0,0,0,0,0,0,0,0,0,0,0,0,0,0,0,0,0,0,0,0,0,0,0,0,0,0,0,0,0,0,0,0,0,0,0,0,0,0
2024-09-04,US,2213941,0,0,0,0,0,0,0,0,0,0,0,0,0,0,0,0,2144,0,0,0,19817,0,0,0,608,0,0,0,732476,0,29753,16831,315,329191,39205,5807,556,5534,0,27285,867,302,0,170,523,0,3379,488,366,65837,5423,992,302,301,159,524,13517,293274,16318,461,7437,17289,23046,272388,51785,121582,12898,46466,15499,719,158,178,457,493,14190,386,824,8731,214,499,220,515,167,167,3557,413,667,271,0,0,0,0,0,0,0,0,0,0,0,0,0,0,0,0,0,0,0,0,0,0,0,0,0,0,0,0,0,0,0,0,0,0,0,0,0,0
2024-09-05,US,2151527,0,0,0,0,0,0,0,0,0,0,0,0,0,0,0,0,2246,0,0,0,19667,0,0,0,604,0,0,0,723571,0,30904,17438,307,315649,37834,5585,638,5351,0,26183,844,289,0,166,495,0,3591,479,366,63437,5169,1007,289,291,156,547,13700,282166,15767,452,7414,16476,22052,261584,49398,116387,12179,44372,14939,696,155,179,443,478,13690,376,803,8278,222,487,215,501,163,163,3408,393,629,260,0,0,0,0,0,0,0,0,0,0,0,0,0,0,0,0,0,0,0,0,0,0,0,0,0,0,0,0,0,0,0,0,0,0,0,0,0,0
2024-09-06,US,2063927,0,0,0,0,0,0,0,0,0,0,0,0,0,0,0,0,2310,0,0,0,19259,0,0,0,593,0,0,0,705377,0,31555,17766,295,298709,36039,5301,705,5107,0,24798,811,273,0,160,462,0,3739,463,360,60332,4862,1008,273,277,151,561,13684,267952,15038,437,7291,15494,20823,247936,46497,109952,11343,41814,14212,666,150,177,424,457,13037,362,772,7742,227,469,208,480,157,157,3222,368,585,246,0,0,0,0,0,0,0,0,0,0,0,0,0,0,0,0,0,0,0,0,0,0,0,0,0,0,0,0,0,0,0,0,0,0,0,0,0,0
2024-09-07,US,1954984,0,0,0,0,0,0,0,0,0,0,0,0,0,0,0,0,2336,0,0,0,18614,0,0,0,574,0,0,0,678815,0,31697,17810,280,279070,33895,4968,757,4813,0,23187,770,255,0,153,426,0,3820,443,350,56653,4514,993,255,261,144,565,13475,251228,14162,418,7076,14381,19411,232010,43200,102542,10421,38895,13350,629,143,173,400,432,12258,344,732,7145,228,446,198,455,150,150,3007,340,536,230,0,0,0,0,0,0,0,0,0,0,0,0,0,0,0,0,0,0,0,0,0,0,0,0,0,0,0,0,0,0,0,0,0,0,0,0,0,0
2024-09-08,US,1876188,0,0,0,0,0,0,0,0,0,0,0,0,0,0,0,0,2383,0,0,0,18220,0,0,0,562,0,0,0,661696,0,32155,18036,270,264106,32297,4717,811,4595,0,21962,740,240,0,147,397,0,3934,429,345,53895,4244,991,240,249,139,575,13425,238625,13512,404,6954,13518,18328,219934,40650,96868,9691,36644,12704,602,138,171,383,414,11676,331,704,6676,232,429,192,437,145,145,2843,319,498,218,0,0,0,0,0,0,0,0,0,0,0,0,0,0,0,0,0,0,0,0,0,0,0,0,0,0,0,0,0,0,0,0,0,0,0,0,0,0
2024-09-09,US,1811217,0,0,0,0,0,0,0,0,0,0,0,0,0,0,0,0,2437,0,0,0,17934,0,0,0,554,0,0,0,648667,0,32717,18321,261,251373,30955,4504,865,4413,0,20921,716,228,0,143,372,0,4056,417,341,51571,4012,993,228,239,135,587,13435,227971,12967,393,6870,12777,17404,209688,38462,92026,9057,34716,12161,579,134,170,369,399,11188,321,681,6270,236,416,187,423,141,141,2704,300,464,208,0,0,0,0,0,0,0,0,0,0,0,0,0,0,0,0,0,0,0,0,0,0,0,0,0,0,0,0,0,0,0,0,0,0,0,0,0,0
2024-09-10,US,1747228,0,0,0,0,0,0,0,0,0,0,0,0,0,0,0,0,2483,0,0,0,17632,0,0,0,546,0,0,0,635285,0,33177,18552,253,239032,29646,4297,913,4236,0,19912,692,217,0,138,348,0,4161,406,337,49307,3789,992,217,230,132,597,13419,217611,12435,382,6779,12062,16509,199743,36350,87339,8448,32853,11631,557,131,169,355,384,10711,310,659,5880,239,403,182,408,136,136,2568,282,432,198,0,0,0,0,0,0,0,0,0,0,0,0,0,0,0,0,0,0,0,0,0,0,0,0,0,0,0,0,0,0,0,0,0,0,0,0,0,0
2024-09-11,US,1691446,0,0,0,0,0,0,0,0,0,0,0,0,0,0,0,0,2531,0,0,0,17391,0,0,0,539,0,0,0,624234,0,33682,18810,245,228052,28491,4114,961,4079,0,19015,671,206,0,134,327,0,4270,396,334,47305,3588,995,206,221,129,607,13434,208431,11967,373,6709,11421,15711,190910,34461,83161,7899,31189,11163,538,127,168,343,371,10291,301,639,5529,243,391,177,395,133,133,2448,266,403,189,0,0,0,0,0,0,0,0,0,0,0,0,0,0,0,0,0,0,0,0,0,0,0,0,0,0,0,0,0,0,0,0,0,0,0,0,0,0
2024-09-12,US,1644395,0,0,0,0,0,0,0,0,0,0,0,0,0,0,0,0,2584,0,0,0,17219,0,0,0,534,0,0,0,615843,0,34265,19113,239,218452,27495,3955,1008,3945,0,18232,653,197,0,131,307,0,4385,388,332,45573,3412,1000,197,214,126,619,13492,200463,11564,366,6665,10856,15011,183212,32794,79498,7408,29722,10758,521,125,168,332,359,9928,294,623,5217,247,382,174,384,130,130,2342,252,377,181,0,0,0,0,0,0,0,0,0,0,0,0,0,0,0,0,0,0,0,0,0,0,0,0,0,0,0,0,0,0,0,0,0,0,0,0,0,0
2024-09-13,US,1621401,0,0,0,0,0,0,0,0,0,0,0,0,0,0,0,0,2670,0,0,0,17287,0,0,0,537,0,0,0,616079,0,35285,19660,237,212187,26911,3855,1068,3869,0,17726,645,191,0,130,293,0,4555,386,335,44526,3288,1018,191,210,125,639,13729,195520,11334,364,6713,10459,14541,178296,31636,77054,7037,28717,10514,513,124,170,327,354,9714,291,615,4988,255,378,172,379,129,129,2273,241,357,176,0,0,0,0,0,0,0,0,0,0,0,0,0,0,0,0,0,0,0,0,0,0,0,0,0,0,0,0,0,0,0,0,0,0,0,0,0,0
2024-09-14,US,1612615,0,0,0,0,0,0,0,0,0,0,0,0,0,0,0,0,2777,0,0,0,17499,0,0,0,544,0,0,0,621540,0,36585,20364,236,207844,26566,3791,1135,3828,0,17381,643,186,0,130,282,0,4760,387,340,43877,3195,1045,186,207,125,663,14078,192332,11205,364,6816,10159,14204,174989,30770,75312,6733,27974,10365,508,124,174,324,351,9586,290,613,4806,264,377,173,378,129,129,2224,233,341,173,0,0,0,0,0,0,0,0,0,0,0,0,0,0,0,0,0,0,0,0,0,0,0,0,0,0,0,0,0,0,0,0,0,0,0,0,0,0
2024-09-15,US,1612743,0,0,0,0,0,0,0,0,0,0,0,0,0,0,0,0,2899,0,0,0,17807,0,0,0,554,0,0,0,630388,0,38079,21176,237,204668,26369,3747,1208,3808,0,17133,644,183,0,131,272,0,4990,390,347,43473,3119,1077,183,206,126,691,14502,190219,11138,367,6957,9917,13947,172662,30078,73994,6467,27389,10273,507,125,178,323,350,9512,291,614,4651,275,378,174,378,129,129,2187,227,327,170,0,0,0,0,0,0,0,0,0,0,0,0,0,0,0,0,0,0,0,0,0,0,0,0,0,0,0,0,0,0,0,0,0,0,0,0,0,0
2024-09-16,US,1627444,0,0,0,0,0,0,0,0,0,0,0,0,0,0,0,0,3048,0,0,0,18279,0,0,0,569,0,0,0,645013,0,39931,22187,239,203312,26409,3737,1293,3823,0,17038,651,181,0,132,264,0,5268,397,358,43457,3072,1119,181,207,129,726,15061,189806,11170,374,7161,9762,13814,171874,29651,73332,6258,27047,10274,510,127,184,325,352,9523,294,621,4536,288,383,177,382,131,131,2170,222,315,169,0,0,0,0,0,0,0,0,0,0,0,0,0,0,0,0,0,0,0,0,0,0,0,0,0,0,0,0,0,0,0,0,0,0,0,0,0,0
2024-09-17,US,1632926,0,0,0,0,0,0,0,0,0,0,0,0,0,0,0,0,3181,0,0,0,18650,0,0,0,582,0,0,0,656094,0,41575,23082,241,200764,26296,3705,1371,3815,0,16843,655,178,0,134,255,0,5518,402,367,43191,3006,1156,178,206,130,757,15540,188291,11139,378,7327,9548,13599,170083,29047,72238,6009,26543,10215,510,128,189,325,353,9479,296,625,4394,300,386,179,383,132,132,2140,216,301,168,0,0,0,0,0,0,0,0,0,0,0,0,0,0,0,0,0,0,0,0,0,0,0,0,0,0,0,0,0,0,0,0,0,0,0,0,0,0
2024-09-18,US,1627683,0,0,0,0,0,0,0,0,0,0,0,0,0,0,0,0,3294,0,0,0,18900,0,0,0,590,0,0,0,662867,0,42946,23825,241,196898,26011,3649,1440,3782,0,16537,654,174,0,134,244,0,5733,404,373,42641,2920,1184,174,204,131,783,15917,185538,11034,379,7445,9272,13295,167174,28253,70669,5721,25866,10089,507,129,193,323,351,9373,296,624,4223,310,386,180,382,133,133,2096,208,286,165,0,0,0,0,0,0,0,0,0,0,0,0,0,0,0,0,0,0,0,0,0,0,0,0,0,0,0,0,0,0,0,0,0,0,0,0,0,0
2024-09-19,US,1613367,0,0,0,0,0,0,0,0,0,0,0,0,0,0,0,0,3386,0,0,0,19040,0,0,0,595,0,0,0,665838,0,44060,24426,239,191972,25583,3573,1500,3729,0,16143,649,169,0,133,232,0,5912,403,377,41858,2818,1206,169,201,130,804,16201,181778,10869,379,7519,8947,12920,163362,27309,68723,5405,25051,9908,501,128,196,320,347,9216,294,620,4031,318,384,179,379,132,132,2041,200,269,161,0,0,0,0,0,0,0,0,0,0,0,0,0,0,0,0,0,0,0,0,0,0,0,0,0,0,0,0,0,0,0,0,0,0,0,0,0,0
2024-09-20,US,1579681,0,0,0,0,0,0,0,0,0,0,0,0,0,0,0,0,3435,0,0,0,18942,0,0,0,592,0,0,0,660552,0,44600,24710,235,184838,24854,3455,1541,3631,0,15561,637,162,0,131,217,0,6014,398,376,40585,2686,1212,162,196,129,815,16277,175899,10576,374,7499,8522,12397,157659,26059,65991,5031,23953,9610,489,127,196,312,339,8950,289,608,3794,322,377,177,371,130,130,1963,189,249,155,0,0,0,0,0,0,0,0,0,0,0,0,0,0,0,0,0,0,0,0,0,0,0,0,0,0,0,0,0,0,0,0,0,0,0,0,0,0
2024-09-21,US,1534696,0,0,0,0,0,0,0,0,0,0,0,0,0,0,0,0,3453,0,0,0,18695,0,0,0,585,0,0,0,650112,0,44748,24777,229,176537,23957,3315,1566,3509,0,14881,620,155,0,128,202,0,6061,390,372,39041,2537,1208,155,189,126,818,16216,168865,10210,366,7419,8048,11799,150942,24656,62852,4635,22713,9249,474,124,195,302,328,8624,282,592,3538,324,368,173,361,127,127,1872,177,228,148,0,0,0,0,0,0,0,0,0,0,0,0,0,0,0,0,0,0,0,0,0,0,0,0,0,0,0,0,0,0,0,0,0,0,0,0,0,0
2024-09-22,US,1474110,0,0,0,0,0,0,0,0,0,0,0,0,0,0,0,0,3427,0,0,0,18236,0,0,0,571,0,0,0,632487,0,44344,24539,221,166650,22830,3144,1571,3352,0,14066,596,145,0,123,185,0,6032,377,364,37127,2368,1190,145,181,122,812,15962,160254,9744,354,7254,7508,11097,142844,23047,59161,4209,21280,8799,454,120,191,290,315,8215,271,570,3257,321,355,167,347,123,123,1765,164,206,140,0,0,0,0,0,0,0,0,0,0,0,0,0,0,0,0,0,0,0,0,0,0,0,0,0,0,0,0,0,0,0,0,0,0,0,0,0,0
2024-09-23,US,1398922,0,0,0,0,0,0,0,0,0,0,0,0,0,0,0,0,3358,0,0,0,17572,0,0,0,551,0,0,0,607856,0,43375,23990,210,155382,21493,2946,1554,3163,0,13132,567,135,0,118,167,0,5923,361,352,34880,2182,1157,135,171,116,795,15515,150235,9188,338,7005,6914,10307,133529,21269,54995,3763,19686,8270,429,114,185,274,298,7731,258,542,2956,314,338,160,330,117,117,1643,150,183,131,0,0,0,0,0,0,0,0,0,0,0,0,0,0,0,0,0,0,0,0,0,0,0,0,0,0,0,0,0,0,0,0,0,0,0,0,0,0
2024-09-24,US,1332735,0,0,0,0,0,0,0,0,0,0,0,0,0,0,0,0,3299,0,0,0,16994,0,0,0,533,0,0,0,586365,0,42554,23524,200,145393,20312,2770,1541,2997,0,12305,541,126,0,112,151,0,5833,346,341,32893,2016,1129,126,161,112,780,15130,141369,8697,325,6789,6386,9606,125277,19689,51299,3365,18269,7802,408,110,180,260,283,7303,247,517,2688,308,323,153,314,112,112,1535,137,162,123,0,0,0,0,0,0,0,0,0,0,0,0,0,0,0,0,0,0,0,0,0,0,0,0,0,0,0,0,0,0,0,0,0,0,0,0,0,0
2024-09-25,US,1271060,0,0,0,0,0,0,0,0,0,0,0,0,0,0,0,0,3242,0,0,0,16449,0,0,0,517,0,0,0,566161,0,41760,23074,192,136149,19215,2607,1527,2842,0,11539,517,117,0,108,136,0,5744,333,331,31050,1864,1102,117,153,107,766,14764,133151,8241,312,6585,5899,8958,117636,18231,47882,3000,16961,7368,387,105,175,248,269,6906,236,494,2441,302,309,147,300,108,108,1435,125,143,115,0,0,0,0,0,0,0,0,0,0,0,0,0,0,0,0,0,0,0,0,0,0,0,0,0,0,0,0,0,0,0,0,0,0,0,0,0,0
2024-09-26,US,1212494,0,0,0,0,0,0,0,0,0,0,0,0,0,0,0,0,3184,0,0,0,15921,0,0,0,500,0,0,0,546686,0,40956,22620,183,127477,18180,2454,1512,2696,0,10820,494,109,0,103,122,0,5652,320,322,29313,1721,1076,109,145,103,752,14401,125417,7810,300,6387,5444,8352,110457,16869,44680,2662,15739,6960,368,101,171,235,256,6531,226,472,2212,296,296,141,286,103,103,1341,114,126,108,0,0,0,0,0,0,0,0,0,0,0,0,0,0,0,0,0,0,0,0,0,0,0,0,0,0,0,0,0,0,0,0,0,0,0,0,0,0
2024-09-27,US,1162341,0,0,0,0,0,0,0,0,0,0,0,0,0,0,0,0,3140,0,0,0,15483,0,0,0,487,0,0,0,530411,0,40336,22268,176,119904,17285,2321,1502,2570,0,10193,474,102,0,99,110,0,5584,309,314,27806,1595,1054,102,138,100,741,14110,118696,7438,289,6223,5044,7820,104202,15670,41878,2360,14665,6605,352,97,167,225,245,6207,217,454,2008,292,284,137,275,99,99,1259,105,110,102,0,0,0,0,0,0,0,0,0,0,0,0,0,0,0,0,0,0,0,0,0,0,0,0,0,0,0,0,0,0,0,0,0,0,0,0,0,0
2024-09-28,US,1131151,0,0,0,0,0,0,0,0,0,0,0,0,0,0,0,0,3140,0,0,0,15279,0,0,0,481,0,0,0,522222,0,40289,22233,172,114422,16677,2227,1512,2486,0,9743,462,97,267,97,100,0,5594,303,310,26768,1499,1048,97,134,98,741,14025,113992,7189,284,6153,4737,7428,99741,14759,39817,2110,13857,6362,342,95,165,218,238,5987,212,442,1845,292,278,134,267,97,97,1199,97,97,97,0,0,0,0,0,0,0,0,0,0,0,0,0,0,0,0,0,0,0,0,0,0,0,0,0,0,0,0,0,0,0,0,0,0,0,0,0,0
2024-09-29,US,1088904,0,0,0,0,0,0,0,0,0,0,0,0,0,0,0,0,3163,0,0,0,14785,0,0,0,470,0,0,0,505175,0,42388,21999,300,109484,15953,2111,1432,2360,0,9212,446,108,286,96,99,0,5772,294,311,25631,1509,1163,102,138,95,891,13683,107775,6732,275,5994,4487,7065,94133,13866,37837,2157,13148,5983,328,93,162,210,229,5649,205,427,1744,288,266,131,263,0,0,0,0,0,0,0,0,0,0,0,0,0,0,0,0,0,0,0,0,0,0,0,0,0,0,0,0,0,0,0,0,0,0,0,0,0,0,0,0,0,0,0,0
2024-09-30,US,1051494,0,0,0,0,0,0,0,0,0,0,0,0,0,0,0,0,3185,0,0,0,14330,0,0,0,461,0,0,0,489469,0,44355,21789,419,104922,15284,2004,1359,2243,0,8720,432,118,303,96,99,0,5940,286,311,24582,1519,1271,106,142,92,1031,13370,102023,6309,268,5849,4256,6730,88943,13039,36005,2201,12493,5632,316,90,160,202,221,5336,198,413,1650,286,255,129,259,0,0,0,0,0,0,0,0,0,0,0,0,0,0,0,0,0,0,0,0,0,0,0,0,0,0,0,0,0,0,0,0,0,0,0,0,0,0,0,0,0,0,0,0
2024-10-01,US,1016234,0,0,0,0,0,0,0,0,0,0,0,0,0,0,0,0,3204,0,0,0,13901,0,0,0,452,0,0,0,474648,0,46176,21585,530,100630,14654,1903,1290,2133,0,8258,418,127,319,95,98,0,6095,278,312,23594,1528,1371,109,146,90,1161,13072,96620,5912,261,5711,4039,6415,84070,12262,34285,2242,11877,5303,304,88,157,195,213,5043,192,400,1561,283,244,127,254,0,0,0,0,0,0,0,0,0,0,0,0,0,0,0,0,0,0,0,0,0,0,0,0,0,0,0,0,0,0,0,0,0,0,0,0,0,0,0,0,0,0,0,0
2024-10-02,US,984186,0,0,0,0,0,0,0,0,0,0,0,0,0,0,0,0,3225,0,0,0,13513,0,0,0,444,0,0,0,461223,0,47923,21415,634,96707,14079,1810,1226,2032,0,7834,406,135,335,95,98,0,6246,271,312,22691,1538,1465,113,150,87,1283,12806,91655,5545,254,5587,3840,6127,79589,11547,32706,2282,11312,5000,294,85,155,188,205,4773,187,388,1480,280,234,125,251,0,0,0,0,0,0,0,0,0,0,0,0,0,0,0,0,0,0,0,0,0,0,0,0,0,0,0,0,0,0,0,0,0,0,0,0,0,0,0,0,0,0,0,0
2024-10-03,US,953826,0,0,0,0,0,0,0,0,0,0,0,0,0,0,0,0,3244,0,0,0,13144,0,0,0,436,0,0,0,448490,0,49548,21249,732,92998,13535,1722,1166,1937,0,7433,394,143,349,94,97,0,6385,265,313,21838,1546,1554,116,153,85,1398,12553,86969,5200,248,5469,3652,5854,75360,10873,31216,2319,10779,4714,284,83,153,182,199,4518,181,377,1404,278,225,124,247,0,0,0,0,0,0,0,0,0,0,0,0,0,0,0,0,0,0,0,0,0,0,0,0,0,0,0,0,0,0,0,0,0,0,0,0,0,0,0,0,0,0,0,0
2024-10-04,US,926335,0,0,0,0,0,0,0,0,0,0,0,0,0,0,0,0,3266,0,0,0,12812,0,0,0,429,0,0,0,437016,0,51135,21117,824,89613,13038,1642,1111,1849,0,7065,383,151,363,94,97,0,6524,259,314,21059,1556,1639,120,156,83,1508,12329,82657,4881,242,5365,3479,5604,71466,10250,29848,2356,10289,4450,275,81,151,176,192,4284,177,367,1333,276,217,122,245,0,0,0,0,0,0,0,0,0,0,0,0,0,0,0,0,0,0,0,0,0,0,0,0,0,0,0,0,0,0,0,0,0,0,0,0,0,0,0,0,0,0,0,0
2024-10-05,US,886624,0,0,0,0,0,0,0,0,0,0,0,0,0,0,0,0,3236,0,0,0,12307,0,0,0,416,0,0,0,419670,0,51827,20671,898,85097,12377,1542,1043,1740,0,6615,367,156,370,92,95,0,6553,250,309,20014,1541,1693,121,157,80,1587,11932,77386,4510,234,5186,3265,5286,66754,9515,28121,2355,9676,4137,262,78,147,168,184,4000,170,352,1247,270,206,119,238,0,0,0,0,0,0,0,0,0,0,0,0,0,0,0,0,0,0,0,0,0,0,0,0,0,0,0,0,0,0,0,0,0,0,0,0,0,0,0,0,0,0,0,0
2024-10-06,US,858261,0,0,0,0,0,0,0,0,0,0,0,0,0,0,0,0,3239,0,0,0,11957,0,0,0,408,0,0,0,407590,0,52961,20455,975,81722,11882,1464,990,1655,0,6260,356,162,381,91,94,0,6642,243,309,19236,1542,1759,123,159,78,1675,11678,73239,4209,228,5069,3098,5042,63023,8925,26788,2377,9200,3886,253,76,144,162,177,3776,165,341,1179,268,198,117,234,0,0,0,0,0,0,0,0,0,0,0,0,0,0,0,0,0,0,0,0,0,0,0,0,0,0,0,0,0,0,0,0,0,0,0,0,0,0,0,0,0,0,0,0
2024-10-07,US,828895,0,0,0,0,0,0,0,0,0,0,0,0,0,0,0,0,3231,0,0,0,11590,0,0,0,400,0,0,0,394943,0,53845,20185,1043,78295,11380,1386,936,1570,0,5908,345,167,389,90,93,0,6703,237,307,18444,1538,1815,125,161,76,1752,11402,69118,3914,221,4943,2932,4797,59326,8343,25453,2389,8725,3639,243,74,142,156,171,3553,159,330,1112,264,190,115,230,0,0,0,0,0,0,0,0,0,0,0,0,0,0,0,0,0,0,0,0,0,0,0,0,0,0,0,0,0,0,0,0,0,0,0,0,0,0,0,0,0,0,0,0
2024-10-08,US,796106,0,0,0,0,0,0,0,0,0,0,0,0,0,0,0,0,3202,0,0,0,11172,0,0,0,389,0,0,0,380566,0,54304,19799,1100,74593,10838,1305,881,1480,0,5542,331,171,394,89,91,0,6715,229,303,17586,1524,1854,126,161,74,1812,11069,64834,3614,214,4793,2758,4537,55500,7747,24044,2384,8226,3385,233,72,138,149,164,3323,154,318,1042,259,181,112,225,0,0,0,0,0,0,0,0,0,0,0,0,0,0,0,0,0,0,0,0,0,0,0,0,0,0,0,0,0,0,0,0,0,0,0,0,0,0,0,0,0,0,0,0
2024-10-09,US,765016,0,0,0,0,0,0,0,0,0,0,0,0,0,0,0,0,3172,0,0,0,10774,0,0,0,378,0,0,0,366903,0,54671,19422,1151,71098,10327,1229,829,1397,0,5198,319,174,398,87,90,0,6719,221,300,16777,1510,1889,127,161,71,1865,10750,60812,3333,207,4650,2594,4293,51911,7190,22719,2377,7757,3147,223,69,135,143,157,3107,148,306,977,254,172,110,219,0,0,0,0,0,0,0,0,0,0,0,0,0,0,0,0,0,0,0,0,0,0,0,0,0,0,0,0,0,0,0,0,0,0,0,0,0,0,0,0,0,0,0,0
2024-10-10,US,736043,0,0,0,0,0,0,0,0,0,0,0,0,0,0,0,0,3143,0,0,0,10403,0,0,0,369,0,0,0,354160,0,54994,19068,1198,67846,9851,1158,780,1319,0,4879,307,177,402,86,88,0,6721,214,296,16023,1496,1921,127,161,69,1913,10453,57076,3073,200,4516,2442,4066,48578,6672,21487,2370,7321,2927,214,67,132,137,151,2907,143,295,916,249,164,107,214,0,0,0,0,0,0,0,0,0,0,0,0,0,0,0,0,0,0,0,0,0,0,0,0,0,0,0,0,0,0,0,0,0,0,0,0,0,0,0,0,0,0,0,0
2024-10-11,US,704254,0,0,0,0,0,0,0,0,0,0,0,0,0,0,0,0,3094,0,0,0,9989,0,0,0,357,0,0,0,339966,0,54908,18609,1232,64380,9345,1084,730,1238,0,4551,295,178,403,84,86,0,6675,206,291,15218,1472,1936,127,160,66,1944,10106,53240,2812,193,4361,2286,3828,45172,6149,20204,2347,6868,2703,204,64,128,131,144,2702,137,283,854,243,156,104,208,0,0,0,0,0,0,0,0,0,0,0,0,0,0,0,0,0,0,0,0,0,0,0,0,0,0,0,0,0,0,0,0,0,0,0,0,0,0,0,0,0,0,0,0
2024-10-12,US,670691,0,0,0,0,0,0,0,0,0,0,0,0,0,0,0,0,3030,0,0,0,9547,0,0,0,344,0,0,0,324814,0,54471,18069,1256,60802,8822,1010,680,1156,0,4223,281,178,401,82,84,0,6591,198,284,14385,1441,1938,125,158,64,1960,9724,49397,2555,185,4192,2128,3587,41774,5633,18903,2310,6411,2482,194,62,124,124,137,2498,131,270,791,236,147,101,201,0,0,0,0,0,0,0,0,0,0,0,0,0,0,0,0,0,0,0,0,0,0,0,0,0,0,0,0,0,0,0,0,0,0,0,0,0,0,0,0,0,0,0,0
2024-10-13,US,638132,0,0,0,0,0,0,0,0,0,0,0,0,0,0,0,0,2962,0,0,0,9116,0,0,0,332,0,0,0,310045,0,53901,17523,1273,57366,8321,940,632,1078,0,3911,268,178,398,79,82,0,6492,190,277,13584,1409,1933,124,156,61,1968,9347,45757,2315,177,4025,1978,3357,38561,5147,17663,2270,5977,2273,184,59,120,118,130,2305,125,257,732,229,139,97,194,0,0,0,0,0,0,0,0,0,0,0,0,0,0,0,0,0,0,0,0,0,0,0,0,0,0,0,0,0,0,0,0,0,0,0,0,0,0,0,0,0,0,0,0
2024-10-14,US,610430,0,0,0,0,0,0,0,0,0,0,0,0,0,0,0,0,2909,0,0,0,8751,0,0,0,321,0,0,0,297541,0,53544,17078,1293,54412,7889,879,591,1010,0,3640,257,178,397,77,80,0,6423,182,271,12896,1384,1935,123,154,59,1982,9031,42583,2103,170,3885,1848,3158,35753,4720,16589,2240,5599,2091,175,57,116,113,124,2136,120,247,681,223,131,94,189,0,0,0,0,0,0,0,0,0,0,0,0,0,0,0,0,0,0,0,0,0,0,0,0,0,0,0,0,0,0,0,0,0,0,0,0,0,0,0,0,0,0,0,0
2024-10-15,US,586931,0,0,0,0,0,0,0,0,0,0,0,0,0,0,0,0,2870,0,0,0,8444,0,0,0,312,0,0,0,287005,0,53390,16724,1315,51871,7518,825,554,951,0,3403,247,179,397,76,78,0,6380,177,267,12305,1365,1942,122,153,57,2000,8771,39802,1915,165,3769,1734,2985,33287,4343,15654,2220,5270,1929,168,55,113,108,119,1988,115,237,636,218,125,92,184,0,0,0,0,0,0,0,0,0,0,0,0,0,0,0,0,0,0,0,0,0,0,0,0,0,0,0,0,0,0,0,0,0,0,0,0,0,0,0,0,0,0,0,0
2024-10-16,US,565552,0,0,0,0,0,0,0,0,0,0,0,0,0,0,0,0,2835,0,0,0,8165,0,0,0,304,0,0,0,277436,0,53283,16408,1337,49552,7179,777,521,897,0,3185,239,179,397,75,77,0,6344,171,263,11766,1348,1951,122,152,55,2019,8535,37252,1743,160,3664,1629,2827,31025,3996,14799,2203,4969,1781,161,53,111,104,114,1852,111,229,594,214,120,90,180,0,0,0,0,0,0,0,0,0,0,0,0,0,0,0,0,0,0,0,0,0,0,0,0,0,0,0,0,0,0,0,0,0,0,0,0,0,0,0,0,0,0,0,0
2024-10-17,US,547675,0,0,0,0,0,0,0,0,0,0,0,0,0,0,0,0,2814,0,0,0,7934,0,0,0,298,0,0,0,269523,0,53377,16173,1362,47570,6889,734,492,850,0,2993,231,181,398,74,76,0,6334,167,261,11306,1338,1965,122,152,54,2044,8347,35009,1588,156,3579,1538,2689,29028,3688,14055,2195,4706,1649,156,52,109,100,110,1732,108,222,558,211,115,88,177,0,0,0,0,0,0,0,0,0,0,0,0,0,0,0,0,0,0,0,0,0,0,0,0,0,0,0,0,0,0,0,0,0,0,0,0,0,0,0,0,0,0,0,0
2024-10-18,US,530816,0,0,0,0,0,0,0,0,0,0,0,0,0,0,0,0,2793,0,0,0,7717,0,0,0,292,0,0,0,262057,0,53458,15950,1385,45702,6616,694,464,806,0,2813,225,182,400,73,75,0,6323,163,259,10873,1328,1979,122,152,52,2066,8169,32899,1442,152,3500,1452,2560,27149,3397,13355,2187,4459,1525,150,51,107,97,106,1619,105,216,523,208,110,87,174,0,0,0,0,0,0,0,0,0,0,0,0,0,0,0,0,0,0,0,0,0,0,0,0,0,0,0,0,0,0,0,0,0,0,0,0,0,0,0,0,0,0,0,0
2024-10-19,US,545006,0,0,0,0,0,0,0,0,0,0,0,0,0,0,0,0,2935,0,0,0,7951,0,0,0,304,0,0,0,269914,0,56657,16658,1489,46510,6730,694,464,809,0,2797,231,194,424,76,78,0,6682,168,271,11076,1395,2108,129,160,54,2210,8468,32718,1381,157,3624,1451,2581,26864,3307,13437,2306,4473,1491,154,52,111,99,109,1601,108,222,520,217,112,90,181,0,0,0,0,0,0,0,0,0,0,0,0,0,0,0,0,0,0,0,0,0,0,0,0,0,0,0,0,0,0,0,0,0,0,0,0,0,0,0,0,0,0,0,0
2024-10-20,US,590767,0,0,0,0,0,0,0,0,0,0,0,0,0,0,0,0,3255,0,0,0,8648,0,0,0,333,0,0,0,293502,0,63332,18362,1686,49967,7228,733,489,857,0,2934,251,218,475,84,87,0,7448,183,300,11911,1547,2368,145,179,59,2491,9266,34317,1390,171,3962,1530,2746,28024,3388,14268,2567,4734,1535,166,57,122,107,118,1669,118,241,544,240,120,99,199,0,0,0,0,0,0,0,0,0,0,0,0,0,0,0,0,0,0,0,0,0,0,0,0,0,0,0,0,0,0,0,0,0,0,0,0,0,0,0,0,0,0,0,0
2024-10-21,US,615449,0,0,0,0,0,0,0,0,0,0,0,0,0,0,0,0,3467,0,0,0,9040,0,0,0,351,0,0,0,306726,0,67976,19448,1832,51587,7459,743,496,872,0,2954,262,235,511,89,92,0,7973,192,319,12310,1647,2553,155,191,62,2694,9745,34554,1336,179,4163,1549,2807,28053,3325,14554,2743,4813,1514,173,60,129,111,122,1669,123,252,547,254,124,105,210,0,0,0,0,0,0,0,0,0,0,0,0,0,0,0,0,0,0,0,0,0,0,0,0,0,0,0,0,0,0,0,0,0,0,0,0,0,0,0,0,0,0,0,0
2024-10-22,US,620925,0,0,0,0,0,0,0,0,0,0,0,0,0,0,0,0,3575,0,0,0,9152,0,0,0,358,0,0,0,310426,0,70597,19942,1924,51575,7454,729,486,858,0,2877,265,245,531,91,94,0,8260,195,329,12320,1698,2662,161,198,63,2819,9924,33655,1235,182,4236,1518,2777,27151,3148,14370,2837,4736,1442,174,60,132,112,123,1614,124,255,532,260,124,107,215,0,0,0,0,0,0,0,0,0,0,0,0,0,0,0,0,0,0,0,0,0,0,0,0,0,0,0,0,0,0,0,0,0,0,0,0,0,0,0,0,0,0,0,0
2024-10-23,US,623518,0,0,0,0,0,0,0,0,0,0,0,0,0,0,0,0,3667,0,0,0,9222,0,0,0,363,0,0,0,312697,0,72915,20348,2009,51317,7413,711,473,841,0,2786,266,254,550,93,96,0,8511,197,337,12272,1742,2761,166,204,63,2931,10058,32583,1126,184,4289,1479,2734,26108,2953,14116,2919,4635,1363,174,61,134,112,123,1551,125,256,514,265,123,109,218,0,0,0,0,0,0,0,0,0,0,0,0,0,0,0,0,0,0,0,0,0,0,0,0,0,0,0,0,0,0,0,0,0,0,0,0,0,0,0,0,0,0,0,0
2024-10-24,US,622336,0,0,0,0,0,0,0,0,0,0,0,0,0,0,0,0,3737,0,0,0,9235,0,0,0,366,0,0,0,313077,0,74796,20631,2081,50748,7328,689,458,818,0,2677,266,261,565,95,98,0,8711,198,343,12148,1775,2842,170,209,63,3026,10131,31312,1011,185,4316,1431,2675,24905,2741,13776,2983,4506,1274,173,61,135,111,123,1478,125,256,493,269,122,110,221,0,0,0,0,0,0,0,0,0,0,0,0,0,0,0,0,0,0,0,0,0,0,0,0,0,0,0,0,0,0,0,0,0,0,0,0,0,0,0,0,0,0,0,0
2024-10-25,US,620776,0,0,0,0,0,0,0,0,0,0,0,0,0,0,0,0,3804,0,0,0,9244,0,0,0,369,0,0,0,313262,0,76623,20900,2152,50149,7238,667,442,795,0,2568,266,269,579,96,99,0,8904,199,348,12018,1807,2922,174,214,64,3119,10197,30027,895,185,4341,1382,2614,23691,2527,13429,3046,4375,1186,172,61,137,111,122,1405,125,256,471,272,121,111,223,0,0,0,0,0,0,0,0,0,0,0,0,0,0,0,0,0,0,0,0,0,0,0,0,0,0,0,0,0,0,0,0,0,0,0,0,0,0,0,0,0,0,0,0
2024-10-26,US,589309,0,0,0,0,0,0,0,0,0,0,0,0,0,0,0,0,3684,0,0,0,8803,0,0,0,354,0,0,0,298244,0,74636,20141,2115,47151,6802,613,406,734,0,2339,253,263,565,93,96,119,8656,190,337,11312,1750,2856,170,208,61,3055,9766,27355,743,177,4154,1269,2429,21394,2203,12449,2957,4039,1044,162,59,131,105,116,1267,119,243,428,263,113,107,214,0,0,0,0,0,0,0,0,0,0,0,0,0,0,0,0,0,0,0,0,0,0,0,0,0,0,0,0,0,0,0,0,0,0,0,0,0,0,0,0,0,0,0,0
2024-10-27,US,529209,0,0,0,0,0,0,0,0,0,0,0,0,0,0,0,0,3499,0,0,0,8021,0,0,0,321,0,0,0,266516,0,69097,18288,2235,41714,6041,543,366,648,0,2049,227,236,560,85,87,107,8136,172,339,9988,1605,2758,156,185,55,2974,8799,23979,661,160,3751,1127,2179,18818,1953,10908,2590,3540,967,145,53,118,94,104,1114,107,219,375,239,102,97,0,0,0,0,0,0,0,0,0,0,0,0,0,0,0,0,0,0,0,0,0,0,0,0,0,0,0,0,0,0,0,0,0,0,0,0,0,0,0,0,0,0,0,0,0
2024-10-28,US,491316,0,0,0,0,0,0,0,0,0,0,0,0,0,0,0,0,3425,0,0,0,7551,0,0,0,301,0,0,0,246124,0,66051,17158,2387,38130,5543,498,341,592,0,1853,212,219,569,80,82,100,7888,160,348,9111,1521,2740,149,170,51,2975,8193,21709,608,149,3501,1035,2020,17099,1788,9870,2343,3205,924,135,49,109,87,96,1011,100,204,339,225,96,91,0,0,0,0,0,0,0,0,0,0,0,0,0,0,0,0,0,0,0,0,0,0,0,0,0,0,0,0,0,0,0,0,0,0,0,0,0,0,0,0,0,0,0,0,0
2024-10-29,US,471925,0,0,0,0,0,0,0,0,0,0,0,0,0,0,0,0,3460,0,0,0,7354,0,0,0,293,0,0,0,235154,0,65271,16654,2591,36051,5262,471,329,559,0,1733,204,210,593,78,80,96,7898,155,367,8596,1491,2804,146,161,50,3062,7893,20321,579,144,3380,983,1937,16067,1695,9235,2192,3000,913,129,48,105,83,92,949,96,196,318,219,92,88,0,0,0,0,0,0,0,0,0,0,0,0,0,0,0,0,0,0,0,0,0,0,0,0,0,0,0,0,0,0,0,0,0,0,0,0,0,0,0,0,0,0,0,0,0
2024-10-30,US,457110,0,0,0,0,0,0,0,0,0,0,0,0,0,0,0,0,3516,0,0,0,7220,0,0,0,286,0,0,0,226554,0,64992,16299,2800,34364,5037,450,320,531,0,1633,197,203,620,77,79,94,7961,151,386,8175,1473,2882,145,154,48,3165,7667,19169,556,141,3291,941,1873,15216,1619,8707,2066,2830,909,124,46,102,80,89,898,94,190,299,216,90,86,0,0,0,0,0,0,0,0,0,0,0,0,0,0,0,0,0,0,0,0,0,0,0,0,0,0,0,0,0,0,0,0,0,0,0,0,0,0,0,0,0,0,0,0,0
2024-10-31,US,447833,0,0,0,0,0,0,0,0,0,0,0,0,0,0,0,0,3605,0,0,0,7169,0,0,0,283,0,0,0,220764,0,65406,16132,3027,33122,4875,434,314,511,0,1555,194,199,652,76,79,92,8104,149,409,7861,1471,2987,145,149,48,3295,7534,18276,539,138,3241,911,1832,14568,1564,8296,1968,2698,915,121,46,100,78,87,859,92,187,285,214,88,84,0,0,0,0,0,0,0,0,0,0,0,0,0,0,0,0,0,0,0,0,0,0,0,0,0,0,0,0,0,0,0,0,0,0,0,0,0,0,0,0,0,0,0,0,0
2024-11-01,US,443234,0,0,0,0,0,0,0,0,0,0,0,0,0,0,0,0,3728,0,0,0,7190,0,0,0,283,0,0,0,217316,0,66451,16129,3277,32243,4767,424,312,497,0,1495,192,197,689,77,79,91,8323,148,435,7635,1484,3118,147,146,47,3454,7478,17590,529,138,3224,892,1810,14083,1526,7980,1893,2597,929,120,46,99,77,86,830,91,185,274,215,88,84,0,0,0,0,0,0,0,0,0,0,0,0,0,0,0,0,0,0,0,0,0,0,0,0,0,0,0,0,0,0,0,0,0,0,0,0,0,0,0,0,0,0,0,0,0
2024-11-02,US,439384,0,0,0,0,0,0,0,0,0,0,0,0,0,0,0,0,3853,0,0,0,7221,0,0,0,283,0,0,0,214259,0,67574,16150,3527,31429,4667,414,310,483,0,1439,191,195,726,77,79,91,8550,148,462,7423,1499,3251,149,143,47,3614,7435,16943,519,137,3212,873,1792,13628,1491,7682,1821,2501,945,118,45,98,76,85,802,91,184,264,216,88,84,0,0,0,0,0,0,0,0,0,0,0,0,0,0,0,0,0,0,0,0,0,0,0,0,0,0,0,0,0,0,0,0,0,0,0,0,0,0,0,0,0,0,0,0,0
2024-11-03,US,436085,0,0,0,0,0,0,0,0,0,0,0,0,0,0,0,0,3981,0,0,0,7260,0,0,0,284,0,0,0,211489,0,68755,16189,3776,30662,4575,404,309,470,0,1384,190,194,764,78,80,90,8782,147,488,7224,1515,3386,151,140,47,3777,7400,16325,511,137,3204,856,1776,13196,1458,7397,1753,2410,961,117,45,97,76,84,775,90,183,254,217,87,84,0,0,0,0,0,0,0,0,0,0,0,0,0,0,0,0,0,0,0,0,0,0,0,0,0,0,0,0,0,0,0,0,0,0,0,0,0,0,0,0,0,0,0,0,0
2024-11-04,US,433586,0,0,0,0,0,0,0,0,0,0,0,0,0,0,0,0,4114,0,0,0,7310,0,0,0,285,0,0,0,209122,0,70040,16255,4030,29959,4491,396,308,459,0,1333,189,192,803,78,81,90,9027,147,515,7039,1534,3524,153,138,47,3943,7379,15743,503,137,3202,841,1763,12792,1428,7128,1689,2324,979,116,45,96,75,83,751,90,182,245,218,87,84,0,0,0,0,0,0,0,0,0,0,0,0,0,0,0,0,0,0,0,0,0,0,0,0,0,0,0,0,0,0,0,0,0,0,0,0,0,0,0,0,0,0,0,0,0
2024-11-05,US,435508,0,0,0,0,0,0,0,0,0,0,0,0,0,0,0,0,4289,0,0,0,7436,0,0,0,289,0,0,0,208889,0,72037,16487,4323,29563,4454,392,311,452,0,1296,190,193,850,80,82,91,9364,149,547,6927,1568,3699,157,137,48,4150,7433,15323,500,139,3232,835,1767,12519,1413,6933,1642,2262,1007,116,46,97,75,83,734,91,183,238,222,88,85,0,0,0,0,0,0,0,0,0,0,0,0,0,0,0,0,0,0,0,0,0,0,0,0,0,0,0,0,0,0,0,0,0,0,0,0,0,0,0,0,0,0,0,0,0
2024-11-06,US,440268,0,0,0,0,0,0,0,0,0,0,0,0,0,0,0,0,4494,0,0,0,7611,0,0,0,295,0,0,0,210000,0,74529,16829,4650,29350,4444,390,315,447,0,1266,192,195,903,82,84,92,9766,151,583,6858,1613,3900,162,137,48,4387,7536,14995,501,141,3284,833,1784,12322,1406,6779,1605,2213,1042,117,46,98,76,84,721,92,186,232,227,90,87,0,0,0,0,0,0,0,0,0,0,0,0,0,0,0,0,0,0,0,0,0,0,0,0,0,0,0,0,0,0,0,0,0,0,0,0,0,0,0,0,0,0,0,0,0
2024-11-07,US,446956,0,0,0,0,0,0,0,0,0,0,0,0,0,0,0,0,4723,0,0,0,7821,0,0,0,302,0,0,0,212000,0,77391,17248,5004,29253,4453,389,321,445,0,1241,196,198,961,84,87,94,10219,155,622,6814,1666,4122,167,137,49,4647,7672,14720,503,144,3350,835,1808,12171,1406,6649,1574,2172,1081,118,47,99,76,85,712,93,189,228,234,92,89,0,0,0,0,0,0,0,0,0,0,0,0,0,0,0,0,0,0,0,0,0,0,0,0,0,0,0,0,0,0,0,0,0,0,0,0,0,0,0,0,0,0,0,0,0
2024-11-08,US,452185,0,0,0,0,0,0,0,0,0,0,0,0,0,0,0,0,4941,0,0,0,8009,0,0,0,309,0,0,0,213275,0,80047,17616,5349,29045,4445,387,326,440,0,1211,198,200,1017,86,89,95,10646,157,660,6745,1714,4335,173,137,50,4898,7784,14383,504,146,3406,834,1826,11971,1400,6491,1536,2123,1118,119,48,100,77,86,699,95,191,222,239,93,90,0,0,0,0,0,0,0,0,0,0,0,0,0,0,0,0,0,0,0,0,0,0,0,0,0,0,0,0,0,0,0,0,0,0,0,0,0,0,0,0,0,0,0,0,0
2024-11-09,US,452114,0,0,0,0,0,0,0,0,0,0,0,0,0,0,0,0,5103,0,0,0,8104,0,0,0,312,0,0,0,212038,0,81785,17779,5635,28491,4385,381,327,431,0,1165,199,200,1061,87,90,95,10952,158,691,6595,1742,4499,176,135,50,5094,7805,13872,499,147,3423,824,1823,11626,1377,6254,1479,2047,1143,119,48,100,77,86,678,95,192,214,242,94,91,0,0,0,0,0,0,0,0,0,0,0,0,0,0,0,0,0,0,0,0,0,0,0,0,0,0,0,0,0,0,0,0,0,0,0,0,0,0,0,0,0,0,0,0,0
2024-11-10,US,441680,0,0,0,0,0,0,0,0,0,0,0,0,0,0,0,0,5144,0,0,0,8011,0,0,0,307,0,0,0,205968,0,81608,17530,5784,27296,4225,366,320,412,0,1095,194,195,1081,86,89,94,11000,155,705,6297,1730,4556,175,130,50,5168,7647,13055,483,144,3360,794,1778,11024,1323,5880,1390,1926,1140,116,47,98,75,83,641,93,188,201,240,92,89,0,0,0,0,0,0,0,0,0,0,0,0,0,0,0,0,0,0,0,0,0,0,0,0,0,0,0,0,0,0,0,0,0,0,0,0,0,0,0,0,0,0,0,0,0
2024-11-11,US,433462,0,0,0,0,0,0,0,0,0,0,0,0,0,0,0,0,5204,0,0,0,7955,0,0,0,304,0,0,0,200981,0,81768,17363,5952,26261,4089,353,315,395,0,1031,191,192,1104,86,89,92,11091,153,722,6037,1725,4629,175,126,49,5260,7525,12324,469,143,3314,769,1742,10490,1277,5544,1310,1818,1142,113,47,96,73,82,609,92,185,190,238,91,88,0,0,0,0,0,0,0,0,0,0,0,0,0,0,0,0,0,0,0,0,0,0,0,0,0,0,0,0,0,0,0,0,0,0,0,0,0,0,0,0,0,0,0,0,0
2024-11-12,US,424937,0,0,0,0,0,0,0,0,0,0,0,0,0,0,0,0,5255,0,0,0,7889,0,0,0,301,0,0,0,195896,0,81805,17178,6104,25228,3953,340,310,378,0,969,188,188,1124,85,88,91,11162,151,737,5778,1718,4693,175,122,48,5341,7398,11604,455,140,3264,744,1705,9962,1231,5214,1231,1712,1143,110,46,94,72,80,577,90,181,178,236,89,87,0,0,0,0,0,0,0,0,0,0,0,0,0,0,0,0,0,0,0,0,0,0,0,0,0,0,0,0,0,0,0,0,0,0,0,0,0,0,0,0,0,0,0,0,0
2024-11-13,US,416419,0,0,0,0,0,0,0,0,0,0,0,0,0,0,0,0,5299,0,0,0,7819,0,0,0,297,0,0,0,190860,0,81778,16986,6246,24216,3818,327,305,362,0,908,184,184,1143,85,87,89,11222,149,750,5525,1710,4751,174,118,47,5415,7270,10902,441,138,3214,719,1668,9447,1186,4892,1154,1608,1142,108,45,92,70,78,546,88,178,167,234,88,86,0,0,0,0,0,0,0,0,0,0,0,0,0,0,0,0,0,0,0,0,0,0,0,0,0,0,0,0,0,0,0,0,0,0,0,0,0,0,0,0,0,0,0,0,0
2024-11-14,US,408342,0,0,0,0,0,0,0,0,0,0,0,0,0,0,0,0,5343,0,0,0,7755,0,0,0,294,0,0,0,186071,0,81773,16806,6383,23249,3690,315,300,346,0,849,181,180,1161,84,87,88,11282,147,764,5283,1703,4808,174,114,47,5488,7149,10231,428,136,3167,695,1633,8954,1143,4584,1081,1509,1142,105,45,90,68,76,517,87,175,156,232,87,85,0,0,0,0,0,0,0,0,0,0,0,0,0,0,0,0,0,0,0,0,0,0,0,0,0,0,0,0,0,0,0,0,0,0,0,0,0,0,0,0,0,0,0,0,0
2024-11-15,US,404535,0,0,0,0,0,0,0,0,0,0,0,0,0,0,0,0,5439,0,0,0,7769,0,0,0,294,0,0,0,183258,0,82577,16798,6580,22540,3602,306,298,335,0,801,179,179,1190,84,87,87,11453,146,784,5100,1712,4911,175,112,47,5612,7102,9681,419,136,3152,679,1615,8565,1112,4330,1020,1428,1153,104,45,89,67,75,493,86,174,148,232,86,85,0,0,0,0,0,0,0,0,0,0,0,0,0,0,0,0,0,0,0,0,0,0,0,0,0,0,0,0,0,0,0,0,0,0,0,0,0,0,0,0,0,0,0,0,0
2024-11-16,US,409750,0,0,0,0,0,0,0,0,0,0,0,0,0,0,0,0,5656,0,0,0,7956,0,0,0,300,0,0,0,184529,0,85229,17165,6925,22333,3595,304,303,330,0,771,182,181,1246,86,89,88,11879,149,822,5031,1760,5123,180,111,47,5863,7214,9344,420,138,3208,678,1633,8365,1106,4172,982,1378,1190,105,45,90,68,76,480,88,176,142,238,88,86,0,0,0,0,0,0,0,0,0,0,0,0,0,0,0,0,0,0,0,0,0,0,0,0,0,0,0,0,0,0,0,0,0,0,0,0,0,0,0,0,0,0,0,0,0
2024-11-17,US,424283,0,0,0,0,0,0,0,0,0,0,0,0,0,0,0,0,6010,0,0,0,8329,0,0,0,314,0,0,0,189944,0,89895,17929,7439,22609,3666,309,315,333,0,756,189,187,1333,91,94,92,12589,155,881,5069,1849,5460,190,114,49,6255,7491,9198,430,144,3338,692,1689,8340,1124,4099,964,1356,1255,108,47,94,70,79,478,91,183,139,249,91,90,0,0,0,0,0,0,0,0,0,0,0,0,0,0,0,0,0,0,0,0,0,0,0,0,0,0,0,0,0,0,0,0,0,0,0,0,0,0,0,0,0,0,0,0,0
2024-11-18,US,434769,0,0,0,0,0,0,0,0,0,0,0,0,0,0,0,0,6315,0,0,0,8627,0,0,0,324,0,0,0,193480,0,93800,18532,7899,22639,3699,311,323,332,0,731,194,192,1409,94,97,94,13197,160,932,5051,1923,5753,197,115,51,6598,7697,8936,436,148,3436,699,1727,8217,1130,3974,934,1318,1310,111,49,96,72,80,469,93,188,135,258,94,93,0,0,0,0,0,0,0,0,0,0,0,0,0,0,0,0,0,0,0,0,0,0,0,0,0,0,0,0,0,0,0,0,0,0,0,0,0,0,0,0,0,0,0,0,0
2024-11-19,US,443143,0,0,0,0,0,0,0,0,0,0,0,0,0,0,0,0,6596,0,0,0,8888,0,0,0,333,0,0,0,196026,0,97323,19051,8332,22536,3712,310,331,330,0,701,198,195,1480,97,100,96,13753,164,980,5002,1988,6026,204,115,52,6918,7867,8609,440,152,3519,702,1758,8039,1130,3819,896,1269,1359,112,50,98,73,82,458,95,191,130,266,96,95,0,0,0,0,0,0,0,0,0,0,0,0,0,0,0,0,0,0,0,0,0,0,0,0,0,0,0,0,0,0,0,0,0,0,0,0,0,0,0,0,0,0,0,0,0
2024-11-20,US,449670,0,0,0,0,0,0,0,0,0,0,0,0,0,0,0,0,6854,0,0,0,9115,0,0,0,341,0,0,0,197715,0,100498,19497,8740,22321,3707,308,337,325,0,667,201,198,1546,99,103,98,14262,167,1026,4928,2045,6278,211,115,53,7215,8005,8230,441,155,3588,702,1781,7817,1125,3641,853,1213,1403,113,51,99,74,83,443,97,195,123,273,98,97,0,0,0,0,0,0,0,0,0,0,0,0,0,0,0,0,0,0,0,0,0,0,0,0,0,0,0,0,0,0,0,0,0,0,0,0,0,0,0,0,0,0,0,0,0
2024-11-21,US,454292,0,0,0,0,0,0,0,0,0,0,0,0,0,0,0,0,7088,0,0,0,9305,0,0,0,347,0,0,0,198537,0,103290,19864,9118,21997,3685,305,341,319,0,628,204,200,1607,102,105,99,14718,170,1067,4828,2095,6509,216,115,54,7487,8110,7803,440,157,3641,698,1796,7553,1114,3441,805,1150,1442,114,52,100,74,83,427,98,197,116,279,100,99,0,0,0,0,0,0,0,0,0,0,0,0,0,0,0,0,0,0,0,0,0,0,0,0,0,0,0,0,0,0,0,0,0,0,0,0,0,0,0,0,0,0,0,0,0
2024-11-22,US,455465,0,0,0,0,0,0,0,0,0,0,0,0,0,0,0,0,7270,0,0,0,9426,0,0,0,351,0,0,0,197836,0,105321,20082,9430,21500,3635,299,343,310,0,585,204,200,1657,103,106,100,15066,171,1101,4691,2129,6691,220,113,54,7704,8153,7311,437,159,3668,689,1798,7228,1094,3213,750,1077,1470,114,52,100,74,83,407,99,198,108,282,100,100,0,0,0,0,0,0,0,0,0,0,0,0,0,0,0,0,0,0,0,0,0,0,0,0,0,0,0,0,0,0,0,0,0,0,0,0,0,0,0,0,0,0,0,0,0
2024-11-23,US,453178,0,0,0,0,0,0,0,0,0,0,0,0,0,0,0,0,7395,0,0,0,9473,0,0,0,352,0,0,0,195593,0,106524,20143,9668,20836,3556,291,342,299,99,537,204,199,1693,104,107,100,15295,171,1126,4517,2147,6822,222,111,54,7861,8132,6762,429,159,3665,675,1785,6847,1066,2960,690,996,1487,113,52,100,74,83,383,99,197,100,284,100,100,0,0,0,0,0,0,0,0,0,0,0,0,0,0,0,0,0,0,0,0,0,0,0,0,0,0,0,0,0,0,0,0,0,0,0,0,0,0,0,0,0,0,0,0,0
2024-11-24,US,448610,0,0,0,0,0,0,0,0,0,0,0,0,0,0,0,0,7394,0,0,0,9377,0,0,0,352,0,0,0,191726,0,107284,20045,10063,20516,3513,281,341,297,105,516,202,203,1769,104,107,106,15352,170,1126,4379,2093,6762,233,108,54,8004,8156,6553,418,158,3599,653,1765,6669,1040,2859,665,970,1442,112,52,98,73,82,372,97,194,0,0,0,0,0,0,0,0,0,0,0,0,0,0,0,0,0,0,0,0,0,0,0,0,0,0,0,0,0,0,0,0,0,0,0,0,0,0,0,0,0,0,0,0,0,0,0,0,0
2024-11-25,US,444160,0,0,0,0,0,0,0,0,0,0,0,0,0,0,0,0,7384,0,0,0,9271,0,0,0,351,0,0,0,187699,0,107900,19924,10438,20177,3468,271,338,295,112,495,201,207,1842,104,107,113,15390,169,1125,4239,2037,6695,244,106,54,8136,8170,6339,406,157,3530,630,1744,6487,1014,2758,639,943,1397,110,51,95,72,81,360,95,191,0,0,0,0,0,0,0,0,0,0,0,0,0,0,0,0,0,0,0,0,0,0,0,0,0,0,0,0,0,0,0,0,0,0,0,0,0,0,0,0,0,0,0,0,0,0,0,0,0
2024-11-26,US,441796,0,0,0,0,0,0,0,0,0,0,0,0,0,0,0,0,7408,0,0,0,9208,0,0,0,352,0,0,0,184587,0,108997,19896,10855,19935,3438,262,338,294,119,477,200,212,1922,105,108,120,15497,169,1128,4121,1992,6659,255,103,54,8302,8221,6157,397,157,3477,611,1730,6337,993,2670,617,921,1358,109,51,93,71,80,350,94,188,0,0,0,0,0,0,0,0,0,0,0,0,0,0,0,0,0,0,0,0,0,0,0,0,0,0,0,0,0,0,0,0,0,0,0,0,0,0,0,0,0,0,0,0,0,0,0,0,0
2024-11-27,US,441388,0,0,0,0,0,0,0,0,0,0,0,0,0,0,0,0,7464,0,0,0,9187,0,0,0,355,0,0,0,182305,0,110567,19955,11318,19781,3424,254,339,294,126,461,200,217,2010,106,109,127,15671,170,1137,4021,1955,6653,268,101,54,8504,8308,6003,389,158,3440,595,1725,6215,976,2595,598,903,1326,109,52,92,71,80,341,93,187,0,0,0,0,0,0,0,0,0,0,0,0,0,0,0,0,0,0,0,0,0,0,0,0,0,0,0,0,0,0,0,0,0,0,0,0,0,0,0,0,0,0,0,0,0,0,0,0,0
2024-11-28,US,443079,0,0,0,0,0,0,0,0,0,0,0,0,0,0,0,0,7556,0,0,0,9209,0,0,0,359,0,0,0,180884,0,112667,20109,11835,19722,3426,248,341,296,134,447,201,223,2107,107,111,135,15921,172,1151,3940,1928,6679,282,100,55,8747,8434,5878,384,159,3420,581,1727,6123,964,2531,582,890,1300,109,52,91,71,80,334,93,186,0,0,0,0,0,0,0,0,0,0,0,0,0,0,0,0,0,0,0,0,0,0,0,0,0,0,0,0,0,0,0,0,0,0,0,0,0,0,0,0,0,0,0,0,0,0,0,0,0
2024-11-29,US,448910,0,0,0,0,0,0,0,0,0,0,0,0,0,0,0,0,7719,0,0,0,9317,0,0,0,366,0,0,0,181116,0,115848,20453,12472,19844,3460,243,347,300,143,437,204,232,2226,110,113,145,16322,175,1176,3895,1918,6767,299,100,56,9075,8641,5805,381,162,3431,573,1746,6086,960,2491,570,884,1285,110,53,91,71,81,330,93,187,0,0,0,0,0,0,0,0,0,0,0,0,0,0,0,0,0,0,0,0,0,0,0,0,0,0,0,0,0,0,0,0,0,0,0,0,0,0,0,0,0,0,0,0,0,0,0,0,0
2024-11-30,US,458435,0,0,0,0,0,0,0,0,0,0,0,0,0,0,0,0,7948,0,0,0,9501,0,0,0,377,0,0,0,182766,0,120042,20968,13227,20125,3522,241,356,307,154,430,209,243,2367,113,117,156,16864,179,1211,3878,1923,6911,319,100,57,9485,8922,5774,382,166,3469,568,1779,6095,964,2468,563,885,1280,112,54,92,73,82,329,95,189,0,0,0,0,0,0,0,0,0,0,0,0,0,0,0,0,0,0,0,0,0,0,0,0,0,0,0,0,0,0,0,0,0,0,0,0,0,0,0,0,0,0,0,0,0,0,0,0,0
2024-12-01,US,476413,0,0,0,0,0,0,0,0,0,0,0,0,0,0,0,0,8328,0,0,0,9859,0,0,0,395,0,0,0,187653,0,126552,21874,14256,20769,3649,242,371,320,168,430,217,259,2556,119,123,170,17729,187,1269,3926,1961,7182,345,102,60,10083,9373,5841,389,174,3569,574,1844,6209,985,2486,565,901,1296,115,57,94,75,85,333,97,195,0,0,0,0,0,0,0,0,0,0,0,0,0,0,0,0,0,0,0,0,0,0,0,0,0,0,0,0,0,0,0,0,0,0,0,0,0,0,0,0,0,0,0,0,0,0,0,0,0
2024-12-02,US,495495,0,0,0,0,0,0,0,0,0,0,0,0,0,0,0,0,8732,0,0,0,10239,0,0,0,414,0,0,0,192798,0,133496,22837,15357,21450,3783,243,387,333,183,429,226,275,2760,125,129,185,18651,196,1331,3976,2001,7470,373,104,62,10722,9855,5909,396,182,3674,579,1913,6328,1007,2503,566,918,1313,120,59,96,78,88,337,101,201,0,0,0,0,0,0,0,0,0,0,0,0,0,0,0,0,0,0,0,0,0,0,0,0,0,0,0,0,0,0,0,0,0,0,0,0,0,0,0,0,0,0,0,0,0,0,0,0,0
2024-12-03,US,515893,0,0,0,0,0,0,0,0,0,0,0,0,0,0,0,0,9165,0,0,0,10646,0,0,0,434,0,0,0,198266,0,140945,23868,16542,22175,3926,245,405,347,200,429,236,293,2978,131,136,201,19639,205,1397,4027,2043,7778,404,107,65,11409,10370,5979,404,190,3786,584,1987,6454,1030,2521,568,936,1331,124,62,98,81,92,341,104,208,0,0,0,0,0,0,0,0,0,0,0,0,0,0,0,0,0,0,0,0,0,0,0,0,0,0,0,0,0,0,0,0,0,0,0,0,0,0,0,0,0,0,0,0,0,0,0,0,0
2024-12-04,US,538381,0,0,0,0,0,0,0,0,0,0,0,0,0,0,0,0,9641,0,0,0,11094,0,0,0,456,0,0,0,204332,0,149127,25003,17839,22977,4084,246,424,363,217,428,247,313,3217,139,143,219,20726,215,1470,4086,2090,8117,437,109,68,12162,10937,6059,413,199,3910,590,2069,6594,1055,2542,570,956,1351,129,65,101,84,95,346,108,215,0,0,0,0,0,0,0,0,0,0,0,0,0,0,0,0,0,0,0,0,0,0,0,0,0,0,0,0,0,0,0,0,0,0,0,0,0,0,0,0,0,0,0,0,0,0,0,0,0
2024-12-05,US,563021,0,0,0,0,0,0,0,0,0,0,0,0,0,0,0,0,10163,0,0,0,11585,0,0,0,481,0,0,0,210989,0,158084,26247,19259,23857,4257,248,445,381,237,428,258,335,3479,146,151,239,21915,226,1549,4151,2142,8488,474,112,72,12986,11558,6148,422,209,4046,597,2158,6748,1083,2565,572,978,1373,134,68,104,88,100,352,111,223,0,0,0,0,0,0,0,0,0,0,0,0,0,0,0,0,0,0,0,0,0,0,0,0,0,0,0,0,0,0,0,0,0,0,0,0,0,0,0,0,0,0,0,0,0,0,0,0,0
2024-12-06,US,587748,0,0,0,0,0,0,0,0,0,0,0,0,0,0,0,0,10693,0,0,0,12076,0,0,0,506,0,0,0,217442,0,167252,27503,20734,24725,4429,249,466,398,257,426,270,357,3751,154,159,259,23129,237,1630,4205,2190,8861,512,115,75,13835,12191,6221,431,220,4179,602,2247,6891,1110,2581,572,998,1392,140,72,107,91,104,356,115,231,0,0,0,0,0,0,0,0,0,0,0,0,0,0,0,0,0,0,0,0,0,0,0,0,0,0,0,0,0,0,0,0,0,0,0,0,0,0,0,0,0,0,0,0,0,0,0,0,0
2024-12-07,US,607744,0,0,0,0,0,0,0,0,0,0,0,0,0,0,0,0,11144,0,0,0,12469,0,0,0,527,0,0,0,221930,0,175243,28545,22090,25380,4565,247,484,412,276,419,280,377,4003,161,166,279,24176,246,1699,4216,2217,9163,547,116,78,14595,12735,6229,436,228,4275,601,2318,6966,1125,2568,566,1009,1396,144,74,109,94,107,357,118,237,0,0,0,0,0,0,0,0,0,0,0,0,0,0,0,0,0,0,0,0,0,0,0,0,0,0,0,0,0,0,0,0,0,0,0,0,0,0,0,0,0,0,0,0,0,0,0,0,0
2024-12-08,US,625640,0,0,0,0,0,0,0,0,0,0,0,0,0,0,0,0,11561,0,0,0,12818,0,0,0,546,0,0,0,225471,0,182772,29496,23411,25936,4684,244,500,425,295,409,289,396,4248,167,173,297,25155,255,1763,4204,2233,9433,581,117,81,15321,13244,6202,438,236,4354,596,2381,7007,1136,2541,556,1014,1393,148,77,110,97,110,356,121,242,0,0,0,0,0,0,0,0,0,0,0,0,0,0,0,0,0,0,0,0,0,0,0,0,0,0,0,0,0,0,0,0,0,0,0,0,0,0,0,0,0,0,0,0,0,0,0,0,0
2024-12-09,US,646390,0,0,0,0,0,0,0,0,0,0,0,0,0,0,0,0,12037,0,0,0,13224,0,0,0,568,0,0,0,229854,0,191282,30588,24879,26599,4823,241,518,440,316,400,299,417,4520,175,180,318,26266,265,1836,4203,2257,9746,619,119,84,16137,13821,6191,442,245,4449,593,2454,7070,1151,2518,547,1023,1394,152,80,112,99,113,356,124,247,0,0,0,0,0,0,0,0,0,0,0,0,0,0,0,0,0,0,0,0,0,0,0,0,0,0,0,0,0,0,0,0,0,0,0,0,0,0,0,0,0,0,0,0,0,0,0,0,0
2024-12-10,US,665919,0,0,0,0,0,0,0,0,0,0,0,0,0,0,0,0,12495,0,0,0,13604,0,0,0,590,0,0,0,233610,0,199583,31630,26344,27199,4952,237,536,454,336,388,308,438,4792,182,188,339,27344,274,1906,4185,2273,10041,658,120,87,16941,14381,6155,444,254,4533,586,2521,7109,1161,2484,536,1028,1389,156,83,113,102,116,354,126,253,0,0,0,0,0,0,0,0,0,0,0,0,0,0,0,0,0,0,0,0,0,0,0,0,0,0,0,0,0,0,0,0,0,0,0,0,0,0,0,0,0,0,0,0,0,0,0,0,0
2024-12-11,US,687014,0,0,0,0,0,0,0,0,0,0,0,0,0,0,0,0,12989,0,0,0,14014,0,0,0,613,0,0,0,237721,0,208507,32753,27915,27851,5092,233,555,470,359,376,318,461,5084,189,195,362,28504,284,1981,4168,2291,10359,698,121,90,17804,14983,6120,447,263,4624,580,2595,7155,1173,2449,523,1034,1385,160,86,115,105,119,352,129,258,0,0,0,0,0,0,0,0,0,0,0,0,0,0,0,0,0,0,0,0,0,0,0,0,0,0,0,0,0,0,0,0,0,0,0,0,0,0,0,0,0,0,0,0,0,0,0,0,0
2024-12-12,US,708940,0,0,0,0,0,0,0,0,0,0,0,0,0,0,0,0,13505,0,0,0,14441,0,0,0,637,0,0,0,241913,0,217847,33923,29565,28523,5237,228,575,486,382,363,329,485,5390,197,204,385,29717,294,2060,4147,2309,10690,742,122,93,18709,15613,6077,450,273,4718,573,2671,7197,1185,2410,510,1040,1379,165,89,116,108,123,351,132,264,0,0,0,0,0,0,0,0,0,0,0,0,0,0,0,0,0,0,0,0,0,0,0,0,0,0,0,0,0,0,0,0,0,0,0,0,0,0,0,0,0,0,0,0,0,0,0,0,0
2024-12-13,US,733042,0,0,0,0,0,0,0,0,0,0,0,0,0,0,0,0,14068,0,0,0,14910,0,0,0,663,0,0,0,246627,0,228029,35205,31355,29269,5397,223,596,503,408,349,341,511,5723,206,212,411,31041,306,2146,4129,2330,11054,788,123,97,19693,16300,6038,453,283,4823,567,2755,7250,1199,2371,496,1047,1374,169,92,118,111,127,349,135,271,0,0,0,0,0,0,0,0,0,0,0,0,0,0,0,0,0,0,0,0,0,0,0,0,0,0,0,0,0,0,0,0,0,0,0,0,0,0,0,0,0,0,0,0,0,0,0,0,0
2024-12-14,US,760705,0,0,0,0,0,0,0,0,0,0,0,0,0,0,0,0,14708,0,0,0,15450,0,0,0,693,0,0,0,252291,0,239516,36668,33354,30141,5582,219,621,523,436,336,354,540,6093,215,222,439,32538,319,2244,4119,2358,11471,840,125,101,20797,17078,6011,457,295,4947,561,2852,7324,1217,2334,483,1057,1372,175,96,120,115,131,348,139,279,0,0,0,0,0,0,0,0,0,0,0,0,0,0,0,0,0,0,0,0,0,0,0,0,0,0,0,0,0,0,0,0,0,0,0,0,0,0,0,0,0,0,0,0,0,0,0,0,0
2024-12-15,US,791853,0,0,0,0,0,0,0,0,0,0,0,0,0,0,0,0,15423,0,0,0,16059,0,0,0,726,0,0,0,258829,0,252323,38309,35568,31133,5791,214,649,546,467,321,369,572,6504,226,234,471,34209,333,2353,4116,2393,11941,898,127,106,22025,17946,5991,463,309,5089,555,2961,7416,1239,2299,469,1070,1372,182,100,123,119,136,347,144,287,0,0,0,0,0,0,0,0,0,0,0,0,0,0,0,0,0,0,0,0,0,0,0,0,0,0,0,0,0,0,0,0,0,0,0,0,0,0,0,0,0,0,0,0,0,0,0,0,0
2024-12-16,US,819709,0,0,0,0,0,0,0,0,0,0,0,0,0,0,0,0,16083,0,0,0,16600,0,0,0,757,0,0,0,264008,0,264305,39801,37698,31977,5974,208,674,566,497,303,383,603,6899,236,244,501,35763,347,2454,4082,2413,12362,953,129,110,23190,18752,5927,466,321,5206,545,3058,7462,1253,2244,451,1076,1362,187,104,125,123,140,344,147,295,0,0,0,0,0,0,0,0,0,0,0,0,0,0,0,0,0,0,0,0,0,0,0,0,0,0,0,0,0,0,0,0,0,0,0,0,0,0,0,0,0,0,0,0,0,0,0,0,0
2024-12-17,US,844418,0,0,0,0,0,0,0,0,0,0,0,0,0,0,0,0,16688,0,0,0,17075,0,0,0,785,0,0,0,267922,0,275471,41149,39739,32683,6134,200,696,584,527,283,395,632,7279,245,254,531,37202,359,2546,4022,2420,12735,1007,129,114,24290,19498,5822,466,332,5298,531,3142,7466,1260,2172,428,1075,1344,192,108,126,126,144,339,150,301,0,0,0,0,0,0,0,0,0,0,0,0,0,0,0,0,0,0,0,0,0,0,0,0,0,0,0,0,0,0,0,0,0,0,0,0,0,0,0,0,0,0,0,0,0,0,0,0,0
2024-12-18,US,863468,0,0,0,0,0,0,0,0,0,0,0,0,0,0,0,0,17188,0,0,0,17435,0,0,0,808,0,0,0,269830,0,284957,42230,41561,33156,6251,190,715,598,553,258,405,657,7619,253,262,558,38411,369,2623,3925,2406,13022,1055,129,117,25248,20122,5664,462,341,5352,512,3205,7408,1257,2078,402,1066,1313,196,111,126,129,147,331,152,305,0,0,0,0,0,0,0,0,0,0,0,0,0,0,0,0,0,0,0,0,0,0,0,0,0,0,0,0,0,0,0,0,0,0,0,0,0,0,0,0,0,0,0,0,0,0,0,0,0
2024-12-19,US,875757,0,0,0,0,0,0,0,0,0,0,0,0,0,0,0,0,17557,0,0,0,17657,0,0,0,825,0,0,0,269475,0,292332,42985,43091,33360,6318,178,727,608,576,231,411,678,7906,259,268,580,39333,376,2680,3790,2372,13208,1095,127,119,26024,20596,5450,454,348,5362,488,3243,7284,1244,1963,370,1048,1270,198,113,126,130,149,319,153,306,0,0,0,0,0,0,0,0,0,0,0,0,0,0,0,0,0,0,0,0,0,0,0,0,0,0,0,0,0,0,0,0,0,0,0,0,0,0,0,0,0,0,0,0,0,0,0,0,0
2024-12-20,US,887566,0,0,0,0,0,0,0,0,0,0,0,0,0,0,0,0,17921,0,0,0,17869,0,0,0,842,0,0,0,268856,0,299637,43721,44623,33539,6381,165,740,617,599,202,417,698,8193,265,274,603,40243,383,2735,3648,2335,13386,1136,125,121,26797,21063,5226,446,354,5367,463,3278,7149,1229,1843,337,1027,1224,199,115,125,131,150,307,154,307,0,0,0,0,0,0,0,0,0,0,0,0,0,0,0,0,0,0,0,0,0,0,0,0,0,0,0,0,0,0,0,0,0,0,0,0,0,0,0,0,0,0,0,0,0,0,0,0,0
2024-12-21,US,901103,0,0,0,0,0,0,0,0,0,0,0,0,0,0,0,0,18308,0,0,0,18100,0,0,124,860,0,618,0,268418,0,307368,44510,46231,33747,6451,152,753,627,622,173,424,720,8495,271,280,627,41208,390,2794,3505,2298,13579,1179,124,124,27611,21559,4999,437,361,5376,437,3317,7016,1214,1720,304,1007,1178,201,117,124,133,152,295,154,309,0,0,0,0,0,0,0,0,0,0,0,0,0,0,0,0,0,0,0,0,0,0,0,0,0,0,0,0,0,0,0,0,0,0,0,0,0,0,0,0,0,0,0,0,0,0,0,0,0
2024-12-22,US,910212,0,0,0,0,0,0,0,0,0,0,0,0,0,0,0,0,18443,0,0,0,18007,0,0,154,875,0,630,0,267661,0,312452,44996,48912,33720,6546,153,749,632,707,182,429,717,8739,276,286,633,41911,502,2882,3491,2386,13767,1313,125,126,27912,22004,4995,437,366,5438,439,3308,6905,1230,1743,305,986,1162,203,119,125,134,0,0,0,0,0,0,0,0,0,0,0,0,0,0,0,0,0,0,0,0,0,0,0,0,0,0,0,0,0,0,0,0,0,0,0,0,0,0,0,0,0,0,0,0,0,0,0,0,0,0,0,0,0
2024-12-23,US,923062,0,0,0,0,0,0,0,0,0,0,0,0,0,0,0,0,18633,0,0,0,17962,0,0,185,893,0,645,0,267644,0,318550,45623,51798,33788,6662,153,747,638,795,190,436,717,9014,283,292,641,42750,618,2980,3487,2483,13998,1455,127,128,28300,22522,5006,437,373,5517,442,3307,6811,1251,1772,306,968,1148,205,121,127,135,0,0,0,0,0,0,0,0,0,0,0,0,0,0,0,0,0,0,0,0,0,0,0,0,0,0,0,0,0,0,0,0,0,0,0,0,0,0,0,0,0,0,0,0,0,0,0,0,0,0,0,0,0
2024-12-24,US,941132,0,0,0,0,0,0,0,0,0,0,0,0,0,0,0,0,18927,0,0,0,18009,0,0,219,916,0,663,0,269012,0,326505,46507,55051,34034,6817,155,749,647,891,201,445,721,9346,290,300,652,43840,741,3097,3500,2596,14310,1609,129,131,28848,23174,5042,440,382,5628,448,3324,6748,1278,1810,309,953,1139,208,124,129,137,0,0,0,0,0,0,0,0,0,0,0,0,0,0,0,0,0,0,0,0,0,0,0,0,0,0,0,0,0,0,0,0,0,0,0,0,0,0,0,0,0,0,0,0,0,0,0,0,0,0,0,0,0
2024-12-25,US,965147,0,0,0,0,0,0,0,0,0,0,0,0,0,0,0,0,19337,0,0,0,18156,0,0,255,946,0,686,0,271908,0,336599,47684,58751,34476,7016,158,755,661,995,212,457,728,9743,300,310,667,45217,874,3236,3534,2728,14714,1779,132,135,29578,23982,5108,445,393,5774,456,3360,6720,1314,1861,314,944,1137,212,127,132,140,0,0,0,0,0,0,0,0,0,0,0,0,0,0,0,0,0,0,0,0,0,0,0,0,0,0,0,0,0,0,0,0,0,0,0,0,0,0,0,0,0,0,0,0,0,0,0,0,0,0,0,0,0
2024-12-26,US,996467,0,0,0,0,0,0,0,0,0,0,0,0,0,0,0,0,19890,0,0,0,18422,0,0,295,983,0,714,0,276636,0,349341,49222,63027,35154,7269,161,766,680,1112,226,473,740,10223,313,323,688,46951,1020,3403,3591,2885,15231,1970,136,140,30531,24984,5209,454,408,5964,467,3419,6731,1360,1925,321,939,1141,218,132,136,144,0,0,0,0,0,0,0,0,0,0,0,0,0,0,0,0,0,0,0,0,0,0,0,0,0,0,0,0,0,0,0,0,0,0,0,0,0,0,0,0,0,0,0,0,0,0,0,0,0,0,0,0,0
2024-12-27,US,1022839,0,0,0,0,0,0,0,0,0,0,0,0,0,0,0,0,20339,0,0,0,18579,0,0,335,1015,0,739,0,279753,0,360454,50514,67127,35633,7488,164,773,695,1229,239,486,749,10662,323,334,704,48468,1167,3556,3626,3031,15675,2158,139,144,31333,25874,5280,460,421,6125,476,3457,6696,1399,1981,327,928,1138,223,136,139,147,0,0,0,0,0,0,0,0,0,0,0,0,0,0,0,0,0,0,0,0,0,0,0,0,0,0,0,0,0,0,0,0,0,0,0,0,0,0,0,0,0,0,0,0,0,0,0,0,0,0,0,0,0
2024-12-28,US,1040273,0,0,0,0,0,0,0,0,0,0,0,0,0,0,0,0,20607,0,0,0,18559,0,0,374,1039,0,758,0,280246,0,368496,51365,70744,35781,7642,166,772,703,1338,250,495,750,11015,332,343,715,49573,1310,3681,3628,3154,15983,2334,141,147,31860,26549,5302,461,430,6232,481,3463,6594,1426,2019,329,907,1123,226,139,141,149,0,0,0,0,0,0,0,0,0,0,0,0,0,0,0,0,0,0,0,0,0,0,0,0,0,0,0,0,0,0,0,0,0,0,0,0,0,0,0,0,0,0,0,0,0,0,0,0,0,0,0,0,0
2024-12-29,US,1052081,0,0,0,0,0,0,0,0,0,0,0,0,0,0,0,0,20762,0,0,0,18429,0,0,411,1057,0,773,0,279104,0,374599,51938,74048,35722,7756,166,767,708,1442,260,501,746,11313,338,349,722,50418,1449,3789,3608,3262,16207,2500,143,150,32215,27086,5293,460,436,6306,483,3449,6450,1445,2046,330,880,1101,227,141,143,150,0,0,0,0,0,0,0,0,0,0,0,0,0,0,0,0,0,0,0,0,0,0,0,0,0,0,0,0,0,0,0,0,0,0,0,0,0,0,0,0,0,0,0,0,0,0,0,0,0,0,0,0,0
2024-12-30,US,1058099,0,0,0,0,0,0,0,0,0,0,0,0,0,0,0,0,20801,0,0,0,18193,0,0,447,1070,0,784,0,276353,0,378672,52225,76986,35459,7828,166,757,709,1541,269,505,739,11552,343,354,724,50989,1582,3876,3568,3353,16342,2656,143,151,32392,27479,5255,456,441,6345,482,3415,6268,1457,2062,328,848,1073,228,142,143,151,0,0,0,0,0,0,0,0,0,0,0,0,0,0,0,0,0,0,0,0,0,0,0,0,0,0,0,0,0,0,0,0,0,0,0,0,0,0,0,0,0,0,0,0,0,0,0,0,0,0,0,0,0
2024-12-31,US,1057149,0,0,0,0,0,0,0,0,0,0,0,0,0,0,0,0,20703,0,0,0,17834,0,0,480,1075,0,790,0,271762,0,380261,52168,79429,34961,7848,164,742,705,1629,276,505,726,11715,345,357,722,51227,1705,3938,3503,3422,16369,2794,143,151,32356,27691,5181,450,442,6342,478,3359,6042,1459,2065,325,810,1037,227,143,143,150,0,0,0,0,0,0,0,0,0,0,0,0,0,0,0,0,0,0,0,0,0,0,0,0,0,0,0,0,0,0,0,0,0,0,0,0,0,0,0,0,0,0,0,0,0,0,0,0,0,0,0,0,0
2025-01-01,US,1050149,0,0,0,0,0,0,0,0,0,0,0,0,0,0,0,0,20486,0,0,0,17377,0,0,510,1075,0,791,0,265650,0,379659,51812,81398,34266,7823,162,723,697,1707,281,503,709,11811,345,357,716,51169,1818,3977,3419,3471,16303,2916,142,151,32135,27743,5078,440,441,6303,472,3283,5784,1453,2055,319,767,996,224,143,142,148,0,0,0,0,0,0,0,0,0,0,0,0,0,0,0,0,0,0,0,0,0,0,0,0,0,0,0,0,0,0,0,0,0,0,0,0,0,0,0,0,0,0,0,0,0,0,0,0,0,0,0,0,0
2025-01-02,US,1036527,0,0,0,0,0,0,0,0,0,0,0,0,0,0,0,0,20143,0,0,0,16816,0,0,536,1067,0,787,0,257948,0,376625,51130,82804,33364,7748,158,700,685,1773,285,497,689,11828,343,355,705,50783,1916,3990,3315,3497,16133,3016,139,150,31712,27616,4945,428,437,6224,462,3188,5494,1437,2033,312,721,949,220,141,140,146,0,0,0,0,0,0,0,0,0,0,0,0,0,0,0,0,0,0,0,0,0,0,0,0,0,0,0,0,0,0,0,0,0,0,0,0,0,0,0,0,0,0,0,0,0,0,0,0,0,0,0,0,0
2025-01-03,US,1018796,0,0,0,0,0,0,0,0,0,0,0,0,0,0,0,0,19721,0,0,0,16199,0,0,559,1055,0,780,0,249352,0,372040,50245,83807,32344,7642,154,674,671,1829,287,489,665,11793,340,352,692,50187,2004,3985,3199,3507,15897,3100,137,148,31163,27372,4794,415,431,6120,451,3082,5188,1416,2003,304,672,899,215,139,137,143,0,0,0,0,0,0,0,0,0,0,0,0,0,0,0,0,0,0,0,0,0,0,0,0,0,0,0,0,0,0,0,0,0,0,0,0,0,0,0,0,0,0,0,0,0,0,0,0,0,0,0,0,0
2025-01-04,US,999505,0,0,0,0,0,0,0,0,0,0,0,0,0,0,0,0,19273,0,0,0,15569,0,0,580,1042,0,771,0,240528,0,366818,49284,84593,31290,7523,150,648,655,1879,288,480,641,11734,336,348,677,49504,2084,3971,3081,3508,15636,3175,134,146,30566,27078,4638,401,425,6007,439,2973,4883,1392,1969,295,624,849,210,137,134,139,0,0,0,0,0,0,0,0,0,0,0,0,0,0,0,0,0,0,0,0,0,0,0,0,0,0,0,0,0,0,0,0,0,0,0,0,0,0,0,0,0,0,0,0,0,0,0,0,0,0,0,0,0
2025-01-05,US,979086,0,0,0,0,0,0,0,0,0,0,0,0,0,0,0,0,18805,0,0,0,14935,0,0,599,1026,0,761,0,231595,0,361109,48268,85189,30219,7394,145,621,639,1924,289,471,617,11655,332,343,662,48754,2156,3951,2961,3504,15356,3240,131,143,29935,26744,4479,387,418,5887,427,2863,4580,1367,1933,286,577,800,205,135,131,136,0,0,0,0,0,0,0,0,0,0,0,0,0,0,0,0,0,0,0,0,0,0,0,0,0,0,0,0,0,0,0,0,0,0,0,0,0,0,0,0,0,0,0,0,0,0,0,0,0,0,0,0,0
2025-01-06,US,958398,0,0,0,0,0,0,0,0,0,0,0,0,0,0,0,0,18336,0,0,0,14310,0,0,617,1011,0,751,0,222768,0,355225,47239,85664,29158,7262,141,595,622,1965,289,462,593,11566,327,338,647,47981,2224,3927,2843,3495,15070,3299,128,141,29296,26393,4322,373,411,5765,415,2754,4284,1341,1896,277,531,752,200,133,128,133,0,0,0,0,0,0,0,0,0,0,0,0,0,0,0,0,0,0,0,0,0,0,0,0,0,0,0,0,0,0,0,0,0,0,0,0,0,0,0,0,0,0,0,0,0,0,0,0,0,0,0,0,0
2025-01-07,US,939602,0,0,0,0,0,0,0,0,0,0,0,0,0,0,0,0,17905,0,0,0,13726,0,0,634,997,0,742,0,214544,0,349970,46303,86214,28172,7144,137,571,607,2006,290,454,571,11494,323,334,633,47291,2291,3908,2733,3491,14812,3360,125,139,28716,26086,4176,360,404,5655,403,2652,4005,1318,1863,269,488,706,195,131,125,129,0,0,0,0,0,0,0,0,0,0,0,0,0,0,0,0,0,0,0,0,0,0,0,0,0,0,0,0,0,0,0,0,0,0,0,0,0,0,0,0,0,0,0,0,0,0,0,0,0,0,0,0,0
2025-01-08,US,919629,0,0,0,0,0,0,0,0,0,0,0,0,0,0,0,0,17456,0,0,0,13137,0,0,650,981,0,732,0,206211,0,344207,45310,86564,27167,7016,133,547,592,2041,290,445,549,11400,319,330,618,46532,2350,3882,2622,3479,14533,3411,122,136,28099,25738,4027,347,397,5537,392,2549,3729,1292,1827,260,445,661,190,128,122,126,0,0,0,0,0,0,0,0,0,0,0,0,0,0,0,0,0,0,0,0,0,0,0,0,0,0,0,0,0,0,0,0,0,0,0,0,0,0,0,0,0,0,0,0,0,0,0,0,0,0,0,0,0
2025-01-09,US,900010,0,0,0,0,0,0,0,0,0,0,0,0,0,0,0,0,17015,0,0,0,12566,0,0,665,966,0,722,0,198120,0,338503,44334,86852,26191,6889,129,523,576,2074,290,436,527,11305,314,325,604,45780,2406,3855,2514,3467,14259,3458,120,134,27494,25390,3883,334,390,5422,380,2449,3463,1268,1792,252,404,618,185,126,120,123,0,0,0,0,0,0,0,0,0,0,0,0,0,0,0,0,0,0,0,0,0,0,0,0,0,0,0,0,0,0,0,0,0,0,0,0,0,0,0,0,0,0,0,0,0,0,0,0,0,0,0,0,0
2025-01-10,US,880845,0,0,0,0,0,0,0,0,0,0,0,0,0,0,0,0,16587,0,0,0,12014,0,0,678,951,0,712,0,190289,0,332899,43382,87092,25245,6765,125,500,561,2104,290,427,506,11209,310,320,590,45040,2459,3827,2410,3453,13991,3501,117,131,26903,25047,3743,322,384,5309,369,2352,3207,1244,1757,244,364,576,180,124,117,120,0,0,0,0,0,0,0,0,0,0,0,0,0,0,0,0,0,0,0,0,0,0,0,0,0,0,0,0,0,0,0,0,0,0,0,0,0,0,0,0,0,0,0,0,0,0,0,0,0,0,0,0,0
2025-01-11,US,865127,0,0,0,0,0,0,0,0,0,0,0,0,0,0,0,0,16226,0,0,0,11520,0,0,693,939,0,704,0,183346,0,328535,42599,87590,24414,6667,121,480,549,2140,291,420,487,11151,306,317,578,44468,2517,3812,2317,3450,13775,3554,114,130,26417,24794,3620,311,378,5216,360,2267,2970,1224,1729,237,327,537,176,122,115,117,0,0,0,0,0,0,0,0,0,0,0,0,0,0,0,0,0,0,0,0,0,0,0,0,0,0,0,0,0,0,0,0,0,0,0,0,0,0,0,0,0,0,0,0,0,0,0,0,0,0,0,0,0
2025-01-12,US,859678,0,0,0,0,0,0,0,0,0,0,0,0,0,0,0,0,16059,0,0,0,11170,0,0,716,939,0,705,0,178667,0,328031,42323,89077,23881,6647,119,465,543,2199,295,418,474,11222,307,317,573,44418,2602,3842,2253,3487,13723,3646,114,129,26245,24830,3541,304,377,5186,355,2209,2773,1219,1722,233,295,505,174,122,114,116,0,0,0,0,0,0,0,0,0,0,0,0,0,0,0,0,0,0,0,0,0,0,0,0,0,0,0,0,0,0,0,0,0,0,0,0,0,0,0,0,0,0,0,0,0,0,0,0,0,0,0,0,0
2025-01-13,US,856645,0,0,0,0,0,0,0,0,0,0,0,0,0,0,0,0,15938,0,0,0,10854,0,0,741,941,0,708,0,174525,0,328433,42165,90794,23419,6645,118,452,538,2264,300,417,463,11323,308,318,570,44490,2694,3881,2195,3533,13709,3747,113,129,26147,24934,3473,297,378,5170,351,2158,2586,1217,1720,229,264,476,173,122,113,115,0,0,0,0,0,0,0,0,0,0,0,0,0,0,0,0,0,0,0,0,0,0,0,0,0,0,0,0,0,0,0,0,0,0,0,0,0,0,0,0,0,0,0,0,0,0,0,0,0,0,0,0,0
2025-01-14,US,854682,0,0,0,0,0,0,0,0,0,0,0,0,0,0,0,0,15837,0,0,0,10554,0,0,766,944,0,711,0,170622,0,329236,42060,92612,22989,6652,116,439,535,2331,305,417,452,11437,309,320,567,44616,2788,3925,2141,3584,13711,3852,112,130,26081,25068,3409,292,378,5160,347,2109,2403,1217,1719,226,233,447,172,122,113,114,0,0,0,0,0,0,0,0,0,0,0,0,0,0,0,0,0,0,0,0,0,0,0,0,0,0,0,0,0,0,0,0,0,0,0,0,0,0,0,0,0,0,0,0,0,0,0,0,0,0,0,0,0
2025-01-15,US,857791,0,0,0,0,0,0,0,0,0,0,0,0,0,0,0,0,15830,0,0,0,10315,0,0,796,952,0,719,0,167728,0,331995,42205,94982,22695,6698,116,429,534,2412,312,419,444,11619,312,323,568,45008,2899,3993,2099,3655,13795,3980,113,131,26171,25351,3366,287,381,5181,346,2074,2234,1225,1729,224,203,420,172,123,113,114,0,0,0,0,0,0,0,0,0,0,0,0,0,0,0,0,0,0,0,0,0,0,0,0,0,0,0,0,0,0,0,0,0,0,0,0,0,0,0,0,0,0,0,0,0,0,0,0,0,0,0,0,0
2025-01-16,US,865967,0,0,0,0,0,0,0,0,0,0,0,0,0,0,0,0,15916,0,0,0,10134,0,0,831,967,0,731,0,165778,0,336735,42599,97940,22530,6784,115,422,537,2509,321,423,439,11872,318,328,572,45668,3028,4084,2069,3749,13961,4133,113,132,26415,25787,3342,285,386,5233,346,2050,2076,1239,1749,224,175,396,172,124,114,115,0,0,0,0,0,0,0,0,0,0,0,0,0,0,0,0,0,0,0,0,0,0,0,0,0,0,0,0,0,0,0,0,0,0,0,0,0,0,0,0,0,0,0,0,0,0,0,0,0,0,0,0,0
2025-01-17,US,879969,0,0,0,0,0,0,0,0,0,0,0,0,0,0,0,0,16107,0,0,0,10014,0,0,872,988,0,748,0,164854,0,343781,43279,101608,22507,6917,116,417,543,2624,332,431,436,12208,325,336,580,46642,3181,4205,2052,3870,14222,4317,115,135,26836,26400,3338,284,394,5320,349,2038,1927,1262,1781,225,147,373,174,127,115,116,0,0,0,0,0,0,0,0,0,0,0,0,0,0,0,0,0,0,0,0,0,0,0,0,0,0,0,0,0,0,0,0,0,0,0,0,0,0,0,0,0,0,0,0,0,0,0,0,0,0,0,0,0
2025-01-18,US,900667,0,0,0,0,0,0,0,0,117,0,0,0,0,0,0,0,16416,0,0,0,9958,0,0,921,1017,0,771,0,165021,0,353459,44282,106118,22637,7101,118,415,553,2761,346,442,436,12642,335,346,593,47973,3361,4359,2048,4022,14590,4538,118,139,27458,27219,3358,286,405,5447,354,2040,1785,1294,1827,227,119,353,178,130,118,119,0,0,0,0,0,0,0,0,0,0,0,0,0,0,0,0,0,0,0,0,0,0,0,0,0,0,0,0,0,0,0,0,0,0,0,0,0,0,0,0,0,0,0,0,0,0,0,0,0,0,0,0,0
2025-01-19,US,904952,0,0,0,0,0,0,0,0,137,0,0,0,0,0,0,0,16495,0,0,0,10041,0,0,928,1027,0,811,0,163262,0,354190,43995,110966,22596,7064,122,435,546,2861,361,444,428,12732,339,350,636,48013,3491,4396,2055,4056,14533,4721,119,140,27428,27586,3297,282,408,5412,353,2031,1763,1278,1812,235,120,347,178,131,0,0,0,0,0,0,0,0,0,0,0,0,0,0,0,0,0,0,0,0,0,0,0,0,0,0,0,0,0,0,0,0,0,0,0,0,0,0,0,0,0,0,0,0,0,0,0,0,0,0,0,0,0,0,0
2025-01-20,US,910521,0,0,0,0,0,0,0,0,157,0,0,0,0,0,0,0,16593,0,0,0,10136,0,0,936,1039,0,851,0,161662,0,355319,43752,115991,22578,7034,127,457,539,2966,377,448,421,12838,343,355,681,48105,3627,4438,2064,4095,14491,4912,122,141,27428,27987,3240,278,413,5383,352,2023,1743,1263,1799,242,122,342,178,132,0,0,0,0,0,0,0,0,0,0,0,0,0,0,0,0,0,0,0,0,0,0,0,0,0,0,0,0,0,0,0,0,0,0,0,0,0,0,0,0,0,0,0,0,0,0,0,0,0,0,0,0,0,0,0
2025-01-21,US,915510,0,0,0,0,0,0,0,0,177,0,0,0,0,0,0,0,16681,0,0,0,10225,0,0,944,1051,0,891,0,159930,0,356209,43476,120991,22545,6999,132,478,532,3069,393,451,413,12935,347,359,725,48165,3761,4477,2072,4132,14438,5102,123,143,27408,28373,3179,274,416,5349,351,2014,1721,1247,1785,250,124,337,178,133,0,0,0,0,0,0,0,0,0,0,0,0,0,0,0,0,0,0,0,0,0,0,0,0,0,0,0,0,0,0,0,0,0,0,0,0,0,0,0,0,0,0,0,0,0,0,0,0,0,0,0,0,0,0,0
2025-01-22,US,917769,0,0,0,0,0,0,0,0,197,0,0,0,0,0,0,0,16718,0,0,0,10284,0,0,949,1059,0,929,0,157700,0,356029,43066,125666,22444,6942,137,498,524,3164,407,453,403,12994,351,363,768,48080,3886,4504,2074,4157,14341,5278,125,144,27306,28676,3108,269,419,5299,349,1998,1693,1227,1766,257,126,331,177,133,0,0,0,0,0,0,0,0,0,0,0,0,0,0,0,0,0,0,0,0,0,0,0,0,0,0,0,0,0,0,0,0,0,0,0,0,0,0,0,0,0,0,0,0,0,0,0,0,0,0,0,0,0,0,0
2025-01-23,US,915523,0,0,0,0,0,0,0,0,215,0,0,0,0,0,0,0,16674,0,0,0,10293,0,0,949,1062,0,962,0,154696,0,354102,42445,129723,22232,6852,141,516,513,3244,420,452,392,12990,352,364,807,47759,3991,4508,2066,4161,14174,5427,126,144,27069,28839,3022,263,420,5223,345,1973,1657,1201,1737,263,127,323,176,133,0,0,0,0,0,0,0,0,0,0,0,0,0,0,0,0,0,0,0,0,0,0,0,0,0,0,0,0,0,0,0,0,0,0,0,0,0,0,0,0,0,0,0,0,0,0,0,0,0,0,0,0,0,0,0
2025-01-24,US,914986,0,0,0,0,0,0,0,0,234,0,0,0,0,0,0,0,16660,0,0,0,10320,0,0,951,1068,0,997,0,151989,0,352838,41905,134009,22062,6774,145,535,502,3329,433,453,382,13010,354,366,848,47527,4103,4521,2062,4173,14034,5587,127,144,26883,29054,2942,257,421,5157,342,1952,1625,1177,1712,269,128,315,175,133,0,0,0,0,0,0,0,0,0,0,0,0,0,0,0,0,0,0,0,0,0,0,0,0,0,0,0,0,0,0,0,0,0,0,0,0,0,0,0,0,0,0,0,0,0,0,0,0,0,0,0,0,0,0,0
2025-01-25,US,916180,0,0,0,0,0,0,0,0,254,0,0,0,0,0,0,0,16679,0,0,0,10367,0,0,955,1075,0,1034,0,149568,0,352242,41443,138552,21934,6709,150,554,493,3421,448,454,372,13054,357,369,890,47385,4223,4542,2061,4193,13920,5757,129,145,26749,29325,2868,252,423,5100,339,1934,1596,1156,1690,276,130,308,175,133,0,0,0,0,0,0,0,0,0,0,0,0,0,0,0,0,0,0,0,0,0,0,0,0,0,0,0,0,0,0,0,0,0,0,0,0,0,0,0,0,0,0,0,0,0,0,0,0,0,0,0,0,0,0,0
2025-01-26,US,926323,0,0,0,0,0,0,0,0,276,0,0,0,0,0,0,0,16860,0,0,0,10516,0,0,968,1092,0,1082,0,148575,0,355072,41380,144502,22018,6709,156,579,489,3547,467,460,366,13226,363,376,941,47704,4386,4608,2081,4255,13940,5985,132,147,26873,29885,2820,249,429,5093,340,1935,1581,1145,1685,286,132,304,176,135,0,0,0,0,0,0,0,0,0,0,0,0,0,0,0,0,0,0,0,0,0,0,0,0,0,0,0,0,0,0,0,0,0,0,0,0,0,0,0,0,0,0,0,0,0,0,0,0,0,0,0,0,0,0,0
2025-01-27,US,943513,0,0,0,0,0,0,0,0,301,0,0,0,0,0,0,0,17169,0,0,0,10745,0,0,988,1119,0,1139,0,148634,0,360573,41616,151681,22264,6757,163,609,488,3702,489,469,362,13500,372,385,1001,48380,4585,4709,2116,4348,14063,6264,135,150,27197,30679,2792,248,439,5122,343,1950,1578,1143,1691,298,136,303,178,138,0,0,0,0,0,0,0,0,0,0,0,0,0,0,0,0,0,0,0,0,0,0,0,0,0,0,0,0,0,0,0,0,0,0,0,0,0,0,0,0,0,0,0,0,0,0,0,0,0,0,0,0,0,0,0
2025-01-28,US,969441,0,0,0,0,0,0,0,0,329,0,0,0,0,0,0,0,17637,0,0,0,11076,0,0,1018,1155,0,1208,0,149947,0,369363,42214,160471,22710,6865,172,646,491,3896,517,482,361,13899,385,398,1071,49493,4833,4854,2171,4483,14309,6609,141,155,27764,31768,2786,249,453,5196,349,1982,1588,1150,1712,313,141,303,182,141,0,0,0,0,0,0,0,0,0,0,0,0,0,0,0,0,0,0,0,0,0,0,0,0,0,0,0,0,0,0,0,0,0,0,0,0,0,0,0,0,0,0,0,0,0,0,0,0,0,0,0,0,0,0,0
2025-01-29,US,1008925,0,0,0,0,0,0,0,0,364,0,0,0,0,0,0,0,18351,0,0,0,11564,0,0,1062,1209,0,1296,0,153170,0,383243,43365,171816,23462,7063,184,693,500,4151,553,503,364,14496,403,417,1160,51285,5156,5069,2255,4682,14747,7057,148,162,28708,33318,2813,254,473,5338,360,2040,1618,1172,1756,332,148,308,188,147,0,0,0,0,0,0,0,0,0,0,0,0,0,0,0,0,0,0,0,0,0,0,0,0,0,0,0,0,0,0,0,0,0,0,0,0,0,0,0,0,0,0,0,0,0,0,0,0,0,0,0,0,0,0,0
2025-01-30,US,1062926,0,0,0,0,0,0,0,0,406,0,0,0,0,0,0,0,19329,0,0,0,12222,0,0,1122,1280,0,1407,0,158329,0,402530,45087,186078,24536,7356,199,752,515,4475,599,531,372,15303,428,442,1270,53793,5565,5358,2372,4949,15383,7624,157,171,30047,35372,2872,261,500,5551,376,2126,1668,1208,1822,358,158,316,198,155,0,0,0,0,0,0,0,0,0,0,0,0,0,0,0,0,0,0,0,0,0,0,0,0,0,0,0,0,0,0,0,0,0,0,0,0,0,0,0,0,0,0,0,0,0,0,0,0,0,0,0,0,0,0,0
2025-01-31,US,1123620,0,0,0,0,0,0,0,0,452,0,0,0,0,0,0,0,20429,0,0,0,12961,0,0,1189,1360,0,1531,0,164158,0,424219,47028,202059,25744,7685,215,818,532,4837,650,562,381,16211,455,471,1392,56615,6023,5683,2504,5250,16099,8259,168,182,31555,37677,2940,269,531,5790,394,2222,1725,1248,1896,386,168,325,208,164,0,0,0,0,0,0,0,0,0,0,0,0,0,0,0,0,0,0,0,0,0,0,0,0,0,0,0,0,0,0,0,0,0,0,0,0,0,0,0,0,0,0,0,0,0,0,0,0,0,0,0,0,0,0,0
2025-02-01,US,1187620,0,0,0,0,0,0,0,0,503,0,0,0,0,0,0,0,21588,0,0,0,13743,0,0,1260,1445,0,1664,0,170113,0,447011,49038,219229,27007,8027,233,889,550,5226,705,594,389,17169,484,500,1525,59576,6515,6026,2642,5567,16844,8940,179,193,33132,40124,3006,277,563,6038,412,2322,1782,1290,1973,416,180,334,219,174,0,0,0,0,0,0,0,0,0,0,0,0,0,0,0,0,0,0,0,0,0,0,0,0,0,0,0,0,0,0,0,0,0,0,0,0,0,0,0,0,0,0,0,0,0,0,0,0,0,0,0,0,0,0,0
2025-02-02,US,1239547,0,0,0,0,0,0,0,0,551,0,0,0,0,0,0,0,22527,0,0,0,14389,0,0,1319,1516,0,1785,0,174007,0,465127,50484,234722,27975,8279,249,954,561,5572,754,621,392,17957,508,526,1647,61905,6955,6310,2754,5830,17402,9551,189,202,34351,42194,3032,282,590,6217,426,2396,1817,1315,2027,443,189,339,227,181,0,0,0,0,0,0,0,0,0,0,0,0,0,0,0,0,0,0,0,0,0,0,0,0,0,0,0,0,0,0,0,0,0,0,0,0,0,0,0,0,0,0,0,0,0,0,0,0,0,0,0,0,0,0,0
2025-02-03,US,1261783,0,0,0,0,0,0,0,0,587,0,0,0,0,0,0,0,22926,0,0,0,14693,0,0,1346,1551,0,1866,0,173522,0,472015,50679,244947,28261,8326,260,997,557,5792,787,633,385,18317,521,538,1733,62735,7238,6444,2799,5955,17532,9947,194,206,34733,43271,2978,279,603,6241,430,2411,1806,1307,2030,460,194,335,230,185,0,0,0,0,0,0,0,0,0,0,0,0,0,0,0,0,0,0,0,0,0,0,0,0,0,0,0,0,0,0,0,0,0,0,0,0,0,0,0,0,0,0,0,0,0,0,0,0,0,0,0,0,0,0,0
2025-02-04,US,1255784,0,0,0,0,0,0,0,0,611,0,0,0,0,0,0,0,22812,0,0,0,14669,0,0,1343,1552,0,1906,0,169107,0,468323,49731,249767,27911,8185,264,1018,541,5884,802,631,369,18267,521,539,1780,62157,7361,6435,2781,5947,17268,10123,195,206,34335,43384,2857,271,602,6125,424,2372,1754,1269,1987,467,195,323,228,184,0,0,0,0,0,0,0,0,0,0,0,0,0,0,0,0,0,0,0,0,0,0,0,0,0,0,0,0,0,0,0,0,0,0,0,0,0,0,0,0,0,0,0,0,0,0,0,0,0,0,0,0,0,0,0
2025-02-05,US,1232985,0,0,0,0,0,0,0,0,626,0,0,0,0,0,0,0,22393,0,0,0,14448,0,0,1322,1531,0,1920,0,162513,0,458398,48133,251108,27193,7937,265,1025,518,5895,806,621,349,17972,515,533,1803,60755,7381,6338,2726,5858,16776,10158,193,203,33483,42910,2699,258,593,5929,412,2302,1680,1215,1919,467,193,308,222,181,0,0,0,0,0,0,0,0,0,0,0,0,0,0,0,0,0,0,0,0,0,0,0,0,0,0,0,0,0,0,0,0,0,0,0,0,0,0,0,0,0,0,0,0,0,0,0,0,0,0,0,0,0,0,0
2025-02-06,US,1193764,0,0,0,0,0,0,0,0,631,0,0,0,0,0,0,0,21676,0,0,0,14032,0,0,1284,1490,0,1905,0,153931,0,442440,45930,248809,26124,7588,262,1017,489,5821,798,602,324,17436,502,519,1799,58557,7296,6157,2635,5691,16070,10047,189,198,32197,41848,2511,243,577,5658,395,2202,1585,1147,1827,460,189,289,214,175,0,0,0,0,0,0,0,0,0,0,0,0,0,0,0,0,0,0,0,0,0,0,0,0,0,0,0,0,0,0,0,0,0,0,0,0,0,0,0,0,0,0,0,0,0,0,0,0,0,0,0,0,0,0,0
2025-02-07,US,1134320,0,0,0,0,0,0,0,0,623,0,0,0,0,0,0,0,20593,0,0,0,13375,0,0,1223,1423,0,1854,0,143024,0,419100,43004,241825,24629,7119,255,990,452,5639,775,573,295,16602,480,496,1760,55389,7075,5869,2500,5425,15107,9748,181,188,30383,40052,2289,224,550,5298,371,2067,1467,1061,1706,446,181,265,202,167,0,0,0,0,0,0,0,0,0,0,0,0,0,0,0,0,0,0,0,0,0,0,0,0,0,0,0,0,0,0,0,0,0,0,0,0,0,0,0,0,0,0,0,0,0,0,0,0,0,0,0,0,0,0,0
2025-02-08,US,1057135,0,0,0,0,0,0,0,0,603,0,0,0,0,0,0,0,19187,0,0,0,12503,0,0,1143,1333,0,1769,0,130271,0,389364,39482,230408,22772,6550,242,944,410,5356,738,534,263,15503,450,465,1688,51385,6725,5487,2326,5073,13926,9273,170,176,28120,37595,2043,202,514,4865,343,1903,1331,963,1562,423,170,239,188,156,0,0,0,0,0,0,0,0,0,0,0,0,0,0,0,0,0,0,0,0,0,0,0,0,0,0,0,0,0,0,0,0,0,0,0,0,0,0,0,0,0,0,0,0,0,0,0,0,0,0,0,0,0,0,0
2025-02-09,US,994065,0,0,0,0,0,0,0,0,588,0,0,0,0,0,0,0,18039,0,0,0,11794,0,0,1077,1259,0,1702,0,119658,0,364987,36567,221398,21243,6079,232,908,375,5131,709,503,237,14608,425,440,1631,48098,6449,5176,2184,4786,12952,8896,161,166,26258,35604,1836,184,485,4506,319,1767,1217,880,1443,404,161,217,175,146,0,0,0,0,0,0,0,0,0,0,0,0,0,0,0,0,0,0,0,0,0,0,0,0,0,0,0,0,0,0,0,0,0,0,0,0,0,0,0,0,0,0,0,0,0,0,0,0,0,0,0,0,0,0,0
2025-02-10,US,948294,0,0,0,0,0,0,0,0,581,0,0,0,0,0,0,0,17204,0,0,0,11285,0,0,1030,1207,0,1661,0,111438,0,347088,34349,215722,20102,5723,226,886,347,4985,690,481,215,13964,408,422,1599,45673,6270,4954,2080,4581,12219,8655,155,159,24873,34206,1670,170,465,4233,301,1665,1129,816,1352,392,155,199,166,140,0,0,0,0,0,0,0,0,0,0,0,0,0,0,0,0,0,0,0,0,0,0,0,0,0,0,0,0,0,0,0,0,0,0,0,0,0,0,0,0,0,0,0,0,0,0,0,0,0,0,0,0,0,0,0
2025-02-11,US,918852,0,0,0,0,0,0,0,0,582,0,0,0,0,0,0,0,16667,0,0,0,10969,0,0,1001,1176,0,1645,0,105352,0,335252,32765,213403,19321,5471,223,877,327,4918,683,467,198,13558,398,411,1590,44050,6191,4815,2012,4453,11707,8550,152,155,23931,33377,1540,159,452,4038,289,1593,1062,768,1286,387,152,186,160,135,0,0,0,0,0,0,0,0,0,0,0,0,0,0,0,0,0,0,0,0,0,0,0,0,0,0,0,0,0,0,0,0,0,0,0,0,0,0,0,0,0,0,0,0,0,0,0,0,0,0,0,0,0,0,0
2025-02-12,US,887657,0,0,0,0,0,0,0,0,581,0,0,0,0,0,0,0,16097,0,0,0,10629,0,0,969,1141,0,1623,0,99239,0,322847,31153,210387,18513,5214,220,866,306,4836,673,451,181,13124,387,400,1576,42358,6092,4667,1941,4316,11181,8417,148,150,22954,32469,1412,149,438,3840,276,1519,995,719,1219,380,148,173,154,131,0,0,0,0,0,0,0,0,0,0,0,0,0,0,0,0,0,0,0,0,0,0,0,0,0,0,0,0,0,0,0,0,0,0,0,0,0,0,0,0,0,0,0,0,0,0,0,0,0,0,0,0,0,0,0
2025-02-13,US,855097,0,0,0,0,0,0,0,0,577,0,0,0,0,0,0,0,15504,0,0,0,10270,0,0,936,1105,0,1597,0,93155,0,310019,29529,206744,17687,4954,216,852,286,4740,661,435,165,12668,375,387,1556,40614,5975,4510,1867,4171,10648,8260,144,145,21953,31495,1287,138,424,3640,263,1444,929,671,1152,372,144,160,148,126,0,0,0,0,0,0,0,0,0,0,0,0,0,0,0,0,0,0,0,0,0,0,0,0,0,0,0,0,0,0,0,0,0,0,0,0,0,0,0,0,0,0,0,0,0,0,0,0,0,0,0,0,0,0,0
2025-02-14,US,827649,0,0,0,0,0,0,0,0,576,0,0,0,0,0,0,0,15003,0,0,0,9971,0,0,908,1074,0,1578,0,87800,0,299113,28115,204050,16978,4728,213,841,268,4666,652,422,151,12286,365,377,1543,39126,5887,4379,1804,4050,10187,8142,140,141,21095,30694,1175,129,412,3467,252,1380,871,629,1093,366,140,148,142,122,0,0,0,0,0,0,0,0,0,0,0,0,0,0,0,0,0,0,0,0,0,0,0,0,0,0,0,0,0,0,0,0,0,0,0,0,0,0,0,0,0,0,0,0,0,0,0,0,0,0,0,0,0,0,0
2025-02-15,US,808274,0,0,0,0,121,0,0,0,579,0,0,0,0,0,0,0,14646,0,0,0,9765,0,0,889,1054,0,1572,0,83422,0,291136,26998,203094,16439,4552,212,838,253,4633,649,413,138,12020,358,370,1543,38025,5849,4289,1758,3968,9830,8094,138,138,20448,30177,1078,121,403,3329,243,1329,823,594,1046,363,138,138,138,120,0,0,0,0,0,0,0,0,0,0,0,0,0,0,0,0,0,0,0,0,0,0,0,0,0,0,0,0,0,0,0,0,0,0,0,0,0,0,0,0,0,0,0,0,0,0,0,0,0,0,0,0,0,0,0
2025-02-16,US,807546,0,0,0,0,129,0,0,0,656,0,0,0,0,0,0,0,14611,0,0,0,9585,0,0,970,1059,0,1614,0,82271,0,287847,26594,207271,16377,4467,215,831,249,4763,684,413,139,12140,360,372,1783,37981,5935,4320,1811,3931,9811,8103,140,139,20341,30045,1051,122,404,3271,241,1294,800,589,1040,356,139,145,139,0,0,0,0,0,0,0,0,0,0,0,0,0,0,0,0,0,0,0,0,0,0,0,0,0,0,0,0,0,0,0,0,0,0,0,0,0,0,0,0,0,0,0,0,0,0,0,0,0,0,0,0,0,0,0,0
2025-02-17,US,804262,0,0,0,0,136,0,0,0,730,0,0,0,0,0,0,0,14528,0,0,0,9373,0,0,1048,1059,0,1650,0,80852,0,283619,26104,210741,16260,4368,218,822,245,4876,717,412,139,12219,361,373,2016,37811,6000,4336,1857,3882,9759,8085,141,139,20166,29815,1020,122,404,3203,237,1255,774,583,1030,348,140,151,139,0,0,0,0,0,0,0,0,0,0,0,0,0,0,0,0,0,0,0,0,0,0,0,0,0,0,0,0,0,0,0,0,0,0,0,0,0,0,0,0,0,0,0,0,0,0,0,0,0,0,0,0,0,0,0,0
2025-02-18,US,800780,0,0,0,0,144,0,0,0,804,0,0,0,0,0,0,0,14441,0,0,0,9160,0,0,1124,1060,0,1685,0,79422,0,279347,25611,214122,16140,4268,221,812,241,4987,750,411,140,12293,361,373,2246,37631,6064,4351,1902,3832,9705,8065,142,140,19987,29578,990,122,404,3134,233,1216,749,576,1020,341,140,156,140,0,0,0,0,0,0,0,0,0,0,0,0,0,0,0,0,0,0,0,0,0,0,0,0,0,0,0,0,0,0,0,0,0,0,0,0,0,0,0,0,0,0,0,0,0,0,0,0,0,0,0,0,0,0,0,0
2025-02-19,US,793529,0,0,0,0,150,0,0,0,873,0,0,0,0,0,0,0,14287,0,0,0,8907,0,0,1194,1055,0,1711,0,77633,0,273802,25002,216438,15945,4149,223,798,236,5073,779,408,140,12308,360,372,2462,37275,6097,4344,1937,3764,9605,8007,142,140,19715,29203,955,122,402,3051,229,1171,720,567,1005,331,140,162,140,0,0,0,0,0,0,0,0,0,0,0,0,0,0,0,0,0,0,0,0,0,0,0,0,0,0,0,0,0,0,0,0,0,0,0,0,0,0,0,0,0,0,0,0,0,0,0,0,0,0,0,0,0,0,0,0
2025-02-20,US,782301,0,0,0,0,156,0,0,0,935,0,0,0,0,0,0,0,14062,0,0,0,8613,0,0,1257,1045,0,1729,0,75480,0,266954,24277,217571,15671,4012,223,781,230,5130,802,402,139,12259,357,369,2661,36733,6098,4316,1962,3678,9457,7908,142,139,19347,28684,916,121,397,2954,223,1121,688,555,986,321,139,166,139,0,0,0,0,0,0,0,0,0,0,0,0,0,0,0,0,0,0,0,0,0,0,0,0,0,0,0,0,0,0,0,0,0,0,0,0,0,0,0,0,0,0,0,0,0,0,0,0,0,0,0,0,0,0,0,0
2025-02-21,US,771011,0,0,0,0,161,0,0,0,995,0,0,0,0,0,0,0,13836,0,0,0,8323,0,0,1317,1035,0,1744,0,73351,0,260170,23561,218566,15397,3876,224,763,224,5183,825,397,138,12205,353,366,2853,36188,6096,4286,1985,3593,9309,7808,141,138,18980,28166,878,120,393,2859,217,1072,657,543,966,310,138,170,138,0,0,0,0,0,0,0,0,0,0,0,0,0,0,0,0,0,0,0,0,0,0,0,0,0,0,0,0,0,0,0,0,0,0,0,0,0,0,0,0,0,0,0,0,0,0,0,0,0,0,0,0,0,0,0,0
2025-02-22,US,756528,0,0,0,0,166,0,0,0,1049,0,0,0,0,0,0,0,13553,0,0,0,8004,0,0,1368,1020,0,1752,0,70953,0,252406,22759,218518,15060,3727,223,743,217,5211,843,390,136,12096,349,361,3025,35493,6066,4237,1997,3494,9123,7675,140,136,18537,27535,836,118,387,2753,211,1020,624,529,943,298,137,173,136,0,0,0,0,0,0,0,0,0,0,0,0,0,0,0,0,0,0,0,0,0,0,0,0,0,0,0,0,0,0,0,0,0,0,0,0,0,0,0,0,0,0,0,0,0,0,0,0,0,0,0,0,0,0,0,0
2025-02-23,US,730003,0,0,0,0,167,0,0,0,1082,0,0,0,0,0,0,0,13057,0,0,0,7566,0,0,1394,989,0,1729,0,67481,0,240781,21614,214771,14487,3523,219,711,207,5149,846,377,132,11788,338,350,3137,34235,5934,4119,1976,3341,8792,7420,137,132,17803,26472,783,115,375,2607,201,954,582,506,905,282,133,172,132,0,0,0,0,0,0,0,0,0,0,0,0,0,0,0,0,0,0,0,0,0,0,0,0,0,0,0,0,0,0,0,0,0,0,0,0,0,0,0,0,0,0,0,0,0,0,0,0,0,0,0,0,0,0,0,0
2025-02-24,US,708205,0,0,0,0,169,0,0,0,1118,0,0,0,0,0,0,0,12646,0,0,0,7188,0,0,1424,964,0,1715,0,64511,0,230899,20632,212157,14011,3346,215,685,198,5112,853,366,129,11549,330,341,3255,33199,5836,4026,1964,3212,8519,7212,134,129,17191,25586,737,112,365,2480,193,895,545,488,873,268,130,173,129,0,0,0,0,0,0,0,0,0,0,0,0,0,0,0,0,0,0,0,0,0,0,0,0,0,0,0,0,0,0,0,0,0,0,0,0,0,0,0,0,0,0,0,0,0,0,0,0,0,0,0,0,0,0,0,0
2025-02-25,US,690471,0,0,0,0,172,0,0,0,1156,0,0,0,0,0,0,0,12309,0,0,0,6860,0,0,1459,944,0,1708,0,61964,0,222491,19788,210547,13617,3193,213,662,190,5098,862,358,127,11370,324,335,3380,32354,5767,3954,1961,3103,8295,7044,132,127,16681,24852,696,110,357,2371,185,844,512,472,846,256,128,174,127,0,0,0,0,0,0,0,0,0,0,0,0,0,0,0,0,0,0,0,0,0,0,0,0,0,0,0,0,0,0,0,0,0,0,0,0,0,0,0,0,0,0,0,0,0,0,0,0,0,0,0,0,0,0,0,0
2025-02-26,US,682501,0,0,0,0,177,0,0,0,1208,0,0,0,0,0,0,0,12146,0,0,0,6634,0,0,1511,938,0,1724,0,60328,0,217328,19235,211778,13417,3087,214,649,186,5151,882,354,126,11347,322,333,3544,31967,5776,3937,1983,3039,8189,6975,132,126,16410,24473,665,109,354,2297,181,805,487,463,832,248,127,178,126,0,0,0,0,0,0,0,0,0,0,0,0,0,0,0,0,0,0,0,0,0,0,0,0,0,0,0,0,0,0,0,0,0,0,0,0,0,0,0,0,0,0,0,0,0,0,0,0,0,0,0,0,0,0,0,0
2025-02-27,US,683962,0,0,0,0,184,0,0,0,1276,0,0,0,0,0,0,0,12152,0,0,0,6501,0,0,1583,944,0,1764,0,59535,0,215192,18952,215900,13404,3025,218,645,184,5275,915,355,127,11480,324,335,3756,32023,5865,3974,2033,3017,8197,7003,134,127,16367,24433,645,110,356,2255,179,778,469,460,829,243,128,184,127,0,0,0,0,0,0,0,0,0,0,0,0,0,0,0,0,0,0,0,0,0,0,0,0,0,0,0,0,0,0,0,0,0,0,0,0,0,0,0,0,0,0,0,0,0,0,0,0,0,0,0,0,0,0,0,0
2025-02-28,US,694103,0,0,0,0,193,0,0,0,1361,0,0,0,0,0,0,0,12311,0,0,0,6448,0,0,1677,962,0,1827,0,59481,0,215744,18903,222825,13559,2999,224,649,184,5468,959,361,130,11761,331,342,4019,32484,6029,4062,2109,3033,8308,7120,138,130,16531,24702,631,113,362,2240,180,760,457,463,836,241,131,192,130,0,0,0,0,0,0,0,0,0,0,0,0,0,0,0,0,0,0,0,0,0,0,0,0,0,0,0,0,0,0,0,0,0,0,0,0,0,0,0,0,0,0,0,0,0,0,0,0,0,0,0,0,0,0,0,0
2025-03-01,US,712817,0,0,0,0,206,0,0,0,1466,0,0,0,0,0,0,0,12622,0,0,0,6469,0,0,1795,993,0,1914,0,60123,0,218850,19074,232656,13880,3008,234,661,186,5733,1017,371,134,12192,341,353,4341,33346,6271,4202,2213,3085,8521,7325,143,134,16895,25272,625,116,373,2252,182,750,450,472,854,242,136,203,134,0,0,0,0,0,0,0,0,0,0,0,0,0,0,0,0,0,0,0,0,0,0,0,0,0,0,0,0,0,0,0,0,0,0,0,0,0,0,0,0,0,0,0,0,0,0,0,0,0,0,0,0,0,0,0,0
2025-03-02,US,705664,0,0,0,0,211,0,0,0,1519,0,0,0,0,0,0,0,12475,0,0,0,6252,0,0,1848,987,0,1932,0,58568,0,213970,18547,234107,13697,2907,235,649,182,5792,1038,368,134,12182,340,351,4508,32998,6287,4189,2238,3025,8425,7265,143,134,16644,24923,596,116,371,2181,178,713,426,464,840,234,135,207,134,0,0,0,0,0,0,0,0,0,0,0,0,0,0,0,0,0,0,0,0,0,0,0,0,0,0,0,0,0,0,0,0,0,0,0,0,0,0,0,0,0,0,0,0,0,0,0,0,0,0,0,0,0,0,0,0
2025-03-03,US,700899,0,0,0,0,216,0,0,0,1576,0,0,0,0,0,0,0,12370,0,0,0,6059,0,0,1907,985,0,1956,0,57227,0,209859,18089,236287,13561,2817,236,639,178,5869,1062,366,134,12211,339,351,4687,32761,6323,4190,2269,2975,8358,7229,143,134,16452,24660,569,116,370,2118,175,678,403,457,830,227,135,211,134,0,0,0,0,0,0,0,0,0,0,0,0,0,0,0,0,0,0,0,0,0,0,0,0,0,0,0,0,0,0,0,0,0,0,0,0,0,0,0,0,0,0,0,0,0,0,0,0,0,0,0,0,0,0,0,0
2025-03-04,US,695860,0,0,0,0,222,0,0,0,1631,0,0,0,0,0,0,0,12260,0,0,0,5866,0,0,1963,982,0,1979,0,55877,0,205704,17629,238322,13421,2726,238,629,174,5941,1086,364,134,12234,339,350,4861,32512,6355,4189,2299,2925,8287,7190,144,134,16254,24389,542,116,368,2055,171,644,381,450,819,220,135,216,134,0,0,0,0,0,0,0,0,0,0,0,0,0,0,0,0,0,0,0,0,0,0,0,0,0,0,0,0,0,0,0,0,0,0,0,0,0,0,0,0,0,0,0,0,0,0,0,0,0,0,0,0,0,0,0,0
2025-03-05,US,688754,0,0,0,0,226,0,0,0,1680,0,0,0,0,0,0,0,12114,0,0,0,5658,0,0,2013,977,0,1995,0,54377,0,200984,17121,239583,13241,2629,239,617,170,5994,1105,361,133,12219,337,349,5017,32167,6367,4175,2321,2866,8192,7129,144,133,16009,24047,514,115,366,1987,167,608,358,442,806,212,135,219,133,0,0,0,0,0,0,0,0,0,0,0,0,0,0,0,0,0,0,0,0,0,0,0,0,0,0,0,0,0,0,0,0,0,0,0,0,0,0,0,0,0,0,0,0,0,0,0,0,0,0,0,0,0,0,0,0
2025-03-06,US,679483,0,0,0,0,230,0,0,0,1723,0,0,0,0,0,0,0,11931,0,0,0,5436,0,0,2055,968,0,2004,0,52729,0,195694,16568,240004,13020,2525,239,604,165,6026,1121,357,132,12163,334,346,5152,31721,6357,4148,2335,2799,8072,7046,143,132,15716,23632,485,114,362,1913,163,571,335,433,790,204,134,222,132,0,0,0,0,0,0,0,0,0,0,0,0,0,0,0,0,0,0,0,0,0,0,0,0,0,0,0,0,0,0,0,0,0,0,0,0,0,0,0,0,0,0,0,0,0,0,0,0,0,0,0,0,0,0,0,0
2025-03-07,US,669076,0,0,0,0,233,0,0,0,1761,0,0,0,0,0,0,0,11728,0,0,0,5209,0,0,2091,957,0,2009,0,51018,0,190151,15996,239918,12779,2419,238,589,160,6044,1133,352,131,12083,331,342,5273,31222,6334,4112,2344,2729,7938,6950,142,131,15399,23180,456,113,358,1838,158,534,311,423,774,196,133,224,131,0,0,0,0,0,0,0,0,0,0,0,0,0,0,0,0,0,0,0,0,0,0,0,0,0,0,0,0,0,0,0,0,0,0,0,0,0,0,0,0,0,0,0,0,0,0,0,0,0,0,0,0,0,0,0,0
2025-03-08,US,654075,0,0,0,0,234,0,0,0,1784,0,0,0,0,0,0,0,11446,0,0,0,4952,0,0,2111,940,0,1998,0,48992,0,183400,15327,238049,12452,2298,236,571,154,6016,1137,344,129,11916,325,336,5351,30509,6265,4047,2335,2640,7750,6807,141,129,14979,22572,424,111,351,1752,152,494,286,410,752,186,131,224,129,0,0,0,0,0,0,0,0,0,0,0,0,0,0,0,0,0,0,0,0,0,0,0,0,0,0,0,0,0,0,0,0,0,0,0,0,0,0,0,0,0,0,0,0,0,0,0,0,0,0,0,0,0,0,0,0
2025-03-09,US,648370,0,0,0,0,239,0,0,0,1830,0,0,0,0,0,0,0,11327,0,0,0,4769,0,0,2158,936,0,2015,0,47690,0,179334,14885,239452,12303,2213,237,561,150,6071,1156,342,129,11916,324,335,5498,30231,6282,4039,2358,2590,7673,6759,141,129,14774,22288,399,111,349,1692,149,463,265,403,741,179,131,227,129,0,0,0,0,0,0,0,0,0,0,0,0,0,0,0,0,0,0,0,0,0,0,0,0,0,0,0,0,0,0,0,0,0,0,0,0,0,0,0,0,0,0,0,0,0,0,0,0,0,0,0,0,0,0,0,0
2025-03-10,US,638335,0,0,0,0,241,0,0,0,1863,0,0,0,0,0,0,0,11133,0,0,0,4558,0,0,2189,925,0,2018,0,46090,0,174130,14352,239171,12073,2114,236,547,146,6082,1167,337,127,11833,320,332,5603,29750,6256,4004,2363,2524,7545,6667,140,127,14472,21857,372,110,345,1622,144,428,244,393,725,172,129,229,127,0,0,0,0,0,0,0,0,0,0,0,0,0,0,0,0,0,0,0,0,0,0,0,0,0,0,0,0,0,0,0,0,0,0,0,0,0,0,0,0,0,0,0,0,0,0,0,0,0,0,0,0,0,0,0,0
2025-03-11,US,626779,0,0,0,0,243,0,0,0,1889,0,0,0,0,0,0,0,10913,0,0,0,4341,0,0,2213,913,0,2014,0,44410,0,168593,13794,238205,11816,2013,235,532,141,6076,1174,331,126,11719,316,327,5689,29200,6213,3957,2362,2452,7399,6557,139,126,14138,21377,345,108,340,1550,140,394,222,383,707,164,128,230,126,0,0,0,0,0,0,0,0,0,0,0,0,0,0,0,0,0,0,0,0,0,0,0,0,0,0,0,0,0,0,0,0,0,0,0,0,0,0,0,0,0,0,0,0,0,0,0,0,0,0,0,0,0,0,0,0
2025-03-12,US,614177,0,0,0,0,244,0,0,0,1910,0,0,0,0,0,0,0,10675,0,0,0,4121,0,0,2231,898,0,2006,0,42688,0,162867,13225,236712,11540,1910,233,517,136,6055,1177,325,124,11581,311,322,5758,28601,6156,3904,2356,2377,7241,6437,137,124,13784,20864,318,107,334,1477,135,360,200,372,689,155,126,231,124,0,0,0,0,0,0,0,0,0,0,0,0,0,0,0,0,0,0,0,0,0,0,0,0,0,0,0,0,0,0,0,0,0,0,0,0,0,0,0,0,0,0,0,0,0,0,0,0,0,0,0,0,0,0,0,0
2025-03-13,US,600653,0,0,0,0,245,0,0,0,1926,0,0,0,0,0,0,0,10422,0,0,0,3901,0,0,2242,882,0,1994,0,40938,0,156995,12648,234724,11249,1808,231,501,130,6021,1178,318,122,11422,306,317,5811,27959,6088,3843,2344,2300,7072,6307,135,122,13411,20324,291,105,328,1403,130,327,179,361,670,147,124,230,122,0,0,0,0,0,0,0,0,0,0,0,0,0,0,0,0,0,0,0,0,0,0,0,0,0,0,0,0,0,0,0,0,0,0,0,0,0,0,0,0,0,0,0,0,0,0,0,0,0,0,0,0,0,0,0,0
2025-03-14,US,584873,0,0,0,0,244,0,0,0,1931,0,0,0,0,0,0,0,10131,0,0,0,3673,0,0,2243,863,0,1972,0,39073,0,150646,12038,231696,10917,1701,227,483,125,5959,1173,310,120,11215,300,310,5833,27213,5993,3767,2321,2215,6878,6152,133,120,12992,19711,265,103,320,1326,125,293,159,348,648,139,122,229,120,0,0,0,0,0,0,0,0,0,0,0,0,0,0,0,0,0,0,0,0,0,0,0,0,0,0,0,0,0,0,0,0,0,0,0,0,0,0,0,0,0,0,0,0,0,0,0,0,0,0,0,0,0,0,0,0
2025-03-15,US,571916,0,0,0,0,244,0,0,0,1942,0,0,294,0,0,0,0,9882,0,117,0,3466,0,0,2249,847,0,1958,0,37409,0,145027,11491,229468,10632,1605,225,467,120,5917,1172,304,118,11050,294,304,5870,26580,5920,3704,2306,2141,6712,6022,131,118,12630,19183,240,101,314,1256,120,263,139,337,629,131,120,229,118,0,0,0,0,0,0,0,0,0,0,0,0,0,0,0,0,0,0,0,0,0,0,0,0,0,0,0,0,0,0,0,0,0,0,0,0,0,0,0,0,0,0,0,0,0,0,0,0,0,0,0,0,0,0,0,0
2025-03-16,US,570534,0,0,0,0,432,0,0,0,2059,0,0,360,0,0,0,0,9846,0,131,0,3472,0,0,2335,849,0,2194,0,36767,0,142480,11235,232079,10498,1587,227,456,127,5890,1161,304,120,10975,295,305,6051,26324,6040,3686,2274,2073,6634,5940,138,117,12475,19086,243,101,314,1234,122,268,141,335,624,132,0,0,0,0,0,0,0,0,0,0,0,0,0,0,0,0,0,0,0,0,0,0,0,0,0,0,0,0,0,0,0,0,0,0,0,0,0,0,0,0,0,0,0,0,0,0,0,0,0,0,0,0,0,0,0,0,0,0,0
2025-03-17,US,574098,0,0,0,0,624,0,0,0,2193,0,0,429,0,0,0,0,9886,0,146,0,3504,0,0,2440,858,0,2449,0,36412,0,141041,11065,236526,10445,1583,231,448,135,5908,1159,306,124,10986,299,309,6280,26273,6208,3696,2260,2020,6607,5904,146,118,12417,19138,248,103,317,1221,124,276,144,336,623,135,0,0,0,0,0,0,0,0,0,0,0,0,0,0,0,0,0,0,0,0,0,0,0,0,0,0,0,0,0,0,0,0,0,0,0,0,0,0,0,0,0,0,0,0,0,0,0,0,0,0,0,0,0,0,0,0,0,0,0
2025-03-18,US,582054,0,0,0,0,825,0,0,0,2346,0,0,502,0,0,0,0,10002,0,161,0,3564,0,0,2565,873,0,2728,0,36324,0,140635,10976,242842,10470,1590,237,443,144,5971,1165,311,128,11081,304,315,6560,26419,6425,3735,2263,1982,6630,5912,155,120,12451,19335,255,105,323,1216,128,286,147,340,627,138,0,0,0,0,0,0,0,0,0,0,0,0,0,0,0,0,0,0,0,0,0,0,0,0,0,0,0,0,0,0,0,0,0,0,0,0,0,0,0,0,0,0,0,0,0,0,0,0,0,0,0,0,0,0,0,0,0,0,0
2025-03-19,US,591753,0,0,0,0,1033,0,0,0,2510,0,0,579,0,0,0,0,10147,0,178,0,3634,0,0,2701,891,0,3022,0,36326,0,140579,10912,249977,10523,1601,244,440,154,6052,1175,316,133,11206,311,321,6866,26637,6667,3784,2271,1948,6671,5936,165,121,12519,19589,263,107,329,1215,132,297,152,344,633,141,0,0,0,0,0,0,0,0,0,0,0,0,0,0,0,0,0,0,0,0,0,0,0,0,0,0,0,0,0,0,0,0,0,0,0,0,0,0,0,0,0,0,0,0,0,0,0,0,0,0,0,0,0,0,0,0,0,0,0
2025-03-20,US,602982,0,0,0,0,1252,0,0,0,2685,0,0,660,0,0,0,0,10317,0,196,0,3715,0,0,2846,912,0,3333,0,36401,0,140801,10867,257868,10599,1616,251,437,165,6147,1187,323,138,11359,318,329,7197,26917,6930,3842,2285,1917,6726,5972,176,124,12614,19890,271,110,336,1217,137,309,157,349,641,145,0,0,0,0,0,0,0,0,0,0,0,0,0,0,0,0,0,0,0,0,0,0,0,0,0,0,0,0,0,0,0,0,0,0,0,0,0,0,0,0,0,0,0,0,0,0,0,0,0,0,0,0,0,0,0,0,0,0,0
2025-03-21,US,613811,0,0,0,0,1476,0,0,0,2863,0,0,742,0,0,0,0,10480,0,214,0,3793,0,0,2994,932,0,3650,0,36430,0,140841,10807,265701,10663,1629,259,433,175,6238,1199,329,144,11502,326,337,7530,27170,7193,3898,2295,1882,6774,6002,187,126,12695,20176,280,112,343,1216,141,320,162,354,647,150,0,0,0,0,0,0,0,0,0,0,0,0,0,0,0,0,0,0,0,0,0,0,0,0,0,0,0,0,0,0,0,0,0,0,0,0,0,0,0,0,0,0,0,0,0,0,0,0,0,0,0,0,0,0,0,0,0,0,0
2025-03-22,US,620869,0,0,0,0,1698,0,0,0,3027,0,0,823,0,0,0,0,10578,0,232,0,3849,0,0,3125,947,0,3953,0,36217,0,139944,10672,271995,10658,1632,265,427,185,6290,1202,333,148,11572,331,342,7823,27250,7416,3929,2291,1833,6779,5992,196,127,12694,20335,287,114,348,1208,145,331,166,357,650,153,0,0,0,0,0,0,0,0,0,0,0,0,0,0,0,0,0,0,0,0,0,0,0,0,0,0,0,0,0,0,0,0,0,0,0,0,0,0,0,0,0,0,0,0,0,0,0,0,0,0,0,0,0,0,0,0,0,0,0
2025-03-23,US,616664,0,0,0,0,1890,0,0,0,3136,0,0,889,0,0,0,0,10483,0,245,0,3834,0,0,3201,944,0,4185,0,35344,0,136497,10343,273370,10459,1606,266,412,192,6227,1184,331,150,11433,331,341,7975,26835,7506,3889,2245,1751,6660,5873,203,126,12462,20126,289,114,347,1177,146,335,166,353,641,153,0,0,0,0,0,0,0,0,0,0,0,0,0,0,0,0,0,0,0,0,0,0,0,0,0,0,0,0,0,0,0,0,0,0,0,0,0,0,0,0,0,0,0,0,0,0,0,0,0,0,0,0,0,0,0,0,0,0,0
2025-03-24,US,607168,0,0,0,0,2060,0,0,0,3216,0,0,945,0,0,0,0,10300,0,256,0,3787,0,0,3247,933,0,4376,0,34182,0,131935,9930,272327,10174,1565,264,395,196,6112,1156,326,151,11196,327,338,8054,26194,7528,3816,2181,1655,6485,5706,207,124,12127,19745,288,113,343,1137,146,336,166,347,626,152,0,0,0,0,0,0,0,0,0,0,0,0,0,0,0,0,0,0,0,0,0,0,0,0,0,0,0,0,0,0,0,0,0,0,0,0,0,0,0,0,0,0,0,0,0,0,0,0,0,0,0,0,0,0,0,0,0,0,0
2025-03-25,US,594721,0,0,0,0,2214,0,0,0,3276,0,0,995,0,0,0,0,10067,0,265,0,3720,0,0,3273,918,0,4536,0,32876,0,126820,9479,269845,9843,1518,262,376,200,5967,1123,320,151,10908,322,332,8086,25435,7508,3724,2107,1554,6282,5514,210,121,11738,19271,286,111,337,1092,145,335,165,338,609,150,0,0,0,0,0,0,0,0,0,0,0,0,0,0,0,0,0,0,0,0,0,0,0,0,0,0,0,0,0,0,0,0,0,0,0,0,0,0,0,0,0,0,0,0,0,0,0,0,0,0,0,0,0,0,0,0,0,0,0
2025-03-26,US,580389,0,0,0,0,2352,0,0,0,3319,0,0,1038,0,0,0,0,9803,0,272,0,3642,0,0,3285,899,0,4670,0,31493,0,121413,9008,266368,9487,1467,258,356,202,5805,1086,313,150,10587,316,326,8084,24604,7458,3622,2028,1450,6062,5307,212,118,11318,18739,282,109,330,1045,143,333,162,329,589,148,0,0,0,0,0,0,0,0,0,0,0,0,0,0,0,0,0,0,0,0,0,0,0,0,0,0,0,0,0,0,0,0,0,0,0,0,0,0,0,0,0,0,0,0,0,0,0,0,0,0,0,0,0,0,0,0,0,0,0
2025-03-27,US,565704,0,0,0,0,2478,0,0,0,3354,0,0,1077,0,0,0,0,9534,0,279,0,3560,0,0,3291,880,0,4789,0,30121,0,116050,8545,262577,9131,1415,254,336,204,5640,1049,305,149,10263,309,319,8068,23770,7398,3518,1948,1350,5842,5102,214,115,10898,18199,278,107,322,998,142,331,160,319,570,146,0,0,0,0,0,0,0,0,0,0,0,0,0,0,0,0,0,0,0,0,0,0,0,0,0,0,0,0,0,0,0,0,0,0,0,0,0,0,0,0,0,0,0,0,0,0,0,0,0,0,0,0,0,0,0,0,0,0,0
2025-03-28,US,554913,0,0,0,0,2614,0,0,0,3407,0,0,1121,0,0,0,0,9332,0,287,0,3503,0,0,3315,867,0,4931,0,28982,0,111589,8151,260461,8843,1374,252,319,208,5515,1020,300,148,10012,305,314,8098,23109,7382,3439,1884,1261,5665,4934,217,113,10559,17787,277,105,317,959,141,330,159,312,555,144,0,0,0,0,0,0,0,0,0,0,0,0,0,0,0,0,0,0,0,0,0,0,0,0,0,0,0,0,0,0,0,0,0,0,0,0,0,0,0,0,0,0,0,0,0,0,0,0,0,0,0,0,0,0,0,0,0,0,0
2025-03-29,US,554887,0,0,0,0,2796,0,0,0,3524,0,0,1185,0,0,0,0,9311,0,300,0,3513,0,0,3402,870,0,5164,0,28416,0,109336,7919,263340,8728,1360,255,309,215,5497,1011,300,151,9956,306,316,8282,22900,7507,3426,1857,1198,5599,4864,223,113,10427,17722,280,106,318,939,143,336,161,311,550,145,0,0,0,0,0,0,0,0,0,0,0,0,0,0,0,0,0,0,0,0,0,0,0,0,0,0,0,0,0,0,0,0,0,0,0,0,0,0,0,0,0,0,0,0,0,0,0,0,0,0,0,0,0,0,0,0,0,0,0
2025-03-30,US,567276,0,0,0,0,3045,0,0,0,3722,0,0,1277,0,0,0,0,9498,0,320,0,3602,0,0,3566,893,0,5517,0,28474,0,109481,7860,272175,8807,1376,263,305,226,5601,1025,307,157,10122,315,324,8655,23199,7803,3490,1870,1161,5657,4901,235,115,10526,18052,290,108,326,939,148,350,166,316,558,150,0,0,0,0,0,0,0,0,0,0,0,0,0,0,0,0,0,0,0,0,0,0,0,0,0,0,0,0,0,0,0,0,0,0,0,0,0,0,0,0,0,0,0,0,0,0,0,0,0,0,0,0,0,0,0,0,0,0,0
2025-03-31,US,582258,0,0,0,0,3317,0,0,0,3943,0,0,1378,0,0,0,0,9728,0,343,0,3708,0,0,3752,920,0,5907,0,28634,0,110015,7825,282397,8920,1397,273,303,240,5730,1042,316,164,10332,324,334,9077,23594,8141,3570,1891,1125,5738,4956,249,118,10667,18461,301,112,336,943,153,365,173,324,569,155,0,0,0,0,0,0,0,0,0,0,0,0,0,0,0,0,0,0,0,0,0,0,0,0,0,0,0,0,0,0,0,0,0,0,0,0,0,0,0,0,0,0,0,0,0,0,0,0,0,0,0,0,0,0,0,0,0,0,0
2025-04-01,US,600811,0,0,0,0,3621,0,0,0,4195,0,0,1491,0,0,0,0,10016,0,368,0,3838,0,0,3965,953,0,6347,0,28935,0,111089,7824,294525,9081,1426,284,301,255,5894,1066,326,172,10601,336,347,9565,24121,8536,3670,1922,1093,5850,5038,264,122,10865,18979,314,116,348,952,160,383,180,333,582,162,0,0,0,0,0,0,0,0,0,0,0,0,0,0,0,0,0,0,0,0,0,0,0,0,0,0,0,0,0,0,0,0,0,0,0,0,0,0,0,0,0,0,0,0,0,0,0,0,0,0,0,0,0,0,0,0,0,0,0
2025-04-02,US,616444,0,0,0,0,3918,0,0,0,4434,0,0,1601,0,0,0,0,10254,0,392,0,3950,0,0,4165,982,0,6771,0,29062,0,111485,7771,305399,9191,1448,294,298,269,6027,1083,335,179,10816,347,357,10019,24519,8898,3752,1941,1052,5929,5091,279,125,11002,19401,326,120,358,954,167,399,187,340,592,167,0,0,0,0,0,0,0,0,0,0,0,0,0,0,0,0,0,0,0,0,0,0,0,0,0,0,0,0,0,0,0,0,0,0,0,0,0,0,0,0,0,0,0,0,0,0,0,0,0,0,0,0,0,0,0,0,0,0,0
2025-04-03,US,627722,0,0,0,0,4196,0,0,0,4648,0,0,1703,0,0,0,0,10418,0,414,0,4034,0,0,4339,1003,0,7158,0,28955,0,110985,7652,314255,9230,1458,303,291,282,6117,1093,342,186,10951,355,365,10410,24733,9202,3807,1946,1000,5964,5105,292,127,11055,19683,335,122,365,949,172,413,192,345,598,172,0,0,0,0,0,0,0,0,0,0,0,0,0,0,0,0,0,0,0,0,0,0,0,0,0,0,0,0,0,0,0,0,0,0,0,0,0,0,0,0,0,0,0,0,0,0,0,0,0,0,0,0,0,0,0,0,0,0,0
2025-04-04,US,624214,0,0,0,0,4377,0,0,0,4753,0,0,1765,0,0,0,0,10337,0,427,0,4023,0,0,4413,1002,0,7379,0,28159,0,107840,7349,315748,9051,1434,304,278,288,6063,1077,340,188,10828,354,365,10559,24361,9292,3772,1905,924,5857,4998,298,126,10846,19500,337,122,364,921,173,417,193,342,590,172,0,0,0,0,0,0,0,0,0,0,0,0,0,0,0,0,0,0,0,0,0,0,0,0,0,0,0,0,0,0,0,0,0,0,0,0,0,0,0,0,0,0,0,0,0,0,0,0,0,0,0,0,0,0,0,0,0,0,0
2025-04-05,US,604623,0,0,0,0,4439,0,0,0,4731,0,0,1780,0,0,0,0,9991,0,428,0,3908,0,0,4369,974,0,7401,0,26661,0,102009,6867,308986,8643,1374,297,258,287,5854,1033,330,185,10428,345,355,10428,23370,9137,3640,1815,826,5602,4765,296,122,10363,18818,330,119,354,870,169,410,189,330,567,168,0,0,0,0,0,0,0,0,0,0,0,0,0,0,0,0,0,0,0,0,0,0,0,0,0,0,0,0,0,0,0,0,0,0,0,0,0,0,0,0,0,0,0,0,0,0,0,0,0,0,0,0,0,0,0,0,0,0,0
2025-04-06,US,585812,0,0,0,0,4493,0,0,0,4707,0,0,1792,0,0,0,0,9659,0,429,0,3798,0,0,4325,947,0,7416,0,25237,0,96467,6410,302422,8254,1316,291,239,286,5653,991,320,182,10046,336,346,10298,22424,8985,3514,1730,734,5358,4542,294,118,9903,18164,324,116,344,822,166,404,185,318,545,164,0,0,0,0,0,0,0,0,0,0,0,0,0,0,0,0,0,0,0,0,0,0,0,0,0,0,0,0,0,0,0,0,0,0,0,0,0,0,0,0,0,0,0,0,0,0,0,0,0,0,0,0,0,0,0,0,0,0,0
2025-04-07,US,565088,0,0,0,0,4520,0,0,0,4660,0,0,1794,0,0,0,0,9296,0,427,0,3674,0,0,4260,917,0,7391,0,23770,0,90769,5948,294664,7846,1255,283,220,283,5435,947,309,178,9634,325,335,10121,21420,8795,3377,1641,645,5102,4310,290,114,9419,17456,316,112,333,773,162,395,181,306,521,160,0,0,0,0,0,0,0,0,0,0,0,0,0,0,0,0,0,0,0,0,0,0,0,0,0,0,0,0,0,0,0,0,0,0,0,0,0,0,0,0,0,0,0,0,0,0,0,0,0,0,0,0,0,0,0,0,0,0,0
2025-04-08,US,538210,0,0,0,0,4482,0,0,0,4551,0,0,1771,0,0,0,0,8834,0,420,0,3509,0,0,4141,877,0,7265,0,22093,0,84276,5441,283449,7363,1182,272,200,276,5159,893,295,172,9122,311,320,9818,20200,8498,3205,1536,553,4796,4037,283,108,8844,16563,304,107,318,716,156,382,174,290,492,153,0,0,0,0,0,0,0,0,0,0,0,0,0,0,0,0,0,0,0,0,0,0,0,0,0,0,0,0,0,0,0,0,0,0,0,0,0,0,0,0,0,0,0,0,0,0,0,0,0,0,0,0,0,0,0,0,0,0,0
2025-04-09,US,513401,0,0,0,0,4444,0,0,0,4450,0,0,1748,0,0,0,0,8408,0,413,0,3357,0,0,4031,840,0,7145,0,20553,0,78316,4977,273054,6918,1114,262,181,270,4905,844,282,166,8651,298,307,9536,19077,8222,3046,1440,470,4514,3786,276,103,8315,15740,293,103,304,665,151,370,168,275,465,148,0,0,0,0,0,0,0,0,0,0,0,0,0,0,0,0,0,0,0,0,0,0,0,0,0,0,0,0,0,0,0,0,0,0,0,0,0,0,0,0,0,0,0,0,0,0,0,0,0,0,0,0,0,0,0,0,0,0,0
2025-04-10,US,490334,0,0,0,0,4405,0,0,0,4353,0,0,1726,0,0,0,0,8013,0,406,0,3216,0,0,3926,805,0,7029,0,19132,0,72815,4549,263336,6507,1052,252,164,264,4669,798,269,161,8214,286,294,9270,18037,7964,2898,1352,393,4254,3554,270,99,7826,14976,283,99,291,617,146,358,162,262,441,142,0,0,0,0,0,0,0,0,0,0,0,0,0,0,0,0,0,0,0,0,0,0,0,0,0,0,0,0,0,0,0,0,0,0,0,0,0,0,0,0,0,0,0,0,0,0,0,0,0,0,0,0,0,0,0,0,0,0,0
2025-04-11,US,474922,0,0,0,0,4423,0,0,0,4316,0,0,1727,0,0,0,0,7743,0,404,0,3124,0,0,3877,783,0,7007,0,18049,0,68607,4209,257529,6205,1007,247,150,261,4507,765,261,158,7908,278,286,9136,17293,7820,2797,1286,327,4064,3383,267,95,7468,14450,277,96,283,581,143,352,158,253,423,139,0,0,0,0,0,0,0,0,0,0,0,0,0,0,0,0,0,0,0,0,0,0,0,0,0,0,0,0,0,0,0,0,0,0,0,0,0,0,0,0,0,0,0,0,0,0,0,0,0,0,0,0,0,0,0,0,0,0,0
2025-04-12,US,467761,0,0,0,0,4510,0,0,0,4349,0,0,1755,0,0,0,0,7610,0,409,0,3085,0,0,3892,774,0,7097,0,17302,0,65683,3951,256078,6016,980,245,139,263,4424,746,258,158,7743,275,283,9153,16857,7808,2744,1243,269,3948,3273,269,94,7245,14178,275,95,279,555,142,352,157,248,413,138,0,0,0,0,0,0,0,0,0,0,0,0,0,0,0,0,0,0,0,0,0,0,0,0,0,0,0,0,0,0,0,0,0,0,0,0,0,0,0,0,0,0,0,0,0,0,0,0,0,0,0,0,0,0,0,0,0,0,0
2025-04-13,US,470001,0,0,0,0,4955,0,0,0,4427,0,0,2279,0,0,0,0,7617,0,567,0,3252,0,0,3925,781,0,7320,0,17172,0,64997,3863,258400,5988,1005,249,144,283,4577,733,259,161,7799,278,286,8989,16741,7788,2803,1215,268,3919,3272,269,94,7217,13972,276,96,282,552,160,363,160,248,0,0,0,0,0,0,0,0,0,0,0,0,0,0,0,0,0,0,0,0,0,0,0,0,0,0,0,0,0,0,0,0,0,0,0,0,0,0,0,0,0,0,0,0,0,0,0,0,0,0,0,0,0,0,0,0,0,0,0,0,0
2025-04-14,US,476059,0,0,0,0,5443,0,0,0,4536,0,0,2828,0,0,0,0,7677,0,732,0,3444,0,0,3985,794,0,7598,0,17157,0,64744,3799,262532,6001,1039,254,149,305,4765,725,263,166,7910,282,291,8884,16736,7820,2882,1193,268,3916,3293,270,95,7238,13859,278,98,286,553,179,377,164,250,0,0,0,0,0,0,0,0,0,0,0,0,0,0,0,0,0,0,0,0,0,0,0,0,0,0,0,0,0,0,0,0,0,0,0,0,0,0,0,0,0,0,0,0,0,0,0,0,0,0,0,0,0,0,0,0,0,0,0,0,0
2025-04-15,US,484258,0,0,0,0,5968,0,0,0,4667,0,0,3406,0,0,0,0,7770,0,905,0,3655,0,0,4063,810,0,7915,0,17213,0,64750,3750,267868,6038,1077,261,156,329,4978,720,268,171,8056,287,297,8812,16801,7885,2976,1177,270,3929,3329,272,97,7289,13799,281,100,292,557,199,393,169,254,0,0,0,0,0,0,0,0,0,0,0,0,0,0,0,0,0,0,0,0,0,0,0,0,0,0,0,0,0,0,0,0,0,0,0,0,0,0,0,0,0,0,0,0,0,0,0,0,0,0,0,0,0,0,0,0,0,0,0,0,0
2025-04-16,US,493163,0,0,0,0,6516,0,0,0,4807,0,0,4006,0,0,0,0,7874,0,1084,0,3877,0,0,4148,828,0,8249,0,17285,0,64812,3702,273623,6082,1118,268,163,354,5202,715,273,176,8215,293,304,8746,16883,7960,3075,1160,272,3946,3369,275,99,7349,13749,285,102,298,560,221,410,174,257,0,0,0,0,0,0,0,0,0,0,0,0,0,0,0,0,0,0,0,0,0,0,0,0,0,0,0,0,0,0,0,0,0,0,0,0,0,0,0,0,0,0,0,0,0,0,0,0,0,0,0,0,0,0,0,0,0,0,0,0,0
2025-04-17,US,502637,0,0,0,0,7088,0,0,0,4955,0,0,4631,0,0,0,0,7985,0,1271,0,4110,0,0,4238,846,0,8601,0,17369,0,64908,3654,279723,6131,1160,275,170,381,5437,711,278,182,8383,300,311,8681,16975,8041,3179,1144,274,3965,3412,278,100,7414,13703,289,105,304,565,243,428,180,261,0,0,0,0,0,0,0,0,0,0,0,0,0,0,0,0,0,0,0,0,0,0,0,0,0,0,0,0,0,0,0,0,0,0,0,0,0,0,0,0,0,0,0,0,0,0,0,0,0,0,0,0,0,0,0,0,0,0,0,0,0
2025-04-18,US,514285,0,0,0,0,7708,0,0,0,5126,0,0,5298,0,0,0,0,8128,0,1470,0,4366,0,0,4347,869,0,8997,0,17517,0,65237,3616,287068,6204,1209,284,178,409,5702,709,285,188,8589,307,319,8644,17132,8154,3299,1131,277,3999,3469,282,103,7508,13704,294,107,312,571,267,448,186,266,0,0,0,0,0,0,0,0,0,0,0,0,0,0,0,0,0,0,0,0,0,0,0,0,0,0,0,0,0,0,0,0,0,0,0,0,0,0,0,0,0,0,0,0,0,0,0,0,0,0,0,0,0,0,0,0,0,0,0,0,0
2025-04-19,US,524987,0,0,0,0,8334,0,0,0,5290,0,0,5979,0,0,0,0,8255,0,1673,0,4622,0,0,4448,890,0,9385,0,17622,0,65397,3567,293922,6262,1256,292,186,438,5962,704,291,195,8778,314,327,8581,17247,8249,3415,1114,279,4024,3518,286,105,7585,13667,299,110,320,576,291,468,192,270,0,0,0,0,0,0,0,0,0,0,0,0,0,0,0,0,0,0,0,0,0,0,0,0,0,0,0,0,0,0,0,0,0,0,0,0,0,0,0,0,0,0,0,0,0,0,0,0,0,0,0,0,0,0,0,0,0,0,0,0,0
2025-04-20,US,528938,0,0,0,0,8865,0,0,0,5387,0,0,6599,0,0,0,0,8275,0,1860,0,4822,0,0,4492,899,0,9658,0,17494,0,64683,3469,297021,6238,1288,296,191,462,6149,690,294,199,8856,318,331,8401,17133,8236,3488,1082,278,3995,3522,286,105,7562,13445,300,111,323,574,312,481,196,271,0,0,0,0,0,0,0,0,0,0,0,0,0,0,0,0,0,0,0,0,0,0,0,0,0,0,0,0,0,0,0,0,0,0,0,0,0,0,0,0,0,0,0,0,0,0,0,0,0,0,0,0,0,0,0,0,0,0,0,0,0
2025-04-21,US,529797,0,0,0,0,9349,0,0,0,5454,0,0,7185,0,0,0,0,8246,0,2037,0,4996,0,0,4511,904,0,9876,0,17261,0,63580,3349,298389,6176,1312,299,196,483,6301,672,294,201,8881,319,332,8170,16918,8174,3541,1043,275,3942,3505,284,105,7495,13142,299,112,324,568,332,493,198,270,0,0,0,0,0,0,0,0,0,0,0,0,0,0,0,0,0,0,0,0,0,0,0,0,0,0,0,0,0,0,0,0,0,0,0,0,0,0,0,0,0,0,0,0,0,0,0,0,0,0,0,0,0,0,0,0,0,0,0,0,0
2025-04-22,US,528784,0,0,0,0,9799,0,0,0,5501,0,0,7745,0,0,0,0,8188,0,2207,0,5152,0,0,4513,905,0,10059,0,16968,0,62255,3218,298704,6093,1332,301,200,503,6431,652,294,203,8876,319,333,7911,16643,8084,3582,1000,271,3876,3476,281,105,7401,12793,297,112,324,560,350,502,200,268,0,0,0,0,0,0,0,0,0,0,0,0,0,0,0,0,0,0,0,0,0,0,0,0,0,0,0,0,0,0,0,0,0,0,0,0,0,0,0,0,0,0,0,0,0,0,0,0,0,0,0,0,0,0,0,0,0,0,0,0,0
2025-04-23,US,524640,0,0,0,0,10186,0,0,0,5515,0,0,8253,0,0,0,0,8082,0,2362,0,5275,0,0,4488,901,0,10180,0,16576,0,60573,3069,297239,5975,1344,301,202,519,6521,628,292,204,8817,317,332,7607,16272,7946,3601,952,266,3787,3426,276,104,7264,12371,293,112,323,549,366,508,200,265,0,0,0,0,0,0,0,0,0,0,0,0,0,0,0,0,0,0,0,0,0,0,0,0,0,0,0,0,0,0,0,0,0,0,0,0,0,0,0,0,0,0,0,0,0,0,0,0,0,0,0,0,0,0,0,0,0,0,0,0,0
2025-04-24,US,517609,0,0,0,0,10506,0,0,0,5498,0,0,8703,0,0,0,0,7933,0,2500,0,5366,0,0,4438,892,0,10241,0,16100,0,58585,2906,294120,5825,1348,299,204,532,6573,601,288,204,8710,314,329,7267,15816,7766,3599,900,259,3678,3358,270,103,7089,11888,287,111,319,535,379,512,200,260,0,0,0,0,0,0,0,0,0,0,0,0,0,0,0,0,0,0,0,0,0,0,0,0,0,0,0,0,0,0,0,0,0,0,0,0,0,0,0,0,0,0,0,0,0,0,0,0,0,0,0,0,0,0,0,0,0,0,0,0,0
2025-04-25,US,507764,0,0,0,0,10754,0,0,0,5448,0,0,9087,0,0,0,0,7741,0,2619,0,5422,0,0,4364,877,0,10240,0,15544,0,56317,2731,289373,5646,1343,296,204,541,6583,571,283,202,8555,308,323,6895,15283,7546,3576,844,251,3552,3272,263,100,6878,11352,280,109,314,518,390,512,198,254,0,0,0,0,0,0,0,0,0,0,0,0,0,0,0,0,0,0,0,0,0,0,0,0,0,0,0,0,0,0,0,0,0,0,0,0,0,0,0,0,0,0,0,0,0,0,0,0,0,0,0,0,0,0,0,0,0,0,0,0,0
2025-04-26,US,493951,0,0,0,0,10897,0,0,0,5354,0,0,9375,0,0,0,0,7491,0,2710,0,5429,0,0,4256,856,0,10149,0,14879,0,53664,2540,282325,5426,1327,290,202,546,6536,537,276,199,8333,301,316,6480,14641,7271,3523,783,241,3400,3162,254,98,6616,10741,271,107,306,498,397,508,195,246,0,0,0,0,0,0,0,0,0,0,0,0,0,0,0,0,0,0,0,0,0,0,0,0,0,0,0,0,0,0,0,0,0,0,0,0,0,0,0,0,0,0,0,0,0,0,0,0,0,0,0,0,0,0,0,0,0,0,0,0,0
2025-04-27,US,471674,0,0,0,0,10821,0,0,0,5164,0,0,9461,0,0,0,0,7116,0,2742,0,5331,0,0,4073,820,0,9871,0,13976,0,50175,2315,270377,5118,1287,279,197,539,6368,496,264,192,7967,288,303,5971,13765,6877,3406,712,227,3194,2999,240,93,6247,9969,258,102,293,469,396,494,188,234,0,0,0,0,0,0,0,0,0,0,0,0,0,0,0,0,0,0,0,0,0,0,0,0,0,0,0,0,0,0,0,0,0,0,0,0,0,0,0,0,0,0,0,0,0,0,0,0,0,0,0,0,0,0,0,0,0,0,0,0,0
2025-04-28,US,452685,0,0,0,0,10784,0,0,0,5005,0,0,9569,0,0,0,0,6793,0,2780,0,5257,0,0,3918,790,0,9646,0,13192,0,47129,2115,260245,4851,1254,270,193,535,6232,460,253,187,7656,277,292,5523,13004,6536,3310,648,215,3016,2859,228,89,5928,9291,246,99,282,445,396,483,182,224,0,0,0,0,0,0,0,0,0,0,0,0,0,0,0,0,0,0,0,0,0,0,0,0,0,0,0,0,0,0,0,0,0,0,0,0,0,0,0,0,0,0,0,0,0,0,0,0,0,0,0,0,0,0,0,0,0,0,0,0,0
2025-04-29,US,437222,0,0,0,0,10800,0,0,0,4881,0,0,9714,0,0,0,0,6527,0,2827,0,5213,0,0,3793,765,0,9482,0,12527,0,44529,1940,252083,4627,1230,262,190,533,6136,428,245,182,7403,268,283,5134,12361,6251,3235,593,205,2864,2742,219,86,5660,8707,237,96,273,424,398,475,178,215,0,0,0,0,0,0,0,0,0,0,0,0,0,0,0,0,0,0,0,0,0,0,0,0,0,0,0,0,0,0,0,0,0,0,0,0,0,0,0,0,0,0,0,0,0,0,0,0,0,0,0,0,0,0,0,0,0,0,0,0,0
2025-04-30,US,426443,0,0,0,0,10909,0,0,0,4807,0,0,9934,0,0,0,0,6332,0,2897,0,5217,0,0,3709,749,0,9410,0,12009,0,42467,1792,246577,4455,1217,258,188,536,6098,402,239,180,7230,262,277,4812,11862,6037,3194,546,198,2746,2657,211,84,5457,8233,230,94,267,408,403,472,175,209,0,0,0,0,0,0,0,0,0,0,0,0,0,0,0,0,0,0,0,0,0,0,0,0,0,0,0,0,0,0,0,0,0,0,0,0,0,0,0,0,0,0,0,0,0,0,0,0,0,0,0,0,0,0,0,0,0,0,0,0,0
2025-05-01,US,420599,0,0,0,0,11129,0,0,0,4787,0,0,10251,0,0,0,0,6212,0,2994,0,5276,0,0,3666,741,0,9441,0,11639,0,40934,1669,243896,4338,1218,256,189,545,6127,382,236,179,7139,259,274,4553,11507,5895,3187,506,192,2662,2602,207,83,5319,7864,225,93,264,397,412,473,174,205,0,0,0,0,0,0,0,0,0,0,0,0,0,0,0,0,0,0,0,0,0,0,0,0,0,0,0,0,0,0,0,0,0,0,0,0,0,0,0,0,0,0,0,0,0,0,0,0,0,0,0,0,0,0,0,0,0,0,0,0,0
2025-05-02,US,420219,0,0,0,0,11487,0,0,0,4828,0,0,10694,0,0,0,0,6173,0,3129,0,5402,0,0,3671,742,0,9591,0,11423,0,39949,1569,244373,4278,1235,258,192,561,6233,366,236,181,7142,259,275,4357,11306,5830,3222,474,190,2613,2582,205,82,5251,7602,224,93,264,391,427,481,176,204,0,0,0,0,0,0,0,0,0,0,0,0,0,0,0,0,0,0,0,0,0,0,0,0,0,0,0,0,0,0,0,0,0,0,0,0,0,0,0,0,0,0,0,0,0,0,0,0,0,0,0,0,0,0,0,0,0,0,0,0,0
2025-05-03,US,422042,0,0,0,0,11907,0,0,0,4895,0,0,11194,0,0,0,0,6166,0,3280,0,5556,0,0,3696,748,0,9792,0,11267,0,39170,1477,246132,4240,1258,261,196,579,6372,353,237,184,7182,261,277,4183,11163,5796,3273,444,188,2578,2575,204,83,5211,7378,224,94,266,387,444,491,179,204,0,0,0,0,0,0,0,0,0,0,0,0,0,0,0,0,0,0,0,0,0,0,0,0,0,0,0,0,0,0,0,0,0,0,0,0,0,0,0,0,0,0,0,0,0,0,0,0,0,0,0,0,0,0,0,0,0,0,0,0,0
2025-05-04,US,424947,0,0,0,0,12361,0,0,0,4974,0,0,11728,0,0,0,0,6175,0,3441,0,5726,0,0,3730,755,0,10021,0,11137,0,38481,1388,248530,4213,1284,264,201,600,6529,340,239,187,7240,263,280,4018,11046,5776,3334,415,186,2548,2575,203,83,5184,7171,224,95,268,385,462,503,181,204,0,0,0,0,0,0,0,0,0,0,0,0,0,0,0,0,0,0,0,0,0,0,0,0,0,0,0,0,0,0,0,0,0,0,0,0,0,0,0,0,0,0,0,0,0,0,0,0,0,0,0,0,0,0,0,0,0,0,0,0,0
2025-05-05,US,427562,0,0,0,0,12811,0,0,0,5051,0,0,12259,0,0,0,0,6179,0,3601,0,5893,0,0,3761,762,0,10244,0,10997,0,37755,1296,250767,4181,1310,268,206,620,6683,327,241,190,7294,265,282,3847,10920,5752,3392,385,185,2517,2572,202,84,5152,6956,224,96,271,382,479,514,184,204,0,0,0,0,0,0,0,0,0,0,0,0,0,0,0,0,0,0,0,0,0,0,0,0,0,0,0,0,0,0,0,0,0,0,0,0,0,0,0,0,0,0,0,0,0,0,0,0,0,0,0,0,0,0,0,0,0,0,0,0,0
2025-05-06,US,431665,0,0,0,0,13312,0,0,0,5146,0,0,12840,0,0,0,0,6204,0,3775,0,6083,0,0,3806,772,0,10505,0,10892,0,37146,1208,253887,4164,1340,272,211,642,6862,314,243,194,7373,269,286,3687,10829,5746,3463,356,184,2493,2579,202,84,5137,6761,225,97,274,380,499,528,188,205,0,0,0,0,0,0,0,0,0,0,0,0,0,0,0,0,0,0,0,0,0,0,0,0,0,0,0,0,0,0,0,0,0,0,0,0,0,0,0,0,0,0,0,0,0,0,0,0,0,0,0,0,0,0,0,0,0,0,0,0,0
2025-05-07,US,433818,0,0,0,0,13757,0,0,0,5218,0,0,13369,0,0,0,0,6201,0,3935,0,6248,0,0,3834,778,0,10721,0,10736,0,36355,1113,255870,4127,1365,276,216,662,7011,300,245,197,7418,270,289,3508,10686,5714,3519,325,182,2458,2573,202,85,5098,6532,225,98,276,376,517,539,191,205,0,0,0,0,0,0,0,0,0,0,0,0,0,0,0,0,0,0,0,0,0,0,0,0,0,0,0,0,0,0,0,0,0,0,0,0,0,0,0,0,0,0,0,0,0,0,0,0,0,0,0,0,0,0,0,0,0,0,0,0,0
2025-05-08,US,434008,0,0,0,0,14142,0,0,0,5267,0,0,13840,0,0,0,0,6170,0,4078,0,6384,0,0,3844,781,0,10889,0,10529,0,35396,1012,256699,4071,1384,278,219,678,7129,285,245,199,7431,271,290,3312,10494,5656,3559,292,180,2411,2556,200,84,5036,6272,224,98,277,371,532,547,192,204,0,0,0,0,0,0,0,0,0,0,0,0,0,0,0,0,0,0,0,0,0,0,0,0,0,0,0,0,0,0,0,0,0,0,0,0,0,0,0,0,0,0,0,0,0,0,0,0,0,0,0,0,0,0,0,0,0,0,0,0,0
2025-05-09,US,436850,0,0,0,0,14616,0,0,0,5349,0,0,14398,0,0,0,0,6175,0,4246,0,6561,0,0,3878,789,0,11125,0,10386,0,34647,917,259100,4040,1411,281,224,700,7291,271,247,202,7489,274,293,3135,10365,5632,3620,261,178,2379,2554,199,85,5004,6049,224,99,279,368,551,559,195,205,0,0,0,0,0,0,0,0,0,0,0,0,0,0,0,0,0,0,0,0,0,0,0,0,0,0,0,0,0,0,0,0,0,0,0,0,0,0,0,0,0,0,0,0,0,0,0,0,0,0,0,0,0,0,0,0,0,0,0,0,0
2025-05-10,US,438736,0,0,0,0,15049,0,0,0,5415,0,0,14917,0,0,0,0,6162,187,4403,177,6719,0,0,3901,794,0,11329,0,10209,0,33784,818,260725,3995,1434,284,228,719,7432,257,248,205,7524,275,295,2947,10203,5590,3672,228,176,2339,2544,198,85,4956,5805,224,100,281,363,569,570,198,205,0,0,0,0,0,0,0,0,0,0,0,0,0,0,0,0,0,0,0,0,0,0,0,0,0,0,0,0,0,0,0,0,0,0,0,0,0,0,0,0,0,0,0,0,0,0,0,0,0,0,0,0,0,0,0,0,0,0,0,0,0
2025-05-11,US,433510,0,0,0,0,16222,0,0,0,5429,0,0,15991,0,0,0,0,6032,239,4400,213,6677,0,0,3945,788,0,11286,0,9881,0,32896,827,256386,3904,1440,279,228,729,7316,257,245,205,7335,273,293,2916,9842,5519,3555,225,175,2246,2449,195,84,4874,5652,220,99,278,354,559,552,0,0,0,0,0,0,0,0,0,0,0,0,0,0,0,0,0,0,0,0,0,0,0,0,0,0,0,0,0,0,0,0,0,0,0,0,0,0,0,0,0,0,0,0,0,0,0,0,0,0,0,0,0,0,0,0,0,0,0,0,0,0,0
2025-05-12,US,428439,0,0,0,0,17355,0,0,0,5439,0,0,17028,0,0,0,0,5899,290,4394,249,6631,0,0,3985,781,0,11235,0,9552,0,32001,835,251933,3812,1444,274,228,738,7196,258,243,206,7145,270,290,2885,9480,5445,3438,221,175,2154,2353,193,83,4790,5497,216,99,276,344,548,533,0,0,0,0,0,0,0,0,0,0,0,0,0,0,0,0,0,0,0,0,0,0,0,0,0,0,0,0,0,0,0,0,0,0,0,0,0,0,0,0,0,0,0,0,0,0,0,0,0,0,0,0,0,0,0,0,0,0,0,0,0,0,0
2025-05-13,US,421699,0,0,0,0,18383,0,0,0,5425,0,0,17965,0,0,0,0,5744,338,4369,283,6558,0,0,4007,771,0,11138,0,9192,0,30995,839,246541,3707,1442,268,227,744,7048,258,239,206,6929,266,287,2841,9088,5350,3310,216,173,2055,2251,189,82,4688,5323,212,97,272,334,536,513,0,0,0,0,0,0,0,0,0,0,0,0,0,0,0,0,0,0,0,0,0,0,0,0,0,0,0,0,0,0,0,0,0,0,0,0,0,0,0,0,0,0,0,0,0,0,0,0,0,0,0,0,0,0,0,0,0,0,0,0,0,0,0
2025-05-14,US,417608,0,0,0,0,19492,0,0,0,5444,0,0,18982,0,0,0,0,5628,387,4371,317,6525,0,0,4052,766,0,11109,0,8895,0,30198,848,242734,3626,1449,264,227,754,6946,259,237,207,6760,265,285,2816,8760,5289,3205,213,172,1970,2164,187,81,4616,5185,209,97,270,325,528,497,0,0,0,0,0,0,0,0,0,0,0,0,0,0,0,0,0,0,0,0,0,0,0,0,0,0,0,0,0,0,0,0,0,0,0,0,0,0,0,0,0,0,0,0,0,0,0,0,0,0,0,0,0,0,0,0,0,0,0,0,0,0,0
2025-05-15,US,416471,0,0,0,0,20723,0,0,0,5500,0,0,20119,0,0,0,0,5552,437,4403,353,6538,0,0,4124,766,0,11158,0,8663,0,29620,863,240663,3571,1466,261,229,770,6894,261,237,209,6640,264,285,2810,8497,5265,3123,212,173,1900,2093,186,80,4577,5085,207,97,270,319,523,484,0,0,0,0,0,0,0,0,0,0,0,0,0,0,0,0,0,0,0,0,0,0,0,0,0,0,0,0,0,0,0,0,0,0,0,0,0,0,0,0,0,0,0,0,0,0,0,0,0,0,0,0,0,0,0,0,0,0,0,0,0,0,0
2025-05-16,US,414253,0,0,0,0,21889,0,0,0,5542,0,0,21193,0,0,0,0,5462,486,4423,388,6534,0,0,4185,765,0,11177,0,8411,0,28970,875,237979,3507,1478,258,230,783,6824,264,236,211,6504,264,285,2798,8214,5228,3033,209,173,1826,2018,185,80,4526,4972,205,97,269,312,516,470,0,0,0,0,0,0,0,0,0,0,0,0,0,0,0,0,0,0,0,0,0,0,0,0,0,0,0,0,0,0,0,0,0,0,0,0,0,0,0,0,0,0,0,0,0,0,0,0,0,0,0,0,0,0,0,0,0,0,0,0,0,0,0
2025-05-17,US,409551,0,0,0,0,22902,0,0,0,5549,0,0,22120,0,0,0,0,5341,532,4416,420,6490,0,0,4220,758,0,11127,0,8112,0,28155,882,233893,3423,1482,253,230,791,6714,264,233,211,6330,261,282,2768,7886,5159,2927,206,173,1743,1931,182,79,4449,4831,201,96,267,304,507,453,0,0,0,0,0,0,0,0,0,0,0,0,0,0,0,0,0,0,0,0,0,0,0,0,0,0,0,0,0,0,0,0,0,0,0,0,0,0,0,0,0,0,0,0,0,0,0,0,0,0,0,0,0,0,0,0,0,0,0,0,0,0,0
2025-05-18,US,413984,0,0,0,0,24424,0,0,0,5679,0,0,23538,0,0,0,0,5338,589,4507,462,6590,0,0,4348,769,0,11326,0,7994,0,27968,909,235024,3415,1518,254,235,817,6753,270,236,217,6298,265,286,2800,7733,5206,2886,207,176,1698,1888,184,80,4470,4798,202,97,270,302,509,447,0,0,0,0,0,0,0,0,0,0,0,0,0,0,0,0,0,0,0,0,0,0,0,0,0,0,0,0,0,0,0,0,0,0,0,0,0,0,0,0,0,0,0,0,0,0,0,0,0,0,0,0,0,0,0,0,0,0,0,0,0,0,0
2025-05-19,US,420443,0,0,0,0,26099,0,0,0,5840,0,0,25103,0,0,0,0,5361,650,4622,506,6724,0,0,4500,783,0,11582,0,7910,0,27905,940,237270,3423,1563,257,241,847,6825,278,240,223,6293,269,292,2846,7613,5278,2857,209,180,1659,1852,186,81,4513,4786,204,99,275,301,513,442,0,0,0,0,0,0,0,0,0,0,0,0,0,0,0,0,0,0,0,0,0,0,0,0,0,0,0,0,0,0,0,0,0,0,0,0,0,0,0,0,0,0,0,0,0,0,0,0,0,0,0,0,0,0,0,0,0,0,0,0,0,0,0
2025-05-20,US,425874,0,0,0,0,27746,0,0,0,5988,0,0,26639,0,0,0,0,5368,712,4726,550,6843,0,0,4644,796,0,11812,0,7801,0,27760,970,238896,3421,1604,258,246,876,6879,285,243,229,6271,273,297,2885,7467,5337,2820,211,183,1615,1810,188,82,4545,4760,206,101,280,300,516,436,0,0,0,0,0,0,0,0,0,0,0,0,0,0,0,0,0,0,0,0,0,0,0,0,0,0,0,0,0,0,0,0,0,0,0,0,0,0,0,0,0,0,0,0,0,0,0,0,0,0,0,0,0,0,0,0,0,0,0,0,0,0,0
2025-05-21,US,429500,0,0,0,0,29303,0,0,0,6112,0,0,28088,0,0,0,0,5352,771,4812,593,6932,0,0,4769,805,0,11993,0,7654,0,27488,996,239479,3404,1639,258,251,901,6903,291,246,234,6220,276,300,2912,7285,5373,2768,211,186,1563,1759,189,82,4556,4712,206,102,283,297,517,428,0,0,0,0,0,0,0,0,0,0,0,0,0,0,0,0,0,0,0,0,0,0,0,0,0,0,0,0,0,0,0,0,0,0,0,0,0,0,0,0,0,0,0,0,0,0,0,0,0,0,0,0,0,0,0,0,0,0,0,0,0,0,0
2025-05-22,US,431007,0,0,0,0,30730,0,0,0,6207,0,0,29412,0,0,0,0,5308,827,4874,633,6989,0,0,4872,810,0,12117,0,7467,0,27073,1017,238865,3370,1666,258,254,922,6893,296,247,238,6137,278,302,2924,7063,5382,2703,211,188,1502,1698,189,83,4545,4640,206,103,284,293,515,418,0,0,0,0,0,0,0,0,0,0,0,0,0,0,0,0,0,0,0,0,0,0,0,0,0,0,0,0,0,0,0,0,0,0,0,0,0,0,0,0,0,0,0,0,0,0,0,0,0,0,0,0,0,0,0,0,0,0,0,0,0,0,0
2025-05-23,US,424185,0,0,0,0,31546,0,0,0,6181,0,0,30153,0,0,0,0,5162,866,4841,661,6909,0,0,4880,800,0,12005,0,7139,0,26142,1018,233653,3271,1660,252,252,925,6749,295,243,237,5937,274,299,2880,6709,5288,2586,206,186,1413,1605,186,81,4446,4479,202,102,281,283,503,399,0,0,0,0,0,0,0,0,0,0,0,0,0,0,0,0,0,0,0,0,0,0,0,0,0,0,0,0,0,0,0,0,0,0,0,0,0,0,0,0,0,0,0,0,0,0,0,0,0,0,0,0,0,0,0,0,0,0,0,0,0,0,0
2025-05-24,US,416189,0,0,0,0,32229,0,0,0,6135,0,0,30767,0,0,0,0,5005,902,4794,685,6810,0,0,4871,787,0,11857,0,6798,0,25156,1016,227845,3164,1650,245,250,925,6589,293,239,236,5724,270,294,2828,6344,5179,2464,201,184,1322,1511,182,80,4336,4309,197,100,276,272,490,380,0,0,0,0,0,0,0,0,0,0,0,0,0,0,0,0,0,0,0,0,0,0,0,0,0,0,0,0,0,0,0,0,0,0,0,0,0,0,0,0,0,0,0,0,0,0,0,0,0,0,0,0,0,0,0,0,0,0,0,0,0,0,0
2025-05-25,US,430305,0,0,0,0,34643,0,0,0,6416,0,0,33032,0,0,0,0,5112,985,5001,747,7072,0,0,5122,816,0,12340,0,6816,0,25500,1068,234123,3225,1727,252,261,975,6778,307,247,247,5813,279,305,2926,6313,5345,2473,207,191,1301,1495,188,82,4456,4366,202,104,286,276,503,381,0,0,0,0,0,0,0,0,0,0,0,0,0,0,0,0,0,0,0,0,0,0,0,0,0,0,0,0,0,0,0,0,0,0,0,0,0,0,0,0,0,0,0,0,0,0,0,0,0,0,0,0,0,0,0,0,0,0,0,0,0,0,0
2025-05-26,US,434829,0,0,0,0,36341,0,0,0,6557,0,0,34614,0,0,0,0,5103,1050,5099,793,7178,0,0,5263,828,0,12551,0,6672,0,25254,1097,235119,3212,1766,252,266,1003,6814,313,250,252,5769,283,309,2959,6131,5392,2423,208,194,1248,1444,189,83,4475,4323,203,105,290,274,505,373,0,0,0,0,0,0,0,0,0,0,0,0,0,0,0,0,0,0,0,0,0,0,0,0,0,0,0,0,0,0,0,0,0,0,0,0,0,0,0,0,0,0,0,0,0,0,0,0,0,0,0,0,0,0,0,0,0,0,0,0,0,0,0
2025-05-27,US,433229,0,0,0,0,37535,0,0,0,6607,0,0,35716,0,0,0,0,5022,1099,5126,829,7184,0,0,5330,827,0,12587,0,6433,0,24649,1111,232795,3154,1781,250,268,1017,6755,316,249,254,5642,283,309,2950,5861,5362,2338,206,195,1177,1371,188,83,4431,4218,201,105,289,267,499,360,0,0,0,0,0,0,0,0,0,0,0,0,0,0,0,0,0,0,0,0,0,0,0,0,0,0,0,0,0,0,0,0,0,0,0,0,0,0,0,0,0,0,0,0,0,0,0,0,0,0,0,0,0,0,0,0,0,0,0,0,0,0,0
2025-05-28,US,427806,0,0,0,0,38377,0,0,0,6597,0,0,36482,0,0,0,0,4897,1138,5107,856,7125,0,0,5348,819,0,12510,0,6141,0,23834,1114,228441,3068,1780,245,267,1022,6636,316,246,254,5468,280,306,2916,5543,5286,2234,203,194,1096,1288,185,81,4349,4077,197,105,286,259,490,344,0,0,0,0,0,0,0,0,0,0,0,0,0,0,0,0,0,0,0,0,0,0,0,0,0,0,0,0,0,0,0,0,0,0,0,0,0,0,0,0,0,0,0,0,0,0,0,0,0,0,0,0,0,0,0,0,0,0,0,0,0,0,0
2025-05-29,US,419213,0,0,0,0,38890,0,0,0,6535,0,0,36937,0,0,0,0,4738,1167,5048,876,7013,0,0,5324,805,0,12337,0,5811,0,22860,1109,222441,2962,1765,238,264,1019,6469,313,242,252,5257,275,301,2859,5193,5170,2116,197,191,1010,1197,181,80,4235,3909,192,103,281,248,476,326,0,0,0,0,0,0,0,0,0,0,0,0,0,0,0,0,0,0,0,0,0,0,0,0,0,0,0,0,0,0,0,0,0,0,0,0,0,0,0,0,0,0,0,0,0,0,0,0,0,0,0,0,0,0,0,0,0,0,0,0,0,0,0
2025-05-30,US,411643,0,0,0,0,39448,0,0,0,6487,0,0,37437,0,0,0,0,4593,1197,5000,896,6917,0,0,5310,793,0,12192,0,5502,0,21961,1106,217040,2864,1753,232,261,1018,6319,311,238,250,5062,270,297,2810,4864,5068,2006,193,189,929,1112,178,78,4133,3754,188,101,277,239,464,308,0,0,0,0,0,0,0,0,0,0,0,0,0,0,0,0,0,0,0,0,0,0,0,0,0,0,0,0,0,0,0,0,0,0,0,0,0,0,0,0,0,0,0,0,0,0,0,0,0,0,0,0,0,0,0,0,0,0,0,0,0,0,0
2025-05-31,US,413185,0,0,0,0,40860,0,0,0,6582,0,0,38747,0,0,0,0,4551,1253,5062,936,6973,0,0,5413,798,0,12315,0,5319,0,21556,1127,216464,2830,1780,231,265,1039,6310,315,239,254,4981,272,299,2822,4646,5078,1941,192,190,869,1053,178,78,4122,3683,187,102,278,234,462,298,0,0,0,0,0,0,0,0,0,0,0,0,0,0,0,0,0,0,0,0,0,0,0,0,0,0,0,0,0,0,0,0,0,0,0,0,0,0,0,0,0,0,0,0,0,0,0,0,0,0,0,0,0,0,0,0,0,0,0,0,0,0,0
2025-06-01,US,394327,0,0,0,0,40201,0,0,0,6348,0,0,38095,0,0,0,0,4286,1244,4872,928,6684,0,0,5244,764,0,11827,0,4881,0,20107,1091,205260,2659,1718,219,255,1008,5991,304,228,245,4658,260,286,2695,4210,4837,1784,183,183,769,944,169,75,3909,3434,178,98,266,219,438,274,0,0,0,0,0,0,0,0,0,0,0,0,0,0,0,0,0,0,0,0,0,0,0,0,0,0,0,0,0,0,0,0,0,0,0,0,0,0,0,0,0,0,0,0,0,0,0,0,0,0,0,0,0,0,0,0,0,0,0,0,0,0,0
2025-06-02,US,381371,0,0,0,0,40046,0,0,0,6204,0,0,37922,0,0,0,0,4090,1250,4752,931,6492,0,0,5148,741,0,11510,0,4533,0,18996,1071,197235,2531,1681,210,249,990,5763,297,221,240,4413,252,278,2609,3854,4670,1659,176,178,685,854,163,72,3757,3243,171,95,258,207,420,254,0,0,0,0,0,0,0,0,0,0,0,0,0,0,0,0,0,0,0,0,0,0,0,0,0,0,0,0,0,0,0,0,0,0,0,0,0,0,0,0,0,0,0,0,0,0,0,0,0,0,0,0,0,0,0,0,0,0,0,0,0,0,0
2025-06-03,US,374347,0,0,0,0,40453,0,0,0,6153,0,0,38283,0,0,0,0,3961,1273,4704,947,6400,0,0,5127,730,0,11368,0,4265,0,18205,1066,192346,2444,1668,205,246,988,5627,295,217,238,4241,248,274,2563,3570,4576,1563,171,176,615,780,160,71,3664,3107,167,93,254,198,409,239,0,0,0,0,0,0,0,0,0,0,0,0,0,0,0,0,0,0,0,0,0,0,0,0,0,0,0,0,0,0,0,0,0,0,0,0,0,0,0,0,0,0,0,0,0,0,0,0,0,0,0,0,0,0,0,0,0,0,0,0,0,0,0
2025-06-04,US,371677,0,0,0,0,41300,0,0,0,6172,0,0,39060,0,0,0,0,3879,1310,4709,973,6381,0,0,5164,727,0,11356,0,4051,0,17637,1074,189726,2387,1674,202,246,996,5558,296,216,239,4121,247,273,2546,3333,4535,1488,169,175,554,718,159,70,3614,3008,165,93,253,192,403,227,0,0,0,0,0,0,0,0,0,0,0,0,0,0,0,0,0,0,0,0,0,0,0,0,0,0,0,0,0,0,0,0,0,0,0,0,0,0,0,0,0,0,0,0,0,0,0,0,0,0,0,0,0,0,0,0,0,0,0,0,0,0,0
2025-06-05,US,372034,0,0,0,0,42475,0,0,0,6241,0,0,40149,0,0,0,0,3829,1357,4752,1007,6415,0,0,5243,729,0,11437,0,3872,0,17216,1090,188661,2349,1694,200,249,1012,5533,300,216,242,4035,248,274,2551,3124,4531,1424,168,177,497,661,158,70,3594,2935,164,94,254,188,401,218,0,0,0,0,0,0,0,0,0,0,0,0,0,0,0,0,0,0,0,0,0,0,0,0,0,0,0,0,0,0,0,0,0,0,0,0,0,0,0,0,0,0,0,0,0,0,0,0,0,0,0,0,0,0,0,0,0,0,0,0,0,0,0
2025-06-06,US,376372,0,0,0,0,44119,0,0,0,6377,0,0,41680,0,0,0,0,3820,1419,4847,1052,6517,0,0,5379,740,0,11641,0,3731,0,16974,1118,189599,2336,1732,201,254,1040,5568,306,219,247,3991,251,278,2582,2947,4576,1375,169,180,446,611,160,71,3613,2892,165,95,257,185,402,210,0,0,0,0,0,0,0,0,0,0,0,0,0,0,0,0,0,0,0,0,0,0,0,0,0,0,0,0,0,0,0,0,0,0,0,0,0,0,0,0,0,0,0,0,0,0,0,0,0,0,0,0,0,0,0,0,0,0,0,0,0,0,0
2025-06-07,US,377517,0,0,0,0,45383,0,0,0,6457,0,0,42852,0,0,0,185,3775,1469,4899,1088,6561,0,0,5468,744,0,11741,0,3555,0,16573,1136,188818,2302,1755,200,257,1058,5552,310,219,251,3910,252,280,2591,2740,4579,1313,169,181,389,554,160,71,3598,2822,164,96,259,181,400,200,0,0,0,0,0,0,0,0,0,0,0,0,0,0,0,0,0,0,0,0,0,0,0,0,0,0,0,0,0,0,0,0,0,0,0,0,0,0,0,0,0,0,0,0,0,0,0,0,0,0,0,0,0,0,0,0,0,0,0,0,0,0,0
2025-06-08,US,379011,0,0,0,0,48083,0,0,0,6536,0,0,43954,0,0,0,203,3785,1525,4927,1096,6667,0,0,5765,751,0,11824,0,3516,0,16320,1144,187362,2303,1716,201,258,1043,5463,315,221,255,3872,254,282,2532,2684,4525,1328,169,181,385,545,160,71,3508,2764,164,97,257,0,0,0,0,0,0,0,0,0,0,0,0,0,0,0,0,0,0,0,0,0,0,0,0,0,0,0,0,0,0,0,0,0,0,0,0,0,0,0,0,0,0,0,0,0,0,0,0,0,0,0,0,0,0,0,0,0,0,0,0,0,0,0,0,0,0
2025-06-09,US,377710,0,0,0,0,50335,0,0,0,6553,0,0,44643,0,0,0,219,3760,1566,4908,1094,6711,0,0,6008,751,0,11795,0,3444,0,15911,1140,184132,2282,1660,200,256,1019,5322,317,221,257,3797,254,282,2449,2602,4428,1329,167,180,378,531,160,71,3385,2679,163,97,254,0,0,0,0,0,0,0,0,0,0,0,0,0,0,0,0,0,0,0,0,0,0,0,0,0,0,0,0,0,0,0,0,0,0,0,0,0,0,0,0,0,0,0,0,0,0,0,0,0,0,0,0,0,0,0,0,0,0,0,0,0,0,0,0,0,0
2025-06-10,US,374833,0,0,0,0,52350,0,0,0,6542,0,0,45137,0,0,0,234,3719,1600,4869,1087,6725,0,0,6223,747,0,11717,0,3358,0,15441,1132,180163,2253,1597,199,254,991,5160,318,219,257,3707,253,281,2357,2510,4314,1325,165,177,369,515,158,70,3249,2584,160,96,249,0,0,0,0,0,0,0,0,0,0,0,0,0,0,0,0,0,0,0,0,0,0,0,0,0,0,0,0,0,0,0,0,0,0,0,0,0,0,0,0,0,0,0,0,0,0,0,0,0,0,0,0,0,0,0,0,0,0,0,0,0,0,0,0,0,0
2025-06-11,US,370624,0,0,0,0,54132,0,0,0,6508,0,0,45455,0,0,0,249,3664,1627,4813,1077,6715,0,0,6411,741,0,11597,0,3262,0,14922,1119,175603,2215,1530,197,251,959,4982,318,217,257,3605,250,279,2258,2411,4185,1317,162,174,359,498,156,70,3104,2482,158,95,243,0,0,0,0,0,0,0,0,0,0,0,0,0,0,0,0,0,0,0,0,0,0,0,0,0,0,0,0,0,0,0,0,0,0,0,0,0,0,0,0,0,0,0,0,0,0,0,0,0,0,0,0,0,0,0,0,0,0,0,0,0,0,0,0,0,0
2025-06-12,US,365796,0,0,0,0,55766,0,0,0,6461,0,0,45676,0,0,0,262,3604,1651,4748,1064,6691,0,0,6582,733,0,11458,0,3161,0,14387,1105,170812,2174,1462,194,247,926,4799,317,214,256,3499,248,276,2157,2310,4052,1305,159,171,348,480,153,69,2956,2377,154,94,238,0,0,0,0,0,0,0,0,0,0,0,0,0,0,0,0,0,0,0,0,0,0,0,0,0,0,0,0,0,0,0,0,0,0,0,0,0,0,0,0,0,0,0,0,0,0,0,0,0,0,0,0,0,0,0,0,0,0,0,0,0,0,0,0,0,0
2025-06-13,US,362106,0,0,0,0,57519,0,0,0,6434,0,0,46020,0,0,0,276,3556,1679,4699,1055,6687,0,0,6767,728,0,11354,0,3072,0,13905,1094,166611,2140,1399,192,244,897,4634,317,212,256,3405,246,274,2064,2217,3933,1298,157,168,339,463,152,68,2819,2281,152,94,233,0,0,0,0,0,0,0,0,0,0,0,0,0,0,0,0,0,0,0,0,0,0,0,0,0,0,0,0,0,0,0,0,0,0,0,0,0,0,0,0,0,0,0,0,0,0,0,0,0,0,0,0,0,0,0,0,0,0,0,0,0,0,0,0,0,0
2025-06-14,US,363786,0,0,0,0,60111,0,0,0,6501,0,0,47042,0,0,0,293,3560,1731,4719,1061,6782,0,0,7051,734,0,11418,0,3028,0,13631,1100,164895,2138,1357,193,245,881,4538,321,214,260,3361,247,276,2002,2158,3873,1310,156,168,334,454,152,68,2726,2219,152,95,231,0,0,0,0,0,0,0,0,0,0,0,0,0,0,0,0,0,0,0,0,0,0,0,0,0,0,0,0,0,0,0,0,0,0,0,0,0,0,0,0,0,0,0,0,0,0,0,0,0,0,0,0,0,0,0,0,0,0,0,0,0,0,0,0,0,0
2025-06-15,US,365323,0,0,0,0,62700,0,0,0,6567,0,0,48052,0,0,0,311,3563,1783,4738,1067,6874,0,0,7335,739,0,11478,0,2983,0,13348,1105,163094,2134,1315,193,245,865,4439,326,215,264,3316,249,278,1939,2097,3811,1322,156,167,330,444,152,68,2630,2156,151,95,229,0,0,0,0,0,0,0,0,0,0,0,0,0,0,0,0,0,0,0,0,0,0,0,0,0,0,0,0,0,0,0,0,0,0,0,0,0,0,0,0,0,0,0,0,0,0,0,0,0,0,0,0,0,0,0,0,0,0,0,0,0,0,0,0,0,0
2025-06-16,US,367533,0,0,0,0,65427,0,0,0,6645,0,0,49159,0,0,0,330,3573,1839,4765,1075,6980,0,0,7634,746,0,11559,0,2943,0,13087,1112,161567,2135,1274,195,246,850,4347,331,216,268,3276,251,281,1879,2040,3755,1336,156,167,326,435,153,69,2538,2096,151,96,228,0,0,0,0,0,0,0,0,0,0,0,0,0,0,0,0,0,0,0,0,0,0,0,0,0,0,0,0,0,0,0,0,0,0,0,0,0,0,0,0,0,0,0,0,0,0,0,0,0,0,0,0,0,0,0,0,0,0,0,0,0,0,0,0,0,0
2025-06-17,US,370584,0,0,0,0,68337,0,0,0,6739,0,0,50390,0,0,0,349,3590,1899,4803,1086,7103,0,0,7955,754,0,11666,0,2908,0,12851,1121,160375,2140,1236,196,248,837,4263,336,218,273,3243,254,284,1822,1986,3707,1353,157,168,322,427,154,69,2450,2039,152,97,227,0,0,0,0,0,0,0,0,0,0,0,0,0,0,0,0,0,0,0,0,0,0,0,0,0,0,0,0,0,0,0,0,0,0,0,0,0,0,0,0,0,0,0,0,0,0,0,0,0,0,0,0,0,0,0,0,0,0,0,0,0,0,0,0,0,0
2025-06-18,US,373318,0,0,0,0,71225,0,0,0,6827,0,0,51591,0,0,0,368,3604,1959,4836,1096,7221,0,0,8273,762,0,11764,0,2871,0,12598,1130,159006,2144,1195,197,249,822,4174,342,220,278,3206,256,287,1762,1929,3654,1369,157,168,319,418,155,70,2358,1980,152,98,226,0,0,0,0,0,0,0,0,0,0,0,0,0,0,0,0,0,0,0,0,0,0,0,0,0,0,0,0,0,0,0,0,0,0,0,0,0,0,0,0,0,0,0,0,0,0,0,0,0,0,0,0,0,0,0,0,0,0,0,0,0,0,0,0,0,0
2025-06-19,US,375614,0,0,0,0,74061,0,0,0,6909,0,0,52742,0,0,0,388,3614,2017,4865,1104,7331,0,0,8585,769,0,11848,0,2829,0,12326,1137,157418,2145,1153,199,250,807,4079,347,222,282,3165,258,290,1699,1870,3595,1384,157,168,315,408,155,70,2263,1918,152,99,225,0,0,0,0,0,0,0,0,0,0,0,0,0,0,0,0,0,0,0,0,0,0,0,0,0,0,0,0,0,0,0,0,0,0,0,0,0,0,0,0,0,0,0,0,0,0,0,0,0,0,0,0,0,0,0,0,0,0,0,0,0,0,0,0,0,0
2025-06-20,US,376622,0,0,0,0,76664,0,0,0,6966,0,0,53719,0,0,0,406,3611,2068,4876,1108,7416,0,0,8869,773,0,11892,0,2776,0,12009,1141,155267,2138,1106,199,250,788,3968,352,223,285,3112,259,292,1630,1803,3524,1394,156,167,309,398,155,70,2158,1848,151,100,223,0,0,0,0,0,0,0,0,0,0,0,0,0,0,0,0,0,0,0,0,0,0,0,0,0,0,0,0,0,0,0,0,0,0,0,0,0,0,0,0,0,0,0,0,0,0,0,0,0,0,0,0,0,0,0,0,0,0,0,0,0,0,0,0,0,0
2025-06-21,US,375944,0,0,0,0,78925,0,0,0,6993,0,0,54456,0,0,0,422,3592,2111,4866,1108,7469,0,0,9114,774,0,11882,0,2712,0,11638,1139,152420,2121,1054,199,249,766,3840,354,222,288,3046,260,292,1553,1728,3437,1397,155,166,303,385,155,70,2044,1770,150,100,220,0,0,0,0,0,0,0,0,0,0,0,0,0,0,0,0,0,0,0,0,0,0,0,0,0,0,0,0,0,0,0,0,0,0,0,0,0,0,0,0,0,0,0,0,0,0,0,0,0,0,0,0,0,0,0,0,0,0,0,0,0,0,0,0,0,0
2025-06-22,US,374731,0,0,0,0,81061,0,0,0,7010,0,0,55112,0,0,0,437,3568,2150,4848,1106,7510,0,0,9345,774,0,11856,0,2644,0,11252,1136,149370,2102,1001,198,248,743,3706,356,222,289,2975,259,292,1475,1651,3345,1399,153,164,296,372,154,70,1928,1690,148,100,216,0,0,0,0,0,0,0,0,0,0,0,0,0,0,0,0,0,0,0,0,0,0,0,0,0,0,0,0,0,0,0,0,0,0,0,0,0,0,0,0,0,0,0,0,0,0,0,0,0,0,0,0,0,0,0,0,0,0,0,0,0,0,0,0,0,0
2025-06-23,US,377357,0,0,0,0,84036,0,0,0,7098,0,0,56335,0,0,0,457,3580,2211,4881,1115,7629,0,0,9672,781,0,11951,0,2602,0,10981,1144,147840,2104,959,199,249,728,3611,362,224,294,2935,262,295,1412,1590,3288,1415,154,164,291,362,154,70,1830,1627,148,101,215,0,0,0,0,0,0,0,0,0,0,0,0,0,0,0,0,0,0,0,0,0,0,0,0,0,0,0,0,0,0,0,0,0,0,0,0,0,0,0,0,0,0,0,0,0,0,0,0,0,0,0,0,0,0,0,0,0,0,0,0,0,0,0,0,0,0
2025-06-24,US,383353,0,0,0,0,87816,0,0,0,7251,0,0,58080,0,0,0,482,3624,2293,4957,1135,7817,0,0,10091,796,0,12153,0,2583,0,10799,1163,147573,2125,923,202,253,718,3544,371,228,301,2919,266,301,1359,1542,3258,1444,155,165,290,356,157,71,1747,1577,150,103,215,0,0,0,0,0,0,0,0,0,0,0,0,0,0,0,0,0,0,0,0,0,0,0,0,0,0,0,0,0,0,0,0,0,0,0,0,0,0,0,0,0,0,0,0,0,0,0,0,0,0,0,0,0,0,0,0,0,0,0,0,0,0,0,0,0,0
2025-06-25,US,393743,0,0,0,0,92706,0,0,0,7488,0,0,60527,0,0,0,513,3710,2403,5089,1167,8097,0,0,10638,820,0,12495,0,2591,0,10726,1194,148886,2169,896,208,259,716,3513,384,234,312,2934,274,310,1319,1509,3262,1489,158,169,291,353,160,73,1679,1542,153,106,218,0,0,0,0,0,0,0,0,0,0,0,0,0,0,0,0,0,0,0,0,0,0,0,0,0,0,0,0,0,0,0,0,0,0,0,0,0,0,0,0,0,0,0,0,0,0,0,0,0,0,0,0,0,0,0,0,0,0,0,0,0,0,0,0,0,0
2025-06-26,US,408464,0,0,0,0,98776,0,0,0,7811,0,0,63695,0,0,0,550,3835,2543,5278,1213,8471,0,0,11319,853,0,12975,0,2623,0,10748,1239,151666,2237,876,216,268,720,3513,402,243,327,2978,285,323,1288,1487,3296,1552,163,174,296,353,166,76,1622,1518,158,111,224,0,0,0,0,0,0,0,0,0,0,0,0,0,0,0,0,0,0,0,0,0,0,0,0,0,0,0,0,0,0,0,0,0,0,0,0,0,0,0,0,0,0,0,0,0,0,0,0,0,0,0,0,0,0,0,0,0,0,0,0,0,0,0,0,0,0
2025-06-27,US,424980,0,0,0,0,105478,0,0,0,8171,0,0,67212,0,0,0,592,3976,2697,5489,1263,8888,0,0,12071,890,0,13513,0,2662,0,10788,1290,154900,2313,855,224,279,726,3518,422,253,343,3029,297,337,1257,1467,3338,1622,169,180,301,354,172,79,1563,1496,163,116,230,0,0,0,0,0,0,0,0,0,0,0,0,0,0,0,0,0,0,0,0,0,0,0,0,0,0,0,0,0,0,0,0,0,0,0,0,0,0,0,0,0,0,0,0,0,0,0,0,0,0,0,0,0,0,0,0,0,0,0,0,0,0,0,0,0,0
2025-06-28,US,438431,0,0,0,0,111610,0,0,0,8475,0,0,70310,0,0,0,630,4087,2836,5661,1305,9246,0,0,12757,921,0,13954,0,2676,0,10723,1331,156813,2372,824,231,287,725,3488,439,261,357,3054,307,348,1211,1429,3350,1680,173,184,303,351,177,81,1484,1456,167,120,234,0,0,0,0,0,0,0,0,0,0,0,0,0,0,0,0,0,0,0,0,0,0,0,0,0,0,0,0,0,0,0,0,0,0,0,0,0,0,0,0,0,0,0,0,0,0,0,0,0,0,0,0,0,0,0,0,0,0,0,0,0,0,0,0,0,0
2025-06-29,US,438709,0,0,0,0,114475,0,0,0,8526,0,0,71327,0,0,0,650,4075,2892,5663,1308,9328,0,0,13069,924,0,13977,0,2609,0,10322,1333,153922,2359,767,231,287,702,3349,443,262,360,2985,308,350,1126,1347,3258,1688,172,183,296,337,177,81,1357,1370,166,120,231,0,0,0,0,0,0,0,0,0,0,0,0,0,0,0,0,0,0,0,0,0,0,0,0,0,0,0,0,0,0,0,0,0,0,0,0,0,0,0,0,0,0,0,0,0,0,0,0,0,0,0,0,0,0,0,0,0,0,0,0,0,0,0,0,0,0
2025-06-30,US,436388,0,0,0,0,116648,0,0,0,8526,0,0,71915,0,0,0,667,4039,2930,5631,1303,9355,0,0,13302,921,0,13917,0,2526,0,9863,1326,150133,2332,705,230,285,674,3191,444,261,362,2898,307,349,1035,1257,3147,1687,170,181,288,322,176,80,1222,1276,164,120,226,0,0,0,0,0,0,0,0,0,0,0,0,0,0,0,0,0,0,0,0,0,0,0,0,0,0,0,0,0,0,0,0,0,0,0,0,0,0,0,0,0,0,0,0,0,0,0,0,0,0,0,0,0,0,0,0,0,0,0,0,0,0,0,0,0,0
2025-07-01,US,431513,0,0,0,0,118093,0,0,0,8476,0,0,72067,0,0,0,679,3979,2950,5566,1290,9326,0,0,13452,914,0,13775,0,2429,0,9353,1312,145516,2291,640,227,281,643,3016,443,258,361,2796,304,346,939,1160,3019,1675,167,177,277,304,173,79,1082,1177,161,119,221,0,0,0,0,0,0,0,0,0,0,0,0,0,0,0,0,0,0,0,0,0,0,0,0,0,0,0,0,0,0,0,0,0,0,0,0,0,0,0,0,0,0,0,0,0,0,0,0,0,0,0,0,0,0,0,0,0,0,0,0,0,0,0,0,0,0
2025-07-02,US,424031,0,0,0,0,118744,0,0,0,8373,0,0,71756,0,0,0,686,3896,2950,5468,1270,9238,0,0,13512,900,0,13549,0,2320,0,8797,1289,140104,2238,573,223,275,608,2828,439,254,357,2679,300,341,840,1060,2876,1653,163,173,266,285,170,78,939,1072,157,117,214,0,0,0,0,0,0,0,0,0,0,0,0,0,0,0,0,0,0,0,0,0,0,0,0,0,0,0,0,0,0,0,0,0,0,0,0,0,0,0,0,0,0,0,0,0,0,0,0,0,0,0,0,0,0,0,0,0,0,0,0,0,0,0,0,0,0
2025-07-03,US,413836,0,0,0,0,118522,0,0,0,8214,0,0,70946,0,0,0,688,3789,2930,5335,1241,9088,0,0,13474,881,0,13236,0,2199,0,8202,1259,133917,2170,505,218,268,571,2626,432,248,352,2548,293,334,739,955,2718,1620,158,168,253,265,166,76,795,965,152,115,205,0,0,0,0,0,0,0,0,0,0,0,0,0,0,0,0,0,0,0,0,0,0,0,0,0,0,0,0,0,0,0,0,0,0,0,0,0,0,0,0,0,0,0,0,0,0,0,0,0,0,0,0,0,0,0,0,0,0,0,0,0,0,0,0,0,0
2025-07-04,US,404423,0,0,0,0,118400,0,0,0,8070,0,0,70227,0,0,0,691,3689,2912,5212,1214,8952,0,0,13447,864,0,12948,0,2085,0,7641,1230,128117,2107,440,213,262,536,2437,425,243,347,2424,287,327,643,857,2570,1590,153,163,240,247,161,74,659,863,148,113,198,0,0,0,0,0,0,0,0,0,0,0,0,0,0,0,0,0,0,0,0,0,0,0,0,0,0,0,0,0,0,0,0,0,0,0,0,0,0,0,0,0,0,0,0,0,0,0,0,0,0,0,0,0,0,0,0,0,0,0,0,0,0,0,0,0,0
2025-07-05,US,396507,0,178,0,552,117911,0,0,0,7906,1013,0,69322,0,0,0,691,3583,2887,5078,1185,8794,0,0,13379,844,368,12633,0,1970,208,7082,1200,122192,2041,377,207,255,501,2248,418,237,341,2299,280,320,550,760,2420,1556,148,158,228,228,157,72,527,763,143,110,190,0,0,0,0,0,0,0,0,0,0,0,0,0,0,0,0,0,0,0,0,0,0,0,0,0,0,0,0,0,0,0,0,0,0,0,0,0,0,0,0,0,0,0,0,0,0,0,0,0,0,0,0,0,0,0,0,0,0,0,0,0,0,0,0,0,0
2025-07-06,US,401429,0,233,0,619,122477,0,0,0,7950,1036,0,69941,0,0,0,696,3615,2940,5070,1177,8753,0,0,13591,857,401,12641,0,1940,222,7064,1216,121680,2041,386,210,257,521,2232,427,240,346,2264,285,325,566,761,2372,1554,149,158,227,233,159,73,519,750,144,112,0,0,0,0,0,0,0,0,0,0,0,0,0,0,0,0,0,0,0,0,0,0,0,0,0,0,0,0,0,0,0,0,0,0,0,0,0,0,0,0,0,0,0,0,0,0,0,0,0,0,0,0,0,0,0,0,0,0,0,0,0,0,0,0,0,0,0
2025-07-07,US,411124,0,292,0,696,128554,0,0,0,8083,1072,0,71348,0,0,0,709,3688,3027,5117,1181,8807,0,0,13959,881,439,12787,0,1931,239,7122,1246,122481,2064,399,215,263,548,2239,441,246,355,2253,292,334,588,771,2348,1569,152,161,228,241,162,75,516,744,146,115,0,0,0,0,0,0,0,0,0,0,0,0,0,0,0,0,0,0,0,0,0,0,0,0,0,0,0,0,0,0,0,0,0,0,0,0,0,0,0,0,0,0,0,0,0,0,0,0,0,0,0,0,0,0,0,0,0,0,0,0,0,0,0,0,0,0,0
2025-07-08,US,424491,0,357,0,782,135956,0,0,0,8284,1118,0,73377,0,0,0,728,3794,3142,5206,1194,8931,0,0,14454,912,483,13038,0,1936,258,7237,1287,124255,2103,417,222,271,580,2263,459,255,367,2258,303,346,616,787,2341,1597,156,165,232,251,167,77,516,744,150,119,0,0,0,0,0,0,0,0,0,0,0,0,0,0,0,0,0,0,0,0,0,0,0,0,0,0,0,0,0,0,0,0,0,0,0,0,0,0,0,0,0,0,0,0,0,0,0,0,0,0,0,0,0,0,0,0,0,0,0,0,0,0,0,0,0,0,0
2025-07-09,US,441490,0,428,0,880,144753,0,0,0,8552,1175,0,76012,0,0,0,753,3930,3285,5334,1216,9119,0,0,15076,952,534,13390,0,1953,281,7406,1339,126934,2158,438,231,282,619,2304,481,265,383,2277,315,361,650,809,2347,1637,161,171,237,263,173,80,520,748,155,124,0,0,0,0,0,0,0,0,0,0,0,0,0,0,0,0,0,0,0,0,0,0,0,0,0,0,0,0,0,0,0,0,0,0,0,0,0,0,0,0,0,0,0,0,0,0,0,0,0,0,0,0,0,0,0,0,0,0,0,0,0,0,0,0,0,0,0
2025-07-10,US,462040,0,509,0,991,154999,0,0,0,8883,1242,0,79234,0,0,0,783,4097,3456,5498,1245,9366,0,0,15823,999,591,13834,0,1980,307,7624,1402,130437,2229,463,242,294,664,2359,507,278,402,2309,331,379,689,837,2365,1687,167,177,243,278,181,84,527,756,161,131,0,0,0,0,0,0,0,0,0,0,0,0,0,0,0,0,0,0,0,0,0,0,0,0,0,0,0,0,0,0,0,0,0,0,0,0,0,0,0,0,0,0,0,0,0,0,0,0,0,0,0,0,0,0,0,0,0,0,0,0,0,0,0,0,0,0,0
2025-07-11,US,482902,0,594,0,1108,165666,0,0,0,9214,1311,0,82480,0,0,0,814,4266,3631,5658,1272,9604,0,0,16584,1047,651,14272,0,2004,334,7836,1467,133812,2298,488,253,307,710,2410,534,291,421,2336,347,398,731,865,2376,1737,174,184,250,293,189,88,532,763,167,137,0,0,0,0,0,0,0,0,0,0,0,0,0,0,0,0,0,0,0,0,0,0,0,0,0,0,0,0,0,0,0,0,0,0,0,0,0,0,0,0,0,0,0,0,0,0,0,0,0,0,0,0,0,0,0,0,0,0,0,0,0,0,0,0,0,0,0
2025-07-12,US,497826,0,678,0,1217,174569,0,0,0,9426,1364,0,84687,0,0,0,835,4380,3763,5741,1282,9709,0,0,17145,1083,706,14520,0,1998,358,7942,1513,135355,2337,509,260,316,750,2428,555,300,435,2328,358,411,764,881,2351,1764,178,188,253,305,194,90,530,757,171,142,0,0,0,0,0,0,0,0,0,0,0,0,0,0,0,0,0,0,0,0,0,0,0,0,0,0,0,0,0,0,0,0,0,0,0,0,0,0,0,0,0,0,0,0,0,0,0,0,0,0,0,0,0,0,0,0,0,0,0,0,0,0,0,0,0,0,0
2025-07-13,US,514102,0,767,0,1335,184184,0,0,0,9660,1422,0,87103,0,0,0,857,4506,3906,5835,1294,9829,0,0,17756,1121,766,14796,0,1992,384,8061,1563,137102,2379,530,269,326,792,2449,578,310,450,2321,371,426,799,899,2326,1793,182,193,256,318,200,93,528,752,175,147,0,0,0,0,0,0,0,0,0,0,0,0,0,0,0,0,0,0,0,0,0,0,0,0,0,0,0,0,0,0,0,0,0,0,0,0,0,0,0,0,0,0,0,0,0,0,0,0,0,0,0,0,0,0,0,0,0,0,0,0,0,0,0,0,0,0,0
2025-07-14,US,532129,0,863,0,1462,194688,0,0,0,9922,1486,0,89792,0,0,0,882,4645,4064,5942,1307,9970,0,0,18431,1164,830,15108,0,1989,412,8198,1619,139137,2428,554,278,337,838,2474,603,322,467,2317,385,443,838,920,2302,1827,187,198,260,332,207,96,526,748,180,153,0,0,0,0,0,0,0,0,0,0,0,0,0,0,0,0,0,0,0,0,0,0,0,0,0,0,0,0,0,0,0,0,0,0,0,0,0,0,0,0,0,0,0,0,0,0,0,0,0,0,0,0,0,0,0,0,0,0,0,0,0,0,0,0,0,0,0
2025-07-15,US,548832,0,961,0,1590,204973,0,0,0,10153,1548,0,92233,0,0,0,904,4772,4213,6028,1316,10072,0,0,19063,1204,894,15370,0,1977,440,8304,1671,140643,2469,577,287,347,883,2489,626,332,483,2301,398,458,876,937,2266,1854,192,203,263,345,213,99,522,740,184,158,0,0,0,0,0,0,0,0,0,0,0,0,0,0,0,0,0,0,0,0,0,0,0,0,0,0,0,0,0,0,0,0,0,0,0,0,0,0,0,0,0,0,0,0,0,0,0,0,0,0,0,0,0,0,0,0,0,0,0,0,0,0,0,0,0,0,0
2025-07-16,US,562257,0,1058,0,1714,214264,0,0,0,10320,1600,0,94103,0,0,0,921,4870,4338,6072,1315,10102,0,0,19584,1237,956,15528,0,1948,466,8353,1712,141152,2492,597,294,354,924,2486,647,341,496,2267,408,471,909,948,2210,1869,195,206,264,357,217,102,513,725,187,162,0,0,0,0,0,0,0,0,0,0,0,0,0,0,0,0,0,0,0,0,0,0,0,0,0,0,0,0,0,0,0,0,0,0,0,0,0,0,0,0,0,0,0,0,0,0,0,0,0,0,0,0,0,0,0,0,0,0,0,0,0,0,0,0,0,0,0
2025-07-17,US,572690,0,1152,0,1832,222598,0,0,0,10428,1645,0,95456,0,0,0,933,4940,4441,6080,1305,10069,0,0,20003,1264,1014,15594,0,1906,491,8351,1745,140785,2501,614,299,360,961,2467,664,348,506,2216,417,481,938,954,2138,1872,198,209,263,366,221,103,501,706,189,166,0,0,0,0,0,0,0,0,0,0,0,0,0,0,0,0,0,0,0,0,0,0,0,0,0,0,0,0,0,0,0,0,0,0,0,0,0,0,0,0,0,0,0,0,0,0,0,0,0,0,0,0,0,0,0,0,0,0,0,0,0,0,0,0,0,0,0
2025-07-18,US,579691,0,1242,0,1942,229732,0,0,0,10472,1681,0,96224,0,0,0,939,4980,4518,6048,1286,9969,0,0,20304,1283,1067,15560,0,1849,513,8294,1768,139482,2494,627,303,364,993,2431,677,352,514,2150,423,489,962,953,2049,1863,198,209,261,374,223,105,485,681,190,169,0,0,0,0,0,0,0,0,0,0,0,0,0,0,0,0,0,0,0,0,0,0,0,0,0,0,0,0,0,0,0,0,0,0,0,0,0,0,0,0,0,0,0,0,0,0,0,0,0,0,0,0,0,0,0,0,0,0,0,0,0,0,0,0,0,0,0
2025-07-19,US,589481,0,1340,0,2064,238099,0,0,0,10563,1725,0,97444,0,0,0,949,5044,4618,6042,1273,9911,0,0,20705,1308,1126,15594,0,1800,538,8272,1798,138761,2498,644,308,370,1030,2405,693,359,523,2091,431,498,990,957,1967,1862,200,211,260,384,227,106,471,658,192,172,0,0,0,0,0,0,0,0,0,0,0,0,0,0,0,0,0,0,0,0,0,0,0,0,0,0,0,0,0,0,0,0,0,0,0,0,0,0,0,0,0,0,0,0,0,0,0,0,0,0,0,0,0,0,0,0,0,0,0,0,0,0,0,0,0,0,0
2025-07-20,US,591410,0,1422,0,2160,243383,0,0,0,10511,1746,0,97356,0,0,0,946,5040,4656,5953,1242,9716,0,0,20830,1317,1172,15415,0,1724,556,8137,1805,136129,2467,652,309,370,1054,2346,701,360,526,2003,433,502,1006,947,1856,1836,200,210,255,388,227,107,450,626,191,173,0,0,0,0,0,0,0,0,0,0,0,0,0,0,0,0,0,0,0,0,0,0,0,0,0,0,0,0,0,0,0,0,0,0,0,0,0,0,0,0,0,0,0,0,0,0,0,0,0,0,0,0,0,0,0,0,0,0,0,0,0,0,0,0,0,0,0
2025-07-21,US,598664,0,1517,0,2277,250928,0,0,0,10553,1783,0,98138,0,0,0,952,5081,4737,5917,1222,9604,0,0,21144,1337,1228,15372,0,1663,580,8072,1829,134673,2458,666,313,374,1088,2306,715,365,534,1931,440,509,1031,946,1760,1825,201,211,252,396,229,108,433,599,192,176,0,0,0,0,0,0,0,0,0,0,0,0,0,0,0,0,0,0,0,0,0,0,0,0,0,0,0,0,0,0,0,0,0,0,0,0,0,0,0,0,0,0,0,0,0,0,0,0,0,0,0,0,0,0,0,0,0,0,0,0,0,0,0,0,0,0,0
2025-07-22,US,613709,0,1635,0,2427,261910,0,0,0,10729,1845,0,100182,0,0,0,970,5188,4880,5953,1216,9609,0,0,21736,1374,1302,15520,0,1621,611,8107,1876,134852,2480,689,321,383,1137,2294,738,375,549,1880,452,524,1069,957,1682,1838,204,215,253,409,234,110,420,579,195,181,0,0,0,0,0,0,0,0,0,0,0,0,0,0,0,0,0,0,0,0,0,0,0,0,0,0,0,0,0,0,0,0,0,0,0,0,0,0,0,0,0,0,0,0,0,0,0,0,0,0,0,0,0,0,0,0,0,0,0,0,0,0,0,0,0,0,0
2025-07-23,US,629644,0,1760,0,2585,273510,0,0,0,10916,1909,0,102350,0,0,0,990,5301,5031,5992,1210,9616,0,0,22362,1414,1380,15678,0,1576,644,8144,1925,135064,2503,713,329,392,1188,2282,762,385,564,1828,465,539,1110,969,1601,1851,208,219,253,423,240,113,407,557,198,186,0,0,0,0,0,0,0,0,0,0,0,0,0,0,0,0,0,0,0,0,0,0,0,0,0,0,0,0,0,0,0,0,0,0,0,0,0,0,0,0,0,0,0,0,0,0,0,0,0,0,0,0,0,0,0,0,0,0,0,0,0,0,0,0,0,0,0
2025-07-24,US,646361,0,1891,0,2751,285700,0,0,0,11112,1977,0,104622,0,0,0,1010,5419,5190,6032,1204,9623,0,0,23019,1456,1463,15843,0,1530,679,8183,1978,135273,2527,738,338,402,1242,2269,788,396,580,1772,478,555,1153,981,1515,1864,212,223,254,438,246,116,393,535,202,192,0,0,0,0,0,0,0,0,0,0,0,0,0,0,0,0,0,0,0,0,0,0,0,0,0,0,0,0,0,0,0,0,0,0,0,0,0,0,0,0,0,0,0,0,0,0,0,0,0,0,0,0,0,0,0,0,0,0,0,0,0,0,0,0,0,0,0
2025-07-25,US,669203,0,2046,0,2949,300899,0,0,0,11407,2065,0,107858,0,0,0,1039,5587,5400,6122,1206,9705,0,0,23897,1511,1561,16143,0,1492,722,8288,2049,136555,2573,771,350,415,1309,2272,822,410,602,1726,496,577,1208,1001,1436,1893,218,229,256,457,254,120,382,515,207,199,0,0,0,0,0,0,0,0,0,0,0,0,0,0,0,0,0,0,0,0,0,0,0,0,0,0,0,0,0,0,0,0,0,0,0,0,0,0,0,0,0,0,0,0,0,0,0,0,0,0,0,0,0,0,0,0,0,0,0,0,0,0,0,0,0,0,0
2025-07-26,US,695624,0,2217,0,3171,318086,0,0,0,11756,2165,0,111637,0,0,0,1073,5784,5641,6236,1213,9820,0,0,24909,1576,1672,16510,0,1455,770,8424,2131,138310,2629,809,363,431,1385,2283,861,427,628,1682,517,601,1270,1026,1354,1930,225,236,259,479,263,125,370,495,214,208,0,0,0,0,0,0,0,0,0,0,0,0,0,0,0,0,0,0,0,0,0,0,0,0,0,0,0,0,0,0,0,0,0,0,0,0,0,0,0,0,0,0,0,0,0,0,0,0,0,0,0,0,0,0,0,0,0,0,0,0,0,0,0,0,0,0,0
2025-07-27,US,729141,0,2419,0,3434,338976,0,0,0,12217,2288,0,116514,0,0,0,1118,6037,5941,6403,1228,10012,0,0,26181,1656,1804,17022,0,1425,827,8629,2235,141161,2708,855,381,451,1477,2309,908,448,659,1645,543,632,1347,1060,1275,1983,234,245,265,506,275,131,360,477,222,218,0,0,0,0,0,0,0,0,0,0,0,0,0,0,0,0,0,0,0,0,0,0,0,0,0,0,0,0,0,0,0,0,0,0,0,0,0,0,0,0,0,0,0,0,0,0,0,0,0,0,0,0,0,0,0,0,0,0,0,0,0,0,0,0,0,0,0
2025-07-28,US,765511,0,2640,0,3721,361727,0,0,0,12714,2423,0,121798,0,0,0,1167,6312,6268,6581,1243,10216,0,0,27561,1744,1948,17573,0,1390,890,8849,2347,144198,2793,906,400,473,1577,2337,960,471,694,1604,571,666,1430,1097,1186,2040,243,255,271,536,288,137,349,456,231,230,0,0,0,0,0,0,0,0,0,0,0,0,0,0,0,0,0,0,0,0,0,0,0,0,0,0,0,0,0,0,0,0,0,0,0,0,0,0,0,0,0,0,0,0,0,0,0,0,0,0,0,0,0,0,0,0,0,0,0,0,0,0,0,0,0,0,0
2025-07-29,US,805612,0,2884,0,4038,386827,0,0,0,13263,2571,0,127622,0,0,0,1220,6614,6628,6778,1260,10440,0,0,29084,1840,2107,18181,0,1352,959,9090,2472,147536,2886,961,421,496,1688,2368,1018,497,732,1557,603,703,1522,1137,1088,2102,254,266,277,568,303,144,337,433,242,243,0,0,0,0,0,0,0,0,0,0,0,0,0,0,0,0,0,0,0,0,0,0,0,0,0,0,0,0,0,0,0,0,0,0,0,0,0,0,0,0,0,0,0,0,0,0,0,0,0,0,0,0,0,0,0,0,0,0,0,0,0,0,0,0,0,0,0
2025-07-30,US,855983,0,3176,0,4420,417550,0,0,0,13968,2755,0,135011,0,0,0,1288,6998,7076,7044,1288,10763,0,0,30986,1961,2299,18984,0,1319,1043,9423,2628,152280,3011,1030,447,527,1823,2418,1089,528,779,1516,642,749,1635,1190,986,2186,268,280,286,608,321,153,325,411,254,259,0,0,0,0,0,0,0,0,0,0,0,0,0,0,0,0,0,0,0,0,0,0,0,0,0,0,0,0,0,0,0,0,0,0,0,0,0,0,0,0,0,0,0,0,0,0,0,0,0,0,0,0,0,0,0,0,0,0,0,0,0,0,0,0,0,0,0
2025-07-31,US,916480,0,3521,0,4871,454061,0,0,0,14821,2974,0,143921,0,0,0,1370,7461,7612,7373,1324,11170,0,0,33266,2105,2526,19969,0,1286,1142,9836,2815,158245,3164,1112,479,563,1984,2484,1174,567,836,1475,689,805,1770,1255,873,2290,285,298,298,656,343,164,313,386,270,278,0,0,0,0,0,0,0,0,0,0,0,0,0,0,0,0,0,0,0,0,0,0,0,0,0,0,0,0,0,0,0,0,0,0,0,0,0,0,0,0,0,0,0,0,0,0,0,0,0,0,0,0,0,0,0,0,0,0,0,0,0,0,0,0,0,0,0
2025-08-01,US,942938,0,3746,0,5155,474375,0,0,0,15112,3085,0,147425,0,0,0,1401,7643,7869,7413,1306,11128,0,0,34319,2172,2665,20178,0,1194,1201,9861,2898,157875,3193,1154,492,578,2074,2448,1216,584,862,1365,710,830,1841,1271,711,2305,290,304,297,680,352,168,286,343,276,287,0,0,0,0,0,0,0,0,0,0,0,0,0,0,0,0,0,0,0,0,0,0,0,0,0,0,0,0,0,0,0,0,0,0,0,0,0,0,0,0,0,0,0,0,0,0,0,0,0,0,0,0,0,0,0,0,0,0,0,0,0,0,0,0,0,0,0
2025-08-02,US,941178,0,3855,0,5279,479892,0,0,0,14921,3099,733,146259,0,0,0,1387,7584,7879,7214,1246,10726,817,0,34291,2171,2722,19742,0,1060,1223,9567,2889,152399,3120,1159,491,575,2099,2332,1220,582,861,1208,709,830,1854,1247,521,2245,287,300,287,683,350,168,249,287,272,287,0,0,0,0,0,0,0,0,0,0,0,0,0,0,0,0,0,0,0,0,0,0,0,0,0,0,0,0,0,0,0,0,0,0,0,0,0,0,0,0,0,0,0,0,0,0,0,0,0,0,0,0,0,0,0,0,0,0,0,0,0,0,0,0,0,0,0
2025-08-03,US,941579,0,4130,0,5418,485212,0,0,0,14771,3399,890,145170,0,0,0,1380,7684,8012,7213,1235,10717,919,0,34139,2180,2806,19606,0,1035,1265,9356,2895,149419,3044,1139,491,563,2060,2288,1197,584,845,1191,712,834,1816,1229,523,2181,283,296,278,660,350,168,0,0,0,0,0,0,0,0,0,0,0,0,0,0,0,0,0,0,0,0,0,0,0,0,0,0,0,0,0,0,0,0,0,0,0,0,0,0,0,0,0,0,0,0,0,0,0,0,0,0,0,0,0,0,0,0,0,0,0,0,0,0,0,0,0,0,0,0,0,0,0
2025-08-04,US,930103,0,4345,0,5480,483796,0,0,0,14420,3649,1033,142095,0,0,0,1354,7678,8033,7114,1208,10562,1007,0,33519,2158,2849,19202,0,995,1289,9019,2860,144415,2926,1103,485,543,1994,2213,1159,577,817,1157,705,826,1753,1194,517,2088,275,288,264,628,345,166,0,0,0,0,0,0,0,0,0,0,0,0,0,0,0,0,0,0,0,0,0,0,0,0,0,0,0,0,0,0,0,0,0,0,0,0,0,0,0,0,0,0,0,0,0,0,0,0,0,0,0,0,0,0,0,0,0,0,0,0,0,0,0,0,0,0,0,0,0,0,0
2025-08-05,US,908477,0,4503,0,5478,476940,0,0,0,13917,3849,1160,137517,0,0,0,1313,7585,7962,6937,1167,10291,1080,0,32541,2113,2859,18595,0,946,1298,8591,2794,137950,2780,1056,474,518,1907,2115,1108,564,781,1111,689,809,1672,1146,506,1975,264,277,248,590,336,162,0,0,0,0,0,0,0,0,0,0,0,0,0,0,0,0,0,0,0,0,0,0,0,0,0,0,0,0,0,0,0,0,0,0,0,0,0,0,0,0,0,0,0,0,0,0,0,0,0,0,0,0,0,0,0,0,0,0,0,0,0,0,0,0,0,0,0,0,0,0,0
2025-08-06,US,879976,0,4612,0,5428,466230,0,0,0,13318,4004,1269,131968,0,0,0,1263,7430,7824,6709,1119,9944,1140,0,31328,2052,2843,17856,0,891,1294,8111,2707,130614,2617,1002,459,490,1808,2005,1051,547,740,1058,669,785,1582,1092,491,1850,251,264,231,549,324,156,0,0,0,0,0,0,0,0,0,0,0,0,0,0,0,0,0,0,0,0,0,0,0,0,0,0,0,0,0,0,0,0,0,0,0,0,0,0,0,0,0,0,0,0,0,0,0,0,0,0,0,0,0,0,0,0,0,0,0,0,0,0,0,0,0,0,0,0,0,0,0
2025-08-07,US,844833,0,4668,0,5328,451693,0,0,0,12630,4109,1358,125513,0,0,0,1204,7212,7620,6430,1063,9524,1185,0,29892,1975,2801,16993,0,831,1278,7584,2600,122510,2439,942,440,459,1698,1882,987,526,695,998,644,756,1482,1030,472,1716,237,250,213,506,311,150,0,0,0,0,0,0,0,0,0,0,0,0,0,0,0,0,0,0,0,0,0,0,0,0,0,0,0,0,0,0,0,0,0,0,0,0,0,0,0,0,0,0,0,0,0,0,0,0,0,0,0,0,0,0,0,0,0,0,0,0,0,0,0,0,0,0,0,0,0,0,0
2025-08-08,US,829778,0,4821,0,5347,447651,0,0,0,12252,4295,1472,122114,0,0,0,1174,7161,7590,6305,1033,9332,1252,0,29178,1945,2820,16543,0,793,1291,7250,2554,117492,2324,906,432,439,1631,1807,948,517,667,963,633,745,1419,994,465,1626,229,242,201,476,304,147,0,0,0,0,0,0,0,0,0,0,0,0,0,0,0,0,0,0,0,0,0,0,0,0,0,0,0,0,0,0,0,0,0,0,0,0,0,0,0,0,0,0,0,0,0,0,0,0,0,0,0,0,0,0,0,0,0,0,0,0,0,0,0,0,0,0,0,0,0,0,0
2025-08-09,US,839749,0,5118,0,5527,457084,0,0,0,12244,4609,1628,122405,0,0,0,1180,7326,7788,6371,1034,9421,1357,0,29345,1973,2924,16593,0,778,1342,7136,2585,116036,2280,897,437,433,1613,1786,938,524,659,957,642,756,1400,987,471,1585,227,241,194,460,307,149,0,0,0,0,0,0,0,0,0,0,0,0,0,0,0,0,0,0,0,0,0,0,0,0,0,0,0,0,0,0,0,0,0,0,0,0,0,0,0,0,0,0,0,0,0,0,0,0,0,0,0,0,0,0,0,0,0,0,0,0,0,0,0,0,0,0,0,0,0,0,0
2025-08-10,US,848529,0,5413,0,5702,465959,0,0,0,12216,4923,1786,122496,0,0,0,1184,7482,7977,6427,1034,9497,1462,0,29467,1998,3026,16617,0,762,1392,7008,2613,114352,2230,886,442,426,1592,1762,926,530,650,950,650,766,1377,979,477,1541,225,239,187,443,310,150,0,0,0,0,0,0,0,0,0,0,0,0,0,0,0,0,0,0,0,0,0,0,0,0,0,0,0,0,0,0,0,0,0,0,0,0,0,0,0,0,0,0,0,0,0,0,0,0,0,0,0,0,0,0,0,0,0,0,0,0,0,0,0,0,0,0,0,0,0,0,0
2025-08-11,US,859780,0,5729,0,5896,476286,0,0,0,12220,5257,1951,122917,0,0,0,1191,7662,8192,6501,1036,9599,1573,0,29670,2030,3138,16685,0,747,1447,6895,2648,112934,2186,878,447,420,1575,1742,916,537,642,944,660,778,1358,974,484,1501,224,239,180,427,313,152,0,0,0,0,0,0,0,0,0,0,0,0,0,0,0,0,0,0,0,0,0,0,0,0,0,0,0,0,0,0,0,0,0,0,0,0,0,0,0,0,0,0,0,0,0,0,0,0,0,0,0,0,0,0,0,0,0,0,0,0,0,0,0,0,0,0,0,0,0,0,0
2025-08-12,US,870918,0,6051,0,6092,486656,0,0,0,12218,5597,2121,123290,0,0,0,1198,7843,8409,6574,1038,9700,1686,0,29864,2061,3251,16747,0,732,1503,6776,2683,111425,2139,869,453,413,1557,1721,905,545,634,938,670,790,1338,968,491,1458,223,238,174,411,316,154,0,0,0,0,0,0,0,0,0,0,0,0,0,0,0,0,0,0,0,0,0,0,0,0,0,0,0,0,0,0,0,0,0,0,0,0,0,0,0,0,0,0,0,0,0,0,0,0,0,0,0,0,0,0,0,0,0,0,0,0,0,0,0,0,0,0,0,0,0,0,0
2025-08-13,US,878278,0,6352,0,6265,495003,0,0,0,12159,5919,2284,123103,0,0,0,1199,7991,8592,6619,1035,9758,1794,0,29925,2083,3352,16734,0,713,1552,6623,2707,109372,2081,856,456,405,1531,1691,890,550,623,928,677,799,1311,957,496,1408,220,236,166,392,318,155,0,0,0,0,0,0,0,0,0,0,0,0,0,0,0,0,0,0,0,0,0,0,0,0,0,0,0,0,0,0,0,0,0,0,0,0,0,0,0,0,0,0,0,0,0,0,0,0,0,0,0,0,0,0,0,0,0,0,0,0,0,0,0,0,0,0,0,0,0,0,0
2025-08-14,US,881887,0,6628,0,6412,501287,0,0,0,12047,6219,2439,122376,0,0,0,1195,8107,8740,6635,1027,9774,1895,0,29856,2097,3440,16647,0,691,1596,6439,2719,106814,2014,838,458,395,1498,1653,871,553,609,914,681,804,1278,942,499,1351,217,232,157,371,318,155,0,0,0,0,0,0,0,0,0,0,0,0,0,0,0,0,0,0,0,0,0,0,0,0,0,0,0,0,0,0,0,0,0,0,0,0,0,0,0,0,0,0,0,0,0,0,0,0,0,0,0,0,0,0,0,0,0,0,0,0,0,0,0,0,0,0,0,0,0,0,0
2025-08-15,US,893041,0,6966,0,6616,511930,0,0,0,12035,6576,2617,122675,0,0,0,1201,8293,8964,6708,1029,9873,2014,0,30039,2128,3558,16699,0,674,1654,6307,2754,105122,1962,828,464,387,1477,1629,859,560,600,907,691,817,1255,935,506,1304,215,231,150,353,322,157,0,0,0,0,0,0,0,0,0,0,0,0,0,0,0,0,0,0,0,0,0,0,0,0,0,0,0,0,0,0,0,0,0,0,0,0,0,0,0,0,0,0,0,0,0,0,0,0,0,0,0,0,0,0,0,0,0,0,0,0,0,0,0,0,0,0,0,0,0,0,0
2025-08-16,US,896077,0,7244,0,6762,517986,0,0,0,11911,6878,2774,121840,0,0,0,1196,8405,9108,6720,1020,9883,2116,0,29945,2141,3645,16598,0,651,1698,6115,2764,102427,1892,810,465,376,1443,1590,839,563,585,891,694,821,1221,919,509,1245,211,228,141,331,322,157,0,0,0,0,0,0,0,0,0,0,0,0,0,0,0,0,0,0,0,0,0,0,0,0,0,0,0,0,0,0,0,0,0,0,0,0,0,0,0,0,0,0,0,0,0,0,0,0,0,0,0,0,0,0,0,0,0,0,0,0,0,0,0,0,0,0,0,0,0,0,0
2025-08-17,US,897569,0,7510,0,6896,523169,0,0,0,11766,7170,2927,120789,0,0,0,1189,8502,9237,6720,1010,9875,2215,0,29800,2150,3725,16467,0,626,1739,5911,2769,99540,1818,790,466,365,1405,1547,817,564,570,874,697,825,1184,901,510,1183,207,224,131,309,322,158,0,0,0,0,0,0,0,0,0,0,0,0,0,0,0,0,0,0,0,0,0,0,0,0,0,0,0,0,0,0,0,0,0,0,0,0,0,0,0,0,0,0,0,0,0,0,0,0,0,0,0,0,0,0,0,0,0,0,0,0,0,0,0,0,0,0,0,0,0,0,0
2025-08-18,US,898697,0,7775,0,7029,528152,0,0,0,11616,7459,3078,119685,0,0,0,1182,8597,9363,6717,999,9863,2313,0,29641,2157,3805,16329,0,601,1779,5703,2773,96606,1743,770,466,353,1367,1504,795,565,554,857,699,828,1146,883,512,1121,203,220,122,287,321,158,0,0,0,0,0,0,0,0,0,0,0,0,0,0,0,0,0,0,0,0,0,0,0,0,0,0,0,0,0,0,0,0,0,0,0,0,0,0,0,0,0,0,0,0,0,0,0,0,0,0,0,0,0,0,0,0,0,0,0,0,0,0,0,0,0,0,0,0,0,0,0
2025-08-19,US,900300,0,8044,0,7165,533425,0,0,0,11471,7753,3232,118642,0,0,0,1175,8696,9494,6718,989,9856,2413,0,29498,2166,3887,16200,0,576,1820,5499,2779,93714,1669,750,467,341,1330,1462,773,567,538,840,702,832,1109,865,513,1059,199,217,113,264,321,158,0,0,0,0,0,0,0,0,0,0,0,0,0,0,0,0,0,0,0,0,0,0,0,0,0,0,0,0,0,0,0,0,0,0,0,0,0,0,0,0,0,0,0,0,0,0,0,0,0,0,0,0,0,0,0,0,0,0,0,0,0,0,0,0,0,0,0,0,0,0,0
2025-08-20,US,902436,0,8319,0,7306,539031,0,0,0,11333,8053,3389,117664,0,0,0,1169,8801,9631,6723,979,9855,2515,0,29372,2177,3971,16079,0,552,1862,5296,2786,90866,1595,731,468,330,1293,1420,752,569,522,823,704,836,1072,848,515,997,195,213,103,242,321,158,0,0,0,0,0,0,0,0,0,0,0,0,0,0,0,0,0,0,0,0,0,0,0,0,0,0,0,0,0,0,0,0,0,0,0,0,0,0,0,0,0,0,0,0,0,0,0,0,0,0,0,0,0,0,0,0,0,0,0,0,0,0,0,0,0,0,0,0,0,0,0
2025-08-21,US,904864,0,8597,0,7450,544831,0,0,0,11197,8356,3547,116718,0,0,0,1163,8909,9772,6730,970,9857,2617,0,29254,2188,4057,15963,0,528,1906,5095,2794,88034,1522,712,469,318,1256,1378,731,571,507,806,708,840,1036,831,518,935,191,209,94,220,321,158,0,0,0,0,0,0,0,0,0,0,0,0,0,0,0,0,0,0,0,0,0,0,0,0,0,0,0,0,0,0,0,0,0,0,0,0,0,0,0,0,0,0,0,0,0,0,0,0,0,0,0,0,0,0,0,0,0,0,0,0,0,0,0,0,0,0,0,0,0,0,0
2025-08-22,US,916190,0,8964,0,7669,556054,0,0,0,11170,8746,3742,116902,0,0,0,1168,9106,10010,6803,970,9955,2747,0,29421,2220,4185,16002,0,508,1968,4940,2830,86021,1462,699,475,310,1231,1349,716,579,496,798,718,853,1009,822,525,882,189,208,86,199,324,160,0,0,0,0,0,0,0,0,0,0,0,0,0,0,0,0,0,0,0,0,0,0,0,0,0,0,0,0,0,0,0,0,0,0,0,0,0,0,0,0,0,0,0,0,0,0,0,0,0,0,0,0,0,0,0,0,0,0,0,0,0,0,0,0,0,0,0,0,0,0,0
2025-08-23,US,929027,0,9353,0,7904,568307,0,0,0,11156,9158,3948,117244,0,0,0,1176,9321,10268,6886,971,10070,2884,0,29631,2257,4321,16062,0,489,2035,4788,2870,84069,1403,687,481,302,1207,1322,702,587,485,790,729,867,983,813,533,829,187,206,77,179,328,162,0,0,0,0,0,0,0,0,0,0,0,0,0,0,0,0,0,0,0,0,0,0,0,0,0,0,0,0,0,0,0,0,0,0,0,0,0,0,0,0,0,0,0,0,0,0,0,0,0,0,0,0,0,0,0,0,0,0,0,0,0,0,0,0,0,0,0,0,0,0,0
2025-08-24,US,932347,0,9650,0,8060,574816,0,0,0,11025,9481,4115,116364,0,0,0,1170,9441,10423,6899,962,10081,2994,0,29535,2270,4414,15955,0,464,2082,4583,2881,81202,1328,668,483,290,1170,1280,681,590,470,773,733,873,946,796,536,765,183,203,67,156,328,162,0,0,0,0,0,0,0,0,0,0,0,0,0,0,0,0,0,0,0,0,0,0,0,0,0,0,0,0,0,0,0,0,0,0,0,0,0,0,0,0,0,0,0,0,0,0,0,0,0,0,0,0,0,0,0,0,0,0,0,0,0,0,0,0,0,0,0,0,0,0,0
2025-08-25,US,939847,0,9994,0,8253,583952,0,0,0,10941,9850,4303,115991,0,0,0,1171,9604,10626,6943,958,10136,3117,0,29568,2294,4527,15918,0,441,2138,4396,2905,78664,1258,651,486,280,1138,1243,662,595,456,760,740,882,913,782,541,705,179,200,58,133,330,163,0,0,0,0,0,0,0,0,0,0,0,0,0,0,0,0,0,0,0,0,0,0,0,0,0,0,0,0,0,0,0,0,0,0,0,0,0,0,0,0,0,0,0,0,0,0,0,0,0,0,0,0,0,0,0,0,0,0,0,0,0,0,0,0,0,0,0,0,0,0,0
2025-08-26,US,950159,0,10372,0,8474,594919,0,0,0,10887,10253,4506,115940,0,0,0,1174,9798,10863,7008,956,10222,3252,0,29686,2324,4656,15926,0,418,2202,4218,2938,76301,1190,636,491,270,1109,1209,645,602,443,749,750,894,882,771,548,645,177,198,49,110,332,165,0,0,0,0,0,0,0,0,0,0,0,0,0,0,0,0,0,0,0,0,0,0,0,0,0,0,0,0,0,0,0,0,0,0,0,0,0,0,0,0,0,0,0,0,0,0,0,0,0,0,0,0,0,0,0,0,0,0,0,0,0,0,0,0,0,0,0,0,0,0,0
2025-08-27,US,965215,0,10809,0,8741,608976,0,0,0,10883,10716,4736,116434,0,0,0,1183,10044,11157,7107,958,10358,3406,0,29947,2366,4810,16009,0,398,2277,4055,2985,74235,1126,624,499,261,1084,1180,631,612,432,741,763,910,854,762,558,587,175,197,39,88,337,167,0,0,0,0,0,0,0,0,0,0,0,0,0,0,0,0,0,0,0,0,0,0,0,0,0,0,0,0,0,0,0,0,0,0,0,0,0,0,0,0,0,0,0,0,0,0,0,0,0,0,0,0,0,0,0,0,0,0,0,0,0,0,0,0,0,0,0,0,0,0,0
2025-08-28,US,984869,0,11308,0,9054,626099,0,0,0,10924,11240,4995,117434,0,0,0,1197,10340,11509,7239,964,10542,3580,0,30343,2420,4990,16162,0,378,2365,3903,3046,72405,1065,614,509,253,1062,1154,618,625,423,735,780,931,829,757,570,529,173,196,30,65,343,171,0,0,0,0,0,0,0,0,0,0,0,0,0,0,0,0,0,0,0,0,0,0,0,0,0,0,0,0,0,0,0,0,0,0,0,0,0,0,0,0,0,0,0,0,0,0,0,0,0,0,0,0,0,0,0,0,0,0,0,0,0,0,0,0,0,0,0,0,0,0,0
2025-08-29,US,1005522,0,11829,0,9381,644049,0,0,0,10969,11788,5265,118498,0,0,0,1212,10650,11878,7379,971,10736,3761,0,30761,2477,5178,16324,0,357,2457,3746,3111,70514,1001,603,519,244,1040,1128,605,639,413,730,798,953,803,751,583,469,172,196,20,40,349,174,0,0,0,0,0,0,0,0,0,0,0,0,0,0,0,0,0,0,0,0,0,0,0,0,0,0,0,0,0,0,0,0,0,0,0,0,0,0,0,0,0,0,0,0,0,0,0,0,0,0,0,0,0,0,0,0,0,0,0,0,0,0,0,0,0,0,0,0,0,0,0
2025-08-30,US,1039076,0,12517,0,9836,670520,0,0,0,11145,12504,5611,121007,0,0,0,1242,11102,12405,7612,990,11066,3997,0,31563,2565,5437,16686,0,339,2583,3624,3216,69344,945,599,537,238,1029,1114,599,661,407,733,826,988,785,754,603,411,173,197,10,15,359,180,0,0,0,0,0,0,0,0,0,0,0,0,0,0,0,0,0,0,0,0,0,0,0,0,0,0,0,0,0,0,0,0,0,0,0,0,0,0,0,0,0,0,0,0,0,0,0,0,0,0,0,0,0,0,0,0,0,0,0,0,0,0,0,0,0,0,0,0,0,0,0
2025-08-31,US,1083489,0,13385,0,10473,701828,0,0,0,11449,13682,6103,125301,0,0,0,1286,11390,12824,7822,1017,11340,4318,0,32554,2683,5735,17129,0,355,2778,3729,3356,70903,962,631,560,248,1053,1148,701,691,422,739,864,1033,825,759,616,417,175,207,0,0,0,0,0,0,0,0,0,0,0,0,0,0,0,0,0,0,0,0,0,0,0,0,0,0,0,0,0,0,0,0,0,0,0,0,0,0,0,0,0,0,0,0,0,0,0,0,0,0,0,0,0,0,0,0,0,0,0,0,0,0,0,0,0,0,0,0,0,0,0,0,0,0,0
2025-09-01,US,1122488,0,14205,0,11068,729438,0,0,0,11675,14833,6581,128830,0,0,0,1321,11600,13164,7979,1038,11535,4627,0,33337,2787,6005,17455,0,369,2965,3809,3479,71958,971,660,580,256,1069,1176,806,716,434,739,896,1073,860,757,624,421,176,216,0,0,0,0,0,0,0,0,0,0,0,0,0,0,0,0,0,0,0,0,0,0,0,0,0,0,0,0,0,0,0,0,0,0,0,0,0,0,0,0,0,0,0,0,0,0,0,0,0,0,0,0,0,0,0,0,0,0,0,0,0,0,0,0,0,0,0,0,0,0,0,0,0,0,0
2025-09-02,US,1150986,0,14912,0,11573,750367,0,0,0,11781,15885,7014,131095,0,0,0,1344,11689,13372,8054,1048,11610,4902,0,33784,2864,6224,17600,0,379,3129,3850,3569,72250,969,684,594,261,1075,1191,907,735,442,731,921,1104,889,747,625,419,174,223,0,0,0,0,0,0,0,0,0,0,0,0,0,0,0,0,0,0,0,0,0,0,0,0,0,0,0,0,0,0,0,0,0,0,0,0,0,0,0,0,0,0,0,0,0,0,0,0,0,0,0,0,0,0,0,0,0,0,0,0,0,0,0,0,0,0,0,0,0,0,0,0,0,0,0
2025-09-03,US,1162763,0,15415,0,11918,760479,0,0,0,11709,16730,7353,131420,0,0,0,1346,11601,13382,8008,1042,11508,5111,0,33727,2901,6354,17480,0,384,3250,3833,3607,71438,953,697,600,263,1063,1189,999,744,444,711,932,1118,904,724,616,411,170,227,0,0,0,0,0,0,0,0,0,0,0,0,0,0,0,0,0,0,0,0,0,0,0,0,0,0,0,0,0,0,0,0,0,0,0,0,0,0,0,0,0,0,0,0,0,0,0,0,0,0,0,0,0,0,0,0,0,0,0,0,0,0,0,0,0,0,0,0,0,0,0,0,0,0,0
2025-09-04,US,1156713,0,15682,0,12081,758944,0,0,0,11456,17322,7581,129725,0,0,0,1328,11334,13187,7838,1020,11229,5243,0,33150,2893,6388,17090,0,383,3323,3758,3589,69524,922,701,597,260,1036,1168,1075,741,438,680,929,1115,906,691,599,396,164,228,0,0,0,0,0,0,0,0,0,0,0,0,0,0,0,0,0,0,0,0,0,0,0,0,0,0,0,0,0,0,0,0,0,0,0,0,0,0,0,0,0,0,0,0,0,0,0,0,0,0,0,0,0,0,0,0,0,0,0,0,0,0,0,0,0,0,0,0,0,0,0,0,0,0,0
2025-09-05,US,1138165,0,15774,0,12109,749157,0,0,0,11084,17713,7721,126650,0,0,0,1295,10949,12851,7586,988,10833,5315,0,32224,2854,6351,16521,0,378,3357,3642,3533,66891,881,696,587,255,998,1135,1138,730,428,642,916,1100,897,650,575,378,156,226,0,0,0,0,0,0,0,0,0,0,0,0,0,0,0,0,0,0,0,0,0,0,0,0,0,0,0,0,0,0,0,0,0,0,0,0,0,0,0,0,0,0,0,0,0,0,0,0,0,0,0,0,0,0,0,0,0,0,0,0,0,0,0,0,0,0,0,0,0,0,0,0,0,0,0
2025-09-06,US,1117467,0,15823,0,12106,737873,0,0,0,10697,18047,7838,123370,0,0,0,1261,10551,12495,7324,954,10425,5371,0,31251,2809,6299,15932,0,372,3382,3522,3471,64184,840,690,577,249,958,1100,1196,717,417,604,901,1083,887,610,550,359,147,223,0,0,0,0,0,0,0,0,0,0,0,0,0,0,0,0,0,0,0,0,0,0,0,0,0,0,0,0,0,0,0,0,0,0,0,0,0,0,0,0,0,0,0,0,0,0,0,0,0,0,0,0,0,0,0,0,0,0,0,0,0,0,0,0,0,0,0,0,0,0,0,0,0,0,0
2025-09-07,US,1085854,0,15702,0,11974,719272,0,0,0,10215,18174,7866,118930,0,0,0,1215,10059,12023,6997,911,9924,5368,0,29990,2736,6183,15200,0,363,3370,3370,3374,60920,792,676,560,241,910,1056,1239,698,403,561,878,1055,868,565,521,338,138,218,0,0,0,0,0,0,0,0,0,0,0,0,0,0,0,0,0,0,0,0,0,0,0,0,0,0,0,0,0,0,0,0,0,0,0,0,0,0,0,0,0,0,0,0,0,0,0,0,0,0,0,0,0,0,0,0,0,0,0,0,0,0,0,0,0,0,0,0,0,0,0,0,0,0,0
2025-09-08,US,1049522,0,15493,0,11778,697404,0,0,0,9699,18182,7845,114033,0,0,0,1164,9535,11507,6647,866,9393,5332,0,28623,2651,6037,14420,0,352,3338,3207,3263,57481,741,660,541,232,860,1007,1271,675,386,518,850,1023,845,519,490,315,128,212,0,0,0,0,0,0,0,0,0,0,0,0,0,0,0,0,0,0,0,0,0,0,0,0,0,0,0,0,0,0,0,0,0,0,0,0,0,0,0,0,0,0,0,0,0,0,0,0,0,0,0,0,0,0,0,0,0,0,0,0,0,0,0,0,0,0,0,0,0,0,0,0,0,0,0
2025-09-09,US,1015287,0,15293,0,11591,676780,0,0,0,9215,18185,7823,109426,0,0,0,1116,9043,11021,6317,823,8894,5297,0,27337,2571,5898,13687,0,341,3308,3053,3158,54252,694,644,524,224,813,961,1302,654,371,477,824,992,823,476,461,294,119,207,0,0,0,0,0,0,0,0,0,0,0,0,0,0,0,0,0,0,0,0,0,0,0,0,0,0,0,0,0,0,0,0,0,0,0,0,0,0,0,0,0,0,0,0,0,0,0,0,0,0,0,0,0,0,0,0,0,0,0,0,0,0,0,0,0,0,0,0,0,0,0,0,0,0,0
2025-09-10,US,986114,0,15151,0,11450,659398,0,0,0,8787,18241,7825,105419,0,0,0,1075,8607,10596,6026,785,8451,5280,0,26210,2503,5785,13039,0,332,3289,2918,3068,51377,652,631,508,217,771,921,1334,636,358,440,802,966,804,437,435,275,111,202,0,0,0,0,0,0,0,0,0,0,0,0,0,0,0,0,0,0,0,0,0,0,0,0,0,0,0,0,0,0,0,0,0,0,0,0,0,0,0,0,0,0,0,0,0,0,0,0,0,0,0,0,0,0,0,0,0,0,0,0,0,0,0,0,0,0,0,0,0,0,0,0,0,0,0
2025-09-11,US,963010,0,15086,0,11369,645966,0,0,0,8421,18380,7863,102107,0,0,0,1040,8234,10243,5779,753,8071,5288,0,25262,2450,5705,12484,0,325,3286,2803,2998,48889,615,622,496,211,734,888,1370,621,347,407,785,946,791,401,413,258,103,199,0,0,0,0,0,0,0,0,0,0,0,0,0,0,0,0,0,0,0,0,0,0,0,0,0,0,0,0,0,0,0,0,0,0,0,0,0,0,0,0,0,0,0,0,0,0,0,0,0,0,0,0,0,0,0,0,0,0,0,0,0,0,0,0,0,0,0,0,0,0,0,0,0,0,0
2025-09-12,US,938948,0,14991,0,11268,631792,0,0,0,8055,18472,7883,98735,0,0,0,1005,7860,9885,5530,721,7691,5285,0,24305,2395,5616,11929,0,318,3276,2688,2924,46415,578,612,484,205,698,854,1402,607,336,375,766,925,776,367,391,242,96,195,0,0,0,0,0,0,0,0,0,0,0,0,0,0,0,0,0,0,0,0,0,0,0,0,0,0,0,0,0,0,0,0,0,0,0,0,0,0,0,0,0,0,0,0,0,0,0,0,0,0,0,0,0,0,0,0,0,0,0,0,0,0,0,0,0,0,0,0,0,0,0,0,0,0,0
2025-09-13,US,913611,0,14862,0,11142,616657,0,0,0,7687,18510,7881,95272,0,0,0,969,7485,9518,5280,689,7310,5267,0,23332,2336,5517,11371,0,310,3258,2571,2846,43943,542,601,471,198,662,819,1429,591,324,343,747,902,760,334,369,226,89,191,0,0,0,0,0,0,0,0,0,0,0,0,0,0,0,0,0,0,0,0,0,0,0,0,0,0,0,0,0,0,0,0,0,0,0,0,0,0,0,0,0,0,0,0,0,0,0,0,0,0,0,0,0,0,0,0,0,0,0,0,0,0,0,0,0,0,0,0,0,0,0,0,0,0,0
2025-09-14,US,901507,0,14937,0,11169,610376,0,0,0,7436,18794,7984,93221,0,0,0,947,7225,9294,5110,667,7042,5321,0,22711,2310,5496,10987,0,307,3285,2494,2810,42158,514,598,464,195,636,797,1474,584,318,317,739,892,755,306,352,213,83,190,0,0,0,0,0,0,0,0,0,0,0,0,0,0,0,0,0,0,0,0,0,0,0,0,0,0,0,0,0,0,0,0,0,0,0,0,0,0,0,0,0,0,0,0,0,0,0,0,0,0,0,0,0,0,0,0,0,0,0,0,0,0,0,0,0,0,0,0,0,0,0,0,0,0,0
2025-09-15,US,891097,0,15032,0,11214,605193,0,0,0,7202,19100,8097,91365,0,0,0,928,6983,9089,4952,646,6792,5381,0,22139,2289,5483,10630,0,305,3316,2422,2779,40482,488,596,459,192,611,777,1520,578,312,293,732,884,751,280,337,201,78,189,0,0,0,0,0,0,0,0,0,0,0,0,0,0,0,0,0,0,0,0,0,0,0,0,0,0,0,0,0,0,0,0,0,0,0,0,0,0,0,0,0,0,0,0,0,0,0,0,0,0,0,0,0,0,0,0,0,0,0,0,0,0,0,0,0,0,0,0,0,0,0,0,0,0,0
2025-09-16,US,882565,0,15154,0,11278,601247,0,0,0,6987,19436,8223,89719,0,0,0,910,6758,8906,4807,627,6560,5451,0,21621,2273,5482,10300,0,302,3352,2356,2753,38917,463,596,454,189,589,758,1567,573,306,269,726,878,749,254,322,190,73,188,0,0,0,0,0,0,0,0,0,0,0,0,0,0,0,0,0,0,0,0,0,0,0,0,0,0,0,0,0,0,0,0,0,0,0,0,0,0,0,0,0,0,0,0,0,0,0,0,0,0,0,0,0,0,0,0,0,0,0,0,0,0,0,0,0,0,0,0,0,0,0,0,0,0,0
2025-09-17,US,876279,0,15310,0,11368,598800,0,0,0,6792,19812,8366,88313,0,0,0,895,6554,8747,4675,610,6347,5532,0,21163,2262,5493,10000,0,301,3396,2297,2735,37470,440,596,451,187,568,742,1618,569,302,246,722,874,748,230,309,179,68,188,0,0,0,0,0,0,0,0,0,0,0,0,0,0,0,0,0,0,0,0,0,0,0,0,0,0,0,0,0,0,0,0,0,0,0,0,0,0,0,0,0,0,0,0,0,0,0,0,0,0,0,0,0,0,0,0,0,0,0,0,0,0,0,0,0,0,0,0,0,0,0,0,0,0,0
2025-09-18,US,872966,0,15515,0,11495,598365,0,0,0,6622,20250,8536,87216,0,0,0,883,6373,8619,4561,596,6157,5631,0,20780,2259,5522,9736,0,301,3450,2246,2726,36163,419,599,449,185,549,728,1674,568,298,225,721,873,750,206,297,169,64,189,0,0,0,0,0,0,0,0,0,0,0,0,0,0,0,0,0,0,0,0,0,0,0,0,0,0,0,0,0,0,0,0,0,0,0,0,0,0,0,0,0,0,0,0,0,0,0,0,0,0,0,0,0,0,0,0,0,0,0,0,0,0,0,0,0,0,0,0,0,0,0,0,0,0,0
2025-09-19,US,878272,0,15874,0,11736,603842,0,0,0,6516,20889,8790,86978,0,0,0,880,6255,8575,4491,587,6028,5785,0,20602,2278,5606,9568,0,303,3539,2217,2743,35211,401,608,452,186,536,722,1746,572,298,206,727,881,759,185,288,161,60,191,0,0,0,0,0,0,0,0,0,0,0,0,0,0,0,0,0,0,0,0,0,0,0,0,0,0,0,0,0,0,0,0,0,0,0,0,0,0,0,0,0,0,0,0,0,0,0,0,0,0,0,0,0,0,0,0,0,0,0,0,0,0,0,0,0,0,0,0,0,0,0,0,0,0,0
2025-09-20,US,889342,0,16342,0,12057,613317,0,0,0,6451,21675,9105,87296,0,0,0,883,6175,8586,4449,581,5935,5980,0,20553,2312,5728,9458,0,308,3652,2202,2779,34468,386,621,458,187,526,719,1831,580,299,187,737,894,774,164,280,154,56,195,0,0,0,0,0,0,0,0,0,0,0,0,0,0,0,0,0,0,0,0,0,0,0,0,0,0,0,0,0,0,0,0,0,0,0,0,0,0,0,0,0,0,0,0,0,0,0,0,0,0,0,0,0,0,0,0,0,0,0,0,0,0,0,0,0,0,0,0,0,0,0,0,0,0,0
2025-09-21,US,895392,0,16723,0,12314,619365,0,0,0,6347,22348,9374,87107,0,0,0,880,6057,8547,4380,573,5806,6143,0,20382,2333,5818,9291,0,311,3746,2174,2799,33507,368,630,461,188,512,713,1906,584,299,167,744,903,784,142,270,145,52,197,0,0,0,0,0,0,0,0,0,0,0,0,0,0,0,0,0,0,0,0,0,0,0,0,0,0,0,0,0,0,0,0,0,0,0,0,0,0,0,0,0,0,0,0,0,0,0,0,0,0,0,0,0,0,0,0,0,0,0,0,0,0,0,0,0,0,0,0,0,0,0,0,0,0,0
2025-09-22,US,900055,0,17081,0,12553,624476,0,0,0,6231,22993,9630,86773,0,0,0,876,5928,8493,4303,563,5665,6299,0,20176,2351,5900,9106,0,314,3835,2142,2815,32480,350,639,463,188,498,706,1980,588,298,147,749,910,793,120,260,136,48,199,0,0,0,0,0,0,0,0,0,0,0,0,0,0,0,0,0,0,0,0,0,0,0,0,0,0,0,0,0,0,0,0,0,0,0,0,0,0,0,0,0,0,0,0,0,0,0,0,0,0,0,0,0,0,0,0,0,0,0,0,0,0,0,0,0,0,0,0,0,0,0,0,0,0,0
2025-09-23,US,894641,0,17248,0,12652,622594,0,0,0,6045,23381,9778,85468,0,0,0,862,5733,8344,4178,547,5461,6383,0,19745,2343,5916,8820,0,313,3881,2086,2799,31091,327,640,460,186,478,690,2031,585,294,125,746,907,793,96,247,126,43,199,0,0,0,0,0,0,0,0,0,0,0,0,0,0,0,0,0,0,0,0,0,0,0,0,0,0,0,0,0,0,0,0,0,0,0,0,0,0,0,0,0,0,0,0,0,0,0,0,0,0,0,0,0,0,0,0,0,0,0,0,0,0,0,0,0,0,0,0,0,0,0,0,0,0,0
2025-09-24,US,884670,0,17322,0,12683,617509,0,0,0,5831,23640,9873,83742,0,0,0,844,5511,8155,4034,528,5233,6433,0,19218,2322,5901,8493,0,310,3906,2020,2769,29563,304,638,455,183,455,671,2071,579,288,103,739,899,789,72,234,115,38,198,0,0,0,0,0,0,0,0,0,0,0,0,0,0,0,0,0,0,0,0,0,0,0,0,0,0,0,0,0,0,0,0,0,0,0,0,0,0,0,0,0,0,0,0,0,0,0,0,0,0,0,0,0,0,0,0,0,0,0,0,0,0,0,0,0,0,0,0,0,0,0,0,0,0,0
2025-09-25,US,1017990,0,20239,0,14792,712700,0,0,0,6541,27801,11595,95471,0,0,0,961,6160,9273,4529,593,5828,7542,0,21761,2678,6849,9509,0,358,4573,2275,3188,32659,326,740,523,210,505,760,2455,667,329,94,852,1037,914,57,256,122,39,230,0,0,0,0,0,0,0,0,0,0,0,0,0,0,0,0,0,0,0,0,0,0,0,0,0,0,0,0,0,0,0,0,0,0,0,0,0,0,0,0,0,0,0,0,0,0,0,0,0,0,0,0,0,0,0,0,0,0,0,0,0,0,0,0,0,0,0,0,0,0,0,0,0,0,0
2025-09-26,US,989267,0,19966,0,14568,694664,0,0,0,6192,27598,11496,91912,0,0,0,924,5809,8903,4291,562,5476,7465,0,20803,2609,6712,8985,0,348,4521,2163,3100,30417,295,725,508,203,472,726,2455,649,317,68,830,1010,893,30,236,108,33,225,0,0,0,0,0,0,0,0,0,0,0,0,0,0,0,0,0,0,0,0,0,0,0,0,0,0,0,0,0,0,0,0,0,0,0,0,0,0,0,0,0,0,0,0,0,0,0,0,0,0,0,0,0,0,0,0,0,0,0,0,0,0,0,0,0,0,0,0,0,0,0,0,0,0,0
2025-09-27,US,937190,0,19191,0,13978,659816,0,0,0,5709,26686,11103,86221,0,173,0,866,5334,8329,3960,519,5008,7198,173,19376,2476,6410,8266,0,331,4353,2004,2937,27555,258,692,481,191,429,676,2391,615,298,42,787,959,851,4,212,92,27,214,0,0,0,0,0,0,0,0,0,0,0,0,0,0,0,0,0,0,0,0,0,0,0,0,0,0,0,0,0,0,0,0,0,0,0,0,0,0,0,0,0,0,0,0,0,0,0,0,0,0,0,0,0,0,0,0,0,0,0,0,0,0,0,0,0,0,0,0,0,0,0,0,0,0,0
2025-09-28,US,878954,0,18077,0,13375,618272,0,0,0,5339,25608,10539,80600,0,170,0,798,4973,7884,3780,491,4943,6794,171,17770,2328,6236,7786,0,315,4520,1849,2756,25367,249,670,451,260,398,632,2217,578,280,45,740,902,794,0,0,0,0,0,0,0,0,0,0,0,0,0,0,0,0,0,0,0,0,0,0,0,0,0,0,0,0,0,0,0,0,0,0,0,0,0,0,0,0,0,0,0,0,0,0,0,0,0,0,0,0,0,0,0,0,0,0,0,0,0,0,0,0,0,0,0,0,0,0,0,0,0,0,0,0,0,0,0,0
2025-09-29,US,821116,0,16952,0,12735,576742,0,0,0,4970,24451,9957,75005,0,165,0,731,4615,7428,3591,463,4844,6385,168,16215,2179,6031,7301,0,299,4628,1698,2574,23240,239,645,421,319,367,589,2045,540,261,47,692,844,737,0,0,0,0,0,0,0,0,0,0,0,0,0,0,0,0,0,0,0,0,0,0,0,0,0,0,0,0,0,0,0,0,0,0,0,0,0,0,0,0,0,0,0,0,0,0,0,0,0,0,0,0,0,0,0,0,0,0,0,0,0,0,0,0,0,0,0,0,0,0,0,0,0,0,0,0,0,0,0,0
2025-09-30,US,772636,0,16011,0,12210,541895,0,0,0,4660,23503,9475,70304,0,162,0,675,4314,7049,3436,440,4772,6043,165,14896,2054,5868,6896,0,285,4736,1571,2422,21438,231,625,396,371,342,553,1901,509,246,48,652,796,689,0,0,0,0,0,0,0,0,0,0,0,0,0,0,0,0,0,0,0,0,0,0,0,0,0,0,0,0,0,0,0,0,0,0,0,0,0,0,0,0,0,0,0,0,0,0,0,0,0,0,0,0,0,0,0,0,0,0,0,0,0,0,0,0,0,0,0,0,0,0,0,0,0,0,0,0,0,0,0,0
2025-10-01,US,727135,0,15125,0,11703,509235,0,0,0,4370,22586,9016,65907,0,159,0,623,4033,6690,3286,418,4691,5720,162,13678,1936,5704,6514,0,272,4815,1453,2279,19771,223,605,373,415,318,519,1766,479,232,50,615,751,645,0,0,0,0,0,0,0,0,0,0,0,0,0,0,0,0,0,0,0,0,0,0,0,0,0,0,0,0,0,0,0,0,0,0,0,0,0,0,0,0,0,0,0,0,0,0,0,0,0,0,0,0,0,0,0,0,0,0,0,0,0,0,0,0,0,0,0,0,0,0,0,0,0,0,0,0,0,0,0,0
2025-10-02,US,536343,0,11198,0,8789,375067,0,0,0,3212,17003,6723,48424,0,121,0,450,2955,4975,2463,311,3608,4243,125,9838,1431,4341,4823,0,204,3816,1053,1681,14285,169,459,275,356,232,382,1286,353,171,40,454,555,473,0,0,0,0,0,0,0,0,0,0,0,0,0,0,0,0,0,0,0,0,0,0,0,0,0,0,0,0,0,0,0,0,0,0,0,0,0,0,0,0,0,0,0,0,0,0,0,0,0,0,0,0,0,0,0,0,0,0,0,0,0,0,0,0,0,0,0,0,0,0,0,0,0,0,0,0,0,0,0,0
2025-10-03,US,499320,0,10464,0,8328,348664,0,0,0,2980,16149,6327,44906,0,117,0,411,2732,4670,2329,292,3497,3973,121,8926,1335,4165,4506,0,192,3798,963,1565,13022,161,439,256,377,213,354,1182,329,159,40,423,518,437,0,0,0,0,0,0,0,0,0,0,0,0,0,0,0,0,0,0,0,0,0,0,0,0,0,0,0,0,0,0,0,0,0,0,0,0,0,0,0,0,0,0,0,0,0,0,0,0,0,0,0,0,0,0,0,0,0,0,0,0,0,0,0,0,0,0,0,0,0,0,0,0,0,0,0,0,0,0,0,0
2025-10-04,US,480746,0,10112,0,8159,335201,0,0,0,2859,15856,6157,43066,0,117,0,387,2613,4533,2277,284,3499,3847,121,8369,1287,4130,4355,0,187,3893,910,1507,12270,159,434,246,407,203,340,1123,317,153,41,408,499,419,0,0,0,0,0,0,0,0,0,0,0,0,0,0,0,0,0,0,0,0,0,0,0,0,0,0,0,0,0,0,0,0,0,0,0,0,0,0,0,0,0,0,0,0,0,0,0,0,0,0,0,0,0,0,0,0,0,0,0,0,0,0,0,0,0,0,0,0,0,0,0,0,0,0,0,0,0,0,0,0
2025-10-05,US,473244,0,9991,0,8169,329485,0,0,0,2804,15911,6125,42227,0,119,0,373,2555,4499,2276,282,3574,3808,124,8018,1270,4183,4302,0,187,4065,879,1483,11817,160,438,242,443,197,334,1091,312,151,43,402,492,410,0,0,0,0,0,0,0,0,0,0,0,0,0,0,0,0,0,0,0,0,0,0,0,0,0,0,0,0,0,0,0,0,0,0,0,0,0,0,0,0,0,0,0,0,0,0,0,0,0,0,0,0,0,0,0,0,0,0,0,0,0,0,0,0,0,0,0,0,0,0,0,0,0,0,0,0,0,0,0,0
2025-10-06,US,474920,0,10064,0,8337,330166,0,0,0,2804,16271,6211,42210,0,123,0,367,2546,4551,2319,285,3717,3843,129,7825,1276,4316,4333,0,190,4312,866,1488,11596,165,450,243,488,195,334,1080,314,151,46,404,495,408,0,0,0,0,0,0,0,0,0,0,0,0,0,0,0,0,0,0,0,0,0,0,0,0,0,0,0,0,0,0,0,0,0,0,0,0,0,0,0,0,0,0,0,0,0,0,0,0,0,0,0,0,0,0,0,0,0,0,0,0,0,0,0,0,0,0,0,0,0,0,0,0,0,0,0,0,0,0,0,0
2025-10-07,US,484426,0,10303,0,8644,336280,0,0,0,2850,16906,6401,42885,0,130,0,366,2579,4679,2400,293,3925,3942,136,7756,1304,4523,4436,0,196,4636,866,1518,11560,172,471,247,542,197,340,1087,320,155,50,413,506,414,0,0,0,0,0,0,0,0,0,0,0,0,0,0,0,0,0,0,0,0,0,0,0,0,0,0,0,0,0,0,0,0,0,0,0,0,0,0,0,0,0,0,0,0,0,0,0,0,0,0,0,0,0,0,0,0,0,0,0,0,0,0,0,0,0,0,0,0,0,0,0,0,0,0,0,0,0,0,0,0
2025-10-08,US,503206,0,10741,0,9126,348802,0,0,0,2950,17882,6717,44370,0,139,0,371,2661,4899,2530,307,4215,4118,146,7823,1357,4823,4625,0,207,5062,882,1577,11730,182,500,257,609,202,352,1113,333,161,55,429,527,427,0,0,0,0,0,0,0,0,0,0,0,0,0,0,0,0,0,0,0,0,0,0,0,0,0,0,0,0,0,0,0,0,0,0,0,0,0,0,0,0,0,0,0,0,0,0,0,0,0,0,0,0,0,0,0,0,0,0,0,0,0,0,0,0,0,0,0,0,0,0,0,0,0,0,0,0,0,0,0,0
2025-10-09,US,531444,0,11385,0,9792,367833,0,0,0,3104,19224,7166,46674,0,151,0,383,2791,5214,2710,327,4597,4373,160,8015,1436,5225,4902,0,221,5606,913,1665,12094,197,541,271,692,211,371,1160,352,170,61,454,557,448,0,0,0,0,0,0,0,0,0,0,0,0,0,0,0,0,0,0,0,0,0,0,0,0,0,0,0,0,0,0,0,0,0,0,0,0,0,0,0,0,0,0,0,0,0,0,0,0,0,0,0,0,0,0,0,0,0,0,0,0,0,0,0,0,0,0,0,0,0,0,0,0,0,0,0,0,0,0,0,0
2025-10-10,US,549870,0,11822,0,10291,380026,0,0,0,3200,20240,7488,48100,0,161,0,387,2867,5437,2844,341,4906,4549,170,8038,1488,5543,5090,0,232,6069,925,1723,12210,208,572,280,765,215,383,1183,364,176,66,471,578,461,0,0,0,0,0,0,0,0,0,0,0,0,0,0,0,0,0,0,0,0,0,0,0,0,0,0,0,0,0,0,0,0,0,0,0,0,0,0,0,0,0,0,0,0,0,0,0,0,0,0,0,0,0,0,0,0,0,0,0,0,0,0,0,0,0,0,0,0,0,0,0,0,0,0,0,0,0,0,0,0
2025-10-11,US,554222,0,11959,0,10533,382469,0,0,0,3214,20753,7622,48287,0,166,0,381,2869,5522,2906,347,5097,4610,177,7844,1503,5723,5148,0,236,6388,913,1736,12001,214,590,282,822,214,385,1175,367,177,70,475,584,462,0,0,0,0,0,0,0,0,0,0,0,0,0,0,0,0,0,0,0,0,0,0,0,0,0,0,0,0,0,0,0,0,0,0,0,0,0,0,0,0,0,0,0,0,0,0,0,0,0,0,0,0,0,0,0,0,0,0,0,0,0,0,0,0,0,0,0,0,0,0,0,0,0,0,0,0,0,0,0,0
2025-10-12,US,539893,0,11691,0,10417,372032,0,0,0,3119,20559,7498,46849,0,167,0,362,2775,5420,2870,341,5112,4515,178,7391,1467,5709,5033,0,233,6486,871,1691,11394,212,587,275,850,206,374,1128,358,173,71,463,570,447,0,0,0,0,0,0,0,0,0,0,0,0,0,0,0,0,0,0,0,0,0,0,0,0,0,0,0,0,0,0,0,0,0,0,0,0,0,0,0,0,0,0,0,0,0,0,0,0,0,0,0,0,0,0,0,0,0,0,0,0,0,0,0,0,0,0,0,0,0,0,0,0,0,0,0,0,0,0,0,0
2025-10-13,US,516448,0,11223,0,10114,355351,0,0,0,2973,19994,7242,44635,0,163,0,338,2636,5224,2783,328,5031,4342,175,6831,1405,5588,4831,0,226,6456,815,1618,10615,207,573,263,859,194,357,1063,343,165,71,444,546,425,0,0,0,0,0,0,0,0,0,0,0,0,0,0,0,0,0,0,0,0,0,0,0,0,0,0,0,0,0,0,0,0,0,0,0,0,0,0,0,0,0,0,0,0,0,0,0,0,0,0,0,0,0,0,0,0,0,0,0,0,0,0,0,0,0,0,0,0,0,0,0,0,0,0,0,0,0,0,0,0
2025-10-14,US,485645,0,10591,0,9651,333663,0,0,0,2786,19109,6875,41803,0,158,0,309,2461,4950,2652,311,4864,4105,169,6199,1324,5375,4559,0,215,6307,750,1521,9715,199,550,247,852,180,334,985,322,155,69,418,514,397,0,0,0,0,0,0,0,0,0,0,0,0,0,0,0,0,0,0,0,0,0,0,0,0,0,0,0,0,0,0,0,0,0,0,0,0,0,0,0,0,0,0,0,0,0,0,0,0,0,0,0,0,0,0,0,0,0,0,0,0,0,0,0,0,0,0,0,0,0,0,0,0,0,0,0,0,0,0,0,0
2025-10-15,US,447360,0,9791,0,9019,306905,0,0,0,2557,17886,6393,38352,0,149,0,278,2251,4593,2475,289,4602,3801,160,5504,1222,5061,4214,0,200,6028,675,1401,8703,187,517,227,825,164,307,894,297,143,66,385,475,363,0,0,0,0,0,0,0,0,0,0,0,0,0,0,0,0,0,0,0,0,0,0,0,0,0,0,0,0,0,0,0,0,0,0,0,0,0,0,0,0,0,0,0,0,0,0,0,0,0,0,0,0,0,0,0,0,0,0,0,0,0,0,0,0,0,0,0,0,0,0,0,0,0,0,0,0,0,0,0,0
2025-10-16,US,401300,0,8814,0,8206,274900,0,0,0,2285,16299,5789,34263,0,137,0,242,2004,4151,2249,261,4237,3428,147,4752,1098,4639,3794,0,182,5602,592,1257,7587,170,473,204,777,145,275,790,267,128,62,346,427,324,0,0,0,0,0,0,0,0,0,0,0,0,0,0,0,0,0,0,0,0,0,0,0,0,0,0,0,0,0,0,0,0,0,0,0,0,0,0,0,0,0,0,0,0,0,0,0,0,0,0,0,0,0,0,0,0,0,0,0,0,0,0,0,0,0,0,0,0,0,0,0,0,0,0,0,0,0,0,0,0
2025-10-17,US,364354,0,8030,0,7556,249222,0,0,0,2067,15028,5305,30982,0,127,0,214,1806,3796,2068,239,3946,3128,137,4146,998,4302,3456,0,167,5263,525,1141,6689,158,438,185,738,130,249,706,242,117,58,315,388,292,0,0,0,0,0,0,0,0,0,0,0,0,0,0,0,0,0,0,0,0,0,0,0,0,0,0,0,0,0,0,0,0,0,0,0,0,0,0,0,0,0,0,0,0,0,0,0,0,0,0,0,0,0,0,0,0,0,0,0,0,0,0,0,0,0,0,0,0,0,0,0,0,0,0,0,0,0,0,0,0
2025-10-18,US,336624,0,7445,0,7078,229913,0,0,0,1903,14097,4946,28507,0,120,0,192,1657,3533,1935,223,3737,2905,130,3676,924,4057,3204,0,156,5026,473,1054,5996,148,412,171,712,118,229,642,224,108,56,291,359,268,0,0,0,0,0,0,0,0,0,0,0,0,0,0,0,0,0,0,0,0,0,0,0,0,0,0,0,0,0,0,0,0,0,0,0,0,0,0,0,0,0,0,0,0,0,0,0,0,0,0,0,0,0,0,0,0,0,0,0,0,0,0,0,0,0,0,0,0,0,0,0,0,0,0,0,0,0,0,0,0
2025-10-19,US,321371,0,7132,0,6849,219171,0,0,0,1810,13661,4765,27104,0,117,0,178,1570,3397,1870,214,3655,2788,127,3361,884,3952,3070,0,150,4954,440,1006,5548,144,401,163,709,111,218,603,214,103,55,278,344,254,0,0,0,0,0,0,0,0,0,0,0,0,0,0,0,0,0,0,0,0,0,0,0,0,0,0,0,0,0,0,0,0,0,0,0,0,0,0,0,0,0,0,0,0,0,0,0,0,0,0,0,0,0,0,0,0,0,0,0,0,0,0,0,0,0,0,0,0,0,0,0,0,0,0,0,0,0,0,0,0
2025-10-20,US,303514,0,6759,0,6556,206686,0,0,0,1703,13093,4541,25492,0,113,0,163,1471,3231,1788,204,3534,2647,123,3035,836,3807,2909,0,144,4826,405,950,5074,138,386,154,697,103,206,560,202,97,54,263,325,238,0,0,0,0,0,0,0,0,0,0,0,0,0,0,0,0,0,0,0,0,0,0,0,0,0,0,0,0,0,0,0,0,0,0,0,0,0,0,0,0,0,0,0,0,0,0,0,0,0,0,0,0,0,0,0,0,0,0,0,0,0,0,0,0,0,0,0,0,0,0,0,0,0,0,0,0,0,0,0,0
2025-10-21,US,284076,0,6348,0,6218,193163,0,0,0,1588,12434,4288,23761,0,108,0,148,1367,3046,1694,192,3385,2490,118,2710,784,3633,2732,0,136,4654,370,889,4594,132,367,144,678,95,192,516,189,91,52,247,305,222,0,0,0,0,0,0,0,0,0,0,0,0,0,0,0,0,0,0,0,0,0,0,0,0,0,0,0,0,0,0,0,0,0,0,0,0,0,0,0,0,0,0,0,0,0,0,0,0,0,0,0,0,0,0,0,0,0,0,0,0,0,0,0,0,0,0,0,0,0,0,0,0,0,0,0,0,0,0,0,0
2025-10-22,US,266684,0,5980,0,5914,181068,0,0,0,1485,11840,4061,22214,0,104,0,134,1273,2879,1609,182,3250,2349,113,2422,737,3475,2573,0,129,4498,338,835,4167,126,351,135,660,88,180,476,178,86,50,232,287,207,0,0,0,0,0,0,0,0,0,0,0,0,0,0,0,0,0,0,0,0,0,0,0,0,0,0,0,0,0,0,0,0,0,0,0,0,0,0,0,0,0,0,0,0,0,0,0,0,0,0,0,0,0,0,0,0,0,0,0,0,0,0,0,0,0,0,0,0,0,0,0,0,0,0,0,0,0,0,0,0
2025-10-23,US,251509,0,5659,0,5649,170511,0,0,0,1395,11325,3864,20863,0,100,0,122,1192,2734,1535,173,3133,2227,109,2169,696,3339,2435,0,123,4363,310,787,3793,121,337,127,645,82,169,441,168,81,49,219,271,194,0,0,0,0,0,0,0,0,0,0,0,0,0,0,0,0,0,0,0,0,0,0,0,0,0,0,0,0,0,0,0,0,0,0,0,0,0,0,0,0,0,0,0,0,0,0,0,0,0,0,0,0,0,0,0,0,0,0,0,0,0,0,0,0,0,0,0,0,0,0,0,0,0,0,0,0,0,0,0,0
2025-10-24,US,240718,0,5434,0,5476,162953,0,0,0,1331,10990,3730,19885,0,98,0,113,1132,2635,1487,167,3063,2142,107,1965,668,3255,2338,0,119,4292,288,754,3499,117,328,121,639,77,161,415,161,77,48,210,260,184,0,0,0,0,0,0,0,0,0,0,0,0,0,0,0,0,0,0,0,0,0,0,0,0,0,0,0,0,0,0,0,0,0,0,0,0,0,0,0,0,0,0,0,0,0,0,0,0,0,0,0,0,0,0,0,0,0,0,0,0,0,0,0,0,0,0,0,0,0,0,0,0,0,0,0,0,0,0,0,0
2025-10-25,US,230029,0,5196,0,5284,155059,0,0,0,1263,10617,3585,18870,0,95,527,104,1070,2528,1433,160,2981,2051,104,1768,637,3158,2236,105,114,4201,267,718,3210,113,318,116,630,72,153,389,153,74,47,200,248,174,0,0,0,0,0,0,0,0,0,0,0,0,0,0,0,0,0,0,0,0,0,0,0,0,0,0,0,0,0,0,0,0,0,0,0,0,0,0,0,0,0,0,0,0,0,0,0,0,0,0,0,0,0,0,0,0,0,0,0,0,0,0,0,0,0,0,0,0,0,0,0,0,0,0,0,0,0,0,0,0
2025-10-26,US,219047,0,5179,0,5084,147057,0,0,0,1184,10302,3463,17815,0,92,592,121,1031,2448,1364,153,2806,1993,120,1700,608,2956,2078,111,110,4187,250,683,3011,110,307,110,586,68,145,367,146,70,46,191,237,165,0,0,0,0,0,0,0,0,0,0,0,0,0,0,0,0,0,0,0,0,0,0,0,0,0,0,0,0,0,0,0,0,0,0,0,0,0,0,0,0,0,0,0,0,0,0,0,0,0,0,0,0,0,0,0,0,0,0,0,0,0,0,0,0,0,0,0,0,0,0,0,0,0,0,0,0,0,0,0,0
2025-10-27,US,212155,0,5240,0,4975,141850,0,0,0,1129,10163,3403,17106,0,91,661,138,1010,2410,1320,149,2685,1968,137,1663,589,2814,1964,119,108,4236,237,661,2873,108,302,106,554,64,140,353,141,68,46,185,229,158,0,0,0,0,0,0,0,0,0,0,0,0,0,0,0,0,0,0,0,0,0,0,0,0,0,0,0,0,0,0,0,0,0,0,0,0,0,0,0,0,0,0,0,0,0,0,0,0,0,0,0,0,0,0,0,0,0,0,0,0,0,0,0,0,0,0,0,0,0,0,0,0,0,0,0,0,0,0,0,0
2025-10-28,US,207864,0,5352,0,4924,138415,0,0,0,1089,10139,3381,16615,0,91,733,155,1000,2400,1293,147,2600,1965,155,1646,578,2709,1876,127,106,4326,228,648,2772,107,301,104,530,62,137,343,138,66,46,181,225,154,0,0,0,0,0,0,0,0,0,0,0,0,0,0,0,0,0,0,0,0,0,0,0,0,0,0,0,0,0,0,0,0,0,0,0,0,0,0,0,0,0,0,0,0,0,0,0,0,0,0,0,0,0,0,0,0,0,0,0,0,0,0,0,0,0,0,0,0,0,0,0,0,0,0,0,0,0,0,0,0
2025-10-29,US,206828,0,5543,0,4949,137162,0,0,0,1066,10268,3410,16388,0,92,814,175,1006,2426,1286,147,2556,1992,174,1654,576,2648,1819,137,107,4479,223,644,2716,108,304,103,514,61,136,338,138,66,47,181,224,152,0,0,0,0,0,0,0,0,0,0,0,0,0,0,0,0,0,0,0,0,0,0,0,0,0,0,0,0,0,0,0,0,0,0,0,0,0,0,0,0,0,0,0,0,0,0,0,0,0,0,0,0,0,0,0,0,0,0,0,0,0,0,0,0,0,0,0,0,0,0,0,0,0,0,0,0,0,0,0,0
2025-10-30,US,208850,0,5815,0,5047,137937,0,0,0,1059,10550,3491,16402,0,94,907,197,1027,2488,1298,150,2549,2048,196,1686,582,2626,1788,150,109,4700,221,650,2700,111,311,104,506,60,137,339,139,67,48,182,227,152,0,0,0,0,0,0,0,0,0,0,0,0,0,0,0,0,0,0,0,0,0,0,0,0,0,0,0,0,0,0,0,0,0,0,0,0,0,0,0,0,0,0,0,0,0,0,0,0,0,0,0,0,0,0,0,0,0,0,0,0,0,0,0,0,0,0,0,0,0,0,0,0,0,0,0,0,0,0,0,0
2025-10-31,US,214003,0,6182,0,5222,140760,0,0,0,1067,10996,3625,16658,0,98,1017,223,1064,2588,1329,155,2580,2137,222,1744,597,2641,1783,164,113,4996,222,665,2723,115,323,107,506,61,140,344,143,68,51,187,233,155,0,0,0,0,0,0,0,0,0,0,0,0,0,0,0,0,0,0,0,0,0,0,0,0,0,0,0,0,0,0,0,0,0,0,0,0,0,0,0,0,0,0,0,0,0,0,0,0,0,0,0,0,0,0,0,0,0,0,0,0,0,0,0,0,0,0,0,0,0,0,0,0,0,0,0,0,0,0,0,0
2025-11-01,US,226604,0,6783,0,5584,148437,0,0,0,1111,11839,3889,17482,0,106,1169,258,1139,2782,1407,165,2698,2303,257,1864,633,2745,1836,186,120,5480,230,704,2837,123,347,113,521,63,147,361,151,72,55,198,247,162,0,0,0,0,0,0,0,0,0,0,0,0,0,0,0,0,0,0,0,0,0,0,0,0,0,0,0,0,0,0,0,0,0,0,0,0,0,0,0,0,0,0,0,0,0,0,0,0,0,0,0,0,0,0,0,0,0,0,0,0,0,0,0,0,0,0,0,0,0,0,0,0,0,0,0,0,0,0,0,0
2025-11-02,US,237776,0,7364,0,5915,155114,0,0,0,1146,12628,4134,18179,0,113,1324,294,1207,2962,1475,174,2796,2458,293,1975,664,2826,1872,207,127,5950,236,738,2928,131,370,118,532,65,154,376,158,76,59,208,259,169,0,0,0,0,0,0,0,0,0,0,0,0,0,0,0,0,0,0,0,0,0,0,0,0,0,0,0,0,0,0,0,0,0,0,0,0,0,0,0,0,0,0,0,0,0,0,0,0,0,0,0,0,0,0,0,0,0,0,0,0,0,0,0,0,0,0,0,0,0,0,0,0,0,0,0,0,0,0,0,0
2025-11-03,US,245366,0,7854,0,6162,159405,0,0,0,1162,13242,4320,18590,0,118,1465,327,1259,3101,1522,180,2849,2580,326,2056,686,2861,1876,226,133,6345,239,761,2972,137,387,122,534,66,158,385,163,78,62,215,268,173,0,0,0,0,0,0,0,0,0,0,0,0,0,0,0,0,0,0,0,0,0,0,0,0,0,0,0,0,0,0,0,0,0,0,0,0,0,0,0,0,0,0,0,0,0,0,0,0,0,0,0,0,0,0,0,0,0,0,0,0,0,0,0,0,0,0,0,0,0,0,0,0,0,0,0,0,0,0,0,0
2025-11-04,US,249430,0,8242,0,6323,161376,0,0,0,1161,13676,4447,18726,0,122,1590,357,1292,3198,1546,185,2859,2666,355,2110,699,2851,1850,243,136,6658,238,773,2971,141,398,124,528,66,160,388,166,80,65,219,272,175,0,0,0,0,0,0,0,0,0,0,0,0,0,0,0,0,0,0,0,0,0,0,0,0,0,0,0,0,0,0,0,0,0,0,0,0,0,0,0,0,0,0,0,0,0,0,0,0,0,0,0,0,0,0,0,0,0,0,0,0,0,0,0,0,0,0,0,0,0,0,0,0,0,0,0,0,0,0,0,0
2025-11-05,US,252189,0,8594,0,6452,162485,0,0,0,1153,14043,4552,18760,0,125,1710,385,1320,3279,1563,188,2853,2740,383,2152,707,2826,1813,259,139,6942,235,781,2953,145,408,125,518,65,162,389,168,80,67,221,276,175,0,0,0,0,0,0,0,0,0,0,0,0,0,0,0,0,0,0,0,0,0,0,0,0,0,0,0,0,0,0,0,0,0,0,0,0,0,0,0,0,0,0,0,0,0,0,0,0,0,0,0,0,0,0,0,0,0,0,0,0,0,0,0,0,0,0,0,0,0,0,0,0,0,0,0,0,0,0,0,0
2025-11-06,US,253960,0,8916,0,6557,162948,0,0,0,1140,14359,4641,18717,0,128,1824,412,1342,3347,1573,190,2836,2803,410,2187,713,2788,1768,274,141,7202,232,786,2922,148,416,126,506,64,162,388,169,81,69,223,278,175,0,0,0,0,0,0,0,0,0,0,0,0,0,0,0,0,0,0,0,0,0,0,0,0,0,0,0,0,0,0,0,0,0,0,0,0,0,0,0,0,0,0,0,0,0,0,0,0,0,0,0,0,0,0,0,0,0,0,0,0,0,0,0,0,0,0,0,0,0,0,0,0,0,0,0,0,0,0,0,0
2025-11-07,US,253811,0,9171,0,6612,162176,0,0,0,1119,14567,4694,18533,0,130,1925,436,1355,3391,1571,191,2797,2846,434,2205,713,2729,1709,286,142,7408,226,785,2870,149,422,126,490,63,162,384,169,81,70,223,278,173,0,0,0,0,0,0,0,0,0,0,0,0,0,0,0,0,0,0,0,0,0,0,0,0,0,0,0,0,0,0,0,0,0,0,0,0,0,0,0,0,0,0,0,0,0,0,0,0,0,0,0,0,0,0,0,0,0,0,0,0,0,0,0,0,0,0,0,0,0,0,0,0,0,0,0,0,0,0,0,0
2025-11-08,US,244852,0,9099,0,6436,155799,0,0,0,1059,14261,4582,17711,0,127,1955,445,1320,3315,1515,186,2662,2788,443,2145,689,2577,1593,289,138,7349,213,757,2719,146,412,121,458,59,155,367,163,78,69,215,269,166,0,0,0,0,0,0,0,0,0,0,0,0,0,0,0,0,0,0,0,0,0,0,0,0,0,0,0,0,0,0,0,0,0,0,0,0,0,0,0,0,0,0,0,0,0,0,0,0,0,0,0,0,0,0,0,0,0,0,0,0,0,0,0,0,0,0,0,0,0,0,0,0,0,0,0,0,0,0,0,0
2025-11-09,US,232421,0,8875,0,6163,147273,0,0,0,986,13735,4401,16653,0,123,1949,444,1265,3189,1437,177,2493,2687,442,2054,654,2394,1460,286,132,7168,198,718,2535,140,396,115,421,55,147,346,155,74,66,204,255,156,0,0,0,0,0,0,0,0,0,0,0,0,0,0,0,0,0,0,0,0,0,0,0,0,0,0,0,0,0,0,0,0,0,0,0,0,0,0,0,0,0,0,0,0,0,0,0,0,0,0,0,0,0,0,0,0,0,0,0,0,0,0,0,0,0,0,0,0,0,0,0,0,0,0,0,0,0,0,0,0
2025-11-10,US,222367,0,8718,0,5948,140312,0,0,0,925,13329,4259,15782,0,119,1953,446,1221,3090,1374,171,2353,2609,444,1982,627,2241,1347,285,127,7041,185,687,2381,136,383,110,389,52,140,328,148,71,65,196,245,148,0,0,0,0,0,0,0,0,0,0,0,0,0,0,0,0,0,0,0,0,0,0,0,0,0,0,0,0,0,0,0,0,0,0,0,0,0,0,0,0,0,0,0,0,0,0,0,0,0,0,0,0,0,0,0,0,0,0,0,0,0,0,0,0,0,0,0,0,0,0,0,0,0,0,0,0,0,0,0,0
2025-11-11,US,215079,0,8652,0,5803,135145,0,0,0,877,13074,4167,15119,0,117,1975,452,1192,3028,1329,166,2244,2561,450,1933,607,2119,1254,286,124,6988,174,664,2260,133,375,106,363,49,135,314,143,68,64,189,237,142,0,0,0,0,0,0,0,0,0,0,0,0,0,0,0,0,0,0,0,0,0,0,0,0,0,0,0,0,0,0,0,0,0,0,0,0,0,0,0,0,0,0,0,0,0,0,0,0,0,0,0,0,0,0,0,0,0,0,0,0,0,0,0,0,0,0,0,0,0,0,0,0,0,0,0,0,0,0,0,0
2025-11-12,US,209063,0,8623,0,5689,130814,0,0,0,836,12885,4096,14554,0,115,2003,459,1170,2980,1291,162,2151,2525,457,1895,590,2013,1172,289,122,6964,165,645,2155,130,369,103,340,46,131,303,139,67,63,184,231,137,0,0,0,0,0,0,0,0,0,0,0,0,0,0,0,0,0,0,0,0,0,0,0,0,0,0,0,0,0,0,0,0,0,0,0,0,0,0,0,0,0,0,0,0,0,0,0,0,0,0,0,0,0,0,0,0,0,0,0,0,0,0,0,0,0,0,0,0,0,0,0,0,0,0,0,0,0,0,0,0
2025-11-13,US,204187,0,8629,0,5604,127225,0,0,0,800,12756,4045,14077,0,114,2037,468,1153,2947,1260,159,2071,2501,466,1866,577,1921,1099,293,120,6968,157,629,2064,129,365,100,320,44,127,293,136,65,63,180,225,133,0,0,0,0,0,0,0,0,0,0,0,0,0,0,0,0,0,0,0,0,0,0,0,0,0,0,0,0,0,0,0,0,0,0,0,0,0,0,0,0,0,0,0,0,0,0,0,0,0,0,0,0,0,0,0,0,0,0,0,0,0,0,0,0,0,0,0,0,0,0,0,0,0,0,0,0,0,0,0,0
2025-11-14,US,199538,0,8634,0,5522,123804,0,0,0,765,12634,3996,13622,0,113,2070,476,1137,2915,1231,157,1995,2478,474,1838,565,1833,1030,296,118,6973,150,615,1978,127,361,98,301,42,124,284,133,63,62,176,221,129,0,0,0,0,0,0,0,0,0,0,0,0,0,0,0,0,0,0,0,0,0,0,0,0,0,0,0,0,0,0,0,0,0,0,0,0,0,0,0,0,0,0,0,0,0,0,0,0,0,0,0,0,0,0,0,0,0,0,0,0,0,0,0,0,0,0,0,0,0,0,0,0,0,0,0,0,0,0,0,0
2025-11-15,US,200150,0,8863,0,5585,123659,0,0,0,752,12840,4052,13529,0,115,2155,497,1151,2959,1234,158,1972,2520,494,1859,567,1794,988,307,119,7157,146,616,1944,129,366,98,290,42,124,282,133,64,64,177,221,128,0,0,0,0,0,0,0,0,0,0,0,0,0,0,0,0,0,0,0,0,0,0,0,0,0,0,0,0,0,0,0,0,0,0,0,0,0,0,0,0,0,0,0,0,0,0,0,0,0,0,0,0,0,0,0,0,0,0,0,0,0,0,0,0,0,0,0,0,0,0,0,0,0,0,0,0,0,0,0,0
2025-11-16,US,207820,0,9413,0,5847,127855,0,0,0,764,13506,4252,13908,0,121,2320,535,1205,3110,1281,165,2017,2652,533,1946,589,1816,980,329,125,7601,148,639,1978,136,384,102,288,42,128,290,138,66,67,184,230,132,0,0,0,0,0,0,0,0,0,0,0,0,0,0,0,0,0,0,0,0,0,0,0,0,0,0,0,0,0,0,0,0,0,0,0,0,0,0,0,0,0,0,0,0,0,0,0,0,0,0,0,0,0,0,0,0,0,0,0,0,0,0,0,0,0,0,0,0,0,0,0,0,0,0,0,0,0,0,0,0
2025-11-17,US,216410,0,10019,0,6138,132574,0,0,0,778,14245,4475,14337,0,127,2501,578,1266,3276,1333,173,2070,2799,575,2042,614,1844,972,353,131,8091,150,665,2017,143,405,106,287,43,133,299,144,69,71,191,240,136,0,0,0,0,0,0,0,0,0,0,0,0,0,0,0,0,0,0,0,0,0,0,0,0,0,0,0,0,0,0,0,0,0,0,0,0,0,0,0,0,0,0,0,0,0,0,0,0,0,0,0,0,0,0,0,0,0,0,0,0,0,0,0,0,0,0,0,0,0,0,0,0,0,0,0,0,0,0,0,0
2025-11-18,US,225884,0,10685,0,6458,137790,0,0,0,794,15057,4719,14814,0,134,2699,624,1333,3459,1391,181,2128,2960,621,2148,642,1875,965,380,138,8628,152,694,2061,151,427,110,286,43,138,309,150,72,75,200,251,141,0,0,0,0,0,0,0,0,0,0,0,0,0,0,0,0,0,0,0,0,0,0,0,0,0,0,0,0,0,0,0,0,0,0,0,0,0,0,0,0,0,0,0,0,0,0,0,0,0,0,0,0,0,0,0,0,0,0,0,0,0,0,0,0,0,0,0,0,0,0,0,0,0,0,0,0,0,0,0,0
2025-11-19,US,233942,0,11301,0,6742,142098,0,0,0,803,15789,4938,15186,0,141,2887,669,1392,3624,1440,189,2170,3105,665,2242,665,1890,948,405,144,9125,152,718,2089,158,447,114,283,44,143,317,156,74,79,207,260,144,0,0,0,0,0,0,0,0,0,0,0,0,0,0,0,0,0,0,0,0,0,0,0,0,0,0,0,0,0,0,0,0,0,0,0,0,0,0,0,0,0,0,0,0,0,0,0,0,0,0,0,0,0,0,0,0,0,0,0,0,0,0,0,0,0,0,0,0,0,0,0,0,0,0,0,0,0,0,0,0
2025-11-20,US,240539,0,11860,0,6987,145481,0,0,0,807,16433,5129,15454,0,147,3062,710,1444,3768,1480,195,2197,3234,706,2323,685,1890,921,429,149,9576,152,738,2100,164,465,117,276,44,146,323,160,76,83,213,268,147,0,0,0,0,0,0,0,0,0,0,0,0,0,0,0,0,0,0,0,0,0,0,0,0,0,0,0,0,0,0,0,0,0,0,0,0,0,0,0,0,0,0,0,0,0,0,0,0,0,0,0,0,0,0,0,0,0,0,0,0,0,0,0,0,0,0,0,0,0,0,0,0,0,0,0,0,0,0,0,0
2025-11-21,US,244747,0,12311,0,7165,147392,0,0,0,801,16923,5271,15562,0,151,3211,745,1481,3877,1505,199,2200,3331,742,2382,697,1870,884,448,153,9941,150,750,2089,168,478,119,267,43,148,326,163,78,85,217,273,148,0,0,0,0,0,0,0,0,0,0,0,0,0,0,0,0,0,0,0,0,0,0,0,0,0,0,0,0,0,0,0,0,0,0,0,0,0,0,0,0,0,0,0,0,0,0,0,0,0,0,0,0,0,0,0,0,0,0,0,0,0,0,0,0,0,0,0,0,0,0,0,0,0,0,0,0,0,0,0,0
2025-11-22,US,246326,0,12597,0,7245,147254,0,297,0,784,17183,5341,15452,459,153,3318,771,1499,3932,1509,201,2173,3384,767,2408,700,1822,833,462,154,10171,145,752,2049,171,485,119,253,42,148,324,163,78,87,218,274,148,0,0,0,0,0,0,0,0,0,0,0,0,0,0,0,0,0,0,0,0,0,0,0,0,0,0,0,0,0,0,0,0,0,0,0,0,0,0,0,0,0,0,0,0,0,0,0,0,0,0,0,0,0,0,0,0,0,0,0,0,0,0,0,0,0,0,0,0,0,0,0,0,0,0,0,0,0,0,0,0
2025-11-23,US,241625,0,12608,0,7107,143944,0,285,0,755,17060,5275,15197,476,172,3324,764,1437,3894,1474,199,2199,3367,743,2315,689,1870,812,500,161,9678,143,739,1962,169,476,117,260,43,145,315,161,77,87,214,270,144,0,0,0,0,0,0,0,0,0,0,0,0,0,0,0,0,0,0,0,0,0,0,0,0,0,0,0,0,0,0,0,0,0,0,0,0,0,0,0,0,0,0,0,0,0,0,0,0,0,0,0,0,0,0,0,0,0,0,0,0,0,0,0,0,0,0,0,0,0,0,0,0,0,0,0,0,0,0,0,0
2025-11-24,US,239923,0,12768,0,7058,142432,0,277,0,736,17143,5273,15129,498,192,3370,766,1394,3902,1457,199,2251,3391,730,2251,687,1938,802,543,171,9313,142,735,1901,170,473,116,270,43,144,311,160,76,88,213,269,142,0,0,0,0,0,0,0,0,0,0,0,0,0,0,0,0,0,0,0,0,0,0,0,0,0,0,0,0,0,0,0,0,0,0,0,0,0,0,0,0,0,0,0,0,0,0,0,0,0,0,0,0,0,0,0,0,0,0,0,0,0,0,0,0,0,0,0,0,0,0,0,0,0,0,0,0,0,0,0,0
2025-11-25,US,241765,0,13118,0,7114,143022,0,273,0,727,17479,5349,15286,528,215,3466,779,1371,3969,1462,202,2337,3465,726,2220,694,2035,804,594,182,9084,143,742,1867,174,478,117,284,45,145,311,161,77,90,216,272,142,0,0,0,0,0,0,0,0,0,0,0,0,0,0,0,0,0,0,0,0,0,0,0,0,0,0,0,0,0,0,0,0,0,0,0,0,0,0,0,0,0,0,0,0,0,0,0,0,0,0,0,0,0,0,0,0,0,0,0,0,0,0,0,0,0,0,0,0,0,0,0,0,0,0,0,0,0,0,0,0
2025-11-26,US,247155,0,13669,0,7273,145694,0,273,0,729,18079,5504,15667,566,242,3615,804,1368,4095,1488,208,2459,3591,734,2221,712,2165,818,656,197,8979,146,760,1860,180,489,120,303,47,148,315,165,79,93,221,279,144,0,0,0,0,0,0,0,0,0,0,0,0,0,0,0,0,0,0,0,0,0,0,0,0,0,0,0,0,0,0,0,0,0,0,0,0,0,0,0,0,0,0,0,0,0,0,0,0,0,0,0,0,0,0,0,0,0,0,0,0,0,0,0,0,0,0,0,0,0,0,0,0,0,0,0,0,0,0,0,0
2025-11-27,US,256191,0,14437,0,7540,150485,0,276,0,740,18959,5743,16283,615,273,3822,842,1382,4284,1536,217,2621,3774,751,2251,740,2332,843,730,215,8987,152,789,1877,188,507,124,327,49,153,324,172,82,98,230,290,148,0,0,0,0,0,0,0,0,0,0,0,0,0,0,0,0,0,0,0,0,0,0,0,0,0,0,0,0,0,0,0,0,0,0,0,0,0,0,0,0,0,0,0,0,0,0,0,0,0,0,0,0,0,0,0,0,0,0,0,0,0,0,0,0,0,0,0,0,0,0,0,0,0,0,0,0,0,0,0,0
2025-11-28,US,270282,0,15515,0,7956,158196,0,285,0,765,20233,6099,17224,678,312,4111,897,1421,4560,1613,231,2842,4035,783,2321,784,2553,885,823,238,9144,160,833,1926,201,536,131,358,53,161,339,182,87,105,243,307,155,0,0,0,0,0,0,0,0,0,0,0,0,0,0,0,0,0,0,0,0,0,0,0,0,0,0,0,0,0,0,0,0,0,0,0,0,0,0,0,0,0,0,0,0,0,0,0,0,0,0,0,0,0,0,0,0,0,0,0,0,0,0,0,0,0,0,0,0,0,0,0,0,0,0,0,0,0,0,0,0
2025-11-29,US,285972,0,16717,0,8419,166778,0,294,0,792,21652,6496,18271,748,356,4434,958,1464,4869,1700,246,3089,4327,817,2399,832,2799,931,927,264,9316,170,883,1981,215,568,139,393,57,171,356,193,92,113,258,326,163,0,0,0,0,0,0,0,0,0,0,0,0,0,0,0,0,0,0,0,0,0,0,0,0,0,0,0,0,0,0,0,0,0,0,0,0,0,0,0,0,0,0,0,0,0,0,0,0,0,0,0,0,0,0,0,0,0,0,0,0,0,0,0,0,0,0,0,0,0,0,0,0,0,0,0,0,0,0,0,0
2025-11-30,US,299652,0,17833,0,8823,174125,0,301,0,812,22946,6851,19196,816,400,4734,1013,1492,5147,1773,260,3322,4594,846,2454,874,3037,970,1030,290,9385,178,927,2016,228,595,146,427,61,178,370,202,96,120,271,342,170,0,0,0,0,0,0,0,0,0,0,0,0,0,0,0,0,0,0,0,0,0,0,0,0,0,0,0,0,0,0,0,0,0,0,0,0,0,0,0,0,0,0,0,0,0,0,0,0,0,0,0,0,0,0,0,0,0,0,0,0,0,0,0,0,0,0,0,0,0,0,0,0,0,0,0,0,0,0,0,0
2025-12-01,US,309997,0,18776,0,9129,179482,0,303,0,821,24005,7133,19911,878,442,4989,1058,1500,5373,1826,270,3525,4815,863,2476,907,3249,998,1127,314,9318,184,960,2023,239,617,151,457,65,184,380,210,100,126,281,355,174,0,0,0,0,0,0,0,0,0,0,0,0,0,0,0,0,0,0,0,0,0,0,0,0,0,0,0,0,0,0,0,0,0,0,0,0,0,0,0,0,0,0,0,0,0,0,0,0,0,0,0,0,0,0,0,0,0,0,0,0,0,0,0,0,0,0,0,0,0,0,0,0,0,0,0,0,0,0,0,0
2025-12-02,US,315899,0,19468,0,9305,182231,0,301,0,818,24735,7316,20343,929,479,5177,1088,1485,5524,1852,278,3683,4971,868,2460,928,3420,1011,1211,333,9097,188,980,1998,246,629,154,482,67,188,384,214,102,130,288,363,176,0,0,0,0,0,0,0,0,0,0,0,0,0,0,0,0,0,0,0,0,0,0,0,0,0,0,0,0,0,0,0,0,0,0,0,0,0,0,0,0,0,0,0,0,0,0,0,0,0,0,0,0,0,0,0,0,0,0,0,0,0,0,0,0,0,0,0,0,0,0,0,0,0,0,0,0,0,0,0,0
2025-12-03,US,317504,0,19905,0,9353,182483,0,294,0,803,25135,7401,20500,969,510,5297,1104,1448,5601,1853,281,3793,5060,861,2408,935,3547,1011,1280,349,8741,189,987,1944,250,633,155,501,69,188,382,216,103,133,290,366,176,0,0,0,0,0,0,0,0,0,0,0,0,0,0,0,0,0,0,0,0,0,0,0,0,0,0,0,0,0,0,0,0,0,0,0,0,0,0,0,0,0,0,0,0,0,0,0,0,0,0,0,0,0,0,0,0,0,0,0,0,0,0,0,0,0,0,0,0,0,0,0,0,0,0,0,0,0,0,0,0
2025-12-04,US,314729,0,20066,0,9273,180219,0,284,0,777,25188,7384,20374,995,534,5344,1104,1391,5600,1829,281,3851,5080,842,2323,930,3626,996,1332,359,8265,187,980,1863,250,628,154,512,70,186,376,214,102,134,288,364,173,0,0,0,0,0,0,0,0,0,0,0,0,0,0,0,0,0,0,0,0,0,0,0,0,0,0,0,0,0,0,0,0,0,0,0,0,0,0,0,0,0,0,0,0,0,0,0,0,0,0,0,0,0,0,0,0,0,0,0,0,0,0,0,0,0,0,0,0,0,0,0,0,0,0,0,0,0,0,0,0
2025-12-05,US,308729,0,20013,0,9098,176125,0,270,0,744,24977,7289,20038,1010,552,5334,1093,1321,5541,1786,277,3867,5046,814,2217,915,3665,972,1368,366,7715,184,963,1765,248,617,151,518,70,183,366,211,100,133,283,359,168,0,0,0,0,0,0,0,0,0,0,0,0,0,0,0,0,0,0,0,0,0,0,0,0,0,0,0,0,0,0,0,0,0,0,0,0,0,0,0,0,0,0,0,0,0,0,0,0,0,0,0,0,0,0,0,0,0,0,0,0,0,0,0,0,0,0,0,0,0,0,0,0,0,0,0,0,0,0,0,0
2025-12-06,US,301126,0,19842,0,8875,171144,0,256,0,707,24624,7155,19596,1018,566,5292,1076,1246,5451,1734,272,3859,4983,783,2101,896,3680,942,1394,370,7141,180,940,1661,245,603,148,521,69,178,354,206,98,132,277,351,163,0,0,0,0,0,0,0,0,0,0,0,0,0,0,0,0,0,0,0,0,0,0,0,0,0,0,0,0,0,0,0,0,0,0,0,0,0,0,0,0,0,0,0,0,0,0,0,0,0,0,0,0,0,0,0,0,0,0,0,0,0,0,0,0,0,0,0,0,0,0,0,0,0,0,0,0,0,0,0,0
2025-12-07,US,303000,0,20291,0,8931,171560,0,250,0,693,25042,7245,19769,1058,597,5416,1092,1210,5533,1736,276,3971,5076,776,2052,904,3809,943,1464,386,6798,181,948,1609,249,607,149,539,71,179,353,208,99,134,280,354,163,0,0,0,0,0,0,0,0,0,0,0,0,0,0,0,0,0,0,0,0,0,0,0,0,0,0,0,0,0,0,0,0,0,0,0,0,0,0,0,0,0,0,0,0,0,0,0,0,0,0,0,0,0,0,0,0,0,0,0,0,0,0,0,0,0,0,0,0,0,0,0,0,0,0,0,0,0,0,0,0
2025-12-08,US,308545,0,20994,0,9096,174037,0,246,0,687,25770,7425,20184,1112,636,5607,1122,1189,5682,1760,283,4133,5232,779,2027,924,3987,954,1552,406,6527,184,967,1576,256,619,152,565,73,182,356,212,101,139,286,362,165,0,0,0,0,0,0,0,0,0,0,0,0,0,0,0,0,0,0,0,0,0,0,0,0,0,0,0,0,0,0,0,0,0,0,0,0,0,0,0,0,0,0,0,0,0,0,0,0,0,0,0,0,0,0,0,0,0,0,0,0,0,0,0,0,0,0,0,0,0,0,0,0,0,0,0,0,0,0,0,0
2025-12-09,US,317353,0,21936,0,9357,178323,0,245,0,687,26785,7685,20815,1179,684,5863,1164,1177,5894,1801,293,4344,5446,789,2020,953,4213,976,1660,432,6306,190,996,1556,267,637,156,597,77,187,363,219,104,145,295,374,168,0,0,0,0,0,0,0,0,0,0,0,0,0,0,0,0,0,0,0,0,0,0,0,0,0,0,0,0,0,0,0,0,0,0,0,0,0,0,0,0,0,0,0,0,0,0,0,0,0,0,0,0,0,0,0,0,0,0,0,0,0,0,0,0,0,0,0,0,0,0,0,0,0,0,0,0,0,0,0,0
2025-12-10,US,328222,0,23042,0,9679,183722,0,245,0,690,27991,7998,21584,1255,737,6162,1215,1171,6147,1854,305,4589,5700,804,2022,989,4473,1003,1784,461,6099,196,1032,1542,279,660,162,635,81,193,372,227,108,152,306,388,172,0,0,0,0,0,0,0,0,0,0,0,0,0,0,0,0,0,0,0,0,0,0,0,0,0,0,0,0,0,0,0,0,0,0,0,0,0,0,0,0,0,0,0,0,0,0,0,0,0,0,0,0,0,0,0,0,0,0,0,0,0,0,0,0,0,0,0,0,0,0,0,0,0,0,0,0,0,0,0,0
2025-12-11,US,341377,0,24335,0,10069,190347,0,246,0,697,29414,8371,22508,1344,798,6512,1275,1169,6447,1919,319,4873,5999,823,2033,1032,4773,1037,1924,495,5903,204,1075,1533,293,687,168,678,86,200,383,236,112,160,319,405,178,0,0,0,0,0,0,0,0,0,0,0,0,0,0,0,0,0,0,0,0,0,0,0,0,0,0,0,0,0,0,0,0,0,0,0,0,0,0,0,0,0,0,0,0,0,0,0,0,0,0,0,0,0,0,0,0,0,0,0,0,0,0,0,0,0,0,0,0,0,0,0,0,0,0,0,0,0,0,0,0
2025-12-12,US,356486,0,25799,0,10516,197999,0,247,0,706,31031,8796,23565,1443,867,6908,1343,1170,6789,1994,336,5193,6338,846,2049,1081,5111,1076,2081,533,5703,213,1124,1528,309,718,176,726,91,209,397,247,117,169,334,424,184,0,0,0,0,0,0,0,0,0,0,0,0,0,0,0,0,0,0,0,0,0,0,0,0,0,0,0,0,0,0,0,0,0,0,0,0,0,0,0,0,0,0,0,0,0,0,0,0,0,0,0,0,0,0,0,0,0,0,0,0,0,0,0,0,0,0,0,0,0,0,0,0,0,0,0,0,0,0,0,0
2025-12-13,US,373053,0,27404,0,11007,206390,0,249,0,716,32804,9261,24725,1552,941,7342,1417,1170,7163,2077,354,5545,6710,872,2067,1135,5481,1119,2254,574,5484,224,1178,1521,327,753,184,779,97,218,411,259,123,179,350,445,191,0,0,0,0,0,0,0,0,0,0,0,0,0,0,0,0,0,0,0,0,0,0,0,0,0,0,0,0,0,0,0,0,0,0,0,0,0,0,0,0,0,0,0,0,0,0,0,0,0,0,0,0,0,0,0,0,0,0,0,0,0,0,0,0,0,0,0,0,0,0,0,0,0,0,0,0,0,0,0,0
2025-12-14,US,386740,0,28831,0,11412,213119,0,248,0,718,34351,9661,25699,1652,1012,7729,1482,1158,7487,2143,369,5862,7037,889,2063,1180,5820,1153,2415,612,5183,232,1224,1497,342,781,191,828,102,226,422,269,128,188,364,463,196,0,0,0,0,0,0,0,0,0,0,0,0,0,0,0,0,0,0,0,0,0,0,0,0,0,0,0,0,0,0,0,0,0,0,0,0,0,0,0,0,0,0,0,0,0,0,0,0,0,0,0,0,0,0,0,0,0,0,0,0,0,0,0,0,0,0,0,0,0,0,0,0,0,0,0,0,0,0,0,0
2025-12-15,US,397673,0,30081,0,11737,218276,0,244,0,714,35676,9995,26495,1744,1077,8068,1537,1133,7762,2192,382,6146,7318,899,2039,1217,6126,1178,2565,647,4811,239,1260,1457,355,804,197,872,106,232,430,278,132,196,376,478,200,0,0,0,0,0,0,0,0,0,0,0,0,0,0,0,0,0,0,0,0,0,0,0,0,0,0,0,0,0,0,0,0,0,0,0,0,0,0,0,0,0,0,0,0,0,0,0,0,0,0,0,0,0,0,0,0,0,0,0,0,0,0,0,0,0,0,0,0,0,0,0,0,0,0,0,0,0,0,0,0
2025-12-16,US,408375,0,31339,0,12054,223256,0,240,0,708,37001,10327,27279,1837,1145,8410,1592,1104,8035,2240,395,6432,7601,908,2009,1254,6438,1202,2717,683,4407,245,1296,1411,368,827,202,917,111,238,437,286,135,204,387,492,204,0,0,0,0,0,0,0,0,0,0,0,0,0,0,0,0,0,0,0,0,0,0,0,0,0,0,0,0,0,0,0,0,0,0,0,0,0,0,0,0,0,0,0,0,0,0,0,0,0,0,0,0,0,0,0,0,0,0,0,0,0,0,0,0,0,0,0,0,0,0,0,0,0,0,0,0,0,0,0,0
2025-12-17,US,416259,0,32401,0,12289,226653,0,234,0,695,38088,10591,27879,1919,1206,8700,1636,1065,8257,2272,406,6680,7834,909,1961,1282,6711,1218,2855,715,3947,250,1323,1351,379,844,206,956,115,242,442,292,138,211,395,503,206,0,0,0,0,0,0,0,0,0,0,0,0,0,0,0,0,0,0,0,0,0,0,0,0,0,0,0,0,0,0,0,0,0,0,0,0,0,0,0,0,0,0,0,0,0,0,0,0,0,0,0,0,0,0,0,0,0,0,0,0,0,0,0,0,0,0,0,0,0,0,0,0,0,0,0,0,0,0,0,0
2025-12-18,US,422007,0,33314,0,12461,228854,0,226,0,679,38992,10803,28338,1994,1262,8950,1673,1018,8438,2291,414,6899,8031,906,1900,1304,6956,1227,2982,744,3448,254,1344,1282,388,857,209,991,118,245,443,297,141,216,402,512,207,0,0,0,0,0,0,0,0,0,0,0,0,0,0,0,0,0,0,0,0,0,0,0,0,0,0,0,0,0,0,0,0,0,0,0,0,0,0,0,0,0,0,0,0,0,0,0,0,0,0,0,0,0,0,0,0,0,0,0,0,0,0,0,0,0,0,0,0,0,0,0,0,0,0,0,0,0,0,0,0
2025-12-19,US,430294,0,34443,0,12707,232400,0,219,0,665,40145,11082,28970,2082,1327,9258,1720,976,8673,2325,425,7163,8279,907,1847,1334,7248,1243,3129,778,2949,259,1372,1217,400,875,214,1033,123,249,447,303,144,223,411,524,209,0,0,0,0,0,0,0,0,0,0,0,0,0,0,0,0,0,0,0,0,0,0,0,0,0,0,0,0,0,0,0,0,0,0,0,0,0,0,0,0,0,0,0,0,0,0,0,0,0,0,0,0,0,0,0,0,0,0,0,0,0,0,0,0,0,0,0,0,0,0,0,0,0,0,0,0,0,0,0,0
2025-12-20,US,443318,0,35923,0,13075,238099,660,213,0,656,41698,11469,29880,2192,1407,9660,1784,939,8993,2379,440,7501,8610,916,1807,1376,7616,1270,3310,820,2450,267,1414,1158,415,901,220,1086,128,256,456,312,148,232,424,541,213,0,0,0,0,0,0,0,0,0,0,0,0,0,0,0,0,0,0,0,0,0,0,0,0,0,0,0,0,0,0,0,0,0,0,0,0,0,0,0,0,0,0,0,0,0,0,0,0,0,0,0,0,0,0,0,0,0,0,0,0,0,0,0,0,0,0,0,0,0,0,0,0,0,0,0,0,0,0,0,0
2025-12-21,US,454850,0,37760,0,13704,243296,723,237,0,694,42961,11925,30488,2290,1537,10117,1983,1003,9375,2432,512,7661,8887,1006,1810,1420,8087,1286,3367,858,2484,269,1456,1166,431,927,226,1139,134,263,464,322,152,0,0,0,0,0,0,0,0,0,0,0,0,0,0,0,0,0,0,0,0,0,0,0,0,0,0,0,0,0,0,0,0,0,0,0,0,0,0,0,0,0,0,0,0,0,0,0,0,0,0,0,0,0,0,0,0,0,0,0,0,0,0,0,0,0,0,0,0,0,0,0,0,0,0,0,0,0,0,0,0,0,0,0,0
2025-12-22,US,468115,0,39668,0,14357,248562,789,261,0,733,44256,12397,31103,2391,1674,10590,2192,1071,9770,2486,588,7822,9171,1100,1811,1464,8578,1301,3423,896,2518,271,1499,1173,448,954,233,1194,139,270,472,332,157,0,0,0,0,0,0,0,0,0,0,0,0,0,0,0,0,0,0,0,0,0,0,0,0,0,0,0,0,0,0,0,0,0,0,0,0,0,0,0,0,0,0,0,0,0,0,0,0,0,0,0,0,0,0,0,0,0,0,0,0,0,0,0,0,0,0,0,0,0,0,0,0,0,0,0,0,0,0,0,0,0,0,0,0
2025-12-23,US,482092,0,41684,0,15046,254100,859,287,0,774,45622,12894,31749,2499,1818,11090,2414,1142,10187,2543,668,7992,9470,1200,1812,1511,9097,1317,3483,937,2554,274,1545,1180,465,983,240,1252,145,277,480,342,162,0,0,0,0,0,0,0,0,0,0,0,0,0,0,0,0,0,0,0,0,0,0,0,0,0,0,0,0,0,0,0,0,0,0,0,0,0,0,0,0,0,0,0,0,0,0,0,0,0,0,0,0,0,0,0,0,0,0,0,0,0,0,0,0,0,0,0,0,0,0,0,0,0,0,0,0,0,0,0,0,0,0,0,0
2025-12-24,US,499793,0,44077,0,15870,261478,939,316,0,822,47342,13500,32621,2627,1983,11688,2664,1224,10692,2618,758,8219,9844,1314,1823,1569,9703,1342,3566,986,2606,278,1602,1194,486,1019,249,1321,153,287,492,355,168,0,0,0,0,0,0,0,0,0,0,0,0,0,0,0,0,0,0,0,0,0,0,0,0,0,0,0,0,0,0,0,0,0,0,0,0,0,0,0,0,0,0,0,0,0,0,0,0,0,0,0,0,0,0,0,0,0,0,0,0,0,0,0,0,0,0,0,0,0,0,0,0,0,0,0,0,0,0,0,0,0,0,0,0
2025-12-25,US,521400,0,46882,0,16838,270745,1029,349,0,878,49437,14221,33725,2779,2171,12393,2947,1319,11290,2712,858,8506,10297,1443,1845,1640,10406,1376,3674,1044,2676,284,1672,1215,511,1063,259,1402,161,298,507,371,175,0,0,0,0,0,0,0,0,0,0,0,0,0,0,0,0,0,0,0,0,0,0,0,0,0,0,0,0,0,0,0,0,0,0,0,0,0,0,0,0,0,0,0,0,0,0,0,0,0,0,0,0,0,0,0,0,0,0,0,0,0,0,0,0,0,0,0,0,0,0,0,0,0,0,0,0,0,0,0,0,0,0,0,0
2025-12-26,US,541086,0,49586,0,17767,278853,1120,383,0,933,51353,14901,34681,2924,2359,13067,3233,1413,11857,2795,961,8755,10714,1573,1855,1706,11094,1402,3764,1099,2733,288,1736,1230,535,1103,269,1479,170,309,520,385,182,0,0,0,0,0,0,0,0,0,0,0,0,0,0,0,0,0,0,0,0,0,0,0,0,0,0,0,0,0,0,0,0,0,0,0,0,0,0,0,0,0,0,0,0,0,0,0,0,0,0,0,0,0,0,0,0,0,0,0,0,0,0,0,0,0,0,0,0,0,0,0,0,0,0,0,0,0,0,0,0,0,0,0,0
2025-12-27,US,553751,0,51702,0,18483,283215,1200,412,0,977,52605,15397,35168,3034,2522,13585,3488,1491,12278,2840,1056,8887,10994,1687,1837,1749,11655,1409,3803,1141,2751,288,1778,1226,552,1129,275,1540,176,315,525,394,186,0,0,0,0,0,0,0,0,0,0,0,0,0,0,0,0,0,0,0,0,0,0,0,0,0,0,0,0,0,0,0,0,0,0,0,0,0,0,0,0,0,0,0,0,0,0,0,0,0,0,0,0,0,0,0,0,0,0,0,0,0,0,0,0,0,0,0,0,0,0,0,0,0,0,0,0,0,0,0,0,0,0,0,0
2025-12-28,US,566193,0,53841,0,19205,287366,1281,443,0,1022,53839,15892,35626,3144,2690,14106,3749,1570,12702,2883,1153,9012,11271,1803,1816,1792,12226,1414,3838,1183,2767,288,1818,1221,569,1155,282,1600,182,321,530,404,191,0,0,0,0,0,0,0,0,0,0,0,0,0,0,0,0,0,0,0,0,0,0,0,0,0,0,0,0,0,0,0,0,0,0,0,0,0,0,0,0,0,0,0,0,0,0,0,0,0,0,0,0,0,0,0,0,0,0,0,0,0,0,0,0,0,0,0,0,0,0,0,0,0,0,0,0,0,0,0,0,0,0,0,0
2025-12-29,US,578710,0,56030,0,19943,291457,1365,474,0,1067,55082,16397,36073,3256,2863,14639,4019,1652,13133,2926,1254,9134,11551,1924,1792,1835,12811,1418,3872,1226,2780,287,1859,1214,586,1180,288,1662,188,327,535,413,195,0,0,0,0,0,0,0,0,0,0,0,0,0,0,0,0,0,0,0,0,0,0,0,0,0,0,0,0,0,0,0,0,0,0,0,0,0,0,0,0,0,0,0,0,0,0,0,0,0,0,0,0,0,0,0,0,0,0,0,0,0,0,0,0,0,0,0,0,0,0,0,0,0,0,0,0,0,0,0,0,0,0,0,0
2025-12-30,US,587395,0,57885,0,20560,293535,1442,503,0,1107,55962,16798,36270,3349,3021,15083,4269,1724,13483,2949,1349,9194,11756,2034,1754,1866,13324,1412,3877,1261,2774,285,1888,1199,599,1198,292,1714,194,331,537,420,198,0,0,0,0,0,0,0,0,0,0,0,0,0,0,0,0,0,0,0,0,0,0,0,0,0,0,0,0,0,0,0,0,0,0,0,0,0,0,0,0,0,0,0,0,0,0,0,0,0,0,0,0,0,0,0,0,0,0,0,0,0,0,0,0,0,0,0,0,0,0,0,0,0,0,0,0,0,0,0,0,0,0,0,0
2025-12-31,US,593801,0,59541,0,21106,294415,1515,531,0,1142,56627,17139,36317,3429,3170,15475,4508,1791,13785,2959,1441,9216,11915,2139,1708,1890,13792,1399,3867,1292,2755,281,1910,1177,611,1211,295,1760,198,334,535,425,201,0,0,0,0,0,0,0,0,0,0,0,0,0,0,0,0,0,0,0,0,0,0,0,0,0,0,0,0,0,0,0,0,0,0,0,0,0,0,0,0,0,0,0,0,0,0,0,0,0,0,0,0,0,0,0,0,0,0,0,0,0,0,0,0,0,0,0,0,0,0,0,0,0,0,0,0,0,0,0,0,0,0,0,0
2026-01-01,US,597309,0,60924,0,21555,293818,1581,557,0,1173,57016,17398,36181,3493,3306,15794,4728,1850,14022,2955,1528,9191,12017,2235,1652,1905,14200,1379,3836,1317,2722,275,1922,1149,619,1218,297,1798,202,335,532,428,202,0,0,0,0,0,0,0,0,0,0,0,0,0,0,0,0,0,0,0,0,0,0,0,0,0,0,0,0,0,0,0,0,0,0,0,0,0,0,0,0,0,0,0,0,0,0,0,0,0,0,0,0,0,0,0,0,0,0,0,0,0,0,0,0,0,0,0,0,0,0,0,0,0,0,0,0,0,0,0,0,0,0,0,0
2026-01-02,US,594466,0,61661,0,21774,290095,1631,576,0,1191,56799,17472,35659,3521,3407,15946,4897,1890,14110,2919,1598,9068,11991,2307,1579,1900,14456,1345,3765,1328,2661,267,1913,1109,621,1212,295,1817,203,333,522,426,201,0,0,0,0,0,0,0,0,0,0,0,0,0,0,0,0,0,0,0,0,0,0,0,0,0,0,0,0,0,0,0,0,0,0,0,0,0,0,0,0,0,0,0,0,0,0,0,0,0,0,0,0,0,0,0,0,0,0,0,0,0,0,0,0,0,0,0,0,0,0,0,0,0,0,0,0,0,0,0,0,0,0,0,0
2026-01-03,US,590932,0,62315,0,21965,286060,1678,595,0,1208,56515,17525,35100,3544,3502,16077,5059,1926,14180,2880,1665,8936,11951,2375,1504,1892,14692,1309,3690,1338,2596,258,1903,1068,622,1205,294,1833,204,330,512,424,200,0,0,0,0,0,0,0,0,0,0,0,0,0,0,0,0,0,0,0,0,0,0,0,0,0,0,0,0,0,0,0,0,0,0,0,0,0,0,0,0,0,0,0,0,0,0,0,0,0,0,0,0,0,0,0,0,0,0,0,0,0,0,0,0,0,0,0,0,0,0,0,0,0,0,0,0,0,0,0,0,0,0,0,0
2026-01-04,US,594766,0,63746,0,22430,285589,1746,621,0,1239,56936,17796,34978,3611,3641,16409,5284,1987,14427,2877,1754,8916,12060,2473,1448,1908,15112,1289,3661,1364,2564,253,1916,1041,631,1213,295,1872,208,331,508,427,202,0,0,0,0,0,0,0,0,0,0,0,0,0,0,0,0,0,0,0,0,0,0,0,0,0,0,0,0,0,0,0,0,0,0,0,0,0,0,0,0,0,0,0,0,0,0,0,0,0,0,0,0,0,0,0,0,0,0,0,0,0,0,0,0,0,0,0,0,0,0,0,0,0,0,0,0,0,0,0,0,0,0,0,0
2026-01-05,US,586762,0,63902,0,22446,279451,1779,635,0,1246,56224,17712,34163,3606,3707,16412,5403,2008,14386,2817,1806,8718,11929,2522,1364,1886,15228,1244,3560,1362,2481,242,1891,993,627,1197,291,1874,207,326,494,422,199,0,0,0,0,0,0,0,0,0,0,0,0,0,0,0,0,0,0,0,0,0,0,0,0,0,0,0,0,0,0,0,0,0,0,0,0,0,0,0,0,0,0,0,0,0,0,0,0,0,0,0,0,0,0,0,0,0,0,0,0,0,0,0,0,0,0,0,0,0,0,0,0,0,0,0,0,0,0,0,0,0,0,0,0
2026-01-06,US,571826,0,63263,0,22185,270101,1789,640,0,1237,54845,17412,32957,3556,3725,16213,5450,2003,14169,2725,1835,8420,11656,2537,1266,1841,15153,1186,3418,1344,2371,229,1844,934,615,1166,284,1853,204,317,475,411,194,0,0,0,0,0,0,0,0,0,0,0,0,0,0,0,0,0,0,0,0,0,0,0,0,0,0,0,0,0,0,0,0,0,0,0,0,0,0,0,0,0,0,0,0,0,0,0,0,0,0,0,0,0,0,0,0,0,0,0,0,0,0,0,0,0,0,0,0,0,0,0,0,0,0,0,0,0,0,0,0,0,0,0,0
2026-01-07,US,551085,0,61921,0,21679,258148,1777,637,0,1214,52906,16927,31438,3468,3698,15836,5431,1975,13799,2606,1840,8042,11262,2522,1160,1778,14904,1117,3245,1312,2240,214,1778,868,598,1124,274,1811,199,304,451,397,187,0,0,0,0,0,0,0,0,0,0,0,0,0,0,0,0,0,0,0,0,0,0,0,0,0,0,0,0,0,0,0,0,0,0,0,0,0,0,0,0,0,0,0,0,0,0,0,0,0,0,0,0,0,0,0,0,0,0,0,0,0,0,0,0,0,0,0,0,0,0,0,0,0,0,0,0,0,0,0,0,0,0,0,0
2026-01-08,US,524220,0,59808,0,20906,243512,1741,626,0,1176,50375,16240,29598,3338,3621,15264,5336,1922,13263,2460,1819,7580,10741,2472,1045,1695,14463,1038,3040,1263,2088,198,1692,795,573,1069,260,1747,192,289,423,378,178,0,0,0,0,0,0,0,0,0,0,0,0,0,0,0,0,0,0,0,0,0,0,0,0,0,0,0,0,0,0,0,0,0,0,0,0,0,0,0,0,0,0,0,0,0,0,0,0,0,0,0,0,0,0,0,0,0,0,0,0,0,0,0,0,0,0,0,0,0,0,0,0,0,0,0,0,0,0,0,0,0,0,0,0
2026-01-09,US,497323,0,57599,0,20103,229072,1699,612,0,1135,47835,15539,27787,3203,3532,14671,5223,1863,12712,2315,1790,7126,10216,2414,937,1611,13992,961,2840,1213,1940,182,1606,726,547,1015,247,1680,184,273,396,359,169,0,0,0,0,0,0,0,0,0,0,0,0,0,0,0,0,0,0,0,0,0,0,0,0,0,0,0,0,0,0,0,0,0,0,0,0,0,0,0,0,0,0,0,0,0,0,0,0,0,0,0,0,0,0,0,0,0,0,0,0,0,0,0,0,0,0,0,0,0,0,0,0,0,0,0,0,0,0,0,0,0,0,0,0
2026-01-10,US,469234,0,55156,0,19223,214298,1649,595,0,1090,45177,14786,25941,3057,3425,14022,5080,1796,12116,2167,1750,6661,9664,2343,832,1523,13458,885,2638,1158,1791,166,1516,657,520,957,233,1607,175,257,368,339,160,0,0,0,0,0,0,0,0,0,0,0,0,0,0,0,0,0,0,0,0,0,0,0,0,0,0,0,0,0,0,0,0,0,0,0,0,0,0,0,0,0,0,0,0,0,0,0,0,0,0,0,0,0,0,0,0,0,0,0,0,0,0,0,0,0,0,0,0,0,0,0,0,0,0,0,0,0,0,0,0,0,0,0,0
2026-01-11,US,439159,0,52380,0,18229,198844,1585,574,0,1038,42321,13954,24021,2894,3292,13291,4896,1717,11454,2012,1695,6176,9068,2254,730,1428,12835,807,2429,1096,1641,150,1419,590,490,896,218,1524,166,240,339,318,150,0,0,0,0,0,0,0,0,0,0,0,0,0,0,0,0,0,0,0,0,0,0,0,0,0,0,0,0,0,0,0,0,0,0,0,0,0,0,0,0,0,0,0,0,0,0,0,0,0,0,0,0,0,0,0,0,0,0,0,0,0,0,0,0,0,0,0,0,0,0,0,0,0,0,0,0,0,0,0,0,0,0,0,0
2026-01-12,US,421995,0,51062,0,17745,189420,1564,567,0,1014,40706,13521,22834,2812,3246,12933,4841,1684,11117,1918,1684,5879,8736,2225,655,1375,12564,756,2297,1066,1542,139,1364,542,474,861,209,1484,161,230,321,305,144,0,0,0,0,0,0,0,0,0,0,0,0,0,0,0,0,0,0,0,0,0,0,0,0,0,0,0,0,0,0,0,0,0,0,0,0,0,0,0,0,0,0,0,0,0,0,0,0,0,0,0,0,0,0,0,0,0,0,0,0,0,0,0,0,0,0,0,0,0,0,0,0,0,0,0,0,0,0,0,0,0,0,0,0
2026-01-13,US,413308,0,50726,0,17604,183903,1571,571,0,1010,39906,13352,22121,2785,3260,12825,4876,1683,10996,1864,1703,5703,8578,2237,596,1349,12530,721,2213,1056,1476,131,1337,507,468,843,205,1472,159,224,309,300,141,0,0,0,0,0,0,0,0,0,0,0,0,0,0,0,0,0,0,0,0,0,0,0,0,0,0,0,0,0,0,0,0,0,0,0,0,0,0,0,0,0,0,0,0,0,0,0,0,0,0,0,0,0,0,0,0,0,0,0,0,0,0,0,0,0,0,0,0,0,0,0,0,0,0,0,0,0,0,0,0,0,0,0,0
2026-01-14,US,413032,0,51406,0,17816,182163,1610,586,0,1025,39917,13452,21863,2813,3339,12975,5006,1715,11096,1847,1756,5644,8594,2293,550,1351,12747,701,2174,1067,1441,126,1337,482,471,843,205,1490,161,224,304,300,141,0,0,0,0,0,0,0,0,0,0,0,0,0,0,0,0,0,0,0,0,0,0,0,0,0,0,0,0,0,0,0,0,0,0,0,0,0,0,0,0,0,0,0,0,0,0,0,0,0,0,0,0,0,0,0,0,0,0,0,0,0,0,0,0,0,0,0,0,0,0,0,0,0,0,0,0,0,0,0,0,0,0,0,0
2026-01-15,US,420926,0,53116,0,18385,183997,1681,613,0,1062,40718,13821,22033,2898,3485,13384,5238,1782,11418,1867,1844,5696,8780,2395,514,1379,13221,694,2178,1100,1434,124,1363,467,483,859,209,1538,166,227,305,306,144,0,0,0,0,0,0,0,0,0,0,0,0,0,0,0,0,0,0,0,0,0,0,0,0,0,0,0,0,0,0,0,0,0,0,0,0,0,0,0,0,0,0,0,0,0,0,0,0,0,0,0,0,0,0,0,0,0,0,0,0,0,0,0,0,0,0,0,0,0,0,0,0,0,0,0,0,0,0,0,0,0,0,0,0
2026-01-16,US,433436,0,55444,0,19167,187768,1773,647,0,1111,41968,14347,22433,3017,3674,13947,5534,1870,11870,1907,1956,5808,9064,2527,481,1423,13850,694,2205,1145,1441,122,1404,456,501,885,215,1604,172,233,309,315,148,0,0,0,0,0,0,0,0,0,0,0,0,0,0,0,0,0,0,0,0,0,0,0,0,0,0,0,0,0,0,0,0,0,0,0,0,0,0,0,0,0,0,0,0,0,0,0,0,0,0,0,0,0,0,0,0,0,0,0,0,0,0,0,0,0,0,0,0,0,0,0,0,0,0,0,0,0,0,0,0,0,0,0,0
2026-01-17,US,450365,0,58388,0,20160,193338,1886,690,0,1172,43648,15026,23045,3168,3906,14664,5896,1980,12451,1965,2091,5975,9442,2688,450,1481,14637,700,2250,1203,1460,121,1459,447,524,919,223,1687,181,242,316,328,154,0,0,0,0,0,0,0,0,0,0,0,0,0,0,0,0,0,0,0,0,0,0,0,0,0,0,0,0,0,0,0,0,0,0,0,0,0,0,0,0,0,0,0,0,0,0,0,0,0,0,0,0,0,0,0,0,0,0,0,0,0,0,0,0,0,0,0,0,0,0,0,0,0,0,0,0,0,0,0,0,0,0,0,0
2026-01-18,US,457011,0,60069,0,20267,194318,1995,723,0,1176,44516,15322,23679,3399,3969,15118,6133,2049,12786,1939,2183,6103,9483,2746,452,1506,14753,720,2298,1217,1444,129,1482,451,536,907,227,1676,185,245,315,333,163,0,0,0,0,0,0,0,0,0,0,0,0,0,0,0,0,0,0,0,0,0,0,0,0,0,0,0,0,0,0,0,0,0,0,0,0,0,0,0,0,0,0,0,0,0,0,0,0,0,0,0,0,0,0,0,0,0,0,0,0,0,0,0,0,0,0,0,0,0,0,0,0,0,0,0,0,0,0,0,0,0,0,0,0
2026-01-19,US,459642,0,61239,0,20191,193552,2088,751,0,1170,44997,15484,24111,3603,3998,15443,6318,2102,13011,1895,2258,6178,9439,2779,450,1518,14736,733,2326,1220,1415,136,1491,450,543,886,228,1649,188,245,312,335,171,0,0,0,0,0,0,0,0,0,0,0,0,0,0,0,0,0,0,0,0,0,0,0,0,0,0,0,0,0,0,0,0,0,0,0,0,0,0,0,0,0,0,0,0,0,0,0,0,0,0,0,0,0,0,0,0,0,0,0,0,0,0,0,0,0,0,0,0,0,0,0,0,0,0,0,0,0,0,0,0,0,0,0,0
2026-01-20,US,459277,0,62015,0,19983,191515,2169,774,0,1156,45186,15546,24387,3786,4001,15669,6464,2141,13153,1838,2318,6212,9333,2795,445,1520,14623,742,2339,1215,1376,142,1491,446,546,860,228,1611,190,244,306,335,178,0,0,0,0,0,0,0,0,0,0,0,0,0,0,0,0,0,0,0,0,0,0,0,0,0,0,0,0,0,0,0,0,0,0,0,0,0,0,0,0,0,0,0,0,0,0,0,0,0,0,0,0,0,0,0,0,0,0,0,0,0,0,0,0,0,0,0,0,0,0,0,0,0,0,0,0,0,0,0,0,0,0,0,0
2026-01-21,US,455369,0,62304,0,19623,188016,2231,791,0,1133,45025,15488,24473,3937,3972,15772,6558,2163,13191,1767,2360,6199,9155,2788,437,1510,14399,744,2333,1200,1327,147,1479,439,545,827,226,1561,190,242,298,333,183,0,0,0,0,0,0,0,0,0,0,0,0,0,0,0,0,0,0,0,0,0,0,0,0,0,0,0,0,0,0,0,0,0,0,0,0,0,0,0,0,0,0,0,0,0,0,0,0,0,0,0,0,0,0,0,0,0,0,0,0,0,0,0,0,0,0,0,0,0,0,0,0,0,0,0,0,0,0,0,0,0,0,0,0
2026-01-22,US,448031,0,62105,0,19119,183147,2275,801,0,1101,44519,15311,24367,4054,3914,15751,6600,2168,13127,1685,2382,6137,8911,2761,425,1489,14068,741,2310,1177,1269,151,1456,429,540,788,222,1500,189,237,288,328,187,0,0,0,0,0,0,0,0,0,0,0,0,0,0,0,0,0,0,0,0,0,0,0,0,0,0,0,0,0,0,0,0,0,0,0,0,0,0,0,0,0,0,0,0,0,0,0,0,0,0,0,0,0,0,0,0,0,0,0,0,0,0,0,0,0,0,0,0,0,0,0,0,0,0,0,0,0,0,0,0,0,0,0,0
2026-01-23,US,439640,0,61732,0,18577,177911,2311,809,0,1068,43901,15095,24195,4156,3846,15684,6620,2166,13026,1600,2397,6060,8650,2726,413,1464,13707,736,2281,1151,1209,154,1430,418,534,748,218,1437,187,232,278,322,190,0,0,0,0,0,0,0,0,0,0,0,0,0,0,0,0,0,0,0,0,0,0,0,0,0,0,0,0,0,0,0,0,0,0,0,0,0,0,0,0,0,0,0,0,0,0,0,0,0,0,0,0,0,0,0,0,0,0,0,0,0,0,0,0,0,0,0,0,0,0,0,0,0,0,0,0,0,0,0,0,0,0,0,0
2026-01-24,US,427555,0,60803,0,17887,171263,2324,809,0,1026,42904,14750,23805,4214,3746,15476,6579,2144,12810,1504,2389,5931,8320,2668,397,1427,13236,724,2232,1116,1141,155,1392,403,523,704,212,1364,184,225,265,314,192,0,0,0,0,0,0,0,0,0,0,0,0,0,0,0,0,0,0,0,0,0,0,0,0,0,0,0,0,0,0,0,0,0,0,0,0,0,0,0,0,0,0,0,0,0,0,0,0,0,0,0,0,0,0,0,0,0,0,0,0,0,0,0,0,0,0,0,0,0,0,0,0,0,0,0,0,0,0,0,0,0,0,0,0
2026-01-25,US,421865,0,60753,0,17472,167249,2369,820,0,1001,42540,14622,23761,4328,3702,15489,6630,2153,12779,1433,2414,5888,8118,2648,387,1411,12967,723,2215,1097,1091,159,1374,395,519,671,209,1312,183,221,256,310,195,0,0,0,0,0,0,0,0,0,0,0,0,0,0,0,0,0,0,0,0,0,0,0,0,0,0,0,0,0,0,0,0,0,0,0,0,0,0,0,0,0,0,0,0,0,0,0,0,0,0,0,0,0,0,0,0,0,0,0,0,0,0,0,0,0,0,0,0,0,0,0,0,0,0,0,0,0,0,0,0,0,0,0,0
2026-01-26,US,416593,0,60743,0,17079,163445,2413,831,0,976,42213,14507,23733,4443,3661,15512,6684,2163,12757,1365,2440,5850,7927,2631,378,1396,12713,723,2201,1080,1044,163,1358,387,516,639,207,1262,183,218,248,306,199,0,0,0,0,0,0,0,0,0,0,0,0,0,0,0,0,0,0,0,0,0,0,0,0,0,0,0,0,0,0,0,0,0,0,0,0,0,0,0,0,0,0,0,0,0,0,0,0,0,0,0,0,0,0,0,0,0,0,0,0,0,0,0,0,0,0,0,0,0,0,0,0,0,0,0,0,0,0,0,0,0,0,0,0
2026-01-27,US,412703,0,60919,0,16747,160220,2465,845,0,955,42021,14438,23778,4568,3632,15582,6757,2180,12775,1302,2473,5832,7764,2623,370,1386,12503,724,2193,1066,1000,167,1346,380,515,609,205,1217,183,215,241,304,204,0,0,0,0,0,0,0,0,0,0,0,0,0,0,0,0,0,0,0,0,0,0,0,0,0,0,0,0,0,0,0,0,0,0,0,0,0,0,0,0,0,0,0,0,0,0,0,0,0,0,0,0,0,0,0,0,0,0,0,0,0,0,0,0,0,0,0,0,0,0,0,0,0,0,0,0,0,0,0,0,0,0,0,0
2026-01-28,US,412293,0,61601,0,16557,158363,2536,865,0,942,42182,14491,24021,4730,3633,15782,6886,2214,12899,1251,2527,5861,7667,2636,366,1387,12399,732,2204,1061,965,172,1345,377,518,585,204,1183,184,215,236,304,210,0,0,0,0,0,0,0,0,0,0,0,0,0,0,0,0,0,0,0,0,0,0,0,0,0,0,0,0,0,0,0,0,0,0,0,0,0,0,0,0,0,0,0,0,0,0,0,0,0,0,0,0,0,0,0,0,0,0,0,0,0,0,0,0,0,0,0,0,0,0,0,0,0,0,0,0,0,0,0,0,0,0,0,0
2026-01-29,US,415435,0,62819,0,16509,157858,2630,893,0,937,42708,14669,24473,4934,3666,16119,7076,2268,13135,1210,2602,5942,7636,2672,364,1400,12402,745,2234,1066,938,179,1357,377,525,566,206,1159,187,216,233,307,218,0,0,0,0,0,0,0,0,0,0,0,0,0,0,0,0,0,0,0,0,0,0,0,0,0,0,0,0,0,0,0,0,0,0,0,0,0,0,0,0,0,0,0,0,0,0,0,0,0,0,0,0,0,0,0,0,0,0,0,0,0,0,0,0,0,0,0,0,0,0,0,0,0,0,0,0,0,0,0,0,0,0,0,0
2026-01-30,US,419379,0,64172,0,16489,157628,2730,924,0,934,43320,14876,24976,5151,3706,16490,7281,2327,13399,1170,2684,6035,7617,2714,363,1417,12427,761,2269,1072,913,186,1370,378,534,548,208,1136,191,217,230,310,226,0,0,0,0,0,0,0,0,0,0,0,0,0,0,0,0,0,0,0,0,0,0,0,0,0,0,0,0,0,0,0,0,0,0,0,0,0,0,0,0,0,0,0,0,0,0,0,0,0,0,0,0,0,0,0,0,0,0,0,0,0,0,0,0,0,0,0,0,0,0,0,0,0,0,0,0,0,0,0,0,0,0,0,0
2026-01-31,US,422804,0,65458,0,16446,157172,2828,953,0,930,43882,15066,25454,5364,3742,16846,7480,2384,13649,1129,2763,6121,7588,2752,362,1431,12434,776,2301,1077,885,193,1382,378,541,528,210,1112,194,218,227,313,234,0,0,0,0,0,0,0,0,0,0,0,0,0,0,0,0,0,0,0,0,0,0,0,0,0,0,0,0,0,0,0,0,0,0,0,0,0,0,0,0,0,0,0,0,0,0,0,0,0,0,0,0,0,0,0,0,0,0,0,0,0,0,0,0,0,0,0,0,0,0,0,0,0,0,0,0,0,0,0,0,0,0,0,0
2026-02-01,US,424431,0,66476,0,16331,156026,2915,979,0,921,44259,15193,25827,5557,3762,17132,7649,2430,13843,1082,2831,6181,7526,2779,359,1440,12388,787,2323,1077,854,200,1389,376,547,506,210,1082,196,219,223,314,242,0,0,0,0,0,0,0,0,0,0,0,0,0,0,0,0,0,0,0,0,0,0,0,0,0,0,0,0,0,0,0,0,0,0,0,0,0,0,0,0,0,0,0,0,0,0,0,0,0,0,0,0,0,0,0,0,0,0,0,0,0,0,0,0,0,0,0,0,0,0,0,0,0,0,0,0,0,0,0,0,0,0,0,0
2026-02-02,US,424592,0,67268,0,16159,154332,2992,1001,0,909,44486,15268,26112,5731,3769,17360,7792,2469,13989,1030,2890,6220,7436,2797,355,1443,12299,796,2338,1074,819,206,1390,373,551,482,211,1049,198,218,218,315,248,0,0,0,0,0,0,0,0,0,0,0,0,0,0,0,0,0,0,0,0,0,0,0,0,0,0,0,0,0,0,0,0,0,0,0,0,0,0,0,0,0,0,0,0,0,0,0,0,0,0,0,0,0,0,0,0,0,0,0,0,0,0,0,0,0,0,0,0,0,0,0,0,0,0,0,0,0,0,0,0,0,0,0,0
2026-02-03,US,422674,0,67728,0,15908,151889,3055,1018,0,893,44493,15268,26268,5877,3757,17503,7896,2496,14067,974,2934,6229,7311,2801,349,1439,12149,801,2341,1065,781,210,1385,368,552,456,210,1010,199,216,212,314,253,0,0,0,0,0,0,0,0,0,0,0,0,0,0,0,0,0,0,0,0,0,0,0,0,0,0,0,0,0,0,0,0,0,0,0,0,0,0,0,0,0,0,0,0,0,0,0,0,0,0,0,0,0,0,0,0,0,0,0,0,0,0,0,0,0,0,0,0,0,0,0,0,0,0,0,0,0,0,0,0,0,0,0,0
2026-02-04,US,417754,0,67694,0,15547,148395,3094,1028,0,870,44181,15159,26233,5978,3719,17517,7942,2504,14042,912,2957,6192,7136,2784,340,1426,11915,800,2327,1049,737,214,1369,361,549,427,207,965,199,213,205,311,257,0,0,0,0,0,0,0,0,0,0,0,0,0,0,0,0,0,0,0,0,0,0,0,0,0,0,0,0,0,0,0,0,0,0,0,0,0,0,0,0,0,0,0,0,0,0,0,0,0,0,0,0,0,0,0,0,0,0,0,0,0,0,0,0,0,0,0,0,0,0,0,0,0,0,0,0,0,0,0,0,0,0,0,0
2026-02-05,US,409652,0,67122,0,15072,143823,3108,1030,0,841,43526,14931,25990,6028,3652,17392,7923,2492,13906,845,2955,6108,6909,2746,329,1401,11593,792,2295,1025,689,215,1344,351,542,396,203,913,196,209,196,305,258,0,0,0,0,0,0,0,0,0,0,0,0,0,0,0,0,0,0,0,0,0,0,0,0,0,0,0,0,0,0,0,0,0,0,0,0,0,0,0,0,0,0,0,0,0,0,0,0,0,0,0,0,0,0,0,0,0,0,0,0,0,0,0,0,0,0,0,0,0,0,0,0,0,0,0,0,0,0,0,0,0,0,0,0
2026-02-06,US,403421,0,66831,0,14673,139967,3133,1035,0,817,43063,14770,25857,6101,3601,17339,7936,2490,13829,783,2965,6050,6716,2720,320,1382,11327,789,2273,1006,645,217,1324,343,537,367,200,867,195,205,188,301,260,0,0,0,0,0,0,0,0,0,0,0,0,0,0,0,0,0,0,0,0,0,0,0,0,0,0,0,0,0,0,0,0,0,0,0,0,0,0,0,0,0,0,0,0,0,0,0,0,0,0,0,0,0,0,0,0,0,0,0,0,0,0,0,0,0,0,0,0,0,0,0,0,0,0,0,0,0,0,0,0,0,0,0,0
2026-02-07,US,404069,0,67670,0,14526,138519,3211,1058,0,806,43332,14860,26161,6275,3612,17578,8082,2530,13986,735,3025,6095,6639,2740,316,1387,11256,798,2289,1004,613,223,1327,341,541,344,200,836,197,205,184,302,267,0,0,0,0,0,0,0,0,0,0,0,0,0,0,0,0,0,0,0,0,0,0,0,0,0,0,0,0,0,0,0,0,0,0,0,0,0,0,0,0,0,0,0,0,0,0,0,0,0,0,0,0,0,0,0,0,0,0,0,0,0,0,0,0,0,0,0,0,0,0,0,0,0,0,0,0,0,0,0,0,0,0,0,0
2026-02-08,US,412197,0,69778,0,14644,139599,3349,1100,0,811,44408,15226,26955,6569,3690,18148,8381,2618,14404,699,3142,6253,6683,2811,318,1418,11390,822,2349,1020,591,233,1355,344,555,328,204,819,203,208,183,308,278,0,0,0,0,0,0,0,0,0,0,0,0,0,0,0,0,0,0,0,0,0,0,0,0,0,0,0,0,0,0,0,0,0,0,0,0,0,0,0,0,0,0,0,0,0,0,0,0,0,0,0,0,0,0,0,0,0,0,0,0,0,0,0,0,0,0,0,0,0,0,0,0,0,0,0,0,0,0,0,0,0,0,0,0
2026-02-09,US,421757,0,72160,0,14806,141089,3503,1148,0,817,45646,15648,27854,6893,3781,18789,8715,2716,14879,664,3272,6435,6746,2893,321,1454,11561,850,2417,1040,570,244,1387,349,572,311,209,804,209,212,182,315,291,0,0,0,0,0,0,0,0,0,0,0,0,0,0,0,0,0,0,0,0,0,0,0,0,0,0,0,0,0,0,0,0,0,0,0,0,0,0,0,0,0,0,0,0,0,0,0,0,0,0,0,0,0,0,0,0,0,0,0,0,0,0,0,0,0,0,0,0,0,0,0,0,0,0,0,0,0,0,0,0,0,0,0,0
2026-02-10,US,434154,0,75068,0,15058,143437,3684,1204,0,829,47202,16179,28955,7272,3898,19569,9115,2835,15461,631,3428,6662,6850,2995,326,1500,11804,883,2502,1067,551,257,1429,356,592,296,215,793,217,218,182,325,306,0,0,0,0,0,0,0,0,0,0,0,0,0,0,0,0,0,0,0,0,0,0,0,0,0,0,0,0,0,0,0,0,0,0,0,0,0,0,0,0,0,0,0,0,0,0,0,0,0,0,0,0,0,0,0,0,0,0,0,0,0,0,0,0,0,0,0,0,0,0,0,0,0,0,0,0,0,0,0,0,0,0,0,0
2026-02-11,US,448562,0,78373,0,15368,146337,3887,1267,0,843,48991,16789,30208,7696,4033,20454,9567,2969,16124,597,3602,6922,6980,3112,333,1552,12096,922,2599,1098,532,272,1477,365,615,280,222,783,226,224,183,336,323,0,0,0,0,0,0,0,0,0,0,0,0,0,0,0,0,0,0,0,0,0,0,0,0,0,0,0,0,0,0,0,0,0,0,0,0,0,0,0,0,0,0,0,0,0,0,0,0,0,0,0,0,0,0,0,0,0,0,0,0,0,0,0,0,0,0,0,0,0,0,0,0,0,0,0,0,0,0,0,0,0,0,0,0
2026-02-12,US,465294,0,82141,0,15745,149866,4116,1339,0,861,51049,17492,31638,8173,4190,21461,10078,3121,16881,562,3800,7221,7139,3246,340,1614,12443,966,2711,1135,514,288,1533,375,642,264,231,775,236,232,184,349,343,0,0,0,0,0,0,0,0,0,0,0,0,0,0,0,0,0,0,0,0,0,0,0,0,0,0,0,0,0,0,0,0,0,0,0,0,0,0,0,0,0,0,0,0,0,0,0,0,0,0,0,0,0,0,0,0,0,0,0,0,0,0,0,0,0,0,0,0,0,0,0,0,0,0,0,0,0,0,0,0,0,0,0,0
2026-02-13,US,479451,0,85510,0,16021,152435,4328,1405,0,873,52840,18102,32913,8617,4323,22366,10543,3259,17555,521,3981,7482,7252,3364,345,1666,12715,1005,2809,1166,490,303,1581,383,666,245,238,760,246,239,184,360,360,0,0,0,0,0,0,0,0,0,0,0,0,0,0,0,0,0,0,0,0,0,0,0,0,0,0,0,0,0,0,0,0,0,0,0,0,0,0,0,0,0,0,0,0,0,0,0,0,0,0,0,0,0,0,0,0,0,0,0,0,0,0,0,0,0,0,0,0,0,0,0,0,0,0,0,0,0,0,0,0,0,0,0,0
2026-02-14,US,482065,0,86819,180,15898,151208,4437,1437,0,864,53347,18273,33394,8857,4351,22733,10757,3319,17806,465,4067,7562,7184,3399,342,1678,12672,1019,2839,1167,452,311,1590,382,673,218,239,725,249,239,180,363,370,0,0,0,0,0,0,0,0,0,0,0,0,0,0,0,0,0,0,0,0,0,0,0,0,0,0,0,0,0,0,0,0,0,0,0,0,0,0,0,0,0,0,0,0,0,0,0,0,0,0,0,0,0,0,0,0,0,0,0,0,0,0,0,0,0,0,0,0,0,0,0,0,0,0,0,0,0,0,0,0,0,0,0,0
2026-02-15,US,476835,0,87139,199,15917,148504,4500,1419,0,870,52630,17974,32833,8872,4409,22493,10839,3346,17866,476,4271,7512,7009,3395,339,1667,12718,1023,2876,1183,448,315,1578,387,672,220,241,695,0,0,0,0,0,0,0,0,0,0,0,0,0,0,0,0,0,0,0,0,0,0,0,0,0,0,0,0,0,0,0,0,0,0,0,0,0,0,0,0,0,0,0,0,0,0,0,0,0,0,0,0,0,0,0,0,0,0,0,0,0,0,0,0,0,0,0,0,0,0,0,0,0,0,0,0,0,0,0,0,0,0,0,0,0,0,0,0,0
2026-02-16,US,469511,0,86795,215,15815,144747,4529,1391,0,870,51534,17547,32038,8819,4432,22090,10839,3347,17792,484,4438,7406,6785,3365,334,1645,12668,1018,2892,1189,440,317,1554,390,665,221,242,659,0,0,0,0,0,0,0,0,0,0,0,0,0,0,0,0,0,0,0,0,0,0,0,0,0,0,0,0,0,0,0,0,0,0,0,0,0,0,0,0,0,0,0,0,0,0,0,0,0,0,0,0,0,0,0,0,0,0,0,0,0,0,0,0,0,0,0,0,0,0,0,0,0,0,0,0,0,0,0,0,0,0,0,0,0,0,0,0,0
2026-02-17,US,459401,0,85901,230,15615,140185,4527,1355,0,864,50143,17022,31063,8711,4425,21557,10768,3327,17604,488,4571,7255,6526,3314,326,1612,12538,1007,2888,1187,429,316,1521,390,655,219,241,621,0,0,0,0,0,0,0,0,0,0,0,0,0,0,0,0,0,0,0,0,0,0,0,0,0,0,0,0,0,0,0,0,0,0,0,0,0,0,0,0,0,0,0,0,0,0,0,0,0,0,0,0,0,0,0,0,0,0,0,0,0,0,0,0,0,0,0,0,0,0,0,0,0,0,0,0,0,0,0,0,0,0,0,0,0,0,0,0,0
2026-02-18,US,448174,0,84751,244,15370,135350,4509,1316,0,855,48643,16462,30026,8578,4403,20975,10663,3296,17364,491,4681,7087,6256,3255,318,1575,12370,993,2874,1182,418,314,1485,389,642,217,239,583,0,0,0,0,0,0,0,0,0,0,0,0,0,0,0,0,0,0,0,0,0,0,0,0,0,0,0,0,0,0,0,0,0,0,0,0,0,0,0,0,0,0,0,0,0,0,0,0,0,0,0,0,0,0,0,0,0,0,0,0,0,0,0,0,0,0,0,0,0,0,0,0,0,0,0,0,0,0,0,0,0,0,0,0,0,0,0,0,0
2026-02-19,US,436185,0,83409,256,15091,130357,4479,1275,0,845,47075,15881,28953,8426,4370,20360,10532,3257,17085,492,4772,6906,5980,3188,309,1536,12174,976,2853,1173,405,312,1446,386,629,215,237,545,0,0,0,0,0,0,0,0,0,0,0,0,0,0,0,0,0,0,0,0,0,0,0,0,0,0,0,0,0,0,0,0,0,0,0,0,0,0,0,0,0,0,0,0,0,0,0,0,0,0,0,0,0,0,0,0,0,0,0,0,0,0,0,0,0,0,0,0,0,0,0,0,0,0,0,0,0,0,0,0,0,0,0,0,0,0,0,0,0
2026-02-20,US,425434,0,82255,268,14849,125806,4457,1238,0,836,45654,15353,27976,8295,4344,19806,10422,3224,16845,493,4865,6744,5728,3130,301,1501,12005,962,2837,1166,394,310,1410,384,617,213,235,509,0,0,0,0,0,0,0,0,0,0,0,0,0,0,0,0,0,0,0,0,0,0,0,0,0,0,0,0,0,0,0,0,0,0,0,0,0,0,0,0,0,0,0,0,0,0,0,0,0,0,0,0,0,0,0,0,0,0,0,0,0,0,0,0,0,0,0,0,0,0,0,0,0,0,0,0,0,0,0,0,0,0,0,0,0,0,0,0,0
2026-02-21,US,417834,0,81672,281,14711,122245,4464,1210,0,833,44583,14944,27217,8221,4347,19401,10384,3214,16722,498,4985,6632,5522,3094,296,1477,11920,955,2839,1167,386,310,1386,385,609,212,235,478,0,0,0,0,0,0,0,0,0,0,0,0,0,0,0,0,0,0,0,0,0,0,0,0,0,0,0,0,0,0,0,0,0,0,0,0,0,0,0,0,0,0,0,0,0,0,0,0,0,0,0,0,0,0,0,0,0,0,0,0,0,0,0,0,0,0,0,0,0,0,0,0,0,0,0,0,0,0,0,0,0,0,0,0,0,0,0,0,0
2026-02-22,US,403141,0,79655,288,14316,116678,4391,1162,0,815,42769,14289,26010,8004,4272,18669,10161,3146,16305,493,5010,6407,5229,3004,285,1427,11626,931,2791,1147,372,305,1338,379,591,208,230,440,0,0,0,0,0,0,0,0,0,0,0,0,0,0,0,0,0,0,0,0,0,0,0,0,0,0,0,0,0,0,0,0,0,0,0,0,0,0,0,0,0,0,0,0,0,0,0,0,0,0,0,0,0,0,0,0,0,0,0,0,0,0,0,0,0,0,0,0,0,0,0,0,0,0,0,0,0,0,0,0,0,0,0,0,0,0,0,0,0
2026-02-23,US,390248,0,77935,296,13978,111719,4332,1119,0,800,41162,13707,24937,7818,4211,18024,9974,3089,15950,490,5043,6210,4965,2926,276,1384,11375,910,2751,1131,359,300,1295,374,575,204,226,406,0,0,0,0,0,0,0,0,0,0,0,0,0,0,0,0,0,0,0,0,0,0,0,0,0,0,0,0,0,0,0,0,0,0,0,0,0,0,0,0,0,0,0,0,0,0,0,0,0,0,0,0,0,0,0,0,0,0,0,0,0,0,0,0,0,0,0,0,0,0,0,0,0,0,0,0,0,0,0,0,0,0,0,0,0,0,0,0,0
2026-02-24,US,379217,0,76536,303,13698,107368,4288,1083,0,788,39766,13197,23997,7664,4165,17467,9826,3045,15660,488,5089,6042,4731,2862,268,1347,11171,894,2721,1119,348,297,1259,370,562,201,223,375,0,0,0,0,0,0,0,0,0,0,0,0,0,0,0,0,0,0,0,0,0,0,0,0,0,0,0,0,0,0,0,0,0,0,0,0,0,0,0,0,0,0,0,0,0,0,0,0,0,0,0,0,0,0,0,0,0,0,0,0,0,0,0,0,0,0,0,0,0,0,0,0,0,0,0,0,0,0,0,0,0,0,0,0,0,0,0,0,0
2026-02-25,US,370399,0,75542,312,13492,103706,4265,1053,0,780,38615,12771,23209,7552,4140,17015,9728,3015,15454,489,5154,5909,4529,2813,261,1318,11025,882,2705,1112,339,295,1231,368,552,200,221,347,0,0,0,0,0,0,0,0,0,0,0,0,0,0,0,0,0,0,0,0,0,0,0,0,0,0,0,0,0,0,0,0,0,0,0,0,0,0,0,0,0,0,0,0,0,0,0,0,0,0,0,0,0,0,0,0,0,0,0,0,0,0,0,0,0,0,0,0,0,0,0,0,0,0,0,0,0,0,0,0,0,0,0,0,0,0,0,0,0
2026-02-26,US,361818,0,74559,320,13290,100166,4242,1023,0,772,37499,12359,22447,7442,4113,16577,9631,2986,15250,489,5214,5779,4335,2765,255,1290,10882,870,2688,1105,330,293,1202,366,542,198,220,320,0,0,0,0,0,0,0,0,0,0,0,0,0,0,0,0,0,0,0,0,0,0,0,0,0,0,0,0,0,0,0,0,0,0,0,0,0,0,0,0,0,0,0,0,0,0,0,0,0,0,0,0,0,0,0,0,0,0,0,0,0,0,0,0,0,0,0,0,0,0,0,0,0,0,0,0,0,0,0,0,0,0,0,0,0,0,0,0,0
2026-02-27,US,354763,0,73858,329,13139,97096,4233,999,0,767,36550,12004,21790,7360,4102,16210,9568,2968,15103,491,5288,5674,4163,2727,250,1267,10780,861,2681,1102,323,292,1180,366,534,197,219,295,0,0,0,0,0,0,0,0,0,0,0,0,0,0,0,0,0,0,0,0,0,0,0,0,0,0,0,0,0,0,0,0,0,0,0,0,0,0,0,0,0,0,0,0,0,0,0,0,0,0,0,0,0,0,0,0,0,0,0,0,0,0,0,0,0,0,0,0,0,0,0,0,0,0,0,0,0,0,0,0,0,0,0,0,0,0,0,0,0
2026-02-28,US,353385,0,74320,343,13196,95608,4290,990,0,774,36192,11844,21486,7394,4154,16103,9656,2996,15195,501,5443,5659,4059,2734,249,1264,10847,866,2716,1116,321,295,1175,371,535,198,221,276,0,0,0,0,0,0,0,0,0,0,0,0,0,0,0,0,0,0,0,0,0,0,0,0,0,0,0,0,0,0,0,0,0,0,0,0,0,0,0,0,0,0,0,0,0,0,0,0,0,0,0,0,0,0,0,0,0,0,0,0,0,0,0,0,0,0,0,0,0,0,0,0,0,0,0,0,0,0,0,0,0,0,0,0,0,0,0,0,0
2026-03-01,US,357090,0,75857,362,13443,95487,4409,996,0,792,36353,11853,21490,7536,4267,16228,9883,3068,15506,517,5677,5725,4014,2779,251,1280,11071,884,2789,1147,323,303,1188,381,543,203,227,260,0,0,0,0,0,0,0,0,0,0,0,0,0,0,0,0,0,0,0,0,0,0,0,0,0,0,0,0,0,0,0,0,0,0,0,0,0,0,0,0,0,0,0,0,0,0,0,0,0,0,0,0,0,0,0,0,0,0,0,0,0,0,0,0,0,0,0,0,0,0,0,0,0,0,0,0,0,0,0,0,0,0,0,0,0,0,0,0,0
2026-03-02,US,359277,0,77083,379,13635,94941,4511,997,0,807,36355,11810,21399,7646,4362,16283,10071,3127,15754,532,5890,5768,3949,2813,252,1290,11250,897,2852,1173,324,310,1196,390,550,207,231,243,0,0,0,0,0,0,0,0,0,0,0,0,0,0,0,0,0,0,0,0,0,0,0,0,0,0,0,0,0,0,0,0,0,0,0,0,0,0,0,0,0,0,0,0,0,0,0,0,0,0,0,0,0,0,0,0,0,0,0,0,0,0,0,0,0,0,0,0,0,0,0,0,0,0,0,0,0,0,0,0,0,0,0,0,0,0,0,0,0
2026-03-03,US,360357,0,78080,396,13785,94093,4599,995,0,819,36244,11730,21240,7733,4445,16287,10228,3177,15954,545,6086,5792,3872,2839,253,1296,11396,909,2907,1195,325,316,1200,398,554,211,235,225,0,0,0,0,0,0,0,0,0,0,0,0,0,0,0,0,0,0,0,0,0,0,0,0,0,0,0,0,0,0,0,0,0,0,0,0,0,0,0,0,0,0,0,0,0,0,0,0,0,0,0,0,0,0,0,0,0,0,0,0,0,0,0,0,0,0,0,0,0,0,0,0,0,0,0,0,0,0,0,0,0,0,0,0,0,0,0,0,0
2026-03-04,US,356600,0,78022,407,13750,91990,4625,980,0,821,35648,11493,20797,7716,4467,16074,10248,3184,15940,551,6200,5739,3744,2826,250,1284,11387,908,2922,1201,320,317,1188,400,551,211,236,204,0,0,0,0,0,0,0,0,0,0,0,0,0,0,0,0,0,0,0,0,0,0,0,0,0,0,0,0,0,0,0,0,0,0,0,0,0,0,0,0,0,0,0,0,0,0,0,0,0,0,0,0,0,0,0,0,0,0,0,0,0,0,0,0,0,0,0,0,0,0,0,0,0,0,0,0,0,0,0,0,0,0,0,0,0,0,0,0,0
2026-03-05,US,349163,0,77135,413,13570,88973,4602,955,0,813,34690,11141,20147,7618,4441,15695,10157,3157,15756,551,6243,5626,3579,2784,245,1260,11258,897,2905,1194,313,315,1164,398,543,209,234,181,0,0,0,0,0,0,0,0,0,0,0,0,0,0,0,0,0,0,0,0,0,0,0,0,0,0,0,0,0,0,0,0,0,0,0,0,0,0,0,0,0,0,0,0,0,0,0,0,0,0,0,0,0,0,0,0,0,0,0,0,0,0,0,0,0,0,0,0,0,0,0,0,0,0,0,0,0,0,0,0,0,0,0,0,0,0,0,0,0
2026-03-06,US,336339,0,75016,413,13174,84646,4502,915,0,793,33210,10623,19199,7398,4343,15077,9903,3079,15320,541,6181,5426,3365,2697,236,1216,10948,872,2841,1168,300,308,1121,390,525,204,229,157,0,0,0,0,0,0,0,0,0,0,0,0,0,0,0,0,0,0,0,0,0,0,0,0,0,0,0,0,0,0,0,0,0,0,0,0,0,0,0,0,0,0,0,0,0,0,0,0,0,0,0,0,0,0,0,0,0,0,0,0,0,0,0,0,0,0,0,0,0,0,0,0,0,0,0,0,0,0,0,0,0,0,0,0,0,0,0,0,0
2026-03-07,US,318342,0,71677,404,12566,79115,4328,862,0,759,31238,9952,17974,7059,4172,14231,9486,2950,14636,523,6008,5142,3106,2568,223,1152,10461,833,2730,1122,284,296,1062,375,500,196,219,132,0,0,0,0,0,0,0,0,0,0,0,0,0,0,0,0,0,0,0,0,0,0,0,0,0,0,0,0,0,0,0,0,0,0,0,0,0,0,0,0,0,0,0,0,0,0,0,0,0,0,0,0,0,0,0,0,0,0,0,0,0,0,0,0,0,0,0,0,0,0,0,0,0,0,0,0,0,0,0,0,0,0,0,0,0,0,0,0,0
2026-03-08,US,310406,0,70549,407,12348,76166,4284,836,0,749,30269,9604,17334,6938,4128,13838,9359,2911,14403,520,6012,5020,2952,2519,217,1126,10296,819,2701,1110,276,293,1036,371,490,193,217,113,0,0,0,0,0,0,0,0,0,0,0,0,0,0,0,0,0,0,0,0,0,0,0,0,0,0,0,0,0,0,0,0,0,0,0,0,0,0,0,0,0,0,0,0,0,0,0,0,0,0,0,0,0,0,0,0,0,0,0,0,0,0,0,0,0,0,0,0,0,0,0,0,0,0,0,0,0,0,0,0,0,0,0,0,0,0,0,0,0
2026-03-09,US,302975,0,69503,410,12144,73389,4245,812,0,740,29359,9277,16731,6826,4088,13470,9242,2875,14187,517,6019,4906,2806,2473,212,1101,10144,807,2675,1100,269,290,1011,367,481,191,214,94,0,0,0,0,0,0,0,0,0,0,0,0,0,0,0,0,0,0,0,0,0,0,0,0,0,0,0,0,0,0,0,0,0,0,0,0,0,0,0,0,0,0,0,0,0,0,0,0,0,0,0,0,0,0,0,0,0,0,0,0,0,0,0,0,0,0,0,0,0,0,0,0,0,0,0,0,0,0,0,0,0,0,0,0,0,0,0,0,0
2026-03-10,US,295992,0,68529,414,11955,70766,4208,789,0,731,28501,8968,16162,6722,4051,13123,9134,2842,13986,514,6027,4799,2668,2430,207,1077,10002,795,2651,1090,262,287,989,364,472,189,212,77,0,0,0,0,0,0,0,0,0,0,0,0,0,0,0,0,0,0,0,0,0,0,0,0,0,0,0,0,0,0,0,0,0,0,0,0,0,0,0,0,0,0,0,0,0,0,0,0,0,0,0,0,0,0,0,0,0,0,0,0,0,0,0,0,0,0,0,0,0,0,0,0,0,0,0,0,0,0,0,0,0,0,0,0,0,0,0,0,0
2026-03-11,US,289082,0,67542,416,11764,68205,4170,767,0,722,27659,8666,15605,6616,4012,12781,9022,2809,13783,512,6029,4693,2535,2387,202,1054,9858,783,2626,1079,255,284,966,361,463,187,210,60,0,0,0,0,0,0,0,0,0,0,0,0,0,0,0,0,0,0,0,0,0,0,0,0,0,0,0,0,0,0,0,0,0,0,0,0,0,0,0,0,0,0,0,0,0,0,0,0,0,0,0,0,0,0,0,0,0,0,0,0,0,0,0,0,0,0,0,0,0,0,0,0,0,0,0,0,0,0,0,0,0,0,0,0,0,0,0,0,0
2026-03-12,US,282579,0,66623,419,11585,65781,4135,746,0,714,26863,8380,15079,6518,3976,12458,8919,2777,13593,509,6034,4593,2408,2346,197,1032,9723,773,2603,1070,248,282,945,358,455,185,208,44,0,0,0,0,0,0,0,0,0,0,0,0,0,0,0,0,0,0,0,0,0,0,0,0,0,0,0,0,0,0,0,0,0,0,0,0,0,0,0,0,0,0,0,0,0,0,0,0,0,0,0,0,0,0,0,0,0,0,0,0,0,0,0,0,0,0,0,0,0,0,0,0,0,0,0,0,0,0,0,0,0,0,0,0,0,0,0,0,0
2026-03-13,US,276428,0,65759,422,11417,63479,4103,726,0,706,26109,8108,14579,6425,3943,12153,8823,2748,13415,507,6040,4498,2287,2308,192,1011,9597,762,2581,1061,242,279,924,355,447,183,206,29,0,0,0,0,0,0,0,0,0,0,0,0,0,0,0,0,0,0,0,0,0,0,0,0,0,0,0,0,0,0,0,0,0,0,0,0,0,0,0,0,0,0,0,0,0,0,0,0,0,0,0,0,0,0,0,0,0,0,0,0,0,0,0,0,0,0,0,0,0,0,0,0,0,0,0,0,0,0,0,0,0,0,0,0,0,0,0,0,0
2026-03-14,US,272054,0,65296,427,11320,61618,4094,711,0,702,25530,7892,14180,6372,3933,11927,8779,2735,13318,508,6079,4433,2183,2285,189,997,9530,757,2575,1058,238,279,910,355,443,182,205,14,0,0,0,0,0,0,0,0,0,0,0,0,0,0,0,0,0,0,0,0,0,0,0,0,0,0,0,0,0,0,0,0,0,0,0,0,0,0,0,0,0,0,0,0,0,0,0,0,0,0,0,0,0,0,0,0,0,0,0,0,0,0,0,0,0,0,0,0,0,0,0,0,0,0,0,0,0,0,0,0,0,0,0,0,0,0,0,0,0
2026-03-15,US,260344,0,62882,404,10824,58256,3976,666,0,682,24356,7713,13681,6354,3751,11331,8569,2643,12899,533,5761,4167,2068,2277,185,956,8993,713,2407,993,225,270,872,328,426,181,0,0,0,0,0,0,0,0,0,0,0,0,0,0,0,0,0,0,0,0,0,0,0,0,0,0,0,0,0,0,0,0,0,0,0,0,0,0,0,0,0,0,0,0,0,0,0,0,0,0,0,0,0,0,0,0,0,0,0,0,0,0,0,0,0,0,0,0,0,0,0,0,0,0,0,0,0,0,0,0,0,0,0,0,0,0,0,0,0,0,0
2026-03-16,US,250846,0,60923,384,10413,55401,3883,628,0,666,23376,7581,13279,6364,3599,10828,8411,2570,12566,558,5492,3939,1969,2280,182,923,8536,676,2262,938,215,264,841,305,413,181,0,0,0,0,0,0,0,0,0,0,0,0,0,0,0,0,0,0,0,0,0,0,0,0,0,0,0,0,0,0,0,0,0,0,0,0,0,0,0,0,0,0,0,0,0,0,0,0,0,0,0,0,0,0,0,0,0,0,0,0,0,0,0,0,0,0,0,0,0,0,0,0,0,0,0,0,0,0,0,0,0,0,0,0,0,0,0,0,0,0,0
2026-03-17,US,243867,0,59553,369,10108,53150,3826,597,0,656,22638,7515,13003,6422,3483,10440,8328,2520,12351,586,5281,3755,1893,2301,181,899,8174,646,2143,893,207,260,818,286,403,182,0,0,0,0,0,0,0,0,0,0,0,0,0,0,0,0,0,0,0,0,0,0,0,0,0,0,0,0,0,0,0,0,0,0,0,0,0,0,0,0,0,0,0,0,0,0,0,0,0,0,0,0,0,0,0,0,0,0,0,0,0,0,0,0,0,0,0,0,0,0,0,0,0,0,0,0,0,0,0,0,0,0,0,0,0,0,0,0,0,0,0
2026-03-18,US,240975,0,59168,360,9972,51818,3831,577,0,657,22282,7569,12942,6578,3427,10231,8378,2512,12337,622,5162,3638,1848,2356,183,890,7953,628,2063,863,202,260,809,272,400,187,0,0,0,0,0,0,0,0,0,0,0,0,0,0,0,0,0,0,0,0,0,0,0,0,0,0,0,0,0,0,0,0,0,0,0,0,0,0,0,0,0,0,0,0,0,0,0,0,0,0,0,0,0,0,0,0,0,0,0,0,0,0,0,0,0,0,0,0,0,0,0,0,0,0,0,0,0,0,0,0,0,0,0,0,0,0,0,0,0,0,0
2026-03-19,US,242351,0,59829,358,10013,51408,3903,567,0,669,22321,7756,13110,6849,3432,10203,8576,2549,12542,669,5134,3585,1837,2453,188,897,7874,621,2019,849,201,265,814,262,405,194,0,0,0,0,0,0,0,0,0,0,0,0,0,0,0,0,0,0,0,0,0,0,0,0,0,0,0,0,0,0,0,0,0,0,0,0,0,0,0,0,0,0,0,0,0,0,0,0,0,0,0,0,0,0,0,0,0,0,0,0,0,0,0,0,0,0,0,0,0,0,0,0,0,0,0,0,0,0,0,0,0,0,0,0,0,0,0,0,0,0,0
2026-03-20,US,247671,0,61473,361,10217,51814,4041,565,0,692,22721,8074,13493,7239,3492,10339,8917,2628,12953,728,5189,3589,1855,2592,196,918,7919,623,2007,849,203,274,832,257,416,205,0,0,0,0,0,0,0,0,0,0,0,0,0,0,0,0,0,0,0,0,0,0,0,0,0,0,0,0,0,0,0,0,0,0,0,0,0,0,0,0,0,0,0,0,0,0,0,0,0,0,0,0,0,0,0,0,0,0,0,0,0,0,0,0,0,0,0,0,0,0,0,0,0,0,0,0,0,0,0,0,0,0,0,0,0,0,0,0,0,0,0
2026-03-21,US,252346,0,62970,363,10393,52057,4170,562,0,714,23058,8376,13846,7619,3542,10445,9242,2700,13337,787,5227,3580,1867,2727,203,937,7939,624,1987,845,205,283,848,251,426,215,0,0,0,0,0,0,0,0,0,0,0,0,0,0,0,0,0,0,0,0,0,0,0,0,0,0,0,0,0,0,0,0,0,0,0,0,0,0,0,0,0,0,0,0,0,0,0,0,0,0,0,0,0,0,0,0,0,0,0,0,0,0,0,0,0,0,0,0,0,0,0,0,0,0,0,0,0,0,0,0,0,0,0,0,0,0,0,0,0,0,0
2026-03-22,US,254315,0,63801,362,10458,51721,4255,552,0,729,23145,8593,14052,7924,3554,10436,9472,2745,13582,838,5208,3530,1858,2836,209,946,7870,617,1945,832,204,288,855,242,431,224,0,0,0,0,0,0,0,0,0,0,0,0,0,0,0,0,0,0,0,0,0,0,0,0,0,0,0,0,0,0,0,0,0,0,0,0,0,0,0,0,0,0,0,0,0,0,0,0,0,0,0,0,0,0,0,0,0,0,0,0,0,0,0,0,0,0,0,0,0,0,0,0,0,0,0,0,0,0,0,0,0,0,0,0,0,0,0,0,0,0,0
2026-03-23,US,254654,0,64227,357,10455,51047,4314,539,0,739,23084,8756,14170,8181,3543,10359,9642,2772,13741,885,5155,3458,1838,2927,213,949,7750,607,1889,813,202,292,857,231,434,231,0,0,0,0,0,0,0,0,0,0,0,0,0,0,0,0,0,0,0,0,0,0,0,0,0,0,0,0,0,0,0,0,0,0,0,0,0,0,0,0,0,0,0,0,0,0,0,0,0,0,0,0,0,0,0,0,0,0,0,0,0,0,0,0,0,0,0,0,0,0,0,0,0,0,0,0,0,0,0,0,0,0,0,0,0,0,0,0,0,0,0
2026-03-24,US,252224,0,63951,349,10339,49824,4326,519,0,740,22772,8823,14132,8347,3493,10171,9706,2768,13749,922,5046,3348,1797,2986,215,942,7546,590,1813,785,198,293,849,217,432,235,0,0,0,0,0,0,0,0,0,0,0,0,0,0,0,0,0,0,0,0,0,0,0,0,0,0,0,0,0,0,0,0,0,0,0,0,0,0,0,0,0,0,0,0,0,0,0,0,0,0,0,0,0,0,0,0,0,0,0,0,0,0,0,0,0,0,0,0,0,0,0,0,0,0,0,0,0,0,0,0,0,0,0,0,0,0,0,0,0,0,0
2026-03-25,US,248214,0,63266,339,10159,48307,4309,497,0,737,22319,8830,14003,8454,3422,9921,9706,2747,13667,951,4907,3220,1746,3024,215,929,7298,569,1728,753,193,292,836,203,427,238,0,0,0,0,0,0,0,0,0,0,0,0,0,0,0,0,0,0,0,0,0,0,0,0,0,0,0,0,0,0,0,0,0,0,0,0,0,0,0,0,0,0,0,0,0,0,0,0,0,0,0,0,0,0,0,0,0,0,0,0,0,0,0,0,0,0,0,0,0,0,0,0,0,0,0,0,0,0,0,0,0,0,0,0,0,0,0,0,0,0,0
2026-03-26,US,242195,0,62056,327,9896,46428,4255,472,0,728,21690,8761,13758,8483,3324,9594,9621,2703,13470,972,4731,3068,1682,3034,214,908,6996,544,1630,716,186,288,817,187,419,239,0,0,0,0,0,0,0,0,0,0,0,0,0,0,0,0,0,0,0,0,0,0,0,0,0,0,0,0,0,0,0,0,0,0,0,0,0,0,0,0,0,0,0,0,0,0,0,0,0,0,0,0,0,0,0,0,0,0,0,0,0,0,0,0,0,0,0,0,0,0,0,0,0,0,0,0,0,0,0,0,0,0,0,0,0,0,0,0,0,0,0
2026-03-27,US,234844,0,60487,312,9581,44332,4175,444,0,714,20946,8635,13431,8453,3209,9219,9474,2642,13191,984,4532,2903,1609,3023,211,882,6663,517,1527,676,178,282,792,171,408,238,0,0,0,0,0,0,0,0,0,0,0,0,0,0,0,0,0,0,0,0,0,0,0,0,0,0,0,0,0,0,0,0,0,0,0,0,0,0,0,0,0,0,0,0,0,0,0,0,0,0,0,0,0,0,0,0,0,0,0,0,0,0,0,0,0,0,0,0,0,0,0,0,0,0,0,0,0,0,0,0,0,0,0,0,0,0,0,0,0,0,0
2026-03-28,US,228183,0,59077,299,9294,42408,4105,419,0,702,20269,8526,13139,8434,3104,8876,9347,2588,12943,997,4349,2752,1543,3016,209,859,6356,492,1431,639,171,278,770,156,398,237,0,0,0,0,0,0,0,0,0,0,0,0,0,0,0,0,0,0,0,0,0,0,0,0,0,0,0,0,0,0,0,0,0,0,0,0,0,0,0,0,0,0,0,0,0,0,0,0,0,0,0,0,0,0,0,0,0,0,0,0,0,0,0,0,0,0,0,0,0,0,0,0,0,0,0,0,0,0,0,0,0,0,0,0,0,0,0,0,0,0,0
2026-03-29,US,226872,0,59041,293,9226,41500,4129,404,0,706,20069,8612,13151,8606,3072,8744,9434,2594,12994,1032,4271,2667,1514,3077,211,855,6203,480,1371,618,168,279,766,145,398,242,0,0,0,0,0,0,0,0,0,0,0,0,0,0,0,0,0,0,0,0,0,0,0,0,0,0,0,0,0,0,0,0,0,0,0,0,0,0,0,0,0,0,0,0,0,0,0,0,0,0,0,0,0,0,0,0,0,0,0,0,0,0,0,0,0,0,0,0,0,0,0,0,0,0,0,0,0,0,0,0,0,0,0,0,0,0,0,0,0,0,0
2026-03-30,US,225230,0,58916,287,9144,40541,4146,388,0,709,19842,8684,13144,8762,3035,8601,9506,2596,13025,1065,4187,2579,1482,3132,213,851,6041,466,1310,596,165,280,761,134,397,246,0,0,0,0,0,0,0,0,0,0,0,0,0,0,0,0,0,0,0,0,0,0,0,0,0,0,0,0,0,0,0,0,0,0,0,0,0,0,0,0,0,0,0,0,0,0,0,0,0,0,0,0,0,0,0,0,0,0,0,0,0,0,0,0,0,0,0,0,0,0,0,0,0,0,0,0,0,0,0,0,0,0,0,0,0,0,0,0,0,0,0
2026-03-31,US,223976,0,58888,281,9079,39659,4170,374,0,713,19650,8770,13157,8930,3005,8473,9592,2602,13077,1099,4110,2496,1453,3192,215,847,5892,453,1251,575,162,282,757,123,397,250,0,0,0,0,0,0,0,0,0,0,0,0,0,0,0,0,0,0,0,0,0,0,0,0,0,0,0,0,0,0,0,0,0,0,0,0,0,0,0,0,0,0,0,0,0,0,0,0,0,0,0,0,0,0,0,0,0,0,0,0,0,0,0,0,0,0,0,0,0,0,0,0,0,0,0,0,0,0,0,0,0,0,0,0,0,0,0,0,0,0,0
2026-04-01,US,221611,0,58564,274,8968,38592,4173,357,0,713,19361,8810,13104,9051,2959,8304,9629,2595,13061,1128,4014,2402,1418,3235,216,840,5715,439,1187,551,158,282,750,112,394,253,0,0,0,0,0,0,0,0,0,0,0,0,0,0,0,0,0,0,0,0,0,0,0,0,0,0,0,0,0,0,0,0,0,0,0,0,0,0,0,0,0,0,0,0,0,0,0,0,0,0,0,0,0,0,0,0,0,0,0,0,0,0,0,0,0,0,0,0,0,0,0,0,0,0,0,0,0,0,0,0,0,0,0,0,0,0,0,0,0,0,0
2026-04-02,US,218172,0,57948,266,8815,37354,4154,340,0,710,18981,8803,12986,9122,2900,8098,9615,2575,12980,1149,3900,2299,1376,3260,217,828,5514,422,1118,526,154,280,739,100,390,255,0,0,0,0,0,0,0,0,0,0,0,0,0,0,0,0,0,0,0,0,0,0,0,0,0,0,0,0,0,0,0,0,0,0,0,0,0,0,0,0,0,0,0,0,0,0,0,0,0,0,0,0,0,0,0,0,0,0,0,0,0,0,0,0,0,0,0,0,0,0,0,0,0,0,0,0,0,0,0,0,0,0,0,0,0,0,0,0,0,0,0
2026-04-03,US,212668,0,56771,255,8579,35788,4094,319,0,699,18425,8708,12741,9098,2813,7817,9505,2529,12770,1159,3752,2176,1322,3251,214,809,5265,402,1041,496,148,276,720,88,382,255,0,0,0,0,0,0,0,0,0,0,0,0,0,0,0,0,0,0,0,0,0,0,0,0,0,0,0,0,0,0,0,0,0,0,0,0,0,0,0,0,0,0,0,0,0,0,0,0,0,0,0,0,0,0,0,0,0,0,0,0,0,0,0,0,0,0,0,0,0,0,0,0,0,0,0,0,0,0,0,0,0,0,0,0,0,0,0,0,0,0,0
2026-04-04,US,206950,0,55523,245,8335,34219,4027,299,0,688,17854,8598,12479,9055,2725,7533,9378,2480,12542,1165,3602,2054,1267,3235,212,789,5016,382,966,466,142,272,701,77,374,253,0,0,0,0,0,0,0,0,0,0,0,0,0,0,0,0,0,0,0,0,0,0,0,0,0,0,0,0,0,0,0,0,0,0,0,0,0,0,0,0,0,0,0,0,0,0,0,0,0,0,0,0,0,0,0,0,0,0,0,0,0,0,0,0,0,0,0,0,0,0,0,0,0,0,0,0,0,0,0,0,0,0,0,0,0,0,0,0,0,0,0
2026-04-05,US,197023,0,53124,229,7922,32000,3875,274,0,662,16925,8304,11957,8812,2582,7101,9051,2379,12050,1144,3382,1896,1189,3148,205,752,4674,355,874,428,134,261,668,64,357,246,0,0,0,0,0,0,0,0,0,0,0,0,0,0,0,0,0,0,0,0,0,0,0,0,0,0,0,0,0,0,0,0,0,0,0,0,0,0,0,0,0,0,0,0,0,0,0,0,0,0,0,0,0,0,0,0,0,0,0,0,0,0,0,0,0,0,0,0,0,0,0,0,0,0,0,0,0,0,0,0,0,0,0,0,0,0,0,0,0,0,0
2026-04-06,US,189579,0,51372,217,7610,30234,3769,253,0,644,16216,8103,11579,8663,2472,6765,8827,2307,11700,1135,3209,1766,1126,3095,200,725,4399,333,798,397,127,254,643,53,345,242,0,0,0,0,0,0,0,0,0,0,0,0,0,0,0,0,0,0,0,0,0,0,0,0,0,0,0,0,0,0,0,0,0,0,0,0,0,0,0,0,0,0,0,0,0,0,0,0,0,0,0,0,0,0,0,0,0,0,0,0,0,0,0,0,0,0,0,0,0,0,0,0,0,0,0,0,0,0,0,0,0,0,0,0,0,0,0,0,0,0,0
2026-04-07,US,184631,0,50279,208,7399,28903,3709,236,0,633,15726,8003,11349,8616,2396,6523,8712,2264,11497,1139,3082,1664,1080,3078,198,707,4189,316,734,372,122,250,627,44,338,241,0,0,0,0,0,0,0,0,0,0,0,0,0,0,0,0,0,0,0,0,0,0,0,0,0,0,0,0,0,0,0,0,0,0,0,0,0,0,0,0,0,0,0,0,0,0,0,0,0,0,0,0,0,0,0,0,0,0,0,0,0,0,0,0,0,0,0,0,0,0,0,0,0,0,0,0,0,0,0,0,0,0,0,0,0,0,0,0,0,0,0
2026-04-08,US,182096,0,49834,202,7286,27972,3697,222,0,631,15443,8002,11264,8675,2352,6368,8705,2250,11440,1156,2996,1585,1049,3099,198,699,4037,303,682,353,119,249,619,35,335,242,0,0,0,0,0,0,0,0,0,0,0,0,0,0,0,0,0,0,0,0,0,0,0,0,0,0,0,0,0,0,0,0,0,0,0,0,0,0,0,0,0,0,0,0,0,0,0,0,0,0,0,0,0,0,0,0,0,0,0,0,0,0,0,0,0,0,0,0,0,0,0,0,0,0,0,0,0,0,0,0,0,0,0,0,0,0,0,0,0,0,0
2026-04-09,US,182266,0,50126,198,7281,27462,3739,212,0,638,15391,8119,11345,8861,2343,6308,8827,2268,11552,1190,2956,1531,1033,3165,201,701,3946,295,641,339,117,252,620,27,337,247,0,0,0,0,0,0,0,0,0,0,0,0,0,0,0,0,0,0,0,0,0,0,0,0,0,0,0,0,0,0,0,0,0,0,0,0,0,0,0,0,0,0,0,0,0,0,0,0,0,0,0,0,0,0,0,0,0,0,0,0,0,0,0,0,0,0,0,0,0,0,0,0,0,0,0,0,0,0,0,0,0,0,0,0,0,0,0,0,0,0,0
2026-04-10,US,184180,0,50900,197,7345,27209,3817,204,0,651,15485,8314,11536,9133,2356,6309,9035,2309,11776,1235,2943,1491,1027,3262,206,710,3892,290,605,328,117,257,626,19,342,255,0,0,0,0,0,0,0,0,0,0,0,0,0,0,0,0,0,0,0,0,0,0,0,0,0,0,0,0,0,0,0,0,0,0,0,0,0,0,0,0,0,0,0,0,0,0,0,0,0,0,0,0,0,0,0,0,0,0,0,0,0,0,0,0,0,0,0,0,0,0,0,0,0,0,0,0,0,0,0,0,0,0,0,0,0,0,0,0,0,0,0
2026-04-11,US,182904,0,50794,192,7282,26483,3829,192,0,653,15310,8366,11528,9248,2328,6199,9086,2310,11796,1260,2879,1424,1003,3302,207,706,3770,280,559,311,114,258,622,10,341,258,0,0,0,0,0,0,0,0,0,0,0,0,0,0,0,0,0,0,0,0,0,0,0,0,0,0,0,0,0,0,0,0,0,0,0,0,0,0,0,0,0,0,0,0,0,0,0,0,0,0,0,0,0,0,0,0,0,0,0,0,0,0,0,0,0,0,0,0,0,0,0,0,0,0,0,0,0,0,0,0,0,0,0,0,0,0,0,0,0,0,0
2026-04-12,US,179621,0,51022,289,7111,25842,3886,214,0,747,15122,8158,11293,9161,2333,6111,9148,2310,11426,1257,2832,1396,1012,3195,227,700,3668,290,556,315,0,0,0,0,0,0,0,0,0,0,0,0,0,0,0,0,0,0,0,0,0,0,0,0,0,0,0,0,0,0,0,0,0,0,0,0,0,0,0,0,0,0,0,0,0,0,0,0,0,0,0,0,0,0,0,0,0,0,0,0,0,0,0,0,0,0,0,0,0,0,0,0,0,0,0,0,0,0,0,0,0,0,0,0,0,0,0,0,0,0,0,0,0,0,0,0,0
2026-04-13,US,174539,0,50256,376,6809,24727,3867,230,0,823,14650,7801,10848,8900,2293,5909,9031,2265,10849,1231,2731,1341,1000,3030,243,681,3499,294,543,313,0,0,0,0,0,0,0,0,0,0,0,0,0,0,0,0,0,0,0,0,0,0,0,0,0,0,0,0,0,0,0,0,0,0,0,0,0,0,0,0,0,0,0,0,0,0,0,0,0,0,0,0,0,0,0,0,0,0,0,0,0,0,0,0,0,0,0,0,0,0,0,0,0,0,0,0,0,0,0,0,0,0,0,0,0,0,0,0,0,0,0,0,0,0,0,0,0
2026-04-14,US,167891,0,48993,453,6452,23417,3806,243,0,885,14049,7382,10315,8560,2230,5655,8823,2198,10192,1192,2608,1275,978,2842,254,656,3304,295,525,307,0,0,0,0,0,0,0,0,0,0,0,0,0,0,0,0,0,0,0,0,0,0,0,0,0,0,0,0,0,0,0,0,0,0,0,0,0,0,0,0,0,0,0,0,0,0,0,0,0,0,0,0,0,0,0,0,0,0,0,0,0,0,0,0,0,0,0,0,0,0,0,0,0,0,0,0,0,0,0,0,0,0,0,0,0,0,0,0,0,0,0,0,0,0,0,0,0
2026-04-15,US,160876,0,47570,522,6090,22085,3731,253,0,938,13420,6958,9770,8201,2160,5392,8584,2126,9533,1151,2481,1208,953,2655,263,629,3106,294,505,300,0,0,0,0,0,0,0,0,0,0,0,0,0,0,0,0,0,0,0,0,0,0,0,0,0,0,0,0,0,0,0,0,0,0,0,0,0,0,0,0,0,0,0,0,0,0,0,0,0,0,0,0,0,0,0,0,0,0,0,0,0,0,0,0,0,0,0,0,0,0,0,0,0,0,0,0,0,0,0,0,0,0,0,0,0,0,0,0,0,0,0,0,0,0,0,0,0
2026-04-16,US,153324,0,45930,581,5716,20713,3635,261,0,979,12751,6520,9202,7815,2081,5112,8305,2044,8864,1104,2347,1138,923,2465,269,600,2903,291,484,292,0,0,0,0,0,0,0,0,0,0,0,0,0,0,0,0,0,0,0,0,0,0,0,0,0,0,0,0,0,0,0,0,0,0,0,0,0,0,0,0,0,0,0,0,0,0,0,0,0,0,0,0,0,0,0,0,0,0,0,0,0,0,0,0,0,0,0,0,0,0,0,0,0,0,0,0,0,0,0,0,0,0,0,0,0,0,0,0,0,0,0,0,0,0,0,0,0
2026-04-17,US,145721,0,44216,632,5348,19367,3529,267,0,1011,12081,6092,8642,7426,1999,4834,8011,1959,8214,1057,2214,1069,892,2280,274,571,2705,286,462,283,0,0,0,0,0,0,0,0,0,0,0,0,0,0,0,0,0,0,0,0,0,0,0,0,0,0,0,0,0,0,0,0,0,0,0,0,0,0,0,0,0,0,0,0,0,0,0,0,0,0,0,0,0,0,0,0,0,0,0,0,0,0,0,0,0,0,0,0,0,0,0,0,0,0,0,0,0,0,0,0,0,0,0,0,0,0,0,0,0,0,0,0,0,0,0,0,0
2026-04-18,US,142484,0,43784,695,5147,18625,3524,279,0,1067,11777,5854,8349,7260,1976,4703,7948,1933,7826,1041,2148,1033,886,2169,285,559,2592,290,454,282,0,0,0,0,0,0,0,0,0,0,0,0,0,0,0,0,0,0,0,0,0,0,0,0,0,0,0,0,0,0,0,0,0,0,0,0,0,0,0,0,0,0,0,0,0,0,0,0,0,0,0,0,0,0,0,0,0,0,0,0,0,0,0,0,0,0,0,0,0,0,0,0,0,0,0,0,0,0,0,0,0,0,0,0,0,0,0,0,0,0,0,0,0,0,0,0,0
2026-04-19,US,143586,0,44676,778,5105,18456,3625,300,0,1155,11831,5796,8312,7315,2012,4715,8125,1964,7679,1056,2148,1029,907,2124,305,563,2559,302,460,289,0,0,0,0,0,0,0,0,0,0,0,0,0,0,0,0,0,0,0,0,0,0,0,0,0,0,0,0,0,0,0,0,0,0,0,0,0,0,0,0,0,0,0,0,0,0,0,0,0,0,0,0,0,0,0,0,0,0,0,0,0,0,0,0,0,0,0,0,0,0,0,0,0,0,0,0,0,0,0,0,0,0,0,0,0,0,0,0,0,0,0,0,0,0,0,0,0
2026-04-20,US,144233,0,45433,860,5045,18224,3716,320,0,1239,11847,5718,8247,7347,2042,4712,8277,1990,7506,1068,2141,1021,925,2073,324,567,2517,314,464,296,0,0,0,0,0,0,0,0,0,0,0,0,0,0,0,0,0,0,0,0,0,0,0,0,0,0,0,0,0,0,0,0,0,0,0,0,0,0,0,0,0,0,0,0,0,0,0,0,0,0,0,0,0,0,0,0,0,0,0,0,0,0,0,0,0,0,0,0,0,0,0,0,0,0,0,0,0,0,0,0,0,0,0,0,0,0,0,0,0,0,0,0,0,0,0,0,0
2026-04-21,US,144674,0,46129,941,4978,17965,3801,339,0,1323,11847,5632,8170,7368,2069,4702,8419,2013,7321,1079,2132,1012,942,2018,343,569,2471,325,467,302,0,0,0,0,0,0,0,0,0,0,0,0,0,0,0,0,0,0,0,0,0,0,0,0,0,0,0,0,0,0,0,0,0,0,0,0,0,0,0,0,0,0,0,0,0,0,0,0,0,0,0,0,0,0,0,0,0,0,0,0,0,0,0,0,0,0,0,0,0,0,0,0,0,0,0,0,0,0,0,0,0,0,0,0,0,0,0,0,0,0,0,0,0,0,0,0,0
2026-04-22,US,143651,0,46355,1012,4860,17525,3848,355,0,1393,11726,5489,8010,7315,2076,4644,8474,2015,7062,1078,2100,992,949,1942,358,565,2401,333,466,305,0,0,0,0,0,0,0,0,0,0,0,0,0,0,0,0,0,0,0,0,0,0,0,0,0,0,0,0,0,0,0,0,0,0,0,0,0,0,0,0,0,0,0,0,0,0,0,0,0,0,0,0,0,0,0,0,0,0,0,0,0,0,0,0,0,0,0,0,0,0,0,0,0,0,0,0,0,0,0,0,0,0,0,0,0,0,0,0,0,0,0,0,0,0,0,0,0
2026-04-23,US,141118,0,46079,1071,4694,16910,3853,367,0,1446,11484,5291,7769,7185,2060,4539,8438,1996,6735,1066,2047,962,946,1848,369,556,2307,337,460,305,0,0,0,0,0,0,0,0,0,0,0,0,0,0,0,0,0,0,0,0,0,0,0,0,0,0,0,0,0,0,0,0,0,0,0,0,0,0,0,0,0,0,0,0,0,0,0,0,0,0,0,0,0,0,0,0,0,0,0,0,0,0,0,0,0,0,0,0,0,0,0,0,0,0,0,0,0,0,0,0,0,0,0,0,0,0,0,0,0,0,0,0,0,0,0,0,0
2026-04-24,US,137510,0,45428,1117,4495,16179,3824,375,0,1484,11155,5057,7474,7000,2027,4399,8332,1961,6366,1046,1979,926,935,1743,376,542,2197,338,450,302,0,0,0,0,0,0,0,0,0,0,0,0,0,0,0,0,0,0,0,0,0,0,0,0,0,0,0,0,0,0,0,0,0,0,0,0,0,0,0,0,0,0,0,0,0,0,0,0,0,0,0,0,0,0,0,0,0,0,0,0,0,0,0,0,0,0,0,0,0,0,0,0,0,0,0,0,0,0,0,0,0,0,0,0,0,0,0,0,0,0,0,0,0,0,0,0,0
2026-04-25,US,133602,0,44649,1158,4291,15430,3784,381,0,1515,10804,4818,7167,6801,1989,4252,8202,1921,5994,1023,1908,888,921,1637,381,527,2085,337,439,299,0,0,0,0,0,0,0,0,0,0,0,0,0,0,0,0,0,0,0,0,0,0,0,0,0,0,0,0,0,0,0,0,0,0,0,0,0,0,0,0,0,0,0,0,0,0,0,0,0,0,0,0,0,0,0,0,0,0,0,0,0,0,0,0,0,0,0,0,0,0,0,0,0,0,0,0,0,0,0,0,0,0,0,0,0,0,0,0,0,0,0,0,0,0,0,0,0
2026-04-26,US,128682,0,43497,1184,4060,14583,3710,383,0,1530,10374,4549,6813,6549,1934,4074,8003,1865,5589,992,1823,845,900,1522,383,508,1961,334,425,292,0,0,0,0,0,0,0,0,0,0,0,0,0,0,0,0,0,0,0,0,0,0,0,0,0,0,0,0,0,0,0,0,0,0,0,0,0,0,0,0,0,0,0,0,0,0,0,0,0,0,0,0,0,0,0,0,0,0,0,0,0,0,0,0,0,0,0,0,0,0,0,0,0,0,0,0,0,0,0,0,0,0,0,0,0,0,0,0,0,0,0,0,0,0,0,0,0
2026-04-27,US,125154,0,42783,1219,3878,13912,3672,389,0,1557,10058,4335,6538,6369,1899,3941,7883,1828,5257,971,1759,811,887,1428,387,495,1862,333,415,289,0,0,0,0,0,0,0,0,0,0,0,0,0,0,0,0,0,0,0,0,0,0,0,0,0,0,0,0,0,0,0,0,0,0,0,0,0,0,0,0,0,0,0,0,0,0,0,0,0,0,0,0,0,0,0,0,0,0,0,0,0,0,0,0,0,0,0,0,0,0,0,0,0,0,0,0,0,0,0,0,0,0,0,0,0,0,0,0,0,0,0,0,0,0,0,0,0
2026-04-28,US,122371,0,42298,1258,3722,13339,3653,395,0,1589,9803,4151,6307,6226,1874,3833,7805,1802,4965,955,1706,782,879,1345,394,484,1775,334,408,287,0,0,0,0,0,0,0,0,0,0,0,0,0,0,0,0,0,0,0,0,0,0,0,0,0,0,0,0,0,0,0,0,0,0,0,0,0,0,0,0,0,0,0,0,0,0,0,0,0,0,0,0,0,0,0,0,0,0,0,0,0,0,0,0,0,0,0,0,0,0,0,0,0,0,0,0,0,0,0,0,0,0,0,0,0,0,0,0,0,0,0,0,0,0,0,0,0
2026-04-29,US,119644,0,41812,1294,3571,12783,3632,402,0,1619,9555,3974,6082,6086,1850,3728,7727,1776,4684,940,1654,755,871,1264,399,474,1692,335,400,285,0,0,0,0,0,0,0,0,0,0,0,0,0,0,0,0,0,0,0,0,0,0,0,0,0,0,0,0,0,0,0,0,0,0,0,0,0,0,0,0,0,0,0,0,0,0,0,0,0,0,0,0,0,0,0,0,0,0,0,0,0,0,0,0,0,0,0,0,0,0,0,0,0,0,0,0,0,0,0,0,0,0,0,0,0,0,0,0,0,0,0,0,0,0,0,0,0
2026-04-30,US,116958,0,41318,1327,3424,12244,3610,407,0,1646,9311,3801,5864,5949,1825,3624,7646,1749,4413,925,1604,728,863,1187,404,464,1611,336,393,283,0,0,0,0,0,0,0,0,0,0,0,0,0,0,0,0,0,0,0,0,0,0,0,0,0,0,0,0,0,0,0,0,0,0,0,0,0,0,0,0,0,0,0,0,0,0,0,0,0,0,0,0,0,0,0,0,0,0,0,0,0,0,0,0,0,0,0,0,0,0,0,0,0,0,0,0,0,0,0,0,0,0,0,0,0,0,0,0,0,0,0,0,0,0,0,0,0
2026-05-01,US,114664,0,40944,1363,3292,11757,3597,414,0,1676,9099,3645,5669,5831,1806,3534,7587,1728,4163,912,1559,704,857,1115,410,455,1538,337,387,282,0,0,0,0,0,0,0,0,0,0,0,0,0,0,0,0,0,0,0,0,0,0,0,0,0,0,0,0,0,0,0,0,0,0,0,0,0,0,0,0,0,0,0,0,0,0,0,0,0,0,0,0,0,0,0,0,0,0,0,0,0,0,0,0,0,0,0,0,0,0,0,0,0,0,0,0,0,0,0,0,0,0,0,0,0,0,0,0,0,0,0,0,0,0,0,0,0
2026-05-02,US,111887,0,40377,1390,3149,11232,3567,418,0,1697,8851,3478,5453,5689,1778,3430,7492,1699,3903,896,1509,677,847,1041,414,445,1460,337,379,279,0,0,0,0,0,0,0,0,0,0,0,0,0,0,0,0,0,0,0,0,0,0,0,0,0,0,0,0,0,0,0,0,0,0,0,0,0,0,0,0,0,0,0,0,0,0,0,0,0,0,0,0,0,0,0,0,0,0,0,0,0,0,0,0,0,0,0,0,0,0,0,0,0,0,0,0,0,0,0,0,0,0,0,0,0,0,0,0,0,0,0,0,0,0,0,0,0
2026-05-03,US,109501,0,39932,1418,3020,10757,3546,423,0,1720,8634,3326,5261,5567,1756,3339,7419,1675,3665,882,1465,654,839,973,418,436,1389,337,373,277,0,0,0,0,0,0,0,0,0,0,0,0,0,0,0,0,0,0,0,0,0,0,0,0,0,0,0,0,0,0,0,0,0,0,0,0,0,0,0,0,0,0,0,0,0,0,0,0,0,0,0,0,0,0,0,0,0,0,0,0,0,0,0,0,0,0,0,0,0,0,0,0,0,0,0,0,0,0,0,0,0,0,0,0,0,0,0,0,0,0,0,0,0,0,0,0,0
2026-05-04,US,108040,0,39808,1457,2919,10382,3554,431,0,1756,8492,3205,5115,5492,1748,3276,7405,1666,3463,876,1433,636,839,915,426,430,1331,340,369,277,0,0,0,0,0,0,0,0,0,0,0,0,0,0,0,0,0,0,0,0,0,0,0,0,0,0,0,0,0,0,0,0,0,0,0,0,0,0,0,0,0,0,0,0,0,0,0,0,0,0,0,0,0,0,0,0,0,0,0,0,0,0,0,0,0,0,0,0,0,0,0,0,0,0,0,0,0,0,0,0,0,0,0,0,0,0,0,0,0,0,0,0,0,0,0,0,0
2026-05-05,US,107094,0,39865,1501,2833,10062,3576,440,0,1798,8391,3102,4996,5443,1748,3230,7425,1663,3281,873,1408,621,841,862,435,427,1280,344,368,279,0,0,0,0,0,0,0,0,0,0,0,0,0,0,0,0,0,0,0,0,0,0,0,0,0,0,0,0,0,0,0,0,0,0,0,0,0,0,0,0,0,0,0,0,0,0,0,0,0,0,0,0,0,0,0,0,0,0,0,0,0,0,0,0,0,0,0,0,0,0,0,0,0,0,0,0,0,0,0,0,0,0,0,0,0,0,0,0,0,0,0,0,0,0,0,0,0
2026-05-06,US,105953,0,39841,1542,2743,9728,3592,449,0,1836,8275,2994,4869,5384,1745,3178,7430,1658,3096,869,1381,605,843,809,443,423,1228,348,365,279,0,0,0,0,0,0,0,0,0,0,0,0,0,0,0,0,0,0,0,0,0,0,0,0,0,0,0,0,0,0,0,0,0,0,0,0,0,0,0,0,0,0,0,0,0,0,0,0,0,0,0,0,0,0,0,0,0,0,0,0,0,0,0,0,0,0,0,0,0,0,0,0,0,0,0,0,0,0,0,0,0,0,0,0,0,0,0,0,0,0,0,0,0,0,0,0,0
2026-05-07,US,104708,0,39768,1579,2652,9390,3602,457,0,1872,8151,2885,4739,5320,1739,3123,7425,1650,2912,864,1354,590,843,756,450,418,1176,351,362,280,0,0,0,0,0,0,0,0,0,0,0,0,0,0,0,0,0,0,0,0,0,0,0,0,0,0,0,0,0,0,0,0,0,0,0,0,0,0,0,0,0,0,0,0,0,0,0,0,0,0,0,0,0,0,0,0,0,0,0,0,0,0,0,0,0,0,0,0,0,0,0,0,0,0,0,0,0,0,0,0,0,0,0,0,0,0,0,0,0,0,0,0,0,0,0,0,0
2026-05-08,US,103114,0,39552,1610,2554,9027,3599,463,0,1899,8002,2768,4595,5239,1727,3059,7393,1637,2722,856,1321,572,840,701,455,412,1121,353,358,279,0,0,0,0,0,0,0,0,0,0,0,0,0,0,0,0,0,0,0,0,0,0,0,0,0,0,0,0,0,0,0,0,0,0,0,0,0,0,0,0,0,0,0,0,0,0,0,0,0,0,0,0,0,0,0,0,0,0,0,0,0,0,0,0,0,0,0,0,0,0,0,0,0,0,0,0,0,0,0,0,0,0,0,0,0,0,0,0,0,0,0,0,0,0,0,0,0
2026-05-09,US,104811,0,40598,1692,2537,8952,3711,483,0,1987,8107,2740,4598,5324,1771,3092,7597,1676,2619,876,1331,572,863,669,475,419,1101,366,366,288,0,0,0,0,0,0,0,0,0,0,0,0,0,0,0,0,0,0,0,0,0,0,0,0,0,0,0,0,0,0,0,0,0,0,0,0,0,0,0,0,0,0,0,0,0,0,0,0,0,0,0,0,0,0,0,0,0,0,0,0,0,0,0,0,0,0,0,0,0,0,0,0,0,0,0,0,0,0,0,0,0,0,0,0,0,0,0,0,0,0,0,0,0,0,0,0,0
2026-05-10,US,104899,0,41311,1757,2698,9066,3872,568,0,2030,8223,2732,4700,5466,1963,3078,7671,1690,2686,927,1326,646,885,694,484,429,0,0,0,0,0,0,0,0,0,0,0,0,0,0,0,0,0,0,0,0,0,0,0,0,0,0,0,0,0,0,0,0,0,0,0,0,0,0,0,0,0,0,0,0,0,0,0,0,0,0,0,0,0,0,0,0,0,0,0,0,0,0,0,0,0,0,0,0,0,0,0,0,0,0,0,0,0,0,0,0,0,0,0,0,0,0,0,0,0,0,0,0,0,0,0,0,0,0,0,0,0
2026-05-11,US,104441,0,40971,1778,2792,8948,3936,638,0,2021,8128,2654,4683,5470,2108,2985,7549,1660,2684,956,1285,703,885,702,480,427,0,0,0,0,0,0,0,0,0,0,0,0,0,0,0,0,0,0,0,0,0,0,0,0,0,0,0,0,0,0,0,0,0,0,0,0,0,0,0,0,0,0,0,0,0,0,0,0,0,0,0,0,0,0,0,0,0,0,0,0,0,0,0,0,0,0,0,0,0,0,0,0,0,0,0,0,0,0,0,0,0,0,0,0,0,0,0,0,0,0,0,0,0,0,0,0,0,0,0,0,0
2026-05-12,US,104382,0,40789,1805,2895,8865,4014,711,0,2020,8065,2586,4683,5495,2260,2903,7456,1637,2692,988,1250,763,887,712,478,427,0,0,0,0,0,0,0,0,0,0,0,0,0,0,0,0,0,0,0,0,0,0,0,0,0,0,0,0,0,0,0,0,0,0,0,0,0,0,0,0,0,0,0,0,0,0,0,0,0,0,0,0,0,0,0,0,0,0,0,0,0,0,0,0,0,0,0,0,0,0,0,0,0,0,0,0,0,0,0,0,0,0,0,0,0,0,0,0,0,0,0,0,0,0,0,0,0,0,0,0,0
2026-05-13,US,106137,0,41314,1864,3051,8935,4164,797,0,2055,8142,2562,4764,5615,2453,2872,7492,1643,2747,1037,1237,837,905,734,484,434,0,0,0,0,0,0,0,0,0,0,0,0,0,0,0,0,0,0,0,0,0,0,0,0,0,0,0,0,0,0,0,0,0,0,0,0,0,0,0,0,0,0,0,0,0,0,0,0,0,0,0,0,0,0,0,0,0,0,0,0,0,0,0,0,0,0,0,0,0,0,0,0,0,0,0,0,0,0,0,0,0,0,0,0,0,0,0,0,0,0,0,0,0,0,0,0,0,0,0,0,0
2026-05-14,US,109721,0,42543,1956,3264,9156,4388,901,0,2125,8356,2578,4928,5833,2696,2885,7652,1675,2850,1106,1243,928,939,770,498,449,0,0,0,0,0,0,0,0,0,0,0,0,0,0,0,0,0,0,0,0,0,0,0,0,0,0,0,0,0,0,0,0,0,0,0,0,0,0,0,0,0,0,0,0,0,0,0,0,0,0,0,0,0,0,0,0,0,0,0,0,0,0,0,0,0,0,0,0,0,0,0,0,0,0,0,0,0,0,0,0,0,0,0,0,0,0,0,0,0,0,0,0,0,0,0,0,0,0,0,0,0
2026-05-15,US,114232,0,44119,2068,3513,9448,4657,1018,0,2212,8636,2612,5134,6103,2973,2917,7871,1720,2977,1187,1256,1032,981,813,517,468,0,0,0,0,0,0,0,0,0,0,0,0,0,0,0,0,0,0,0,0,0,0,0,0,0,0,0,0,0,0,0,0,0,0,0,0,0,0,0,0,0,0,0,0,0,0,0,0,0,0,0,0,0,0,0,0,0,0,0,0,0,0,0,0,0,0,0,0,0,0,0,0,0,0,0,0,0,0,0,0,0,0,0,0,0,0,0,0,0,0,0,0,0,0,0,0,0,0,0,0,0
2026-05-16,US,116283,0,44736,2136,3693,9531,4829,1117,0,2252,8726,2586,5229,6243,3196,2882,7914,1727,3042,1244,1241,1117,1003,839,524,477,0,0,0,0,0,0,0,0,0,0,0,0,0,0,0,0,0,0,0,0,0,0,0,0,0,0,0,0,0,0,0,0,0,0,0,0,0,0,0,0,0,0,0,0,0,0,0,0,0,0,0,0,0,0,0,0,0,0,0,0,0,0,0,0,0,0,0,0,0,0,0,0,0,0,0,0,0,0,0,0,0,0,0,0,0,0,0,0,0,0,0,0,0,0,0,0,0,0,0,0,0
2026-05-17,US,119467,0,45782,2227,3913,9704,5053,1230,0,2315,8899,2581,5376,6445,3457,2871,8031,1749,3136,1315,1236,1215,1034,874,536,490,0,0,0,0,0,0,0,0,0,0,0,0,0,0,0,0,0,0,0,0,0,0,0,0,0,0,0,0,0,0,0,0,0,0,0,0,0,0,0,0,0,0,0,0,0,0,0,0,0,0,0,0,0,0,0,0,0,0,0,0,0,0,0,0,0,0,0,0,0,0,0,0,0,0,0,0,0,0,0,0,0,0,0,0,0,0,0,0,0,0,0,0,0,0,0,0,0,0,0,0,0
2026-05-18,US,121568,0,46404,2298,4103,9785,5234,1336,0,2356,8988,2550,5473,6590,3694,2830,8070,1755,3202,1376,1219,1306,1055,901,543,499,0,0,0,0,0,0,0,0,0,0,0,0,0,0,0,0,0,0,0,0,0,0,0,0,0,0,0,0,0,0,0,0,0,0,0,0,0,0,0,0,0,0,0,0,0,0,0,0,0,0,0,0,0,0,0,0,0,0,0,0,0,0,0,0,0,0,0,0,0,0,0,0,0,0,0,0,0,0,0,0,0,0,0,0,0,0,0,0,0,0,0,0,0,0,0,0,0,0,0,0,0
2026-05-19,US,122407,0,46541,2347,4253,9763,5363,1430,0,2372,8983,2491,5514,6668,3896,2757,8024,1742,3236,1423,1187,1385,1066,919,545,502,0,0,0,0,0,0,0,0,0,0,0,0,0,0,0,0,0,0,0,0,0,0,0,0,0,0,0,0,0,0,0,0,0,0,0,0,0,0,0,0,0,0,0,0,0,0,0,0,0,0,0,0,0,0,0,0,0,0,0,0,0,0,0,0,0,0,0,0,0,0,0,0,0,0,0,0,0,0,0,0,0,0,0,0,0,0,0,0,0,0,0,0,0,0,0,0,0,0,0,0,0
2026-05-20,US,122054,0,46224,2373,4362,9645,5441,1510,0,2366,8890,2407,5502,6680,4061,2658,7899,1711,3237,1456,1145,1450,1067,928,541,501,0,0,0,0,0,0,0,0,0,0,0,0,0,0,0,0,0,0,0,0,0,0,0,0,0,0,0,0,0,0,0,0,0,0,0,0,0,0,0,0,0,0,0,0,0,0,0,0,0,0,0,0,0,0,0,0,0,0,0,0,0,0,0,0,0,0,0,0,0,0,0,0,0,0,0,0,0,0,0,0,0,0,0,0,0,0,0,0,0,0,0,0,0,0,0,0,0,0,0,0,0
2026-05-21,US,120521,0,45464,2375,4427,9436,5464,1574,0,2337,8712,2301,5436,6628,4183,2534,7699,1665,3208,1475,1091,1500,1057,929,532,495,0,0,0,0,0,0,0,0,0,0,0,0,0,0,0,0,0,0,0,0,0,0,0,0,0,0,0,0,0,0,0,0,0,0,0,0,0,0,0,0,0,0,0,0,0,0,0,0,0,0,0,0,0,0,0,0,0,0,0,0,0,0,0,0,0,0,0,0,0,0,0,0,0,0,0,0,0,0,0,0,0,0,0,0,0,0,0,0,0,0,0,0,0,0,0,0,0,0,0,0,0
2026-05-22,US,118438,0,44501,2365,4467,9186,5459,1628,0,2297,8496,2187,5345,6544,4281,2402,7468,1612,3163,1486,1034,1541,1042,924,521,487,0,0,0,0,0,0,0,0,0,0,0,0,0,0,0,0,0,0,0,0,0,0,0,0,0,0,0,0,0,0,0,0,0,0,0,0,0,0,0,0,0,0,0,0,0,0,0,0,0,0,0,0,0,0,0,0,0,0,0,0,0,0,0,0,0,0,0,0,0,0,0,0,0,0,0,0,0,0,0,0,0,0,0,0,0,0,0,0,0,0,0,0,0,0,0,0,0,0,0,0,0
2026-05-23,US,116417,0,43569,2356,4506,8945,5454,1680,0,2258,8288,2077,5257,6462,4375,2274,7244,1561,3120,1496,979,1580,1028,920,510,479,0,0,0,0,0,0,0,0,0,0,0,0,0,0,0,0,0,0,0,0,0,0,0,0,0,0,0,0,0,0,0,0,0,0,0,0,0,0,0,0,0,0,0,0,0,0,0,0,0,0,0,0,0,0,0,0,0,0,0,0,0,0,0,0,0,0,0,0,0,0,0,0,0,0,0,0,0,0,0,0,0,0,0,0,0,0,0,0,0,0,0,0,0,0,0,0,0,0,0,0,0
2026-05-24,US,112767,0,42036,2312,4476,8582,5368,1705,0,2188,7966,1942,5095,6289,4400,2119,6923,1489,3032,1483,913,1594,999,902,492,464,0,0,0,0,0,0,0,0,0,0,0,0,0,0,0,0,0,0,0,0,0,0,0,0,0,0,0,0,0,0,0,0,0,0,0,0,0,0,0,0,0,0,0,0,0,0,0,0,0,0,0,0,0,0,0,0,0,0,0,0,0,0,0,0,0,0,0,0,0,0,0,0,0,0,0,0,0,0,0,0,0,0,0,0,0,0,0,0,0,0,0,0,0,0,0,0,0,0,0,0,0
2026-05-25,US,110251,0,40934,2289,4485,8311,5331,1742,0,2139,7728,1830,4984,6177,4459,1990,6678,1433,2974,1484,857,1621,980,892,479,454,0,0,0,0,0,0,0,0,0,0,0,0,0,0,0,0,0,0,0,0,0,0,0,0,0,0,0,0,0,0,0,0,0,0,0,0,0,0,0,0,0,0,0,0,0,0,0,0,0,0,0,0,0,0,0,0,0,0,0,0,0,0,0,0,0,0,0,0,0,0,0,0,0,0,0,0,0,0,0,0,0,0,0,0,0,0,0,0,0,0,0,0,0,0,0,0,0,0,0,0,0
2026-05-26,US,108855,0,40255,2289,4535,8126,5345,1794,0,2112,7571,1740,4924,6126,4558,1884,6504,1392,2947,1498,811,1661,971,892,471,448,0,0,0,0,0,0,0,0,0,0,0,0,0,0,0,0,0,0,0,0,0,0,0,0,0,0,0,0,0,0,0,0,0,0,0,0,0,0,0,0,0,0,0,0,0,0,0,0,0,0,0,0,0,0,0,0,0,0,0,0,0,0,0,0,0,0,0,0,0,0,0,0,0,0,0,0,0,0,0,0,0,0,0,0,0,0,0,0,0,0,0,0,0,0,0,0,0,0,0,0,0
2026-05-27,US,107823,0,39714,2296,4597,7971,5375,1850,0,2093,7441,1657,4880,6096,4668,1786,6353,1357,2928,1516,769,1706,965,894,465,444,0,0,0,0,0,0,0,0,0,0,0,0,0,0,0,0,0,0,0,0,0,0,0,0,0,0,0,0,0,0,0,0,0,0,0,0,0,0,0,0,0,0,0,0,0,0,0,0,0,0,0,0,0,0,0,0,0,0,0,0,0,0,0,0,0,0,0,0,0,0,0,0,0,0,0,0,0,0,0,0,0,0,0,0,0,0,0,0,0,0,0,0,0,0,0,0,0,0,0,0,0
2026-05-28,US,107138,0,39304,2309,4673,7843,5421,1911,0,2080,7336,1580,4852,6085,4791,1696,6225,1327,2919,1539,730,1755,962,898,460,442,0,0,0,0,0,0,0,0,0,0,0,0,0,0,0,0,0,0,0,0,0,0,0,0,0,0,0,0,0,0,0,0,0,0,0,0,0,0,0,0,0,0,0,0,0,0,0,0,0,0,0,0,0,0,0,0,0,0,0,0,0,0,0,0,0,0,0,0,0,0,0,0,0,0,0,0,0,0,0,0,0,0,0,0,0,0,0,0,0,0,0,0,0,0,0,0,0,0,0,0,0
2026-05-29,US,107354,0,39225,2342,4787,7782,5512,1988,0,2084,7292,1517,4865,6124,4952,1620,6150,1308,2935,1574,698,1818,967,910,459,443,0,0,0,0,0,0,0,0,0,0,0,0,0,0,0,0,0,0,0,0,0,0,0,0,0,0,0,0,0,0,0,0,0,0,0,0,0,0,0,0,0,0,0,0,0,0,0,0,0,0,0,0,0,0,0,0,0,0,0,0,0,0,0,0,0,0,0,0,0,0,0,0,0,0,0,0,0,0,0,0,0,0,0,0,0,0,0,0,0,0,0,0,0,0,0,0,0,0,0,0,0
2026-05-30,US,106936,0,38916,2361,4872,7675,5570,2053,0,2077,7206,1445,4849,6128,5085,1535,6038,1281,2933,1600,661,1871,967,917,456,441,0,0,0,0,0,0,0,0,0,0,0,0,0,0,0,0,0,0,0,0,0,0,0,0,0,0,0,0,0,0,0,0,0,0,0,0,0,0,0,0,0,0,0,0,0,0,0,0,0,0,0,0,0,0,0,0,0,0,0,0,0,0,0,0,0,0,0,0,0,0,0,0,0,0,0,0,0,0,0,0,0,0,0,0,0,0,0,0,0,0,0,0,0,0,0,0,0,0,0,0,0
2026-05-31,US,108360,0,39275,2420,5043,7699,5725,2153,0,2105,7244,1398,4916,6237,5305,1476,6030,1276,2982,1654,636,1956,983,940,460,448,0,0,0,0,0,0,0,0,0,0,0,0,0,0,0,0,0,0,0,0,0,0,0,0,0,0,0,0,0,0,0,0,0,0,0,0,0,0,0,0,0,0,0,0,0,0,0,0,0,0,0,0,0,0,0,0,0,0,0,0,0,0,0,0,0,0,0,0,0,0,0,0,0,0,0,0,0,0,0,0,0,0,0,0,0,0,0,0,0,0,0,0,0,0,0,0,0,0,0,0,0
2026-06-01,US,110068,0,39734,2487,5229,7741,5897,2261,0,2138,7299,1353,4996,6363,5544,1418,6035,1274,3039,1713,611,2048,1001,965,465,455,0,0,0,0,0,0,0,0,0,0,0,0,0,0,0,0,0,0,0,0,0,0,0,0,0,0,0,0,0,0,0,0,0,0,0,0,0,0,0,0,0,0,0,0,0,0,0,0,0,0,0,0,0,0,0,0,0,0,0,0,0,0,0,0,0,0,0,0,0,0,0,0,0,0,0,0,0,0,0,0,0,0,0,0,0,0,0,0,0,0,0,0,0,0,0,0,0,0,0,0,0
2026-06-02,US,112085,0,40298,2562,5433,7803,6088,2378,0,2178,7373,1309,5091,6508,5803,1362,6055,1275,3104,1778,587,2147,1023,993,472,463,0,0,0,0,0,0,0,0,0,0,0,0,0,0,0,0,0,0,0,0,0,0,0,0,0,0,0,0,0,0,0,0,0,0,0,0,0,0,0,0,0,0,0,0,0,0,0,0,0,0,0,0,0,0,0,0,0,0,0,0,0,0,0,0,0,0,0,0,0,0,0,0,0,0,0,0,0,0,0,0,0,0,0,0,0,0,0,0,0,0,0,0,0,0,0,0,0,0,0,0,0
2026-06-03,US,113835,0,40762,2632,5628,7844,6267,2491,0,2212,7427,1260,5173,6639,6054,1301,6057,1272,3163,1840,560,2244,1042,1020,477,471,0,0,0,0,0,0,0,0,0,0,0,0,0,0,0,0,0,0,0,0,0,0,0,0,0,0,0,0,0,0,0,0,0,0,0,0,0,0,0,0,0,0,0,0,0,0,0,0,0,0,0,0,0,0,0,0,0,0,0,0,0,0,0,0,0,0,0,0,0,0,0,0,0,0,0,0,0,0,0,0,0,0,0,0,0,0,0,0,0,0,0,0,0,0,0,0,0,0,0,0,0
2026-06-04,US,115322,0,41127,2696,5813,7864,6434,2601,0,2242,7462,1206,5244,6755,6295,1234,6043,1265,3215,1898,531,2337,1059,1044,482,477,0,0,0,0,0,0,0,0,0,0,0,0,0,0,0,0,0,0,0,0,0,0,0,0,0,0,0,0,0,0,0,0,0,0,0,0,0,0,0,0,0,0,0,0,0,0,0,0,0,0,0,0,0,0,0,0,0,0,0,0,0,0,0,0,0,0,0,0,0,0,0,0,0,0,0,0,0,0,0,0,0,0,0,0,0,0,0,0,0,0,0,0,0,0,0,0,0,0,0,0,0
2026-06-05,US,116096,0,41234,2744,5964,7834,6563,2696,0,2257,7450,1144,5282,6829,6499,1157,5989,1250,3246,1945,499,2416,1070,1062,483,481,0,0,0,0,0,0,0,0,0,0,0,0,0,0,0,0,0,0,0,0,0,0,0,0,0,0,0,0,0,0,0,0,0,0,0,0,0,0,0,0,0,0,0,0,0,0,0,0,0,0,0,0,0,0,0,0,0,0,0,0,0,0,0,0,0,0,0,0,0,0,0,0,0,0,0,0,0,0,0,0,0,0,0,0,0,0,0,0,0,0,0,0,0,0,0,0,0,0,0,0,0
2026-06-06,US,116628,922,40928,2765,6055,7726,6626,2765,0,2250,7364,1070,5267,6835,6639,1070,5876,1223,3246,1973,461,2472,1070,1070,479,479,0,0,0,0,0,0,0,0,0,0,0,0,0,0,0,0,0,0,0,0,0,0,0,0,0,0,0,0,0,0,0,0,0,0,0,0,0,0,0,0,0,0,0,0,0,0,0,0,0,0,0,0,0,0,0,0,0,0,0,0,0,0,0,0,0,0,0,0,0,0,0,0,0,0,0,0,0,0,0,0,0,0,0,0,0,0,0,0,0,0,0,0,0,0,0,0,0,0,0,0,0
2026-06-07,US,117488,1193,41887,3067,6278,7865,6835,2929,0,2434,7579,1233,5417,7192,6660,1172,5991,1269,3356,2144,478,2512,0,0,0,0,0,0,0,0,0,0,0,0,0,0,0,0,0,0,0,0,0,0,0,0,0,0,0,0,0,0,0,0,0,0,0,0,0,0,0,0,0,0,0,0,0,0,0,0,0,0,0,0,0,0,0,0,0,0,0,0,0,0,0,0,0,0,0,0,0,0,0,0,0,0,0,0,0,0,0,0,0,0,0,0,0,0,0,0,0,0,0,0,0,0,0,0,0,0,0,0,0,0,0,0,0
2026-06-08,US,118309,1441,41709,3294,6333,7789,6861,3017,0,2556,7590,1368,5422,7361,6495,1245,5943,1281,3377,2260,483,2483,0,0,0,0,0,0,0,0,0,0,0,0,0,0,0,0,0,0,0,0,0,0,0,0,0,0,0,0,0,0,0,0,0,0,0,0,0,0,0,0,0,0,0,0,0,0,0,0,0,0,0,0,0,0,0,0,0,0,0,0,0,0,0,0,0,0,0,0,0,0,0,0,0,0,0,0,0,0,0,0,0,0,0,0,0,0,0,0,0,0,0,0,0,0,0,0,0,0,0,0,0,0,0,0,0
2026-06-09,US,119159,1691,41538,3524,6390,7713,6888,3107,0,2681,7603,1505,5427,7533,6330,1319,5896,1294,3398,2379,488,2455,0,0,0,0,0,0,0,0,0,0,0,0,0,0,0,0,0,0,0,0,0,0,0,0,0,0,0,0,0,0,0,0,0,0,0,0,0,0,0,0,0,0,0,0,0,0,0,0,0,0,0,0,0,0,0,0,0,0,0,0,0,0,0,0,0,0,0,0,0,0,0,0,0,0,0,0,0,0,0,0,0,0,0,0,0,0,0,0,0,0,0,0,0,0,0,0,0,0,0,0,0,0,0,0,0
2026-06-10,US,120322,1949,41471,3766,6464,7657,6933,3206,0,2813,7636,1647,5446,7726,6179,1397,5863,1310,3428,2504,494,2432,0,0,0,0,0,0,0,0,0,0,0,0,0,0,0,0,0,0,0,0,0,0,0,0,0,0,0,0,0,0,0,0,0,0,0,0,0,0,0,0,0,0,0,0,0,0,0,0,0,0,0,0,0,0,0,0,0,0,0,0,0,0,0,0,0,0,0,0,0,0,0,0,0,0,0,0,0,0,0,0,0,0,0,0,0,0,0,0,0,0,0,0,0,0,0,0,0,0,0,0,0,0,0,0,0
2026-06-11,US,121771,2215,41494,4020,6554,7616,6994,3313,0,2954,7686,1795,5478,7939,6040,1479,5843,1329,3467,2638,502,2415,0,0,0,0,0,0,0,0,0,0,0,0,0,0,0,0,0,0,0,0,0,0,0,0,0,0,0,0,0,0,0,0,0,0,0,0,0,0,0,0,0,0,0,0,0,0,0,0,0,0,0,0,0,0,0,0,0,0,0,0,0,0,0,0,0,0,0,0,0,0,0,0,0,0,0,0,0,0,0,0,0,0,0,0,0,0,0,0,0,0,0,0,0,0,0,0,0,0,0,0,0,0,0,0,0
2026-06-12,US,124260,2507,41859,4314,6700,7637,7114,3451,0,3123,7800,1962,5555,8224,5946,1576,5870,1360,3535,2796,514,2417,0,0,0,0,0,0,0,0,0,0,0,0,0,0,0,0,0,0,0,0,0,0,0,0,0,0,0,0,0,0,0,0,0,0,0,0,0,0,0,0,0,0,0,0,0,0,0,0,0,0,0,0,0,0,0,0,0,0,0,0,0,0,0,0,0,0,0,0,0,0,0,0,0,0,0,0,0,0,0,0,0,0,0,0,0,0,0,0,0,0,0,0,0,0,0,0,0,0,0,0,0,0,0,0,0
2026-06-13,US,126770,2808,42214,4616,6847,7655,7235,3592,0,3296,7915,2133,5632,8514,5846,1676,5895,1390,3603,2959,525,2417,0,0,0,0,0,0,0,0,0,0,0,0,0,0,0,0,0,0,0,0,0,0,0,0,0,0,0,0,0,0,0,0,0,0,0,0,0,0,0,0,0,0,0,0,0,0,0,0,0,0,0,0,0,0,0,0,0,0,0,0,0,0,0,0,0,0,0,0,0,0,0,0,0,0,0,0,0,0,0,0,0,0,0,0,0,0,0,0,0,0,0,0,0,0,0,0,0,0,0,0,0,0,0,0,0
2026-06-14,US,128639,3102,42342,4902,6961,7630,7318,3716,0,3456,7988,2298,5680,8765,5709,1769,5887,1414,3653,3110,535,2404,0,0,0,0,0,0,0,0,0,0,0,0,0,0,0,0,0,0,0,0,0,0,0,0,0,0,0,0,0,0,0,0,0,0,0,0,0,0,0,0,0,0,0,0,0,0,0,0,0,0,0,0,0,0,0,0,0,0,0,0,0,0,0,0,0,0,0,0,0,0,0,0,0,0,0,0,0,0,0,0,0,0,0,0,0,0,0,0,0,0,0,0,0,0,0,0,0,0,0,0,0,0,0,0,0
2026-06-15,US,131721,3433,42851,5241,7140,7672,7470,3878,0,3653,8135,2489,5780,9102,5619,1881,5932,1452,3738,3294,549,2413,0,0,0,0,0,0,0,0,0,0,0,0,0,0,0,0,0,0,0,0,0,0,0,0,0,0,0,0,0,0,0,0,0,0,0,0,0,0,0,0,0,0,0,0,0,0,0,0,0,0,0,0,0,0,0,0,0,0,0,0,0,0,0,0,0,0,0,0,0,0,0,0,0,0,0,0,0,0,0,0,0,0,0,0,0,0,0,0,0,0,0,0,0,0,0,0,0,0,0,0,0,0,0,0,0
2026-06-16,US,135993,3809,43723,5638,7384,7776,7688,4079,0,3888,8353,2709,5930,9529,5568,2014,6025,1503,3856,3513,569,2440,0,0,0,0,0,0,0,0,0,0,0,0,0,0,0,0,0,0,0,0,0,0,0,0,0,0,0,0,0,0,0,0,0,0,0,0,0,0,0,0,0,0,0,0,0,0,0,0,0,0,0,0,0,0,0,0,0,0,0,0,0,0,0,0,0,0,0,0,0,0,0,0,0,0,0,0,0,0,0,0,0,0,0,0,0,0,0,0,0,0,0,0,0,0,0,0,0,0,0,0,0,0,0,0,0
2026-06-17,US,142062,4254,45135,6126,7727,7973,8006,4339,0,4182,8678,2975,6156,10090,5575,2178,6191,1574,4025,3787,596,2496,0,0,0,0,0,0,0,0,0,0,0,0,0,0,0,0,0,0,0,0,0,0,0,0,0,0,0,0,0,0,0,0,0,0,0,0,0,0,0,0,0,0,0,0,0,0,0,0,0,0,0,0,0,0,0,0,0,0,0,0,0,0,0,0,0,0,0,0,0,0,0,0,0,0,0,0,0,0,0,0,0,0,0,0,0,0,0,0,0,0,0,0,0,0,0,0,0,0,0,0,0,0,0,0,0
2026-06-18,US,149952,4779,47076,6714,8170,8258,8424,4662,0,4542,9110,3293,6458,10794,5630,2377,6427,1665,4245,4119,630,2579,0,0,0,0,0,0,0,0,0,0,0,0,0,0,0,0,0,0,0,0,0,0,0,0,0,0,0,0,0,0,0,0,0,0,0,0,0,0,0,0,0,0,0,0,0,0,0,0,0,0,0,0,0,0,0,0,0,0,0,0,0,0,0,0,0,0,0,0,0,0,0,0,0,0,0,0,0,0,0,0,0,0,0,0,0,0,0,0,0,0,0,0,0,0,0,0,0,0,0,0,0,0,0,0,0
2026-06-19,US,159900,5402,49599,7423,8727,8638,8954,5058,0,4978,9662,3673,6843,11662,5734,2618,6739,1780,4523,4523,674,2691,0,0,0,0,0,0,0,0,0,0,0,0,0,0,0,0,0,0,0,0,0,0,0,0,0,0,0,0,0,0,0,0,0,0,0,0,0,0,0,0,0,0,0,0,0,0,0,0,0,0,0,0,0,0,0,0,0,0,0,0,0,0,0,0,0,0,0,0,0,0,0,0,0,0,0,0,0,0,0,0,0,0,0,0,0,0,0,0,0,0,0,0,0,0,0,0,0,0,0,0,0,0,0,0,0
2026-06-20,US,172051,6140,52725,8269,9406,9116,9604,5536,0,5501,10339,4125,7317,12710,5880,2905,7128,1919,4863,5006,727,2832,0,0,0,0,0,0,0,0,0,0,0,0,0,0,0,0,0,0,0,0,0,0,0,0,0,0,0,0,0,0,0,0,0,0,0,0,0,0,0,0,0,0,0,0,0,0,0,0,0,0,0,0,0,0,0,0,0,0,0,0,0,0,0,0,0,0,0,0,0,0,0,0,0,0,0,0,0,0,0,0,0,0,0,0,0,0,0,0,0,0,0,0,0,0,0,0,0,0,0,0,0,0,0,0,0
2026-06-21,US,185668,6978,56208,9226,10168,9645,10332,6074,0,6092,11096,4638,7847,13891,6035,3230,7560,2076,5244,5552,787,2989,0,0,0,0,0,0,0,0,0,0,0,0,0,0,0,0,0,0,0,0,0,0,0,0,0,0,0,0,0,0,0,0,0,0,0,0,0,0,0,0,0,0,0,0,0,0,0,0,0,0,0,0,0,0,0,0,0,0,0,0,0,0,0,0,0,0,0,0,0,0,0,0,0,0,0,0,0,0,0,0,0,0,0,0,0,0,0,0,0,0,0,0,0,0,0,0,0,0,0,0,0,0,0,0,0
2026-06-22,US,195135,7702,58352,10013,10704,9935,10825,6488,0,6565,11599,5069,8196,14781,6019,3495,7808,2187,5507,5991,830,3070,0,0,0,0,0,0,0,0,0,0,0,0,0,0,0,0,0,0,0,0,0,0,0,0,0,0,0,0,0,0,0,0,0,0,0,0,0,0,0,0,0,0,0,0,0,0,0,0,0,0,0,0,0,0,0,0,0,0,0,0,0,0,0,0,0,0,0,0,0,0,0,0,0,0,0,0,0,0,0,0,0,0,0,0,0,0,0,0,0,0,0,0,0,0,0,0,0,0,0,0,0,0,0,0,0
2026-06-23,US,200556,8293,59235,10615,11020,10005,11091,6775,0,6913,11856,5408,8371,15379,5854,3694,7884,2253,5655,6318,855,3083,0,0,0,0,0,0,0,0,0,0,0,0,0,0,0,0,0,0,0,0,0,0,0,0,0,0,0,0,0,0,0,0,0,0,0,0,0,0,0,0,0,0,0,0,0,0,0,0,0,0,0,0,0,0,0,0,0,0,0,0,0,0,0,0,0,0,0,0,0,0,0,0,0,0,0,0,0,0,0,0,0,0,0,0,0,0,0,0,0,0,0,0,0,0,0,0,0,0,0,0,0,0,0,0,0
2026-06-24,US,202467,8750,59057,11041,11143,9894,11162,6947,0,7146,11903,5659,8397,15713,5576,3832,7817,2280,5705,6538,865,3040,0,0,0,0,0,0,0,0,0,0,0,0,0,0,0,0,0,0,0,0,0,0,0,0,0,0,0,0,0,0,0,0,0,0,0,0,0,0,0,0,0,0,0,0,0,0,0,0,0,0,0,0,0,0,0,0,0,0,0,0,0,0,0,0,0,0,0,0,0,0,0,0,0,0,0,0,0,0,0,0,0,0,0,0,0,0,0,0,0,0,0,0,0,0,0,0,0,0,0,0,0,0,0,0,0
2026-06-25,US,200825,9052,57847,11273,11071,9610,11037,6997,0,7252,11742,5811,8277,15770,5202,3902,7614,2267,5654,6644,861,2943,0,0,0,0,0,0,0,0,0,0,0,0,0,0,0,0,0,0,0,0,0,0,0,0,0,0,0,0,0,0,0,0,0,0,0,0,0,0,0,0,0,0,0,0,0,0,0,0,0,0,0,0,0,0,0,0,0,0,0,0,0,0,0,0,0,0,0,0,0,0,0,0,0,0,0,0,0,0,0,0,0,0,0,0,0,0,0,0,0,0,0,0,0,0,0,0,0,0,0,0,0,0,0,0,0
2026-06-26,US,195276,9163,55540,11272,10783,9147,10699,6906,0,7211,11355,5841,7998,15514,4740,3892,7268,2209,5493,6614,839,2792,0,0,0,0,0,0,0,0,0,0,0,0,0,0,0,0,0,0,0,0,0,0,0,0,0,0,0,0,0,0,0,0,0,0,0,0,0,0,0,0,0,0,0,0,0,0,0,0,0,0,0,0,0,0,0,0,0,0,0,0,0,0,0,0,0,0,0,0,0,0,0,0,0,0,0,0,0,0,0,0,0,0,0,0,0,0,0,0,0,0,0,0,0,0,0,0,0,0,0,0,0,0,0,0,0
2026-06-27,US,187055,9122,52527,11094,10346,8573,10217,6713,0,7059,10818,5777,7613,15031,4237,3821,6833,2121,5258,6482,806,2609,0,0,0,0,0,0,0,0,0,0,0,0,0,0,0,0,0,0,0,0,0,0,0,0,0,0,0,0,0,0,0,0,0,0,0,0,0,0,0,0,0,0,0,0,0,0,0,0,0,0,0,0,0,0,0,0,0,0,0,0,0,0,0,0,0,0,0,0,0,0,0,0,0,0,0,0,0,0,0,0,0,0,0,0,0,0,0,0,0,0,0,0,0,0,0,0,0,0,0,0,0,0,0,0,0
2026-06-28,US,179392,9077,49731,10922,9938,8042,9768,6531,0,6915,10318,5714,7255,14578,3774,3753,6430,2038,5039,6356,775,2439,0,0,0,0,0,0,0,0,0,0,0,0,0,0,0,0,0,0,0,0,0,0,0,0,0,0,0,0,0,0,0,0,0,0,0,0,0,0,0,0,0,0,0,0,0,0,0,0,0,0,0,0,0,0,0,0,0,0,0,0,0,0,0,0,0,0,0,0,0,0,0,0,0,0,0,0,0,0,0,0,0,0,0,0,0,0,0,0,0,0,0,0,0,0,0,0,0,0,0,0,0,0,0,0,0
2026-06-29,US,176881,9272,48402,11046,9814,7754,9601,6531,0,6960,10118,5804,7108,14534,3437,3788,6220,2014,4964,6404,766,2342,0,0,0,0,0,0,0,0,0,0,0,0,0,0,0,0,0,0,0,0,0,0,0,0,0,0,0,0,0,0,0,0,0,0,0,0,0,0,0,0,0,0,0,0,0,0,0,0,0,0,0,0,0,0,0,0,0,0,0,0,0,0,0,0,0,0,0,0,0,0,0,0,0,0,0,0,0,0,0,0,0,0,0,0,0,0,0,0,0,0,0,0,0,0,0,0,0,0,0,0,0,0,0,0,0
2026-06-30,US,179605,9741,48509,11497,9981,7695,9719,6724,0,7211,10217,6065,7172,14920,3203,3935,6193,2050,5037,6641,780,2316,0,0,0,0,0,0,0,0,0,0,0,0,0,0,0,0,0,0,0,0,0,0,0,0,0,0,0,0,0,0,0,0,0,0,0,0,0,0,0,0,0,0,0,0,0,0,0,0,0,0,0,0,0,0,0,0,0,0,0,0,0,0,0,0,0,0,0,0,0,0,0,0,0,0,0,0,0,0,0,0,0,0,0,0,0,0,0,0,0,0,0,0,0,0,0,0,0,0,0,0,0,0,0,0,0
2026-07-01,US,187042,10482,49856,12263,10411,7829,10091,7099,0,7659,10582,6495,7421,15705,3038,4189,6323,2140,5242,7060,814,2347,0,0,0,0,0,0,0,0,0,0,0,0,0,0,0,0,0,0,0,0,0,0,0,0,0,0,0,0,0,0,0,0,0,0,0,0,0,0,0,0,0,0,0,0,0,0,0,0,0,0,0,0,0,0,0,0,0,0,0,0,0,0,0,0,0,0,0,0,0,0,0,0,0,0,0,0,0,0,0,0,0,0,0,0,0,0,0,0,0,0,0,0,0,0,0,0,0,0,0,0,0,0,0,0,0
2026-07-02,US,199215,11522,52398,13369,11106,8143,10714,7662,0,8315,11209,7106,7854,16904,2920,4559,6601,2284,5579,7671,869,2430,0,0,0,0,0,0,0,0,0,0,0,0,0,0,0,0,0,0,0,0,0,0,0,0,0,0,0,0,0,0,0,0,0,0,0,0,0,0,0,0,0,0,0,0,0,0,0,0,0,0,0,0,0,0,0,0,0,0,0,0,0,0,0,0,0,0,0,0,0,0,0,0,0,0,0,0,0,0,0,0,0,0,0,0,0,0,0,0,0,0,0,0,0,0,0,0,0,0,0,0,0,0,0,0,0
2026-07-03,US,215614,12856,55956,14801,12039,8603,11561,8402,0,9169,12065,7895,8447,18487,2821,5038,7000,2477,6033,8466,943,2556,0,0,0,0,0,0,0,0,0,0,0,0,0,0,0,0,0,0,0,0,0,0,0,0,0,0,0,0,0,0,0,0,0,0,0,0,0,0,0,0,0,0,0,0,0,0,0,0,0,0,0,0,0,0,0,0,0,0,0,0,0,0,0,0,0,0,0,0,0,0,0,0,0,0,0,0,0,0,0,0,0,0,0,0,0,0,0,0,0,0,0,0,0,0,0,0,0,0,0,0,0,0,0,0,0
2026-07-04,US,224066,13758,57368,15724,12530,8722,11977,8845,0,9705,12469,8415,8722,19409,2580,5344,7125,2580,6265,8968,983,2580,0,0,0,0,0,0,0,0,0,0,0,0,0,0,0,0,0,0,0,0,0,0,0,0,0,0,0,0,0,0,0,0,0,0,0,0,0,0,0,0,0,0,0,0,0,0,0,0,0,0,0,0,0,0,0,0,0,0,0,0,0,0,0,0,0,0,0,0,0,0,0,0,0,0,0,0,0,0,0,0,0,0,0,0,0,0,0,0,0,0,0,0,0,0,0,0,0,0,0,0,0,0,0,0,0
2026-07-05,US,229711,16100,61516,17249,13659,9659,13052,9735,0,10639,13516,9205,9476,20545,2788,5665,7537,2762,6607,0,0,0,0,0,0,0,0,0,0,0,0,0,0,0,0,0,0,0,0,0,0,0,0,0,0,0,0,0,0,0,0,0,0,0,0,0,0,0,0,0,0,0,0,0,0,0,0,0,0,0,0,0,0,0,0,0,0,0,0,0,0,0,0,0,0,0,0,0,0,0,0,0,0,0,0,0,0,0,0,0,0,0,0,0,0,0,0,0,0,0,0,0,0,0,0,0,0,0,0,0,0,0,0,0,0,0,0
2026-07-06,US,233055,17519,61615,17678,13911,9991,13289,10011,0,10896,13688,9408,9618,20301,2816,5608,7441,2762,6503,0,0,0,0,0,0,0,0,0,0,0,0,0,0,0,0,0,0,0,0,0,0,0,0,0,0,0,0,0,0,0,0,0,0,0,0,0,0,0,0,0,0,0,0,0,0,0,0,0,0,0,0,0,0,0,0,0,0,0,0,0,0,0,0,0,0,0,0,0,0,0,0,0,0,0,0,0,0,0,0,0,0,0,0,0,0,0,0,0,0,0,0,0,0,0,0,0,0,0,0,0,0,0,0,0,0,0,0
2026-07-07,US,233589,18753,60953,17899,13997,10207,13366,10168,0,11024,13695,9499,9645,19800,2808,5479,7252,2728,6316,0,0,0,0,0,0,0,0,0,0,0,0,0,0,0,0,0,0,0,0,0,0,0,0,0,0,0,0,0,0,0,0,0,0,0,0,0,0,0,0,0,0,0,0,0,0,0,0,0,0,0,0,0,0,0,0,0,0,0,0,0,0,0,0,0,0,0,0,0,0,0,0,0,0,0,0,0,0,0,0,0,0,0,0,0,0,0,0,0,0,0,0,0,0,0,0,0,0,0,0,0,0,0,0,0,0,0,0
2026-07-08,US,231264,19756,59545,17899,13911,10297,13280,10201,0,11017,13534,9474,9553,19057,2767,5284,6974,2661,6052,0,0,0,0,0,0,0,0,0,0,0,0,0,0,0,0,0,0,0,0,0,0,0,0,0,0,0,0,0,0,0,0,0,0,0,0,0,0,0,0,0,0,0,0,0,0,0,0,0,0,0,0,0,0,0,0,0,0,0,0,0,0,0,0,0,0,0,0,0,0,0,0,0,0,0,0,0,0,0,0,0,0,0,0,0,0,0,0,0,0,0,0,0,0,0,0,0,0,0,0,0,0,0,0,0,0,0,0
2026-07-09,US,226106,20486,57429,17676,13654,10257,13030,10106,0,10873,13208,9331,9344,18095,2692,5027,6616,2562,5719,0,0,0,0,0,0,0,0,0,0,0,0,0,0,0,0,0,0,0,0,0,0,0,0,0,0,0,0,0,0,0,0,0,0,0,0,0,0,0,0,0,0,0,0,0,0,0,0,0,0,0,0,0,0,0,0,0,0,0,0,0,0,0,0,0,0,0,0,0,0,0,0,0,0,0,0,0,0,0,0,0,0,0,0,0,0,0,0,0,0,0,0,0,0,0,0,0,0,0,0,0,0,0,0,0,0,0,0
2026-07-10,US,218051,20893,54619,17217,13219,10075,12611,9874,0,10584,12714,9065,9016,16929,2583,4714,6184,2432,5323,0,0,0,0,0,0,0,0,0,0,0,0,0,0,0,0,0,0,0,0,0,0,0,0,0,0,0,0,0,0,0,0,0,0,0,0,0,0,0,0,0,0,0,0,0,0,0,0,0,0,0,0,0,0,0,0,0,0,0,0,0,0,0,0,0,0,0,0,0,0,0,0,0,0,0,0,0,0,0,0,0,0,0,0,0,0,0,0,0,0,0,0,0,0,0,0,0,0,0,0,0,0,0,0,0,0,0,0
2026-07-11,US,212158,21441,52394,16919,12912,9983,12314,9733,0,10394,12347,8885,8776,15961,2501,4454,5824,2329,4991,0,0,0,0,0,0,0,0,0,0,0,0,0,0,0,0,0,0,0,0,0,0,0,0,0,0,0,0,0,0,0,0,0,0,0,0,0,0,0,0,0,0,0,0,0,0,0,0,0,0,0,0,0,0,0,0,0,0,0,0,0,0,0,0,0,0,0,0,0,0,0,0,0,0,0,0,0,0,0,0,0,0,0,0,0,0,0,0,0,0,0,0,0,0,0,0,0,0,0,0,0,0,0,0,0,0,0,0
2026-07-12,US,208212,22141,50680,16770,12721,9975,12128,9676,0,10296,12095,8784,8617,15160,2442,4241,5526,2248,4712,0,0,0,0,0,0,0,0,0,0,0,0,0,0,0,0,0,0,0,0,0,0,0,0,0,0,0,0,0,0,0,0,0,0,0,0,0,0,0,0,0,0,0,0,0,0,0,0,0,0,0,0,0,0,0,0,0,0,0,0,0,0,0,0,0,0,0,0,0,0,0,0,0,0,0,0,0,0,0,0,0,0,0,0,0,0,0,0,0,0,0,0,0,0,0,0,0,0,0,0,0,0,0,0,0,0,0,0
2026-07-13,US,204021,22779,48931,16595,12514,9949,11927,9603,0,10182,11829,8670,8448,14358,2381,4028,5227,2166,4434,0,0,0,0,0,0,0,0,0,0,0,0,0,0,0,0,0,0,0,0,0,0,0,0,0,0,0,0,0,0,0,0,0,0,0,0,0,0,0,0,0,0,0,0,0,0,0,0,0,0,0,0,0,0,0,0,0,0,0,0,0,0,0,0,0,0,0,0,0,0,0,0,0,0,0,0,0,0,0,0,0,0,0,0,0,0,0,0,0,0,0,0,0,0,0,0,0,0,0,0,0,0,0,0,0,0,0,0
2026-07-14,US,199668,23361,47168,16402,12295,9910,11715,9519,0,10057,11555,8547,8272,13562,2318,3815,4931,2084,4158,0,0,0,0,0,0,0,0,0,0,0,0,0,0,0,0,0,0,0,0,0,0,0,0,0,0,0,0,0,0,0,0,0,0,0,0,0,0,0,0,0,0,0,0,0,0,0,0,0,0,0,0,0,0,0,0,0,0,0,0,0,0,0,0,0,0,0,0,0,0,0,0,0,0,0,0,0,0,0,0,0,0,0,0,0,0,0,0,0,0,0,0,0,0,0,0,0,0,0,0,0,0,0,0,0,0,0,0
2026-07-15,US,195821,23964,45550,16244,12106,9889,11531,9454,0,9954,11310,8444,8116,12818,2261,3617,4654,2008,3900,0,0,0,0,0,0,0,0,0,0,0,0,0,0,0,0,0,0,0,0,0,0,0,0,0,0,0,0,0,0,0,0,0,0,0,0,0,0,0,0,0,0,0,0,0,0,0,0,0,0,0,0,0,0,0,0,0,0,0,0,0,0,0,0,0,0,0,0,0,0,0,0,0,0,0,0,0,0,0,0,0,0,0,0,0,0,0,0,0,0,0,0,0,0,0,0,0,0,0,0,0,0,0,0,0,0,0,0
2026-07-16,US,192483,24598,44072,16124,11946,9889,11375,9410,0,9875,11096,8361,7982,12121,2211,3432,4394,1939,3657,0,0,0,0,0,0,0,0,0,0,0,0,0,0,0,0,0,0,0,0,0,0,0,0,0,0,0,0,0,0,0,0,0,0,0,0,0,0,0,0,0,0,0,0,0,0,0,0,0,0,0,0,0,0,0,0,0,0,0,0,0,0,0,0,0,0,0,0,0,0,0,0,0,0,0,0,0,0,0,0,0,0,0,0,0,0,0,0,0,0,0,0,0,0,0,0,0,0,0,0,0,0,0,0,0,0,0,0
2026-07-17,US,191701,25543,43190,16216,11945,10018,11370,9490,0,9925,11029,8388,7953,11592,2190,3294,4196,1895,3466,0,0,0,0,0,0,0,0,0,0,0,0,0,0,0,0,0,0,0,0,0,0,0,0,0,0,0,0,0,0,0,0,0,0,0,0,0,0,0,0,0,0,0,0,0,0,0,0,0,0,0,0,0,0,0,0,0,0,0,0,0,0,0,0,0,0,0,0,0,0,0,0,0,0,0,0,0,0,0,0,0,0,0,0,0,0,0,0,0,0,0,0,0,0,0,0,0,0,0,0,0,0,0,0,0,0,0,0
2026-07-18,US,198886,27592,44074,16988,12442,10570,11840,9969,0,10392,11420,8766,8255,11526,2260,3288,4164,1930,3411,0,0,0,0,0,0,0,0,0,0,0,0,0,0,0,0,0,0,0,0,0,0,0,0,0,0,0,0,0,0,0,0,0,0,0,0,0,0,0,0,0,0,0,0,0,0,0,0,0,0,0,0,0,0,0,0,0,0,0,0,0,0,0,0,0,0,0,0,0,0,0,0,0,0,0,0,0,0,0,0,0,0,0,0,0,0,0,0,0,0,0,0,0,0,0,0,0,0,0,0,0,0,0,0,0,0,0,0
2026-07-19,US,204323,29475,44520,17622,12833,11041,12208,10369,0,10773,11709,9071,8485,11324,2309,3245,4083,1944,3313,0,0,0,0,0,0,0,0,0,0,0,0,0,0,0,0,0,0,0,0,0,0,0,0,0,0,0,0,0,0,0,0,0,0,0,0,0,0,0,0,0,0,0,0,0,0,0,0,0,0,0,0,0,0,0,0,0,0,0,0,0,0,0,0,0,0,0,0,0,0,0,0,0,0,0,0,0,0,0,0,0,0,0,0,0,0,0,0,0,0,0,0,0,0,0,0,0,0,0,0,0,0,0,0,0,0,0,0
2026-07-20,US,208808,31283,44716,18183,13167,11471,12521,10727,0,11110,11942,9338,8676,11040,2347,3178,3972,1948,3190,0,0,0,0,0,0,0,0,0,0,0,0,0,0,0,0,0,0,0,0,0,0,0,0,0,0,0,0,0,0,0,0,0,0,0,0,0,0,0,0,0,0,0,0,0,0,0,0,0,0,0,0,0,0,0,0,0,0,0,0,0,0,0,0,0,0,0,0,0,0,0,0,0,0,0,0,0,0,0,0,0,0,0,0,0,0,0,0,0,0,0,0,0,0,0,0,0,0,0,0,0,0,0,0,0,0,0,0
2026-07-21,US,212843,33079,44778,18714,13475,11885,12811,11069,0,11428,12148,9588,8848,10707,2379,3099,3843,1945,3050,0,0,0,0,0,0,0,0,0,0,0,0,0,0,0,0,0,0,0,0,0,0,0,0,0,0,0,0,0,0,0,0,0,0,0,0,0,0,0,0,0,0,0,0,0,0,0,0,0,0,0,0,0,0,0,0,0,0,0,0,0,0,0,0,0,0,0,0,0,0,0,0,0,0,0,0,0,0,0,0,0,0,0,0,0,0,0,0,0,0,0,0,0,0,0,0,0,0,0,0,0,0,0,0,0,0,0,0
2026-07-22,US,216760,34908,44781,19242,13778,12301,13094,11410,0,11744,12346,9835,9015,10344,2409,3011,3702,1939,2899,0,0,0,0,0,0,0,0,0,0,0,0,0,0,0,0,0,0,0,0,0,0,0,0,0,0,0,0,0,0,0,0,0,0,0,0,0,0,0,0,0,0,0,0,0,0,0,0,0,0,0,0,0,0,0,0,0,0,0,0,0,0,0,0,0,0,0,0,0,0,0,0,0,0,0,0,0,0,0,0,0,0,0,0,0,0,0,0,0,0,0,0,0,0,0,0,0,0,0,0,0,0,0,0,0,0,0,0
2026-07-23,US,220507,36763,44713,19762,14073,12716,13370,11748,0,12055,12534,10078,9176,9949,2436,2915,3550,1931,2738,0,0,0,0,0,0,0,0,0,0,0,0,0,0,0,0,0,0,0,0,0,0,0,0,0,0,0,0,0,0,0,0,0,0,0,0,0,0,0,0,0,0,0,0,0,0,0,0,0,0,0,0,0,0,0,0,0,0,0,0,0,0,0,0,0,0,0,0,0,0,0,0,0,0,0,0,0,0,0,0,0,0,0,0,0,0,0,0,0,0,0,0,0,0,0,0,0,0,0,0,0,0,0,0,0,0,0,0
2026-07-24,US,221695,38226,44102,20059,14206,12989,13492,11954,0,12229,12575,10206,9230,9422,2435,2781,3350,1898,2538,0,0,0,0,0,0,0,0,0,0,0,0,0,0,0,0,0,0,0,0,0,0,0,0,0,0,0,0,0,0,0,0,0,0,0,0,0,0,0,0,0,0,0,0,0,0,0,0,0,0,0,0,0,0,0,0,0,0,0,0,0,0,0,0,0,0,0,0,0,0,0,0,0,0,0,0,0,0,0,0,0,0,0,0,0,0,0,0,0,0,0,0,0,0,0,0,0,0,0,0,0,0,0,0,0,0,0,0
2026-07-25,US,226899,40428,44260,20726,14598,13505,13860,12382,0,12629,12843,10522,9452,9045,2478,2692,3203,1899,2377,0,0,0,0,0,0,0,0,0,0,0,0,0,0,0,0,0,0,0,0,0,0,0,0,0,0,0,0,0,0,0,0,0,0,0,0,0,0,0,0,0,0,0,0,0,0,0,0,0,0,0,0,0,0,0,0,0,0,0,0,0,0,0,0,0,0,0,0,0,0,0,0,0,0,0,0,0,0,0,0,0,0,0,0,0,0,0,0,0,0,0,0,0,0,0,0,0,0,0,0,0,0,0,0,0,0,0,0
2026-07-26,US,235329,43291,44988,21701,15202,14227,14429,12996,0,13216,13292,10992,9808,8757,2554,2631,3087,1923,2235,0,0,0,0,0,0,0,0,0,0,0,0,0,0,0,0,0,0,0,0,0,0,0,0,0,0,0,0,0,0,0,0,0,0,0,0,0,0,0,0,0,0,0,0,0,0,0,0,0,0,0,0,0,0,0,0,0,0,0,0,0,0,0,0,0,0,0,0,0,0,0,0,0,0,0,0,0,0,0,0,0,0,0,0,0,0,0,0,0,0,0,0,0,0,0,0,0,0,0,0,0,0,0,0,0,0,0,0
2026-07-27,US,246703,46821,46195,22966,16001,15147,15183,13786,0,13979,13905,11607,10288,8521,2661,2588,2987,1967,2100,0,0,0,0,0,0,0,0,0,0,0,0,0,0,0,0,0,0,0,0,0,0,0,0,0,0,0,0,0,0,0,0,0,0,0,0,0,0,0,0,0,0,0,0,0,0,0,0,0,0,0,0,0,0,0,0,0,0,0,0,0,0,0,0,0,0,0,0,0,0,0,0,0,0,0,0,0,0,0,0,0,0,0,0,0,0,0,0,0,0,0,0,0,0,0,0,0,0,0,0,0,0,0,0,0,0,0,0
2026-07-28,US,260871,51040,47819,24515,16989,16264,16116,14750,0,14914,14672,12363,10884,8309,2797,2555,2894,2029,1962,0,0,0,0,0,0,0,0,0,0,0,0,0,0,0,0,0,0,0,0,0,0,0,0,0,0,0,0,0,0,0,0,0,0,0,0,0,0,0,0,0,0,0,0,0,0,0,0,0,0,0,0,0,0,0,0,0,0,0,0,0,0,0,0,0,0,0,0,0,0,0,0,0,0,0,0,0,0,0,0,0,0,0,0,0,0,0,0,0,0,0,0,0,0,0,0,0,0,0,0,0,0,0,0,0,0,0,0
2026-07-29,US,275701,55569,49442,26153,18029,17452,17096,15772,0,15903,15472,13160,11509,8034,2938,2508,2777,2089,1798,0,0,0,0,0,0,0,0,0,0,0,0,0,0,0,0,0,0,0,0,0,0,0,0,0,0,0,0,0,0,0,0,0,0,0,0,0,0,0,0,0,0,0,0,0,0,0,0,0,0,0,0,0,0,0,0,0,0,0,0,0,0,0,0,0,0,0,0,0,0,0,0,0,0,0,0,0,0,0,0,0,0,0,0,0,0,0,0,0,0,0,0,0,0,0,0,0,0,0,0,0,0,0,0,0,0,0,0
2026-07-30,US,291205,60425,51057,27884,19121,18713,18126,16855,0,16947,16307,14001,12163,7692,3083,2444,2634,2148,1606,0,0,0,0,0,0,0,0,0,0,0,0,0,0,0,0,0,0,0,0,0,0,0,0,0,0,0,0,0,0,0,0,0,0,0,0,0,0,0,0,0,0,0,0,0,0,0,0,0,0,0,0,0,0,0,0,0,0,0,0,0,0,0,0,0,0,0,0,0,0,0,0,0,0,0,0,0,0,0,0,0,0,0,0,0,0,0,0,0,0,0,0,0,0,0,0,0,0,0,0,0,0,0,0,0,0,0,0
2026-07-31,US,304474,65001,52157,29429,20074,19860,19024,17828,0,17876,17012,14745,12724,7207,3203,2339,2439,2184,1371,0,0,0,0,0,0,0,0,0,0,0,0,0,0,0,0,0,0,0,0,0,0,0,0,0,0,0,0,0,0,0,0,0,0,0,0,0,0,0,0,0,0,0,0,0,0,0,0,0,0,0,0,0,0,0,0,0,0,0,0,0,0,0,0,0,0,0,0,0,0,0,0,0,0,0,0,0,0,0,0,0,0,0,0,0,0,0,0,0,0,0,0,0,0,0,0,0,0,0,0,0,0,0,0,0,0,0,0
2026-08-01,US,320073,66331,50538,29480,20005,20005,18952,17899,17899,17899,16846,14740,12634,6317,3159,2106,2106,2106,1053,0,0,0,0,0,0,0,0,0,0,0,0,0,0,0,0,0,0,0,0,0,0,0,0,0,0,0,0,0,0,0,0,0,0,0,0,0,0,0,0,0,0,0,0,0,0,0,0,0,0,0,0,0,0,0,0,0,0,0,0,0,0,0,0,0,0,0,0,0,0,0,0,0,0,0,0,0,0,0,0,0,0,0,0,0,0,0,0,0,0,0,0,0,0,0,0,0,0,0,0,0,0,0,0,0,0,0,0
